time,Rising Sun Aluminum,Fjordlight Aluminum,RhineMetal Aluminum
01/01/2017,1603.57,1843.36,1735.83
02/01/2017,1602.561784,1854.8357,1729.828616
03/01/2017,1600.953156,1850.962646,1729.632717
04/01/2017,1601.200498,1853.318032,1729.063543
05/01/2017,1603.429495,1854.761617,1729.196909
06/01/2017,1603.00939,1853.195349,1732.026231
07/01/2017,1604.983798,1855.38105,1730.024285
08/01/2017,1605.244428,1855.174483,1729.251962
09/01/2017,1605.11151,1857.015928,1727.101928
10/01/2017,1608.632579,1859.469582,1728.208678
11/01/2017,1607.564188,1864.091098,1728.582656
12/01/2017,1605.829551,1861.155577,1731.357956
13/01/2017,1609.337445,1861.505074,1731.687239
14/01/2017,1610.280932,1863.007009,1733.998574
15/01/2017,1614.43703,1863.63622,1735.362819
16/01/2017,1614.540833,1863.487098,1744.771743
17/01/2017,1615.451976,1862.183645,1744.790006
18/01/2017,1613.18015,1863.100065,1746.405847
19/01/2017,1613.282441,1862.770935,1744.041211
20/01/2017,1618.066398,1862.255541,1747.488524
21/01/2017,1620.834713,1864.237224,1748.257983
22/01/2017,1623.387784,1865.194516,1748.239701
23/01/2017,1620.975566,1868.330405,1752.964631
24/01/2017,1619.584069,1866.870735,1751.983047
25/01/2017,1620.818908,1867.726793,1751.876862
26/01/2017,1629.510944,1868.246849,1754.190225
27/01/2017,1628.773012,1873.647687,1759.715811
28/01/2017,1630.479203,1874.148351,1758.850606
29/01/2017,1632.188407,1874.59612,1761.0225
30/01/2017,1636.905606,1876.332004,1763.532103
31/01/2017,1637.883564,1881.280906,1769.717551
01/02/2017,1636.675499,1886.433432,1773.554318
02/02/2017,1639.144368,1886.033389,1773.40832
03/02/2017,1640.128012,1891.079276,1775.657975
04/02/2017,1640.776473,1893.529072,1772.735355
05/02/2017,1642.9599,1894.674675,1771.122417
06/02/2017,1643.256618,1898.182028,1770.733081
07/02/2017,1644.934728,1900.458575,1768.556176
08/02/2017,1642.61809,1903.047709,1770.964752
09/02/2017,1646.648956,1900.990019,1770.144708
10/02/2017,1648.399235,1905.048999,1773.281857
11/02/2017,1650.506399,1907.923755,1776.255033
12/02/2017,1652.998853,1911.318584,1776.887093
13/02/2017,1655.793711,1911.074247,1779.931017
14/02/2017,1657.303332,1909.357703,1781.77556
15/02/2017,1660.30144,1910.476438,1781.273772
16/02/2017,1660.636422,1910.842982,1785.170194
17/02/2017,1657.79426,1909.396865,1784.625952
18/02/2017,1662.59386,1906.195076,1785.622247
19/02/2017,1660.706839,1906.473016,1788.910989
20/02/2017,1661.557571,1908.270755,1789.211252
21/02/2017,1666.591723,1910.017371,1791.283743
22/02/2017,1670.500001,1917.285454,1792.313512
23/02/2017,1672.746965,1920.724666,1793.545147
24/02/2017,1672.685279,1924.967765,1797.486798
25/02/2017,1675.432895,1924.087245,1798.094811
26/02/2017,1676.228655,1924.433131,1800.580698
27/02/2017,1675.880737,1927.252797,1800.601464
28/02/2017,1675.856207,1929.009025,1799.176476
01/03/2017,1674.784335,1929.47241,1799.915568
02/03/2017,1674.943739,1930.967128,1798.401805
03/03/2017,1675.222222,1929.8875,1802.309192
04/03/2017,1674.38856,1927.201163,1802.059092
05/03/2017,1673.432048,1926.099487,1801.151806
06/03/2017,1676.38321,1925.16001,1802.122327
07/03/2017,1679.249781,1926.2119,1804.885282
08/03/2017,1679.8953,1926.610248,1806.688065
09/03/2017,1679.992592,1927.513219,1803.370408
10/03/2017,1684.662021,1926.128985,1801.608287
11/03/2017,1681.076493,1931.52148,1804.247419
12/03/2017,1682.626045,1929.138268,1800.73918
13/03/2017,1682.25008,1928.108054,1804.614884
14/03/2017,1682.281447,1925.592938,1806.526494
15/03/2017,1687.184453,1926.125378,1809.480855
16/03/2017,1684.38289,1929.661131,1812.165802
17/03/2017,1689.652052,1926.213783,1808.667139
18/03/2017,1690.51002,1927.092222,1813.816475
19/03/2017,1690.408089,1926.24265,1814.565254
20/03/2017,1695.646382,1928.039665,1813.269599
21/03/2017,1691.964174,1931.840609,1813.348343
22/03/2017,1693.799457,1932.20225,1815.444057
23/03/2017,1698.023605,1935.227145,1819.086694
24/03/2017,1701.171027,1940.637254,1820.343386
25/03/2017,1703.217657,1940.556933,1824.268408
26/03/2017,1708.933478,1940.77252,1825.955056
27/03/2017,1708.434558,1944.185978,1827.782162
28/03/2017,1708.512977,1944.341813,1829.314516
29/03/2017,1709.584439,1942.267677,1829.425565
30/03/2017,1706.547874,1939.668772,1832.999729
31/03/2017,1707.255979,1940.176723,1834.580357
01/04/2017,1708.951657,1939.084325,1835.864545
02/04/2017,1712.081605,1937.397512,1841.982162
03/04/2017,1714.547033,1940.125081,1842.110626
04/04/2017,1716.101596,1942.974565,1847.672371
05/04/2017,1717.199581,1944.072609,1847.831347
06/04/2017,1719.777393,1944.669807,1846.674027
07/04/2017,1719.097672,1946.222894,1846.904069
08/04/2017,1721.428167,1946.640943,1845.277956
09/04/2017,1722.337414,1947.067491,1847.564831
10/04/2017,1723.223343,1950.994814,1847.922336
11/04/2017,1725.587516,1951.514768,1850.57976
12/04/2017,1729.591339,1953.006481,1850.434336
13/04/2017,1732.190134,1950.570464,1850.260524
14/04/2017,1734.409099,1954.186742,1850.43006
15/04/2017,1739.919717,1959.003361,1854.387143
16/04/2017,1744.29486,1959.598617,1855.614467
17/04/2017,1747.477039,1966.18566,1860.025541
18/04/2017,1750.272316,1965.754291,1861.384195
19/04/2017,1754.69357,1969.954977,1858.398676
20/04/2017,1758.447364,1975.052265,1860.81126
21/04/2017,1763.315534,1979.470786,1863.919427
22/04/2017,1764.694576,1986.727259,1865.576529
23/04/2017,1762.833312,1983.197853,1867.724309
24/04/2017,1762.220982,1984.454558,1863.425701
25/04/2017,1758.287413,1985.080507,1861.50902
26/04/2017,1756.048506,1977.557395,1856.931186
27/04/2017,1761.224343,1974.558516,1853.360272
28/04/2017,1764.854894,1978.017606,1860.212921
29/04/2017,1763.684182,1982.744245,1863.796627
30/04/2017,1765.318233,1978.947475,1863.292187
01/05/2017,1768.625042,1981.795811,1862.017509
02/05/2017,1771.565158,1984.327246,1864.247614
03/05/2017,1771.46786,1985.350083,1867.195078
04/05/2017,1776.047575,1987.475384,1868.879054
05/05/2017,1779.767231,1991.08447,1869.0394
06/05/2017,1780.249618,1998.351849,1872.062448
07/05/2017,1782.600664,2000.684297,1871.136876
08/05/2017,1782.368266,1998.580375,1872.417746
09/05/2017,1781.879495,1999.709884,1875.959888
10/05/2017,1780.178389,2000.589093,1878.979054
11/05/2017,1775.163599,2001.669325,1879.662802
12/05/2017,1774.644848,1995.346098,1875.951592
13/05/2017,1773.919907,1994.570781,1872.672989
14/05/2017,1780.814707,1992.51588,1870.911759
15/05/2017,1785.839266,1998.563675,1876.184512
16/05/2017,1787.371295,2000.52992,1880.124123
17/05/2017,1790.327817,1999.248312,1877.141955
18/05/2017,1795.369654,2001.756039,1880.276906
19/05/2017,1798.637155,2006.531035,1884.88034
20/05/2017,1799.827978,2009.663377,1889.397491
21/05/2017,1805.918988,2011.730312,1894.006325
22/05/2017,1806.951463,2020.227261,1895.621931
23/05/2017,1805.953324,2018.573104,1895.107203
24/05/2017,1803.398775,2019.027663,1897.097831
25/05/2017,1806.214254,2015.380549,1895.194939
26/05/2017,1805.919416,2017.138108,1899.788891
27/05/2017,1807.137355,2015.571569,1901.785505
28/05/2017,1809.008619,2014.6343,1900.399745
29/05/2017,1808.325301,2015.904966,1903.572561
30/05/2017,1806.534184,2016.065298,1905.021459
31/05/2017,1809.095758,2012.150918,1905.729055
01/06/2017,1810.471873,2017.269777,1907.102826
02/06/2017,1810.47461,2021.477547,1913.359648
03/06/2017,1807.473957,2023.606152,1912.76125
04/06/2017,1810.119465,2022.201015,1911.948819
05/06/2017,1811.296473,2018.450766,1912.037053
06/06/2017,1811.949389,2021.35217,1914.936234
07/06/2017,1812.88758,2021.291897,1914.010315
08/06/2017,1808.2807,2021.449537,1918.177432
09/06/2017,1810.034426,2018.801873,1917.060511
10/06/2017,1808.175393,2017.560638,1922.061216
11/06/2017,1809.585578,2013.904378,1922.411238
12/06/2017,1810.33372,2016.676701,1925.225066
13/06/2017,1813.340364,2015.497926,1932.615126
14/06/2017,1812.683983,2018.329535,1937.192484
15/06/2017,1815.114088,2020.755548,1938.605733
16/06/2017,1820.2334,2027.05816,1938.603394
17/06/2017,1818.844863,2032.583378,1941.828903
18/06/2017,1820.731986,2031.083325,1935.502686
19/06/2017,1821.089828,2031.944526,1937.593777
20/06/2017,1826.257142,2029.331918,1936.394217
21/06/2017,1830.850854,2034.757126,1936.913015
22/06/2017,1828.664055,2037.997675,1939.001672
23/06/2017,1826.40155,2035.344841,1936.955431
24/06/2017,1828.692283,2031.404942,1935.45277
25/06/2017,1830.522922,2034.662092,1933.955796
26/06/2017,1829.245376,2035.103711,1936.944699
27/06/2017,1829.518732,2034.931632,1939.64583
28/06/2017,1832.020057,2037.358277,1941.391223
29/06/2017,1830.164969,2034.186075,1940.565425
30/06/2017,1831.374632,2033.337319,1941.206004
01/07/2017,1832.194209,2036.305081,1941.601447
02/07/2017,1829.917967,2037.911796,1942.463741
03/07/2017,1833.843166,2033.786404,1941.243528
04/07/2017,1831.662996,2034.084894,1940.374626
05/07/2017,1833.156659,2031.735082,1940.635745
06/07/2017,1831.025406,2032.761638,1944.506597
07/07/2017,1829.104152,2034.840382,1940.018729
08/07/2017,1828.018194,2034.398162,1936.193071
09/07/2017,1826.336515,2030.049603,1936.631013
10/07/2017,1826.725836,2028.408759,1935.067249
11/07/2017,1827.440468,2026.443292,1930.193361
12/07/2017,1827.053412,2026.974788,1932.45978
13/07/2017,1828.313638,2029.756552,1932.69456
14/07/2017,1831.60223,2028.892758,1933.838124
15/07/2017,1828.302507,2029.305748,1935.488437
16/07/2017,1828.63095,2026.806369,1935.177228
17/07/2017,1827.998795,2023.177246,1938.272163
18/07/2017,1830.000204,2021.424792,1938.452103
19/07/2017,1830.635633,2025.019888,1938.336771
20/07/2017,1832.589423,2025.471776,1939.56607
21/07/2017,1832.232585,2026.650265,1941.300443
22/07/2017,1830.631413,2028.752889,1938.873587
23/07/2017,1836.649083,2028.566979,1934.821161
24/07/2017,1835.721801,2034.097262,1935.237997
25/07/2017,1833.448356,2029.23164,1932.268646
26/07/2017,1830.376763,2027.543682,1930.897611
27/07/2017,1827.248371,2026.5139,1931.462579
28/07/2017,1826.256334,2028.434389,1925.47005
29/07/2017,1824.539173,2027.250056,1921.620202
30/07/2017,1823.503693,2024.551414,1921.246284
31/07/2017,1821.260452,2019.231808,1921.316703
01/08/2017,1821.51088,2019.603198,1921.080841
02/08/2017,1818.858781,2019.382118,1919.660439
03/08/2017,1820.654695,2013.751294,1919.05455
04/08/2017,1819.140286,2013.07228,1922.261533
05/08/2017,1818.441836,2014.291658,1919.998878
06/08/2017,1817.210549,2011.706126,1919.745641
07/08/2017,1816.739431,2007.770109,1921.500237
08/08/2017,1814.10742,2009.256569,1920.944759
09/08/2017,1813.639636,2009.17266,1918.239147
10/08/2017,1809.539958,2008.537896,1916.674562
11/08/2017,1808.205583,2002.294689,1914.050327
12/08/2017,1803.744567,2003.726824,1912.915168
13/08/2017,1804.837486,1999.552726,1908.362936
14/08/2017,1802.1683,1997.731315,1909.886562
15/08/2017,1799.744319,1997.410716,1909.237607
16/08/2017,1799.885309,1992.772336,1905.652563
17/08/2017,1791.592776,1990.714427,1906.748893
18/08/2017,1796.025444,1986.335339,1900.342255
19/08/2017,1793.613379,1986.708378,1900.037675
20/08/2017,1792.717207,1982.408227,1898.959596
21/08/2017,1792.85774,1983.595508,1897.653556
22/08/2017,1790.838676,1984.460898,1892.430112
23/08/2017,1788.407896,1984.432349,1890.776026
24/08/2017,1785.630847,1984.04023,1885.853437
25/08/2017,1786.775922,1979.960847,1881.742375
26/08/2017,1784.026443,1982.078039,1881.708855
27/08/2017,1780.475502,1975.757766,1879.483001
28/08/2017,1782.968455,1969.132314,1880.180661
29/08/2017,1781.410537,1970.186745,1885.370053
30/08/2017,1779.640317,1966.125246,1886.13899
31/08/2017,1777.599337,1965.956156,1882.346543
01/09/2017,1779.917429,1964.270768,1879.1025
02/09/2017,1776.343456,1966.340534,1880.286335
03/09/2017,1775.777756,1969.619019,1878.46868
04/09/2017,1774.941527,1969.334875,1880.855165
05/09/2017,1772.104208,1969.322131,1881.199243
06/09/2017,1775.602111,1964.676925,1879.492594
07/09/2017,1769.526305,1969.043195,1879.661121
08/09/2017,1768.163596,1964.831113,1874.365703
09/09/2017,1766.319239,1964.132544,1872.001231
10/09/2017,1762.800784,1962.061926,1869.76102
11/09/2017,1763.597104,1959.137728,1866.190772
12/09/2017,1766.152449,1957.706158,1864.548257
13/09/2017,1763.877009,1957.245115,1865.945863
14/09/2017,1756.278243,1959.671734,1863.458055
15/09/2017,1756.086673,1956.851674,1860.633689
16/09/2017,1754.660143,1957.047495,1858.75031
17/09/2017,1755.095024,1956.739274,1855.677618
18/09/2017,1754.064024,1951.818441,1856.098515
19/09/2017,1754.312121,1951.093951,1857.92197
20/09/2017,1752.43362,1954.625323,1859.530085
21/09/2017,1752.268226,1950.089634,1856.794321
22/09/2017,1756.062837,1951.870969,1858.134895
23/09/2017,1755.67314,1952.634861,1860.636496
24/09/2017,1757.827045,1949.781274,1859.914056
25/09/2017,1755.767935,1951.922913,1861.331961
26/09/2017,1758.242298,1947.746919,1859.852542
27/09/2017,1755.999673,1946.01495,1859.95985
28/09/2017,1755.796946,1945.325398,1860.190989
29/09/2017,1760.517608,1943.511991,1862.201937
30/09/2017,1757.637136,1949.298728,1866.410431
01/10/2017,1754.258705,1952.839446,1864.795532
02/10/2017,1753.695851,1950.078659,1862.476445
03/10/2017,1750.851472,1954.394071,1862.895931
04/10/2017,1750.373236,1951.692294,1861.06335
05/10/2017,1747.671046,1948.40935,1863.088573
06/10/2017,1748.03345,1944.412289,1864.427176
07/10/2017,1746.690313,1944.928462,1862.631867
08/10/2017,1739.59034,1943.339816,1859.728985
09/10/2017,1741.335895,1935.816303,1857.656787
10/10/2017,1739.505225,1937.363259,1857.820636
11/10/2017,1740.506934,1932.258844,1855.135317
12/10/2017,1742.697694,1929.453426,1856.845744
13/10/2017,1738.425485,1928.119479,1855.247918
14/10/2017,1737.31997,1924.172767,1852.897678
15/10/2017,1732.604379,1924.968192,1852.861422
16/10/2017,1733.713953,1919.28201,1848.308891
17/10/2017,1733.072452,1918.430444,1849.093795
18/10/2017,1735.694677,1916.305361,1849.810498
19/10/2017,1733.972557,1916.659575,1849.640132
20/10/2017,1732.108753,1916.190214,1849.951393
21/10/2017,1732.932859,1915.203651,1847.920446
22/10/2017,1731.094532,1913.931484,1846.494852
23/10/2017,1729.911572,1911.043261,1842.75084
24/10/2017,1727.192063,1907.698378,1838.168844
25/10/2017,1721.148333,1906.703173,1832.407971
26/10/2017,1719.728961,1905.075548,1828.015956
27/10/2017,1718.974623,1902.960199,1829.889698
28/10/2017,1713.86032,1897.933697,1830.822902
29/10/2017,1708.303822,1893.781369,1828.03718
30/10/2017,1702.60478,1887.412854,1826.639633
31/10/2017,1698.541018,1884.746338,1823.823733
01/11/2017,1699.996916,1882.959174,1820.584459
02/11/2017,1701.196453,1887.070464,1822.817233
03/11/2017,1702.79833,1888.026155,1823.24728
04/11/2017,1701.365947,1886.430143,1827.388279
05/11/2017,1700.529916,1883.442814,1825.896989
06/11/2017,1698.032938,1882.176068,1824.484538
07/11/2017,1696.022699,1878.739972,1824.106532
08/11/2017,1694.562398,1873.907883,1824.578011
09/11/2017,1694.984224,1875.435605,1821.808418
10/11/2017,1699.162355,1876.849388,1822.440057
11/11/2017,1693.768915,1877.897184,1824.401291
12/11/2017,1687.314774,1874.105714,1818.859795
13/11/2017,1690.712083,1865.978574,1818.49789
14/11/2017,1688.00072,1868.122859,1820.145173
15/11/2017,1684.596922,1865.881026,1816.922716
16/11/2017,1682.462309,1862.055398,1813.781876
17/11/2017,1681.430104,1863.188013,1808.501868
18/11/2017,1675.851195,1862.925687,1808.679482
19/11/2017,1675.087564,1862.743631,1807.480155
20/11/2017,1673.909257,1861.147294,1805.808255
21/11/2017,1670.243245,1855.650574,1799.72605
22/11/2017,1666.831439,1852.981447,1796.429873
23/11/2017,1664.161466,1853.161109,1790.369106
24/11/2017,1663.364891,1851.040152,1790.242691
25/11/2017,1663.650212,1850.135728,1786.866566
26/11/2017,1661.972937,1851.748912,1786.470071
27/11/2017,1656.386905,1848.214894,1785.717776
28/11/2017,1656.404478,1844.945563,1780.398825
29/11/2017,1659.753904,1847.107791,1777.563664
30/11/2017,1654.699048,1848.142228,1776.581117
01/12/2017,1651.263279,1844.732444,1770.481377
02/12/2017,1652.803064,1843.452356,1768.70732
03/12/2017,1649.500099,1845.85627,1773.253978
04/12/2017,1648.619782,1846.446419,1767.970108
05/12/2017,1651.248282,1844.015648,1767.976609
06/12/2017,1650.064328,1845.254786,1769.796658
07/12/2017,1651.215838,1844.049904,1764.504938
08/12/2017,1648.745341,1843.799614,1763.412877
09/12/2017,1646.275238,1842.697161,1761.701191
10/12/2017,1643.841347,1838.988252,1762.363403
11/12/2017,1639.018022,1837.301948,1758.721134
12/12/2017,1633.449216,1832.164404,1756.96538
13/12/2017,1630.295505,1827.094142,1751.788819
14/12/2017,1629.694666,1823.007121,1748.137567
15/12/2017,1629.434993,1824.208734,1748.312755
16/12/2017,1627.869805,1821.986402,1748.354995
17/12/2017,1630.099404,1822.371035,1748.642341
18/12/2017,1630.128188,1826.257645,1748.247741
19/12/2017,1630.134332,1825.122295,1747.450104
20/12/2017,1632.921023,1824.73722,1749.939042
21/12/2017,1634.410357,1824.814202,1751.366901
22/12/2017,1631.316907,1824.5711,1752.23897
23/12/2017,1631.682816,1821.704527,1749.121841
24/12/2017,1631.793625,1821.351071,1747.261259
25/12/2017,1631.945695,1822.464025,1747.677072
26/12/2017,1631.343971,1819.995958,1744.447881
27/12/2017,1634.786894,1818.158628,1743.652851
28/12/2017,1633.563887,1819.030837,1743.393769
29/12/2017,1629.376755,1818.817075,1742.861585
30/12/2017,1624.215857,1812.42119,1741.26967
31/12/2017,1625.619069,1806.953671,1740.304578
01/01/2018,1625.873402,1808.923166,1742.37783
02/01/2018,1625.342039,1811.470578,1745.244736
03/01/2018,1626.017289,1807.518622,1744.035038
04/01/2018,1624.662672,1806.101556,1745.888765
05/01/2018,1627.029728,1801.997772,1744.847353
06/01/2018,1628.35441,1803.6891,1747.925009
07/01/2018,1629.536832,1804.000285,1746.54883
08/01/2018,1633.625703,1808.162518,1748.31926
09/01/2018,1640.831735,1813.09235,1752.46158
10/01/2018,1642.275444,1821.354978,1755.856826
11/01/2018,1643.083118,1824.48053,1754.935512
12/01/2018,1647.16368,1825.010583,1756.28841
13/01/2018,1647.37904,1827.359652,1758.127436
14/01/2018,1649.656692,1826.026454,1760.461991
15/01/2018,1648.970163,1827.803579,1764.393643
16/01/2018,1646.620171,1825.354703,1764.420811
17/01/2018,1649.348261,1825.261676,1764.502931
18/01/2018,1648.801598,1828.009189,1766.821208
19/01/2018,1652.253265,1830.267897,1768.223876
20/01/2018,1651.187476,1833.313744,1770.483485
21/01/2018,1651.805693,1830.778562,1768.897986
22/01/2018,1649.640799,1833.047108,1768.905646
23/01/2018,1650.840908,1831.398849,1770.843223
24/01/2018,1648.148553,1832.037547,1769.6932
25/01/2018,1650.498645,1829.486504,1764.748013
26/01/2018,1655.016248,1827.2461,1766.94203
27/01/2018,1654.003496,1834.112912,1769.842089
28/01/2018,1658.152901,1835.130036,1768.520429
29/01/2018,1656.748282,1838.075251,1771.53937
30/01/2018,1660.665519,1838.736779,1772.925627
31/01/2018,1662.586611,1844.643224,1775.328209
01/02/2018,1663.213134,1848.350688,1777.066202
02/02/2018,1663.851517,1849.546048,1778.24739
03/02/2018,1661.476979,1851.16555,1778.287998
04/02/2018,1669.338919,1850.98649,1779.22562
05/02/2018,1671.392815,1858.048058,1783.395398
06/02/2018,1672.494571,1862.632799,1779.620105
07/02/2018,1678.341012,1866.009942,1779.523909
08/02/2018,1683.657267,1871.72362,1781.695933
09/02/2018,1684.023987,1873.957474,1785.820961
10/02/2018,1678.777201,1872.333195,1783.78571
11/02/2018,1680.168257,1868.098343,1783.016111
12/02/2018,1682.411388,1869.173486,1785.575849
13/02/2018,1681.522832,1868.380722,1788.701112
14/02/2018,1687.335295,1867.108042,1785.970707
15/02/2018,1686.655803,1871.193432,1791.895184
16/02/2018,1690.815092,1869.761115,1795.286899
17/02/2018,1690.25977,1874.460845,1798.69382
18/02/2018,1692.382284,1877.655614,1800.230704
19/02/2018,1692.789049,1879.299152,1803.188344
20/02/2018,1696.9772,1880.410914,1806.411125
21/02/2018,1700.03199,1883.1647,1810.261664
22/02/2018,1700.771633,1885.243075,1810.782328
23/02/2018,1700.649452,1883.77858,1810.67331
24/02/2018,1705.10311,1884.386135,1811.501979
25/02/2018,1706.903617,1887.842292,1819.64718
26/02/2018,1710.793031,1888.378066,1824.001689
27/02/2018,1709.586372,1893.218211,1826.159149
28/02/2018,1713.293011,1894.088112,1827.337842
01/03/2018,1717.446176,1896.644833,1832.330452
02/03/2018,1716.621572,1899.837816,1833.103573
03/03/2018,1716.779665,1898.779092,1833.663565
04/03/2018,1712.334361,1898.279186,1833.560109
05/03/2018,1711.824177,1893.033849,1830.470678
06/03/2018,1708.63033,1891.725251,1832.764893
07/03/2018,1707.549388,1886.577925,1829.679611
08/03/2018,1710.592213,1886.088474,1830.06348
09/03/2018,1711.644521,1889.144732,1832.408795
10/03/2018,1715.058486,1888.965422,1835.094934
11/03/2018,1716.676177,1890.031502,1836.758594
12/03/2018,1717.90488,1892.244022,1841.007783
13/03/2018,1723.750622,1893.633078,1841.677066
14/03/2018,1723.139636,1898.652792,1845.181613
15/03/2018,1723.87433,1901.115191,1842.768163
16/03/2018,1727.582772,1903.67968,1841.617707
17/03/2018,1727.274667,1905.74287,1844.495216
18/03/2018,1727.88731,1906.698255,1846.487596
19/03/2018,1726.089568,1906.974107,1846.284048
20/03/2018,1726.75,1905.258836,1848.474306
21/03/2018,1729.98255,1907.410101,1846.329686
22/03/2018,1729.553546,1908.536273,1850.985026
23/03/2018,1736.10426,1906.384336,1854.311353
24/03/2018,1737.887475,1913.431816,1858.431358
25/03/2018,1740.128142,1915.746861,1859.435173
26/03/2018,1742.211872,1915.295817,1861.774525
27/03/2018,1745.86136,1916.219031,1861.511386
28/03/2018,1748.133311,1919.074339,1862.520289
29/03/2018,1749.232639,1916.938074,1864.782442
30/03/2018,1750.915584,1916.125897,1869.110004
31/03/2018,1751.430834,1919.374984,1873.608744
01/04/2018,1751.954658,1919.885272,1874.069201
02/04/2018,1751.450234,1921.820159,1877.959445
03/04/2018,1747.010219,1922.248642,1882.123756
04/04/2018,1745.901097,1922.087221,1879.557872
05/04/2018,1745.748142,1920.631628,1876.611128
06/04/2018,1747.38941,1922.466976,1876.511009
07/04/2018,1748.733732,1924.945033,1877.398074
08/04/2018,1751.999186,1925.681476,1876.46853
09/04/2018,1752.106299,1926.043767,1879.039289
10/04/2018,1757.628463,1927.281146,1877.879948
11/04/2018,1761.796221,1930.842711,1883.913171
12/04/2018,1765.110592,1932.528365,1885.589784
13/04/2018,1760.031513,1936.24164,1884.135682
14/04/2018,1764.878505,1930.979853,1881.399045
15/04/2018,1767.17972,1932.816323,1884.785075
16/04/2018,1767.167416,1932.920451,1885.466765
17/04/2018,1764.133213,1935.133922,1887.012701
18/04/2018,1769.858953,1937.197853,1885.983623
19/04/2018,1766.334034,1942.448433,1891.021456
20/04/2018,1764.104502,1943.427149,1888.374162
21/04/2018,1768.799045,1942.88319,1888.345397
22/04/2018,1771.433065,1949.96774,1890.730267
23/04/2018,1775.102195,1952.648525,1892.0606
24/04/2018,1772.623535,1955.042753,1894.871427
25/04/2018,1777.672583,1952.111856,1894.946975
26/04/2018,1773.299522,1959.850972,1897.684222
27/04/2018,1772.260234,1961.570547,1893.884324
28/04/2018,1773.537105,1961.589604,1890.989615
29/04/2018,1777.744592,1961.03075,1891.552363
30/04/2018,1781.470941,1966.038417,1894.231195
01/05/2018,1778.174085,1964.812334,1901.503283
02/05/2018,1779.406171,1963.859186,1897.677415
03/05/2018,1780.881756,1961.0448,1900.264754
04/05/2018,1784.142082,1962.215065,1904.033557
05/05/2018,1784.283386,1965.747092,1907.896165
06/05/2018,1786.387559,1966.713344,1908.173838
07/05/2018,1790.883411,1968.671228,1909.425972
08/05/2018,1790.782675,1973.312069,1912.934033
09/05/2018,1791.706997,1972.769308,1915.903453
10/05/2018,1786.121181,1977.70154,1915.49764
11/05/2018,1785.987244,1974.621031,1909.061556
12/05/2018,1783.058231,1978.28562,1909.019203
13/05/2018,1780.02279,1976.950306,1907.958716
14/05/2018,1779.660035,1975.535404,1907.542823
15/05/2018,1785.114539,1977.999998,1907.098413
16/05/2018,1787.718046,1981.339716,1909.036981
17/05/2018,1789.906906,1977.076042,1908.179802
18/05/2018,1792.744104,1979.122612,1910.903106
19/05/2018,1793.930517,1979.952405,1912.006049
20/05/2018,1796.815777,1984.245988,1913.645346
21/05/2018,1799.10489,1986.725728,1915.283527
22/05/2018,1799.596523,1988.02758,1919.259821
23/05/2018,1801.116809,1989.041068,1920.109547
24/05/2018,1805.607136,1989.419506,1923.326989
25/05/2018,1801.849162,1992.147921,1926.808016
26/05/2018,1806.597627,1991.647744,1920.200049
27/05/2018,1805.108753,1994.626914,1925.920467
28/05/2018,1806.77292,1991.157237,1926.630351
29/05/2018,1809.552991,1990.517681,1930.7968
30/05/2018,1812.968444,1990.800425,1931.363537
31/05/2018,1817.125476,1992.966429,1934.501956
01/06/2018,1818.484451,1996.526014,1936.378023
02/06/2018,1818.687879,1999.31727,1936.536488
03/06/2018,1816.675511,2000.966523,1938.848905
04/06/2018,1811.73297,2000.926729,1938.350315
05/06/2018,1812.395521,1997.063424,1937.73281
06/06/2018,1811.859126,2000.495776,1938.936833
07/06/2018,1810.041257,2000.76312,1943.273672
08/06/2018,1811.777642,1997.238746,1944.212127
09/06/2018,1810.987417,1996.804568,1943.912078
10/06/2018,1808.830326,1993.266254,1944.149807
11/06/2018,1806.754244,1994.482368,1946.077805
12/06/2018,1803.304273,1991.220631,1944.246979
13/06/2018,1805.845884,1988.048682,1939.972366
14/06/2018,1806.220413,1988.592508,1940.590583
15/06/2018,1808.758305,1987.59228,1938.795215
16/06/2018,1807.224277,1994.001403,1941.524437
17/06/2018,1809.205728,1992.874812,1940.718068
18/06/2018,1815.056123,1998.378572,1942.906405
19/06/2018,1815.737359,2003.088468,1943.312853
20/06/2018,1820.146722,1998.346438,1945.778428
21/06/2018,1817.390745,1998.259006,1949.627874
22/06/2018,1820.200458,1998.694134,1947.622694
23/06/2018,1820.330906,2002.571736,1946.917761
24/06/2018,1818.780942,2005.464853,1946.596944
25/06/2018,1820.670291,2004.108274,1946.559425
26/06/2018,1821.44064,2006.95521,1949.803752
27/06/2018,1820.508813,2007.420634,1951.680874
28/06/2018,1821.140556,2005.499508,1952.570934
29/06/2018,1815.805036,2007.674994,1953.9062
30/06/2018,1812.487416,2000.584549,1949.181662
01/07/2018,1812.722514,1998.483982,1946.524379
02/07/2018,1811.399409,1998.525031,1945.790088
03/07/2018,1810.611497,1999.260394,1943.180933
04/07/2018,1804.240299,2000.877357,1941.806146
05/07/2018,1800.15924,1995.720078,1938.75453
06/07/2018,1795.424874,1992.316153,1934.86077
07/07/2018,1792.118256,1987.542146,1931.609348
08/07/2018,1793.44724,1982.7583,1930.637574
09/07/2018,1792.045151,1982.048051,1934.556689
10/07/2018,1793.422176,1977.379144,1933.948357
11/07/2018,1794.473746,1979.608368,1933.461462
12/07/2018,1794.245679,1979.82753,1935.404544
13/07/2018,1789.340241,1980.221723,1935.561369
14/07/2018,1791.595716,1978.543965,1930.804474
15/07/2018,1791.349479,1978.86451,1928.673637
16/07/2018,1790.634787,1979.121492,1928.830621
17/07/2018,1793.849,1974.304499,1933.189944
18/07/2018,1792.282278,1976.408529,1933.962342
19/07/2018,1789.22863,1976.677936,1932.360708
20/07/2018,1784.848099,1971.361726,1927.558597
21/07/2018,1783.468131,1968.573867,1926.534546
22/07/2018,1778.635893,1969.476336,1925.265485
23/07/2018,1780.402627,1964.847701,1925.370639
24/07/2018,1777.654686,1964.815111,1926.074954
25/07/2018,1773.000214,1965.590305,1923.614941
26/07/2018,1774.642964,1961.769805,1919.479024
27/07/2018,1771.510754,1962.039085,1923.000953
28/07/2018,1771.848688,1957.7798,1921.316381
29/07/2018,1766.041995,1956.074427,1924.44641
30/07/2018,1765.12054,1955.571919,1920.502281
31/07/2018,1764.454439,1958.210156,1919.095107
01/08/2018,1761.493113,1958.982346,1918.459136
02/08/2018,1759.660501,1955.023414,1914.273744
03/08/2018,1758.919521,1950.184885,1911.794479
04/08/2018,1759.950063,1949.997695,1913.885452
05/08/2018,1760.089838,1955.192248,1915.01887
06/08/2018,1754.101167,1952.919265,1916.934339
07/08/2018,1752.180482,1947.123862,1911.841431
08/08/2018,1753.168701,1943.62613,1908.663016
09/08/2018,1754.243993,1944.193604,1908.867512
10/08/2018,1756.523466,1945.445671,1909.347045
11/08/2018,1750.218961,1949.648997,1909.313429
12/08/2018,1749.189514,1947.58279,1906.749589
13/08/2018,1747.620083,1946.116317,1909.750205
14/08/2018,1750.300541,1944.268519,1908.163506
15/08/2018,1751.34681,1946.604392,1909.646059
16/08/2018,1747.862923,1947.380247,1911.284147
17/08/2018,1748.793978,1942.917231,1906.831505
18/08/2018,1747.829877,1940.352017,1908.44923
19/08/2018,1745.904422,1943.291232,1906.093542
20/08/2018,1746.676054,1945.217294,1906.300901
21/08/2018,1746.622629,1946.249751,1907.440231
22/08/2018,1741.077723,1944.872066,1908.1281
23/08/2018,1739.449742,1941.701291,1906.19103
24/08/2018,1736.16006,1940.944337,1904.235407
25/08/2018,1733.865497,1939.451269,1902.689365
26/08/2018,1733.121513,1937.881469,1899.291784
27/08/2018,1733.841558,1938.18625,1895.613803
28/08/2018,1733.211953,1939.368986,1894.876258
29/08/2018,1729.509315,1939.119873,1894.740562
30/08/2018,1730.651968,1938.193497,1892.951097
31/08/2018,1730.154512,1935.100511,1890.933521
01/09/2018,1728.899248,1934.054818,1892.545384
02/09/2018,1730.015203,1934.528545,1890.407707
03/09/2018,1734.584484,1932.796914,1885.383522
04/09/2018,1737.596456,1935.698874,1888.376228
05/09/2018,1736.659262,1938.6005,1890.640658
06/09/2018,1731.295653,1935.829563,1888.274359
07/09/2018,1731.234158,1931.400663,1883.308539
08/09/2018,1734.763078,1932.093202,1885.845677
09/09/2018,1733.534403,1934.465741,1886.647239
10/09/2018,1738.14877,1931.126539,1884.18253
11/09/2018,1736.175343,1933.673475,1886.945493
12/09/2018,1735.671459,1931.692411,1889.161885
13/09/2018,1735.348848,1934.067507,1886.937629
14/09/2018,1729.916089,1933.874363,1885.58974
15/09/2018,1730.174743,1928.72614,1881.93812
16/09/2018,1727.206296,1929.998114,1882.637575
17/09/2018,1724.363845,1927.472053,1879.043139
18/09/2018,1720.325285,1926.968939,1875.716042
19/09/2018,1720.188777,1926.680843,1873.560381
20/09/2018,1720.1391,1926.400596,1871.720933
21/09/2018,1713.775761,1927.604883,1868.219781
22/09/2018,1713.473435,1924.378112,1864.679392
23/09/2018,1714.78157,1921.600745,1863.916143
24/09/2018,1716.600703,1923.716777,1864.233774
25/09/2018,1716.84826,1924.412549,1866.570093
26/09/2018,1719.712337,1924.751816,1865.040966
27/09/2018,1720.148469,1926.931731,1867.513696
28/09/2018,1718.276331,1927.705851,1867.100096
29/09/2018,1715.789358,1927.628742,1864.853886
30/09/2018,1712.770659,1922.472385,1861.446231
01/10/2018,1710.509699,1915.61728,1859.674337
02/10/2018,1712.322789,1914.724229,1859.835649
03/10/2018,1712.785309,1916.207546,1860.120815
04/10/2018,1714.417026,1918.08429,1863.203998
05/10/2018,1710.597262,1918.913349,1862.358932
06/10/2018,1706.763448,1917.307692,1858.483435
07/10/2018,1705.350181,1912.313782,1853.993188
08/10/2018,1700.017681,1912.089722,1853.28694
09/10/2018,1698.765557,1908.598929,1850.72068
10/10/2018,1697.273021,1905.032643,1850.902218
11/10/2018,1696.011261,1904.719942,1844.573908
12/10/2018,1693.014282,1900.526173,1844.354243
13/10/2018,1690.002477,1895.003718,1839.99536
14/10/2018,1687.018481,1893.987517,1832.985775
15/10/2018,1686.378875,1890.811163,1833.174628
16/10/2018,1683.596322,1891.700762,1832.428853
17/10/2018,1683.184886,1889.015219,1831.12231
18/10/2018,1680.591264,1887.742831,1830.911998
19/10/2018,1681.746349,1882.210004,1826.779543
20/10/2018,1679.792465,1883.853975,1824.583816
21/10/2018,1678.170379,1881.329614,1822.534418
22/10/2018,1674.369397,1880.92544,1820.840242
23/10/2018,1675.595587,1878.061976,1817.266913
24/10/2018,1676.349539,1880.542667,1818.986423
25/10/2018,1674.530695,1879.775085,1820.454468
26/10/2018,1671.685463,1877.810762,1819.417937
27/10/2018,1672.496216,1875.298621,1822.085001
28/10/2018,1674.597769,1877.391446,1820.534612
29/10/2018,1679.849994,1877.57261,1823.371441
30/10/2018,1683.190584,1877.050829,1823.422334
31/10/2018,1685.286577,1878.919721,1825.939577
01/11/2018,1687.326792,1878.884417,1824.29141
02/11/2018,1687.728279,1880.526809,1826.757583
03/11/2018,1686.110219,1881.670917,1827.749416
04/11/2018,1686.553744,1875.225212,1830.056751
05/11/2018,1683.645424,1870.867538,1829.790246
06/11/2018,1681.447784,1873.940195,1827.285435
07/11/2018,1681.507699,1871.702959,1830.106318
08/11/2018,1681.830599,1870.173348,1826.904253
09/11/2018,1679.472102,1867.497116,1830.577627
10/11/2018,1680.255473,1863.400034,1827.444225
11/11/2018,1680.688755,1863.845086,1828.892456
12/11/2018,1677.650375,1865.245181,1831.008065
13/11/2018,1674.240407,1864.343748,1824.978051
14/11/2018,1671.85747,1863.23842,1821.861879
15/11/2018,1670.620361,1861.773133,1814.506287
16/11/2018,1669.859265,1859.119066,1817.195895
17/11/2018,1671.494358,1857.579434,1815.058206
18/11/2018,1671.640457,1859.1475,1814.702568
19/11/2018,1669.148174,1858.398552,1809.842171
20/11/2018,1670.066908,1859.598641,1807.20934
21/11/2018,1662.34014,1855.729875,1807.217692
22/11/2018,1658.46477,1849.421339,1799.204027
23/11/2018,1660.42159,1845.188191,1796.285966
24/11/2018,1658.240444,1846.295938,1797.279816
25/11/2018,1657.897836,1840.733155,1797.981231
26/11/2018,1658.580646,1840.189106,1795.393498
27/11/2018,1657.782882,1840.251594,1792.589225
28/11/2018,1656.153663,1837.716479,1792.838697
29/11/2018,1656.192718,1837.923751,1789.617017
30/11/2018,1652.611111,1834.277842,1789.769555
01/12/2018,1656.108412,1831.680215,1783.869438
02/12/2018,1651.825193,1832.85214,1785.368225
03/12/2018,1650.335901,1833.075311,1780.137136
04/12/2018,1647.505566,1831.709517,1778.473019
05/12/2018,1651.128122,1831.323629,1777.818475
06/12/2018,1654.112016,1835.087923,1778.709404
07/12/2018,1648.452887,1838.628397,1781.110085
08/12/2018,1650.437876,1836.591232,1778.915385
09/12/2018,1650.795742,1836.829603,1783.275892
10/12/2018,1649.254777,1835.987604,1779.729789
11/12/2018,1646.870686,1834.695969,1779.141904
12/12/2018,1645.708669,1830.667405,1776.783965
13/12/2018,1645.100797,1827.705352,1773.89868
14/12/2018,1645.361116,1829.513364,1770.998013
15/12/2018,1647.429038,1830.309648,1772.773854
16/12/2018,1650.184383,1833.022888,1775.539926
17/12/2018,1652.560095,1833.304668,1778.769434
18/12/2018,1650.469989,1835.678482,1778.532263
19/12/2018,1647.864502,1838.813417,1778.11607
20/12/2018,1647.656132,1838.350212,1775.845066
21/12/2018,1646.25409,1837.184232,1775.000034
22/12/2018,1639.943182,1837.487128,1771.457785
23/12/2018,1639.898407,1831.253581,1770.266851
24/12/2018,1641.499763,1832.54313,1769.170269
25/12/2018,1638.525673,1836.98064,1770.053308
26/12/2018,1640.0359,1839.678777,1766.366831
27/12/2018,1637.894716,1839.323387,1766.930766
28/12/2018,1636.68585,1836.620884,1768.256856
29/12/2018,1633.735141,1835.648182,1766.518441
30/12/2018,1633.185868,1833.504639,1764.073899
31/12/2018,1633.194222,1835.372824,1762.648732
01/01/2019,1631.934916,1837.299528,1764.455231
02/01/2019,1635.964755,1837.317356,1769.961722
03/01/2019,1639.218699,1841.021786,1773.514058
04/01/2019,1638.049578,1844.606031,1774.589043
05/01/2019,1639.672934,1844.927369,1774.268956
06/01/2019,1638.361813,1848.272193,1776.460069
07/01/2019,1635.374876,1847.868781,1772.900908
08/01/2019,1637.568873,1849.304684,1771.225894
09/01/2019,1638.296101,1851.639906,1770.568613
10/01/2019,1643.797946,1849.699603,1771.632356
11/01/2019,1639.033947,1852.185848,1777.172814
12/01/2019,1641.293462,1848.587103,1769.73693
13/01/2019,1637.792938,1853.935515,1774.32722
14/01/2019,1636.121899,1848.820321,1772.393591
15/01/2019,1638.853388,1848.764627,1775.750772
16/01/2019,1640.016638,1853.515347,1779.781284
17/01/2019,1639.916598,1853.484591,1778.089139
18/01/2019,1639.821332,1857.445553,1779.772863
19/01/2019,1639.234215,1856.710092,1784.308468
20/01/2019,1636.862413,1858.281883,1785.988493
21/01/2019,1638.444267,1857.599515,1783.617681
22/01/2019,1639.408699,1857.757574,1783.033483
23/01/2019,1651.410348,1861.066955,1783.985091
24/01/2019,1650.568529,1873.866456,1788.073396
25/01/2019,1652.409291,1870.774893,1789.394226
26/01/2019,1651.046096,1873.257046,1790.996563
27/01/2019,1652.892932,1871.660109,1792.115177
28/01/2019,1654.168867,1873.007736,1791.843132
29/01/2019,1658.870427,1875.081527,1795.955291
30/01/2019,1659.946954,1882.642468,1800.273135
31/01/2019,1657.80948,1884.744862,1798.926266
01/02/2019,1656.139641,1881.420082,1799.483714
02/02/2019,1656.529527,1879.443812,1797.479087
03/02/2019,1657.875243,1880.008753,1798.003118
04/02/2019,1657.998225,1883.680751,1796.475689
05/02/2019,1654.845004,1883.297282,1796.35499
06/02/2019,1657.869474,1882.634571,1795.939359
07/02/2019,1660.073326,1882.780709,1797.352244
08/02/2019,1661.889981,1887.435524,1801.739913
09/02/2019,1659.484673,1890.907741,1805.106646
10/02/2019,1656.430764,1886.659281,1803.240904
11/02/2019,1652.815843,1885.546898,1798.737912
12/02/2019,1656.789129,1885.610146,1796.675949
13/02/2019,1662.658068,1888.894672,1798.101443
14/02/2019,1664.882644,1892.364545,1801.648805
15/02/2019,1664.901035,1891.71446,1805.555775
16/02/2019,1663.698142,1891.494093,1805.019986
17/02/2019,1662.973719,1889.551451,1802.556313
18/02/2019,1666.529605,1889.95334,1802.074529
19/02/2019,1667.596557,1890.17691,1801.583229
20/02/2019,1669.441163,1895.055767,1805.026632
21/02/2019,1670.206192,1895.7185,1805.325543
22/02/2019,1672.911373,1899.083813,1802.578111
23/02/2019,1676.371472,1904.706576,1805.417792
24/02/2019,1677.940937,1905.154524,1806.211901
25/02/2019,1677.13186,1906.539032,1808.061545
26/02/2019,1672.110635,1906.616401,1805.676093
27/02/2019,1675.262488,1905.010006,1801.795494
28/02/2019,1677.463502,1906.70405,1807.60913
01/03/2019,1676.947528,1908.653012,1810.359845
02/03/2019,1678.338825,1909.643624,1813.558552
03/03/2019,1679.933245,1909.9776,1811.437066
04/03/2019,1681.961041,1913.098895,1809.320756
05/03/2019,1678.033129,1915.600367,1814.242193
06/03/2019,1678.97996,1914.623559,1811.604744
07/03/2019,1679.3722,1914.46741,1813.032411
08/03/2019,1677.984549,1915.876999,1809.884795
09/03/2019,1683.438852,1914.943369,1811.179278
10/03/2019,1686.767773,1918.999323,1813.494786
11/03/2019,1692.724219,1921.900585,1818.571388
12/03/2019,1694.492022,1925.713108,1824.465197
13/03/2019,1692.723666,1928.00815,1825.003945
14/03/2019,1693.096848,1925.680578,1823.327984
15/03/2019,1694.619581,1925.048635,1824.321444
16/03/2019,1697.032965,1927.829085,1823.454083
17/03/2019,1697.769414,1927.015493,1827.965392
18/03/2019,1697.260884,1928.742871,1827.338466
19/03/2019,1699.966206,1927.872863,1831.502706
20/03/2019,1699.572942,1930.468855,1832.120926
21/03/2019,1701.994268,1929.779901,1833.801399
22/03/2019,1701.42429,1935.044231,1835.672076
23/03/2019,1708.391181,1933.361606,1835.600786
24/03/2019,1709.178394,1939.456512,1839.385817
25/03/2019,1707.544207,1942.448448,1843.15307
26/03/2019,1709.796607,1940.464094,1845.222145
27/03/2019,1710.603038,1944.539827,1847.484976
28/03/2019,1710.735306,1944.13394,1844.754792
29/03/2019,1710.040276,1943.974246,1846.415798
30/03/2019,1705.157596,1943.088285,1845.995941
31/03/2019,1704.843356,1942.610144,1844.352686
01/04/2019,1708.326612,1944.189572,1842.460361
02/04/2019,1714.151434,1949.561627,1841.577147
03/04/2019,1715.807551,1950.542547,1845.455024
04/04/2019,1716.378964,1951.923649,1850.304099
05/04/2019,1718.113883,1954.135208,1853.921171
06/04/2019,1720.942769,1954.852899,1853.990229
07/04/2019,1723.849648,1955.673411,1855.197297
08/04/2019,1727.081179,1959.422294,1861.628189
09/04/2019,1730.179748,1961.479132,1859.979162
10/04/2019,1731.785956,1963.362553,1866.439263
11/04/2019,1729.304286,1965.678309,1867.005763
12/04/2019,1727.319097,1966.92301,1865.194464
13/04/2019,1726.516858,1963.875228,1866.332002
14/04/2019,1728.917564,1964.490229,1863.448458
15/04/2019,1730.674677,1967.194883,1864.012715
16/04/2019,1731.292745,1967.145631,1864.577493
17/04/2019,1730.059898,1973.196347,1863.7695
18/04/2019,1731.522382,1973.57885,1862.235462
19/04/2019,1730.49017,1977.923619,1859.476275
20/04/2019,1733.181111,1977.779677,1860.309024
21/04/2019,1728.666671,1977.611273,1859.858496
22/04/2019,1732.295718,1973.848965,1857.081256
23/04/2019,1729.778695,1976.628547,1857.941636
24/04/2019,1733.774798,1978.510811,1857.637316
25/04/2019,1734.945399,1981.038128,1861.19022
26/04/2019,1739.431788,1983.676338,1858.462087
27/04/2019,1737.62,1988.566696,1862.952603
28/04/2019,1739.960194,1986.103565,1864.643241
29/04/2019,1741.220339,1988.95773,1868.504271
30/04/2019,1743.184126,1989.063677,1869.133611
01/05/2019,1742.584983,1992.487439,1869.836086
02/05/2019,1742.672822,1995.139475,1865.966368
03/05/2019,1741.839616,1994.963107,1864.514262
04/05/2019,1744.451452,1996.149756,1861.720376
05/05/2019,1744.130443,2000.723528,1862.066928
06/05/2019,1749.433227,2001.996522,1863.044789
07/05/2019,1751.049332,2006.434229,1870.721606
08/05/2019,1751.596649,2009.769787,1868.407962
09/05/2019,1747.881504,2010.494608,1869.229259
10/05/2019,1747.904308,2006.592668,1869.067752
11/05/2019,1749.361004,2007.64117,1868.835224
12/05/2019,1746.663072,2010.764343,1871.110484
13/05/2019,1748.832269,2008.893386,1871.056988
14/05/2019,1751.428105,2009.21526,1873.488645
15/05/2019,1752.194299,2009.93765,1874.511032
16/05/2019,1756.397011,2009.818917,1877.032545
17/05/2019,1759.557735,2013.229603,1882.571482
18/05/2019,1762.903196,2016.934637,1885.221271
19/05/2019,1763.847243,2018.833213,1891.286998
20/05/2019,1766.635142,2019.290397,1891.082128
21/05/2019,1766.774679,2022.210517,1891.83427
22/05/2019,1770.879923,2022.800052,1892.122091
23/05/2019,1773.429452,2027.842662,1892.792395
24/05/2019,1773.150844,2030.556885,1895.559304
25/05/2019,1775.041431,2033.199335,1893.05053
26/05/2019,1774.721478,2034.80909,1894.105772
27/05/2019,1776.736537,2036.115262,1891.406696
28/05/2019,1776.411465,2037.054653,1891.148135
29/05/2019,1774.281459,2033.831987,1890.709108
30/05/2019,1775.965504,2033.175624,1888.994764
31/05/2019,1780.852934,2034.465495,1889.842755
01/06/2019,1780.403007,2040.991159,1897.138411
02/06/2019,1776.527068,2038.79704,1893.684735
03/06/2019,1779.845211,2037.039806,1889.982478
04/06/2019,1776.867794,2037.62546,1892.468492
05/06/2019,1776.416889,2032.972784,1892.52737
06/06/2019,1778.339236,2032.307551,1888.847211
07/06/2019,1776.340261,2036.606911,1890.001486
08/06/2019,1775.08007,2037.976436,1891.31783
09/06/2019,1778.095497,2037.620818,1891.865189
10/06/2019,1783.298834,2038.034376,1896.966489
11/06/2019,1780.403171,2041.603252,1901.150772
12/06/2019,1782.643079,2038.164407,1900.330879
13/06/2019,1787.955511,2038.507765,1903.965676
14/06/2019,1791.142905,2044.8693,1904.134168
15/06/2019,1793.900774,2044.84784,1905.184275
16/06/2019,1794.093025,2047.07491,1910.004247
17/06/2019,1799.911475,2048.024896,1910.092642
18/06/2019,1800.16455,2052.690535,1912.770716
19/06/2019,1801.527711,2055.108069,1915.753996
20/06/2019,1805.355181,2055.840413,1917.493218
21/06/2019,1805.307471,2059.78515,1920.836496
22/06/2019,1806.920758,2063.008813,1925.05442
23/06/2019,1803.682976,2063.996388,1929.348555
24/06/2019,1801.462282,2066.399536,1927.745237
25/06/2019,1802.11896,2064.571318,1923.641804
26/06/2019,1800.28983,2062.614095,1926.004384
27/06/2019,1806.766246,2061.361551,1925.619233
28/06/2019,1809.195849,2068.069889,1927.923727
29/06/2019,1809.244705,2069.503436,1931.217269
30/06/2019,1814.618047,2069.547195,1933.42068
01/07/2019,1811.243038,2073.990239,1933.529332
02/07/2019,1804.856826,2067.77124,1932.197124
03/07/2019,1800.803235,2061.374896,1929.206091
04/07/2019,1795.924461,2059.952006,1928.250851
05/07/2019,1792.776123,2056.839168,1923.534286
06/07/2019,1795.398118,2050.633506,1919.670104
07/07/2019,1790.970786,2051.289387,1920.731387
08/07/2019,1790.795334,2046.477618,1915.915301
09/07/2019,1789.58209,2044.878677,1914.799429
10/07/2019,1783.848474,2046.175409,1918.036017
11/07/2019,1779.873257,2041.547245,1913.961458
12/07/2019,1777.895454,2035.761123,1913.485876
13/07/2019,1775.926819,2032.954644,1911.293805
14/07/2019,1775.221209,2030.511961,1909.005691
15/07/2019,1773.067047,2027.338857,1908.197026
16/07/2019,1771.131104,2023.226526,1909.258469
17/07/2019,1773.124381,2024.529247,1906.990782
18/07/2019,1774.978252,2021.802093,1910.070931
19/07/2019,1771.268835,2023.432796,1909.594674
20/07/2019,1764.958276,2016.644545,1904.541663
21/07/2019,1764.338706,2012.651892,1900.258284
22/07/2019,1765.606201,2016.777192,1900.745638
23/07/2019,1764.640377,2018.358501,1901.56057
24/07/2019,1760.767444,2017.725817,1898.622522
25/07/2019,1759.42746,2016.814755,1899.272513
26/07/2019,1753.763421,2015.232045,1895.50578
27/07/2019,1752.881143,2016.107477,1890.979088
28/07/2019,1745.021308,2020.042496,1886.218363
29/07/2019,1745.884292,2012.95092,1879.708792
30/07/2019,1742.654691,2011.230866,1879.853136
31/07/2019,1743.539743,2007.730719,1873.385397
01/08/2019,1737.122977,2007.091785,1873.196685
02/08/2019,1736.828821,2002.202842,1866.803346
03/08/2019,1738.594453,2005.470164,1862.140749
04/08/2019,1740.49438,2007.291442,1864.836935
05/08/2019,1742.816431,2011.985021,1867.433256
06/08/2019,1740.655372,2009.847055,1867.30367
07/08/2019,1738.882828,2009.288019,1866.918455
08/08/2019,1742.027691,2005.985432,1860.863454
09/08/2019,1740.681972,2010.138813,1860.014614
10/08/2019,1740.223256,2009.295734,1858.373201
11/08/2019,1739.793257,2010.448624,1856.798029
12/08/2019,1740.122873,2010.242019,1857.443304
13/08/2019,1739.921447,2010.116082,1860.778802
14/08/2019,1737.214224,2006.917471,1861.859609
15/08/2019,1736.118354,2006.646564,1861.189086
16/08/2019,1736.255464,2006.619694,1858.532546
17/08/2019,1734.555993,2006.538598,1858.262818
18/08/2019,1735.103181,2009.918969,1855.12839
19/08/2019,1735.644122,2013.842601,1854.086178
20/08/2019,1736.634638,2010.591996,1856.10555
21/08/2019,1733.430633,2009.494426,1856.073883
22/08/2019,1735.265099,2008.017647,1857.588168
23/08/2019,1738.212166,2007.857307,1860.656972
24/08/2019,1738.345326,2010.749387,1864.109791
25/08/2019,1738.194178,2010.823411,1866.899058
26/08/2019,1737.557435,2007.343226,1864.282351
27/08/2019,1737.000102,2006.543647,1860.731989
28/08/2019,1735.692589,2006.582291,1857.60328
29/08/2019,1739.132435,2006.281188,1863.297826
30/08/2019,1736.168462,2006.115819,1865.763419
31/08/2019,1735.178184,2003.46091,1866.452187
01/09/2019,1735.510189,2003.207341,1864.636614
02/09/2019,1735.068699,2004.266374,1862.825018
03/09/2019,1738.425853,2004.010466,1860.140502
04/09/2019,1738.424668,2005.793776,1861.657087
05/09/2019,1737.498913,2005.220318,1861.260251
06/09/2019,1736.014698,2003.413979,1859.211986
07/09/2019,1732.181828,2003.962324,1857.555638
08/09/2019,1737.265565,2001.336774,1855.42621
09/09/2019,1739.954237,2003.804542,1855.823108
10/09/2019,1731.941099,2006.582814,1860.971925
11/09/2019,1731.619911,1999.869044,1853.795255
12/09/2019,1727.665344,2002.035569,1849.637884
13/09/2019,1728.351857,2001.866926,1848.477126
14/09/2019,1726.624888,2001.297967,1849.172672
15/09/2019,1725.787358,1995.796216,1846.111007
16/09/2019,1725.701668,1992.296066,1846.87425
17/09/2019,1727.939872,1993.944702,1849.383587
18/09/2019,1725.908821,1990.500943,1852.936662
19/09/2019,1723.123685,1988.475244,1850.766257
20/09/2019,1722.454073,1984.639539,1848.67576
21/09/2019,1722.840415,1984.853283,1849.60855
22/09/2019,1722.810998,1981.565487,1850.746677
23/09/2019,1723.261649,1978.930043,1848.680637
24/09/2019,1720.465947,1978.700641,1851.069892
25/09/2019,1718.621618,1972.445952,1848.853245
26/09/2019,1716.075634,1973.544158,1849.97627
27/09/2019,1714.075798,1969.22021,1848.517819
28/09/2019,1712.439323,1970.078164,1849.378657
29/09/2019,1712.622727,1968.774811,1845.577583
30/09/2019,1705.966626,1969.163707,1842.781427
01/10/2019,1705.197187,1967.188137,1837.403229
02/10/2019,1704.305853,1966.150966,1835.415098
03/10/2019,1704.466268,1964.247308,1835.567482
04/10/2019,1704.92668,1966.695688,1836.647825
05/10/2019,1700.249866,1970.47488,1837.191356
06/10/2019,1698.80237,1966.150257,1837.190387
07/10/2019,1699.183484,1962.679894,1838.67592
08/10/2019,1699.079056,1961.660944,1840.387834
09/10/2019,1699.862419,1960.097894,1838.841659
10/10/2019,1696.528829,1962.353428,1838.589441
11/10/2019,1694.663234,1958.826969,1836.389485
12/10/2019,1689.437652,1956.335572,1833.649978
13/10/2019,1687.04986,1951.865486,1828.542054
14/10/2019,1693.714696,1946.361084,1825.181756
15/10/2019,1694.44642,1946.408886,1828.700134
16/10/2019,1694.826943,1949.144836,1828.43271
17/10/2019,1692.652937,1948.960026,1825.584936
18/10/2019,1690.652951,1949.049601,1826.370266
19/10/2019,1691.742321,1948.654157,1822.489073
20/10/2019,1689.876265,1947.348905,1820.440784
21/10/2019,1686.018431,1947.039522,1823.210964
22/10/2019,1678.231422,1943.685476,1819.222586
23/10/2019,1673.059074,1936.152902,1812.652096
24/10/2019,1671.486401,1930.740572,1806.199039
25/10/2019,1667.757284,1931.745718,1802.08725
26/10/2019,1665.860908,1929.097025,1798.7268
27/10/2019,1661.437121,1925.204959,1800.868494
28/10/2019,1662.641757,1920.842275,1793.942869
29/10/2019,1665.709966,1920.884893,1790.958042
30/10/2019,1660.402405,1924.067363,1794.660633
31/10/2019,1656.730973,1922.815169,1790.772501
01/11/2019,1654.306211,1920.546017,1786.662333
02/11/2019,1651.885239,1919.913458,1783.717217
03/11/2019,1649.753602,1917.64589,1778.860196
04/11/2019,1650.09488,1912.253027,1779.920417
05/11/2019,1647.660576,1914.33471,1777.39063
06/11/2019,1643.775067,1912.596772,1776.472046
07/11/2019,1641.617816,1910.207605,1773.360766
08/11/2019,1639.714196,1911.001515,1769.986851
09/11/2019,1640.735121,1905.589774,1765.475718
10/11/2019,1639.118252,1905.679851,1764.992795
11/11/2019,1641.655996,1904.026604,1762.162762
12/11/2019,1642.749503,1906.142611,1765.609203
13/11/2019,1645.891548,1905.005204,1764.908554
14/11/2019,1645.141057,1907.439337,1765.677792
15/11/2019,1640.655894,1907.917384,1765.269612
16/11/2019,1638.705688,1905.754365,1762.32268
17/11/2019,1637.4532,1909.22707,1760.337877
18/11/2019,1632.553006,1910.061358,1758.553004
19/11/2019,1629.588593,1906.274277,1755.15164
20/11/2019,1626.597835,1901.222645,1751.953293
21/11/2019,1627.996675,1897.245848,1751.914908
22/11/2019,1625.653292,1898.573609,1753.554716
23/11/2019,1622.927062,1897.411706,1749.552735
24/11/2019,1623.513042,1897.425406,1746.409507
25/11/2019,1625.43651,1899.900169,1743.768212
26/11/2019,1624.31825,1902.683393,1747.267808
27/11/2019,1620.23157,1903.976096,1749.446927
28/11/2019,1619.967263,1901.537708,1751.699536
29/11/2019,1618.374184,1904.89737,1749.782255
30/11/2019,1618.276334,1900.668817,1752.324433
01/12/2019,1622.28245,1898.920256,1749.385589
02/12/2019,1618.8213,1900.381635,1750.936257
03/12/2019,1620.254782,1898.487325,1745.901573
04/12/2019,1619.861031,1899.683215,1746.911017
05/12/2019,1619.608643,1897.277969,1749.393355
06/12/2019,1621.119847,1893.371365,1750.433528
07/12/2019,1621.935605,1893.741847,1748.603422
08/12/2019,1618.493017,1895.531608,1746.175955
09/12/2019,1613.300472,1893.930521,1742.589799
10/12/2019,1611.521689,1890.792521,1739.785079
11/12/2019,1610.721519,1891.261892,1737.208566
12/12/2019,1609.42958,1891.127317,1739.061911
13/12/2019,1610.555976,1887.842763,1735.230514
14/12/2019,1608.468894,1891.333623,1735.027313
15/12/2019,1604.021959,1890.366352,1731.413496
16/12/2019,1598.387908,1887.111644,1730.388908
17/12/2019,1597.860921,1883.674189,1725.60173
18/12/2019,1596.522775,1880.02751,1723.748447
19/12/2019,1596.644348,1877.726679,1720.289752
20/12/2019,1597.888515,1875.242616,1714.756347
21/12/2019,1595.937354,1874.087165,1712.598395
22/12/2019,1597.836009,1871.20831,1711.917264
23/12/2019,1599.57995,1873.008715,1716.505737
24/12/2019,1596.261435,1874.61238,1716.844512
25/12/2019,1590.181571,1871.807032,1711.14935
26/12/2019,1587.659792,1867.586217,1707.290127
27/12/2019,1588.692876,1865.667329,1707.065679
28/12/2019,1587.239257,1868.961148,1705.859068
29/12/2019,1587.752827,1869.181389,1704.658147
30/12/2019,1588.81713,1870.700128,1708.758799
31/12/2019,1587.342552,1874.584326,1709.60976
01/01/2020,1587.532134,1876.948335,1706.938774
02/01/2020,1590.325321,1876.528606,1707.731859
03/01/2020,1593.932424,1875.950524,1711.150819
04/01/2020,1594.330164,1881.108216,1713.229162
05/01/2020,1589.130895,1879.86917,1712.710968
06/01/2020,1592.03679,1877.311307,1710.657759
07/01/2020,1591.7379,1883.972945,1715.302311
08/01/2020,1590.084067,1883.681436,1716.177163
09/01/2020,1590.71239,1882.740772,1716.739108
10/01/2020,1591.274343,1881.295614,1717.650063
11/01/2020,1593.420333,1882.432444,1718.161382
12/01/2020,1597.570837,1884.312877,1719.959563
13/01/2020,1598.97605,1886.38192,1722.310234
14/01/2020,1598.130961,1888.958689,1726.150271
15/01/2020,1597.245816,1889.626642,1724.141508
16/01/2020,1601.086502,1889.374387,1725.729582
17/01/2020,1601.765005,1889.022295,1726.401893
18/01/2020,1605.43945,1888.651761,1727.890828
19/01/2020,1607.258725,1895.079217,1732.485598
20/01/2020,1610.457738,1897.052551,1732.531635
21/01/2020,1610.770561,1899.526845,1733.184303
22/01/2020,1611.588268,1900.147592,1733.566777
23/01/2020,1611.66939,1899.62768,1735.357038
24/01/2020,1611.74451,1901.224926,1739.181998
25/01/2020,1609.658494,1902.294222,1736.058211
26/01/2020,1606.511366,1900.989962,1737.994341
27/01/2020,1607.111625,1898.00545,1734.82183
28/01/2020,1607.657853,1901.766679,1734.260989
29/01/2020,1613.170419,1906.056209,1735.687159
30/01/2020,1613.260691,1912.414712,1739.430174
31/01/2020,1608.935494,1915.009568,1735.503587
01/02/2020,1610.745055,1913.496321,1727.155022
02/02/2020,1610.151805,1916.883265,1731.282943
03/02/2020,1610.707237,1917.258748,1729.01071
04/02/2020,1613.646981,1915.487995,1727.919647
05/02/2020,1617.551515,1918.607897,1730.448311
06/02/2020,1618.631571,1921.419092,1733.18427
07/02/2020,1621.897234,1921.01481,1735.295096
08/02/2020,1625.775045,1922.763822,1738.626049
09/02/2020,1628.792359,1924.475046,1741.500943
10/02/2020,1631.315003,1928.09543,1745.678597
11/02/2020,1629.082036,1930.868563,1746.221103
12/02/2020,1625.438563,1931.814579,1745.918112
13/02/2020,1624.909037,1932.723069,1738.735818
14/02/2020,1626.083384,1931.298109,1741.857253
15/02/2020,1625.164484,1933.307981,1744.317002
16/02/2020,1626.363971,1934.468681,1744.3658
17/02/2020,1623.749975,1936.122617,1746.329953
18/02/2020,1625.413459,1928.248504,1747.390242
19/02/2020,1625.85534,1928.656828,1747.751408
20/02/2020,1625.309528,1925.761948,1745.681002
21/02/2020,1629.303169,1926.717381,1744.944963
22/02/2020,1628.531268,1928.358914,1745.164186
23/02/2020,1628.906225,1925.880705,1745.471625
24/02/2020,1626.107192,1924.968254,1742.841467
25/02/2020,1629.802176,1923.237301,1742.038807
26/02/2020,1632.807116,1925.881719,1740.483704
27/02/2020,1634.227572,1930.897364,1743.515554
28/02/2020,1631.541806,1933.689558,1743.325113
29/02/2020,1636.601253,1928.56554,1741.870345
01/03/2020,1634.245567,1933.382402,1747.192877
02/03/2020,1639.238978,1930.151227,1744.855917
03/03/2020,1637.44657,1933.995971,1753.082255
04/03/2020,1632.202101,1932.169258,1751.223916
05/03/2020,1637.314522,1928.794029,1748.072056
06/03/2020,1639.159993,1933.538783,1752.745657
07/03/2020,1640.169451,1934.372567,1754.559219
08/03/2020,1647.083511,1933.016428,1754.495883
09/03/2020,1650.850862,1941.344571,1757.064175
10/03/2020,1652.965839,1941.718312,1764.494074
11/03/2020,1652.4224,1942.008548,1766.254208
12/03/2020,1652.514157,1941.426335,1762.635725
13/03/2020,1654.61479,1944.441929,1764.110905
14/03/2020,1654.046626,1945.772898,1765.607789
15/03/2020,1656.706107,1948.319468,1768.137867
16/03/2020,1660.863307,1951.690716,1772.056996
17/03/2020,1662.33545,1956.596127,1774.555193
18/03/2020,1662.531828,1958.283979,1777.861978
19/03/2020,1667.053992,1955.162907,1779.493277
20/03/2020,1670.47912,1960.023577,1780.858304
21/03/2020,1674.503914,1959.726912,1780.625657
22/03/2020,1675.859584,1963.820545,1781.155936
23/03/2020,1677.218956,1964.984306,1787.107322
24/03/2020,1677.449407,1968.608704,1786.508854
25/03/2020,1674.392018,1969.735993,1784.734861
26/03/2020,1676.162314,1965.412,1783.135188
27/03/2020,1680.404461,1966.093211,1788.942201
28/03/2020,1680.221833,1969.009155,1789.649589
29/03/2020,1682.123959,1969.041994,1790.866471
30/03/2020,1683.281511,1970.152707,1795.544093
31/03/2020,1687.926295,1973.167004,1801.040339
01/04/2020,1688.670452,1973.814846,1807.159647
02/04/2020,1691.671836,1971.169147,1806.88731
03/04/2020,1690.416492,1974.698415,1807.792395
04/04/2020,1691.310088,1969.399283,1803.059584
05/04/2020,1693.572669,1967.507309,1802.054495
06/04/2020,1696.390665,1969.269069,1806.89534
07/04/2020,1696.686107,1973.146224,1812.475517
08/04/2020,1699.523713,1973.872892,1815.095354
09/04/2020,1699.239754,1975.566797,1815.671245
10/04/2020,1700.995727,1973.822895,1816.221157
11/04/2020,1703.431681,1975.092278,1815.526491
12/04/2020,1705.977076,1978.093827,1820.006638
13/04/2020,1707.173192,1979.973549,1822.516508
14/04/2020,1709.892009,1980.17736,1822.456923
15/04/2020,1711.104512,1981.435081,1823.082185
16/04/2020,1713.486876,1982.050133,1825.653958
17/04/2020,1711.343202,1986.597081,1827.411125
18/04/2020,1711.084776,1985.01461,1821.880956
19/04/2020,1708.125633,1984.382811,1821.43181
20/04/2020,1709.282268,1981.657603,1819.797358
21/04/2020,1712.570244,1982.208717,1823.838911
22/04/2020,1715.227806,1984.798415,1828.768832
23/04/2020,1716.833992,1987.294682,1828.943698
24/04/2020,1720.817891,1988.93923,1829.419825
25/04/2020,1725.400734,1991.066768,1830.938377
26/04/2020,1719.094588,1997.723155,1833.60501
27/04/2020,1724.045106,1991.710623,1829.91498
28/04/2020,1725.480205,1998.199609,1832.258383
29/04/2020,1727.345272,1998.203623,1831.98335
30/04/2020,1726.979282,2001.124212,1831.121985
01/05/2020,1727.76313,2001.676585,1831.767853
02/05/2020,1726.955193,2001.973932,1831.354571
03/05/2020,1728.327366,1999.690454,1832.426286
04/05/2020,1730.569548,2000.870423,1834.997648
05/05/2020,1732.186866,2006.057147,1836.789909
06/05/2020,1735.243595,2005.293115,1837.409321
07/05/2020,1732.545519,2009.519146,1837.125052
08/05/2020,1728.303255,2007.872825,1835.788491
09/05/2020,1731.157855,2008.520819,1833.286173
10/05/2020,1729.455377,2010.374359,1835.621546
11/05/2020,1731.26042,2010.696932,1831.095808
12/05/2020,1728.724443,2013.763378,1834.841702
13/05/2020,1731.433484,2012.475488,1830.567772
14/05/2020,1728.043933,2014.191469,1830.90932
15/05/2020,1730.998709,2013.271215,1827.206559
16/05/2020,1731.041184,2014.054116,1831.858922
17/05/2020,1735.791075,2014.987568,1832.397775
18/05/2020,1736.233408,2018.921071,1837.296678
19/05/2020,1738.571328,2019.627156,1837.669277
20/05/2020,1741.574111,2019.076366,1838.47571
21/05/2020,1738.464032,2022.617842,1840.501424
22/05/2020,1737.198095,2019.806708,1840.325889
23/05/2020,1739.916621,2018.864915,1838.540708
24/05/2020,1743.431202,2017.993737,1834.920567
25/05/2020,1748.66891,2020.290951,1839.610826
26/05/2020,1751.404008,2026.166809,1842.268995
27/05/2020,1752.194877,2028.236273,1842.706557
28/05/2020,1754.168243,2032.315034,1844.434398
29/05/2020,1755.415429,2032.979755,1845.545198
30/05/2020,1755.911782,2035.402811,1843.558496
31/05/2020,1754.492588,2033.184317,1848.267278
01/06/2020,1752.226423,2033.480107,1847.363512
02/06/2020,1753.805303,2036.53493,1848.19174
03/06/2020,1752.621514,2040.086716,1849.469839
04/06/2020,1754.292188,2038.511186,1847.565182
05/06/2020,1756.468912,2041.880106,1850.870063
06/06/2020,1757.498243,2043.168937,1855.472059
07/06/2020,1762.001671,2046.503015,1856.756536
08/06/2020,1761.880954,2047.702688,1856.623943
09/06/2020,1763.669478,2047.66034,1855.553505
10/06/2020,1763.799864,2050.249194,1859.582663
11/06/2020,1762.846527,2049.176113,1861.258662
12/06/2020,1762.164208,2046.149471,1860.558384
13/06/2020,1757.465301,2046.989936,1862.782553
14/06/2020,1764.240632,2044.872475,1860.753125
15/06/2020,1758.135104,2047.725957,1864.064931
16/06/2020,1764.052772,2044.332784,1860.709811
17/06/2020,1766.814041,2052.351783,1867.05022
18/06/2020,1767.282286,2055.610121,1874.56465
19/06/2020,1769.915493,2057.572131,1879.260424
20/06/2020,1773.770234,2057.357156,1880.875771
21/06/2020,1773.481435,2059.894766,1881.951965
22/06/2020,1775.138446,2060.359722,1883.019415
23/06/2020,1776.846984,2058.104317,1885.277853
24/06/2020,1776.178553,2061.523738,1887.739324
25/06/2020,1776.200404,2058.544256,1888.961729
26/06/2020,1778.390668,2059.543334,1892.59364
27/06/2020,1780.710101,2061.593999,1897.439756
28/06/2020,1778.443931,2065.468261,1898.188772
29/06/2020,1779.473814,2068.039553,1896.944768
30/06/2020,1776.195895,2071.601227,1896.771161
01/07/2020,1775.36041,2070.808039,1894.467739
02/07/2020,1773.598959,2072.054247,1894.357685
03/07/2020,1774.987535,2071.888915,1896.366671
04/07/2020,1773.783845,2073.8484,1896.901278
05/07/2020,1772.07737,2074.471347,1895.230955
06/07/2020,1769.283555,2073.339834,1893.737991
07/07/2020,1766.864813,2072.096751,1890.40736
08/07/2020,1761.313708,2071.637611,1885.387891
09/07/2020,1763.440735,2064.103423,1878.301582
10/07/2020,1758.699758,2066.267519,1877.739809
11/07/2020,1760.015785,2065.941814,1873.455324
12/07/2020,1755.836197,2071.896418,1875.142961
13/07/2020,1756.866819,2070.487767,1873.850309
14/07/2020,1754.726572,2071.729267,1874.934489
15/07/2020,1754.42513,2072.318019,1871.728209
16/07/2020,1757.061982,2070.322719,1873.216754
17/07/2020,1756.997985,2073.303319,1874.978848
18/07/2020,1754.855774,2074.851068,1871.278902
19/07/2020,1752.182806,2071.856458,1870.990251
20/07/2020,1750.199033,2071.905995,1868.01514
21/07/2020,1749.193193,2069.351113,1864.125067
22/07/2020,1745.748296,2070.398033,1866.300292
23/07/2020,1745.709455,2067.999262,1863.338594
24/07/2020,1745.419505,2071.21514,1863.885466
25/07/2020,1745.274558,2073.117346,1864.759706
26/07/2020,1746.583627,2072.317846,1865.300908
27/07/2020,1743.040507,2074.228667,1866.516564
28/07/2020,1738.258378,2070.04418,1868.422865
29/07/2020,1735.442247,2065.53659,1862.340538
30/07/2020,1729.658021,2063.661468,1861.696672
31/07/2020,1723.892406,2060.842789,1857.727862
01/08/2020,1722.380362,2054.43466,1850.774778
02/08/2020,1717.7429,2050.40725,1848.969811
03/08/2020,1714.553564,2048.175676,1846.871977
04/08/2020,1712.675527,2046.257565,1845.135922
05/08/2020,1714.944321,2044.047906,1844.852201
06/08/2020,1713.1803,2045.149838,1850.211656
07/08/2020,1712.282219,2043.114296,1849.62156
08/08/2020,1716.172112,2044.741955,1850.143888
09/08/2020,1711.770324,2047.016616,1853.420239
10/08/2020,1711.888298,2040.463814,1852.915257
11/08/2020,1715.542431,2038.928239,1855.999829
12/08/2020,1712.448656,2043.06114,1859.182151
13/08/2020,1715.351477,2040.153548,1854.683252
14/08/2020,1713.432581,2038.856223,1856.843481
15/08/2020,1712.140329,2037.384932,1861.086427
16/08/2020,1709.663766,2038.584408,1859.068726
17/08/2020,1711.688311,2038.059038,1856.606411
18/08/2020,1709.447157,2040.415521,1856.019672
19/08/2020,1709.388695,2036.550205,1852.787496
20/08/2020,1708.267854,2036.788832,1852.431466
21/08/2020,1708.911432,2036.915749,1853.08591
22/08/2020,1706.800202,2034.704086,1853.171174
23/08/2020,1705.032268,2035.98778,1849.678596
24/08/2020,1701.447387,2033.01318,1848.420101
25/08/2020,1694.276854,2027.778198,1844.045968
26/08/2020,1690.557661,2023.828758,1839.58175
27/08/2020,1689.361226,2022.003962,1833.020091
28/08/2020,1689.04447,2021.910245,1832.588308
29/08/2020,1685.248111,2021.423609,1829.700973
30/08/2020,1683.711491,2021.035978,1829.96999
31/08/2020,1685.154721,2019.279785,1824.548439
01/09/2020,1683.628639,2017.103447,1824.088908
02/09/2020,1683.753971,2016.40226,1822.912262
03/09/2020,1681.525282,2016.257898,1820.15783
04/09/2020,1682.153327,2017.272723,1819.865145
05/09/2020,1674.111022,2017.712243,1819.845378
06/09/2020,1671.172822,2012.379092,1813.284539
07/09/2020,1672.271234,2011.85939,1813.184464
08/09/2020,1671.113185,2013.862916,1811.280128
09/09/2020,1672.132338,2013.722235,1809.648876
10/09/2020,1669.905021,2013.40052,1812.209055
11/09/2020,1669.563111,2011.583782,1811.419479
12/09/2020,1667.46917,2011.195458,1813.145426
13/09/2020,1663.732158,2010.427267,1812.050321
14/09/2020,1668.154463,2009.963324,1809.267709
15/09/2020,1662.319468,2012.249653,1811.893975
16/09/2020,1663.546509,2007.278027,1808.713105
17/09/2020,1664.349197,2011.666847,1812.103178
18/09/2020,1659.517089,2011.495627,1810.819726
19/09/2020,1659.924941,2004.840954,1809.539087
20/09/2020,1655.724901,2000.424341,1809.533322
21/09/2020,1651.158117,1997.887258,1806.679823
22/09/2020,1650.901898,1992.448071,1804.176005
23/09/2020,1648.495356,1993.582326,1805.860823
24/09/2020,1647.383789,1989.323669,1807.197453
25/09/2020,1648.181227,1987.328245,1806.893985
26/09/2020,1645.536093,1988.765623,1809.466939
27/09/2020,1646.13616,1988.217934,1806.794758
28/09/2020,1648.266171,1989.725161,1807.135076
29/09/2020,1650.368965,1992.089018,1812.340528
30/09/2020,1651.771368,1992.584563,1814.449488
01/10/2020,1651.035428,1991.439673,1816.72976
02/10/2020,1646.816478,1991.299473,1817.670573
03/10/2020,1646.319483,1991.164389,1819.53027
04/10/2020,1641.940352,1989.421345,1819.376481
05/10/2020,1641.326933,1986.757359,1816.154518
06/10/2020,1639.95645,1984.793202,1815.546407
07/10/2020,1633.716898,1983.716002,1814.381346
08/10/2020,1628.650877,1980.865279,1812.310948
09/10/2020,1625.461898,1978.015562,1810.467223
10/10/2020,1625.19461,1978.259418,1805.527456
11/10/2020,1625.836271,1975.39881,1805.232914
12/10/2020,1628.863938,1977.468865,1806.555775
13/10/2020,1628.426011,1979.263307,1806.865691
14/10/2020,1623.963876,1981.141075,1805.599721
15/10/2020,1625.459336,1977.86911,1801.02128
16/10/2020,1624.911533,1977.54026,1804.041885
17/10/2020,1623.350613,1976.699482,1800.459444
18/10/2020,1623.472533,1975.072758,1799.072853
19/10/2020,1620.921475,1973.141295,1800.726021
20/10/2020,1617.068243,1966.964131,1794.324331
21/10/2020,1612.072182,1965.614091,1791.17292
22/10/2020,1609.287946,1963.657667,1789.602149
23/10/2020,1604.47067,1960.062355,1783.418964
24/10/2020,1603.47794,1953.713758,1779.79849
25/10/2020,1603.418955,1955.705755,1779.82959
26/10/2020,1604.259637,1951.970952,1781.132304
27/10/2020,1604.160145,1953.67297,1779.900906
28/10/2020,1603.147556,1952.841607,1778.690908
29/10/2020,1603.555822,1951.460352,1776.26741
30/10/2020,1604.856011,1951.429714,1775.930411
31/10/2020,1605.362877,1948.573279,1775.350186
01/11/2020,1602.602623,1946.771879,1772.397412
02/11/2020,1601.535204,1942.994094,1771.976794
03/11/2020,1603.349846,1940.870418,1771.614403
04/11/2020,1604.670501,1940.321468,1774.285614
05/11/2020,1604.180011,1941.629983,1776.656154
06/11/2020,1605.311588,1937.898617,1773.667826
07/11/2020,1603.396215,1939.027133,1774.418871
08/11/2020,1598.942239,1934.823797,1773.394585
09/11/2020,1598.05284,1929.077159,1769.539859
10/11/2020,1596.243196,1930.231362,1766.142316
11/11/2020,1593.172249,1927.192435,1764.662606
12/11/2020,1595.103166,1926.116692,1766.99461
13/11/2020,1591.824978,1926.757011,1765.990254
14/11/2020,1588.835267,1921.840954,1763.059507
15/11/2020,1590.50027,1920.576367,1763.965589
16/11/2020,1589.932418,1922.104363,1768.540214
17/11/2020,1590.327326,1921.428928,1767.98215
18/11/2020,1590.702771,1922.389879,1770.172258
19/11/2020,1592.091651,1917.622092,1771.738576
20/11/2020,1593.801344,1917.522215,1772.109878
21/11/2020,1594.470586,1921.327287,1773.321036
22/11/2020,1595.899959,1919.758778,1776.298905
23/11/2020,1593.247381,1918.71996,1775.355345
24/11/2020,1589.544139,1918.502791,1773.882846
25/11/2020,1588.790577,1911.786767,1770.309048
26/11/2020,1583.106351,1912.198431,1770.653884
27/11/2020,1578.358385,1907.051106,1767.913499
28/11/2020,1577.798206,1901.767185,1767.296757
29/11/2020,1578.371005,1903.66471,1762.893403
30/11/2020,1578.981644,1903.403386,1767.993796
01/12/2020,1576.468972,1902.322928,1768.692123
02/12/2020,1574.743183,1901.418843,1765.185285
03/12/2020,1571.91737,1899.816348,1762.50385
04/12/2020,1570.156755,1898.357068,1761.625886
05/12/2020,1572.724342,1899.074124,1761.511606
06/12/2020,1571.790846,1901.564861,1765.235578
07/12/2020,1569.518717,1901.795285,1765.820631
08/12/2020,1570.087127,1900.827094,1762.165272
09/12/2020,1571.97907,1902.829571,1762.784342
10/12/2020,1570.297816,1905.430249,1766.084289
11/12/2020,1570.414613,1905.813218,1763.693935
12/12/2020,1571.33472,1904.288184,1763.379344
13/12/2020,1572.560421,1902.174324,1767.21106
14/12/2020,1573.172322,1902.637672,1765.06218
15/12/2020,1572.769717,1906.648897,1762.311008
16/12/2020,1568.846641,1908.414344,1760.189762
17/12/2020,1568.168532,1904.672437,1760.199226
18/12/2020,1569.845568,1906.381298,1758.369216
19/12/2020,1571.696351,1907.47866,1759.257383
20/12/2020,1570.209064,1911.638113,1764.859618
21/12/2020,1573.176002,1910.798663,1765.170319
22/12/2020,1570.536046,1911.683537,1766.092112
23/12/2020,1569.099791,1909.540154,1761.334003
24/12/2020,1566.743389,1907.456842,1760.505088
25/12/2020,1565.983121,1906.749798,1757.80185
26/12/2020,1566.601038,1906.003158,1755.516246
27/12/2020,1561.090758,1905.549659,1754.593561
28/12/2020,1559.285654,1902.286307,1750.448866
29/12/2020,1563.619896,1898.028843,1749.194166
30/12/2020,1562.806128,1900.828857,1751.790487
31/12/2020,1563.107211,1900.543848,1753.048448
01/01/2021,1562.592436,1902.275731,1752.996107
02/01/2021,1562.617761,1902.870364,1751.947713
03/01/2021,1567.843655,1902.859021,1752.362798
04/01/2021,1569.751519,1908.529091,1755.99676
05/01/2021,1570.820089,1911.205571,1757.662189
06/01/2021,1572.561277,1909.465078,1755.900221
07/01/2021,1573.647709,1910.835293,1758.314583
08/01/2021,1576.259364,1910.181262,1761.134947
09/01/2021,1578.861109,1912.82628,1761.058601
10/01/2021,1582.109739,1915.085923,1764.597963
11/01/2021,1584.568416,1915.046693,1767.020822
12/01/2021,1584.369287,1916.413707,1771.082977
13/01/2021,1585.972989,1918.412818,1771.386268
14/01/2021,1590.722374,1921.974807,1769.591874
15/01/2021,1592.06653,1923.45649,1773.350012
16/01/2021,1590.834216,1924.592213,1772.14665
17/01/2021,1590.662905,1921.413231,1770.903282
18/01/2021,1586.296929,1920.222384,1771.487885
19/01/2021,1591.961339,1916.585472,1768.652014
20/01/2021,1593.870384,1922.288432,1771.675281
21/01/2021,1592.033336,1924.27638,1776.434748
22/01/2021,1594.707519,1922.64758,1779.272394
23/01/2021,1595.794043,1923.793926,1782.949242
24/01/2021,1597.185849,1924.182488,1781.744979
25/01/2021,1599.66181,1929.401364,1781.593183
26/01/2021,1603.409775,1931.294792,1783.272527
27/01/2021,1603.929005,1937.337351,1787.40864
28/01/2021,1605.248525,1934.196035,1787.310955
29/01/2021,1609.362501,1937.14085,1790.941962
30/01/2021,1611.560806,1939.452687,1795.941062
31/01/2021,1614.397032,1943.567679,1796.550215
01/02/2021,1616.862498,1946.830386,1801.623088
02/02/2021,1618.251669,1949.330644,1804.244736
03/02/2021,1622.16306,1947.508741,1804.131551
04/02/2021,1625.596667,1951.490167,1807.082307
05/02/2021,1631.387014,1955.136703,1810.082819
06/02/2021,1628.748035,1958.625375,1814.369256
07/02/2021,1631.936376,1957.907008,1812.983305
08/02/2021,1638.267178,1956.521977,1814.573427
09/02/2021,1639.641945,1955.619372,1819.489509
10/02/2021,1641.866802,1956.657461,1817.825796
11/02/2021,1641.708081,1956.380748,1821.375208
12/02/2021,1640.161076,1955.630469,1820.882329
13/02/2021,1641.055867,1954.711697,1822.12654
14/02/2021,1643.022508,1954.806408,1827.224317
15/02/2021,1641.417197,1957.280487,1830.239536
16/02/2021,1643.429916,1954.684475,1829.324691
17/02/2021,1642.115316,1956.121638,1826.738843
18/02/2021,1642.192849,1958.162326,1822.522463
19/02/2021,1640.950874,1959.294403,1828.421755
20/02/2021,1639.657113,1955.743172,1828.800408
21/02/2021,1641.244075,1956.246702,1824.384767
22/02/2021,1644.746603,1958.437302,1826.484658
23/02/2021,1644.48194,1959.208155,1826.030658
24/02/2021,1646.367491,1959.650533,1827.312101
25/02/2021,1646.25202,1961.084528,1828.023056
26/02/2021,1645.751984,1961.817348,1829.734473
27/02/2021,1646.435416,1960.668283,1828.132076
28/02/2021,1648.68004,1963.13012,1829.83391
01/03/2021,1650.130001,1967.076056,1831.643401
02/03/2021,1651.639122,1971.597282,1835.412927
03/03/2021,1649.551937,1973.640839,1837.295916
04/03/2021,1651.114994,1975.764591,1836.633355
05/03/2021,1651.967995,1975.075178,1839.507702
06/03/2021,1651.894643,1976.725314,1838.897061
07/03/2021,1655.255046,1973.967718,1840.211771
08/03/2021,1654.823608,1974.036209,1842.899133
09/03/2021,1655.962541,1974.677174,1843.621481
10/03/2021,1655.863112,1975.854897,1845.652957
11/03/2021,1656.410078,1976.405872,1846.438462
12/03/2021,1657.599059,1976.660565,1847.416127
13/03/2021,1657.243303,1978.61241,1848.80275
14/03/2021,1656.457596,1978.541023,1848.451738
15/03/2021,1656.346219,1974.925945,1847.26332
16/03/2021,1657.138079,1973.978457,1846.201038
17/03/2021,1658.883578,1973.163311,1845.022321
18/03/2021,1658.813368,1974.608061,1846.589776
19/03/2021,1660.564896,1975.890269,1845.592987
20/03/2021,1659.543287,1977.138816,1847.588998
21/03/2021,1663.85747,1977.794649,1843.404929
22/03/2021,1666.697739,1978.697871,1851.01562
23/03/2021,1672.449583,1979.442332,1854.591419
24/03/2021,1677.088128,1982.142355,1858.568042
25/03/2021,1678.393625,1984.149381,1861.810471
26/03/2021,1679.264816,1983.977211,1860.77364
27/03/2021,1678.922642,1983.828718,1860.352624
28/03/2021,1676.604902,1984.700604,1860.94735
29/03/2021,1676.016111,1984.715375,1860.892167
30/03/2021,1674.746663,1984.902716,1864.94389
31/03/2021,1679.039963,1986.021166,1865.438454
01/04/2021,1679.206947,1990.198498,1867.889404
02/04/2021,1680.365373,1991.200022,1869.19613
03/04/2021,1685.177149,1989.791992,1869.890373
04/04/2021,1686.447391,1990.839054,1871.955145
05/04/2021,1686.046457,1990.932057,1868.366769
06/04/2021,1683.47334,1993.822643,1871.088983
07/04/2021,1687.623827,1992.624952,1872.224699
08/04/2021,1684.505258,1995.202505,1877.501603
09/04/2021,1684.942491,1990.975711,1876.192271
10/04/2021,1686.965941,1995.477377,1878.597462
11/04/2021,1684.618044,1998.545038,1878.497576
12/04/2021,1688.245656,1996.681804,1873.746583
13/04/2021,1694.159685,1996.368389,1877.053472
14/04/2021,1696.243795,2001.406097,1880.496227
15/04/2021,1699.867778,2004.224811,1883.030125
16/04/2021,1698.114521,2006.079428,1881.763674
17/04/2021,1700.289712,2004.715788,1880.577665
18/04/2021,1701.46244,2005.68356,1879.942238
19/04/2021,1703.510292,2011.080235,1879.22822
20/04/2021,1702.350196,2012.641538,1881.283112
21/04/2021,1705.576005,2011.38312,1881.920802
22/04/2021,1712.037712,2015.481281,1885.307035
23/04/2021,1714.980377,2017.73318,1891.087639
24/04/2021,1720.43852,2020.16924,1892.476756
25/04/2021,1720.731859,2024.416442,1896.912344
26/04/2021,1725.177451,2024.261232,1899.745448
27/04/2021,1723.274983,2028.885823,1899.168929
28/04/2021,1723.57414,2025.947855,1897.705488
29/04/2021,1727.355179,2028.701865,1899.254782
30/04/2021,1730.072717,2029.199815,1904.660626
01/05/2021,1730.473466,2028.288112,1907.437582
02/05/2021,1728.620465,2031.391112,1911.136044
03/05/2021,1727.419178,2028.344116,1911.96589
04/05/2021,1730.655114,2028.429785,1908.034178
05/05/2021,1728.416937,2029.939527,1909.369889
06/05/2021,1725.626587,2024.924859,1905.462197
07/05/2021,1730.87559,2021.851959,1902.145745
08/05/2021,1734.645355,2022.773796,1907.331507
09/05/2021,1737.032243,2025.502047,1909.645464
10/05/2021,1738.899086,2028.748637,1911.60362
11/05/2021,1739.362199,2029.450501,1914.445018
12/05/2021,1745.321124,2029.530537,1912.579141
13/05/2021,1750.258541,2036.222854,1916.091785
14/05/2021,1751.722424,2039.597362,1919.342239
15/05/2021,1751.482237,2043.959487,1921.014026
16/05/2021,1752.197695,2044.103555,1921.338108
17/05/2021,1751.602899,2042.678698,1920.596624
18/05/2021,1753.331723,2040.230863,1920.653999
19/05/2021,1753.040615,2041.116642,1924.45362
20/05/2021,1751.23746,2040.585698,1925.827873
21/05/2021,1751.458154,2040.679679,1929.040517
22/05/2021,1750.606204,2040.019612,1926.455863
23/05/2021,1748.382417,2040.125584,1926.601578
24/05/2021,1751.144896,2034.793505,1926.320209
25/05/2021,1748.494488,2036.646055,1927.991637
26/05/2021,1748.558836,2035.407711,1925.65704
27/05/2021,1749.308102,2036.518585,1923.663148
28/05/2021,1748.936455,2039.262396,1924.777143
29/05/2021,1752.830368,2038.324735,1926.355968
30/05/2021,1750.783674,2044.353784,1931.416069
31/05/2021,1752.124193,2043.640223,1931.742128
01/06/2021,1751.728631,2045.142743,1930.141581
02/06/2021,1754.042226,2042.847415,1930.164817
03/06/2021,1753.430845,2048.399665,1929.943288
04/06/2021,1755.674587,2050.936252,1931.46495
05/06/2021,1758.260094,2050.28163,1930.086992
06/06/2021,1761.789847,2052.321147,1930.506107
07/06/2021,1762.385711,2052.975118,1934.119148
08/06/2021,1761.748569,2053.183438,1934.828747
09/06/2021,1760.375269,2051.83739,1932.423791
10/06/2021,1760.684351,2054.566099,1929.370108
11/06/2021,1759.724063,2056.934232,1926.319536
12/06/2021,1763.61581,2058.484258,1922.968954
13/06/2021,1765.442768,2061.938858,1922.299096
14/06/2021,1760.138176,2064.242938,1923.153575
15/06/2021,1760.312099,2059.301771,1918.913357
16/06/2021,1760.987808,2059.330672,1917.42535
17/06/2021,1763.398874,2062.445493,1916.759294
18/06/2021,1762.336566,2067.918108,1918.20109
19/06/2021,1758.64378,2066.951459,1916.306817
20/06/2021,1762.717003,2061.833363,1913.383865
21/06/2021,1763.597331,2064.392742,1917.891062
22/06/2021,1767.243068,2062.640063,1921.54627
23/06/2021,1766.137521,2064.894955,1924.360201
24/06/2021,1763.670661,2064.374901,1924.881162
25/06/2021,1765.099691,2064.27272,1923.479758
26/06/2021,1768.4171,2066.331693,1923.519648
27/06/2021,1770.403348,2067.056122,1924.195294
28/06/2021,1768.55847,2066.387779,1925.3801
29/06/2021,1773.852036,2064.613692,1925.358112
30/06/2021,1773.00698,2069.791639,1925.624001
01/07/2021,1771.325314,2068.074838,1922.109018
02/07/2021,1770.997085,2069.172295,1924.820252
03/07/2021,1772.841175,2068.322604,1926.811387
04/07/2021,1774.649823,2064.13814,1925.952178
05/07/2021,1774.233105,2063.404789,1928.811984
06/07/2021,1778.952484,2059.835796,1925.406412
07/07/2021,1775.634322,2060.189771,1929.816663
08/07/2021,1773.994968,2058.649842,1929.82587
09/07/2021,1776.199273,2058.621305,1930.200795
10/07/2021,1775.968506,2055.467973,1933.710191
11/07/2021,1779.966069,2054.976767,1929.449838
12/07/2021,1777.440178,2055.16783,1931.20313
13/07/2021,1776.766047,2051.792712,1930.138233
14/07/2021,1775.037853,2052.646429,1930.622112
15/07/2021,1775.333079,2048.722738,1927.681847
16/07/2021,1778.570635,2047.133155,1925.008307
17/07/2021,1778.345687,2052.207931,1930.023539
18/07/2021,1779.332594,2053.767266,1928.722963
19/07/2021,1781.013962,2052.334468,1929.345494
20/07/2021,1779.280605,2050.815496,1932.337388
21/07/2021,1780.841276,2051.058112,1927.81565
22/07/2021,1779.539325,2055.567461,1926.955408
23/07/2021,1779.828312,2055.160578,1923.08629
24/07/2021,1781.843842,2052.660589,1925.554925
25/07/2021,1780.695446,2051.993168,1926.915963
26/07/2021,1782.773245,2048.269838,1928.002295
27/07/2021,1785.090319,2048.208764,1932.245499
28/07/2021,1782.772008,2054.460344,1935.890779
29/07/2021,1782.941837,2052.737913,1934.88059
30/07/2021,1778.842158,2052.984524,1933.984352
31/07/2021,1778.528539,2050.015144,1929.853209
01/08/2021,1778.959611,2048.096157,1927.76008
02/08/2021,1776.816325,2046.592653,1927.957479
03/08/2021,1774.962725,2043.033394,1927.596041
04/08/2021,1774.775806,2039.023421,1932.038385
05/08/2021,1773.132564,2035.116221,1932.814936
06/08/2021,1772.369156,2036.538405,1932.72074
07/08/2021,1764.524915,2034.398417,1932.326989
08/08/2021,1765.455484,2027.541763,1928.293245
09/08/2021,1764.045327,2031.825514,1932.622141
10/08/2021,1764.120522,2029.797052,1930.691522
11/08/2021,1759.717946,2029.607777,1929.643544
12/08/2021,1755.657618,2025.841232,1925.798001
13/08/2021,1752.863991,2021.755563,1921.246029
14/08/2021,1751.005662,2021.296794,1919.318322
15/08/2021,1751.876461,2016.75613,1914.575356
16/08/2021,1748.140466,2019.655575,1914.883367
17/08/2021,1743.760658,2017.36443,1911.48208
18/08/2021,1743.260695,2019.735257,1907.938637
19/08/2021,1743.565649,2018.935545,1910.697021
20/08/2021,1741.572171,2016.445112,1909.608674
21/08/2021,1740.07355,2012.550899,1904.963979
22/08/2021,1739.492068,2012.27413,1901.317074
23/08/2021,1741.620084,2011.850245,1904.46775
24/08/2021,1739.877836,2013.265789,1906.261395
25/08/2021,1742.685493,2011.62947,1906.683367
26/08/2021,1742.631071,2012.607918,1903.811091
27/08/2021,1744.313817,2011.936846,1904.477287
28/08/2021,1740.898874,2012.93483,1903.85879
29/08/2021,1740.225706,2009.395917,1898.689482
30/08/2021,1741.119186,2007.940124,1898.910689
31/08/2021,1741.208441,2011.705613,1900.917618
01/09/2021,1736.241753,2009.29135,1901.370944
02/09/2021,1734.744681,2004.70623,1897.343124
03/09/2021,1737.280602,2004.431083,1895.987769
04/09/2021,1737.510313,2004.668633,1896.896591
05/09/2021,1736.09096,2006.993158,1897.37714
06/09/2021,1733.012912,2004.789427,1894.387033
07/09/2021,1729.481451,2000.58221,1894.137291
08/09/2021,1726.967517,1996.465069,1890.470424
09/09/2021,1727.164268,1998.039271,1889.075899
10/09/2021,1726.51343,1997.839875,1888.394415
11/09/2021,1728.307969,1999.436046,1884.402406
12/09/2021,1725.758518,2001.832454,1887.795519
13/09/2021,1726.275651,1998.222219,1884.259365
14/09/2021,1726.878816,1996.938918,1886.56666
15/09/2021,1725.833778,1996.571795,1889.129326
16/09/2021,1721.69129,1998.422777,1886.127131
17/09/2021,1721.469378,1997.124994,1883.878692
18/09/2021,1720.900287,2002.250473,1882.610203
19/09/2021,1719.174186,2003.144116,1883.038075
20/09/2021,1713.876401,2001.928959,1885.0355
21/09/2021,1711.10196,1996.677585,1883.005758
22/09/2021,1714.007905,1997.156935,1880.569921
23/09/2021,1710.531776,1999.692014,1878.562066
24/09/2021,1706.560234,1996.93985,1879.726017
25/09/2021,1708.22014,1996.004,1876.816731
26/09/2021,1707.283149,1997.314911,1876.782052
27/09/2021,1705.550266,1997.268095,1872.925014
28/09/2021,1703.534478,1995.90147,1869.737776
29/09/2021,1704.36088,1994.996827,1870.368457
30/09/2021,1705.734268,1993.515525,1871.050297
01/10/2021,1707.868645,1992.20567,1872.305496
02/10/2021,1708.696912,1994.244822,1872.878142
03/10/2021,1706.9489,1994.591199,1869.044101
04/10/2021,1699.622927,1994.389516,1867.481278
05/10/2021,1702.107714,1990.477658,1861.521989
06/10/2021,1700.277613,1991.100821,1859.993876
07/10/2021,1696.952025,1987.957863,1857.601938
08/10/2021,1696.922679,1987.306681,1857.076631
09/10/2021,1694.625275,1985.092413,1854.681483
10/10/2021,1694.561473,1981.357473,1854.590762
11/10/2021,1692.786311,1979.422317,1854.125178
12/10/2021,1693.734191,1979.800777,1851.712162
13/10/2021,1695.879682,1979.790702,1850.383449
14/10/2021,1693.503855,1983.986507,1853.008269
15/10/2021,1691.028528,1981.315781,1850.734629
16/10/2021,1691.015842,1975.521231,1847.190603
17/10/2021,1692.931614,1978.680572,1844.081535
18/10/2021,1690.93462,1982.605103,1842.548218
19/10/2021,1693.487174,1982.290935,1841.073374
20/10/2021,1696.015652,1984.450477,1838.787196
21/10/2021,1692.613501,1984.004001,1842.889843
22/10/2021,1691.647836,1983.591244,1843.95692
23/10/2021,1693.956419,1986.445538,1841.653552
24/10/2021,1696.302804,1990.288237,1841.159625
25/10/2021,1694.056855,1990.786104,1841.351362
26/10/2021,1688.583742,1987.68156,1838.500174
27/10/2021,1686.604576,1982.649167,1832.893283
28/10/2021,1683.511058,1984.946786,1828.155923
29/10/2021,1682.425926,1982.77875,1828.342642
30/10/2021,1680.138383,1984.406026,1827.752367
31/10/2021,1680.22871,1983.851969,1826.79351
01/11/2021,1677.298715,1984.220054,1826.366436
02/11/2021,1674.860589,1981.058889,1823.112667
03/11/2021,1678.475879,1980.571421,1820.277933
04/11/2021,1676.462974,1983.892211,1820.27012
05/11/2021,1679.437901,1984.043622,1816.373082
06/11/2021,1680.878835,1986.180027,1816.179104
07/11/2021,1681.019753,1988.882771,1816.337135
08/11/2021,1680.096077,1987.022621,1816.72822
09/11/2021,1680.507773,1987.182432,1813.661056
10/11/2021,1679.054888,1984.695932,1815.771447
11/11/2021,1677.017704,1982.907753,1814.956606
12/11/2021,1673.289886,1981.414733,1814.700466
13/11/2021,1673.729343,1976.624278,1812.172826
14/11/2021,1674.461939,1975.15082,1811.411334
15/11/2021,1674.59998,1980.418637,1809.77292
16/11/2021,1672.752616,1979.149709,1809.282434
17/11/2021,1672.712902,1978.836545,1805.811113
18/11/2021,1668.853766,1980.043273,1807.699022
19/11/2021,1671.098064,1975.606627,1803.924478
20/11/2021,1667.798532,1976.599007,1802.99745
21/11/2021,1669.404703,1973.554139,1800.503411
22/11/2021,1667.019267,1975.906401,1803.873904
23/11/2021,1667.280554,1974.07294,1803.972108
24/11/2021,1665.974805,1973.025158,1803.718706
25/11/2021,1664.314549,1970.477814,1798.343224
26/11/2021,1659.751908,1971.014832,1797.660606
27/11/2021,1661.307488,1966.03793,1795.988728
28/11/2021,1660.677827,1963.615731,1794.451182
29/11/2021,1659.167172,1965.25062,1792.275254
30/11/2021,1662.572341,1964.148619,1792.069546
01/12/2021,1662.573788,1965.769328,1795.750025
02/12/2021,1658.966787,1965.938607,1798.71437
03/12/2021,1656.561388,1966.122323,1798.064467
04/12/2021,1653.884277,1967.952385,1798.362443
05/12/2021,1655.424364,1965.52513,1794.377927
06/12/2021,1652.949522,1965.962823,1796.705863
07/12/2021,1649.569562,1963.542908,1795.311151
08/12/2021,1648.859409,1961.027059,1794.423792
09/12/2021,1649.465015,1958.427858,1792.781191
10/12/2021,1648.768674,1959.228086,1794.589601
11/12/2021,1649.765644,1958.628484,1791.660489
12/12/2021,1650.186525,1957.501094,1789.064045
13/12/2021,1653.070712,1958.111395,1786.399868
14/12/2021,1648.547545,1959.556609,1787.826992
15/12/2021,1648.252836,1956.921854,1783.236806
16/12/2021,1647.07472,1951.871979,1783.650649
17/12/2021,1646.060653,1950.070273,1782.095695
18/12/2021,1646.032045,1945.370533,1778.775273
19/12/2021,1644.524162,1947.48611,1780.971569
20/12/2021,1646.770783,1947.928442,1778.385305
21/12/2021,1639.65061,1945.970721,1778.475799
22/12/2021,1634.246803,1941.287256,1772.689972
23/12/2021,1628.063835,1936.828607,1767.912993
24/12/2021,1629.670225,1931.407612,1760.063981
25/12/2021,1627.979883,1934.817711,1761.96415
26/12/2021,1629.488588,1932.252936,1759.238146
27/12/2021,1629.256245,1933.865202,1762.142289
28/12/2021,1626.071607,1930.782868,1760.459862
29/12/2021,1624.218344,1927.174465,1759.647624
30/12/2021,1625.394689,1926.113055,1757.460381
31/12/2021,1625.817547,1925.790174,1755.226223
01/01/2022,1629.359058,1925.616951,1756.342019
02/01/2022,1633.85114,1930.379765,1756.041519
03/01/2022,1633.627456,1936.027645,1761.248721
04/01/2022,1632.827387,1934.515454,1762.601426
05/01/2022,1635.71257,1935.195838,1764.364372
06/01/2022,1638.958374,1937.858101,1768.832857
07/01/2022,1640.683061,1940.239379,1767.447467
08/01/2022,1641.385968,1939.174547,1769.649256
09/01/2022,1643.208632,1938.718993,1770.00172
10/01/2022,1645.826517,1938.138678,1767.054656
11/01/2022,1648.128023,1940.244815,1770.783037
12/01/2022,1646.476679,1940.652755,1773.27665
13/01/2022,1649.718191,1938.991848,1771.084204
14/01/2022,1651.298573,1942.585336,1772.655271
15/01/2022,1649.591799,1942.234089,1775.560611
16/01/2022,1648.561017,1943.469189,1773.223145
17/01/2022,1654.123006,1944.475438,1774.269293
18/01/2022,1656.301397,1946.200583,1776.629197
19/01/2022,1654.732184,1947.487466,1777.773348
20/01/2022,1653.697599,1941.596242,1776.752395
21/01/2022,1651.73846,1940.976552,1774.059158
22/01/2022,1649.89819,1939.962703,1772.173702
23/01/2022,1652.383469,1939.049758,1771.106967
24/01/2022,1654.851666,1945.109978,1771.393247
25/01/2022,1652.988772,1947.141738,1773.16504
26/01/2022,1654.436557,1944.867475,1771.589251
27/01/2022,1657.752742,1945.96369,1775.160378
28/01/2022,1660.360056,1949.974299,1774.651107
29/01/2022,1659.503777,1952.148884,1776.109475
30/01/2022,1658.130361,1953.588429,1774.449519
31/01/2022,1659.130487,1954.924806,1778.919677
01/02/2022,1658.612098,1959.423866,1775.61775
02/02/2022,1658.399502,1959.596707,1773.87323
03/02/2022,1663.153369,1956.632776,1771.479628
04/02/2022,1663.621684,1959.930716,1776.918143
05/02/2022,1665.458657,1955.738462,1776.332276
06/02/2022,1666.381385,1954.82229,1776.895332
07/02/2022,1665.691084,1955.420911,1777.737435
08/02/2022,1663.293607,1952.579164,1775.065284
09/02/2022,1659.085598,1953.033189,1773.51051
10/02/2022,1660.209617,1951.536113,1769.016718
11/02/2022,1662.335366,1954.967102,1770.831387
12/02/2022,1662.900113,1956.965755,1771.0807
13/02/2022,1665.610072,1957.824262,1770.569762
14/02/2022,1664.525219,1962.202032,1775.920279
15/02/2022,1672.446892,1967.082033,1776.577554
16/02/2022,1678.540405,1971.995154,1781.789326
17/02/2022,1678.880086,1973.984661,1784.476644
18/02/2022,1683.029954,1973.224624,1787.213345
19/02/2022,1684.243577,1974.427909,1790.511205
20/02/2022,1682.122138,1975.636555,1791.688294
21/02/2022,1681.976353,1970.264594,1791.373855
22/02/2022,1688.023244,1971.407787,1786.551526
23/02/2022,1692.154438,1974.467565,1789.125945
24/02/2022,1687.113009,1974.481958,1793.601348
25/02/2022,1688.275563,1972.224608,1787.719764
26/02/2022,1688.531324,1971.668897,1788.368317
27/02/2022,1688.61339,1973.541522,1791.195925
28/02/2022,1685.992066,1972.790333,1794.877066
01/03/2022,1687.594968,1971.13209,1795.135366
02/03/2022,1692.850189,1972.165172,1793.62857
03/03/2022,1696.638888,1974.397853,1798.628936
04/03/2022,1701.697811,1979.489738,1801.027798
05/03/2022,1698.113877,1985.149431,1805.461446
06/03/2022,1697.170965,1982.451115,1804.990615
07/03/2022,1699.031632,1982.608472,1804.180487
08/03/2022,1697.388648,1984.483153,1809.312553
09/03/2022,1698.382947,1985.921007,1806.508375
10/03/2022,1700.710847,1987.934761,1807.309482
11/03/2022,1701.56075,1994.71551,1809.472017
12/03/2022,1699.275326,1996.678592,1812.189556
13/03/2022,1699.413444,1997.029115,1809.572886
14/03/2022,1699.084283,1998.799845,1806.817774
15/03/2022,1701.425111,1998.043681,1801.993516
16/03/2022,1700.073662,2000.092062,1802.566124
17/03/2022,1700.02897,1999.967169,1799.888758
18/03/2022,1702.561377,1998.192386,1796.201353
19/03/2022,1704.595554,2003.395141,1796.250868
20/03/2022,1702.762902,2006.91358,1796.664156
21/03/2022,1704.299809,2005.405408,1795.46883
22/03/2022,1704.374069,2004.684975,1795.931333
23/03/2022,1704.105778,2004.847961,1795.117886
24/03/2022,1706.237907,2005.993874,1794.209455
25/03/2022,1703.097223,2006.886121,1795.824263
26/03/2022,1701.841729,2004.630973,1794.797092
27/03/2022,1705.903706,2005.115345,1792.585966
28/03/2022,1710.216113,2008.675923,1798.664439
29/03/2022,1712.959203,2011.55529,1802.491174
30/03/2022,1710.288231,2012.941903,1805.06693
31/03/2022,1708.853782,2010.014529,1804.041805
01/04/2022,1714.546107,2010.0365,1803.202142
02/04/2022,1712.302517,2012.542231,1805.93039
03/04/2022,1714.734016,2007.953141,1802.525637
04/04/2022,1715.327699,2008.784791,1803.532995
05/04/2022,1723.429383,2012.669811,1803.326002
06/04/2022,1729.212723,2015.474035,1809.946446
07/04/2022,1730.619218,2017.882448,1817.02338
08/04/2022,1731.360676,2017.754003,1816.749888
09/04/2022,1732.770664,2017.322234,1819.22429
10/04/2022,1734.293706,2017.238761,1821.721495
11/04/2022,1734.580526,2020.006649,1820.054662
12/04/2022,1735.701314,2019.592939,1822.326608
13/04/2022,1731.922887,2022.158565,1826.251651
14/04/2022,1735.112214,2018.472666,1824.452591
15/04/2022,1736.999773,2019.63998,1826.985349
16/04/2022,1736.262265,2020.906745,1829.098947
17/04/2022,1734.447498,2021.181195,1827.716277
18/04/2022,1735.250465,2021.276671,1827.970148
19/04/2022,1732.17563,2019.453745,1830.973667
20/04/2022,1738.223717,2016.335381,1832.021449
21/04/2022,1737.133789,2022.256391,1832.432127
22/04/2022,1739.155611,2022.299853,1833.493116
23/04/2022,1737.386781,2023.356965,1835.855275
24/04/2022,1735.644138,2023.535788,1835.514563
25/04/2022,1736.508665,2021.581913,1833.705139
26/04/2022,1741.466143,2021.171501,1830.578383
27/04/2022,1742.48813,2023.338637,1836.454403
28/04/2022,1747.104593,2027.465723,1835.968081
29/04/2022,1744.709554,2031.636978,1841.208638
30/04/2022,1745.740594,2029.937521,1841.700234
01/05/2022,1746.052007,2029.778882,1839.9068
02/05/2022,1744.906132,2030.41007,1838.271338
03/05/2022,1744.954722,2028.32195,1840.656418
04/05/2022,1745.674923,2029.351773,1838.222555
05/05/2022,1751.044705,2031.717102,1843.536385
06/05/2022,1748.961183,2034.642725,1843.678499
07/05/2022,1749.493126,2030.980696,1843.725782
08/05/2022,1750.405224,2033.241695,1844.441804
09/05/2022,1750.598107,2033.053841,1841.266445
10/05/2022,1750.635827,2035.701454,1842.19719
11/05/2022,1749.606002,2035.143407,1842.693567
12/05/2022,1747.659452,2034.913066,1839.731583
13/05/2022,1752.14124,2033.249734,1839.143785
14/05/2022,1751.753741,2037.526347,1844.311373
15/05/2022,1751.707645,2039.700422,1844.745226
16/05/2022,1753.612414,2037.548649,1839.548101
17/05/2022,1757.716535,2039.032254,1841.817716
18/05/2022,1759.374878,2043.389002,1846.214859
19/05/2022,1763.10011,2043.331369,1847.067398
20/05/2022,1764.183632,2046.574945,1848.536504
21/05/2022,1761.495954,2048.45218,1850.419923
22/05/2022,1763.596257,2048.859544,1847.594174
23/05/2022,1766.421783,2050.386037,1847.589245
24/05/2022,1766.137772,2053.60272,1852.168014
25/05/2022,1763.784014,2052.719183,1850.597208
26/05/2022,1764.92423,2053.38839,1852.29117
27/05/2022,1762.855263,2057.076175,1854.793303
28/05/2022,1760.131484,2055.106534,1856.230203
29/05/2022,1762.636924,2054.334086,1854.381396
30/05/2022,1765.220493,2056.234923,1854.445747
31/05/2022,1765.349277,2056.572579,1860.911003
01/06/2022,1764.89514,2056.809159,1862.582393
02/06/2022,1767.404477,2056.756538,1859.921916
03/06/2022,1768.736582,2060.277557,1863.41657
04/06/2022,1771.640798,2062.411032,1865.054539
05/06/2022,1775.573097,2063.952387,1869.835901
06/06/2022,1776.236547,2069.305918,1877.563091
07/06/2022,1776.407805,2070.340941,1877.791836
08/06/2022,1779.350731,2073.039167,1880.151091
09/06/2022,1781.407958,2074.823038,1879.989194
10/06/2022,1780.614123,2077.13245,1877.561133
11/06/2022,1777.805874,2078.450096,1880.304607
12/06/2022,1778.684001,2076.900835,1878.106982
13/06/2022,1778.596548,2078.480947,1879.694406
14/06/2022,1784.522308,2080.025717,1878.797318
15/06/2022,1789.283211,2084.605269,1881.728465
16/06/2022,1786.310161,2086.821624,1884.822531
17/06/2022,1787.464723,2088.016819,1885.488936
18/06/2022,1787.63295,2087.067595,1887.929117
19/06/2022,1785.926001,2088.838021,1890.141861
20/06/2022,1786.527237,2084.57693,1888.879107
21/06/2022,1787.596585,2082.195711,1891.482673
22/06/2022,1788.754937,2085.327468,1893.163991
23/06/2022,1787.232014,2088.472601,1893.260506
24/06/2022,1787.527013,2088.360648,1890.813646
25/06/2022,1790.605656,2087.422185,1892.152433
26/06/2022,1791.661256,2091.826757,1892.233792
27/06/2022,1791.194766,2091.229116,1893.595941
28/06/2022,1790.342345,2092.467947,1892.264494
29/06/2022,1792.778355,2096.080039,1890.513227
30/06/2022,1795.872856,2096.938036,1889.901671
01/07/2022,1795.23493,2095.75624,1891.73246
02/07/2022,1797.361799,2092.453875,1889.895434
03/07/2022,1796.97144,2089.411457,1892.653191
04/07/2022,1801.427991,2093.20385,1895.137982
05/07/2022,1801.199108,2094.382637,1897.004039
06/07/2022,1797.61698,2091.308468,1897.74701
07/07/2022,1794.196341,2089.514888,1896.009919
08/07/2022,1793.543391,2086.56409,1892.175586
09/07/2022,1792.717315,2084.973587,1892.436113
10/07/2022,1786.51748,2084.633662,1890.519208
11/07/2022,1786.18948,2082.141515,1887.111893
12/07/2022,1779.357301,2082.353503,1887.208479
13/07/2022,1775.712219,2076.474255,1884.980125
14/07/2022,1778.670693,2073.584047,1879.800979
15/07/2022,1776.390136,2074.291331,1880.745526
16/07/2022,1771.673852,2071.206426,1878.583916
17/07/2022,1768.153779,2070.665247,1874.724599
18/07/2022,1761.705937,2070.955083,1872.950596
19/07/2022,1763.319158,2064.705615,1865.997179
20/07/2022,1759.923589,2065.443482,1864.968485
21/07/2022,1758.855347,2063.901307,1862.279511
22/07/2022,1756.8923,2062.040051,1859.365063
23/07/2022,1760.05328,2063.043898,1857.417747
24/07/2022,1757.661814,2063.915156,1857.772283
25/07/2022,1755.265824,2063.112961,1857.772962
26/07/2022,1749.224329,2060.624933,1855.451572
27/07/2022,1751.146756,2056.654795,1853.780787
28/07/2022,1754.376136,2061.929002,1856.304925
29/07/2022,1754.263251,2059.212462,1859.501684
30/07/2022,1753.987747,2059.115491,1864.340225
31/07/2022,1754.694948,2056.710785,1866.225345
01/08/2022,1752.090879,2054.767521,1867.386474
02/08/2022,1751.459367,2054.627347,1865.218469
03/08/2022,1748.693139,2053.39065,1865.500033
04/08/2022,1745.943606,2049.718217,1861.457953
05/08/2022,1745.865473,2046.761269,1861.098209
06/08/2022,1742.998113,2047.022312,1864.837217
07/08/2022,1737.976584,2042.666209,1865.701718
08/08/2022,1734.917949,2038.058111,1861.686097
09/08/2022,1734.64822,2035.137281,1856.725042
10/08/2022,1734.520134,2033.003848,1855.528375
11/08/2022,1736.745459,2032.498065,1852.530452
12/08/2022,1736.544253,2031.752865,1850.61407
13/08/2022,1734.860135,2033.128471,1846.388285
14/08/2022,1733.538021,2032.905671,1846.418067
15/08/2022,1729.997251,2030.206759,1843.983088
16/08/2022,1729.665385,2027.456246,1840.539722
17/08/2022,1728.234581,2028.698344,1839.958983
18/08/2022,1728.58432,2026.143582,1841.946566
19/08/2022,1729.667539,2022.278744,1839.877828
20/08/2022,1726.450162,2022.76047,1835.652535
21/08/2022,1727.424573,2016.512004,1837.017136
22/08/2022,1723.210932,2019.766207,1837.528758
23/08/2022,1724.445328,2015.325334,1833.832855
24/08/2022,1723.338392,2014.485987,1831.02341
25/08/2022,1720.234614,2013.540414,1829.527769
26/08/2022,1723.828405,2010.69711,1829.246451
27/08/2022,1721.496677,2012.748897,1830.593453
28/08/2022,1717.643974,2008.731868,1832.5693
29/08/2022,1713.890424,2009.082145,1830.094529
30/08/2022,1712.825054,2007.766032,1826.650382
31/08/2022,1709.493814,2004.21383,1825.121479
01/09/2022,1716.939354,2001.635521,1821.93147
02/09/2022,1716.552213,2004.673984,1823.18356
03/09/2022,1719.626955,2006.582737,1820.96321
04/09/2022,1716.962675,2006.295011,1823.524142
05/09/2022,1715.600422,2005.146085,1819.935609
06/09/2022,1717.354095,2007.0509,1816.96003
07/09/2022,1716.249164,2005.583743,1818.377693
08/09/2022,1711.426749,2003.201649,1820.874575
09/09/2022,1712.063682,1994.895749,1817.893849
10/09/2022,1709.974529,1996.465791,1815.951969
11/09/2022,1710.337557,1992.682221,1814.534533
12/09/2022,1707.427525,1992.397943,1814.014666
13/09/2022,1706.915411,1989.299051,1816.278602
14/09/2022,1703.767286,1991.439319,1811.193183
15/09/2022,1707.408143,1991.308561,1811.888825
16/09/2022,1705.280381,1992.606214,1813.492424
17/09/2022,1706.20113,1988.590835,1807.917055
18/09/2022,1705.444143,1988.283284,1805.573344
19/09/2022,1704.337801,1990.542724,1807.206583
20/09/2022,1702.18466,1988.270304,1807.51669
21/09/2022,1699.548401,1989.931354,1803.999686
22/09/2022,1693.6637,1990.862563,1803.338458
23/09/2022,1690.179033,1985.461836,1798.511252
24/09/2022,1685.361491,1985.528405,1796.051821
25/09/2022,1687.830573,1982.879676,1791.001127
26/09/2022,1685.416713,1983.755411,1792.013217
27/09/2022,1685.711981,1982.902867,1790.923288
28/09/2022,1683.953443,1982.530985,1790.025035
29/09/2022,1687.557308,1981.018874,1785.155665
30/09/2022,1682.985963,1982.989753,1785.954076
01/10/2022,1682.351483,1976.982935,1784.345049
02/10/2022,1684.368782,1971.840957,1782.403463
03/10/2022,1680.957337,1969.935757,1782.303396
04/10/2022,1680.760701,1968.965473,1779.543295
05/10/2022,1678.713257,1967.794253,1779.707276
06/10/2022,1675.515974,1966.382883,1776.885112
07/10/2022,1671.969077,1964.860474,1773.819771
08/10/2022,1675.609391,1961.241527,1768.703856
09/10/2022,1672.396353,1966.15513,1767.990449
10/10/2022,1672.311409,1965.319794,1765.179144
11/10/2022,1671.275053,1963.081903,1767.100769
12/10/2022,1670.050653,1962.16158,1771.045111
13/10/2022,1668.531316,1957.773579,1769.712899
14/10/2022,1667.143307,1956.346511,1770.067978
15/10/2022,1666.516156,1956.285323,1769.232199
16/10/2022,1664.981004,1955.25828,1771.828327
17/10/2022,1666.691453,1956.131649,1769.760937
18/10/2022,1667.29091,1958.009964,1772.214979
19/10/2022,1666.528427,1958.814169,1771.53042
20/10/2022,1666.296065,1957.904552,1769.788156
21/10/2022,1663.283863,1958.418883,1766.106003
22/10/2022,1665.339499,1956.789493,1765.438074
23/10/2022,1664.553301,1957.63699,1763.671369
24/10/2022,1663.284974,1954.859258,1762.732554
25/10/2022,1662.348382,1951.753487,1762.367474
26/10/2022,1662.635241,1948.896356,1760.115747
27/10/2022,1657.860967,1948.92546,1758.662303
28/10/2022,1654.335601,1942.415596,1756.956082
29/10/2022,1657.085312,1941.440323,1753.998919
30/10/2022,1657.328571,1942.909654,1755.235463
31/10/2022,1656.14346,1941.517359,1754.429025
01/11/2022,1660.408457,1938.872084,1749.911401
02/11/2022,1661.461239,1943.51147,1751.381589
03/11/2022,1664.196932,1946.440931,1749.829197
04/11/2022,1659.62189,1947.895223,1748.553788
05/11/2022,1656.03452,1944.875498,1746.133465
06/11/2022,1655.346319,1941.385537,1740.258534
07/11/2022,1656.978101,1939.044157,1736.043333
08/11/2022,1653.676247,1943.334841,1738.350816
09/11/2022,1648.644545,1940.430764,1736.917573
10/11/2022,1647.079469,1936.151867,1736.030939
11/11/2022,1646.39806,1937.780911,1732.677699
12/11/2022,1646.08888,1935.270346,1731.069346
13/11/2022,1644.948099,1934.316395,1727.930572
14/11/2022,1642.357444,1932.057527,1724.806948
15/11/2022,1643.746057,1929.138706,1720.111676
16/11/2022,1642.911492,1931.089726,1719.113301
17/11/2022,1640.057819,1929.747111,1719.0601
18/11/2022,1640.394843,1927.521447,1711.570936
19/11/2022,1641.615636,1927.542957,1712.005427
20/11/2022,1638.728263,1926.587481,1712.548514
21/11/2022,1636.917143,1923.786266,1709.164582
22/11/2022,1634.349871,1922.372571,1708.900528
23/11/2022,1637.242594,1917.956714,1707.706843
24/11/2022,1638.460477,1918.925847,1709.097116
25/11/2022,1636.521901,1920.652297,1710.993958
26/11/2022,1636.461284,1912.983987,1710.239975
27/11/2022,1634.886054,1910.877039,1709.489453
28/11/2022,1632.635068,1910.540182,1706.721074
29/11/2022,1630.785775,1907.280362,1705.675734
30/11/2022,1626.872762,1908.488165,1704.21878
01/12/2022,1620.686851,1902.46397,1700.457556
02/12/2022,1619.764176,1898.274956,1696.972428
03/12/2022,1622.70943,1896.418018,1696.695434
04/12/2022,1622.669779,1897.202767,1699.122943
05/12/2022,1624.580731,1895.102988,1700.792854
06/12/2022,1619.451984,1894.880968,1706.466914
07/12/2022,1622.843244,1893.468647,1701.986082
08/12/2022,1622.2504,1896.928377,1702.660195
09/12/2022,1618.347583,1896.411758,1702.903245
10/12/2022,1619.354193,1891.537393,1698.30709
11/12/2022,1621.033689,1891.956953,1700.964674
12/12/2022,1619.902523,1895.827321,1703.668426
13/12/2022,1614.628082,1896.149017,1704.505728
14/12/2022,1611.333221,1892.396951,1705.025088
15/12/2022,1612.536687,1891.190827,1702.259684
16/12/2022,1608.584091,1887.728313,1703.521826
17/12/2022,1603.86782,1881.542996,1701.405204
18/12/2022,1603.862861,1877.940733,1696.837363
19/12/2022,1604.365481,1874.222079,1697.462273
20/12/2022,1604.74545,1872.489561,1702.44058
21/12/2022,1600.508959,1872.316957,1702.779712
22/12/2022,1601.977445,1871.180413,1698.510688
23/12/2022,1603.38565,1873.609821,1697.2669
24/12/2022,1601.751404,1873.455052,1693.758223
25/12/2022,1604.277902,1870.69849,1693.130428
26/12/2022,1601.865819,1870.609254,1697.506296
27/12/2022,1600.683642,1868.168185,1695.43721
28/12/2022,1602.23708,1864.80644,1692.156655
29/12/2022,1599.480492,1865.517674,1692.07494
30/12/2022,1596.26685,1863.77362,1693.483544
31/12/2022,1597.615624,1858.729579,1686.709091
01/01/2023,1598.984037,1860.889779,1687.948673
02/01/2023,1602.865336,1859.226198,1688.718085
03/01/2023,1601.796842,1861.357237,1694.143153
04/01/2023,1599.168792,1858.493666,1691.912751
05/01/2023,1597.227396,1858.976732,1689.939231
06/01/2023,1594.971419,1860.566986,1693.341171
07/01/2023,1599.137639,1859.724655,1695.66818
08/01/2023,1599.992111,1866.241637,1697.994878
09/01/2023,1598.517843,1870.912753,1699.798385
10/01/2023,1604.304405,1873.741432,1698.489308
11/01/2023,1603.635817,1878.796553,1704.980892
12/01/2023,1607.116517,1877.183735,1705.578719
13/01/2023,1605.098589,1879.423838,1707.978658
14/01/2023,1602.406841,1878.317728,1705.002907
15/01/2023,1603.475525,1879.223632,1702.202567
16/01/2023,1604.080104,1879.946895,1704.25935
17/01/2023,1604.951635,1880.750778,1702.555188
18/01/2023,1605.454715,1882.331052,1706.930095
19/01/2023,1609.016902,1882.233691,1706.849657
20/01/2023,1609.252638,1883.533654,1707.782942
21/01/2023,1606.967508,1882.823381,1710.622057
22/01/2023,1611.60492,1882.25917,1707.755545
23/01/2023,1611.548048,1887.170424,1712.867271
24/01/2023,1611.656482,1887.25415,1711.793042
25/01/2023,1612.480245,1888.683139,1713.182122
26/01/2023,1617.427984,1889.788475,1714.282248
27/01/2023,1619.337204,1889.614268,1717.578282
28/01/2023,1622.973663,1893.105349,1719.155039
29/01/2023,1624.847636,1897.532802,1725.063653
30/01/2023,1625.038798,1900.800136,1728.250989
31/01/2023,1627.657966,1904.589987,1725.027106
01/02/2023,1626.101625,1906.119408,1725.524027
02/02/2023,1628.932922,1904.513178,1728.466064
03/02/2023,1631.239394,1907.142524,1730.210163
04/02/2023,1628.071913,1910.960128,1735.422818
05/02/2023,1629.227435,1912.411038,1735.543646
06/02/2023,1631.230777,1912.247495,1735.487549
07/02/2023,1629.519097,1914.839968,1737.751641
08/02/2023,1629.504662,1911.588259,1740.398286
09/02/2023,1630.033649,1911.865604,1737.999691
10/02/2023,1626.685419,1914.943906,1740.038247
11/02/2023,1627.797476,1915.795226,1740.395703
12/02/2023,1629.34444,1916.478195,1738.370048
13/02/2023,1632.193209,1918.537952,1740.764084
14/02/2023,1632.416976,1918.537473,1745.605525
15/02/2023,1636.669701,1921.989431,1743.616036
16/02/2023,1637.432901,1924.303472,1750.965643
17/02/2023,1634.447747,1928.161602,1750.944318
18/02/2023,1637.431096,1927.158447,1750.516976
19/02/2023,1631.621723,1931.779543,1753.221877
20/02/2023,1630.049059,1926.919748,1749.087169
21/02/2023,1629.236693,1927.64595,1752.531781
22/02/2023,1630.857498,1928.440699,1753.129035
23/02/2023,1628.644441,1930.954312,1755.891611
24/02/2023,1634.163802,1930.53812,1754.069305
25/02/2023,1631.007394,1933.102057,1755.443216
26/02/2023,1630.210883,1929.543977,1750.760231
27/02/2023,1628.688651,1930.572775,1752.604906
28/02/2023,1630.580906,1931.934586,1748.49872
01/03/2023,1628.887507,1931.965509,1750.558176
02/03/2023,1629.69914,1932.528756,1749.639711
03/03/2023,1632.566901,1930.716116,1753.359442
04/03/2023,1631.71743,1937.833838,1752.683425
05/03/2023,1631.225872,1937.819706,1753.217959
06/03/2023,1631.482502,1936.9887,1754.519316
07/03/2023,1632.952041,1934.526342,1754.149592
08/03/2023,1626.345793,1937.32028,1756.247839
09/03/2023,1624.747701,1930.79826,1750.411773
10/03/2023,1630.92185,1924.065702,1754.466659
11/03/2023,1630.217093,1927.416991,1759.525071
12/03/2023,1630.757602,1926.809701,1760.332253
13/03/2023,1631.843321,1927.098697,1759.471867
14/03/2023,1632.6819,1926.659118,1762.005414
15/03/2023,1633.395774,1930.197557,1760.19885
16/03/2023,1637.475349,1929.897962,1762.654489
17/03/2023,1636.67188,1935.11209,1764.817527
18/03/2023,1640.867692,1931.956218,1760.055207
19/03/2023,1642.140148,1935.466582,1765.403197
20/03/2023,1641.594965,1937.582374,1769.166268
21/03/2023,1638.814522,1938.102926,1768.236671
22/03/2023,1637.452103,1935.052019,1767.514991
23/03/2023,1644.537973,1936.556116,1768.005759
24/03/2023,1643.257716,1942.53886,1772.380911
25/03/2023,1645.034213,1943.889274,1773.205549
26/03/2023,1644.659982,1945.103777,1773.709389
27/03/2023,1649.098341,1949.288387,1772.348662
28/03/2023,1651.20921,1955.622054,1777.587893
29/03/2023,1654.611669,1959.496725,1778.261616
30/03/2023,1657.589971,1963.524702,1778.362058
31/03/2023,1661.171162,1965.887708,1784.519734
01/04/2023,1663.033159,1969.154206,1791.476342
02/04/2023,1666.892979,1968.813241,1794.844582
03/04/2023,1664.899451,1971.660648,1798.746097
04/04/2023,1668.99273,1968.673105,1798.332988
05/04/2023,1670.767226,1972.839071,1802.344588
06/04/2023,1669.093422,1975.758692,1805.018513
07/04/2023,1669.934505,1976.852613,1803.451521
08/04/2023,1666.961011,1975.405617,1807.995021
09/04/2023,1664.658998,1973.607693,1804.937267
10/04/2023,1667.364717,1975.028602,1805.594033
11/04/2023,1671.322836,1978.590354,1807.969343
12/04/2023,1672.195566,1979.541735,1810.037224
13/04/2023,1675.813023,1980.088008,1808.910747
14/04/2023,1677.273118,1980.479634,1812.693181
15/04/2023,1675.305779,1982.15996,1818.401738
16/04/2023,1674.773188,1982.451204,1817.461201
17/04/2023,1671.829162,1984.928354,1820.373292
18/04/2023,1669.923478,1985.935046,1821.114923
19/04/2023,1671.160364,1987.45115,1817.946499
20/04/2023,1674.530075,1984.506071,1819.99452
21/04/2023,1675.438947,1983.649648,1821.138829
22/04/2023,1679.319441,1986.495167,1824.310734
23/04/2023,1677.189842,1991.844185,1825.793549
24/04/2023,1676.318145,1991.825941,1824.394394
25/04/2023,1678.063405,1988.310726,1826.195279
26/04/2023,1675.89305,1988.297033,1828.883848
27/04/2023,1672.780744,1986.715514,1829.701719
28/04/2023,1678.889286,1986.447872,1826.178532
29/04/2023,1678.975796,1989.693413,1830.538689
30/04/2023,1677.04977,1991.298943,1829.060999
01/05/2023,1677.297539,1989.931427,1829.242124
02/05/2023,1676.990235,1991.132623,1827.820317
03/05/2023,1676.19554,1994.280335,1827.484822
04/05/2023,1676.777655,1995.926557,1826.299379
05/05/2023,1678.921809,1994.026537,1824.942816
06/05/2023,1679.695319,1997.922657,1829.710366
07/05/2023,1676.340117,2001.193494,1828.899048
08/05/2023,1680.544366,1999.857107,1823.867723
09/05/2023,1680.772414,2006.168986,1826.815025
10/05/2023,1684.659206,2009.009892,1830.040264
11/05/2023,1681.566961,2010.011773,1826.289298
12/05/2023,1682.391707,2010.170551,1822.801194
13/05/2023,1684.280393,2009.977028,1825.316511
14/05/2023,1680.786582,2013.659161,1826.16347
15/05/2023,1680.465646,2009.97067,1822.363651
16/05/2023,1680.557838,2008.039895,1819.855754
17/05/2023,1682.136072,2009.890935,1818.563133
18/05/2023,1679.672926,2009.561318,1821.69094
19/05/2023,1679.476659,2012.301682,1820.145658
20/05/2023,1684.223772,2013.53061,1819.348914
21/05/2023,1687.222768,2017.974,1825.127335
22/05/2023,1688.35967,2020.177849,1825.059696
23/05/2023,1691.356322,2023.312541,1820.912479
24/05/2023,1691.376281,2029.424775,1822.532735
25/05/2023,1691.208559,2032.415328,1820.710402
26/05/2023,1690.403432,2032.000649,1818.915052
27/05/2023,1694.752026,2030.347287,1816.947182
28/05/2023,1701.637148,2034.97315,1818.578033
29/05/2023,1705.537627,2039.33251,1826.450216
30/05/2023,1702.53187,2042.985982,1828.292307
31/05/2023,1703.48119,2043.257002,1827.02171
01/06/2023,1703.637253,2047.103637,1822.296045
02/06/2023,1704.746337,2046.278699,1824.125769
03/06/2023,1705.347862,2048.465579,1827.420059
04/06/2023,1704.984006,2046.594369,1827.412802
05/06/2023,1704.071791,2048.319811,1826.868579
06/06/2023,1706.653546,2048.460833,1827.046672
07/06/2023,1707.12877,2049.484544,1827.035184
08/06/2023,1706.030663,2049.155458,1822.864376
09/06/2023,1707.675422,2048.635247,1821.969553
10/06/2023,1710.638183,2050.63875,1824.474294
11/06/2023,1712.587722,2051.285698,1824.045215
12/06/2023,1708.548937,2052.901128,1826.145088
13/06/2023,1708.781439,2048.082731,1827.653763
14/06/2023,1713.97387,2048.342941,1825.19932
15/06/2023,1716.983608,2051.374853,1832.077376
16/06/2023,1718.206582,2050.840967,1831.04446
17/06/2023,1720.992819,2051.687041,1830.743303
18/06/2023,1721.910433,2054.274003,1831.51182
19/06/2023,1721.625083,2056.982925,1832.435104
20/06/2023,1722.01555,2058.052619,1832.356094
21/06/2023,1719.331494,2055.78413,1835.154272
22/06/2023,1722.276238,2051.15969,1831.380044
23/06/2023,1727.546598,2057.792034,1828.99481
24/06/2023,1727.687851,2061.257961,1834.591226
25/06/2023,1733.454677,2063.507843,1834.711431
26/06/2023,1730.373531,2067.701869,1841.160232
27/06/2023,1730.789641,2067.405071,1836.479157
28/06/2023,1733.697834,2069.975577,1840.920865
29/06/2023,1736.468034,2074.279476,1840.840292
30/06/2023,1738.914208,2075.210237,1840.041336
01/07/2023,1734.81907,2076.828983,1843.545665
02/07/2023,1730.674502,2070.857758,1842.322326
03/07/2023,1727.898142,2065.989134,1841.056084
04/07/2023,1723.286837,2064.919448,1838.327451
05/07/2023,1723.381633,2063.677372,1836.797563
06/07/2023,1721.475947,2064.232713,1833.263636
07/07/2023,1718.363829,2064.083978,1831.154274
08/07/2023,1715.952899,2061.295424,1828.004067
09/07/2023,1715.080396,2057.271183,1824.061971
10/07/2023,1717.198554,2055.118423,1821.450101
11/07/2023,1710.774409,2054.338748,1819.385435
12/07/2023,1706.988967,2051.227921,1816.897016
13/07/2023,1705.483963,2047.228,1815.247013
14/07/2023,1699.613924,2046.29166,1813.1545
15/07/2023,1695.907891,2040.944659,1804.581972
16/07/2023,1694.705548,2039.307094,1804.460792
17/07/2023,1694.038496,2036.794603,1805.197757
18/07/2023,1690.32149,2034.906766,1805.50109
19/07/2023,1687.710874,2033.343461,1799.064517
20/07/2023,1693.555912,2033.965097,1800.316251
21/07/2023,1690.552633,2034.843789,1803.912907
22/07/2023,1685.67007,2030.594529,1804.962835
23/07/2023,1686.796355,2028.533104,1801.692707
24/07/2023,1684.897201,2027.712293,1800.26236
25/07/2023,1688.167854,2029.260749,1797.258409
26/07/2023,1686.580129,2031.849812,1796.154314
27/07/2023,1688.282884,2034.099291,1796.642656
28/07/2023,1687.086581,2036.837156,1795.118354
29/07/2023,1689.150997,2038.138049,1795.013639
30/07/2023,1687.472537,2038.408198,1793.486362
31/07/2023,1685.637618,2034.547004,1792.963407
01/08/2023,1689.658218,2036.271932,1794.566845
02/08/2023,1687.660956,2039.916808,1792.357175
03/08/2023,1685.439913,2040.203988,1791.48336
04/08/2023,1683.983622,2034.479739,1789.932917
05/08/2023,1679.734867,2036.765251,1787.925762
06/08/2023,1682.603844,2028.859123,1782.19858
07/08/2023,1679.573773,2031.773677,1786.286226
08/08/2023,1681.248191,2026.840564,1784.457409
09/08/2023,1679.325633,2029.080354,1787.526744
10/08/2023,1678.524716,2026.850426,1783.827508
11/08/2023,1673.363989,2026.487484,1782.540445
12/08/2023,1669.585995,2022.998925,1782.75528
13/08/2023,1673.289989,2020.784797,1778.383488
14/08/2023,1668.961247,2019.817533,1779.578837
15/08/2023,1664.567724,2013.129004,1777.294857
16/08/2023,1663.941023,2009.661829,1776.689637
17/08/2023,1659.016472,2008.837999,1778.527376
18/08/2023,1657.027656,2006.207025,1774.661988
19/08/2023,1657.191956,2005.403863,1773.088487
20/08/2023,1656.960825,2007.499571,1771.051424
21/08/2023,1654.180249,2007.997829,1768.580675
22/08/2023,1657.632319,2005.036503,1767.19765
23/08/2023,1655.428724,2007.86073,1767.423979
24/08/2023,1657.207474,2007.582252,1764.757508
25/08/2023,1653.366568,2008.750663,1764.629297
26/08/2023,1653.407502,2006.675327,1764.378557
27/08/2023,1654.1303,2006.918189,1758.844144
28/08/2023,1655.957495,2007.497518,1757.795233
29/08/2023,1651.985017,2008.315349,1759.340691
30/08/2023,1652.446117,2008.043483,1754.993857
31/08/2023,1653.300747,2005.529958,1756.865833
01/09/2023,1649.793812,2008.098239,1758.38118
02/09/2023,1649.409801,2004.818853,1753.468148
03/09/2023,1649.583378,2003.419103,1750.31354
04/09/2023,1647.907298,2000.971685,1746.290272
05/09/2023,1645.160332,2000.418682,1745.220266
06/09/2023,1644.804812,2000.234048,1740.696865
07/09/2023,1643.556038,1998.878462,1738.764741
08/09/2023,1645.612194,1994.859732,1739.316809
09/09/2023,1647.938731,1994.389427,1737.469669
10/09/2023,1647.621944,1995.566762,1741.178088
11/09/2023,1642.366812,1997.225585,1736.561519
12/09/2023,1640.835372,1997.177218,1732.271712
13/09/2023,1638.126912,1993.396638,1729.849299
14/09/2023,1640.701699,1988.753064,1726.417956
15/09/2023,1637.082061,1988.733997,1726.914639
16/09/2023,1634.986168,1984.015136,1725.454582
17/09/2023,1632.348578,1983.757943,1720.433407
18/09/2023,1630.261843,1982.20431,1719.382685
19/09/2023,1631.487358,1977.645935,1719.973955
20/09/2023,1635.92185,1977.539068,1719.749739
21/09/2023,1639.165923,1979.588959,1722.424827
22/09/2023,1636.739691,1980.754647,1728.359752
23/09/2023,1636.207877,1980.350243,1726.303452
24/09/2023,1633.727188,1979.754454,1723.567831
25/09/2023,1629.743522,1978.20202,1720.13919
26/09/2023,1629.845669,1972.148219,1714.578192
27/09/2023,1628.854857,1971.046209,1716.769477
28/09/2023,1627.307767,1971.671377,1714.708811
29/09/2023,1624.827374,1970.377355,1713.837379
30/09/2023,1627.847503,1969.273841,1713.518298
01/10/2023,1623.930073,1969.433125,1717.271563
02/10/2023,1620.807758,1967.355548,1713.27793
03/10/2023,1615.527622,1965.676469,1712.84866
04/10/2023,1615.354741,1961.816823,1707.109838
05/10/2023,1613.294807,1960.594516,1706.635889
06/10/2023,1610.612288,1956.595175,1703.052818
07/10/2023,1610.679557,1954.626296,1698.749058
08/10/2023,1607.693464,1954.564704,1698.176766
09/10/2023,1607.133891,1952.123441,1697.226656
10/10/2023,1605.206577,1952.728354,1700.147937
11/10/2023,1607.515205,1948.190514,1702.408957
12/10/2023,1607.415517,1950.446523,1701.719537
13/10/2023,1607.153114,1949.639098,1701.130764
14/10/2023,1602.365384,1949.392208,1702.505237
15/10/2023,1600.60342,1949.791763,1698.294829
16/10/2023,1600.521271,1947.67228,1698.039479
17/10/2023,1599.161066,1951.072565,1698.361166
18/10/2023,1596.78989,1946.953137,1696.925845
19/10/2023,1597.401768,1944.255828,1693.667407
20/10/2023,1594.725202,1943.014049,1696.022123
21/10/2023,1595.12041,1940.571829,1696.002128
22/10/2023,1590.614154,1936.310563,1700.076531
23/10/2023,1588.186684,1933.322086,1694.66655
24/10/2023,1582.975897,1929.475171,1692.41669
25/10/2023,1579.722536,1924.529254,1686.916761
26/10/2023,1579.68469,1919.418651,1684.89627
27/10/2023,1581.0883,1918.264852,1683.690092
28/10/2023,1574.95161,1920.394209,1683.985066
29/10/2023,1574.892487,1916.885958,1681.980206
30/10/2023,1573.369062,1915.509612,1681.962016
31/10/2023,1569.404035,1912.745074,1678.69412
01/11/2023,1570.8247,1910.510567,1674.161224
02/11/2023,1569.219179,1911.057822,1673.591314
03/11/2023,1569.428727,1911.358021,1665.885487
04/11/2023,1571.029829,1908.913313,1667.564526
05/11/2023,1568.674719,1911.697719,1669.514728
06/11/2023,1565.556694,1914.873185,1666.665746
07/11/2023,1566.435857,1910.904252,1663.250386
08/11/2023,1565.678754,1911.123255,1663.793594
09/11/2023,1564.854918,1911.949027,1660.474526
10/11/2023,1565.503011,1913.159977,1658.011696
11/11/2023,1563.085215,1909.10136,1659.357213
12/11/2023,1562.924919,1904.258458,1655.051657
13/11/2023,1559.154007,1903.191704,1651.794221
14/11/2023,1559.097906,1899.078629,1649.234457
15/11/2023,1557.890715,1896.513517,1645.45648
16/11/2023,1552.812261,1895.137951,1646.269372
17/11/2023,1553.061477,1892.417147,1644.034586
18/11/2023,1552.47296,1894.23542,1639.694514
19/11/2023,1550.094869,1891.022592,1643.124935
20/11/2023,1546.376885,1888.739902,1640.572132
21/11/2023,1547.420077,1882.610786,1636.715071
22/11/2023,1547.989344,1883.35702,1638.721286
23/11/2023,1540.551902,1884.787243,1635.995331
24/11/2023,1542.193512,1882.662196,1629.773483
25/11/2023,1541.162836,1884.573322,1627.830405
26/11/2023,1537.541843,1884.123914,1626.606625
27/11/2023,1537.163554,1878.165414,1618.448215
28/11/2023,1533.594248,1876.454386,1618.701303
29/11/2023,1531.774161,1872.592584,1619.374972
30/11/2023,1531.004019,1867.418017,1621.053756
01/12/2023,1530.070973,1866.147008,1624.676116
02/12/2023,1527.166992,1863.321864,1622.890222
03/12/2023,1523.819529,1859.701696,1620.575424
04/12/2023,1521.907015,1857.319784,1620.910365
05/12/2023,1522.406486,1854.658191,1619.126329
06/12/2023,1524.165634,1853.775572,1619.167134
07/12/2023,1520.540977,1852.976954,1622.841425
08/12/2023,1519.755725,1850.817719,1617.640299
09/12/2023,1516.372444,1848.965899,1620.028928
10/12/2023,1516.110424,1848.579629,1619.124383
11/12/2023,1515.333121,1845.252963,1622.563925
12/12/2023,1515.273115,1845.107435,1623.091684
13/12/2023,1512.249778,1845.393168,1623.465594
14/12/2023,1509.389678,1845.055058,1622.551285
15/12/2023,1510.044672,1843.693932,1624.102781
16/12/2023,1509.693832,1843.443908,1621.347272
17/12/2023,1508.765666,1839.77565,1619.438559
18/12/2023,1506.024789,1839.523309,1618.778413
19/12/2023,1505.207617,1838.373449,1617.265234
20/12/2023,1504.416435,1839.456684,1615.602736
21/12/2023,1503.434637,1835.978019,1612.162335
22/12/2023,1505.535537,1834.915281,1613.524109
23/12/2023,1507.784015,1831.764105,1608.515826
24/12/2023,1507.744005,1833.555688,1613.505968
25/12/2023,1508.288631,1833.981915,1617.14373
26/12/2023,1506.888925,1831.628268,1619.654052
27/12/2023,1503.461416,1827.480717,1619.401899
28/12/2023,1500.228415,1821.307018,1620.851613
29/12/2023,1496.046811,1819.808649,1617.724525
30/12/2023,1497.663035,1818.217377,1612.545236
31/12/2023,1495.658517,1814.369556,1612.381457
01/01/2024,1497.579981,1813.221192,1610.723249
02/01/2024,1495.379355,1815.010179,1610.223004
03/01/2024,1496.107819,1813.375794,1608.44443
04/01/2024,1501.415787,1816.248441,1606.204907
05/01/2024,1500.301522,1824.110282,1608.057816
06/01/2024,1501.921907,1821.421017,1607.190905
07/01/2024,1503.400041,1825.853984,1606.442631
08/01/2024,1501.775822,1830.133832,1609.591838
09/01/2024,1501.443434,1825.572843,1607.675799
10/01/2024,1506.795193,1829.188303,1609.905153
11/01/2024,1505.952624,1831.291867,1615.493578
12/01/2024,1510.841088,1830.449359,1614.763964
13/01/2024,1512.764091,1831.772022,1614.911018
14/01/2024,1513.997566,1834.231902,1610.125033
15/01/2024,1512.092592,1834.602138,1609.312556
16/01/2024,1510.424255,1832.083831,1609.073001
17/01/2024,1510.569968,1830.611585,1608.864401
18/01/2024,1511.171983,1834.393807,1605.779296
19/01/2024,1513.366801,1834.938109,1606.635972
20/01/2024,1518.711464,1835.943019,1608.506113
21/01/2024,1520.289786,1839.919874,1609.307574
22/01/2024,1520.984967,1840.329543,1614.807344
23/01/2024,1518.352473,1839.745521,1614.41145
24/01/2024,1517.616281,1835.913385,1613.43024
25/01/2024,1521.910952,1832.599925,1615.350178
26/01/2024,1522.513061,1838.810258,1618.647226
27/01/2024,1521.764179,1841.111267,1618.911732
28/01/2024,1521.363407,1844.917002,1617.231921
29/01/2024,1518.621763,1846.060125,1617.715986
30/01/2024,1520.16795,1843.499682,1615.145875
31/01/2024,1521.963488,1844.23475,1617.670935
01/02/2024,1521.186382,1845.889742,1618.969613
02/02/2024,1520.654387,1848.343603,1621.457722
03/02/2024,1523.039499,1849.474739,1621.250539
04/02/2024,1527.150803,1846.590897,1627.664171
05/02/2024,1525.46774,1848.560047,1628.656209
06/02/2024,1523.240577,1847.983253,1629.101932
07/02/2024,1520.966117,1842.4998,1628.624221
08/02/2024,1527.288399,1842.35949,1630.107203
09/02/2024,1529.405579,1846.030263,1636.562593
10/02/2024,1530.027218,1848.359351,1640.104897
11/02/2024,1530.445306,1852.776831,1642.50983
12/02/2024,1535.599233,1851.281969,1641.9901
13/02/2024,1539.658759,1856.587667,1647.396981
14/02/2024,1540.645929,1858.055147,1653.58258
15/02/2024,1538.678052,1857.99257,1654.532962
16/02/2024,1541.30565,1858.005431,1653.259719
17/02/2024,1544.784209,1857.383613,1650.744484
18/02/2024,1546.887945,1859.626705,1653.509241
19/02/2024,1545.433224,1862.027249,1653.687457
20/02/2024,1544.115696,1860.810896,1651.366422
21/02/2024,1545.698092,1859.213964,1655.597615
22/02/2024,1542.079609,1860.225941,1654.062787
23/02/2024,1543.526384,1858.00866,1651.099597
24/02/2024,1547.723042,1861.475553,1650.963986
25/02/2024,1545.817464,1864.491521,1651.310158
26/02/2024,1546.850357,1859.558055,1648.997403
27/02/2024,1548.125469,1859.007687,1650.778909
28/02/2024,1549.382546,1861.053249,1650.041526
29/02/2024,1548.776879,1867.353028,1652.014098
01/03/2024,1549.714685,1868.7161,1650.755157
02/03/2024,1549.235485,1867.734565,1652.453883
03/03/2024,1550.478258,1869.77856,1653.495589
04/03/2024,1549.847589,1869.641226,1656.067086
05/03/2024,1551.306706,1868.123235,1654.802349
06/03/2024,1550.065541,1872.448045,1658.873552
07/03/2024,1548.756117,1874.052581,1658.109433
08/03/2024,1546.77926,1875.292685,1654.435793
09/03/2024,1545.311088,1875.930872,1654.065793
10/03/2024,1550.013502,1871.602523,1653.54118
11/03/2024,1549.47261,1875.803378,1659.159373
12/03/2024,1550.597761,1876.371776,1659.633967
13/03/2024,1550.049301,1875.571003,1659.722602
14/03/2024,1550.882269,1877.439932,1661.687415
15/03/2024,1552.415765,1878.061952,1663.637515
16/03/2024,1553.696983,1881.291135,1662.32242
17/03/2024,1554.464736,1881.576416,1661.783349
18/03/2024,1556.805095,1881.746416,1665.529237
19/03/2024,1559.636862,1883.254664,1669.157985
20/03/2024,1560.367198,1886.630037,1670.69412
21/03/2024,1560.370542,1890.878103,1672.839019
22/03/2024,1561.617408,1891.660541,1672.231129
23/03/2024,1562.014099,1890.791805,1670.611941
24/03/2024,1561.658503,1891.379365,1674.804509
25/03/2024,1560.837843,1893.329198,1672.613377
26/03/2024,1559.265946,1889.238441,1674.394801
27/03/2024,1561.337544,1886.874936,1675.042037
28/03/2024,1560.596203,1886.344296,1680.030821
29/03/2024,1559.067308,1885.424428,1677.837006
30/03/2024,1557.270991,1884.068027,1675.260575
31/03/2024,1556.17027,1882.354476,1674.530302
01/04/2024,1559.806557,1882.259272,1673.305628
02/04/2024,1556.07601,1885.297306,1676.409064
03/04/2024,1558.079576,1881.309494,1677.47799
04/04/2024,1559.235244,1881.944893,1681.512573
05/04/2024,1566.972834,1885.402827,1684.299104
06/04/2024,1566.664592,1889.893647,1691.475472
07/04/2024,1566.314484,1888.256868,1690.393094
08/04/2024,1567.64471,1887.411773,1690.446436
09/04/2024,1569.672613,1890.579,1693.541021
10/04/2024,1569.192582,1893.285245,1692.1389
11/04/2024,1570.008278,1893.803251,1692.331516
12/04/2024,1572.484331,1894.941116,1693.664281
13/04/2024,1573.815929,1895.531058,1695.860727
14/04/2024,1575.025664,1896.975064,1696.917136
15/04/2024,1576.928,1898.275957,1702.952926
16/04/2024,1573.549346,1905.429982,1705.405396
17/04/2024,1570.952872,1902.531476,1700.560791
18/04/2024,1570.502165,1899.587113,1698.55544
19/04/2024,1568.266255,1898.317389,1700.458959
20/04/2024,1569.375543,1893.397733,1698.24934
21/04/2024,1570.717867,1891.91689,1697.992947
22/04/2024,1573.324365,1891.729339,1702.438912
23/04/2024,1568.811598,1892.56352,1703.24649
24/04/2024,1571.475166,1891.723354,1699.557098
25/04/2024,1571.577884,1891.365792,1704.307747
26/04/2024,1570.509095,1887.077908,1705.023128
27/04/2024,1574.191943,1888.474487,1704.514108
28/04/2024,1575.669838,1894.766856,1706.650131
29/04/2024,1575.04165,1898.44397,1707.492306
30/04/2024,1579.390731,1902.452653,1707.841409
01/05/2024,1580.831359,1906.714425,1710.585529
02/05/2024,1583.173446,1908.885182,1713.773692
03/05/2024,1584.116914,1909.581992,1716.710193
04/05/2024,1587.354131,1906.436908,1713.866004
05/05/2024,1590.591206,1909.5314,1715.664956
06/05/2024,1596.896658,1913.105562,1716.397591
07/05/2024,1596.664733,1923.364353,1718.806073
08/05/2024,1601.234653,1920.419545,1717.4089
09/05/2024,1603.994526,1923.577219,1719.78489
10/05/2024,1607.231062,1927.861414,1722.707662
11/05/2024,1608.182203,1929.236851,1725.951177
12/05/2024,1610.790858,1930.908308,1727.090678
13/05/2024,1607.623352,1934.123919,1733.232079
14/05/2024,1603.844923,1932.427734,1731.422444
15/05/2024,1606.440378,1931.144827,1728.598522
16/05/2024,1610.130927,1934.175621,1731.928236
17/05/2024,1612.599437,1936.249145,1736.391601
18/05/2024,1610.780562,1936.469063,1738.917898
19/05/2024,1606.805412,1935.882902,1736.30994
20/05/2024,1611.265351,1933.941107,1736.535688
21/05/2024,1612.903832,1937.865301,1734.583294
22/05/2024,1621.763477,1938.931894,1737.220813
23/05/2024,1619.081993,1944.89031,1740.554489
24/05/2024,1615.219912,1947.001133,1739.092462
25/05/2024,1618.434006,1944.213365,1735.205322
26/05/2024,1621.38639,1948.750763,1736.759936
27/05/2024,1622.740897,1950.273189,1739.543679
28/05/2024,1623.906924,1953.536504,1739.344535
29/05/2024,1622.213444,1954.643913,1739.390265
30/05/2024,1618.668719,1953.872533,1740.741095
31/05/2024,1621.049877,1950.306143,1737.663933
01/06/2024,1623.91034,1951.147418,1739.763688
02/06/2024,1626.06536,1955.189063,1745.078926
03/06/2024,1627.360911,1959.232595,1745.961433
04/06/2024,1627.205648,1963.184622,1747.592263
05/06/2024,1627.726927,1959.136393,1747.92276
06/06/2024,1627.65588,1960.725728,1750.045495
07/06/2024,1627.649019,1963.122262,1749.337309
08/06/2024,1625.741415,1961.145985,1748.29587
09/06/2024,1627.878855,1960.864118,1745.232658
10/06/2024,1630.202594,1963.808335,1748.162462
11/06/2024,1630.071814,1964.024339,1749.187285
12/06/2024,1631.237581,1962.100682,1749.72932
13/06/2024,1633.780022,1961.943873,1749.054575
14/06/2024,1638.40803,1965.267393,1748.191732
15/06/2024,1636.337031,1965.817997,1753.887378
16/06/2024,1638.774138,1964.867388,1753.073071
17/06/2024,1639.53615,1966.286536,1755.475939
18/06/2024,1643.128381,1968.137571,1753.753475
19/06/2024,1640.543547,1969.652537,1755.891645
20/06/2024,1640.952561,1971.2653,1754.402439
21/06/2024,1642.669128,1970.395214,1755.295848
22/06/2024,1644.728308,1970.975778,1755.438578
23/06/2024,1644.047627,1973.160808,1754.227895
24/06/2024,1644.142619,1973.208162,1755.06042
25/06/2024,1642.589927,1973.470501,1754.773117
26/06/2024,1638.926387,1972.925505,1754.249358
27/06/2024,1640.23185,1969.699156,1751.135248
28/06/2024,1641.456979,1971.702869,1749.43776
29/06/2024,1641.311135,1975.513628,1749.513341
30/06/2024,1640.058012,1980.252921,1748.293537
01/07/2024,1636.925129,1975.603371,1747.078702
02/07/2024,1640.960836,1974.533617,1746.676298
03/07/2024,1637.253322,1977.384804,1746.205857
04/07/2024,1634.694857,1971.140927,1744.944605
05/07/2024,1637.085706,1968.811751,1741.064532
06/07/2024,1635.514164,1969.515074,1744.68021
07/07/2024,1633.453219,1968.856307,1742.628757
08/07/2024,1639.614448,1969.699311,1740.780076
09/07/2024,1637.322731,1974.764119,1748.333853
10/07/2024,1636.243388,1972.532762,1743.236557
11/07/2024,1634.780686,1971.639302,1743.341311
12/07/2024,1631.783918,1974.11512,1742.889006
13/07/2024,1630.467276,1973.957362,1738.450667
14/07/2024,1624.646063,1970.311033,1736.675915
15/07/2024,1621.728534,1965.42113,1733.751435
16/07/2024,1621.542829,1964.176209,1728.980933
17/07/2024,1622.021463,1964.796808,1727.623725
18/07/2024,1618.430202,1964.546563,1725.845499
19/07/2024,1621.086879,1961.287527,1725.738547
20/07/2024,1622.812358,1966.267368,1730.526209
21/07/2024,1624.203793,1968.655829,1731.382614
22/07/2024,1624.58856,1966.766614,1734.282459
23/07/2024,1626.912017,1968.440662,1735.724307
24/07/2024,1624.412315,1969.096056,1737.332752
25/07/2024,1625.023717,1964.92581,1738.85407
26/07/2024,1621.248177,1964.792111,1742.290146
27/07/2024,1622.221593,1959.175521,1739.621904
28/07/2024,1618.504181,1961.221988,1737.854164
29/07/2024,1613.65327,1960.947539,1733.068663
30/07/2024,1615.676735,1957.803879,1728.640684
31/07/2024,1611.463921,1958.43061,1729.703501
01/08/2024,1608.638646,1956.489526,1724.128056
02/08/2024,1609.262638,1953.036438,1723.62076
03/08/2024,1610.337246,1954.23706,1724.99944
04/08/2024,1611.252783,1953.536579,1722.665424
05/08/2024,1608.73397,1951.483278,1722.967603
06/08/2024,1606.630036,1947.983851,1723.275205
07/08/2024,1609.259453,1945.250638,1724.478163
08/08/2024,1606.834686,1943.851926,1726.911856
09/08/2024,1609.116536,1943.79947,1728.570848
10/08/2024,1608.860668,1948.743543,1727.987434
11/08/2024,1610.150432,1945.162208,1728.937598
12/08/2024,1614.195261,1944.024952,1728.297663
13/08/2024,1614.163687,1945.403138,1729.544723
14/08/2024,1616.149033,1945.314793,1727.557084
15/08/2024,1616.886262,1948.479244,1730.223312
16/08/2024,1609.569756,1948.396132,1727.910742
17/08/2024,1607.885045,1942.910161,1723.993804
18/08/2024,1603.973436,1943.673275,1722.357914
19/08/2024,1604.064408,1939.251721,1714.576125
20/08/2024,1603.824159,1939.126211,1713.645675
21/08/2024,1602.641449,1935.659453,1718.202142
22/08/2024,1597.817813,1936.295381,1715.983828
23/08/2024,1593.141768,1931.846009,1708.919519
24/08/2024,1587.794723,1932.286319,1705.092678
25/08/2024,1585.27166,1928.602676,1698.601941
26/08/2024,1587.168207,1929.003051,1695.95834
27/08/2024,1589.877349,1930.01764,1698.363283
28/08/2024,1588.485629,1933.198346,1702.468039
29/08/2024,1585.645682,1931.873533,1701.534064
30/08/2024,1584.468862,1927.337459,1699.694093
31/08/2024,1584.19695,1924.620877,1697.867107
01/09/2024,1581.472674,1919.127035,1700.134965
02/09/2024,1580.440412,1920.732195,1699.165208
03/09/2024,1585.431081,1920.722673,1696.949654
04/09/2024,1586.808519,1924.696156,1700.841968
05/09/2024,1585.266473,1923.935957,1701.273371
06/09/2024,1584.003949,1918.262989,1700.559672
07/09/2024,1581.969017,1913.627984,1698.746985
08/09/2024,1579.592859,1913.70973,1700.505016
09/09/2024,1578.345052,1911.61948,1702.891518
10/09/2024,1572.9476,1908.248123,1702.521081
11/09/2024,1572.825002,1905.454845,1697.731051
12/09/2024,1568.486723,1905.178167,1696.99886
13/09/2024,1568.256081,1902.47631,1691.776909
14/09/2024,1565.983942,1904.63289,1690.91018
15/09/2024,1563.905419,1902.577724,1688.944566
16/09/2024,1565.664976,1901.111919,1686.990463
17/09/2024,1561.135499,1905.821486,1687.436651
18/09/2024,1556.573547,1903.578936,1679.573797
19/09/2024,1555.663101,1902.301995,1673.217613
20/09/2024,1556.341551,1901.309243,1670.190004
21/09/2024,1552.548153,1900.743942,1670.713917
22/09/2024,1551.572215,1899.919105,1669.248215
23/09/2024,1546.888803,1896.098269,1671.418892
24/09/2024,1547.363886,1888.458128,1669.575104
25/09/2024,1546.578047,1886.753713,1669.895297
26/09/2024,1543.475029,1884.611971,1670.748386
27/09/2024,1543.597779,1881.778076,1667.451392
28/09/2024,1544.203945,1878.289777,1669.128788
29/09/2024,1538.395694,1873.578604,1670.251578
30/09/2024,1539.748047,1870.045919,1665.81189
01/10/2024,1538.838496,1871.107605,1666.381193
02/10/2024,1539.514545,1870.000685,1662.976358
03/10/2024,1541.356372,1870.790474,1664.612784
04/10/2024,1541.929671,1869.800832,1665.734675
05/10/2024,1537.195051,1871.061147,1663.950899
06/10/2024,1535.952061,1867.508314,1659.575876
07/10/2024,1537.92303,1865.283886,1660.846744
08/10/2024,1538.114464,1867.093129,1659.728729
09/10/2024,1535.073798,1872.228741,1657.038253
10/10/2024,1533.705698,1870.992642,1652.566434
11/10/2024,1533.373788,1869.863962,1651.435022
12/10/2024,1538.158729,1869.482628,1652.607176
13/10/2024,1538.169949,1872.094323,1655.54393
14/10/2024,1542.61577,1873.84681,1656.847521
15/10/2024,1541.967993,1874.809296,1662.415219
16/10/2024,1542.983198,1874.725545,1657.607417
17/10/2024,1537.067048,1874.075995,1656.672451
18/10/2024,1534.779876,1868.325397,1651.981359
19/10/2024,1537.814612,1861.466773,1648.649786
20/10/2024,1540.044702,1861.93421,1649.332544
21/10/2024,1538.031893,1863.989376,1651.561993
22/10/2024,1543.099753,1864.788593,1653.281158
23/10/2024,1541.80992,1866.565789,1656.95275
24/10/2024,1536.467428,1863.080183,1656.079644
25/10/2024,1536.28959,1859.165711,1651.780587
26/10/2024,1535.085629,1858.569612,1650.318277
27/10/2024,1534.508989,1857.228716,1646.670751
28/10/2024,1531.680214,1854.759435,1649.903413
29/10/2024,1529.23626,1854.383214,1647.101931
30/10/2024,1529.031935,1850.864357,1644.49513
31/10/2024,1530.134199,1846.811583,1643.924876
01/11/2024,1527.97352,1848.488239,1646.451952
02/11/2024,1526.43696,1847.672775,1645.622653
03/11/2024,1526.926111,1847.862274,1646.174674
04/11/2024,1525.707026,1847.418521,1649.205338
05/11/2024,1525.764329,1847.015499,1649.686738
06/11/2024,1522.481165,1847.455765,1651.042308
07/11/2024,1517.672545,1844.985955,1648.795371
08/11/2024,1521.292284,1840.568391,1646.565309
09/11/2024,1518.700396,1842.551209,1652.639557
10/11/2024,1516.508648,1841.723919,1654.129134
11/11/2024,1513.335744,1840.169067,1653.885384
12/11/2024,1511.074717,1834.897912,1653.280521
13/11/2024,1516.491559,1834.399877,1650.862784
14/11/2024,1514.681257,1838.021064,1656.910969
15/11/2024,1515.463892,1834.401568,1655.789551
16/11/2024,1516.310629,1833.549705,1656.893561
17/11/2024,1513.283603,1833.648991,1657.54105
18/11/2024,1514.250161,1830.484732,1656.124607
19/11/2024,1512.409709,1827.53823,1654.90555
20/11/2024,1511.939946,1825.444961,1653.376999
21/11/2024,1510.589831,1824.729757,1652.850927
22/11/2024,1509.391212,1824.338664,1652.683904
23/11/2024,1502.584365,1824.343443,1651.227044
24/11/2024,1502.876101,1822.635407,1647.004885
25/11/2024,1502.679277,1822.280152,1648.614138
26/11/2024,1497.589718,1821.114805,1648.096321
27/11/2024,1499.792269,1816.18769,1646.21055
28/11/2024,1496.630843,1814.84241,1646.769728
29/11/2024,1489.744318,1813.369598,1647.25943
30/11/2024,1488.90128,1809.123853,1638.608608
01/12/2024,1486.672813,1807.23392,1638.169139
02/12/2024,1488.521296,1802.558842,1638.356583
03/12/2024,1487.793682,1801.505363,1642.15331
04/12/2024,1485.582271,1802.877537,1643.747229
05/12/2024,1482.357847,1803.694622,1641.803499
06/12/2024,1478.804801,1801.682126,1636.745494
07/12/2024,1473.781901,1796.6515,1630.824811
08/12/2024,1467.666171,1791.556254,1625.760499
09/12/2024,1468.397499,1785.996125,1622.121839
10/12/2024,1469.005779,1784.923572,1625.108781
11/12/2024,1467.751506,1790.894178,1620.038923
12/12/2024,1468.907062,1790.111275,1622.732309
13/12/2024,1466.012588,1790.464896,1622.534958
14/12/2024,1461.739392,1787.240875,1620.328545
15/12/2024,1459.249067,1784.182542,1618.764519
16/12/2024,1459.749476,1783.15353,1614.196891
17/12/2024,1456.36701,1782.023913,1612.270375
18/12/2024,1454.90632,1780.316524,1608.749527
19/12/2024,1455.471023,1780.626438,1608.166267
20/12/2024,1454.149111,1776.344626,1610.98806
21/12/2024,1451.883544,1774.153342,1607.401249
22/12/2024,1450.013328,1772.204789,1606.147927
23/12/2024,1454.015662,1770.194581,1604.475825
24/12/2024,1452.007941,1773.259744,1606.097377
25/12/2024,1453.856571,1769.507735,1601.533403
26/12/2024,1449.41615,1772.493431,1602.9746
27/12/2024,1449.777109,1769.220441,1601.756864
28/12/2024,1444.471294,1768.620604,1599.581627
29/12/2024,1446.707953,1765.78712,1593.172726
30/12/2024,1443.958018,1766.80122,1596.738975
31/12/2024,1441.055285,1762.837527,1594.349096
01/01/2025,1444.384607,1761.045794,1590.880717
02/01/2025,1445.225658,1761.679373,1592.970943
03/01/2025,1448.86022,1763.560863,1592.289886
04/01/2025,1454.404701,1766.062916,1595.783995
05/01/2025,1455.699789,1771.201577,1601.632291
06/01/2025,1456.784029,1773.099338,1603.412393
07/01/2025,1460.816092,1773.737678,1607.123312
08/01/2025,1461.944543,1776.21434,1606.907386
09/01/2025,1461.966291,1776.056121,1606.034394
10/01/2025,1466.13926,1780.701714,1605.22448
11/01/2025,1468.774526,1786.289077,1610.480144
12/01/2025,1468.986857,1789.358196,1611.390363
13/01/2025,1466.16751,1788.812434,1613.113185
14/01/2025,1464.974475,1787.402878,1612.655884
15/01/2025,1467.003035,1784.570419,1609.63499
16/01/2025,1463.826507,1783.781745,1613.106736
17/01/2025,1465.672979,1783.71345,1609.833651
18/01/2025,1463.066539,1784.519313,1610.167566
19/01/2025,1461.912673,1782.453612,1609.668979
20/01/2025,1461.58056,1781.28423,1606.237228
21/01/2025,1459.03097,1782.476089,1605.792326
22/01/2025,1461.737007,1779.304985,1605.59152
23/01/2025,1465.085728,1781.484484,1606.437887
24/01/2025,1465.923101,1783.638833,1609.033991
25/01/2025,1467.62477,1785.23136,1610.568883
26/01/2025,1467.542427,1785.719843,1609.573155
27/01/2025,1468.663313,1788.546111,1609.056693
28/01/2025,1470.085618,1792.66717,1613.907697
29/01/2025,1471.123527,1795.843853,1617.006305
30/01/2025,1474.02194,1796.736307,1618.825228
31/01/2025,1479.586404,1799.770361,1617.823169
01/02/2025,1481.7803,1804.084549,1619.128139
02/02/2025,1484.520044,1809.595748,1622.680659
03/02/2025,1485.222022,1813.441738,1626.092788
04/02/2025,1483.80229,1814.694417,1628.241229
05/02/2025,1486.515324,1810.640956,1628.25454
06/02/2025,1487.936371,1813.247263,1630.056724
07/02/2025,1491.181968,1813.49332,1634.625325
08/02/2025,1490.216162,1817.379133,1634.573314
09/02/2025,1489.988601,1817.240612,1634.533798
10/02/2025,1490.021419,1815.596254,1631.774355
11/02/2025,1491.696753,1819.666142,1632.253829
12/02/2025,1488.967023,1821.184587,1634.823546
13/02/2025,1490.754176,1818.771173,1633.821638
14/02/2025,1487.144274,1819.160417,1633.716415
15/02/2025,1488.017091,1814.381274,1634.208853
16/02/2025,1488.855176,1811.976043,1635.624261
17/02/2025,1484.957351,1811.770676,1639.556861
18/02/2025,1485.169918,1811.150179,1635.908347
19/02/2025,1482.336468,1814.391396,1635.47773
20/02/2025,1482.379753,1813.710934,1632.306819
21/02/2025,1485.491099,1813.691014,1635.608956
22/02/2025,1483.534023,1817.722155,1639.109335
23/02/2025,1481.075924,1814.961616,1638.00496
24/02/2025,1482.641328,1815.225079,1638.327181
25/02/2025,1483.872481,1821.06027,1642.479383
26/02/2025,1483.898342,1824.31359,1641.971967
27/02/2025,1484.981035,1823.830241,1640.3106
28/02/2025,1491.898561,1824.26224,1642.538641
01/03/2025,1492.77112,1831.559337,1649.421286
02/03/2025,1492.744072,1829.274342,1647.49803
03/03/2025,1490.38215,1830.518718,1647.427713
04/03/2025,1490.584937,1829.985462,1646.768971
05/03/2025,1489.827344,1829.445346,1648.002779
06/03/2025,1489.354933,1829.049771,1646.004857
07/03/2025,1489.499264,1830.098587,1646.906494
08/03/2025,1498.337088,1830.767402,1646.625428
09/03/2025,1497.074498,1834.914517,1647.526587
10/03/2025,1493.208312,1833.852295,1647.266944
11/03/2025,1500.438152,1832.364081,1644.399234
12/03/2025,1505.011291,1841.002331,1649.860892
13/03/2025,1510.91416,1842.95227,1654.624238
14/03/2025,1507.961857,1849.748505,1658.485366
15/03/2025,1513.202964,1845.809399,1656.07868
16/03/2025,1512.333322,1851.661382,1661.66978
17/03/2025,1508.709144,1852.694783,1661.576546
18/03/2025,1507.313293,1850.482789,1660.674185
19/03/2025,1508.746185,1852.55208,1662.259141
20/03/2025,1504.626034,1853.175739,1659.058298
21/03/2025,1504.595855,1855.149169,1657.830717
22/03/2025,1506.578157,1852.628673,1657.922468
23/03/2025,1512.275967,1851.282173,1661.038059
24/03/2025,1510.888026,1854.817433,1661.26256
25/03/2025,1508.957693,1852.950682,1662.549094
26/03/2025,1507.656466,1856.275814,1662.027693
27/03/2025,1508.428263,1855.863236,1660.412261
28/03/2025,1510.939418,1857.585372,1657.51672
29/03/2025,1511.036594,1858.538542,1657.324186
30/03/2025,1510.623921,1858.414869,1659.229709
31/03/2025,1511.031942,1856.114315,1659.228262
01/04/2025,1509.244737,1854.243172,1660.930394
02/04/2025,1510.804637,1853.173323,1663.4079
03/04/2025,1513.948383,1855.040056,1667.535915
04/04/2025,1514.9212,1856.895262,1666.490874
05/04/2025,1515.65462,1859.595169,1669.3128
06/04/2025,1516.390811,1858.1725,1668.482896
07/04/2025,1518.87085,1859.20089,1668.862291
08/04/2025,1514.402641,1861.097601,1667.999598
09/04/2025,1515.622412,1858.387032,1668.855777
10/04/2025,1517.76036,1856.762589,1672.644901
11/04/2025,1514.125171,1856.857605,1672.649592
12/04/2025,1516.244795,1856.26699,1670.248212
13/04/2025,1518.882658,1856.8596,1673.12194
14/04/2025,1525.285513,1858.103458,1676.607152
15/04/2025,1525.141726,1862.535672,1679.556675
16/04/2025,1522.953449,1859.483472,1675.903634
17/04/2025,1521.520943,1857.132174,1673.322901
18/04/2025,1519.1384,1858.084683,1669.448168
19/04/2025,1522.071359,1858.696283,1669.044739
20/04/2025,1524.073492,1860.162957,1670.767334
21/04/2025,1520.681144,1862.532561,1669.099901
22/04/2025,1524.006767,1859.550402,1664.407366
23/04/2025,1523.305511,1861.46738,1666.218493
24/04/2025,1519.735131,1862.435232,1664.804991
25/04/2025,1519.116652,1858.020919,1661.811911
26/04/2025,1524.272307,1857.415048,1662.85737
27/04/2025,1526.219673,1862.211935,1667.967599
28/04/2025,1526.217644,1865.906887,1668.199415
29/04/2025,1525.7845,1866.600168,1671.175088
30/04/2025,1526.577504,1868.436602,1671.091454
01/05/2025,1528.619864,1868.554865,1671.464468
02/05/2025,1529.20233,1870.33754,1669.567649
03/05/2025,1525.883791,1870.522711,1671.366816
04/05/2025,1524.478999,1868.578469,1671.293993
05/05/2025,1526.676782,1863.863422,1666.81495
06/05/2025,1528.394702,1864.847183,1670.774072
07/05/2025,1532.904723,1872.620527,1670.177549
08/05/2025,1537.151176,1873.50833,1672.844822
09/05/2025,1540.782938,1872.620369,1677.253764
10/05/2025,1543.776407,1873.136488,1676.594787
11/05/2025,1548.07069,1875.132172,1680.428579
12/05/2025,1546.597536,1877.029563,1680.394089
13/05/2025,1547.440723,1875.146068,1675.275853
14/05/2025,1545.861003,1874.54085,1678.851667
15/05/2025,1550.917973,1872.709993,1679.802876
16/05/2025,1551.870548,1874.291994,1680.131521
17/05/2025,1554.52285,1876.439154,1681.455018
18/05/2025,1554.574762,1879.906155,1679.971332
19/05/2025,1556.569882,1878.220297,1677.936061
20/05/2025,1558.009777,1880.330769,1682.255429
21/05/2025,1560.534678,1882.429066,1683.379236
22/05/2025,1559.049943,1882.569893,1685.219917
23/05/2025,1560.199332,1880.978636,1683.749898
24/05/2025,1562.300883,1881.150727,1684.828483
25/05/2025,1562.404195,1880.256704,1685.329614
26/05/2025,1560.64264,1882.069818,1685.657806
27/05/2025,1561.33651,1879.484125,1686.226292
28/05/2025,1566.598883,1878.986566,1690.453458
29/05/2025,1563.455378,1879.807255,1692.064374
30/05/2025,1563.854574,1877.039464,1687.926975
31/05/2025,1566.02879,1876.731256,1688.07297
01/06/2025,1570.221025,1878.121102,1691.807703
02/06/2025,1569.037748,1878.266419,1694.953748
03/06/2025,1569.242467,1878.325615,1694.591589
04/06/2025,1569.494953,1877.14987,1696.591871
05/06/2025,1568.946601,1878.553518,1698.427845
06/06/2025,1573.114685,1881.299831,1698.974535
07/06/2025,1575.797215,1885.969213,1706.110038
08/06/2025,1579.009644,1887.378303,1704.75105
09/06/2025,1582.907096,1891.042745,1710.303578
10/06/2025,1586.564239,1890.232294,1713.050279
11/06/2025,1585.237931,1889.141318,1711.910276
12/06/2025,1589.940342,1886.317571,1709.373395
13/06/2025,1593.891184,1891.27716,1714.175094
14/06/2025,1598.292927,1893.491648,1714.319619
15/06/2025,1600.498387,1895.362334,1719.638181
16/06/2025,1600.645302,1895.118797,1723.007725
17/06/2025,1603.057487,1894.17153,1722.211012
18/06/2025,1606.331263,1901.187706,1726.415489
19/06/2025,1606.321646,1904.646937,1727.157307
20/06/2025,1604.532911,1905.207928,1726.203733
21/06/2025,1607.240514,1904.575129,1727.854372
22/06/2025,1609.566022,1908.787987,1730.078407
23/06/2025,1605.896408,1912.782257,1728.677582
24/06/2025,1612.246932,1911.305374,1724.584505
25/06/2025,1613.63533,1915.129284,1727.70204
26/06/2025,1612.755428,1919.827194,1724.244485
27/06/2025,1616.125893,1921.770647,1721.833432
28/06/2025,1621.167497,1926.140381,1725.42595
29/06/2025,1624.064036,1931.408572,1731.30856
30/06/2025,1625.153627,1936.856267,1729.387291
01/07/2025,1622.886008,1934.122113,1732.089354
02/07/2025,1621.364465,1931.447507,1733.103947
03/07/2025,1619.544751,1931.106874,1731.854379
04/07/2025,1618.918805,1928.720372,1727.575137
05/07/2025,1621.494191,1929.023088,1723.579717
06/07/2025,1623.972743,1927.862767,1722.087853
07/07/2025,1625.603894,1932.086643,1725.559666
08/07/2025,1625.71881,1934.989542,1727.745018
09/07/2025,1624.437334,1933.987841,1724.863832
10/07/2025,1621.663984,1934.175635,1721.797624
11/07/2025,1621.110968,1931.842079,1718.491904
12/07/2025,1622.312517,1934.22996,1713.927292
13/07/2025,1624.39963,1936.744407,1712.506712
14/07/2025,1624.096673,1940.719258,1716.039027
15/07/2025,1621.471108,1939.103195,1717.073386
16/07/2025,1623.617104,1938.448148,1710.254729
17/07/2025,1621.845954,1938.234133,1710.175728
18/07/2025,1620.809666,1936.996842,1709.593058
19/07/2025,1624.024485,1932.990301,1705.405498
20/07/2025,1621.21303,1936.224979,1706.049152
21/07/2025,1620.196459,1934.978061,1702.930199
22/07/2025,1621.072241,1931.705357,1701.539498
23/07/2025,1616.182548,1931.199042,1704.125814
24/07/2025,1614.714798,1929.012032,1698.843698
25/07/2025,1615.892369,1928.749151,1698.720214
26/07/2025,1612.875589,1929.327036,1699.118479
27/07/2025,1609.777095,1927.955566,1696.850118
28/07/2025,1609.166056,1925.212696,1694.755832
29/07/2025,1608.427751,1925.830277,1694.1732
30/07/2025,1606.847999,1924.657247,1693.679351
31/07/2025,1599.220929,1926.752502,1694.375556
01/08/2025,1602.453431,1919.765982,1688.694013
02/08/2025,1604.470258,1919.719759,1690.977385
03/08/2025,1607.561016,1918.927982,1693.240409
04/08/2025,1609.844791,1917.404978,1693.009833
05/08/2025,1607.539785,1919.062224,1693.677041
06/08/2025,1602.085536,1919.904622,1692.36378
07/08/2025,1600.542792,1919.206147,1691.394971
08/08/2025,1597.741196,1918.927035,1690.689108
09/08/2025,1601.316592,1917.681473,1688.958503
10/08/2025,1596.098496,1917.739496,1690.925152
11/08/2025,1594.30442,1911.887235,1688.149931
12/08/2025,1590.400811,1907.203599,1687.885624
13/08/2025,1587.201634,1905.097818,1684.65188
14/08/2025,1585.160068,1905.069393,1682.196161
15/08/2025,1582.986993,1905.294745,1682.058284
16/08/2025,1579.076971,1904.36091,1683.338841
17/08/2025,1581.306727,1899.757208,1683.2673
18/08/2025,1582.044543,1903.867401,1685.229821
19/08/2025,1583.199341,1901.165694,1685.57256
20/08/2025,1580.760931,1898.857521,1686.650439
21/08/2025,1578.897018,1895.348863,1684.597363
22/08/2025,1577.135813,1891.360078,1683.389376
23/08/2025,1573.852556,1890.720286,1680.86043
24/08/2025,1571.844716,1889.23367,1677.900262
25/08/2025,1573.796516,1887.400673,1676.551212
26/08/2025,1565.780304,1887.09368,1675.736208
27/08/2025,1564.741751,1880.762581,1669.011001
28/08/2025,1562.566256,1878.580898,1668.537285
29/08/2025,1560.816891,1875.491936,1664.621023
30/08/2025,1558.17559,1877.374657,1664.471241
31/08/2025,1552.656543,1878.668661,1663.720817
01/09/2025,1552.440086,1874.574549,1658.813977
02/09/2025,1556.877396,1870.826764,1660.310623
03/09/2025,1555.484409,1871.860781,1667.279501
04/09/2025,1555.592059,1862.140784,1667.092643
05/09/2025,1554.21127,1863.370409,1667.093721
06/09/2025,1555.431517,1863.457642,1665.257557
07/09/2025,1555.316222,1866.63282,1663.129439
08/09/2025,1555.985187,1866.963514,1663.578103
09/09/2025,1555.309725,1865.973217,1661.538112
10/09/2025,1552.596262,1865.441871,1660.296442
11/09/2025,1549.273838,1860.317023,1656.527196
12/09/2025,1549.463249,1857.796748,1650.834862
13/09/2025,1551.101351,1857.876892,1648.9059
14/09/2025,1548.195704,1856.836918,1649.501806
15/09/2025,1546.191417,1856.320689,1650.471542
16/09/2025,1546.001714,1854.293736,1650.465945
17/09/2025,1548.203492,1855.321096,1648.446512
18/09/2025,1544.485891,1853.865547,1650.473426
19/09/2025,1539.894497,1851.373224,1645.322121
20/09/2025,1540.028524,1846.82746,1641.003075
21/09/2025,1538.364799,1847.102728,1639.551008
22/09/2025,1536.25965,1842.839835,1640.808565
23/09/2025,1539.061875,1844.977609,1637.34551
24/09/2025,1537.449295,1848.365001,1634.142906
25/09/2025,1531.202308,1846.591863,1632.275107
26/09/2025,1529.947663,1840.869209,1627.817578
27/09/2025,1528.456979,1840.539952,1629.631389
28/09/2025,1524.118551,1836.276418,1628.560176
29/09/2025,1521.363795,1833.802215,1627.712741
30/09/2025,1518.338787,1831.286567,1623.54624
01/10/2025,1520.045553,1827.973677,1619.082713
02/10/2025,1521.281587,1828.170155,1613.671469
03/10/2025,1520.241691,1830.370169,1612.858412
04/10/2025,1519.66115,1826.523915,1612.92338
05/10/2025,1515.581363,1827.715901,1614.474067
06/10/2025,1516.092883,1821.92629,1613.803034
07/10/2025,1514.761355,1819.789913,1610.918413
08/10/2025,1513.443962,1816.351275,1608.842839
09/10/2025,1509.5285,1813.932881,1604.22189
10/10/2025,1510.612172,1809.294805,1599.333697
11/10/2025,1511.565344,1810.604517,1601.639734
12/10/2025,1508.39589,1809.42224,1604.194054
13/10/2025,1505.97759,1803.653819,1599.870433
14/10/2025,1506.861438,1799.659615,1598.262301
15/10/2025,1507.502647,1800.526914,1600.298673
16/10/2025,1505.96489,1798.746034,1599.964438
17/10/2025,1505.13821,1796.56333,1598.925606
18/10/2025,1505.604369,1797.551545,1594.710966
19/10/2025,1506.851938,1799.698217,1596.624959
20/10/2025,1507.954095,1799.10981,1594.148249
21/10/2025,1506.848779,1800.983566,1595.536289
22/10/2025,1505.230769,1800.611573,1594.518383
23/10/2025,1506.830348,1797.556117,1593.034942
24/10/2025,1508.242456,1797.236039,1596.709608
25/10/2025,1511.639419,1797.087902,1598.61977
26/10/2025,1511.322191,1800.593146,1596.921654
27/10/2025,1508.609045,1806.51098,1595.184088
28/10/2025,1507.413208,1804.995986,1592.764114
29/10/2025,1500.223824,1800.788025,1589.318358
30/10/2025,1496.988757,1795.47802,1586.787354
31/10/2025,1499.690678,1794.854669,1586.861067
01/11/2025,1495.807012,1796.600963,1586.132389
02/11/2025,1495.136006,1794.81456,1581.738187
03/11/2025,1495.042337,1796.416084,1582.416206
04/11/2025,1493.25883,1796.92652,1584.833953
05/11/2025,1491.41316,1796.016498,1585.429468
06/11/2025,1489.430748,1792.835746,1585.348516
07/11/2025,1488.377775,1793.848754,1584.966689
08/11/2025,1488.420975,1796.292171,1583.004935
09/11/2025,1484.656124,1792.402675,1584.66617
10/11/2025,1483.580127,1786.323111,1578.808894
11/11/2025,1482.905505,1788.259467,1576.280208
12/11/2025,1482.975766,1785.550472,1575.219525
13/11/2025,1483.904073,1784.201284,1571.15076
14/11/2025,1485.168381,1787.922288,1569.359396
15/11/2025,1480.428338,1791.16631,1571.165504
16/11/2025,1477.175344,1788.854723,1567.275897
17/11/2025,1475.71687,1786.334854,1564.491479
18/11/2025,1470.083492,1789.729287,1565.076933
19/11/2025,1469.363045,1781.678245,1558.117375
20/11/2025,1468.040706,1782.111114,1555.487343
21/11/2025,1468.400516,1781.294633,1554.526855
22/11/2025,1470.773293,1782.584625,1558.766582
23/11/2025,1471.762819,1784.618398,1558.946978
24/11/2025,1471.477869,1782.295552,1556.859104
25/11/2025,1468.423432,1784.110911,1555.159918
26/11/2025,1464.109015,1782.556221,1553.335758
27/11/2025,1462.426968,1775.306473,1546.35142
28/11/2025,1460.303918,1774.351755,1544.164788
29/11/2025,1459.202481,1769.949032,1541.642821
30/11/2025,1458.693055,1766.157148,1542.838371
01/12/2025,1457.970445,1766.062153,1540.45153
02/12/2025,1454.335161,1767.093122,1543.549614
03/12/2025,1450.37399,1763.731538,1541.043948
04/12/2025,1446.948983,1761.576614,1539.205826
05/12/2025,1448.398137,1759.00647,1537.910907
06/12/2025,1449.023742,1757.541579,1536.967157
07/12/2025,1447.592193,1757.85865,1537.961334
08/12/2025,1440.04478,1757.89079,1537.673066
09/12/2025,1440.473584,1753.467989,1530.306473
10/12/2025,1437.246753,1754.688815,1532.731867
11/12/2025,1436.123286,1753.238444,1529.428749
12/12/2025,1433.430915,1751.39037,1529.084307
13/12/2025,1434.620794,1749.614888,1529.43695
14/12/2025,1429.355574,1751.116068,1527.24007
15/12/2025,1428.885324,1748.095001,1525.565671
16/12/2025,1427.87203,1749.348792,1524.677079
17/12/2025,1426.462417,1749.293538,1526.261448
18/12/2025,1425.141081,1747.356795,1522.287359
19/12/2025,1422.111209,1747.684039,1520.593346
20/12/2025,1415.943853,1745.181167,1519.417566
21/12/2025,1412.313596,1744.094638,1516.764104
22/12/2025,1413.680325,1741.141639,1514.781384
23/12/2025,1413.796957,1743.65508,1513.784891
24/12/2025,1415.463813,1741.866045,1515.956906
25/12/2025,1412.863082,1743.8486,1512.702998
26/12/2025,1414.238137,1739.030593,1512.896759
27/12/2025,1408.23661,1739.351704,1511.144163
28/12/2025,1407.539859,1734.763808,1510.223168
29/12/2025,1405.134338,1734.535007,1508.529426
30/12/2025,1401.666424,1729.617628,1510.384095
31/12/2025,1400.750897,1725.793972,1509.289899
01/01/2026,1399.259941,1725.104013,1509.141613
02/01/2026,1397.438898,1723.968038,1508.240951
03/01/2026,1400.334154,1722.048494,1509.952699
04/01/2026,1402.037195,1723.184242,1510.382773
05/01/2026,1402.454181,1724.162215,1510.039168
06/01/2026,1404.864594,1724.575519,1507.846997
07/01/2026,1401.533758,1728.561973,1507.062518
08/01/2026,1401.33056,1722.456026,1507.398219
09/01/2026,1403.629185,1722.375855,1506.071783
10/01/2026,1402.692601,1724.481197,1509.877372
11/01/2026,1400.896729,1724.571406,1508.253446
12/01/2026,1400.580575,1724.370907,1508.043055
13/01/2026,1400.466793,1721.993022,1510.448593
14/01/2026,1398.381172,1721.763222,1512.301459
15/01/2026,1405.046107,1721.396139,1514.444651
16/01/2026,1404.613559,1724.665141,1520.672237
17/01/2026,1407.056839,1726.707285,1523.075507
18/01/2026,1403.57279,1731.560977,1527.378537
19/01/2026,1406.213007,1729.555971,1523.023104
20/01/2026,1407.894362,1730.606431,1524.213175
21/01/2026,1410.503555,1729.928098,1527.082033
22/01/2026,1416.774963,1733.679311,1525.214333
23/01/2026,1420.558084,1740.17146,1529.509649
24/01/2026,1424.914146,1744.285231,1532.18396
25/01/2026,1425.993344,1747.948985,1535.773987
26/01/2026,1427.769293,1749.626538,1538.025789
27/01/2026,1424.833566,1750.326702,1542.361376
28/01/2026,1429.795744,1745.585764,1539.171082
29/01/2026,1432.781481,1745.101639,1541.083582
30/01/2026,1436.874634,1746.952201,1542.608414
31/01/2026,1437.169379,1749.901722,1545.902812
01/02/2026,1436.595017,1751.541328,1541.516489
02/02/2026,1435.915971,1750.122646,1542.816636
03/02/2026,1436.000082,1750.23792,1546.123207
04/02/2026,1441.707055,1752.032188,1545.253115
05/02/2026,1447.61692,1755.401462,1548.20513
06/02/2026,1448.325208,1756.199187,1552.551346
07/02/2026,1448.816688,1756.373174,1551.781383
08/02/2026,1450.280256,1757.883245,1554.151175
09/02/2026,1449.496951,1758.183342,1557.713203
10/02/2026,1449.926255,1758.400002,1554.581839
11/02/2026,1449.620516,1762.551971,1555.445288
12/02/2026,1446.971255,1764.071348,1557.483671
13/02/2026,1449.592203,1762.038454,1557.702799
14/02/2026,1451.818007,1765.250742,1560.183493
15/02/2026,1453.131322,1769.350437,1560.196192
16/02/2026,1457.334915,1771.463018,1563.455796
17/02/2026,1460.631304,1775.206654,1564.520754
18/02/2026,1460.364041,1774.755332,1566.367156
19/02/2026,1459.606778,1774.596139,1568.306818
20/02/2026,1458.62756,1777.166096,1567.571007
21/02/2026,1457.661351,1776.329959,1569.373565
22/02/2026,1456.811724,1776.992763,1567.043785
23/02/2026,1458.730557,1778.321163,1570.877789
24/02/2026,1460.426121,1780.781281,1569.966481
25/02/2026,1467.387388,1783.836199,1574.023743
26/02/2026,1461.773541,1788.98589,1582.626954
27/02/2026,1465.388685,1786.070789,1582.020903
28/02/2026,1464.767007,1787.842011,1582.314308
01/03/2026,1465.761708,1787.590181,1579.853497
02/03/2026,1463.629342,1787.084591,1579.281549
03/03/2026,1462.031029,1784.988615,1576.995789
04/03/2026,1464.361936,1780.143097,1574.80826
05/03/2026,1467.393284,1781.803882,1577.497794
06/03/2026,1466.184245,1783.44433,1576.895394
07/03/2026,1465.912262,1785.545443,1574.727544
08/03/2026,1463.285346,1786.518698,1573.965422
09/03/2026,1468.196809,1785.388296,1574.410454
10/03/2026,1470.351144,1785.740526,1580.814182
11/03/2026,1467.868222,1786.733976,1584.803981
12/03/2026,1468.879076,1784.034613,1583.766008
13/03/2026,1474.496141,1781.862541,1584.152059
14/03/2026,1473.390809,1786.427144,1587.840937
15/03/2026,1473.823914,1784.614914,1588.014833
16/03/2026,1473.114724,1783.723272,1585.477684
17/03/2026,1478.290384,1782.46164,1586.608143
18/03/2026,1482.255842,1786.417614,1589.086867
19/03/2026,1481.242485,1788.898324,1590.654379
20/03/2026,1480.39107,1789.301806,1589.496635
21/03/2026,1484.698365,1795.087931,1590.376594
22/03/2026,1482.709719,1797.844387,1595.406638
23/03/2026,1483.182886,1798.815181,1592.588852
24/03/2026,1485.751607,1800.204521,1590.829131
25/03/2026,1489.650822,1804.242739,1593.944043
26/03/2026,1490.88194,1806.86199,1597.178919
27/03/2026,1493.821252,1807.485841,1599.303256
28/03/2026,1492.219929,1814.596968,1605.077378
29/03/2026,1491.926241,1816.174137,1603.484032
30/03/2026,1490.761632,1816.517677,1603.317874
31/03/2026,1490.78968,1820.633437,1598.464122
01/04/2026,1488.120537,1822.970675,1598.463082
02/04/2026,1490.742796,1818.607474,1595.754793
03/04/2026,1491.523958,1820.021681,1594.230286
04/04/2026,1490.236007,1820.270122,1595.86674
05/04/2026,1489.37779,1820.940405,1595.0796
06/04/2026,1489.334761,1819.377892,1591.80845
07/04/2026,1488.16782,1821.89483,1592.584037
08/04/2026,1486.961448,1821.363192,1593.16312
09/04/2026,1489.371528,1823.523122,1589.081484
10/04/2026,1493.483604,1826.190227,1589.173033
11/04/2026,1492.807179,1830.315368,1592.395233
12/04/2026,1494.013525,1833.14136,1591.818099
13/04/2026,1493.791456,1832.907314,1591.341099
14/04/2026,1494.913555,1835.196975,1590.58322
15/04/2026,1495.96425,1840.875413,1589.796662
16/04/2026,1501.814931,1840.461311,1591.263627
17/04/2026,1500.389289,1842.711699,1594.307039
18/04/2026,1498.881492,1840.028165,1594.165166
19/04/2026,1498.149079,1838.908305,1595.173732
20/04/2026,1495.89748,1840.404077,1593.87189
21/04/2026,1495.271503,1838.270353,1594.424075
22/04/2026,1492.196627,1838.478455,1592.172698
23/04/2026,1494.973786,1837.559264,1588.405956
24/04/2026,1495.742605,1839.369582,1594.782191
25/04/2026,1494.483976,1839.434326,1596.497841
26/04/2026,1497.739511,1840.931433,1595.901404
27/04/2026,1499.013869,1842.583595,1600.328271
28/04/2026,1501.544235,1844.079433,1601.647718
29/04/2026,1501.15015,1847.11465,1603.594304
30/04/2026,1501.847838,1844.990816,1599.80482
01/05/2026,1503.05948,1845.148727,1598.393947
02/05/2026,1502.938329,1843.555535,1595.125535
03/05/2026,1504.781149,1841.738504,1597.784223
04/05/2026,1502.384842,1844.500558,1598.599797
05/05/2026,1501.995238,1844.555487,1599.101929
06/05/2026,1505.325815,1844.234567,1598.219678
07/05/2026,1510.040953,1848.314408,1601.962769
08/05/2026,1509.854381,1853.030088,1608.011834
09/05/2026,1507.964123,1852.178546,1608.481041
10/05/2026,1512.044762,1853.319983,1604.577936
11/05/2026,1512.193353,1855.072883,1606.009884
12/05/2026,1512.125156,1856.295251,1607.533589
13/05/2026,1514.112455,1851.054918,1608.816992
14/05/2026,1516.605874,1849.156609,1611.850298
15/05/2026,1522.324082,1849.749036,1614.17812
16/05/2026,1521.726126,1851.728465,1619.285303
17/05/2026,1521.120482,1847.99314,1617.817389
18/05/2026,1520.057362,1844.763251,1617.429753
19/05/2026,1519.910325,1842.384707,1617.293258
20/05/2026,1521.428721,1844.038642,1618.199068
21/05/2026,1523.473178,1848.284213,1621.152563
22/05/2026,1524.160467,1848.221113,1624.707639
23/05/2026,1525.076382,1848.384701,1629.162176
24/05/2026,1530.9266,1849.889699,1629.54916
25/05/2026,1528.257672,1852.504275,1631.844291
26/05/2026,1526.78532,1851.109357,1629.933878
27/05/2026,1524.991224,1849.71084,1628.779995
28/05/2026,1525.651379,1849.63891,1625.644422
29/05/2026,1530.475215,1845.938594,1626.770908
30/05/2026,1532.780094,1846.217775,1628.155774
31/05/2026,1533.278346,1847.43078,1631.164735