time,Skytech Microelectronics Ltd.,Silicon Innovations Corporation,NexGen Microsystems GmbH
01/01/2017,446.0,655.0,723.2
02/01/2017,442.5457074,665.1250243,732.8491533
03/01/2017,442.2380295,665.1804463,729.4755085
04/01/2017,434.7167349,664.7791714,726.777876
05/01/2017,429.292725,663.5136506,724.6704709
06/01/2017,435.8611156,658.0524577,719.3796774
07/01/2017,438.6762002,662.7869534,723.0644406
08/01/2017,443.5952221,665.4834561,728.7698083
09/01/2017,445.7039186,667.4336619,727.4112234
10/01/2017,453.6595947,662.7697016,729.2302074
11/01/2017,457.4617242,664.6150156,733.8513407
12/01/2017,458.6233798,669.7131304,738.0912014
13/01/2017,470.462491,667.2156594,733.7745786
14/01/2017,475.1694755,678.3539816,744.9710799
15/01/2017,476.9262992,684.4793318,750.951811
16/01/2017,487.6591337,687.5540539,747.4613009
17/01/2017,484.7688318,690.1669049,758.0342899
18/01/2017,487.0171091,684.7811237,757.9856247
19/01/2017,485.0136072,686.6864855,755.9379269
20/01/2017,484.859018,685.6671511,755.2970419
21/01/2017,489.3495143,687.877589,753.7797429
22/01/2017,480.5957264,697.2963278,755.2745859
23/01/2017,494.7362029,691.6503976,748.5592907
24/01/2017,486.100277,702.6247839,758.7646176
25/01/2017,473.4538481,695.6597844,756.8713266
26/01/2017,455.5705026,687.3791978,747.3910464
27/01/2017,469.648275,679.991669,735.22616
28/01/2017,481.1567961,690.6116944,742.5773299
29/01/2017,467.2437761,698.8629088,752.0304295
30/01/2017,466.4563245,693.3125502,743.307377
31/01/2017,467.5173249,689.6230947,740.1587068
01/02/2017,466.0743909,687.2628871,741.2748444
02/02/2017,472.1156833,689.1802082,745.2173855
03/02/2017,446.9883506,693.5707451,750.5721804
04/02/2017,448.7514403,674.5592787,732.5844357
05/02/2017,463.0264685,679.123092,732.4809856
06/02/2017,479.084014,687.4104415,739.0123306
07/02/2017,491.3044337,706.5726669,749.8766395
08/02/2017,503.7727391,715.2937717,751.5255751
09/02/2017,505.5345155,728.2061698,761.0293825
10/02/2017,515.2568707,736.6372662,761.2019625
11/02/2017,526.2211365,739.2525713,768.0725559
12/02/2017,519.7646726,751.7697334,774.1115497
13/02/2017,537.5731061,746.6070007,770.9994577
14/02/2017,534.6454546,758.3832856,781.5463724
15/02/2017,519.5964681,756.5358087,784.1501024
16/02/2017,518.3838826,743.3335082,772.5370129
17/02/2017,527.2080919,747.0786964,773.8985153
18/02/2017,532.0049422,752.0534918,773.8724238
19/02/2017,536.5125263,756.8877237,775.4742135
20/02/2017,541.1815179,757.6786941,782.7786358
21/02/2017,543.0139377,762.6082668,788.7630367
22/02/2017,552.6377212,763.2882063,790.5082505
23/02/2017,567.8565938,775.4958851,800.7752408
24/02/2017,589.6371478,786.3887465,810.8215931
25/02/2017,589.1190272,802.2627842,823.313069
26/02/2017,593.6706736,806.754998,816.9930563
27/02/2017,591.6540392,808.2088718,814.879157
28/02/2017,595.8897415,807.9235367,817.4893677
01/03/2017,593.1794816,806.4548858,823.5152119
02/03/2017,582.3949271,807.5089653,817.3767209
03/03/2017,579.3746708,795.1326804,810.0452971
04/03/2017,602.030074,791.5478559,809.2913502
05/03/2017,602.0365992,805.0281899,826.8393373
06/03/2017,606.7358745,808.2861275,831.1847631
07/03/2017,625.8601478,810.4422189,832.8584222
08/03/2017,633.3596208,833.397664,845.7148832
09/03/2017,638.3903928,844.9379478,849.1631865
10/03/2017,637.3323246,854.446929,855.5661612
11/03/2017,635.059792,858.5730606,858.8808707
12/03/2017,646.3272228,859.4806043,860.2643525
13/03/2017,643.7453157,868.4150321,868.1459803
14/03/2017,638.2148667,867.9570564,866.8567837
15/03/2017,640.8243801,861.9878569,857.2835849
16/03/2017,636.4248436,864.1075846,855.1394868
17/03/2017,633.6927276,861.115005,852.8496353
18/03/2017,619.1654075,853.7547991,854.4571627
19/03/2017,617.8409215,843.8630355,840.202025
20/03/2017,607.2758772,847.8555033,841.3623268
21/03/2017,614.6149952,833.2045249,833.7629178
22/03/2017,618.3463712,835.8467007,838.0551094
23/03/2017,605.5328722,833.1272337,844.579956
24/03/2017,596.6130184,829.2797511,840.9406768
25/03/2017,604.2642196,826.2814602,834.231516
26/03/2017,605.8877435,831.5928217,836.0457931
27/03/2017,615.0736964,831.8549397,836.7803638
28/03/2017,624.7845953,843.3229916,843.4022113
29/03/2017,622.3321744,855.7761575,854.9937579
30/03/2017,645.1746595,856.4259654,853.7553569
31/03/2017,652.005719,872.9115497,862.3627069
01/04/2017,656.2694547,871.6897292,869.9444763
02/04/2017,644.5246949,877.2128877,868.336417
03/04/2017,647.2884455,862.194745,862.9821432
04/04/2017,645.4228131,866.3432005,864.6421425
05/04/2017,653.0688941,864.9239771,866.2956884
06/04/2017,643.2941177,873.0166012,869.3209004
07/04/2017,636.025818,866.4246218,861.519333
08/04/2017,633.9359452,863.7603286,858.4885923
09/04/2017,633.3604761,865.9764993,855.7580744
10/04/2017,624.6098488,867.274643,851.6720473
11/04/2017,617.0232106,863.9474729,846.9240047
12/04/2017,615.3987482,859.1699277,844.1424487
13/04/2017,621.1446194,861.3904752,845.3849459
14/04/2017,618.7380732,864.3210772,850.2406584
15/04/2017,612.8366512,862.8154645,846.5487647
16/04/2017,626.9649684,859.3127344,841.8790757
17/04/2017,635.1058144,868.5142061,848.0594708
18/04/2017,632.3081782,876.4777839,850.1818601
19/04/2017,625.8946395,876.7673718,854.9637547
20/04/2017,621.5002341,879.8978277,853.3358089
21/04/2017,623.7220616,879.1283323,848.1885528
22/04/2017,625.1620301,885.5282555,850.4960709
23/04/2017,628.8583197,891.4090655,852.3860983
24/04/2017,626.0250099,899.7208258,854.8874523
25/04/2017,615.665404,896.866819,856.8337453
26/04/2017,610.8395793,892.4896702,851.1179123
27/04/2017,612.4918823,888.0736108,852.2531506
28/04/2017,607.0206139,887.4482722,852.8366944
29/04/2017,596.7726143,882.5361998,852.8177613
30/04/2017,596.6334387,876.3814288,848.2227388
01/05/2017,593.6057997,873.9828425,848.0137157
02/05/2017,589.6238806,871.1308501,847.0969505
03/05/2017,598.4971513,871.7725386,847.6240082
04/05/2017,597.3642079,881.6867195,850.5899255
05/05/2017,580.106523,877.3457471,849.8972077
06/05/2017,583.0323043,863.3882253,835.5542863
07/05/2017,569.6848489,859.6499254,835.1631148
08/05/2017,558.9287303,859.6189909,830.1593133
09/05/2017,549.9493405,860.5130167,822.5753027
10/05/2017,557.9829751,854.677995,814.9157307
11/05/2017,551.954899,859.5734673,818.7109743
12/05/2017,560.1849674,857.6591654,816.021322
13/05/2017,561.463652,863.4300402,825.6667513
14/05/2017,556.8236667,863.234606,824.805445
15/05/2017,559.9011372,858.2099643,824.1860151
16/05/2017,567.2963662,863.6205372,826.8050374
17/05/2017,549.8249451,867.351768,832.2955912
18/05/2017,557.1167266,857.7108904,818.9113282
19/05/2017,541.7592561,866.7143222,820.1038457
20/05/2017,544.3904974,856.1080116,807.358912
21/05/2017,548.0492391,859.1809472,802.79654
22/05/2017,547.8511416,863.1714008,800.7275995
23/05/2017,540.4756154,859.4754596,799.1603073
24/05/2017,542.1757995,849.9153297,796.545808
25/05/2017,535.6385737,854.2314619,797.6276813
26/05/2017,547.1360864,856.6009714,792.4004446
27/05/2017,547.3537323,861.2242463,797.1001548
28/05/2017,533.1069507,858.9770376,799.1840669
29/05/2017,544.75183,847.3277443,791.8177647
30/05/2017,560.4980958,857.7023543,804.0838028
31/05/2017,573.5812037,865.4101804,810.8470176
01/06/2017,564.832069,875.6618395,816.1375035
02/06/2017,565.1127227,872.625799,807.8594597
03/06/2017,573.6591815,876.7867982,808.361503
04/06/2017,551.5101256,883.4016814,812.2359305
05/06/2017,551.0276986,870.4545011,801.6312957
06/06/2017,562.8733056,865.432807,799.3661375
07/06/2017,581.7860304,868.8247413,803.5823014
08/06/2017,578.3149524,879.1076593,818.9460107
09/06/2017,584.1683596,874.5813878,816.2823992
10/06/2017,586.5777873,878.3177005,820.8430958
11/06/2017,578.1332285,872.2424307,820.5154361
12/06/2017,585.4650828,866.8314679,812.872513
13/06/2017,608.203755,872.9102677,817.4560437
14/06/2017,612.9616348,886.8061183,833.9694107
15/06/2017,621.6958836,889.7886033,833.6057335
16/06/2017,618.3153936,898.0228472,842.1331533
17/06/2017,604.5253503,897.0994807,840.4697919
18/06/2017,617.4863053,888.6910685,830.4823276
19/06/2017,620.0959265,902.1332328,841.1521352
20/06/2017,606.6000858,910.5189723,844.0029774
21/06/2017,625.2756272,896.5915488,832.7467235
22/06/2017,631.5266337,900.3159806,846.6217606
23/06/2017,628.098624,899.4026326,847.024058
24/06/2017,621.0596396,899.5117855,841.9674867
25/06/2017,617.5208063,891.3526476,835.5185734
26/06/2017,617.9432855,891.5704967,832.4295913
27/06/2017,624.2179944,897.1004033,833.2381703
28/06/2017,634.272445,902.2040147,837.7954392
29/06/2017,640.7334402,904.3465506,844.0965418
30/06/2017,642.6789857,910.8225455,853.8450512
01/07/2017,636.5458999,910.7080718,857.8687633
02/07/2017,640.0348171,902.4240548,850.2790533
03/07/2017,638.8703865,906.2419235,851.4272441
04/07/2017,633.0304804,914.6193884,847.3191976
05/07/2017,632.5550453,911.5918104,843.9723846
06/07/2017,632.7864463,911.2507751,845.5048599
07/07/2017,612.8849703,911.9792641,846.8619668
08/07/2017,596.5361346,895.0380784,830.7780226
09/07/2017,592.9436235,886.0266064,820.8619683
10/07/2017,604.1843175,880.5570315,817.6980245
11/07/2017,615.4201604,886.4497512,821.9311049
12/07/2017,614.1599151,897.7764207,828.78717
13/07/2017,609.4954741,902.2841935,827.3492409
14/07/2017,612.3772564,898.9583386,827.5267272
15/07/2017,615.5270681,902.0652129,833.4212882
16/07/2017,614.9483878,906.206549,836.3390465
17/07/2017,623.5948618,904.9592015,829.5103599
18/07/2017,623.8805808,913.997107,834.8285624
19/07/2017,625.6768555,912.9623552,836.9889929
20/07/2017,626.8918074,913.4144433,840.9281877
21/07/2017,632.7320174,916.9636445,842.4555199
22/07/2017,641.6924506,920.1666922,846.382849
23/07/2017,641.0068423,927.1816296,850.992638
24/07/2017,639.925518,927.0924927,852.4872002
25/07/2017,623.6878826,925.8582338,858.7023704
26/07/2017,630.70795,911.7739616,849.6491099
27/07/2017,625.6684469,918.4938762,853.5613999
28/07/2017,646.0599375,915.6289769,846.3667945
29/07/2017,639.8904148,934.5369974,861.4952763
30/07/2017,638.6250726,928.0827004,857.8517671
31/07/2017,647.591906,925.9715018,855.5198809
01/08/2017,654.0404089,932.1155337,864.3434655
02/08/2017,643.2128419,937.0953701,866.9988501
03/08/2017,645.8656891,927.9189384,864.7162882
04/08/2017,647.1745132,929.4771917,862.2112265
05/08/2017,643.4389483,930.2806486,860.6771805
06/08/2017,643.9395591,931.182811,859.477723
07/08/2017,646.7878101,933.591478,856.9032608
08/08/2017,641.9054931,937.0339439,854.8017637
09/08/2017,645.7214111,934.3603955,854.0269913
10/08/2017,635.2861191,941.5205059,859.1658745
11/08/2017,642.0113158,933.0785347,855.0394759
12/08/2017,645.2273031,941.9980365,857.5360337
13/08/2017,640.1571426,945.1442393,860.8797673
14/08/2017,643.7842748,940.6235667,859.0827805
15/08/2017,654.2457056,944.9744688,859.3434421
16/08/2017,653.6271263,953.25282,868.4812651
17/08/2017,670.5350767,951.8335996,874.1931645
18/08/2017,657.3983829,961.9149285,889.2675608
19/08/2017,670.3710684,952.4965764,881.7914804
20/08/2017,678.7976917,955.5846889,890.7980548
21/08/2017,669.9188998,961.8272394,892.3492083
22/08/2017,668.7796066,952.8647595,883.7362217
23/08/2017,668.0988576,948.3536976,884.9621246
24/08/2017,673.4023633,953.137041,885.3678771
25/08/2017,657.8313127,960.3108719,893.3981958
26/08/2017,651.7972212,952.9010739,880.4136177
27/08/2017,638.6369843,951.7040717,877.3598913
28/08/2017,638.5313297,948.3171919,872.2657201
29/08/2017,650.7712637,948.4952636,871.2998639
30/08/2017,646.7194346,952.3865821,881.1550116
31/08/2017,645.2398654,948.1094346,873.0393731
01/09/2017,655.921115,947.5739215,873.2256435
02/09/2017,662.22837,952.1464181,881.2465275
03/09/2017,672.8272357,953.8344323,883.8877047
04/09/2017,694.8953624,961.1240976,886.6368099
05/09/2017,683.5180652,978.6219116,901.2718625
06/09/2017,682.7909278,966.5020737,893.3657783
07/09/2017,679.1663722,968.6222609,892.2553885
08/09/2017,686.8402317,963.7809417,889.3317251
09/09/2017,685.2432098,965.6276796,900.9463891
10/09/2017,689.7494009,965.5238404,897.2988712
11/09/2017,699.7516388,971.6173037,898.9226872
12/09/2017,715.3088919,979.2917337,913.698596
13/09/2017,707.0696272,985.6022828,923.7034275
14/09/2017,712.1945003,978.9055554,918.338327
15/09/2017,709.0497808,980.9328537,925.991869
16/09/2017,713.8251424,978.0052809,929.8253596
17/09/2017,714.4333078,978.2227083,932.500951
18/09/2017,705.717823,977.95712,925.941129
19/09/2017,697.5094596,970.0713466,924.6360244
20/09/2017,705.2304388,968.1293403,920.9317434
21/09/2017,718.6676157,971.755271,927.472388
22/09/2017,713.7764829,978.3942726,933.7758717
23/09/2017,715.3231975,976.3032601,930.5943462
24/09/2017,716.0417123,978.7857862,928.9304113
25/09/2017,729.621308,979.0532478,932.3519837
26/09/2017,721.090503,993.9495598,937.5201841
27/09/2017,723.8082283,989.1680791,930.9406752
28/09/2017,714.1381888,988.0873816,935.4741512
29/09/2017,733.1044655,982.4309161,927.8506423
30/09/2017,726.8268804,995.1217035,941.9506329
01/10/2017,743.5898773,993.0412044,940.2221634
02/10/2017,756.3073228,1007.458223,951.5261326
03/10/2017,754.401552,1018.904134,964.7338459
04/10/2017,753.6033196,1017.054574,961.1232383
05/10/2017,755.5724499,1015.565415,963.7307153
06/10/2017,754.8390202,1026.12821,958.4908517
07/10/2017,753.6328734,1024.197346,963.620572
08/10/2017,762.8659083,1023.980702,964.3147625
09/10/2017,751.9046925,1029.25635,974.6064671
10/10/2017,774.4245638,1020.203998,970.8822897
11/10/2017,784.584214,1037.81178,986.1588071
12/10/2017,783.2534534,1044.204235,991.8170031
13/10/2017,799.7747544,1040.027983,993.3706407
14/10/2017,799.879159,1049.339472,1001.259241
15/10/2017,793.9208704,1048.132848,1005.652903
16/10/2017,809.1666034,1042.768548,1002.896637
17/10/2017,798.8478982,1052.876195,1014.880018
18/10/2017,808.0480298,1042.094469,1005.062675
19/10/2017,814.1651094,1052.772906,1011.751095
20/10/2017,815.7065647,1055.98659,1013.880241
21/10/2017,828.8660095,1057.342153,1011.844994
22/10/2017,834.7846545,1069.801368,1017.770053
23/10/2017,831.7384509,1073.886321,1026.90216
24/10/2017,826.1928498,1068.345242,1026.649383
25/10/2017,811.7438747,1063.110701,1021.438966
26/10/2017,818.1563648,1053.603838,1013.417771
27/10/2017,829.1844624,1056.316934,1018.957807
28/10/2017,839.5602652,1071.589391,1027.557864
29/10/2017,840.3562105,1082.101268,1034.323306
30/10/2017,838.4489307,1085.596743,1033.015185
31/10/2017,844.1995419,1086.810434,1027.745953
01/11/2017,835.8204847,1086.810976,1031.536366
02/11/2017,846.7624244,1084.07278,1025.094471
03/11/2017,837.9454701,1091.905198,1029.818601
04/11/2017,832.2111252,1086.343502,1021.520161
05/11/2017,824.6827518,1085.294654,1021.01069
06/11/2017,824.1432733,1081.723233,1018.117909
07/11/2017,826.7885065,1081.48409,1020.397249
08/11/2017,818.4188648,1085.420342,1017.009023
09/11/2017,819.5973172,1078.630902,1011.200231
10/11/2017,813.0670619,1076.060204,1011.914421
11/11/2017,820.1631016,1071.753321,1010.768757
12/11/2017,833.650732,1079.404758,1018.816816
13/11/2017,823.8430124,1088.11817,1026.509116
14/11/2017,809.9504857,1082.138515,1023.413449
15/11/2017,817.2456181,1071.176385,1014.663476
16/11/2017,829.3990884,1074.217219,1024.414796
17/11/2017,843.6577453,1083.834071,1033.954561
18/11/2017,822.220375,1098.794613,1042.025147
19/11/2017,817.7617142,1089.16255,1029.191079
20/11/2017,812.8515975,1086.335103,1027.977901
21/11/2017,817.2049666,1078.103936,1023.962286
22/11/2017,820.6162729,1078.70329,1026.416991
23/11/2017,817.4873189,1084.666311,1028.181769
24/11/2017,830.7502285,1085.434601,1024.824624
25/11/2017,818.1925274,1093.189105,1034.794845
26/11/2017,822.9193108,1083.430773,1029.289714
27/11/2017,802.3161949,1086.080543,1034.273031
28/11/2017,792.600854,1072.088467,1022.924002
29/11/2017,795.9695019,1064.028973,1013.270837
30/11/2017,790.3069257,1068.185393,1017.414084
01/12/2017,801.0313117,1058.257059,1011.060005
02/12/2017,802.7114864,1062.594271,1017.303387
03/12/2017,803.7451929,1062.428074,1017.986527
04/12/2017,781.066447,1061.566679,1020.765446
05/12/2017,799.7240361,1045.900214,1004.822563
06/12/2017,813.0849887,1056.101121,1014.649665
07/12/2017,823.5299219,1064.450826,1026.071655
08/12/2017,826.1001767,1068.945728,1034.622234
09/12/2017,820.4307479,1075.729006,1033.302197
10/12/2017,824.4578016,1071.653833,1031.52476
11/12/2017,844.1367855,1077.333744,1035.588617
12/12/2017,845.7827625,1088.028461,1045.215219
13/12/2017,835.8752771,1089.082248,1047.940642
14/12/2017,833.7785089,1081.346794,1045.579376
15/12/2017,830.1061054,1078.881379,1041.253739
16/12/2017,825.9569838,1078.25152,1041.166393
17/12/2017,817.7860037,1073.818583,1040.213375
18/12/2017,825.2761143,1066.532072,1040.054323
19/12/2017,832.8180018,1070.95917,1046.671527
20/12/2017,825.3822963,1076.687976,1047.59366
21/12/2017,843.7275632,1069.518589,1044.75484
22/12/2017,848.5504997,1083.002116,1053.665139
23/12/2017,842.7525615,1083.202906,1058.068516
24/12/2017,844.1225439,1078.67118,1053.63451
25/12/2017,834.6549714,1077.982696,1054.221215
26/12/2017,831.9686189,1075.393228,1046.9625
27/12/2017,820.1958328,1078.556576,1045.023638
28/12/2017,817.2867253,1073.495038,1035.818118
29/12/2017,804.4459854,1072.812336,1033.536886
30/12/2017,789.1009183,1067.677096,1027.283443
31/12/2017,781.4356791,1059.277085,1015.820472
01/01/2018,778.0501952,1050.727097,1007.995763
02/01/2018,784.0630298,1045.284991,1016.241404
03/01/2018,798.3599157,1046.847461,1018.151787
04/01/2018,790.3209415,1061.733996,1024.731841
05/01/2018,781.3378176,1055.216353,1011.495639
06/01/2018,788.2087979,1049.9557,1002.493329
07/01/2018,791.737495,1051.430984,1008.961678
08/01/2018,792.0969723,1055.840982,1005.604765
09/01/2018,787.286661,1056.396074,1010.473289
10/01/2018,777.3614921,1053.742833,1009.937448
11/01/2018,794.4025253,1047.308434,1008.275083
12/01/2018,803.0250293,1062.287225,1018.084418
13/01/2018,811.4791082,1066.732255,1025.978766
14/01/2018,820.9631095,1071.516056,1033.588358
15/01/2018,825.7303917,1077.628326,1038.374649
16/01/2018,819.8836829,1080.333598,1045.070825
17/01/2018,818.1792566,1082.483949,1041.826142
18/01/2018,813.6484696,1081.435905,1038.056434
19/01/2018,825.1413025,1080.370813,1036.838752
20/01/2018,833.722009,1088.276603,1044.883385
21/01/2018,834.3795493,1096.390439,1052.618748
22/01/2018,838.2871316,1094.245238,1055.782817
23/01/2018,836.6684013,1097.096385,1055.317421
24/01/2018,823.7066931,1097.698373,1051.634188
25/01/2018,836.8352265,1091.118205,1045.616431
26/01/2018,837.6436356,1103.435826,1057.209913
27/01/2018,843.2516926,1097.911423,1056.821034
28/01/2018,848.2477005,1102.122663,1059.99371
29/01/2018,862.978894,1107.885035,1064.471305
30/01/2018,869.0482259,1119.516264,1072.515627
31/01/2018,872.4378375,1123.509804,1078.794995
01/02/2018,876.1180982,1121.051682,1078.635865
02/02/2018,881.8472135,1124.395923,1078.683168
03/02/2018,896.9071508,1131.245518,1079.291298
04/02/2018,873.6583728,1144.860275,1087.008812
05/02/2018,875.1470359,1131.570445,1069.42249
06/02/2018,884.9357018,1135.127978,1071.504281
07/02/2018,883.5104986,1141.130363,1074.38708
08/02/2018,882.4507816,1141.108437,1070.968397
09/02/2018,879.7029785,1139.796126,1072.672138
10/02/2018,874.991657,1134.954914,1065.03643
11/02/2018,873.0142851,1137.57912,1061.632088
12/02/2018,875.9918211,1133.123868,1058.998166
13/02/2018,854.8567526,1130.254776,1064.648649
14/02/2018,853.4596762,1116.523334,1054.278703
15/02/2018,860.1145467,1108.673699,1057.274838
16/02/2018,850.9785666,1110.879221,1057.390816
17/02/2018,852.3478105,1105.581589,1049.768764
18/02/2018,857.2801031,1101.773918,1052.511869
19/02/2018,864.7334991,1102.43823,1053.633716
20/02/2018,855.9822359,1107.020334,1057.412121
21/02/2018,853.3874131,1097.720532,1056.150671
22/02/2018,836.3923654,1095.158551,1050.828007
23/02/2018,835.4773586,1084.2235,1045.089875
24/02/2018,840.6858221,1083.173995,1044.01385
25/02/2018,848.1252793,1091.373225,1044.572488
26/02/2018,834.7858485,1103.678347,1048.244964
27/02/2018,837.9741427,1097.528753,1048.90558
28/02/2018,849.8063118,1103.106418,1048.822516
01/03/2018,854.744259,1108.424888,1057.242584
02/03/2018,855.2534435,1115.380852,1059.587805
03/03/2018,857.9021446,1119.757571,1060.317511
04/03/2018,854.4584293,1121.040472,1064.848682
05/03/2018,866.1205335,1117.535623,1064.94861
06/03/2018,874.753636,1123.539738,1069.925776
07/03/2018,882.8874083,1129.768446,1073.155587
08/03/2018,888.8528163,1136.994117,1076.646246
09/03/2018,902.2810342,1141.626346,1085.097753
10/03/2018,897.5381162,1152.889537,1098.067562
11/03/2018,896.0897542,1145.667198,1097.163287
12/03/2018,890.0513249,1148.750934,1095.447364
13/03/2018,891.6043958,1143.241871,1087.738462
14/03/2018,888.0427145,1144.630039,1086.901769
15/03/2018,887.829996,1140.807926,1080.686756
16/03/2018,881.1733488,1141.639011,1080.775722
17/03/2018,886.1128636,1141.877583,1076.073444
18/03/2018,888.500005,1145.671546,1080.265296
19/03/2018,893.9080647,1147.678275,1086.761067
20/03/2018,891.5099433,1153.97652,1095.076356
21/03/2018,901.8375119,1151.85574,1094.438807
22/03/2018,903.5001781,1153.397611,1103.627952
23/03/2018,905.6729095,1150.9075,1101.250845
24/03/2018,891.3607567,1157.29944,1104.412583
25/03/2018,890.7373926,1146.464755,1095.510318
26/03/2018,881.4110722,1148.866183,1093.736822
27/03/2018,902.1450682,1142.411679,1084.083461
28/03/2018,906.7862885,1156.890206,1096.108344
29/03/2018,905.8276311,1159.523039,1100.595539
30/03/2018,894.1118899,1161.684554,1100.231493
31/03/2018,908.5189657,1158.233544,1095.224305
01/04/2018,896.613722,1164.736695,1100.393783
02/04/2018,893.1685393,1156.767779,1095.479268
03/04/2018,905.2319201,1152.593324,1095.777355
04/04/2018,903.7957248,1163.780177,1105.503939
05/04/2018,905.2414949,1166.74373,1103.988984
06/04/2018,893.1417535,1166.423502,1105.372888
07/04/2018,907.6862203,1158.638088,1095.324509
08/04/2018,907.6608066,1171.362273,1102.561254
09/04/2018,907.3786697,1170.722721,1106.162109
10/04/2018,910.9148088,1169.389289,1102.408321
11/04/2018,898.3849962,1173.86423,1104.462529
12/04/2018,898.8959869,1165.366581,1097.221417
13/04/2018,890.0915696,1168.065157,1097.964345
14/04/2018,890.2030858,1160.185125,1094.461518
15/04/2018,889.7408298,1164.229916,1095.274709
16/04/2018,888.8655393,1163.851259,1094.087423
17/04/2018,883.4881558,1168.692406,1090.365229
18/04/2018,873.6613092,1165.106776,1085.290824
19/04/2018,867.3047761,1158.006424,1080.847422
20/04/2018,872.1374201,1155.825145,1076.401597
21/04/2018,863.7669203,1156.465307,1076.633483
22/04/2018,860.2198789,1152.064524,1065.90283
23/04/2018,857.4375294,1149.953392,1063.769152
24/04/2018,850.1370568,1146.242772,1065.377276
25/04/2018,849.6070035,1140.631476,1059.990961
26/04/2018,850.3791773,1139.165724,1060.976197
27/04/2018,851.5138942,1139.580302,1063.724283
28/04/2018,849.4975226,1144.665246,1067.60515
29/04/2018,858.1898407,1141.087936,1066.162256
30/04/2018,861.0611536,1144.087379,1071.927303
01/05/2018,875.0219721,1143.987222,1076.970473
02/05/2018,884.552804,1154.430236,1087.029358
03/05/2018,874.7224819,1156.763847,1089.980347
04/05/2018,878.186317,1152.694721,1083.558591
05/05/2018,882.0731324,1155.371856,1087.374482
06/05/2018,883.0205044,1162.654045,1091.553388
07/05/2018,892.4014451,1162.099808,1095.901509
08/05/2018,918.0009641,1167.404646,1098.793508
09/05/2018,920.5424611,1185.675759,1112.836556
10/05/2018,911.6801358,1183.812699,1117.331646
11/05/2018,920.6354989,1177.90836,1114.917854
12/05/2018,932.8759481,1182.32384,1125.06594
13/05/2018,916.6893599,1193.760078,1135.162618
14/05/2018,925.639583,1180.271864,1128.14408
15/05/2018,936.337503,1183.779535,1134.392719
16/05/2018,932.7685782,1197.09111,1140.957449
17/05/2018,931.6727391,1195.780811,1138.690726
18/05/2018,930.3302576,1192.147624,1136.094546
19/05/2018,928.8042169,1191.752676,1138.202181
20/05/2018,936.6678008,1182.623754,1137.92796
21/05/2018,950.6560918,1185.349011,1148.522739
22/05/2018,949.0821467,1195.231242,1157.25345
23/05/2018,951.6084396,1197.749754,1160.005997
24/05/2018,954.5036393,1201.875609,1164.966209
25/05/2018,931.3967492,1202.976823,1164.433796
26/05/2018,942.8769809,1190.658013,1149.200056
27/05/2018,946.5785804,1194.03083,1155.73448
28/05/2018,943.1473428,1196.693784,1160.926077
29/05/2018,946.8504938,1194.905581,1164.842164
30/05/2018,950.6478168,1198.811228,1170.395222
31/05/2018,929.5677252,1197.72727,1168.222488
01/06/2018,922.9295727,1186.141483,1159.080568
02/06/2018,927.061086,1188.336206,1153.396117
03/06/2018,912.218341,1191.562401,1156.968326
04/06/2018,908.1489402,1181.06362,1140.831689
05/06/2018,917.3782034,1181.462134,1133.391848
06/06/2018,919.0331254,1189.321597,1139.828945
07/06/2018,932.2827819,1187.40765,1141.507827
08/06/2018,905.9110076,1196.022127,1148.508137
09/06/2018,892.2424964,1176.929089,1133.101655
10/06/2018,874.1671448,1174.819752,1127.56028
11/06/2018,863.8286648,1166.089462,1113.545064
12/06/2018,867.5197598,1159.613982,1101.692156
13/06/2018,874.7304291,1163.838307,1100.80932
14/06/2018,883.5130285,1168.514528,1103.768101
15/06/2018,885.6400981,1174.089067,1113.106994
16/06/2018,889.2173681,1175.040626,1111.657593
17/06/2018,888.9682683,1177.314989,1112.361036
18/06/2018,908.5160191,1178.393812,1108.17005
19/06/2018,903.1981263,1190.04943,1115.54491
20/06/2018,880.2595165,1188.500945,1116.583346
21/06/2018,896.8410063,1175.615215,1102.486208
22/06/2018,913.4391545,1186.957568,1114.730681
23/06/2018,918.6209529,1199.005286,1131.012715
24/06/2018,923.1817979,1199.161479,1131.9311
25/06/2018,932.86763,1198.484899,1137.212972
26/06/2018,928.8463288,1200.962492,1144.085869
27/06/2018,914.6203106,1196.17909,1136.239948
28/06/2018,908.5644903,1182.484639,1132.421761
29/06/2018,913.1937511,1181.301805,1131.455421
30/06/2018,905.3609275,1189.979971,1133.787996
01/07/2018,904.4532967,1183.899419,1131.914152
02/07/2018,911.1633773,1179.409904,1129.830604
03/07/2018,917.2279802,1185.476055,1134.867604
04/07/2018,917.2666376,1192.689502,1134.335513
05/07/2018,907.0286053,1193.939257,1138.56346
06/07/2018,916.9070092,1185.340111,1135.203393
07/07/2018,912.4941808,1185.9239,1143.496496
08/07/2018,925.7731922,1186.054075,1138.494159
09/07/2018,923.4138327,1198.869299,1150.103857
10/07/2018,932.4610215,1195.389188,1147.733835
11/07/2018,923.2564405,1207.901284,1152.003319
12/07/2018,937.2354758,1195.180814,1147.849305
13/07/2018,944.6833058,1209.396008,1156.404608
14/07/2018,937.5449571,1213.801649,1159.591402
15/07/2018,939.096445,1207.10077,1158.742983
16/07/2018,948.4692267,1210.487908,1160.143538
17/07/2018,955.9279462,1220.51322,1164.235052
18/07/2018,950.0630118,1223.043357,1170.352861
19/07/2018,956.1669712,1221.417649,1165.53529
20/07/2018,951.4134685,1218.799558,1169.934163
21/07/2018,941.9960021,1219.131352,1163.269229
22/07/2018,927.2017229,1212.557736,1152.430928
23/07/2018,928.3552754,1203.070775,1140.790515
24/07/2018,932.6817262,1204.117147,1137.168015
25/07/2018,924.9024882,1207.288318,1142.448966
26/07/2018,921.8539506,1200.071539,1139.381327
27/07/2018,926.5691816,1197.638027,1136.657921
28/07/2018,931.019206,1196.631257,1138.810987
29/07/2018,932.4942098,1200.579011,1141.060857
30/07/2018,904.6704811,1202.594302,1139.783623
31/07/2018,910.2596166,1182.78551,1126.210385
01/08/2018,921.6101413,1182.451684,1132.734255
02/08/2018,927.6195035,1185.1249,1142.536642
03/08/2018,939.7335171,1186.932488,1144.385944
04/08/2018,948.9604761,1195.52785,1148.11893
05/08/2018,956.1962014,1199.176726,1152.391164
06/08/2018,965.0895821,1205.369132,1153.819141
07/08/2018,961.6890767,1214.891598,1162.131363
08/08/2018,979.1532093,1219.027087,1163.214601
09/08/2018,991.0380993,1232.425375,1174.711489
10/08/2018,995.6940666,1236.44124,1186.123803
11/08/2018,998.2762549,1237.649136,1187.334183
12/08/2018,998.0898215,1237.608098,1187.813702
13/08/2018,1010.685935,1239.020002,1185.658546
14/08/2018,1013.907907,1246.389145,1197.358846
15/08/2018,1022.813778,1250.794149,1199.583475
16/08/2018,1018.921496,1257.746902,1202.201743
17/08/2018,1004.824056,1256.516552,1196.863094
18/08/2018,1011.227783,1249.883845,1188.960935
19/08/2018,1019.044662,1253.995498,1192.838365
20/08/2018,1029.147313,1259.063627,1201.867872
21/08/2018,1045.532608,1268.311039,1213.646515
22/08/2018,1058.651172,1279.781795,1217.891743
23/08/2018,1068.569076,1286.191796,1227.777184
24/08/2018,1075.972726,1296.825737,1235.615745
25/08/2018,1088.624285,1299.022122,1238.619837
26/08/2018,1103.103835,1305.890725,1245.724313
27/08/2018,1110.267491,1321.076097,1254.737081
28/08/2018,1099.556753,1328.170257,1261.73338
29/08/2018,1110.507935,1323.766098,1255.261109
30/08/2018,1113.578342,1325.513934,1267.599574
31/08/2018,1122.179332,1329.443036,1277.145978
01/09/2018,1107.99032,1330.465788,1278.947811
02/09/2018,1108.924588,1320.569295,1272.411656
03/09/2018,1124.368956,1322.434894,1273.120911
04/09/2018,1121.652608,1331.591368,1285.440982
05/09/2018,1119.543855,1328.681927,1283.539401
06/09/2018,1120.501949,1324.126903,1284.36863
07/09/2018,1114.248074,1325.770656,1287.146195
08/09/2018,1115.53932,1317.947392,1281.628999
09/09/2018,1108.074424,1320.882863,1277.074817
10/09/2018,1104.791879,1317.248966,1265.604945
11/09/2018,1117.569528,1311.105537,1258.576594
12/09/2018,1123.426371,1317.938848,1269.861242
13/09/2018,1127.789167,1323.687354,1266.53599
14/09/2018,1117.691871,1326.865718,1268.256097
15/09/2018,1111.320521,1318.142537,1263.386905
16/09/2018,1122.260814,1312.139916,1261.209608
17/09/2018,1121.134385,1320.577139,1272.157709
18/09/2018,1118.531843,1321.256349,1270.340399
19/09/2018,1112.566142,1316.123805,1266.693842
20/09/2018,1118.908122,1310.99964,1268.030144
21/09/2018,1117.872868,1311.010039,1272.395532
22/09/2018,1122.544773,1311.073757,1269.096092
23/09/2018,1125.332876,1309.755188,1275.093261
24/09/2018,1129.107874,1313.817833,1275.072634
25/09/2018,1132.398114,1318.403223,1278.142303
26/09/2018,1144.763534,1317.939986,1278.953389
27/09/2018,1139.97089,1322.75067,1288.134419
28/09/2018,1129.005358,1319.814424,1286.200258
29/09/2018,1136.73961,1312.03707,1280.438523
30/09/2018,1131.691883,1315.709056,1285.790857
01/10/2018,1122.567987,1314.52516,1284.748139
02/10/2018,1112.891564,1309.78308,1276.761023
03/10/2018,1110.549289,1303.542385,1270.801904
04/10/2018,1110.003538,1298.624353,1269.853246
05/10/2018,1115.345261,1295.87701,1274.267553
06/10/2018,1101.77792,1293.600345,1283.557595
07/10/2018,1102.058279,1280.46899,1272.749022
08/10/2018,1098.279943,1283.440355,1270.136178
09/10/2018,1099.956986,1280.123312,1266.851957
10/10/2018,1107.154027,1278.08293,1264.912292
11/10/2018,1115.465252,1284.987364,1269.881527
12/10/2018,1118.751187,1293.441838,1280.40202
13/10/2018,1117.257232,1289.232927,1282.623909
14/10/2018,1127.206593,1290.63597,1281.944808
15/10/2018,1134.060203,1301.333991,1289.152455
16/10/2018,1124.594339,1304.282003,1297.658177
17/10/2018,1123.165716,1297.578863,1290.611452
18/10/2018,1134.70159,1295.079886,1292.163771
19/10/2018,1111.46948,1299.039092,1299.987826
20/10/2018,1105.114509,1284.278753,1287.520649
21/10/2018,1085.31734,1278.147739,1284.063292
22/10/2018,1078.042481,1266.813932,1273.02046
23/10/2018,1091.360402,1261.859529,1267.451232
24/10/2018,1090.793834,1270.714097,1275.062837
25/10/2018,1093.786993,1263.962672,1280.354397
26/10/2018,1090.217102,1266.767533,1279.539468
27/10/2018,1087.519903,1263.137475,1276.2485
28/10/2018,1088.459303,1256.008042,1279.779113
29/10/2018,1099.479638,1257.597228,1274.34608
30/10/2018,1104.668316,1262.225162,1283.920629
31/10/2018,1096.71599,1267.794181,1287.909835
01/11/2018,1102.456047,1260.532188,1288.511919
02/11/2018,1105.961071,1265.796353,1291.742231
03/11/2018,1115.727168,1270.223018,1290.220483
04/11/2018,1108.154917,1274.627866,1295.299585
05/11/2018,1114.004222,1271.810247,1292.63495
06/11/2018,1107.243568,1273.473294,1301.190732
07/11/2018,1114.753396,1270.169902,1296.452437
08/11/2018,1107.551277,1271.877438,1302.558711
09/11/2018,1116.686204,1268.839685,1296.973425
10/11/2018,1110.191094,1276.003772,1298.090643
11/11/2018,1113.626312,1271.907985,1289.430855
12/11/2018,1122.050676,1270.472648,1295.497431
13/11/2018,1137.504204,1273.420106,1297.891995
14/11/2018,1137.01624,1288.649095,1315.560893
15/11/2018,1145.843833,1294.551666,1319.106835
16/11/2018,1145.668623,1298.063965,1322.49554
17/11/2018,1136.981496,1299.444578,1322.083427
18/11/2018,1143.661741,1290.23442,1316.233924
19/11/2018,1147.769508,1297.861161,1320.321997
20/11/2018,1157.737609,1292.581159,1324.96349
21/11/2018,1144.518534,1295.193476,1333.171659
22/11/2018,1151.935576,1286.79884,1323.210756
23/11/2018,1142.19953,1289.597689,1328.738922
24/11/2018,1143.641187,1280.921407,1325.434118
25/11/2018,1142.015858,1285.242476,1327.096032
26/11/2018,1131.810403,1282.477388,1327.016753
27/11/2018,1133.537518,1276.627264,1323.137985
28/11/2018,1120.328689,1273.279012,1323.763596
29/11/2018,1117.343997,1265.725448,1316.651738
30/11/2018,1123.402218,1261.280175,1310.61709
01/12/2018,1131.293025,1268.369023,1316.624697
02/12/2018,1152.377714,1273.339862,1322.038385
03/12/2018,1140.874115,1286.512342,1338.057206
04/12/2018,1128.059851,1274.577647,1329.541848
05/12/2018,1118.819258,1264.5809,1327.986094
06/12/2018,1124.876366,1255.188642,1319.905002
07/12/2018,1121.315112,1261.202079,1324.765516
08/12/2018,1109.337347,1251.953464,1323.212064
09/12/2018,1115.00566,1247.360567,1313.964217
10/12/2018,1121.287495,1253.18225,1317.966787
11/12/2018,1120.810319,1259.682718,1320.449074
12/12/2018,1136.941038,1262.963834,1318.895104
13/12/2018,1140.688683,1277.124867,1329.911169
14/12/2018,1144.792312,1275.944089,1331.250184
15/12/2018,1157.596852,1276.856249,1333.430248
16/12/2018,1167.555976,1287.115752,1342.620615
17/12/2018,1158.611108,1289.674378,1347.113272
18/12/2018,1170.859707,1282.508783,1338.76494
19/12/2018,1178.94186,1291.890626,1348.376197
20/12/2018,1174.440695,1298.557851,1361.209447
21/12/2018,1192.300036,1298.571606,1357.507706
22/12/2018,1186.14813,1317.93792,1370.156044
23/12/2018,1196.403931,1314.481525,1369.339868
24/12/2018,1191.666946,1320.397716,1378.154215
25/12/2018,1198.278224,1318.287113,1375.196025
26/12/2018,1197.072937,1326.462678,1382.782447
27/12/2018,1201.274666,1322.914962,1380.147879
28/12/2018,1195.75029,1323.496325,1384.609978
29/12/2018,1199.522218,1323.703876,1386.126837
30/12/2018,1196.429925,1326.491753,1386.650715
31/12/2018,1191.604605,1321.346165,1386.010627
01/01/2019,1184.301891,1320.436039,1381.271369
02/01/2019,1186.610861,1320.805606,1378.289327
03/01/2019,1186.954504,1324.30501,1380.557235
04/01/2019,1177.830096,1325.076215,1373.569314
05/01/2019,1175.252583,1315.430957,1365.036129
06/01/2019,1160.241139,1312.945947,1362.064515
07/01/2019,1154.569751,1305.682618,1352.205525
08/01/2019,1158.517644,1302.482919,1349.578029
09/01/2019,1150.109772,1304.542646,1354.020169
10/01/2019,1154.944647,1299.087149,1348.634362
11/01/2019,1165.077916,1300.950394,1352.460083
12/01/2019,1151.645409,1307.283257,1360.273656
13/01/2019,1153.969309,1299.828513,1355.434819
14/01/2019,1145.705922,1301.334736,1353.39302
15/01/2019,1153.4042,1295.011705,1346.989097
16/01/2019,1163.669953,1298.497356,1350.865139
17/01/2019,1182.479087,1304.21336,1352.108824
18/01/2019,1175.460687,1320.150739,1366.243833
19/01/2019,1190.991064,1315.956721,1359.394855
20/01/2019,1196.756896,1323.487369,1371.973157
21/01/2019,1186.539976,1323.855267,1374.054542
22/01/2019,1172.474232,1316.300713,1365.871343
23/01/2019,1172.052152,1303.98245,1355.30682
24/01/2019,1175.673631,1303.842642,1355.296679
25/01/2019,1167.386621,1312.44226,1356.803325
26/01/2019,1176.447159,1310.107124,1352.617077
27/01/2019,1179.077408,1317.211688,1360.299477
28/01/2019,1185.979338,1318.999989,1360.62716
29/01/2019,1202.012286,1320.775397,1361.997173
30/01/2019,1190.09013,1334.92619,1371.609984
31/01/2019,1193.69149,1324.066534,1364.511947
01/02/2019,1182.155669,1332.226805,1367.342872
02/02/2019,1182.925032,1326.839511,1357.576074
03/02/2019,1199.918492,1330.432433,1356.943441
04/02/2019,1183.07269,1341.478825,1367.467361
05/02/2019,1190.236584,1328.670889,1361.195938
06/02/2019,1182.767397,1336.600962,1370.710997
07/02/2019,1190.579258,1338.89461,1364.265103
08/02/2019,1169.031121,1345.054149,1369.744781
09/02/2019,1156.67531,1330.004907,1353.853164
10/02/2019,1153.456265,1320.009162,1342.045027
11/02/2019,1144.295278,1313.609016,1341.99362
12/02/2019,1147.26322,1308.190989,1332.765486
13/02/2019,1153.668384,1309.652669,1333.541098
14/02/2019,1159.832997,1315.462089,1339.089972
15/02/2019,1169.042693,1321.492893,1340.118382
16/02/2019,1170.430208,1327.651275,1344.176336
17/02/2019,1165.337281,1327.72919,1348.215166
18/02/2019,1154.305191,1326.272616,1348.767898
19/02/2019,1152.467409,1323.34641,1335.053856
20/02/2019,1161.95029,1318.672853,1329.928383
21/02/2019,1153.176814,1327.266462,1336.230775
22/02/2019,1170.630562,1322.985213,1328.638389
23/02/2019,1170.185567,1330.359543,1339.452735
24/02/2019,1162.688681,1322.735918,1339.573023
25/02/2019,1186.592042,1316.097616,1333.35182
26/02/2019,1178.645616,1332.141135,1347.613992
27/02/2019,1179.988698,1327.818065,1343.777954
28/02/2019,1184.480008,1334.371966,1345.805761
01/03/2019,1189.326976,1333.571115,1347.837591
02/03/2019,1160.778762,1339.433854,1355.22413
03/03/2019,1159.026691,1319.701662,1336.201469
04/03/2019,1150.228789,1317.672063,1337.033103
05/03/2019,1153.105053,1317.311443,1330.857082
06/03/2019,1144.075358,1317.036758,1326.513682
07/03/2019,1140.698945,1311.528209,1324.788254
08/03/2019,1141.29264,1316.308365,1326.445842
09/03/2019,1145.290989,1321.173135,1322.543392
10/03/2019,1151.059065,1325.937458,1325.980324
11/03/2019,1156.821597,1327.646343,1331.416572
12/03/2019,1149.206059,1331.349864,1332.798334
13/03/2019,1142.004775,1322.327535,1328.078432
14/03/2019,1135.82892,1320.970329,1324.7223
15/03/2019,1116.313692,1315.749892,1313.841851
16/03/2019,1110.101178,1304.878721,1302.933876
17/03/2019,1108.610073,1298.974288,1297.843811
18/03/2019,1112.722772,1295.661039,1297.919151
19/03/2019,1106.184873,1296.460507,1302.32527
20/03/2019,1105.922453,1292.718961,1300.503643
21/03/2019,1113.866854,1292.909766,1299.702853
22/03/2019,1104.856821,1306.422074,1306.861688
23/03/2019,1113.683108,1306.372075,1302.076691
24/03/2019,1116.693696,1312.517915,1309.167561
25/03/2019,1108.421848,1311.195498,1310.258468
26/03/2019,1101.620632,1302.439002,1308.22661
27/03/2019,1099.151522,1293.239205,1302.40243
28/03/2019,1095.471659,1290.38376,1298.784467
29/03/2019,1082.919338,1293.05317,1299.878458
30/03/2019,1078.482765,1286.368296,1290.929238
31/03/2019,1072.691748,1284.297924,1293.458785
01/04/2019,1068.964188,1285.410483,1287.328054
02/04/2019,1069.141554,1281.464641,1284.198383
03/04/2019,1073.500132,1278.003385,1282.605454
04/04/2019,1073.471349,1281.782558,1286.881237
05/04/2019,1091.20471,1281.918914,1289.171293
06/04/2019,1097.378495,1293.797326,1300.999183
07/04/2019,1096.63906,1290.144408,1302.30019
08/04/2019,1103.355598,1293.327935,1305.979667
09/04/2019,1115.442771,1299.017687,1314.520187
10/04/2019,1112.498721,1303.858076,1325.199303
11/04/2019,1101.672515,1306.760582,1319.066029
12/04/2019,1112.927354,1297.358491,1312.729774
13/04/2019,1111.559847,1300.203322,1323.720965
14/04/2019,1112.387631,1295.035875,1323.615752
15/04/2019,1127.837004,1298.603377,1320.835079
16/04/2019,1123.866274,1308.124463,1331.473603
17/04/2019,1119.447363,1309.454064,1329.556651
18/04/2019,1122.252457,1303.561793,1332.067955
19/04/2019,1124.811966,1304.286041,1336.250326
20/04/2019,1126.311542,1304.854621,1339.220889
21/04/2019,1129.050678,1309.551392,1335.973575
22/04/2019,1119.057332,1312.343527,1336.667256
23/04/2019,1112.235933,1312.827915,1324.714685
24/04/2019,1090.601201,1309.675473,1318.777445
25/04/2019,1086.862267,1303.08213,1308.99915
26/04/2019,1089.880288,1303.375234,1304.491519
27/04/2019,1089.527809,1304.449795,1308.375968
28/04/2019,1094.804133,1306.683829,1306.557049
29/04/2019,1097.756251,1310.439315,1310.250599
30/04/2019,1105.812211,1315.026489,1317.514216
01/05/2019,1094.070992,1323.169612,1325.25377
02/05/2019,1106.693392,1312.953617,1326.250509
03/05/2019,1102.722851,1319.547211,1330.18992
04/05/2019,1114.948524,1313.551207,1327.829808
05/05/2019,1110.17259,1321.251353,1330.739852
06/05/2019,1118.608487,1312.816415,1330.89386
07/05/2019,1118.993182,1319.68122,1333.723603
08/05/2019,1124.299157,1318.906408,1334.831218
09/05/2019,1148.153284,1319.6287,1339.460849
10/05/2019,1138.336681,1327.39392,1354.908046
11/05/2019,1138.055819,1317.472508,1348.608356
12/05/2019,1147.47791,1314.650198,1347.066418
13/05/2019,1141.340329,1318.650179,1351.685937
14/05/2019,1130.707173,1314.917203,1350.779349
15/05/2019,1133.332498,1306.081191,1344.629281
16/05/2019,1139.76714,1307.55504,1351.038346
17/05/2019,1122.795771,1311.411859,1362.380893
18/05/2019,1148.170675,1301.162185,1351.373974
19/05/2019,1140.125222,1320.75245,1365.612725
20/05/2019,1129.838661,1318.215575,1360.749766
21/05/2019,1133.254221,1313.358681,1356.089114
22/05/2019,1133.053258,1320.92155,1361.184096
23/05/2019,1117.55319,1316.180165,1362.559894
24/05/2019,1121.305499,1307.299555,1360.166755
25/05/2019,1128.012186,1315.358996,1363.64905
26/05/2019,1123.69902,1327.429865,1360.631253
27/05/2019,1136.724938,1321.441894,1358.841476
28/05/2019,1134.406417,1330.075241,1366.077367
29/05/2019,1134.532167,1326.07751,1367.547822
30/05/2019,1147.332456,1325.590992,1363.622151
31/05/2019,1145.072619,1336.189603,1376.74181
01/06/2019,1157.582389,1330.151553,1375.314406
02/06/2019,1143.889035,1343.176581,1387.883467
03/06/2019,1155.686945,1332.571892,1385.4241
04/06/2019,1162.769057,1338.21098,1395.249018
05/06/2019,1162.240411,1344.608546,1401.599381
06/06/2019,1165.981257,1342.875556,1402.087193
07/06/2019,1172.615667,1347.554516,1404.303329
08/06/2019,1172.569485,1349.702233,1409.2314
09/06/2019,1168.103518,1353.094942,1409.327784
10/06/2019,1165.231268,1346.500405,1402.175087
11/06/2019,1159.784123,1342.266439,1403.881961
12/06/2019,1162.015695,1338.34429,1401.180301
13/06/2019,1161.162625,1343.707358,1401.180332
14/06/2019,1162.507103,1341.278939,1401.74446
15/06/2019,1165.281222,1343.520284,1408.001758
16/06/2019,1158.795505,1343.59936,1412.328474
17/06/2019,1162.85145,1335.96039,1403.742524
18/06/2019,1146.995499,1337.94439,1405.882187
19/06/2019,1153.003451,1332.360637,1396.206554
20/06/2019,1155.713132,1337.51681,1397.602795
21/06/2019,1166.847,1337.070942,1402.720238
22/06/2019,1173.656585,1341.703487,1410.690323
23/06/2019,1185.862479,1351.179311,1416.303319
24/06/2019,1176.900374,1358.159113,1420.667283
25/06/2019,1174.640443,1352.810735,1416.904365
26/06/2019,1152.755004,1352.668094,1415.851594
27/06/2019,1142.660608,1338.78278,1401.134653
28/06/2019,1134.676978,1333.634014,1390.889228
29/06/2019,1127.20116,1324.286753,1390.694534
30/06/2019,1117.827919,1321.088052,1384.948743
01/07/2019,1111.209629,1311.603163,1383.49581
02/07/2019,1125.378955,1307.3389,1381.714565
03/07/2019,1139.33669,1317.244987,1389.841855
04/07/2019,1137.94664,1326.042282,1400.484974
05/07/2019,1136.765095,1326.077771,1404.601129
06/07/2019,1133.337286,1325.810243,1405.53103
07/07/2019,1152.822508,1325.25564,1400.143378
08/07/2019,1169.130367,1339.107773,1412.464306
09/07/2019,1176.949368,1344.538807,1423.043333
10/07/2019,1190.373619,1350.254712,1425.605716
11/07/2019,1185.094093,1357.775089,1430.717746
12/07/2019,1179.951898,1357.107607,1424.135029
13/07/2019,1184.455036,1357.399066,1420.571622
14/07/2019,1176.292147,1363.331824,1422.173922
15/07/2019,1192.619196,1356.464846,1415.46751
16/07/2019,1197.137152,1372.872628,1428.328108
17/07/2019,1187.180553,1378.910812,1434.251547
18/07/2019,1186.98142,1371.663918,1428.675606
19/07/2019,1180.376623,1372.595315,1427.426928
20/07/2019,1188.792728,1363.205704,1424.34944
21/07/2019,1194.897808,1372.290167,1429.991724
22/07/2019,1196.00429,1380.247281,1438.310707
23/07/2019,1191.486045,1382.132298,1434.663165
24/07/2019,1189.248415,1382.961286,1434.061744
25/07/2019,1205.374266,1379.002059,1429.928015
26/07/2019,1200.921205,1386.257985,1442.020649
27/07/2019,1213.582629,1386.675508,1440.554958
28/07/2019,1222.991257,1401.228783,1449.569579
29/07/2019,1225.934405,1412.705222,1460.42041
30/07/2019,1215.650979,1414.38316,1466.091944
31/07/2019,1210.552538,1403.980642,1461.500662
01/08/2019,1211.350847,1407.089003,1458.866044
02/08/2019,1222.299547,1409.807455,1458.457723
03/08/2019,1226.775705,1419.164884,1466.610766
04/08/2019,1225.94516,1419.188786,1467.82915
05/08/2019,1237.533155,1420.169794,1472.954762
06/08/2019,1242.86818,1423.103076,1484.417144
07/08/2019,1254.373677,1429.24633,1492.300782
08/08/2019,1239.90312,1439.835962,1502.484397
09/08/2019,1236.194634,1435.515474,1488.388445
10/08/2019,1247.453525,1430.274704,1483.412206
11/08/2019,1252.730931,1436.693816,1489.014028
12/08/2019,1245.950283,1442.435951,1487.774166
13/08/2019,1242.774006,1436.947213,1484.124711
14/08/2019,1250.111562,1432.280758,1483.363821
15/08/2019,1243.316062,1429.960338,1488.349177
16/08/2019,1234.956511,1427.586232,1484.806701
17/08/2019,1234.218314,1422.956653,1478.483005
18/08/2019,1231.191819,1422.796632,1482.469015
19/08/2019,1214.306033,1425.230225,1479.492338
20/08/2019,1218.24309,1410.760092,1472.199453
21/08/2019,1209.836555,1413.471593,1478.694328
22/08/2019,1212.474299,1404.991043,1471.152539
23/08/2019,1203.272377,1402.752516,1471.173784
24/08/2019,1205.087205,1401.877604,1465.086869
25/08/2019,1211.277317,1405.799832,1463.924272
26/08/2019,1217.69841,1412.444784,1468.45328
27/08/2019,1212.214179,1417.501418,1471.296595
28/08/2019,1213.436197,1410.606344,1469.632284
29/08/2019,1221.670919,1414.3452,1468.499847
30/08/2019,1205.53307,1417.025633,1474.472774
31/08/2019,1206.711142,1404.289549,1461.845196
01/09/2019,1222.405735,1398.608121,1465.528076
02/09/2019,1223.068776,1409.936519,1481.970132
03/09/2019,1224.41856,1406.864079,1484.29294
04/09/2019,1224.279174,1400.779109,1484.315983
05/09/2019,1219.263743,1402.952765,1482.620845
06/09/2019,1240.347273,1402.123148,1482.307528
07/09/2019,1252.827421,1419.909338,1498.033281
08/09/2019,1243.962555,1432.372052,1505.931665
09/09/2019,1239.550866,1426.253711,1499.665763
10/09/2019,1233.490592,1426.723261,1492.243828
11/09/2019,1240.351278,1423.912343,1487.239908
12/09/2019,1241.556059,1431.515528,1495.905823
13/09/2019,1240.641907,1435.500589,1497.700048
14/09/2019,1245.758033,1430.785146,1493.044002
15/09/2019,1251.635719,1430.332806,1500.233895
16/09/2019,1249.610983,1431.516163,1498.275305
17/09/2019,1252.533548,1436.614634,1498.505101
18/09/2019,1241.323845,1436.533841,1499.988466
19/09/2019,1253.659722,1430.181475,1491.067984
20/09/2019,1255.487172,1443.497908,1495.093862
21/09/2019,1245.679355,1446.46833,1498.509583
22/09/2019,1231.247883,1440.753886,1491.822919
23/09/2019,1231.212367,1429.997201,1481.333361
24/09/2019,1235.74485,1430.597642,1480.25996
25/09/2019,1234.617585,1437.438,1484.976131
26/09/2019,1231.952501,1439.349553,1480.170593
27/09/2019,1236.342431,1433.228275,1476.371189
28/09/2019,1234.154594,1435.372435,1475.309468
29/09/2019,1230.246842,1431.447119,1474.846992
30/09/2019,1225.477725,1429.112662,1470.325875
01/10/2019,1231.85105,1423.868105,1468.970265
02/10/2019,1245.374975,1429.887156,1475.258729
03/10/2019,1250.123895,1446.661004,1485.786122
04/10/2019,1245.262084,1447.617158,1490.569922
05/10/2019,1253.039546,1446.772477,1492.266903
06/10/2019,1261.975718,1452.890824,1496.897906
07/10/2019,1276.749057,1461.301826,1499.11246
08/10/2019,1276.169243,1470.674037,1505.258654
09/10/2019,1276.608333,1469.246518,1511.477631
10/10/2019,1264.804069,1471.20567,1513.704949
11/10/2019,1275.223269,1466.866452,1504.0045
12/10/2019,1288.337245,1479.040042,1512.359037
13/10/2019,1291.146008,1490.855893,1520.657317
14/10/2019,1285.170466,1497.90253,1526.095969
15/10/2019,1281.261612,1494.857958,1525.455949
16/10/2019,1296.063671,1488.536721,1513.516048
17/10/2019,1287.014661,1499.369794,1528.724715
18/10/2019,1289.16798,1498.986586,1525.989628
19/10/2019,1295.677072,1499.005314,1526.030815
20/10/2019,1297.149443,1498.093996,1526.207652
21/10/2019,1299.621157,1499.073675,1530.258026
22/10/2019,1321.323947,1496.582133,1533.370624
23/10/2019,1326.458398,1510.964402,1548.67799
24/10/2019,1331.19792,1514.843298,1553.460182
25/10/2019,1347.039627,1514.247418,1557.594021
26/10/2019,1350.602852,1526.424037,1567.992771
27/10/2019,1357.294041,1526.380198,1571.940951
28/10/2019,1368.036778,1534.747967,1577.809658
29/10/2019,1367.980128,1537.023626,1586.370463
30/10/2019,1364.906256,1534.698168,1581.814749
31/10/2019,1362.039096,1531.478315,1581.951655
01/11/2019,1351.663746,1528.40491,1577.620177
02/11/2019,1369.720013,1520.937358,1572.40769
03/11/2019,1384.237537,1531.726783,1584.614883
04/11/2019,1366.068561,1543.699858,1596.943899
05/11/2019,1354.743091,1529.381148,1589.55938
06/11/2019,1365.043726,1520.898397,1581.216051
07/11/2019,1363.294038,1534.578316,1590.261613
08/11/2019,1373.621276,1534.854734,1590.638396
09/11/2019,1373.724221,1548.633586,1595.643115
10/11/2019,1376.92779,1550.408667,1594.96598
11/11/2019,1361.352966,1549.311004,1600.162606
12/11/2019,1364.351129,1537.297299,1590.016751
13/11/2019,1383.274806,1544.153521,1588.339128
14/11/2019,1377.572477,1563.197,1603.053222
15/11/2019,1376.137247,1562.30838,1599.37709
16/11/2019,1376.531314,1565.713791,1597.887492
17/11/2019,1394.307153,1570.053245,1598.599033
18/11/2019,1390.408114,1586.777564,1612.642168
19/11/2019,1393.470857,1583.729881,1612.834172
20/11/2019,1400.077853,1584.572435,1613.174479
21/11/2019,1405.645592,1589.74317,1613.406764
22/11/2019,1401.220934,1597.202982,1619.776939
23/11/2019,1396.391031,1588.449101,1621.193285
24/11/2019,1394.172735,1584.985435,1613.055603
25/11/2019,1391.294781,1582.922091,1615.636366
26/11/2019,1388.215689,1581.33489,1613.218273
27/11/2019,1383.361804,1580.724844,1608.087932
28/11/2019,1373.276576,1579.056,1601.801408
29/11/2019,1364.353334,1576.734326,1596.367586
30/11/2019,1356.329578,1572.995041,1591.426628
01/12/2019,1355.637638,1570.673155,1585.470492
02/12/2019,1369.913614,1573.225176,1580.942375
03/12/2019,1363.75221,1587.265148,1593.952391
04/12/2019,1353.606565,1586.176761,1589.480215
05/12/2019,1332.048193,1576.541107,1582.633775
06/12/2019,1340.270579,1566.493393,1572.023443
07/12/2019,1335.523745,1567.990335,1576.581851
08/12/2019,1329.991678,1566.762476,1575.07398
09/12/2019,1319.163671,1565.515831,1573.418357
10/12/2019,1320.898361,1556.777694,1572.494114
11/12/2019,1320.017023,1556.578105,1571.243595
12/12/2019,1308.285297,1558.682337,1569.567819
13/12/2019,1310.922673,1560.897321,1559.799181
14/12/2019,1313.936549,1565.116151,1564.986418
15/12/2019,1308.497176,1562.338189,1559.766516
16/12/2019,1296.806009,1559.941333,1555.468031
17/12/2019,1290.545403,1552.065321,1552.317932
18/12/2019,1287.726758,1547.463948,1546.070488
19/12/2019,1302.452431,1542.574382,1547.383548
20/12/2019,1289.998597,1559.835966,1557.907138
21/12/2019,1280.743305,1555.585282,1549.07044
22/12/2019,1276.257826,1553.569386,1544.667534
23/12/2019,1286.585505,1554.137294,1542.331821
24/12/2019,1293.286732,1564.449934,1547.336582
25/12/2019,1298.54335,1571.136665,1552.576158
26/12/2019,1291.456502,1573.663631,1556.015375
27/12/2019,1287.997442,1570.156165,1546.366899
28/12/2019,1297.068003,1569.744562,1546.994675
29/12/2019,1274.4335,1573.996356,1557.168568
30/12/2019,1268.139152,1559.259299,1537.465878
31/12/2019,1270.838821,1552.554351,1531.238262
01/01/2020,1266.226028,1555.458057,1533.54134
02/01/2020,1257.375746,1548.965806,1537.172838
03/01/2020,1251.767387,1542.268652,1530.430616
04/01/2020,1269.388538,1539.897285,1526.012374
05/01/2020,1261.743161,1550.996719,1536.73268
06/01/2020,1258.160058,1547.907757,1531.253726
07/01/2020,1258.4198,1549.586622,1528.566527
08/01/2020,1242.303989,1540.896044,1531.092239
09/01/2020,1258.308442,1531.789374,1518.789609
10/01/2020,1263.859491,1541.444039,1525.899326
11/01/2020,1254.8095,1542.337741,1530.411652
12/01/2020,1250.017037,1538.347366,1526.715731
13/01/2020,1251.344721,1543.17494,1521.760594
14/01/2020,1256.440563,1545.198512,1522.855908
15/01/2020,1258.582484,1544.734934,1528.859116
16/01/2020,1262.856454,1547.095296,1533.945564
17/01/2020,1271.238931,1548.481623,1536.180325
18/01/2020,1282.119362,1556.224507,1537.063913
19/01/2020,1272.46297,1564.748706,1544.797725
20/01/2020,1264.548012,1558.580397,1535.909193
21/01/2020,1265.322551,1558.655348,1532.460007
22/01/2020,1275.391266,1561.09429,1535.579523
23/01/2020,1278.893556,1571.095641,1542.72865
24/01/2020,1276.863994,1575.990815,1544.521629
25/01/2020,1273.633236,1572.859906,1545.778486
26/01/2020,1262.632966,1576.299848,1541.273628
27/01/2020,1260.898023,1569.497329,1529.533158
28/01/2020,1266.241594,1570.39308,1527.473337
29/01/2020,1266.838004,1568.203932,1534.148397
30/01/2020,1259.316429,1570.48818,1534.416531
31/01/2020,1274.731821,1563.966355,1527.52651
01/02/2020,1271.280442,1574.587348,1527.254696
02/02/2020,1279.757357,1570.665343,1527.305813
03/02/2020,1292.506724,1579.237138,1533.504029
04/02/2020,1283.326335,1587.434555,1542.308146
05/02/2020,1268.588836,1581.230347,1542.407654
06/02/2020,1275.610961,1565.272859,1535.436258
07/02/2020,1267.310727,1563.894828,1541.646283
08/02/2020,1258.367553,1561.478596,1538.067793
09/02/2020,1256.362415,1553.903591,1534.845323
10/02/2020,1260.76804,1557.203243,1535.06485
11/02/2020,1272.391354,1566.330475,1535.579119
12/02/2020,1273.104541,1568.364139,1541.966015
13/02/2020,1266.665063,1563.054973,1544.425581
14/02/2020,1257.846082,1562.514058,1541.600178
15/02/2020,1253.784121,1562.672779,1540.471145
16/02/2020,1243.576946,1561.173983,1537.667962
17/02/2020,1233.014789,1557.522547,1528.68531
18/02/2020,1238.703917,1552.605894,1521.349434
19/02/2020,1228.714246,1548.939964,1525.196977
20/02/2020,1223.005016,1546.855434,1514.590971
21/02/2020,1234.191762,1548.737645,1514.189993
22/02/2020,1240.227009,1558.034811,1521.823191
23/02/2020,1252.606642,1564.502933,1522.700548
24/02/2020,1256.87801,1575.910479,1530.319366
25/02/2020,1254.086036,1582.549665,1536.653191
26/02/2020,1251.070131,1583.451164,1540.194341
27/02/2020,1264.765134,1580.674359,1546.949543
28/02/2020,1266.637335,1596.456494,1553.384621
29/02/2020,1269.748079,1601.518974,1553.796382
01/03/2020,1274.032301,1603.343655,1549.510312
02/03/2020,1257.880921,1603.503519,1551.991426
03/03/2020,1257.351799,1594.472882,1544.318594
04/03/2020,1264.479619,1592.393704,1542.751808
05/03/2020,1277.235256,1595.284547,1552.790506
06/03/2020,1279.483531,1601.668459,1566.645512
07/03/2020,1284.969481,1601.430995,1568.400052
08/03/2020,1281.615457,1603.668212,1572.172411
09/03/2020,1274.685251,1602.935355,1571.651656
10/03/2020,1279.170682,1597.167456,1566.907484
11/03/2020,1286.043234,1603.703408,1568.528965
12/03/2020,1270.998223,1612.938505,1574.580186
13/03/2020,1282.55087,1602.494251,1564.848196
14/03/2020,1282.549917,1612.046658,1570.984619
15/03/2020,1280.015254,1612.722836,1567.347845
16/03/2020,1284.281297,1614.046243,1568.001495
17/03/2020,1279.298584,1617.617946,1574.930385
18/03/2020,1297.977245,1616.78109,1572.462136
19/03/2020,1311.29929,1629.155727,1587.645597
20/03/2020,1321.600924,1634.646345,1604.164625
21/03/2020,1332.577312,1642.763964,1616.465246
22/03/2020,1339.640107,1651.616442,1628.580905
23/03/2020,1323.504258,1657.326073,1632.83351
24/03/2020,1324.503199,1642.922874,1622.217965
25/03/2020,1328.237842,1643.330719,1627.458485
26/03/2020,1334.136015,1649.907969,1631.585555
27/03/2020,1334.84709,1649.850552,1632.685459
28/03/2020,1348.661688,1645.476401,1634.959487
29/03/2020,1344.080219,1653.859056,1645.859019
30/03/2020,1335.460567,1652.089755,1635.717659
31/03/2020,1342.284937,1645.518282,1627.94533
01/04/2020,1354.804173,1646.228505,1632.154648
02/04/2020,1355.730567,1654.251633,1636.014753
03/04/2020,1356.967231,1652.621658,1631.755265
04/04/2020,1364.304313,1651.550054,1624.699636
05/04/2020,1355.748969,1653.916891,1631.324369
06/04/2020,1352.761729,1649.755474,1621.315362
07/04/2020,1363.186776,1652.085637,1619.341916
08/04/2020,1356.034136,1659.168566,1627.63419
09/04/2020,1359.384935,1654.926583,1621.973352
10/04/2020,1354.935836,1654.647844,1626.654934
11/04/2020,1361.370893,1650.052401,1623.610035
12/04/2020,1354.705376,1657.509212,1634.004355
13/04/2020,1361.934079,1657.157657,1626.876384
14/04/2020,1358.822813,1670.873615,1627.807262
15/04/2020,1364.809421,1674.473785,1627.058485
16/04/2020,1358.482813,1674.625491,1627.472992
17/04/2020,1363.861788,1670.066791,1623.880581
18/04/2020,1358.71541,1678.629765,1630.240219
19/04/2020,1353.484307,1678.140598,1629.314683
20/04/2020,1349.481169,1676.014904,1627.437296
21/04/2020,1353.280064,1676.086135,1624.349406
22/04/2020,1333.683885,1681.325543,1624.75731
23/04/2020,1342.638853,1672.048094,1613.923613
24/04/2020,1346.437176,1671.495567,1621.877349
25/04/2020,1345.67144,1671.534425,1622.108407
26/04/2020,1341.577274,1670.75525,1616.177334
27/04/2020,1355.0103,1669.30844,1614.108749
28/04/2020,1365.737658,1680.09684,1623.088678
29/04/2020,1361.506429,1691.069051,1635.038142
30/04/2020,1358.319347,1682.470063,1632.358518
01/05/2020,1366.089883,1675.332117,1629.687369
02/05/2020,1367.122801,1680.416952,1632.562963
03/05/2020,1387.095093,1683.631183,1632.258701
04/05/2020,1400.003169,1695.573023,1647.035189
05/05/2020,1408.318513,1705.63225,1654.50587
06/05/2020,1416.830452,1713.552774,1660.470153
07/05/2020,1409.531098,1719.531519,1668.038477
08/05/2020,1413.128144,1715.095428,1667.989386
09/05/2020,1415.637163,1714.770945,1670.803833
10/05/2020,1413.512822,1716.725597,1669.763258
11/05/2020,1425.61145,1717.964829,1666.351974
12/05/2020,1432.994478,1726.517067,1671.152653
13/05/2020,1439.438789,1734.634046,1669.091104
14/05/2020,1443.697069,1748.126985,1674.840851
15/05/2020,1442.537351,1754.173188,1677.532863
16/05/2020,1452.422349,1748.63904,1673.132137
17/05/2020,1465.801464,1759.519581,1676.420432
18/05/2020,1459.980602,1770.747591,1684.435435
19/05/2020,1482.982262,1766.865974,1678.841281
20/05/2020,1473.091669,1781.493204,1698.813284
21/05/2020,1479.829411,1771.310613,1692.333918
22/05/2020,1473.866195,1780.347232,1699.478193
23/05/2020,1472.611152,1773.824792,1701.318341
24/05/2020,1469.287381,1775.088141,1700.762911
25/05/2020,1460.167997,1771.997168,1694.194593
26/05/2020,1450.615718,1768.079228,1689.286481
27/05/2020,1444.22182,1758.471822,1683.550829
28/05/2020,1448.44024,1751.440223,1686.089272
29/05/2020,1454.428755,1748.8604,1685.251328
30/05/2020,1453.924593,1750.593334,1694.745953
31/05/2020,1446.71718,1754.710735,1695.081681
01/06/2020,1449.658209,1750.95361,1696.093404
02/06/2020,1449.424872,1753.88583,1692.155464
03/06/2020,1449.302618,1749.44643,1693.409306
04/06/2020,1444.570722,1754.812884,1694.83096
05/06/2020,1451.082389,1751.760867,1691.958902
06/06/2020,1444.865987,1752.83335,1702.23905
07/06/2020,1440.302088,1746.833513,1694.185809
08/06/2020,1444.43346,1739.303587,1691.814174
09/06/2020,1452.250348,1738.257825,1699.920504
10/06/2020,1457.028519,1744.257122,1701.764056
11/06/2020,1450.016719,1748.566704,1703.856602
12/06/2020,1454.040453,1753.47584,1700.923232
13/06/2020,1450.068998,1754.329112,1704.410993
14/06/2020,1453.856986,1757.021169,1704.066431
15/06/2020,1450.145045,1758.278114,1707.026212
16/06/2020,1452.323785,1754.385092,1707.61695
17/06/2020,1456.853175,1754.71946,1710.398255
18/06/2020,1462.468385,1761.548983,1716.105332
19/06/2020,1462.84274,1766.683247,1716.011195
20/06/2020,1477.262883,1764.169929,1717.354767
21/06/2020,1479.225329,1777.904417,1723.968674
22/06/2020,1490.313962,1778.884678,1725.71839
23/06/2020,1493.882232,1788.642006,1729.477429
24/06/2020,1490.284236,1791.255386,1728.990264
25/06/2020,1487.001599,1790.679981,1729.553516
26/06/2020,1478.434262,1792.305801,1722.32907
27/06/2020,1458.381023,1791.172539,1718.006135
28/06/2020,1450.970805,1778.563568,1700.042359
29/06/2020,1473.391353,1770.370352,1696.217022
30/06/2020,1468.296653,1787.002759,1708.130509
01/07/2020,1483.858639,1784.287784,1703.234867
02/07/2020,1488.107068,1790.667721,1713.155842
03/07/2020,1479.356108,1790.153298,1716.905501
04/07/2020,1482.187306,1783.344442,1706.501288
05/07/2020,1482.958131,1784.343948,1706.326817
06/07/2020,1474.501446,1781.059742,1708.708999
07/07/2020,1478.353675,1775.562305,1703.359398
08/07/2020,1484.024421,1775.054963,1706.87759
09/07/2020,1482.262752,1781.096766,1707.418751
10/07/2020,1484.244832,1775.967607,1707.637384
11/07/2020,1485.788152,1778.026101,1705.845156
12/07/2020,1500.585172,1776.990938,1708.738185
13/07/2020,1502.375501,1793.735799,1719.107916
14/07/2020,1494.923227,1791.689881,1724.984923
15/07/2020,1491.456864,1782.36264,1718.860508
16/07/2020,1491.685623,1779.708938,1717.61134
17/07/2020,1492.274741,1779.432939,1715.626097
18/07/2020,1498.445959,1783.790145,1712.558515
19/07/2020,1494.324989,1788.896505,1719.824109
20/07/2020,1497.828271,1791.061683,1718.10442
21/07/2020,1494.380178,1789.881935,1716.457544
22/07/2020,1494.803585,1790.692059,1714.34237
23/07/2020,1474.021809,1788.080899,1718.226045
24/07/2020,1472.420571,1772.783877,1702.967358
25/07/2020,1480.351222,1770.900879,1702.943471
26/07/2020,1476.377664,1774.456649,1706.73752
27/07/2020,1469.861927,1773.089873,1705.389603
28/07/2020,1475.573624,1766.800643,1702.253272
29/07/2020,1466.10049,1768.072527,1702.041871
30/07/2020,1464.335096,1758.928588,1694.957383
31/07/2020,1469.592451,1755.748035,1691.100594
01/08/2020,1467.873051,1759.880209,1694.910259
02/08/2020,1477.878322,1753.32934,1698.845002
03/08/2020,1469.242045,1756.958963,1708.420069
04/08/2020,1487.023402,1753.138146,1699.611644
05/08/2020,1491.549826,1765.19298,1705.286216
06/08/2020,1486.409601,1763.7418,1708.698145
07/08/2020,1469.505869,1765.897373,1708.590318
08/08/2020,1479.047679,1751.692971,1701.543198
09/08/2020,1470.010991,1757.931571,1707.435647
10/08/2020,1468.135753,1749.340479,1705.363008
11/08/2020,1470.324026,1747.183146,1698.802566
12/08/2020,1475.797453,1749.312971,1702.282052
13/08/2020,1462.578981,1763.320587,1705.441437
14/08/2020,1469.170705,1753.903713,1699.127335
15/08/2020,1479.470249,1761.292161,1703.753099
16/08/2020,1474.703772,1764.476444,1708.103568
17/08/2020,1490.94954,1770.390135,1701.874789
18/08/2020,1503.303473,1785.779082,1714.147227
19/08/2020,1492.023611,1792.268609,1723.201163
20/08/2020,1479.468283,1792.400825,1722.314978
21/08/2020,1489.758625,1788.802352,1714.924068
22/08/2020,1497.237142,1789.191717,1721.705197
23/08/2020,1499.615086,1796.405442,1724.020062
24/08/2020,1497.915772,1795.993972,1725.170088
25/08/2020,1514.295176,1795.203615,1721.264531
26/08/2020,1524.811438,1806.120037,1731.129485
27/08/2020,1523.625189,1816.430007,1732.484423
28/08/2020,1506.504328,1818.878063,1727.520211
29/08/2020,1501.780558,1803.750987,1721.137129
30/08/2020,1510.903939,1803.389722,1718.510681
31/08/2020,1529.545991,1813.681617,1724.503616
01/09/2020,1534.1097,1826.346112,1735.315769
02/09/2020,1528.828281,1836.66802,1742.611682
03/09/2020,1531.392154,1833.85631,1734.0014
04/09/2020,1535.23744,1837.259726,1734.073528
05/09/2020,1546.283746,1837.637035,1737.153107
06/09/2020,1529.91077,1842.722839,1744.100528
07/09/2020,1509.607282,1837.48922,1729.785688
08/09/2020,1506.322458,1825.745556,1714.371617
09/09/2020,1504.033299,1821.933312,1715.613351
10/09/2020,1483.264117,1819.322551,1714.848201
11/09/2020,1493.224229,1806.530457,1698.337595
12/09/2020,1495.319401,1814.542827,1709.773356
13/09/2020,1484.605824,1817.779152,1714.483626
14/09/2020,1481.046904,1808.609164,1706.009189
15/09/2020,1476.023385,1806.205199,1701.802973
16/09/2020,1472.623595,1806.359836,1698.6052
17/09/2020,1458.429305,1804.153579,1698.752741
18/09/2020,1470.323473,1792.925893,1689.367833
19/09/2020,1472.277433,1801.243065,1700.195125
20/09/2020,1466.860164,1799.524137,1705.227738
21/09/2020,1464.285871,1792.501946,1699.178737
22/09/2020,1459.918932,1784.391686,1701.606924
23/09/2020,1455.747048,1785.418024,1698.47405
24/09/2020,1457.963104,1780.978146,1692.718865
25/09/2020,1446.958154,1775.258578,1693.933562
26/09/2020,1444.564528,1767.049938,1685.958545
27/09/2020,1453.113056,1765.884005,1687.601284
28/09/2020,1466.93399,1769.784979,1696.478017
29/09/2020,1454.748172,1779.63098,1710.795764
30/09/2020,1468.404018,1771.448112,1705.496547
01/10/2020,1464.24789,1781.997256,1712.747716
02/10/2020,1448.564016,1781.139275,1707.369137
03/10/2020,1449.053611,1772.496409,1704.568031
04/10/2020,1443.963083,1775.548204,1704.634861
05/10/2020,1445.474057,1770.59841,1699.02461
06/10/2020,1440.948503,1775.129335,1700.781912
07/10/2020,1438.202826,1772.728752,1700.290406
08/10/2020,1454.152974,1775.53161,1694.424349
09/10/2020,1447.043419,1786.426038,1701.056789
10/10/2020,1453.901289,1778.695643,1694.658524
11/10/2020,1450.437522,1790.164682,1701.988849
12/10/2020,1466.396316,1788.99165,1700.893989
13/10/2020,1466.24984,1802.22693,1714.107431
14/10/2020,1468.303072,1802.758719,1713.916576
15/10/2020,1474.172093,1805.45117,1715.820308
16/10/2020,1481.060653,1808.576885,1720.180192
17/10/2020,1481.709587,1815.115741,1726.054943
18/10/2020,1491.682939,1816.845514,1726.020569
19/10/2020,1497.728015,1825.19298,1738.162559
20/10/2020,1505.24631,1830.6739,1740.320998
21/10/2020,1519.971594,1834.444546,1743.902248
22/10/2020,1517.375946,1847.386545,1755.848527
23/10/2020,1520.038919,1851.096245,1758.151008
24/10/2020,1519.753276,1852.730644,1765.074215
25/10/2020,1528.092594,1852.664548,1759.968824
26/10/2020,1526.693813,1860.295801,1765.318987
27/10/2020,1532.681871,1859.170492,1764.382464
28/10/2020,1542.314696,1857.090022,1770.228042
29/10/2020,1534.491358,1866.237973,1777.619868
30/10/2020,1543.741708,1863.446648,1770.878885
31/10/2020,1532.513649,1870.543399,1775.862313
01/11/2020,1542.746731,1871.572292,1771.613795
02/11/2020,1542.051006,1876.485891,1776.141783
03/11/2020,1526.954516,1873.977311,1779.675663
04/11/2020,1514.45368,1859.181805,1770.211793
05/11/2020,1507.80344,1851.281908,1765.048836
06/11/2020,1500.509568,1845.423706,1755.604383
07/11/2020,1513.656956,1843.229585,1751.490234
08/11/2020,1515.333991,1857.580295,1764.356837
09/11/2020,1512.18029,1860.59234,1760.917739
10/11/2020,1520.349069,1860.822497,1760.235627
11/11/2020,1512.111386,1866.111305,1769.272964
12/11/2020,1519.580916,1859.281558,1765.769803
13/11/2020,1519.429551,1873.544381,1767.325592
14/11/2020,1511.947519,1873.198657,1767.486429
15/11/2020,1505.294344,1870.610168,1759.194932
16/11/2020,1507.521231,1873.416935,1751.294697
17/11/2020,1510.667714,1876.745564,1753.027661
18/11/2020,1516.225609,1884.383662,1754.305264
19/11/2020,1508.397972,1886.336016,1755.99865
20/11/2020,1504.958648,1882.857123,1751.739425
21/11/2020,1496.715073,1882.775569,1746.562303
22/11/2020,1492.483422,1874.738884,1744.515681
23/11/2020,1501.940178,1874.036284,1733.885952
24/11/2020,1486.210733,1881.847486,1736.078659
25/11/2020,1484.078311,1869.202282,1723.321808
26/11/2020,1494.260672,1867.451275,1722.26534
27/11/2020,1504.708878,1878.060772,1736.525982
28/11/2020,1516.863735,1880.86945,1744.687177
29/11/2020,1531.192144,1889.262594,1757.892115
30/11/2020,1529.559961,1898.748113,1768.172163
01/12/2020,1536.950328,1895.073504,1764.577846
02/12/2020,1534.841721,1900.446833,1768.0331
03/12/2020,1536.021872,1896.7639,1770.637849
04/12/2020,1546.672293,1897.01517,1772.571821
05/12/2020,1547.090734,1907.965754,1778.468097
06/12/2020,1560.425477,1907.019546,1777.386155
07/12/2020,1556.501866,1922.577966,1786.702957
08/12/2020,1573.849102,1921.286933,1786.433279
09/12/2020,1564.759881,1933.888459,1795.202347
10/12/2020,1577.759085,1927.862532,1792.68475
11/12/2020,1578.95989,1936.558948,1799.028502
12/12/2020,1588.875156,1934.076606,1801.126934
13/12/2020,1590.852984,1938.451116,1808.860312
14/12/2020,1575.342952,1936.90299,1810.767788
15/12/2020,1560.837764,1924.916815,1799.822443
16/12/2020,1563.441878,1917.21678,1792.23949
17/12/2020,1562.556731,1916.216554,1794.999234
18/12/2020,1557.970851,1915.767268,1796.862627
19/12/2020,1549.726359,1914.569167,1792.779578
20/12/2020,1544.695444,1908.474081,1791.273867
21/12/2020,1561.50631,1900.706015,1788.209323
22/12/2020,1566.087402,1913.658297,1798.77904
23/12/2020,1556.947267,1913.706707,1806.63077
24/12/2020,1565.13384,1904.443064,1797.178577
25/12/2020,1569.970497,1908.47235,1801.987622
26/12/2020,1579.074658,1911.447235,1807.334543
27/12/2020,1579.167192,1912.851589,1817.634008
28/12/2020,1580.263339,1905.617657,1818.513064
29/12/2020,1576.560922,1905.097267,1819.337744
30/12/2020,1568.322241,1903.880082,1817.68839
31/12/2020,1587.911539,1903.798767,1806.849595
01/01/2021,1595.422631,1914.107589,1818.107691
02/01/2021,1607.264931,1920.075199,1830.229117
03/01/2021,1610.020924,1926.30715,1835.39337
04/01/2021,1605.059417,1926.852456,1837.316668
05/01/2021,1618.227373,1926.077401,1833.586804
06/01/2021,1616.65292,1937.800228,1846.249623
07/01/2021,1616.374263,1936.293861,1843.350778
08/01/2021,1618.101591,1936.13919,1840.501204
09/01/2021,1628.325233,1938.199647,1841.31182
10/01/2021,1622.307258,1947.608889,1847.536695
11/01/2021,1624.556888,1941.961141,1846.508496
12/01/2021,1628.969,1941.675277,1850.106443
13/01/2021,1640.550846,1947.20822,1856.48367
14/01/2021,1654.131161,1958.160371,1861.627404
15/01/2021,1659.794384,1969.5967,1874.056454
16/01/2021,1663.619042,1978.446543,1875.335708
17/01/2021,1664.66223,1984.445231,1881.491783
18/01/2021,1653.311138,1989.490447,1879.638616
19/01/2021,1668.505235,1980.906901,1871.022921
20/01/2021,1676.650934,1991.107942,1881.638445
21/01/2021,1695.083639,1999.0026,1886.658216
22/01/2021,1698.632908,2015.03349,1899.098704
23/01/2021,1705.342494,2014.460769,1896.120754
24/01/2021,1712.792525,2013.588888,1900.152137
25/01/2021,1709.030252,2009.149371,1905.804613
26/01/2021,1694.617829,2006.403241,1899.09245
27/01/2021,1702.172362,1996.145743,1895.92372
28/01/2021,1706.033079,1997.738261,1894.356566
29/01/2021,1712.183297,1994.152461,1896.675226
30/01/2021,1712.345113,1996.902552,1902.031385
31/01/2021,1720.94944,1994.974879,1897.609971
01/02/2021,1733.31511,1996.700334,1899.385846
02/02/2021,1738.30015,2004.665275,1908.042923
03/02/2021,1728.660276,2006.303975,1913.484389
04/02/2021,1730.622991,2002.469276,1909.396039
05/02/2021,1727.611949,2000.012694,1915.257449
06/02/2021,1730.516809,1997.473812,1913.215738
07/02/2021,1715.944591,1998.379108,1919.013582
08/02/2021,1719.855524,1986.670276,1913.189012
09/02/2021,1718.049015,1989.91204,1913.603386
10/02/2021,1716.437991,1988.631547,1909.300101
11/02/2021,1716.57886,1986.654223,1902.449919
12/02/2021,1717.513804,1984.060421,1901.492078
13/02/2021,1717.141818,1984.105214,1900.869123
14/02/2021,1727.132175,1987.302668,1898.370051
15/02/2021,1738.608534,1993.344188,1900.217188
16/02/2021,1742.333647,2005.187782,1906.834301
17/02/2021,1749.538575,2007.656763,1912.4238
18/02/2021,1761.900227,2010.357592,1916.671366
19/02/2021,1752.745213,2015.134333,1927.315174
20/02/2021,1766.002652,2011.622406,1919.933967
21/02/2021,1763.063135,2015.644394,1932.841132
22/02/2021,1764.242314,2015.488157,1928.853228
23/02/2021,1762.505809,2019.633258,1928.462743
24/02/2021,1758.276912,2016.518892,1926.712209
25/02/2021,1769.085274,2018.071644,1927.621463
26/02/2021,1781.322471,2023.237156,1933.000167
27/02/2021,1763.673196,2034.628443,1944.434888
28/02/2021,1767.145655,2026.844667,1930.72052
01/03/2021,1753.509932,2032.464639,1934.77959
02/03/2021,1757.739712,2031.779167,1924.445421
03/03/2021,1769.965936,2037.431696,1932.196159
04/03/2021,1762.403624,2046.60332,1942.459665
05/03/2021,1756.663983,2040.217476,1939.082298
06/03/2021,1775.66378,2039.598976,1936.130936
07/03/2021,1778.167423,2055.75816,1950.100312
08/03/2021,1777.273466,2055.385034,1954.694538
09/03/2021,1785.618649,2053.140453,1952.899259
10/03/2021,1782.855974,2057.045569,1959.96044
11/03/2021,1794.458061,2054.268029,1957.797515
12/03/2021,1796.542626,2066.145195,1969.097248
13/03/2021,1808.375972,2069.991565,1974.208356
14/03/2021,1811.305096,2078.353108,1975.288459
15/03/2021,1800.826727,2079.295185,1971.576063
16/03/2021,1826.063661,2070.283529,1963.190498
17/03/2021,1822.297818,2090.503496,1980.851801
18/03/2021,1816.843431,2086.881699,1976.597753
19/03/2021,1821.593176,2083.392319,1972.632328
20/03/2021,1823.024128,2089.546188,1981.387391
21/03/2021,1817.576604,2089.278848,1980.171093
22/03/2021,1822.240345,2085.778304,1976.747317
23/03/2021,1829.38306,2090.263424,1982.058438
24/03/2021,1825.429828,2098.001474,1985.3487
25/03/2021,1828.91795,2096.064891,1983.657434
26/03/2021,1827.931244,2093.289595,1984.001417
27/03/2021,1834.627464,2090.621704,1981.827459
28/03/2021,1845.697373,2090.400286,1984.966926
29/03/2021,1838.242815,2097.211173,1995.089762
30/03/2021,1864.629501,2095.057437,1989.685654
31/03/2021,1867.49631,2110.26328,2005.439309
01/04/2021,1864.006627,2112.531051,2002.406805
02/04/2021,1855.352208,2111.78799,1995.234401
03/04/2021,1867.97609,2105.944115,1993.282468
04/04/2021,1856.742949,2115.821498,1998.381402
05/04/2021,1857.750771,2107.6011,1993.261098
06/04/2021,1866.84581,2109.488016,1988.85435
07/04/2021,1860.900406,2116.993065,1999.203367
08/04/2021,1870.329378,2117.268916,1999.956263
09/04/2021,1865.007269,2120.969402,2007.389574
10/04/2021,1860.247749,2116.396007,2000.983755
11/04/2021,1855.445676,2110.135641,1996.033144
12/04/2021,1846.95749,2105.310174,1991.941374
13/04/2021,1847.629106,2100.58607,1988.144902
14/04/2021,1850.157245,2097.244592,1989.428572
15/04/2021,1845.689405,2097.00707,1989.20756
16/04/2021,1859.804636,2097.076144,1983.69691
17/04/2021,1861.213528,2108.150682,1987.77784
18/04/2021,1860.225622,2110.247249,1991.041345
19/04/2021,1868.545607,2111.923608,1987.171275
20/04/2021,1875.680674,2111.706932,1994.162056
21/04/2021,1882.801461,2113.99697,1995.855758
22/04/2021,1876.495082,2121.093946,2002.006661
23/04/2021,1865.979141,2111.628772,1999.993712
24/04/2021,1864.847233,2103.790441,1993.030452
25/04/2021,1870.904953,2104.795027,1993.78231
26/04/2021,1863.415715,2109.198929,2002.36372
27/04/2021,1877.905257,2103.254916,1996.02951
28/04/2021,1876.794183,2112.875033,2009.045496
29/04/2021,1857.580675,2115.967825,2004.250805
30/04/2021,1844.794685,2106.063043,1993.555272
01/05/2021,1848.812311,2099.634229,1980.122008
02/05/2021,1861.974157,2105.477192,1979.012557
03/05/2021,1859.43439,2111.266183,1983.120355
04/05/2021,1858.976299,2109.422688,1980.260987
05/05/2021,1871.968535,2113.042526,1981.591894
06/05/2021,1865.705481,2127.137205,1994.45714
07/05/2021,1868.890292,2126.078086,1992.19389
08/05/2021,1869.927586,2124.406723,1991.328579
09/05/2021,1864.318869,2122.978088,1997.319711
10/05/2021,1872.374526,2115.41283,1995.850717
11/05/2021,1881.2262,2120.634651,2002.95962
12/05/2021,1869.282785,2121.896372,2003.852255
13/05/2021,1865.125184,2114.44404,1995.411417
14/05/2021,1863.701628,2107.372695,1996.780483
15/05/2021,1889.406331,2103.14204,1995.294406
16/05/2021,1891.10872,2117.293058,2009.413588
17/05/2021,1892.942476,2123.908374,2009.015279
18/05/2021,1899.758819,2129.236213,2008.479085
19/05/2021,1891.583747,2136.830157,2020.524289
20/05/2021,1900.542725,2129.803253,2015.416317
21/05/2021,1903.167487,2136.94146,2018.392249
22/05/2021,1927.395819,2141.476901,2021.40353
23/05/2021,1916.553486,2162.089433,2039.728906
24/05/2021,1918.996559,2157.947028,2030.524627
25/05/2021,1921.007021,2160.466621,2030.773007
26/05/2021,1912.180191,2160.406043,2028.923847
27/05/2021,1926.111423,2154.292584,2020.059997
28/05/2021,1924.803064,2165.666785,2027.869234
29/05/2021,1913.017972,2164.812054,2030.693818
30/05/2021,1900.006598,2161.061724,2016.851508
31/05/2021,1872.916712,2159.106643,2013.131024
01/06/2021,1883.368577,2136.568309,1995.915303
02/06/2021,1897.17919,2147.260084,2008.681799
03/06/2021,1914.62428,2158.524286,2017.504915
04/06/2021,1904.577142,2172.694442,2028.60786
05/06/2021,1907.616031,2166.313088,2023.620444
06/06/2021,1917.995226,2168.68856,2022.898044
07/06/2021,1929.083541,2171.044045,2031.642476
08/06/2021,1933.137695,2179.004943,2042.449815
09/06/2021,1936.618423,2182.325753,2049.984155
10/06/2021,1935.406232,2192.52464,2049.065163
11/06/2021,1944.716343,2190.541053,2047.871135
12/06/2021,1934.333613,2198.425102,2057.777411
13/06/2021,1926.237209,2194.604003,2047.613975
14/06/2021,1932.811794,2186.891866,2044.096089
15/06/2021,1940.056307,2192.065712,2045.454179
16/06/2021,1940.179937,2196.235845,2051.162086
17/06/2021,1946.35419,2201.059574,2049.591712
18/06/2021,1944.343778,2209.09774,2048.942187
19/06/2021,1951.661638,2207.16146,2043.771085
20/06/2021,1954.134337,2216.005209,2047.254058
21/06/2021,1949.0824,2218.791379,2051.303427
22/06/2021,1953.416965,2212.970893,2046.975799
23/06/2021,1955.403164,2217.373133,2057.463851
24/06/2021,1957.916283,2217.80879,2060.728979
25/06/2021,1965.440912,2219.428702,2061.828169
26/06/2021,1967.553834,2224.256651,2066.774481
27/06/2021,1967.487201,2223.323273,2066.272276
28/06/2021,1951.958462,2221.950322,2065.573551
29/06/2021,1937.233423,2208.901216,2057.541574
30/06/2021,1940.433386,2199.202969,2049.876786
01/07/2021,1944.504428,2205.402178,2050.467407
02/07/2021,1952.448384,2210.679478,2050.007117
03/07/2021,1944.293819,2218.207622,2054.582608
04/07/2021,1948.192501,2209.357456,2046.339527
05/07/2021,1945.413471,2207.757326,2052.720452
06/07/2021,1947.183011,2207.950883,2049.831053
07/07/2021,1951.355573,2212.819059,2052.646171
08/07/2021,1934.913778,2221.371339,2058.964133
09/07/2021,1933.478946,2210.924883,2045.417583
10/07/2021,1949.611877,2214.932783,2043.628678
11/07/2021,1954.868351,2229.924108,2059.214477
12/07/2021,1957.255006,2233.831392,2064.975517
13/07/2021,1947.898133,2236.610726,2062.544134
14/07/2021,1938.23206,2228.481719,2060.731423
15/07/2021,1933.312107,2220.961213,2048.940661
16/07/2021,1926.084773,2219.555559,2042.498279
17/07/2021,1927.253729,2217.278419,2043.865959
18/07/2021,1935.810135,2215.268974,2043.333863
19/07/2021,1951.621285,2221.529787,2048.487964
20/07/2021,1957.180558,2225.287431,2057.004887
21/07/2021,1967.648905,2227.935404,2061.708267
22/07/2021,1967.514188,2237.160532,2075.111177
23/07/2021,1971.245141,2238.129674,2073.961571
24/07/2021,1976.573771,2239.488613,2072.773368
25/07/2021,1980.496621,2242.562559,2074.520121
26/07/2021,1964.817422,2244.365122,2076.00424
27/07/2021,1982.68184,2236.631237,2066.141822
28/07/2021,1980.651639,2246.35188,2075.854008
29/07/2021,1981.290612,2249.342891,2076.180857
30/07/2021,1990.769399,2254.385755,2081.533213
31/07/2021,1983.299249,2258.214036,2085.878232
01/08/2021,1980.87469,2254.257863,2075.991776
02/08/2021,2000.999035,2253.134405,2077.534076
03/08/2021,2017.704073,2263.917236,2091.56455
04/08/2021,2005.607648,2281.771696,2102.057981
05/08/2021,2020.606697,2273.571343,2089.107488
06/08/2021,2025.110659,2285.496692,2095.357377
07/08/2021,2033.983553,2290.337474,2090.183182
08/08/2021,2028.267102,2295.070636,2098.556323
09/08/2021,2025.490594,2292.284643,2099.969118
10/08/2021,2028.360547,2291.347705,2099.84789
11/08/2021,2039.439983,2293.272542,2106.861768
12/08/2021,2030.813858,2306.026869,2113.603477
13/08/2021,2016.125071,2303.772175,2110.194772
14/08/2021,2016.573725,2298.292279,2098.933935
15/08/2021,2004.640914,2304.590561,2099.339507
16/08/2021,2017.345446,2294.89844,2094.74046
17/08/2021,2015.618682,2303.304261,2108.744793
18/08/2021,2001.260241,2302.535933,2106.567914
19/08/2021,1987.65555,2294.156564,2099.874906
20/08/2021,1989.750726,2287.068254,2095.080435
21/08/2021,2003.50946,2289.588268,2100.441878
22/08/2021,2012.139763,2302.01087,2105.6653
23/08/2021,2002.967972,2309.436744,2112.246363
24/08/2021,2012.974201,2305.164806,2104.049875
25/08/2021,2015.090636,2309.98319,2107.434087
26/08/2021,2017.293608,2310.518195,2105.647137
27/08/2021,2028.211026,2315.508976,2110.120953
28/08/2021,2028.510661,2322.758993,2116.064505
29/08/2021,2025.556579,2326.711559,2118.301162
30/08/2021,2025.195624,2326.510633,2111.875761
31/08/2021,2011.197711,2325.426657,2114.208256
01/09/2021,2009.493932,2312.03794,2104.857634
02/09/2021,2007.967251,2312.16913,2104.237609
03/09/2021,2012.066539,2313.684529,2104.241357
04/09/2021,2008.286486,2315.430274,2109.010847
05/09/2021,2008.221958,2317.673513,2106.173646
06/09/2021,1999.745302,2323.679809,2104.508902
07/09/2021,2009.207761,2319.391997,2101.948878
08/09/2021,2009.298475,2324.552736,2103.374522
09/09/2021,2012.788963,2326.684683,2101.885821
10/09/2021,2009.418407,2333.198119,2104.476718
11/09/2021,2015.826626,2331.432343,2098.556933
12/09/2021,2016.918213,2335.491147,2103.221429
13/09/2021,2015.969712,2335.77377,2103.07441
14/09/2021,2018.727913,2335.670561,2100.276433
15/09/2021,2021.803171,2334.475062,2103.606649
16/09/2021,2000.926249,2331.507005,2106.453276
17/09/2021,1999.550717,2319.884159,2092.427424
18/09/2021,2004.393326,2322.040792,2096.562681
19/09/2021,2033.991609,2331.095154,2099.260717
20/09/2021,2032.205841,2348.244341,2117.200465
21/09/2021,2043.047511,2351.042502,2113.456163
22/09/2021,2031.558938,2359.453157,2123.897859
23/09/2021,2025.745568,2350.251254,2109.405479
24/09/2021,2029.588369,2346.809978,2104.217429
25/09/2021,2020.10137,2352.848108,2106.14998
26/09/2021,2017.941871,2347.946029,2098.778484
27/09/2021,2007.28393,2349.557958,2094.994967
28/09/2021,2001.390085,2345.424604,2085.109643
29/09/2021,1991.332237,2341.224632,2085.235613
30/09/2021,2006.974066,2330.194774,2083.961251
01/10/2021,1996.04801,2340.929443,2098.088997
02/10/2021,2001.152336,2339.556753,2088.896294
03/10/2021,1996.047169,2340.751075,2094.491536
04/10/2021,2004.552219,2334.347971,2096.97751
05/10/2021,2003.098963,2337.925671,2098.61417
06/10/2021,2010.731421,2340.434767,2100.293864
07/10/2021,2012.796019,2344.318639,2109.307656
08/10/2021,2002.875016,2350.047029,2110.650541
09/10/2021,2016.337217,2346.518968,2106.39344
10/10/2021,2010.40184,2352.299127,2116.172403
11/10/2021,2025.466284,2346.772153,2110.833182
12/10/2021,2021.992036,2354.464539,2120.682762
13/10/2021,2021.301497,2356.845745,2118.712822
14/10/2021,2016.781724,2355.24823,2119.262664
15/10/2021,2004.868949,2355.519219,2117.49195
16/10/2021,2002.606921,2355.181505,2111.590051
17/10/2021,1999.040617,2355.050946,2108.647789
18/10/2021,2013.320591,2348.748367,2107.529644
19/10/2021,2015.618469,2356.840186,2121.239143
20/10/2021,1999.8251,2355.49636,2123.290081
21/10/2021,2007.722923,2347.981291,2115.511745
22/10/2021,1997.818879,2356.389369,2123.664167
23/10/2021,2015.586878,2353.26064,2115.853283
24/10/2021,2012.711425,2368.342377,2128.479828
25/10/2021,1999.49979,2364.172548,2124.898882
26/10/2021,2009.062501,2356.049192,2118.661007
27/10/2021,2001.54681,2359.926152,2129.184531
28/10/2021,2012.323376,2357.017691,2120.058499
29/10/2021,2003.570357,2363.443594,2134.807683
30/10/2021,1997.569742,2353.898432,2127.742815
31/10/2021,2000.753502,2351.101844,2123.890211
01/11/2021,1990.034331,2353.256402,2126.36979
02/11/2021,1966.869145,2348.391955,2117.14193
03/11/2021,1971.037008,2329.348955,2100.328819
04/11/2021,1985.249796,2330.529802,2103.843282
05/11/2021,1992.336037,2341.669377,2113.982612
06/11/2021,1988.912827,2347.989682,2117.945964
07/11/2021,1991.049065,2345.243297,2112.349414
08/11/2021,1986.192773,2347.186475,2106.062574
09/11/2021,1973.636065,2342.880978,2103.722244
10/11/2021,1948.256216,2338.957533,2094.364583
11/11/2021,1942.313809,2318.695467,2072.785287
12/11/2021,1934.832244,2315.974601,2067.052318
13/11/2021,1939.6626,2305.333627,2058.437389
14/11/2021,1936.397205,2308.047056,2061.166348
15/11/2021,1926.337364,2301.365559,2061.911981
16/11/2021,1927.498833,2293.649667,2054.598616
17/11/2021,1935.85402,2294.887284,2049.59856
18/11/2021,1933.417219,2301.590369,2053.136403
19/11/2021,1931.715234,2300.445513,2050.591181
20/11/2021,1924.053767,2299.15263,2051.729532
21/11/2021,1918.336579,2297.18027,2045.677879
22/11/2021,1919.298765,2298.322037,2046.903983
23/11/2021,1917.206689,2296.252074,2042.815697
24/11/2021,1916.531933,2293.157525,2042.551578
25/11/2021,1915.166072,2296.14766,2038.773433
26/11/2021,1912.036944,2296.534865,2041.000042
27/11/2021,1915.68341,2292.097944,2038.694956
28/11/2021,1907.453731,2293.295408,2044.122445
29/11/2021,1909.930366,2287.282744,2036.406327
30/11/2021,1898.507278,2288.623299,2039.894938
01/12/2021,1899.182717,2282.229592,2025.734227
02/12/2021,1881.275803,2291.102136,2025.981213
03/12/2021,1895.587994,2277.296085,2012.272742
04/12/2021,1878.807304,2288.019141,2022.121573
05/12/2021,1879.2408,2279.318953,2011.900264
06/12/2021,1886.618859,2278.561157,2008.751943
07/12/2021,1881.715346,2279.491146,2019.071943
08/12/2021,1875.117393,2271.852585,2014.764553
09/12/2021,1886.689923,2269.561194,2008.766928
10/12/2021,1901.888022,2270.662464,2009.102499
11/12/2021,1902.297926,2282.014496,2020.939752
12/12/2021,1916.847637,2282.186764,2020.329553
13/12/2021,1923.459745,2296.110299,2025.235333
14/12/2021,1928.381312,2304.492267,2026.873452
15/12/2021,1933.419304,2309.19596,2032.4455
16/12/2021,1930.404871,2316.229863,2033.606157
17/12/2021,1925.25929,2311.735995,2031.76806
18/12/2021,1927.070814,2312.383939,2026.797194
19/12/2021,1923.605178,2319.261491,2022.156365
20/12/2021,1920.072142,2321.887735,2022.005924
21/12/2021,1909.819024,2322.604853,2023.054785
22/12/2021,1902.203156,2316.381548,2023.040203
23/12/2021,1909.820111,2305.536804,2020.709669
24/12/2021,1927.175358,2315.743052,2028.924446
25/12/2021,1944.092298,2323.248441,2036.761922
26/12/2021,1930.108211,2332.408142,2049.490044
27/12/2021,1926.211132,2325.039234,2038.336786
28/12/2021,1935.032764,2320.940692,2035.484155
29/12/2021,1941.751358,2324.700323,2043.097531
30/12/2021,1934.004752,2329.554524,2048.000272
31/12/2021,1935.843594,2322.094282,2046.158202
01/01/2022,1932.460673,2325.686024,2047.316681
02/01/2022,1936.603327,2323.73587,2040.27777
03/01/2022,1942.420712,2320.853063,2047.840826
04/01/2022,1937.573438,2322.768926,2057.153615
05/01/2022,1937.036554,2319.701782,2053.662303
06/01/2022,1930.19393,2322.213742,2052.78355
07/01/2022,1925.111877,2314.345685,2048.260855
08/01/2022,1927.650088,2309.630508,2040.032697
09/01/2022,1917.052009,2310.660403,2043.56144
10/01/2022,1920.28068,2304.934578,2033.50633
11/01/2022,1921.061884,2307.447761,2029.363472
12/01/2022,1921.826583,2311.876046,2028.997007
13/01/2022,1927.673329,2311.657547,2031.425395
14/01/2022,1937.033288,2314.915045,2039.317677
15/01/2022,1935.756612,2319.074046,2048.156839
16/01/2022,1933.653754,2314.490824,2048.464144
17/01/2022,1927.896013,2311.228278,2050.846952
18/01/2022,1918.201395,2309.776734,2052.585564
19/01/2022,1923.998994,2304.342486,2043.162236
20/01/2022,1929.397778,2312.464315,2044.695126
21/01/2022,1915.631084,2315.503639,2047.995053
22/01/2022,1915.445393,2303.61575,2039.230078
23/01/2022,1913.764654,2299.928709,2041.986711
24/01/2022,1908.868802,2303.748583,2040.915874
25/01/2022,1927.41962,2299.119983,2033.482558
26/01/2022,1918.682499,2310.063512,2045.108511
27/01/2022,1937.700142,2309.69431,2034.429046
28/01/2022,1926.338553,2320.891228,2049.74302
29/01/2022,1918.27667,2306.855555,2041.141331
30/01/2022,1920.90858,2301.629947,2032.899796
31/01/2022,1938.837445,2301.722587,2039.128836
01/02/2022,1942.082073,2314.455958,2050.277347
02/02/2022,1935.166143,2313.706618,2049.846825
03/02/2022,1922.003169,2307.539312,2043.908963
04/02/2022,1917.213789,2296.341684,2036.683656
05/02/2022,1908.143113,2295.286422,2033.041881
06/02/2022,1917.372568,2294.924748,2025.149776
07/02/2022,1914.143116,2298.272893,2032.041037
08/02/2022,1923.48152,2298.403001,2030.41879
09/02/2022,1932.786529,2306.28818,2037.433176
10/02/2022,1935.967436,2311.334375,2040.502983
11/02/2022,1939.318924,2311.694944,2043.150254
12/02/2022,1945.649391,2311.151701,2043.996911
13/02/2022,1938.138514,2309.316091,2045.988864
14/02/2022,1935.274408,2307.818345,2047.098955
15/02/2022,1936.414399,2300.389702,2044.592731
16/02/2022,1932.79029,2302.207059,2050.522081
17/02/2022,1940.739852,2295.204061,2047.564453
18/02/2022,1941.41666,2298.622439,2052.100593
19/02/2022,1921.4218,2298.663099,2045.590029
20/02/2022,1914.175013,2287.317716,2032.259441
21/02/2022,1912.435959,2282.603724,2032.346084
22/02/2022,1904.19245,2283.067795,2024.730936
23/02/2022,1917.835265,2280.464083,2021.657801
24/02/2022,1908.900898,2288.301601,2029.768082
25/02/2022,1921.347938,2277.508429,2019.785365
26/02/2022,1927.703631,2287.546653,2029.676937
27/02/2022,1929.491368,2292.243585,2034.594086
28/02/2022,1943.64621,2289.601413,2033.396803
01/03/2022,1930.550511,2296.366901,2043.432012
02/03/2022,1929.4718,2291.525241,2038.390666
03/03/2022,1923.035332,2290.014436,2041.246804
04/03/2022,1907.007711,2276.892719,2037.875745
05/03/2022,1914.91639,2270.369717,2024.665413
06/03/2022,1921.94481,2272.962282,2028.27421
07/03/2022,1926.575991,2278.596961,2029.869157
08/03/2022,1929.015247,2282.656208,2036.033156
09/03/2022,1943.114904,2282.167736,2035.882987
10/03/2022,1939.826316,2293.393535,2046.837547
11/03/2022,1916.063517,2283.996677,2043.703288
12/03/2022,1922.516789,2263.730866,2029.090591
13/03/2022,1930.943233,2269.802083,2033.23162
14/03/2022,1922.709329,2275.862918,2036.229844
15/03/2022,1913.910282,2271.277983,2034.148494
16/03/2022,1918.884072,2268.264111,2028.591789
17/03/2022,1916.303824,2277.566187,2033.771259
18/03/2022,1927.439366,2269.626643,2026.834711
19/03/2022,1913.439927,2275.097833,2031.946757
20/03/2022,1915.879467,2269.852258,2020.266771
21/03/2022,1904.056563,2273.50821,2025.833557
22/03/2022,1909.796492,2268.406364,2013.314527
23/03/2022,1889.943772,2274.717753,2018.276962
24/03/2022,1910.581461,2260.610375,2009.385874
25/03/2022,1914.180684,2270.523096,2023.701856
26/03/2022,1920.452076,2270.501092,2022.227565
27/03/2022,1916.685552,2275.769984,2026.547008
28/03/2022,1920.435124,2273.09142,2023.958365
29/03/2022,1917.118065,2274.705613,2028.810566
30/03/2022,1913.86053,2269.36577,2031.692344
31/03/2022,1904.685443,2270.764823,2028.314034
01/04/2022,1930.132028,2263.283473,2026.547544
02/04/2022,1927.403282,2278.268207,2045.00597
03/04/2022,1935.32141,2276.219495,2052.101983
04/04/2022,1939.900699,2281.987779,2052.518264
05/04/2022,1938.525269,2286.207488,2054.543835
06/04/2022,1936.176597,2286.978749,2053.191681
07/04/2022,1936.101891,2287.298221,2054.157495
08/04/2022,1941.717157,2286.364718,2054.537806
09/04/2022,1945.766227,2290.208032,2057.578042
10/04/2022,1941.659431,2295.979004,2057.735999
11/04/2022,1929.746851,2292.7867,2058.700712
12/04/2022,1932.999198,2285.794946,2049.964794
13/04/2022,1930.785678,2285.599715,2045.945857
14/04/2022,1933.11372,2282.068923,2037.834639
15/04/2022,1944.675021,2283.13868,2041.62226
16/04/2022,1942.632258,2293.022275,2047.030772
17/04/2022,1958.486371,2293.018547,2050.939586
18/04/2022,1962.034708,2303.392899,2065.817985
19/04/2022,1955.407478,2303.742135,2062.678254
20/04/2022,1977.686511,2302.107494,2055.572636
21/04/2022,1981.287961,2319.121056,2064.083141
22/04/2022,1967.51349,2321.73101,2065.963221
23/04/2022,1982.079925,2313.088729,2057.795976
24/04/2022,1988.122465,2321.755461,2065.25512
25/04/2022,1990.046238,2324.152908,2068.333428
26/04/2022,2014.683713,2322.193146,2068.94318
27/04/2022,2006.465395,2337.344123,2083.76866
28/04/2022,2015.426832,2329.460909,2071.480207
29/04/2022,2012.635058,2337.00775,2081.784051
30/04/2022,2004.489916,2335.592552,2075.605782
01/05/2022,2014.446765,2331.70662,2064.559723
02/05/2022,2023.685709,2340.652007,2073.485855
03/05/2022,2023.819854,2347.562886,2081.349547
04/05/2022,2030.276696,2348.264588,2076.811761
05/05/2022,2028.662083,2355.114715,2080.683564
06/05/2022,2028.101048,2348.445178,2078.152918
07/05/2022,2032.657055,2351.485061,2074.196438
08/05/2022,2018.400802,2359.453399,2071.852862
09/05/2022,2016.258805,2349.091153,2061.954199
10/05/2022,2019.536208,2350.725491,2059.322742
11/05/2022,2007.066923,2356.510565,2060.752321
12/05/2022,1999.114207,2349.264315,2051.774288
13/05/2022,2004.387398,2349.082058,2046.761947
14/05/2022,1986.991551,2351.485081,2049.08951
15/05/2022,1995.879304,2349.064219,2035.734788
16/05/2022,1999.490077,2358.686769,2045.56593
17/05/2022,1984.090684,2363.495962,2046.204693
18/05/2022,1991.772079,2357.243754,2038.736107
19/05/2022,1973.295815,2359.662857,2044.974981
20/05/2022,1970.233121,2348.108864,2034.428667
21/05/2022,1974.610397,2343.39583,2034.329576
22/05/2022,1973.469847,2349.812302,2037.036196
23/05/2022,1971.745714,2348.226723,2036.586534
24/05/2022,1974.275329,2348.736657,2034.062706
25/05/2022,1983.446514,2349.407542,2041.200733
26/05/2022,1977.987812,2350.743808,2043.61607
27/05/2022,1966.344233,2347.764302,2034.663569
28/05/2022,1951.081432,2341.449862,2029.526384
29/05/2022,1959.254306,2330.322161,2024.371641
30/05/2022,1952.122278,2335.341361,2029.434131
31/05/2022,1962.098292,2330.066906,2025.138981
01/06/2022,1954.995823,2334.550826,2031.013497
02/06/2022,1958.504998,2339.286525,2028.80404
03/06/2022,1965.368517,2340.261553,2029.957764
04/06/2022,1963.699192,2342.91155,2038.291045
05/06/2022,1968.855354,2345.825102,2036.362978
06/06/2022,1944.546143,2348.223241,2040.880638
07/06/2022,1945.505189,2329.85427,2028.802883
08/06/2022,1950.005918,2331.733044,2035.265593
09/06/2022,1957.483997,2332.605313,2046.197262
10/06/2022,1964.700375,2338.1227,2055.520299
11/06/2022,1971.386181,2342.220611,2063.726017
12/06/2022,1975.93592,2349.729195,2069.485588
13/06/2022,1962.310361,2353.003128,2076.230095
14/06/2022,1950.89336,2348.491956,2068.360369
15/06/2022,1949.388772,2342.758106,2059.661866
16/06/2022,1948.786831,2344.431081,2060.318762
17/06/2022,1965.084929,2345.839286,2058.819733
18/06/2022,1949.239649,2355.757178,2071.116847
19/06/2022,1950.041313,2349.089366,2060.996003
20/06/2022,1956.34896,2347.732047,2058.570086
21/06/2022,1956.799968,2353.080415,2066.31869
22/06/2022,1939.81269,2352.463121,2067.466915
23/06/2022,1948.202824,2344.252928,2058.540383
24/06/2022,1958.272318,2352.880475,2063.981707
25/06/2022,1954.444622,2359.174473,2071.501744
26/06/2022,1956.331751,2357.412725,2070.577855
27/06/2022,1950.624566,2360.889349,2071.200329
28/06/2022,1944.327194,2352.9119,2071.117793
29/06/2022,1956.038001,2346.34499,2067.929016
30/06/2022,1933.725697,2352.348975,2077.517588
01/07/2022,1934.384346,2343.466895,2061.33675
02/07/2022,1931.079583,2341.945231,2062.03772
03/07/2022,1930.511126,2336.719568,2059.357941
04/07/2022,1942.088414,2334.723314,2057.885096
05/07/2022,1934.61239,2341.952295,2069.187578
06/07/2022,1929.182963,2336.783876,2067.396873
07/07/2022,1930.647955,2332.138893,2059.530755
08/07/2022,1942.169031,2331.880042,2058.416974
09/07/2022,1935.560234,2345.334416,2061.695795
10/07/2022,1932.763068,2343.938678,2054.850713
11/07/2022,1930.64731,2342.170993,2053.913379
12/07/2022,1929.133764,2337.350507,2054.702182
13/07/2022,1927.61892,2339.959425,2057.876735
14/07/2022,1925.889567,2341.243264,2058.602699
15/07/2022,1930.759654,2340.079539,2061.982137
16/07/2022,1925.330285,2342.068006,2063.395467
17/07/2022,1921.939923,2336.605106,2060.226368
18/07/2022,1922.1322,2334.047943,2060.118356
19/07/2022,1920.755394,2333.141622,2062.538674
20/07/2022,1912.306845,2332.684888,2068.794203
21/07/2022,1923.468393,2328.189406,2064.204387
22/07/2022,1926.269783,2333.282562,2070.112158
23/07/2022,1952.400693,2328.353203,2074.730664
24/07/2022,1950.585607,2341.898442,2090.904844
25/07/2022,1947.603715,2337.861736,2088.577787
26/07/2022,1944.72839,2335.061715,2092.326404
27/07/2022,1951.860411,2334.117412,2090.913725
28/07/2022,1958.323658,2335.966252,2099.914363
29/07/2022,1944.731831,2344.230569,2102.790015
30/07/2022,1935.246401,2339.208904,2098.651052
31/07/2022,1927.030032,2334.005601,2092.522297
01/08/2022,1928.352028,2334.06159,2084.873068
02/08/2022,1944.172142,2338.458482,2085.054181
03/08/2022,1949.69556,2347.994602,2094.894236
04/08/2022,1947.957659,2353.946703,2100.596349
05/08/2022,1934.439187,2355.755189,2096.511109
06/08/2022,1937.421177,2345.82528,2088.830823
07/08/2022,1925.603795,2346.559508,2089.320568
08/08/2022,1919.577852,2340.595765,2084.963936
09/08/2022,1908.578226,2332.603091,2080.452451
10/08/2022,1915.157368,2323.530585,2069.409592
11/08/2022,1919.231961,2329.857274,2074.259151
12/08/2022,1931.811993,2334.56257,2076.210105
13/08/2022,1925.303447,2344.135195,2082.481243
14/08/2022,1922.952054,2340.006259,2075.098901
15/08/2022,1931.524994,2337.458788,2069.435201
16/08/2022,1947.808699,2348.996718,2077.916801
17/08/2022,1963.880543,2363.972435,2086.526014
18/08/2022,1962.045807,2372.159285,2095.610082
19/08/2022,1974.190768,2368.827074,2088.006513
20/08/2022,1983.022259,2381.663797,2099.431387
21/08/2022,1985.822522,2386.720477,2101.850921
22/08/2022,1982.901367,2390.246157,2103.182459
23/08/2022,1985.976822,2384.510064,2101.769577
24/08/2022,1988.562383,2391.52489,2102.914093
25/08/2022,1979.246039,2394.837057,2106.275652
26/08/2022,1990.509506,2392.238001,2103.034711
27/08/2022,1987.568614,2407.517184,2111.881887
28/08/2022,1989.283903,2407.276924,2116.903484
29/08/2022,1995.232206,2407.331593,2115.818567
30/08/2022,1998.125686,2408.672911,2117.851411
31/08/2022,1998.658567,2405.065019,2117.057165
01/09/2022,1994.105886,2408.775437,2116.689846
02/09/2022,1982.26628,2405.508329,2116.309547
03/09/2022,1976.276761,2401.202329,2105.810534
04/09/2022,1980.241577,2396.392005,2099.933663
05/09/2022,1984.215001,2402.86722,2101.947366
06/09/2022,1987.359096,2410.293099,2108.231394
07/09/2022,1997.291496,2412.456038,2114.21513
08/09/2022,1986.182174,2420.091988,2116.109614
09/09/2022,1997.954621,2413.285368,2111.364447
10/09/2022,2002.782546,2429.11567,2118.888211
11/09/2022,2016.194506,2428.36687,2126.220499
12/09/2022,2008.699173,2439.701286,2138.005957
13/09/2022,2007.29487,2433.465408,2135.486017
14/09/2022,2016.738849,2433.656483,2134.095795
15/09/2022,2019.838623,2443.599653,2139.341033
16/09/2022,2027.8086,2450.901302,2145.727989
17/09/2022,2030.454711,2450.104614,2155.336864
18/09/2022,2032.957155,2455.231621,2152.103315
19/09/2022,2040.921384,2456.468974,2148.539483
20/09/2022,2029.815934,2461.330936,2154.460047
21/09/2022,2025.39158,2453.669594,2141.330345
22/09/2022,2029.213592,2454.649024,2132.853629
23/09/2022,2033.880569,2457.876388,2132.281818
24/09/2022,2030.487789,2459.484036,2135.02127
25/09/2022,2031.021756,2453.753352,2129.732507
26/09/2022,2031.514651,2449.70414,2125.824268
27/09/2022,2021.287436,2450.445681,2124.689382
28/09/2022,2022.871999,2444.501363,2121.234529
29/09/2022,2022.709685,2445.519672,2122.861671
30/09/2022,2004.725383,2449.087873,2127.236894
01/10/2022,1990.842085,2435.877744,2117.690525
02/10/2022,1993.948565,2426.851203,2109.839997
03/10/2022,1994.710878,2433.209721,2113.302745
04/10/2022,1978.487858,2434.904558,2116.012272
05/10/2022,1962.206981,2424.079046,2101.060527
06/10/2022,1951.173752,2416.300923,2095.047721
07/10/2022,1952.525454,2411.489623,2088.910276
08/10/2022,1947.403986,2414.382203,2093.40662
09/10/2022,1948.058808,2413.157082,2093.408651
10/10/2022,1947.095091,2413.086935,2095.287245
11/10/2022,1943.573021,2416.748551,2095.576438
12/10/2022,1943.954452,2414.003439,2094.54465
13/10/2022,1952.973423,2410.32047,2093.79599
14/10/2022,1958.232096,2416.113264,2102.940911
15/10/2022,1962.730613,2419.959642,2103.252611
16/10/2022,1963.47989,2422.981906,2107.116916
17/10/2022,1967.872277,2421.134505,2106.44979
18/10/2022,1964.730889,2425.060544,2113.928002
19/10/2022,1968.835614,2421.65999,2112.068334
20/10/2022,1966.146211,2416.900443,2108.901008
21/10/2022,1977.034551,2413.916317,2108.753994
22/10/2022,1987.432236,2417.749818,2119.669729
23/10/2022,1978.790974,2425.745819,2129.71392
24/10/2022,1964.163071,2424.727251,2128.720989
25/10/2022,1963.196916,2416.070304,2120.471736
26/10/2022,1958.115108,2410.330423,2117.644376
27/10/2022,1968.449388,2413.254991,2106.318475
28/10/2022,1960.891561,2416.913792,2117.1798
29/10/2022,1946.15874,2411.934636,2111.508352
30/10/2022,1954.052432,2402.412279,2101.258457
31/10/2022,1944.693851,2405.297125,2105.560873
01/11/2022,1945.964897,2396.518495,2102.430976
02/11/2022,1958.717053,2398.250508,2099.66194
03/11/2022,1946.044563,2409.561986,2111.316376
04/11/2022,1961.746201,2400.961287,2103.119801
05/11/2022,1959.910073,2415.323117,2117.881058
06/11/2022,1961.197974,2416.31542,2119.288681
07/11/2022,1969.224444,2414.543936,2125.131801
08/11/2022,1956.052527,2417.741428,2136.909197
09/11/2022,1958.164222,2413.393026,2126.998267
10/11/2022,1960.320373,2417.77353,2132.523085
11/11/2022,1960.932893,2414.769394,2131.621948
12/11/2022,1957.360891,2412.666004,2137.080987
13/11/2022,1940.779395,2411.839389,2136.558361
14/11/2022,1943.427307,2402.750284,2125.639016
15/11/2022,1942.179785,2405.524138,2131.021052
16/11/2022,1938.171429,2403.376339,2132.369456
17/11/2022,1926.685962,2406.055298,2128.62544
18/11/2022,1916.729029,2397.892223,2125.307812
19/11/2022,1917.497647,2393.825755,2116.904671
20/11/2022,1908.1725,2394.694204,2120.248022
21/11/2022,1920.074745,2395.002639,2115.438856
22/11/2022,1914.255449,2400.530319,2126.21542
23/11/2022,1917.50314,2400.850037,2116.345606
24/11/2022,1933.412039,2401.521235,2122.244181
25/11/2022,1936.281082,2416.736863,2132.116504
26/11/2022,1941.876747,2419.574737,2130.500651
27/11/2022,1947.286074,2419.818675,2136.501254
28/11/2022,1937.338308,2426.045429,2142.646246
29/11/2022,1942.210048,2417.278511,2140.789964
30/11/2022,1927.953478,2420.065892,2142.784802
01/12/2022,1919.658874,2410.355636,2131.905275
02/12/2022,1907.370596,2404.839336,2127.191859
03/12/2022,1904.862016,2395.299117,2114.958128
04/12/2022,1904.621706,2392.083589,2112.186355
05/12/2022,1898.728147,2390.566567,2112.201344
06/12/2022,1885.801039,2384.68561,2109.22318
07/12/2022,1880.734522,2376.838801,2100.460028
08/12/2022,1883.864838,2369.916991,2102.787615
09/12/2022,1885.478472,2368.018844,2105.399841
10/12/2022,1891.411995,2366.628576,2108.20169
11/12/2022,1893.583833,2372.40552,2108.905082
12/12/2022,1879.068388,2374.066259,2113.447881
13/12/2022,1887.438535,2362.09502,2099.889577
14/12/2022,1894.237245,2365.870946,2105.620917
15/12/2022,1901.13547,2368.875241,2106.846653
16/12/2022,1892.21748,2369.301474,2112.054849
17/12/2022,1889.62386,2358.717557,2101.334681
18/12/2022,1898.633073,2358.430518,2099.177656
19/12/2022,1906.363017,2362.466267,2104.502421
20/12/2022,1908.658834,2370.316199,2111.104142
21/12/2022,1906.754837,2370.226245,2114.960787
22/12/2022,1900.880331,2365.065708,2114.394674
23/12/2022,1907.105242,2357.289926,2105.545301
24/12/2022,1924.653843,2362.881861,2108.36303
25/12/2022,1931.943533,2373.904713,2118.117919
26/12/2022,1931.695321,2376.817843,2122.826184
27/12/2022,1918.399614,2382.307515,2124.520475
28/12/2022,1912.50711,2372.946686,2118.122548
29/12/2022,1907.982945,2365.712957,2113.11005
30/12/2022,1916.896102,2363.620304,2110.376213
31/12/2022,1913.505956,2370.754283,2122.497623
01/01/2023,1918.149347,2371.208261,2125.917762
02/01/2023,1920.869142,2382.409239,2133.344872
03/01/2023,1906.777753,2385.583105,2134.140051
04/01/2023,1910.081603,2378.836784,2126.657505
05/01/2023,1921.304029,2386.134893,2126.952232
06/01/2023,1931.763355,2394.544629,2136.754512
07/01/2023,1934.553267,2403.853692,2147.791426
08/01/2023,1932.295613,2407.478415,2153.317639
09/01/2023,1948.683937,2406.587253,2151.072999
10/01/2023,1947.861647,2421.116058,2163.522039
11/01/2023,1929.707014,2423.374611,2165.811711
12/01/2023,1932.311491,2412.194597,2153.876677
13/01/2023,1943.015258,2412.562238,2156.994506
14/01/2023,1943.258739,2419.832749,2166.298438
15/01/2023,1954.257649,2426.32227,2173.17849
16/01/2023,1968.785934,2439.930894,2180.25694
17/01/2023,1970.662835,2450.806758,2189.969795
18/01/2023,1977.451771,2453.061205,2192.547617
19/01/2023,1982.452032,2460.57204,2197.902572
20/01/2023,1979.740395,2461.234286,2206.734081
21/01/2023,1992.342579,2462.42777,2203.984492
22/01/2023,2000.832225,2468.033983,2215.085405
23/01/2023,2007.032691,2477.896578,2220.649012
24/01/2023,2016.770058,2481.634927,2222.152034
25/01/2023,2005.056109,2485.599315,2229.293012
26/01/2023,1989.51917,2478.01253,2226.20686
27/01/2023,1990.329954,2469.519693,2215.801179
28/01/2023,2010.735707,2473.174559,2214.221558
29/01/2023,2000.615498,2489.706434,2230.938727
30/01/2023,2010.429593,2484.510991,2221.76376
31/01/2023,2013.31903,2486.562951,2231.44378
01/02/2023,2019.839968,2493.034657,2235.293065
02/02/2023,2011.431757,2497.740304,2235.681725
03/02/2023,1998.17798,2485.759289,2228.46317
04/02/2023,2001.712357,2477.98766,2218.211161
05/02/2023,2002.016106,2480.997152,2221.205937
06/02/2023,2018.353558,2480.032872,2219.121737
07/02/2023,2023.450115,2495.302784,2230.712692
08/02/2023,2040.501924,2495.913514,2233.776356
09/02/2023,2056.445634,2505.543512,2245.850511
10/02/2023,2074.065746,2516.879255,2252.955156
11/02/2023,2080.952465,2529.62831,2266.468703
12/02/2023,2085.735068,2532.733499,2267.462777
13/02/2023,2082.612302,2540.254867,2274.859959
14/02/2023,2085.561481,2539.711675,2277.912061
15/02/2023,2098.353656,2544.669189,2284.013658
16/02/2023,2109.12953,2551.081553,2294.392253
17/02/2023,2128.127277,2561.370288,2299.491288
18/02/2023,2136.031828,2572.485797,2315.777064
19/02/2023,2137.50819,2580.530395,2320.967368
20/02/2023,2147.897666,2583.605936,2326.505064
21/02/2023,2152.040828,2594.794336,2335.405353
22/02/2023,2160.854008,2600.215543,2339.848942
23/02/2023,2164.399304,2607.862598,2345.34816
24/02/2023,2170.096253,2608.460686,2343.677533
25/02/2023,2162.42584,2619.889522,2351.728718
26/02/2023,2171.016669,2618.672377,2350.095459
27/02/2023,2184.070622,2627.88881,2355.839832
28/02/2023,2189.977227,2638.633963,2371.068192
01/03/2023,2190.499717,2644.731549,2381.379605
02/03/2023,2169.885672,2643.69368,2379.642703
03/03/2023,2169.26836,2631.867526,2372.50704
04/03/2023,2162.625384,2636.777052,2375.680348
05/03/2023,2160.258476,2636.03051,2372.185817
06/03/2023,2146.965298,2632.611073,2374.524613
07/03/2023,2158.251534,2622.265637,2367.336775
08/03/2023,2149.854657,2630.040962,2373.773762
09/03/2023,2144.853488,2628.047253,2368.393819
10/03/2023,2158.077238,2630.002828,2372.356193
11/03/2023,2168.411437,2640.79365,2383.392273
12/03/2023,2172.527452,2652.486602,2393.035783
13/03/2023,2169.13821,2666.567843,2402.998637
14/03/2023,2169.966697,2664.172567,2400.126177
15/03/2023,2185.332847,2668.344616,2397.366216
16/03/2023,2197.51104,2680.513573,2408.510779
17/03/2023,2200.179858,2691.692674,2415.739461
18/03/2023,2199.274525,2693.464187,2419.303527
19/03/2023,2209.3197,2697.11351,2422.544934
20/03/2023,2213.312117,2709.154304,2430.760082
21/03/2023,2230.719115,2717.14602,2433.717714
22/03/2023,2235.713199,2728.105693,2448.479682
23/03/2023,2247.533222,2733.604882,2452.5292
24/03/2023,2264.127931,2739.776147,2460.828946
25/03/2023,2256.108151,2752.291972,2471.790326
26/03/2023,2258.737547,2750.195585,2473.271343
27/03/2023,2269.030001,2756.237427,2479.91055
28/03/2023,2280.891892,2764.95095,2490.879932
29/03/2023,2290.817753,2777.276706,2503.969597
30/03/2023,2276.285773,2788.761571,2511.550441
31/03/2023,2288.195224,2783.151465,2501.168593
01/04/2023,2293.890608,2787.645707,2507.519116
02/04/2023,2290.381354,2794.188817,2507.894738
03/04/2023,2299.844947,2793.36466,2508.505049
04/04/2023,2307.507982,2801.081639,2519.554656
05/04/2023,2303.051779,2811.333639,2526.924288
06/04/2023,2303.426568,2808.621842,2527.931904
07/04/2023,2322.595139,2813.494561,2526.660243
08/04/2023,2335.195727,2824.655049,2538.009819
09/04/2023,2336.37413,2828.488551,2553.021853
10/04/2023,2338.598452,2831.538691,2556.473396
11/04/2023,2337.2024,2834.209635,2562.811002
12/04/2023,2346.677939,2825.058672,2561.914867
13/04/2023,2350.792669,2831.471248,2569.463883
14/04/2023,2369.031865,2835.367188,2568.393639
15/04/2023,2359.613627,2847.068848,2586.105004
16/04/2023,2363.293893,2844.247813,2578.912807
17/04/2023,2340.542366,2848.873822,2584.704817
18/04/2023,2343.183406,2838.309371,2572.992616
19/04/2023,2353.338653,2839.599649,2572.645379
20/04/2023,2344.344578,2850.122985,2576.805455
21/04/2023,2352.456894,2842.27671,2568.065692
22/04/2023,2343.474664,2844.245304,2578.872182
23/04/2023,2343.280946,2838.00974,2571.332356
24/04/2023,2351.751746,2839.224896,2571.638824
25/04/2023,2357.746256,2847.570963,2576.15382
26/04/2023,2379.512316,2853.700439,2579.37803
27/04/2023,2387.02501,2868.5687,2595.968236
28/04/2023,2383.82844,2875.190585,2606.196291
29/04/2023,2386.130332,2875.743513,2608.254511
30/04/2023,2384.310735,2881.426969,2610.012352
01/05/2023,2394.836707,2882.442489,2606.960838
02/05/2023,2405.676201,2886.412958,2615.008918
03/05/2023,2405.848126,2898.745644,2626.151152
04/05/2023,2414.59125,2897.395515,2625.66043
05/05/2023,2413.692638,2900.043154,2636.303526
06/05/2023,2406.044236,2899.699697,2633.184358
07/05/2023,2400.700763,2896.778269,2630.314879
08/05/2023,2407.28549,2892.216088,2623.587498
09/05/2023,2418.064972,2900.741282,2619.301773
10/05/2023,2418.71445,2911.088938,2626.852633
11/05/2023,2415.842148,2911.331454,2630.445825
12/05/2023,2433.695573,2911.688953,2629.212592
13/05/2023,2433.550112,2930.335718,2641.952623
14/05/2023,2413.094331,2928.942667,2641.191794
15/05/2023,2405.785458,2913.083566,2634.137298
16/05/2023,2408.224108,2909.059723,2628.98085
17/05/2023,2417.917788,2906.539809,2632.30195
18/05/2023,2417.883651,2912.199536,2637.283043
19/05/2023,2415.235071,2913.857819,2633.214218
20/05/2023,2420.673696,2915.458989,2634.957722
21/05/2023,2424.693156,2926.024794,2638.652027
22/05/2023,2406.706441,2928.777688,2640.385755
23/05/2023,2412.556993,2911.651014,2631.490715
24/05/2023,2392.601563,2920.000892,2637.581983
25/05/2023,2388.269109,2909.834481,2627.966004
26/05/2023,2387.053193,2909.797249,2626.162045
27/05/2023,2386.937998,2912.319727,2626.001081
28/05/2023,2394.192308,2909.484883,2625.619118
29/05/2023,2386.109347,2912.996686,2632.893109
30/05/2023,2396.916812,2906.450174,2619.980086
31/05/2023,2397.78293,2919.526052,2627.544306
01/06/2023,2406.313766,2920.127124,2630.419077
02/06/2023,2411.953937,2929.456592,2636.861378
03/06/2023,2421.116885,2935.23278,2638.735001
04/06/2023,2424.987242,2944.053039,2651.874879
05/06/2023,2441.794103,2951.611934,2657.119993
06/06/2023,2444.49825,2967.702479,2667.77332
07/06/2023,2453.809145,2970.681817,2668.603151
08/06/2023,2461.121807,2978.346544,2672.531304
09/06/2023,2460.815023,2986.96344,2680.608235
10/06/2023,2455.233704,2989.023222,2681.953185
11/06/2023,2450.101909,2986.889391,2683.688293
12/06/2023,2454.819614,2983.851085,2683.777922
13/06/2023,2460.769066,2981.309055,2692.955808
14/06/2023,2457.834442,2986.754619,2698.527668
15/06/2023,2470.134896,2989.60536,2700.235628
16/06/2023,2473.490825,2998.504968,2707.018958
17/06/2023,2473.615907,2997.823121,2709.032063
18/06/2023,2484.55867,3001.749515,2702.95668
19/06/2023,2476.876211,3009.304936,2713.814164
20/06/2023,2477.895927,3007.61957,2707.617026
21/06/2023,2478.439826,3011.911014,2705.29043
22/06/2023,2483.508743,3009.3615,2713.930851
23/06/2023,2479.655772,3016.370427,2712.377307
24/06/2023,2486.096299,3013.531588,2713.089855
25/06/2023,2475.176012,3011.335087,2711.716027
26/06/2023,2466.625609,3000.674087,2703.634953
27/06/2023,2466.154796,2992.875623,2699.326587
28/06/2023,2466.732888,2993.4743,2698.709053
29/06/2023,2461.471439,2996.545121,2701.572302
30/06/2023,2475.001805,2994.308019,2703.191404
01/07/2023,2481.590382,2999.055456,2715.506612
02/07/2023,2501.204704,3003.231822,2721.398768
03/07/2023,2516.170303,3010.798541,2736.000828
04/07/2023,2514.797223,3017.026997,2745.365984
05/07/2023,2511.240802,3017.072195,2741.879135
06/07/2023,2510.27989,3016.85624,2744.361721
07/07/2023,2522.764655,3013.238977,2747.281502
08/07/2023,2520.263625,3023.6108,2760.752917
09/07/2023,2519.089889,3021.303135,2757.73212
10/07/2023,2505.423631,3015.574934,2755.51589
11/07/2023,2498.512417,3009.768866,2744.555699
12/07/2023,2508.031454,3008.759722,2737.861266
13/07/2023,2504.699469,3018.152345,2746.271397
14/07/2023,2505.410992,3020.037478,2745.014093
15/07/2023,2510.685575,3019.859624,2750.776596
16/07/2023,2510.804777,3027.977594,2754.415001
17/07/2023,2508.250608,3032.153178,2754.562017
18/07/2023,2508.364792,3027.843894,2752.815772
19/07/2023,2513.86453,3030.83108,2748.545139
20/07/2023,2502.682859,3036.318692,2754.498286
21/07/2023,2495.894845,3029.853877,2750.148825
22/07/2023,2506.7201,3027.869776,2744.348527
23/07/2023,2519.172812,3042.242719,2756.492485
24/07/2023,2521.632824,3047.651889,2773.030621
25/07/2023,2528.37655,3055.241723,2773.536825
26/07/2023,2522.321145,3060.73596,2775.834809
27/07/2023,2518.891581,3058.261867,2768.464557
28/07/2023,2522.374747,3057.163423,2768.652894
29/07/2023,2521.304229,3061.779909,2773.213543
30/07/2023,2517.620783,3065.747985,2765.232767
31/07/2023,2522.924733,3067.663213,2760.430857
01/08/2023,2535.446689,3076.298519,2772.537834
02/08/2023,2539.086939,3087.280696,2782.871707
03/08/2023,2549.20649,3098.749169,2786.76927
04/08/2023,2557.116909,3105.45892,2791.720778
05/08/2023,2554.098934,3114.481552,2799.068441
06/08/2023,2551.107856,3113.372432,2798.996749
07/08/2023,2560.035169,3111.696448,2797.969593
08/08/2023,2562.294749,3119.035864,2798.17712
09/08/2023,2569.173312,3121.273676,2803.607794
10/08/2023,2585.133534,3124.393655,2806.788758
11/08/2023,2590.270348,3136.055333,2810.281542
12/08/2023,2602.618315,3132.129858,2821.296727
13/08/2023,2599.706433,3136.363364,2829.843957
14/08/2023,2602.164021,3141.391918,2834.748266
15/08/2023,2596.402901,3147.687942,2835.747044
16/08/2023,2597.743973,3150.654983,2829.499045
17/08/2023,2592.858282,3152.581075,2833.074922
18/08/2023,2594.366747,3148.600693,2827.951307
19/08/2023,2616.488792,3150.216985,2831.130766
20/08/2023,2630.579298,3166.942804,2844.227445
21/08/2023,2641.281857,3177.794808,2854.956314
22/08/2023,2635.853744,3183.772821,2862.902994
23/08/2023,2638.843785,3181.34498,2862.112206
24/08/2023,2637.047575,3184.899786,2860.935212
25/08/2023,2630.643695,3179.983774,2858.022451
26/08/2023,2619.437086,3179.544742,2855.836796
27/08/2023,2617.369085,3167.61404,2845.806788
28/08/2023,2635.033453,3167.95143,2841.469629
29/08/2023,2626.796481,3183.576737,2853.040851
30/08/2023,2636.695824,3181.335093,2850.139518
31/08/2023,2648.13389,3190.757657,2857.584101
01/09/2023,2649.289822,3198.347374,2864.640629
02/09/2023,2647.243309,3203.43463,2865.43179
03/09/2023,2656.550923,3207.546206,2860.978467
04/09/2023,2680.324883,3212.463289,2866.555431
05/09/2023,2675.81316,3227.665471,2880.757831
06/09/2023,2676.271216,3228.551126,2874.335485
07/09/2023,2684.826408,3228.395169,2878.226907
08/09/2023,2694.639782,3235.218459,2880.743837
09/09/2023,2700.376507,3242.235007,2890.190018
10/09/2023,2709.143691,3245.717276,2893.008118
11/09/2023,2725.491963,3252.802768,2899.298977
12/09/2023,2744.440107,3264.712852,2909.244399
13/09/2023,2749.437475,3284.067949,2925.569105
14/09/2023,2740.165808,3286.099512,2930.945284
15/09/2023,2749.922829,3283.420419,2925.322855
16/09/2023,2757.007811,3292.752492,2929.667134
17/09/2023,2757.281664,3296.579212,2941.766727
18/09/2023,2761.621508,3298.802481,2947.080746
19/09/2023,2790.633144,3303.849813,2952.341672
20/09/2023,2790.074539,3319.506611,2973.546285
21/09/2023,2791.072798,3323.130601,2973.613221
22/09/2023,2806.798304,3322.253329,2976.386769
23/09/2023,2821.390443,3334.517815,2985.219686
24/09/2023,2839.278746,3342.522357,2995.989398
25/09/2023,2828.924304,3351.166576,3007.154322
26/09/2023,2823.817385,3343.741606,3000.987461
27/09/2023,2825.51972,3343.467397,2998.543734
28/09/2023,2838.314464,3345.135692,2998.846315
29/09/2023,2835.528319,3350.967125,3009.948564
30/09/2023,2835.029561,3346.988588,3013.992129
01/10/2023,2820.768657,3346.296608,3007.429913
02/10/2023,2841.03765,3337.075065,2998.387942
03/10/2023,2849.223275,3353.479164,3013.896288
04/10/2023,2853.489757,3360.340707,3021.335831
05/10/2023,2861.042533,3364.451708,3026.654559
06/10/2023,2873.403365,3369.213102,3032.084567
07/10/2023,2867.822506,3376.990601,3041.657084
08/10/2023,2878.321235,3375.90877,3037.292827
09/10/2023,2886.99375,3387.487408,3046.86921
10/10/2023,2889.50537,3392.370801,3053.274995
11/10/2023,2902.583736,3392.35652,3054.843734
12/10/2023,2898.495159,3402.595225,3064.426603
13/10/2023,2899.415595,3401.943059,3062.306522
14/10/2023,2905.585211,3403.332498,3065.778511
15/10/2023,2920.798098,3411.897125,3074.80111
16/10/2023,2924.845656,3423.262349,3083.451848
17/10/2023,2928.803989,3429.92773,3090.604574
18/10/2023,2943.826463,3432.731282,3089.892805
19/10/2023,2950.098402,3442.078195,3101.360748
20/10/2023,2951.476946,3448.114863,3104.961935
21/10/2023,2962.152958,3454.350226,3109.582476
22/10/2023,2984.943612,3468.438319,3115.891478
23/10/2023,2998.344225,3487.426546,3132.314577
24/10/2023,3006.125933,3495.86166,3139.26966
25/10/2023,3002.471145,3503.887119,3147.112365
26/10/2023,3015.910099,3503.11357,3147.34968
27/10/2023,3019.720201,3513.897021,3156.656564
28/10/2023,3022.238405,3518.769623,3156.149551
29/10/2023,3013.165641,3516.926613,3157.354749
30/10/2023,3020.819999,3513.713594,3154.556553
31/10/2023,3030.6463,3518.390227,3162.282599
01/11/2023,3037.521711,3526.167814,3171.544509
02/11/2023,3048.12329,3527.818567,3177.272316
03/11/2023,3056.320347,3529.889275,3185.351988
04/11/2023,3056.365422,3540.503122,3191.198906
05/11/2023,3077.782991,3547.741004,3191.572551
06/11/2023,3086.479199,3564.865862,3206.018309
07/11/2023,3070.52913,3573.702838,3219.621701
08/11/2023,3089.265441,3569.184508,3210.011913
09/11/2023,3091.032251,3587.927135,3225.144589
10/11/2023,3097.786929,3593.808599,3225.659449
11/11/2023,3090.422296,3597.482671,3234.175286
12/11/2023,3098.713541,3591.683121,3226.623063
13/11/2023,3102.695757,3598.436677,3229.582521
14/11/2023,3112.640377,3605.936111,3237.024427
15/11/2023,3120.960935,3616.995755,3245.495681
16/11/2023,3120.167968,3624.47448,3256.203955
17/11/2023,3134.927544,3624.766235,3257.352869
18/11/2023,3128.999283,3638.409334,3265.652629
19/11/2023,3130.810191,3634.577822,3264.701754
20/11/2023,3135.329607,3640.795352,3264.091641
21/11/2023,3132.662312,3650.918315,3267.146684
22/11/2023,3120.268828,3653.169628,3268.874548
23/11/2023,3118.635066,3652.235632,3266.429626
24/11/2023,3123.630022,3651.372885,3262.860272
25/11/2023,3119.061104,3656.425117,3267.649198
26/11/2023,3123.755531,3653.182993,3267.488914
27/11/2023,3117.991033,3662.771627,3266.179809
28/11/2023,3118.89476,3657.959214,3265.319034
29/11/2023,3139.350984,3659.723192,3267.173737
30/11/2023,3135.347871,3671.120106,3282.223284
01/12/2023,3143.421407,3672.035392,3284.694415
02/12/2023,3163.724043,3676.314749,3290.362742
03/12/2023,3176.166873,3690.154132,3305.782154
04/12/2023,3185.964402,3698.824701,3315.372171
05/12/2023,3203.763289,3704.301074,3326.12031
06/12/2023,3213.302251,3716.216048,3337.284866
07/12/2023,3233.245098,3725.214612,3339.901197
08/12/2023,3241.230434,3739.616381,3351.949303
09/12/2023,3244.226375,3743.880716,3359.988627
10/12/2023,3245.478628,3749.120769,3356.558981
11/12/2023,3248.087999,3749.730796,3362.374484
12/12/2023,3255.515447,3754.764919,3366.912188
13/12/2023,3254.377303,3762.016527,3378.611008
14/12/2023,3255.33594,3758.313327,3376.168735
15/12/2023,3244.144096,3762.025983,3373.903939
16/12/2023,3253.794158,3759.078344,3369.857588
17/12/2023,3257.518866,3765.698248,3377.355501
18/12/2023,3266.608847,3769.413726,3378.083521
19/12/2023,3272.077242,3775.283261,3385.727604
20/12/2023,3273.171049,3780.843407,3389.987424
21/12/2023,3279.895812,3778.896934,3389.925926
22/12/2023,3292.27476,3787.585932,3393.860388
23/12/2023,3301.982661,3795.157799,3408.361103
24/12/2023,3311.567939,3803.896648,3417.44466
25/12/2023,3319.588766,3807.530325,3421.745157
26/12/2023,3323.651966,3812.007766,3427.044712
27/12/2023,3320.4526,3820.122723,3431.396343
28/12/2023,3322.458934,3819.886596,3428.686774
29/12/2023,3327.999552,3823.972996,3432.356478
30/12/2023,3324.421617,3829.593823,3434.137786
31/12/2023,3326.160145,3828.295449,3434.058977
01/01/2024,3332.982095,3830.123211,3435.694283
02/01/2024,3326.381053,3837.720152,3437.514054
03/01/2024,3320.621348,3830.265703,3433.11561
04/01/2024,3325.066778,3833.84796,3432.610513
05/01/2024,3330.443334,3837.59121,3436.087492
06/01/2024,3331.356007,3838.754406,3440.960447
07/01/2024,3335.392293,3842.416049,3440.374156
08/01/2024,3325.155485,3840.096583,3442.720898
09/01/2024,3335.74945,3832.415545,3437.220025
10/01/2024,3331.86215,3835.598852,3442.427643
11/01/2024,3328.269534,3830.436384,3440.573665
12/01/2024,3321.78239,3830.142004,3433.96869
13/01/2024,3339.130237,3821.77656,3429.133149
14/01/2024,3338.175782,3834.926299,3442.26444
15/01/2024,3327.27841,3839.133953,3437.777454
16/01/2024,3326.507693,3833.960673,3436.811257
17/01/2024,3321.768335,3830.55069,3437.828727
18/01/2024,3326.620592,3825.624911,3436.148703
19/01/2024,3324.196707,3829.805422,3436.577771
20/01/2024,3342.403196,3829.075932,3439.076333
21/01/2024,3329.918722,3843.070335,3452.411011
22/01/2024,3312.553822,3841.099648,3443.566287
23/01/2024,3315.736306,3829.243404,3435.088797
24/01/2024,3301.022353,3832.737763,3440.345147
25/01/2024,3304.064055,3825.507169,3432.974313
26/01/2024,3316.104764,3827.480717,3431.827059
27/01/2024,3324.987072,3844.492728,3442.073545
28/01/2024,3344.044113,3852.690012,3448.044123
29/01/2024,3363.676357,3866.123082,3459.114977
30/01/2024,3361.512981,3877.948355,3467.242186
31/01/2024,3353.305013,3876.639273,3465.136738
01/02/2024,3338.825522,3873.58781,3458.11626
02/02/2024,3345.414549,3867.337758,3446.731288
03/02/2024,3356.000773,3879.234974,3449.807079
04/02/2024,3359.398501,3884.57665,3455.504693
05/02/2024,3354.996279,3888.072157,3461.45877
06/02/2024,3369.569116,3887.080934,3462.011122
07/02/2024,3368.912369,3894.999982,3471.507305
08/02/2024,3367.219874,3896.492605,3473.853377
09/02/2024,3369.258965,3889.995019,3474.142605
10/02/2024,3372.58302,3892.881828,3478.94479
11/02/2024,3373.486075,3891.543918,3482.913706
12/02/2024,3374.527864,3897.140597,3484.939525
13/02/2024,3371.885261,3899.622889,3490.03282
14/02/2024,3364.961913,3895.403905,3485.453091
15/02/2024,3362.792601,3888.751043,3480.141571
16/02/2024,3367.267046,3887.580804,3481.286567
17/02/2024,3358.264835,3884.030678,3482.198325
18/02/2024,3367.437689,3879.678719,3479.656169
19/02/2024,3371.372588,3886.181947,3490.898946
20/02/2024,3384.99513,3891.200516,3494.063552
21/02/2024,3385.726908,3899.478887,3504.025538
22/02/2024,3385.943223,3902.466522,3510.492392
23/02/2024,3415.875455,3903.81841,3511.030083
24/02/2024,3425.331161,3919.850766,3530.12898
25/02/2024,3408.450268,3927.251957,3534.333128
26/02/2024,3407.155739,3919.492632,3521.375576
27/02/2024,3391.416101,3914.956445,3524.917667
28/02/2024,3391.604482,3908.422813,3516.996616
29/02/2024,3378.373029,3908.846956,3513.238898
01/03/2024,3382.343849,3898.203528,3502.847965
02/03/2024,3383.196276,3905.915808,3503.24561
03/03/2024,3385.608572,3906.131967,3505.398161
04/03/2024,3380.73,3907.339526,3506.504107
05/03/2024,3384.611382,3907.550593,3503.630734
06/03/2024,3390.482034,3911.704528,3509.328306
07/03/2024,3395.553733,3917.301643,3514.477943
08/03/2024,3403.864467,3924.044243,3519.804473
09/03/2024,3391.8343,3929.497253,3525.784308
10/03/2024,3387.086918,3923.40104,3516.386643
11/03/2024,3394.11828,3921.719373,3511.494181
12/03/2024,3391.527086,3931.705572,3522.508648
13/03/2024,3380.812122,3931.861955,3523.34863
14/03/2024,3384.522615,3925.142219,3516.776758
15/03/2024,3395.054582,3932.178369,3517.68579
16/03/2024,3382.194747,3941.079141,3531.101985
17/03/2024,3383.233599,3930.583526,3520.805768
18/03/2024,3395.40742,3925.064585,3519.278106
19/03/2024,3394.1231,3932.036102,3527.009573
20/03/2024,3398.180433,3935.945513,3531.188726
21/03/2024,3409.055277,3938.100317,3531.923252
22/03/2024,3408.60957,3947.61193,3541.876084
23/03/2024,3404.19909,3949.942656,3541.630516
24/03/2024,3407.819618,3949.12036,3539.591261
25/03/2024,3409.259813,3953.72094,3540.702575
26/03/2024,3419.3935,3954.175668,3539.889931
27/03/2024,3429.843545,3959.816273,3546.14579
28/03/2024,3428.680522,3965.467185,3554.654868
29/03/2024,3436.290845,3967.00147,3560.243571
30/03/2024,3424.435917,3976.802977,3565.666429
31/03/2024,3432.961704,3971.931747,3556.387439
01/04/2024,3443.038915,3979.280679,3560.411123
02/04/2024,3441.604518,3986.479976,3569.225307
03/04/2024,3436.526307,3986.483286,3571.400122
04/04/2024,3436.132994,3984.89897,3565.467466
05/04/2024,3442.494379,3979.854596,3565.063308
06/04/2024,3452.903764,3985.024488,3568.164203
07/04/2024,3455.210359,3997.598932,3575.003429
08/04/2024,3443.701586,4000.249188,3580.718796
09/04/2024,3450.866877,3990.906509,3573.080998
10/04/2024,3455.193939,3999.791524,3579.653834
11/04/2024,3464.29779,3998.098168,3583.650644
12/04/2024,3464.546983,4009.013428,3595.331798
13/04/2024,3472.557302,4013.859797,3596.927095
14/04/2024,3484.128215,4016.53544,3601.128246
15/04/2024,3492.465836,4026.134043,3610.422088
16/04/2024,3478.809064,4034.093232,3620.196859
17/04/2024,3489.576694,4025.748776,3613.962868
18/04/2024,3492.953802,4031.271601,3623.664646
19/04/2024,3497.548595,4034.15319,3626.942916
20/04/2024,3508.584358,4036.665514,3632.765629
21/04/2024,3499.785544,4043.586951,3643.061882
22/04/2024,3506.355158,4036.363527,3633.528329
23/04/2024,3505.500943,4040.986357,3638.680121
24/04/2024,3498.543576,4045.570838,3638.260967
25/04/2024,3504.36195,4039.777359,3635.805022
26/04/2024,3513.149749,4043.641687,3639.337116
27/04/2024,3506.718682,4045.048107,3645.250959
28/04/2024,3520.573262,4046.347263,3638.319115
29/04/2024,3520.362759,4056.551951,3649.810405
30/04/2024,3521.345642,4059.418253,3650.301387
01/05/2024,3511.16716,4062.786266,3652.881174
02/05/2024,3527.878089,4054.111696,3649.426138
03/05/2024,3533.014494,4071.724692,3663.070502
04/05/2024,3528.994064,4071.537842,3662.976889
05/05/2024,3527.642953,4074.327344,3662.357375
06/05/2024,3532.810774,4065.861856,3657.392242
07/05/2024,3545.803603,4071.860071,3663.43746
08/05/2024,3539.363615,4083.374255,3674.755211
09/05/2024,3541.741507,4085.261655,3668.855745
10/05/2024,3537.182485,4089.30478,3674.626672
11/05/2024,3524.979164,4091.248709,3669.423986
12/05/2024,3532.949208,4083.920399,3663.292577
13/05/2024,3535.967403,4092.839751,3670.522436
14/05/2024,3529.399067,4094.311766,3669.408588
15/05/2024,3537.550697,4091.053067,3665.078303
16/05/2024,3539.655515,4096.155261,3673.204531
17/05/2024,3541.018119,4097.984873,3676.773359
18/05/2024,3543.872243,4099.341575,3678.871442
19/05/2024,3529.584621,4095.977719,3684.824876
20/05/2024,3544.811106,4088.134023,3676.99372
21/05/2024,3581.247328,4101.565326,3687.971712
22/05/2024,3586.984553,4119.435423,3709.749075
23/05/2024,3592.844907,4124.447256,3716.563561
24/05/2024,3607.930435,4130.026317,3720.251392
25/05/2024,3600.566084,4138.483016,3731.212496
26/05/2024,3605.428775,4135.84565,3722.499426
27/05/2024,3617.526692,4143.272179,3729.371077
28/05/2024,3625.722329,4151.437132,3734.267042
29/05/2024,3635.849851,4152.371581,3734.967437
30/05/2024,3653.31148,4160.569547,3744.293439
31/05/2024,3677.237616,4172.900059,3758.290835
01/06/2024,3668.088376,4194.427897,3776.946477
02/06/2024,3656.95783,4185.100789,3768.713469
03/06/2024,3659.335593,4175.900365,3761.163984
04/06/2024,3652.710377,4181.156846,3765.951571
05/06/2024,3663.649836,4175.940975,3758.874016
06/06/2024,3657.010493,4185.429379,3761.969899
07/06/2024,3658.688629,4182.800867,3756.217295
08/06/2024,3675.862073,4192.340644,3756.611231
09/06/2024,3677.184411,4206.724079,3771.057183
10/06/2024,3671.872431,4210.450752,3774.647538
11/06/2024,3682.611526,4204.409686,3770.865015
12/06/2024,3703.274347,4208.090894,3770.65731
13/06/2024,3708.061827,4221.856504,3783.337801
14/06/2024,3694.814508,4220.929953,3785.488653
15/06/2024,3702.196848,4213.527895,3777.358928
16/06/2024,3697.102353,4224.433074,3783.87342
17/06/2024,3678.946119,4217.379113,3785.869125
18/06/2024,3680.794059,4203.662799,3775.199732
19/06/2024,3676.005786,4204.790913,3782.713574
20/06/2024,3673.016949,4197.235198,3783.727783
21/06/2024,3664.67275,4199.296686,3782.528854
22/06/2024,3649.538789,4192.203127,3775.585831
23/06/2024,3648.908961,4182.086651,3766.209892
24/06/2024,3634.485757,4180.438701,3762.378171
25/06/2024,3633.007629,4178.552539,3748.829796
26/06/2024,3626.487567,4180.348674,3745.318548
27/06/2024,3646.154676,4169.477562,3740.505475
28/06/2024,3650.668095,4184.522404,3753.663613
29/06/2024,3655.65535,4190.607725,3762.169983
30/06/2024,3641.212712,4195.991152,3765.551118
01/07/2024,3647.062586,4195.766455,3756.328685
02/07/2024,3637.19969,4202.485806,3759.710723
03/07/2024,3639.032707,4201.960616,3752.084044
04/07/2024,3635.079598,4204.629,3747.483637
05/07/2024,3627.46232,4199.775788,3742.832066
06/07/2024,3627.358715,4199.031311,3736.414791
07/07/2024,3630.987186,4205.087471,3742.558369
08/07/2024,3631.817182,4213.873657,3747.273697
09/07/2024,3629.978524,4213.10387,3745.152893
10/07/2024,3635.8348,4215.08203,3742.136339
11/07/2024,3638.739614,4219.042633,3749.41803
12/07/2024,3631.438024,4221.65138,3755.252018
13/07/2024,3633.154946,4219.480789,3747.716297
14/07/2024,3643.901228,4226.495569,3751.157937
15/07/2024,3647.2528,4231.674401,3757.217895
16/07/2024,3640.597308,4233.742663,3756.594388
17/07/2024,3647.749634,4226.416908,3749.730489
18/07/2024,3641.261513,4230.516506,3756.138754
19/07/2024,3652.417473,4228.566323,3750.812055
20/07/2024,3669.163405,4239.126527,3759.13263
21/07/2024,3677.226103,4249.202678,3771.554665
22/07/2024,3693.184323,4254.211058,3773.412098
23/07/2024,3700.978855,4269.443552,3782.582819
24/07/2024,3714.507342,4278.235271,3783.66676
25/07/2024,3727.140826,4286.745519,3796.651669
26/07/2024,3737.918743,4298.750486,3807.058721
27/07/2024,3735.064121,4309.482725,3814.167361
28/07/2024,3748.137804,4308.340421,3810.724538
29/07/2024,3756.501381,4318.126663,3816.202709
30/07/2024,3747.229789,4323.512106,3819.314486
31/07/2024,3766.415099,4315.363516,3814.146785
01/08/2024,3777.015033,4328.27316,3827.724467
02/08/2024,3774.368469,4331.334583,3836.408175
03/08/2024,3780.82593,4328.005461,3838.062309
04/08/2024,3767.021352,4332.620897,3847.433629
05/08/2024,3771.197544,4320.490669,3838.50748
06/08/2024,3769.099458,4322.259048,3847.304032
07/08/2024,3761.16378,4322.688171,3843.24373
08/08/2024,3766.810989,4319.190723,3839.940348
09/08/2024,3773.492478,4323.246243,3844.64686
10/08/2024,3791.379447,4327.203085,3848.607133
11/08/2024,3812.151022,4341.96628,3864.249589
12/08/2024,3807.918717,4358.066539,3876.845952
13/08/2024,3799.407881,4353.561642,3875.26723
14/08/2024,3798.336115,4350.990953,3872.248822
15/08/2024,3811.596841,4353.111647,3870.323114
16/08/2024,3820.894588,4359.735911,3876.389671
17/08/2024,3817.97888,4366.387448,3879.018104
18/08/2024,3840.491923,4360.776152,3883.651279
19/08/2024,3843.064017,4375.772197,3898.062168
20/08/2024,3839.869146,4377.925753,3900.756986
21/08/2024,3839.192041,4379.11919,3903.442551
22/08/2024,3836.409469,4379.637095,3905.952954
23/08/2024,3824.405127,4378.076823,3904.425253
24/08/2024,3827.559385,4374.681208,3897.182137
25/08/2024,3831.329973,4375.943359,3897.71096
26/08/2024,3828.164144,4379.944116,3898.626241
27/08/2024,3818.320923,4378.535996,3895.508435
28/08/2024,3816.562225,4372.332484,3884.715864
29/08/2024,3818.65556,4373.523052,3880.732763
30/08/2024,3826.14516,4375.314381,3887.363401
31/08/2024,3831.768889,4376.041343,3895.667486
01/09/2024,3843.552651,4380.29904,3895.15299
02/09/2024,3858.525298,4389.912498,3905.877492
03/09/2024,3851.212684,4397.755347,3917.305078
04/09/2024,3863.76401,4390.702712,3907.390394
05/09/2024,3870.465324,4401.415326,3919.054155
06/09/2024,3887.383945,4406.501304,3925.226358
07/09/2024,3888.564151,4420.452049,3936.602517
08/09/2024,3905.190638,4423.764272,3939.671231
09/09/2024,3921.187849,4431.940591,3951.356144
10/09/2024,3919.914057,4443.394331,3961.432552
11/09/2024,3916.199736,4444.035848,3962.539132
12/09/2024,3931.719889,4445.217699,3959.217934
13/09/2024,3928.580593,4456.194095,3971.443069
14/09/2024,3938.356294,4454.530378,3970.394743
15/09/2024,3923.313336,4459.506848,3978.948822
16/09/2024,3923.505763,4453.201975,3967.419596
17/09/2024,3933.48673,4451.540594,3968.244514
18/09/2024,3932.125953,4457.062117,3976.097817
19/09/2024,3932.677546,4461.937142,3971.46559
20/09/2024,3949.462747,4462.600325,3975.43492
21/09/2024,3970.165885,4472.897414,3988.35226
22/09/2024,3976.234117,4482.064554,4000.569674
23/09/2024,3986.197517,4488.892183,4000.427967
24/09/2024,3982.699755,4494.299564,4007.926838
25/09/2024,3990.345071,4489.126146,4003.345865
26/09/2024,3997.111608,4491.329662,4002.411528
27/09/2024,3993.848903,4495.271175,4005.314798
28/09/2024,3998.875645,4498.267705,4003.966808
29/09/2024,4006.371841,4499.949074,4012.934116
30/09/2024,4024.289859,4504.881193,4021.366675
01/10/2024,4033.327921,4514.740958,4034.838412
02/10/2024,4033.573124,4521.56821,4042.016643
03/10/2024,4038.582147,4526.325029,4041.125521
04/10/2024,4035.446319,4532.348464,4041.486849
05/10/2024,4032.836021,4530.528022,4046.369556
06/10/2024,4041.522562,4528.617826,4050.004296
07/10/2024,4046.860536,4529.934357,4057.038624
08/10/2024,4041.719497,4539.07229,4059.751745
09/10/2024,4048.437572,4536.410586,4053.626364
10/10/2024,4053.544594,4539.595183,4055.186317
11/10/2024,4069.944834,4548.129133,4056.1692
12/10/2024,4060.975279,4564.016551,4060.615538
13/10/2024,4062.955868,4556.220175,4058.140945
14/10/2024,4081.792669,4550.100389,4062.490603
15/10/2024,4079.432642,4563.487594,4073.352173
16/10/2024,4085.45825,4561.320005,4068.069109
17/10/2024,4081.958891,4569.560589,4073.419866
18/10/2024,4080.365563,4570.902521,4074.321814
19/10/2024,4090.95883,4568.035158,4074.549566
20/10/2024,4100.32434,4579.45318,4085.806046
21/10/2024,4085.855986,4584.880462,4097.508637
22/10/2024,4084.574337,4573.633539,4087.242275
23/10/2024,4095.659139,4576.748718,4088.290645
24/10/2024,4096.754862,4583.452714,4094.480779
25/10/2024,4089.099635,4586.964175,4099.714937
26/10/2024,4086.573678,4578.077106,4093.687625
27/10/2024,4098.662016,4580.916962,4087.035342
28/10/2024,4094.232819,4586.374514,4090.070058
29/10/2024,4102.281163,4583.599536,4087.007726
30/10/2024,4096.280119,4589.154707,4091.63472
31/10/2024,4097.490574,4588.558745,4093.495426
01/11/2024,4087.018844,4591.29748,4096.861611
02/11/2024,4085.541993,4582.518361,4082.393523
03/11/2024,4089.871184,4582.583223,4088.671234
04/11/2024,4108.076878,4582.163568,4095.390184
05/11/2024,4109.779753,4595.969567,4115.293692
06/11/2024,4114.823151,4601.632683,4114.686356
07/11/2024,4108.710669,4604.87173,4120.565865
08/11/2024,4103.91867,4604.622849,4117.746695
09/11/2024,4094.622292,4599.073482,4117.871731
10/11/2024,4082.045472,4591.005128,4116.31271
11/11/2024,4083.778325,4586.218759,4112.158673
12/11/2024,4083.638857,4586.86709,4114.127455
13/11/2024,4079.345796,4586.468181,4114.521092
14/11/2024,4083.14209,4586.521756,4113.884924
15/11/2024,4086.625257,4586.46938,4114.246972
16/11/2024,4082.215991,4591.908686,4120.491177
17/11/2024,4075.09405,4589.684271,4113.429086
18/11/2024,4066.010231,4584.37413,4109.395426
19/11/2024,4082.305462,4579.094353,4100.697987
20/11/2024,4075.412815,4588.805361,4117.48237
21/11/2024,4087.337098,4584.218371,4111.790421
22/11/2024,4093.376408,4594.02558,4119.454406
23/11/2024,4093.649737,4602.618075,4126.003338
24/11/2024,4098.814127,4607.856339,4129.075614
25/11/2024,4096.131889,4610.08922,4133.508931
26/11/2024,4087.414595,4609.298335,4136.417823
27/11/2024,4062.522758,4607.102374,4132.600067
28/11/2024,4060.832417,4592.389944,4117.375105
29/11/2024,4072.854711,4591.132985,4119.662522
30/11/2024,4072.331523,4598.365425,4134.456426
01/12/2024,4069.381585,4600.571266,4133.383283
02/12/2024,4061.416952,4595.725719,4134.347413
03/12/2024,4050.159161,4588.128996,4129.051483
04/12/2024,4065.168473,4588.612689,4120.724427
05/12/2024,4045.725828,4597.33102,4138.460573
06/12/2024,4048.095947,4584.195688,4125.578457
07/12/2024,4050.12305,4593.530968,4131.351505
08/12/2024,4060.561367,4598.634108,4136.606188
09/12/2024,4061.059169,4601.722118,4143.867175
10/12/2024,4060.389964,4606.90521,4143.689247
11/12/2024,4042.873819,4605.762972,4139.852422
12/12/2024,4057.794546,4598.073751,4132.71014
13/12/2024,4054.723625,4607.642462,4145.710839
14/12/2024,4046.540202,4610.994169,4138.439961
15/12/2024,4042.565289,4603.992498,4130.613337
16/12/2024,4035.464493,4600.723826,4130.358125
17/12/2024,4056.45465,4594.371709,4128.512462
18/12/2024,4049.524148,4609.957837,4144.140945
19/12/2024,4055.650645,4605.694156,4144.70659
20/12/2024,4069.402382,4610.261007,4153.00004
21/12/2024,4088.607075,4615.444305,4165.357451
22/12/2024,4089.296434,4629.766956,4178.713642
23/12/2024,4098.673591,4630.675699,4180.37449
24/12/2024,4089.28912,4637.511147,4190.014721
25/12/2024,4092.019034,4634.194058,4186.248405
26/12/2024,4090.40397,4639.703539,4189.277473
27/12/2024,4101.606207,4643.893878,4194.021718
28/12/2024,4098.822442,4651.137134,4202.251457
29/12/2024,4104.786117,4654.039154,4202.662798
30/12/2024,4114.874481,4652.848433,4213.096501
31/12/2024,4115.588596,4662.69207,4218.669266
01/01/2025,4115.200737,4663.553078,4220.014782
02/01/2025,4132.458876,4663.112977,4223.765312
03/01/2025,4133.36763,4675.178457,4237.52783
04/01/2025,4141.87099,4679.619562,4237.109147
05/01/2025,4132.473777,4688.15728,4237.127644
06/01/2025,4139.445345,4686.974191,4235.522236
07/01/2025,4133.354802,4687.614158,4240.499122
08/01/2025,4129.27068,4682.580744,4240.345866
09/01/2025,4137.064963,4681.607644,4239.83923
10/01/2025,4126.981399,4684.28263,4245.081647
11/01/2025,4121.449146,4673.02639,4237.614599
12/01/2025,4128.561921,4670.580128,4235.388399
13/01/2025,4136.496495,4672.338992,4246.555707
14/01/2025,4140.142665,4677.424032,4254.117143
15/01/2025,4143.767435,4683.776174,4256.616639
16/01/2025,4136.361371,4682.029154,4259.404015
17/01/2025,4148.904211,4677.952282,4253.163672
18/01/2025,4148.988924,4690.524599,4258.183341
19/01/2025,4150.39293,4688.53151,4257.623671
20/01/2025,4144.124957,4689.514998,4257.98581
21/01/2025,4130.121812,4684.076662,4256.327578
22/01/2025,4144.564303,4673.259286,4248.274431
23/01/2025,4163.721145,4684.931709,4259.022423
24/01/2025,4171.856119,4700.220171,4270.991786
25/01/2025,4168.484324,4703.43762,4282.144004
26/01/2025,4169.653022,4703.932764,4281.172968
27/01/2025,4178.316943,4702.840133,4287.176567
28/01/2025,4191.758172,4706.164201,4291.12249
29/01/2025,4202.198791,4710.912866,4297.474644
30/01/2025,4199.677417,4716.905823,4306.373385
31/01/2025,4208.625966,4713.047764,4307.79509
01/02/2025,4209.85745,4717.955364,4312.167537
02/02/2025,4203.63606,4717.741716,4314.93026
03/02/2025,4205.487775,4716.622566,4305.438574
04/02/2025,4206.191288,4717.298818,4308.704526
05/02/2025,4215.137474,4724.178678,4314.073089
06/02/2025,4213.754041,4732.882203,4317.06727
07/02/2025,4222.666366,4728.629019,4313.901941
08/02/2025,4222.854577,4735.436057,4317.994537
09/02/2025,4225.05786,4732.844408,4318.058407
10/02/2025,4221.871841,4739.756463,4318.544932
11/02/2025,4220.592751,4734.971864,4314.103497
12/02/2025,4220.396451,4733.756318,4316.213642
13/02/2025,4220.375878,4735.433032,4314.008933
14/02/2025,4213.223057,4736.26591,4313.542085
15/02/2025,4221.393189,4724.857679,4311.96559
16/02/2025,4213.387064,4730.465639,4317.479511
17/02/2025,4214.250069,4723.163001,4308.280371
18/02/2025,4221.755922,4721.405803,4311.926552
19/02/2025,4223.739888,4728.516819,4313.938376
20/02/2025,4230.59228,4727.93316,4316.732239
21/02/2025,4230.024351,4732.887985,4318.68414
22/02/2025,4237.677472,4736.429474,4321.327015
23/02/2025,4244.701727,4744.991984,4327.782452
24/02/2025,4240.850444,4750.451399,4331.556678
25/02/2025,4242.619854,4743.473245,4325.674457
26/02/2025,4231.332459,4749.175449,4327.873069
27/02/2025,4245.581015,4743.408874,4322.717055
28/02/2025,4249.844549,4756.921136,4338.593005
01/03/2025,4256.18349,4761.367917,4341.347453
02/03/2025,4263.412105,4763.906095,4345.944492
03/03/2025,4263.426842,4766.089365,4346.779293
04/03/2025,4249.001719,4764.636571,4351.295554
05/03/2025,4243.22593,4754.325312,4347.269992
06/03/2025,4234.989802,4748.618764,4336.473763
07/03/2025,4233.626148,4742.491702,4329.28856
08/03/2025,4233.362501,4745.306712,4328.41277
09/03/2025,4244.2114,4743.851633,4328.522175
10/03/2025,4257.483125,4753.301783,4335.013219
11/03/2025,4255.232215,4763.642019,4341.019992
12/03/2025,4265.210442,4762.970196,4339.715887
13/03/2025,4272.190529,4769.147316,4349.35453
14/03/2025,4297.487942,4776.793584,4354.725144
15/03/2025,4295.612768,4794.57363,4369.40465
16/03/2025,4293.486323,4792.221385,4366.913402
17/03/2025,4299.643683,4786.953072,4367.670948
18/03/2025,4308.614477,4789.761675,4368.568847
19/03/2025,4288.478221,4792.844054,4378.321452
20/03/2025,4309.082311,4778.748461,4368.076014
21/03/2025,4293.517571,4795.999376,4382.790885
22/03/2025,4292.221003,4785.876842,4371.582192
23/03/2025,4291.177806,4785.430872,4374.445471
24/03/2025,4300.663236,4787.044189,4375.882109
25/03/2025,4306.401318,4790.408798,4385.107351
26/03/2025,4315.109944,4798.349126,4389.412368
27/03/2025,4338.153021,4803.223546,4397.28501
28/03/2025,4327.175245,4813.337719,4411.173428
29/03/2025,4334.622863,4807.306813,4409.547557
30/03/2025,4338.938942,4810.926798,4413.87519
31/03/2025,4328.94231,4815.293655,4416.21637
01/04/2025,4329.817974,4808.217853,4402.156332
02/04/2025,4339.52661,4812.931237,4399.96786
03/04/2025,4327.151189,4819.225809,4413.4781
04/04/2025,4339.038171,4815.119847,4408.953456
05/04/2025,4350.030486,4818.78742,4418.030034
06/04/2025,4352.090252,4823.17681,4425.538271
07/04/2025,4336.595945,4828.832219,4428.278437
08/04/2025,4329.729331,4818.664734,4414.431022
09/04/2025,4337.193757,4813.762096,4408.043972
10/04/2025,4331.669636,4821.260049,4413.041813
11/04/2025,4329.574383,4818.568076,4408.689255
12/04/2025,4329.81148,4818.822743,4405.224943
13/04/2025,4337.206261,4813.909978,4401.688768
14/04/2025,4331.908235,4823.586724,4401.672934
15/04/2025,4323.940325,4818.930143,4395.943167
16/04/2025,4313.919212,4813.451748,4395.971474
17/04/2025,4305.863932,4803.309577,4392.042088
18/04/2025,4291.86489,4795.951987,4381.242671
19/04/2025,4290.082789,4787.406946,4371.049018
20/04/2025,4286.2703,4786.958096,4366.239267
21/04/2025,4306.922868,4780.743565,4366.587335
22/04/2025,4304.860952,4790.998515,4378.541453
23/04/2025,4291.188283,4791.744185,4380.361493
24/04/2025,4294.920503,4786.796885,4372.133476
25/04/2025,4305.124105,4788.454523,4379.775396
26/04/2025,4286.915501,4797.309944,4386.114428
27/04/2025,4307.313373,4780.954556,4375.295898
28/04/2025,4308.263849,4791.260232,4384.486074
29/04/2025,4317.964022,4792.60363,4385.871885
30/04/2025,4314.151945,4799.00072,4387.339952
01/05/2025,4313.04286,4795.789505,4384.875389
02/05/2025,4312.670249,4795.966629,4380.428861
03/05/2025,4322.77051,4795.179577,4379.79385
04/05/2025,4302.976674,4806.059835,4387.73924
05/05/2025,4310.538835,4792.407056,4374.485988
06/05/2025,4306.559307,4794.705955,4380.789483
07/05/2025,4306.257881,4797.116749,4375.526328
08/05/2025,4310.137606,4802.613973,4377.706575
09/05/2025,4325.831389,4807.134086,4380.694857
10/05/2025,4329.09865,4819.316797,4387.838862
11/05/2025,4334.725713,4818.737678,4391.749758
12/05/2025,4338.478042,4820.363731,4396.837487
13/05/2025,4341.703142,4821.67728,4402.321329
14/05/2025,4360.710108,4824.591859,4404.19792
15/05/2025,4348.613058,4833.829377,4412.549356
16/05/2025,4350.401456,4829.303492,4401.644634
17/05/2025,4327.608618,4829.525364,4406.128243
18/05/2025,4320.118796,4813.176974,4390.925231
19/05/2025,4322.44173,4803.821608,4382.011752
20/05/2025,4315.334931,4801.800878,4383.568045
21/05/2025,4324.415092,4796.831272,4381.278163
22/05/2025,4326.777984,4801.115948,4388.05605
23/05/2025,4339.072685,4800.735376,4387.540935
24/05/2025,4336.059603,4808.689794,4398.204921
25/05/2025,4324.343649,4804.664803,4391.657784
26/05/2025,4345.410917,4798.607903,4380.433943
27/05/2025,4340.713618,4811.056065,4397.782372
28/05/2025,4330.448477,4804.952018,4397.207194
29/05/2025,4332.824454,4802.830259,4393.185702
30/05/2025,4338.054012,4801.818498,4392.52547
31/05/2025,4341.28394,4809.304205,4388.360507
01/06/2025,4334.859378,4810.137745,4392.3096
02/06/2025,4338.494244,4807.655673,4393.614292
03/06/2025,4351.608532,4810.469549,4402.158345
04/06/2025,4347.282499,4817.254237,4412.745304
05/06/2025,4342.444777,4815.108107,4412.080077
06/06/2025,4339.740072,4814.204003,4414.730885
07/06/2025,4328.023289,4808.977635,4414.28813
08/06/2025,4323.347602,4804.507272,4406.546659
09/06/2025,4322.064845,4800.434972,4404.083613
10/06/2025,4343.313213,4801.63422,4403.29812
11/06/2025,4353.57645,4811.892838,4418.451848
12/06/2025,4351.260425,4813.976375,4425.359467
13/06/2025,4360.409449,4811.880661,4420.458493
14/06/2025,4366.997329,4817.036611,4425.392655
15/06/2025,4361.242466,4824.398976,4427.797794
16/06/2025,4373.055283,4823.194076,4429.178919
17/06/2025,4367.059949,4827.556101,4440.402568
18/06/2025,4365.28334,4825.740897,4430.814563
19/06/2025,4394.612562,4816.115017,4426.640194
20/06/2025,4395.41255,4839.429255,4446.551899
21/06/2025,4387.216963,4837.759688,4447.314999
22/06/2025,4385.728817,4833.621708,4447.989399
23/06/2025,4382.17527,4839.004776,4444.197134
24/06/2025,4405.664658,4836.524459,4443.375532
25/06/2025,4409.604001,4856.626729,4455.881955
26/06/2025,4408.610538,4858.656354,4458.216394
27/06/2025,4418.507282,4860.359668,4457.617961
28/06/2025,4428.086927,4868.961362,4465.663912
29/06/2025,4434.299692,4877.074504,4467.195398
30/06/2025,4457.784799,4882.791952,4472.111052
01/07/2025,4459.928738,4899.523035,4485.833359
02/07/2025,4447.344007,4899.069988,4489.200007
03/07/2025,4452.981389,4891.890041,4482.316934
04/07/2025,4450.431291,4895.162464,4487.951376
05/07/2025,4455.120124,4896.008149,4490.021812
06/07/2025,4443.489757,4898.25552,4496.065148
07/07/2025,4445.549651,4886.462111,4485.919595
08/07/2025,4445.482016,4887.01016,4488.917185
09/07/2025,4448.987006,4888.329343,4488.961321
10/07/2025,4443.89312,4893.602541,4491.929466
11/07/2025,4447.464803,4888.250457,4494.471152
12/07/2025,4434.574064,4892.254833,4496.164738
13/07/2025,4429.020239,4885.592548,4489.051077
14/07/2025,4421.893718,4886.052349,4487.572321
15/07/2025,4427.417328,4885.409263,4479.519209
16/07/2025,4415.30468,4893.158979,4479.868032
17/07/2025,4416.110564,4882.524508,4471.366901
18/07/2025,4398.367665,4880.809347,4478.920858
19/07/2025,4391.597195,4870.281543,4467.900573
20/07/2025,4383.695675,4861.490473,4470.270583
21/07/2025,4385.029513,4860.63918,4464.918327
22/07/2025,4374.320828,4862.461639,4465.881254
23/07/2025,4371.114469,4858.064488,4458.230596
24/07/2025,4368.054909,4856.415798,4457.845542
25/07/2025,4364.373518,4857.847262,4463.345409
26/07/2025,4352.872879,4856.803099,4459.232154
27/07/2025,4340.909759,4846.40667,4451.260981
28/07/2025,4352.663908,4837.549729,4443.603118
29/07/2025,4346.290299,4849.24782,4452.475237
30/07/2025,4346.174126,4840.851154,4451.988371
31/07/2025,4367.780961,4837.465119,4457.26116
01/08/2025,4362.460948,4852.969703,4467.079654
02/08/2025,4371.249532,4841.722678,4464.494593
03/08/2025,4381.234233,4850.48021,4468.716667
04/08/2025,4378.927038,4856.359049,4471.569996
05/08/2025,4394.106954,4857.528533,4472.046573
06/08/2025,4393.710612,4869.440229,4480.995386
07/08/2025,4406.161441,4868.80878,4479.184
08/08/2025,4402.553235,4877.786435,4490.718569
09/08/2025,4402.305981,4880.214713,4490.497502
10/08/2025,4405.110318,4883.803331,4492.185434
11/08/2025,4405.839179,4892.108413,4497.713106
12/08/2025,4417.845068,4887.587768,4502.608708
13/08/2025,4415.037884,4899.759755,4508.366041
14/08/2025,4407.822057,4892.507519,4503.119105
15/08/2025,4403.439411,4883.361783,4493.071872
16/08/2025,4410.414412,4882.94797,4485.016567
17/08/2025,4419.384824,4888.524804,4488.366142
18/08/2025,4421.230538,4895.649182,4489.828165
19/08/2025,4392.286388,4896.838965,4490.906775
20/08/2025,4388.753894,4877.626064,4468.320358
21/08/2025,4395.002066,4880.392747,4467.761045
22/08/2025,4396.842686,4882.927035,4473.733235
23/08/2025,4402.719448,4882.796872,4474.049216
24/08/2025,4417.689665,4884.080955,4477.646538
25/08/2025,4412.263716,4892.548378,4494.28636
26/08/2025,4420.719193,4885.616937,4491.46395
27/08/2025,4438.166454,4896.375709,4499.070095
28/08/2025,4437.868683,4908.562881,4509.247545
29/08/2025,4445.867707,4913.491601,4507.786169
30/08/2025,4450.915527,4914.376004,4510.54506
31/08/2025,4459.488412,4916.644452,4519.784635
01/09/2025,4458.275375,4917.963954,4525.685457
02/09/2025,4451.262395,4918.670559,4522.027631
03/09/2025,4447.393779,4909.922041,4515.946315
04/09/2025,4452.954732,4912.067448,4511.745267
05/09/2025,4438.227421,4914.563905,4511.318603
06/09/2025,4431.191485,4908.541789,4498.386544
07/09/2025,4436.400196,4906.600575,4498.33424
08/09/2025,4427.872117,4912.359044,4497.388115
09/09/2025,4439.454004,4906.520176,4490.262788
10/09/2025,4427.156636,4916.436556,4496.957194
11/09/2025,4424.771279,4909.007757,4490.094565
12/09/2025,4429.10344,4903.608089,4486.251351
13/09/2025,4425.43513,4903.328852,4490.001149
14/09/2025,4427.350515,4899.959215,4485.257134
15/09/2025,4423.743971,4900.494951,4488.380712
16/09/2025,4417.432809,4899.885352,4483.848711
17/09/2025,4420.189136,4892.827166,4482.349225
18/09/2025,4410.391654,4893.479657,4486.407928
19/09/2025,4403.790982,4888.28988,4477.360804
20/09/2025,4394.140555,4886.086098,4473.249509
21/09/2025,4409.231034,4876.300591,4463.654619
22/09/2025,4415.229976,4883.798991,4468.895681
23/09/2025,4416.193457,4885.629371,4467.888146
24/09/2025,4399.931186,4887.248577,4465.149468
25/09/2025,4399.436968,4874.89796,4457.14773
26/09/2025,4395.265668,4872.517027,4459.571802
27/09/2025,4395.702304,4868.086413,4455.52281
28/09/2025,4380.678565,4872.23583,4456.702591
29/09/2025,4396.278146,4861.570587,4447.498497
30/09/2025,4392.824999,4870.831731,4457.671342
01/10/2025,4391.228499,4866.665366,4455.602084
02/10/2025,4395.183423,4870.514931,4454.410525
03/10/2025,4381.250675,4872.192207,4455.636018
04/10/2025,4385.301545,4866.053281,4448.192758
05/10/2025,4395.645769,4871.56681,4450.605003
06/10/2025,4381.39802,4877.403961,4459.116627
07/10/2025,4380.354036,4867.640288,4446.601036
08/10/2025,4386.975963,4869.967427,4447.832301
09/10/2025,4388.566691,4866.140038,4452.664794
10/10/2025,4380.412359,4867.66491,4453.284111
11/10/2025,4383.355333,4862.749915,4447.097122
12/10/2025,4385.728099,4862.65973,4447.901198
13/10/2025,4390.22693,4867.380349,4448.497511
14/10/2025,4379.848329,4873.466067,4457.843183
15/10/2025,4381.796661,4867.700569,4446.988629
16/10/2025,4390.320488,4872.241804,4445.146622
17/10/2025,4371.864611,4881.00944,4448.800647
18/10/2025,4383.625753,4873.491934,4435.838657
19/10/2025,4379.335553,4884.525879,4446.840563
20/10/2025,4375.035854,4882.778336,4445.203274
21/10/2025,4372.240199,4875.700346,4449.68442
22/10/2025,4381.401905,4875.270696,4448.188821
23/10/2025,4387.53421,4877.231262,4455.172099
24/10/2025,4397.784071,4876.973897,4457.713823
25/10/2025,4387.918824,4887.554755,4467.125632
26/10/2025,4396.764548,4883.212828,4461.89108
27/10/2025,4394.788531,4889.472986,4466.846616
28/10/2025,4391.672624,4889.338906,4462.114759
29/10/2025,4389.659986,4889.589028,4463.050952
30/10/2025,4405.607464,4887.318823,4462.931094
31/10/2025,4404.027474,4895.898737,4470.266682
01/11/2025,4402.158324,4892.851357,4473.105719
02/11/2025,4387.058005,4888.104055,4469.345885
03/11/2025,4398.010032,4876.547322,4461.710447
04/11/2025,4388.973897,4885.197982,4469.216405
05/11/2025,4393.754735,4878.962827,4461.158606
06/11/2025,4387.644127,4881.2209,4467.29181
07/11/2025,4388.106485,4873.303215,4465.23202
08/11/2025,4382.57535,4873.054186,4464.986338
09/11/2025,4368.658224,4867.930831,4456.779673
10/11/2025,4361.487391,4862.259614,4456.306586
11/11/2025,4351.962594,4857.473474,4451.247352
12/11/2025,4356.687496,4850.812298,4439.80422
13/11/2025,4370.49383,4859.841654,4435.422309
14/11/2025,4363.924598,4868.974224,4445.894926
15/11/2025,4360.464439,4862.452287,4445.915177
16/11/2025,4370.299033,4863.566384,4449.335558
17/11/2025,4368.757584,4865.708502,4453.601765
18/11/2025,4374.883299,4862.770284,4454.540935
19/11/2025,4364.904652,4864.464522,4457.532115
20/11/2025,4374.653255,4861.859557,4454.875952
21/11/2025,4371.463509,4872.355499,4464.475676
22/11/2025,4369.086183,4866.303827,4457.783787
23/11/2025,4364.509671,4864.399212,4454.942044
24/11/2025,4373.359181,4856.274032,4453.087565
25/11/2025,4369.511099,4862.741815,4460.614649
26/11/2025,4379.677901,4854.592068,4457.131359
27/11/2025,4388.053123,4863.800014,4466.180081
28/11/2025,4398.794617,4873.912403,4473.290677
29/11/2025,4416.589628,4882.425259,4480.958451
30/11/2025,4415.273029,4894.920438,4494.094171
01/12/2025,4410.793379,4894.754216,4494.944742
02/12/2025,4398.860021,4890.709602,4494.235508
03/12/2025,4400.749555,4886.300462,4484.922244
04/12/2025,4410.603128,4888.459357,4488.694162
05/12/2025,4404.538847,4894.410535,4495.745621
06/12/2025,4388.866872,4888.073286,4487.197981
07/12/2025,4390.640779,4877.290597,4478.067972
08/12/2025,4403.590449,4880.190368,4477.116828
09/12/2025,4409.959202,4889.160259,4478.243242
10/12/2025,4407.468694,4893.676957,4481.565587
11/12/2025,4396.934464,4892.636748,4481.579691
12/12/2025,4403.695831,4881.099202,4474.882113
13/12/2025,4394.226903,4884.245667,4477.454766
14/12/2025,4393.511707,4879.047214,4472.600665
15/12/2025,4393.280453,4880.831693,4472.055749
16/12/2025,4378.945604,4880.948602,4471.912181
17/12/2025,4384.636481,4872.075522,4459.967397
18/12/2025,4393.304474,4870.813976,4463.712166
19/12/2025,4403.025687,4880.210716,4471.290436
20/12/2025,4413.631496,4886.992234,4483.624282
21/12/2025,4422.124672,4892.576799,4485.758596
22/12/2025,4425.145788,4897.404836,4488.721941
23/12/2025,4435.546503,4898.799446,4490.185209
24/12/2025,4422.829888,4902.412263,4496.517597
25/12/2025,4431.359542,4892.043624,4494.371361
26/12/2025,4423.610631,4900.104588,4499.401739
27/12/2025,4420.343908,4895.18271,4491.917911
28/12/2025,4420.803249,4886.993694,4496.291551
29/12/2025,4421.180289,4884.248953,4496.090499
30/12/2025,4410.408396,4880.091463,4496.081828
31/12/2025,4430.1785,4869.517005,4489.138367
01/01/2026,4428.049731,4879.824756,4499.356276
02/01/2026,4427.018072,4878.254902,4501.009139
03/01/2026,4419.206595,4882.52917,4500.343777
04/01/2026,4423.67702,4877.151411,4494.738746
05/01/2026,4428.026782,4878.857713,4497.010306
06/01/2026,4429.848911,4878.18678,4501.868657
07/01/2026,4416.118484,4878.62734,4502.789251
08/01/2026,4416.361804,4869.707939,4490.423674
09/01/2026,4405.005212,4868.808706,4490.396474
10/01/2026,4404.375976,4860.223497,4481.966986
11/01/2026,4403.479023,4859.597541,4481.43176
12/01/2026,4412.893376,4859.150994,4483.081712
13/01/2026,4413.322815,4872.959866,4490.696009
14/01/2026,4417.936299,4872.506697,4491.261923
15/01/2026,4423.712402,4874.562987,4490.848599
16/01/2026,4416.751819,4874.499872,4496.249669
17/01/2026,4416.400286,4871.141374,4488.60487
18/01/2026,4418.638843,4869.761459,4489.074048
19/01/2026,4418.369233,4872.791388,4492.653521
20/01/2026,4405.709924,4871.20019,4494.772541
21/01/2026,4388.031065,4864.642652,4487.159702
22/01/2026,4406.04192,4851.929053,4473.054441
23/01/2026,4404.564148,4862.023674,4483.040762
24/01/2026,4395.852839,4857.49415,4482.162341
25/01/2026,4386.871532,4854.739186,4476.905568
26/01/2026,4372.949077,4840.818752,4472.958868
27/01/2026,4394.530421,4833.246138,4465.180174
28/01/2026,4389.527152,4845.900758,4481.475697
29/01/2026,4383.019198,4844.303813,4476.195782
30/01/2026,4377.230115,4838.115858,4465.983075
31/01/2026,4375.87378,4832.239101,4460.435611
01/02/2026,4398.749602,4828.120608,4457.977713
02/02/2026,4400.033054,4846.172182,4477.602146
03/02/2026,4392.242021,4849.652828,4474.511873
04/02/2026,4406.891304,4840.226901,4467.796663
05/02/2026,4401.448402,4850.685889,4477.735556
06/02/2026,4410.804093,4846.29101,4476.005114
07/02/2026,4402.260107,4847.684974,4481.816373
08/02/2026,4397.001496,4839.949261,4474.286382
09/02/2026,4402.2278,4834.387768,4471.221265
10/02/2026,4389.127466,4836.560393,4475.494758
11/02/2026,4400.413753,4828.875819,4473.270646
12/02/2026,4396.149157,4841.980157,4487.290549
13/02/2026,4396.663664,4847.69055,4483.082266
14/02/2026,4408.612607,4850.312531,4483.539988
15/02/2026,4412.394082,4855.306148,4497.230828
16/02/2026,4402.779543,4858.407271,4503.212462
17/02/2026,4397.696756,4846.64075,4500.800778
18/02/2026,4399.046671,4845.193124,4499.347426
19/02/2026,4383.938868,4844.121795,4498.410198
20/02/2026,4376.042416,4830.724792,4485.139087
21/02/2026,4378.738268,4822.233151,4481.384561
22/02/2026,4365.544781,4820.323353,4484.115837
23/02/2026,4375.895754,4811.54084,4477.511863
24/02/2026,4375.23331,4814.554519,4486.239394
25/02/2026,4370.072569,4811.361361,4488.37311
26/02/2026,4377.73539,4808.054587,4487.265539
27/02/2026,4368.980923,4812.765275,4494.140845
28/02/2026,4362.69195,4805.307029,4483.698964
01/03/2026,4377.566255,4801.393615,4477.202525
02/03/2026,4383.467105,4812.939545,4486.301726
03/03/2026,4381.502741,4812.4656,4491.296504
04/03/2026,4381.177356,4811.306443,4486.261489
05/03/2026,4384.782859,4808.865881,4486.034992
06/03/2026,4390.988244,4813.31088,4486.5997
07/03/2026,4391.836734,4819.373644,4494.021832
08/03/2026,4395.52206,4820.740295,4494.674623
09/03/2026,4395.295602,4822.480631,4498.94215
10/03/2026,4400.130726,4817.159795,4495.415069
11/03/2026,4408.747244,4816.771124,4504.631954
12/03/2026,4404.19338,4819.641209,4508.278787
13/03/2026,4414.126794,4817.269766,4502.840877
14/03/2026,4412.125405,4827.020642,4508.964657
15/03/2026,4413.144049,4830.813378,4502.155646
16/03/2026,4414.320364,4835.075403,4501.634507
17/03/2026,4431.489661,4832.774954,4499.578499
18/03/2026,4432.866031,4842.186913,4509.283303
19/03/2026,4432.425793,4842.205503,4510.770796
20/03/2026,4446.84624,4835.481231,4513.527252
21/03/2026,4445.743114,4841.702974,4525.809255
22/03/2026,4437.431377,4842.094828,4525.746652
23/03/2026,4461.54959,4841.349476,4521.568999
24/03/2026,4460.294709,4853.408751,4539.682669
25/03/2026,4452.626048,4854.370646,4535.476022
26/03/2026,4456.781645,4851.299006,4529.323936
27/03/2026,4451.82966,4853.532848,4534.369159
28/03/2026,4456.481668,4853.206404,4530.679016
29/03/2026,4455.389743,4858.182347,4536.783901
30/03/2026,4453.907008,4855.322259,4533.75838
31/03/2026,4428.090279,4854.362708,4531.888243
01/04/2026,4455.215311,4839.076217,4517.440144
02/04/2026,4449.923915,4856.366226,4536.389411
03/04/2026,4471.413678,4848.343161,4532.290825
04/04/2026,4455.292717,4860.131014,4548.774549
05/04/2026,4449.243815,4852.622925,4538.744803
06/04/2026,4457.034604,4848.583042,4534.248539
07/04/2026,4453.025308,4847.531661,4535.718838
08/04/2026,4438.436352,4842.635958,4536.041729
09/04/2026,4437.898754,4835.541811,4522.264687
10/04/2026,4442.207246,4833.624916,4522.48846
11/04/2026,4442.669446,4842.252477,4519.228916
12/04/2026,4446.660225,4843.503789,4518.582424
13/04/2026,4447.118403,4844.787808,4520.199738
14/04/2026,4461.334157,4846.557705,4516.066306
15/04/2026,4460.852781,4860.100287,4527.162579
16/04/2026,4475.257222,4858.052562,4528.747376
17/04/2026,4476.848752,4868.813179,4538.227819
18/04/2026,4458.086626,4867.201421,4542.141275
19/04/2026,4457.398006,4850.436399,4530.806585
20/04/2026,4471.145001,4849.943452,4535.654296
21/04/2026,4480.238093,4856.942697,4548.032655
22/04/2026,4484.455549,4860.717889,4552.630159
23/04/2026,4502.930541,4861.512747,4559.817691
24/04/2026,4507.603466,4874.017368,4569.906929
25/04/2026,4487.813995,4876.142793,4564.582095
26/04/2026,4485.2235,4864.845881,4553.609712
27/04/2026,4490.455034,4861.89661,4552.383175
28/04/2026,4487.071079,4863.945951,4554.013147
29/04/2026,4488.392092,4864.764693,4548.394265
30/04/2026,4484.326085,4867.685795,4543.950299
01/05/2026,4492.376749,4867.536374,4539.502455
02/05/2026,4474.677406,4872.374256,4544.97417
03/05/2026,4480.36358,4860.645432,4535.605384
04/05/2026,4480.377216,4867.034475,4540.958759
05/05/2026,4490.703974,4862.786092,4543.049233
06/05/2026,4501.386929,4864.412582,4542.337024
07/05/2026,4515.138968,4871.649521,4550.105609
08/05/2026,4501.374164,4880.438887,4555.202716
09/05/2026,4493.512243,4874.216449,4542.215718
10/05/2026,4479.850781,4870.143303,4537.767251
11/05/2026,4483.736318,4859.06419,4527.611392
12/05/2026,4489.919053,4864.581906,4533.244563
13/05/2026,4486.040563,4869.973515,4537.918929
14/05/2026,4488.427526,4864.871806,4533.960827
15/05/2026,4481.754369,4867.890215,4533.511805
16/05/2026,4474.49763,4866.574072,4527.655859
17/05/2026,4467.305346,4859.888476,4523.693521
18/05/2026,4467.230204,4857.382134,4514.1542
19/05/2026,4482.328484,4854.960812,4512.815055
20/05/2026,4479.465142,4863.153456,4522.155728
21/05/2026,4467.321688,4863.759431,4520.901604
22/05/2026,4487.766895,4857.120641,4512.347262
23/05/2026,4501.639951,4873.957295,4523.447152
24/05/2026,4500.552071,4885.030282,4535.297622
25/05/2026,4506.004536,4883.276293,4537.270397
26/05/2026,4515.519349,4886.246381,4542.358459
27/05/2026,4512.65341,4890.840243,4553.165907
28/05/2026,4521.261932,4893.77282,4550.453552
29/05/2026,4497.238987,4898.860867,4552.10059
30/05/2026,4501.785032,4878.773479,4529.031481
31/05/2026,4503.765494,4878.447006,4534.577282
