,East Metal Co.,Sakura Steelworks,Black Forest Steel Co.
2026-06-01,720.9967878004982,830.4732764535459,833.7249177155655
2026-06-02,720.7771353216324,830.6800180048799,833.5005271011569
2026-06-03,721.2167407166788,830.5925452629488,833.2148681200454
2026-06-04,721.315907598877,830.8983529298894,833.4664795569139
2026-06-05,721.3921401142056,830.9944658819447,833.1861219758641
2026-06-06,721.4728933984054,831.0722447292698,833.5054274566523
2026-06-07,721.6267427592579,831.1695350554038,834.729398495812
2026-06-08,721.7251242417567,831.2228517844287,833.9469879628108
2026-06-09,721.451504129585,831.3186455789029,834.7409576929412
2026-06-10,721.4463349908243,831.162192930523,834.6307680271893
2026-06-11,721.7224741149828,831.139893547258,835.2066967918735
2026-06-12,721.9509678969723,831.2538199199927,835.5572287752648
2026-06-13,722.0777918535119,831.3944438327968,836.7976864969099
2026-06-14,722.0585451557572,831.452548451102,837.2279129243881
2026-06-15,722.1899605604187,831.3669459360442,836.5389533795262
2026-06-16,722.5536587418724,831.4473011351643,835.7855593112113
2026-06-17,722.3217604818827,831.6551124527133,836.4957510767288
2026-06-18,722.3105633851005,831.4968505583774,835.9599069086854
2026-06-19,722.5111263911422,831.4696672188124,836.6564867328441
2026-06-20,722.9342447615172,831.5814355645462,838.1528363945134
2026-06-21,722.893811178345,831.787672983988,837.2029442843598
2026-06-22,722.7835785080231,831.6916049855478,837.1211617455363
2026-06-23,722.9677544721321,831.5655271503597,838.1653672965621
2026-06-24,723.1414043540371,831.6183392429461,838.5367083299476
2026-06-25,723.3584069312712,831.7046820899016,838.9431531098451
2026-06-26,723.2337152019427,831.797364862181,838.9022152345506
2026-06-27,723.2568233003167,831.6734190489633,839.4577153215614
2026-06-28,723.332570567241,831.6016297633104,840.55896581848
2026-06-29,723.5081454588028,831.5685479180507,840.7508734931189
2026-06-30,723.7755401822766,831.5790030608307,840.5506558042797
2026-07-01,723.8467787099034,831.6653848255193,841.2696350485234
2026-07-02,723.4647571808426,831.6454708270775,840.8434320773063
2026-07-03,723.7444464470474,831.334092845907,840.2973937130317
2026-07-04,723.686132242465,831.4187545808392,840.909480871348
2026-07-05,723.6073007600723,831.2964892370159,840.5309258681681
2026-07-06,723.5353891130939,831.1586650927035,838.6916749398762
2026-07-07,723.5389545214118,831.0431347458143,839.2179194683596
2026-07-08,723.4894148808071,830.886419488153,838.1392456231188
2026-07-09,723.0702182684424,830.7749757104758,838.8957095660626
2026-07-10,722.9217989925164,830.4140850003121,838.9326351771135
2026-07-11,723.0569960331744,830.1901515362927,838.7165067268689
2026-07-12,723.1468374303078,830.1052516620182,838.7665754200441
2026-07-13,723.1372803037184,830.0498604035827,839.0813180064471
2026-07-14,722.9839053894498,829.9147635650329,839.7693097963863
2026-07-15,722.983426974547,829.6387753500195,840.3248699271053
2026-07-16,723.2174472327495,829.5315620598295,839.2220185261564
2026-07-17,722.8580684177385,829.554622971047,839.12371239373
2026-07-18,722.7215695821,829.2144290516525,838.7368619759504
2026-07-19,722.7989910928119,829.0081317999527,839.1100783418249
2026-07-20,723.1011096215232,828.9436035188936,839.953322067058
2026-07-21,722.941799246563,828.9763602174974,839.8311815216365
2026-07-22,722.7147942198484,828.7096254804212,839.5067192277384
2026-07-23,722.7842836409695,828.4156924281342,840.4110855044306
2026-07-24,722.8453141669183,828.3034578350446,840.2421804013909
2026-07-25,722.9517459475436,828.2275590156545,840.4399487851604
2026-07-26,722.7185133549757,828.1608011143286,840.0310377555991
2026-07-27,722.6350919021711,827.8802110866419,840.9966152005223
2026-07-28,722.6063023162486,827.6545690125268,842.1576749017687
2026-07-29,722.6793144500031,827.4704202796495,842.1886955642057
2026-07-30,722.8461019206579,827.3325884259518,842.8603745142325
2026-07-31,722.818670126397,827.2734565985488,843.0192412355246
2026-08-01,722.339896651018,827.1107954560878,842.4904285233512
2026-08-02,722.5247338124573,826.6594293605824,841.8639681637206
2026-08-03,722.3734488345909,826.6068541378838,842.1516516448195
2026-08-04,722.2035094268193,826.3500946730356,841.6277669654794
2026-08-05,722.0423342477849,826.0805104845558,840.4499176950599
2026-08-06,721.9584620942338,825.8359449784153,841.0646112891079
2026-08-07,721.8232924726595,825.5529098297322,839.9165895529304
2026-08-08,721.3202551071394,825.3178513952665,840.5018808736073
2026-08-09,721.0897659912961,824.836040818664,840.2949132391267
2026-08-10,721.1446458314674,824.4938714321918,840.2025713897568
2026-08-11,721.1559044367191,824.2934083379995,840.1835311267188
2026-08-12,721.0694807411747,824.1251149330169,840.6739471061381
2026-08-13,720.8409373424687,823.8797650117702,841.0737173245865
2026-08-14,720.7669704385809,823.4961603953701,840.9543000262828
2026-08-15,720.9291641655606,823.2839546368599,839.8010001140032
2026-08-16,720.4996027927606,823.2046339061711,839.8321160882521
2026-08-17,720.2945474437414,822.7646557134931,839.1995597774433
2026-08-18,720.3050206136594,822.4611577554502,839.5122661035426
2026-08-19,720.5417811614001,822.301998196636,840.4243670050679
2026-08-20,720.3186854134027,822.2426785782441,839.7910406131966
2026-08-21,720.0294499323381,821.8864076947955,839.3750964222767
2026-08-22,720.0382461929256,821.5054635614526,840.1480039930999
2026-08-23,720.0401032933491,821.308727539256,840.0049076791407
2026-08-24,720.0888638923618,821.1508212283567,840.098987676625
2026-08-25,719.7994449403187,821.0045337648304,839.6492835563439
2026-08-26,719.6613045992897,820.6468758090396,840.2697257669053
2026-08-27,719.5792463179249,820.346610865759,841.2234784826927
2026-08-28,719.600422744459,820.0902674744974,841.1343000942625
2026-08-29,719.716790366916,819.8826520589483,841.2817765074785
2026-08-30,719.6403375310551,819.7561303927603,841.4782890788812
2026-08-31,719.1139248464006,819.5284555087305,840.8086364120098
2026-09-01,719.2524877361068,819.014433897436,840.0334732269711
2026-09-02,719.0562766100621,818.9015432744623,840.2689357430023
2026-09-03,718.8427424457402,818.5867901824749,839.6235911276152
2026-09-04,718.6392872531496,818.2615155721794,838.0091508361322
2026-09-05,718.5144332648911,817.963544062933,838.412784049061
2026-09-06,718.3395635089622,817.6293683310324,837.1166060167203
2026-09-07,717.7980913177211,817.3454155287573,837.5947601327674
2026-09-08,717.5304163809406,816.8169373961192,837.3103169034295
2026-09-09,717.549343190037,816.4303076690582,836.9976412276517
2026-09-10,717.5258654291094,816.1875716671179,836.8351098021794
2026-09-11,717.4059059982633,815.9791728247137,837.0874232683622
2026-09-12,717.1450115530236,815.6958648002698,837.4322115957103
2026-09-13,717.0398624421001,815.2764291114826,837.4107510915736
2026-09-14,717.1720270460086,815.0304988468956,836.1121296412558
2026-09-15,716.7135739731718,814.9195395570332,835.9289232267266
2026-09-16,716.4807487816602,814.4499879838982,835.2305562283872
2026-09-17,716.4645584973856,814.1189609132286,835.4064488999852
2026-09-18,716.6757466070118,813.9342954620599,836.1326504140344
2026-09-19,716.4281541625251,813.8514719933336,835.5423542072041
2026-09-20,716.1154825506305,813.4736779985496,835.0066703153055
2026-09-21,716.101888169258,813.0731700709556,835.6772287012394
2026-09-22,716.0823851396397,812.8588080366034,835.3719247573684
2026-09-23,716.1108012440477,812.6851918533507,835.3563426106247
2026-09-24,715.8020386574332,812.5250889133903,834.7741727558601
2026-09-25,715.6455408681177,812.155488037272,835.3832806589509
2026-09-26,715.5460967532111,811.8451307996356,836.2736074411
2026-09-27,715.5508444921425,811.5805237250844,836.0888215038724
2026-09-28,715.6517262073639,811.3664511431319,836.3009804376063
2026-09-29,715.5607159827726,811.2352566594141,836.3440418096885
2026-09-30,715.0206602701891,811.0046710702676,835.5929297147532
2026-10-01,715.1464804396478,810.48947856669,834.7414752958109
2026-10-02,714.9384129529016,810.3771345068409,834.8649608728816
2026-10-03,714.7138949446492,810.0646230233289,834.1369211865177
2026-10-04,714.500314687838,809.7432626093295,832.5654487768657
2026-10-05,714.3661807840508,809.4508553842979,832.9258908516282
2026-10-06,714.1828627366178,809.1238714872995,831.5641156254799
2026-10-07,713.6337604598638,808.8487155010386,831.9628707168063
2026-10-08,713.3592603324245,808.3306165685332,831.5897050325361
2026-10-09,713.3721536417161,807.9559258061806,831.2466108016588
2026-10-10,713.3434209751925,807.7266658962421,831.025903986424
2026-10-11,713.2189722438671,807.5332576228603,831.2594934252668
2026-10-12,712.9543412219024,807.2664319858892,831.5162080120507
2026-10-13,712.8461954845314,806.864947840789,831.3491748431896
2026-10-14,712.9760907468154,806.6384156147737,830.0027585849352
2026-10-15,712.5160830598613,806.5482782024583,829.8012693274934
2026-10-16,712.282405532659,806.1009496998099,829.0289236031093
2026-10-17,712.2660528503534,805.7935242607982,829.1611772738207
2026-10-18,712.4777562672135,805.6338163892913,829.8655119404508
2026-10-19,712.231344711244,805.5772838579384,829.1662035097523
2026-10-20,711.9205075536036,805.227091595036,828.5878639496872
2026-10-21,711.9093892851159,804.8554736618704,829.2115474588534
2026-10-22,711.8929922283342,804.6712673878683,828.8854358532311
2026-10-23,711.9251324752483,804.5290502736312,828.8310855151611
2026-10-24,711.6207006188775,804.4015672974379,828.221727312193
2026-10-25,711.4691286738978,804.0657849131792,828.7588422547427
2026-10-26,711.3751941519803,803.7904223799433,829.6002610513649
2026-10-27,711.3860239752257,803.5619639616816,829.3818638480365
2026-10-28,711.4935491167578,803.3851717858882,829.5003028049416
2026-10-29,711.4097326190172,803.2923673184828,829.5378282665199
2026-10-30,710.8774100000987,803.1012592820019,828.7556927213698
2026-10-31,711.0114918038851,802.6266098631103,827.8739214015947
2026-11-01,710.8122037733795,802.5558524885939,827.9838139753083
2026-11-02,710.5969724317483,802.2859494360789,827.2334567557741
2026-11-03,710.3931755474243,802.0081974235212,825.5931840090619
2026-11-04,710.2693113242802,801.7603768782324,825.9213497834004
2026-11-05,710.096738974514,801.4789363334618,824.5388473592276
2026-11-06,709.5588482276571,801.2502588556194,824.9250580270916
2026-11-07,709.2960153836381,800.7795521640846,824.5457802135556
2026-11-08,709.3210217569871,800.4531460473457,824.1765106548291
2026-11-09,709.304838067816,800.273041958501,823.9432899645781
2026-11-10,709.1933644650511,800.1296395542325,824.1516941064667
2026-11-11,708.9421250657209,799.9136488115346,824.4131855634531
2026-11-12,708.847777892566,799.563807670448,824.2762481322566
2026-11-13,708.991869212472,799.3897057529889,822.9244025054501
2026-11-14,708.5464457323529,799.3527652615189,822.7087067023762
2026-11-15,708.327731320642,798.959379715362,821.9467629058082
2026-11-16,708.3267115252081,798.7066228100623,822.080311999575
2026-11-17,708.5541085659586,798.6022887118293,822.780189017225
2026-11-18,708.3237424390737,798.6018149789145,822.1133435234497
2026-11-19,708.0292936860396,798.3083464509127,821.5442342256603
2026-11-20,708.0348980697629,797.9940972284843,822.1815636274204
2026-11-21,708.0355492862296,797.8678848108275,821.861639353228
2026-11-22,708.0850549017999,797.7842670009804,821.8232620011642
2026-11-23,707.7982970843753,797.7159692145331,821.2280790436009
2026-11-24,707.6646995235965,797.439938479718,821.7996560195612
2026-11-25,707.5890315057401,797.2248747690941,822.6692120139626
2026-11-26,707.6184118267055,797.0572432012582,822.4756683160743
2026-11-27,707.744763432152,796.9417869015134,822.6452125186454
2026-11-28,707.6800414353283,796.9108084786875,822.7019760133694
2026-11-29,707.1670735229385,796.7819979452061,821.9517394203913
2026-11-30,707.3207625047963,796.3700989264306,821.1042505634717
2026-12-01,707.1413264866724,796.362526438426,821.2445186220127
2026-12-02,706.9461844508432,796.1562245004003,820.5305866052247
2026-12-03,706.7627067206951,795.9424717258626,818.9475682410766
2026-12-04,706.6593841503911,795.7590305932644,819.3212758743025
2026-12-05,706.5075686972441,795.5423318441458,817.9823718380412
2026-12-06,705.9906429302061,795.3787409118705,818.4115386946137
2026-12-07,705.7489760824071,794.9734480428945,818.0752423079423
2026-12-08,705.7953424948291,794.7127657143166,817.7593422331386
2026-12-09,705.8007060067509,794.5986782307376,817.5766446437466
2026-12-10,705.7109599784384,794.5215682645438,817.843023274265
2026-12-11,705.4816218298866,794.3721289738945,818.1532139872123
2026-12-12,705.4093429778778,794.0890816466664,818.057498235543
2026-12-13,705.5756631738577,793.9819994205426,816.7632153384831
2026-12-14,705.1526226992581,794.0122881824961,816.6109194048612
2026-12-15,704.956439086422,793.6863253064699,815.9051071704247
2026-12-16,704.9780916359506,793.5011685136516,816.1007060933379
2026-12-17,705.228296408731,793.4645961678874,816.8672123363757
2026-12-18,705.0208673295937,793.5320301979812,816.2548288089677
2026-12-19,704.749478955763,793.306599987871,815.7515585591168
2026-12-20,704.778261152387,793.0605043571809,816.4552437927864
2026-12-21,704.8022018036064,793.0025456994774,816.2068177202133
2026-12-22,704.8751027492575,792.98726688831,816.2382962462376
2026-12-23,704.611840515444,792.987378586617,815.71583738089
2026-12-24,704.5018332341358,792.7798132474655,816.3543242639136
2026-12-25,704.4498447174649,792.6332564463419,817.2953740975148
2026-12-26,704.5029883701073,792.5341590834245,817.1766866655171
2026-12-27,704.6531818288141,792.487250244772,817.4128460567837
2026-12-28,704.6123749796311,792.5248186796184,817.5507260546387
2026-12-29,704.1233903631536,792.464540720881,816.8786280703963
2026-12-30,704.301125723567,792.1211464948915,816.1102951818959
2026-12-31,704.145794180878,792.1820376995151,816.3331691271684
2027-01-01,703.9748098108464,792.0441452169026,815.7013587412615
2027-01-02,703.815538108969,791.8987347049183,814.1941533868461
2027-01-03,703.7364651795261,791.7835558680132,814.6500828804014
2027-01-04,703.6089383073316,791.6350268555633,813.3959476069709
2027-01-05,703.1163354655988,791.5395006907576,813.9118857748172
2027-01-06,702.8990213678536,791.202155391982,813.6640668544525
2027-01-07,702.9697659109825,791.0092913904468,813.4342545914486
2027-01-08,702.9995285650502,790.9628811270858,813.3404052944536
2027-01-09,702.9341983953616,790.9532955928419,813.6943216323962
2027-01-10,702.7292886005746,790.8712164466217,814.0972572531108
2027-01-11,702.6814464491288,790.6553536591703,814.0987525202031
2027-01-12,702.8722076164918,790.6152692330548,812.8967766600148
2027-01-13,702.4736083798507,790.7123581020085,812.8359622709651
2027-01-14,702.3018623384067,790.4529868684353,812.2259036525535
2027-01-15,702.3479449300908,790.3342026634774,812.5163232944876
2027-01-16,702.6225684229601,790.3637734421859,813.3772037391749
2027-01-17,702.439543018224,790.4971109055454,812.8652713704072
2027-01-18,702.192539618064,790.3373343903428,812.4592648718854
2027-01-19,702.2456845005319,790.1566328493791,813.2612429087761
2027-01-20,702.2939620299884,790.1637989893547,813.1102869420782
2027-01-21,702.3911705931757,790.2133661765079,813.2410318918397
2027-01-22,702.1521833291595,790.2780357455863,812.8178286591772
2027-01-23,702.0664150482983,790.1347310001256,813.5589225779867
2027-01-24,702.0386263059108,790.0521285442451,814.6018163672827
2027-01-25,702.1159273140304,790.0166704843998,814.5846481692497
2027-01-26,702.2902325803085,790.0330772900174,814.9265083354727
2027-01-27,702.2734889246087,790.1336292702146,815.1653187025472
2027-01-28,701.8085158836363,790.1359944936978,814.596188978509
2027-01-29,702.010208259355,789.8548949978608,813.9312558798231
2027-01-30,701.8787762905948,789.9777245662436,814.256966990458
2027-01-31,701.7316312323634,789.9014063405962,813.7289316192058
2027-02-01,701.5961358192085,789.817198411595,812.3286801595077
2027-02-02,701.5407734536466,789.7628430889771,812.8897179655863
2027-02-03,701.4368887772952,789.6747512991161,811.7403173516781
2027-02-04,700.967857178123,789.6392690131221,812.3607884359886
2027-02-05,700.7740408417493,789.3615673674152,812.2173753933297
2027-02-06,700.8682071938786,789.2279400805173,812.0934053993452
2027-02-07,700.9213132895087,789.2403530490944,812.1047752515352
2027-02-08,700.8792458343829,789.2891708873616,812.5648413231379
2027-02-09,700.6975157224965,789.2650690441355,813.0722618461378
2027-02-10,700.6727679719202,789.1067514457854,813.1768260920193
2027-02-11,700.8865360614434,789.1237742152722,812.080133400281
2027-02-12,700.510854124665,789.2775265705259,812.1251768439844
2027-02-13,700.361933669689,789.0743695609664,811.6195119345816
2027-02-14,700.4307480952441,789.0113449265639,812.0148593678139
2027-02-15,700.7280076814851,789.0962153919861,812.9809698744258
2027-02-16,700.5675206924277,789.284387587579,812.5719725434916
2027-02-17,700.3429561431785,789.1789759381738,812.2701951489753
2027-02-18,700.4184384742459,789.052164642219,813.1760032442616
2027-02-19,700.488950261394,789.1127418085692,813.1291630578575
2027-02-20,700.6082881511333,789.2152363610085,813.3632425890926
2027-02-21,700.3913235900824,789.332345346092,813.0432602878756
2027-02-22,700.3274697433615,789.2409879322777,813.8861036565916
2027-02-23,700.3214855676841,789.2098367405588,815.0308473998093
2027-02-24,700.420479722541,789.2253300450394,815.1154178407013
2027-02-25,700.616365208534,789.2921846323775,815.5570997354633
2027-02-26,700.6210873834043,789.4426772772953,815.8972829718347
2027-02-27,700.1774643660987,789.4944726612589,815.4283700417504
2027-02-28,700.4003895846257,789.2622895803411,814.8630878543058
2027-03-01,700.290071947107,789.4335187214334,815.2882345290019
2027-03-02,700.1639214205328,789.4050802730488,814.8587926581188
2027-03-03,700.0492994935738,789.3682295147665,813.5553759900004
2027-03-04,700.0146883644611,789.3607060860814,814.2134203968238
2027-03-05,699.931431511573,789.3189183826839,813.1605834432402
2027-03-06,699.4829032001431,789.3292099832537,813.8770701769137
2027-03-07,699.3094645330196,789.0967497687152,813.8290580820567
2027-03-08,699.4238818925655,789.0078293377021,813.7992246040055
2027-03-09,699.4971113293324,789.0644126012617,813.9042367296405
2027-03-10,699.4750385829833,789.1568623209133,814.4568055436961
2027-03-11,699.3131736192736,789.1758522243443,815.056570105835
2027-03-12,699.3081605653501,789.0600846469971,815.2531863378838
2027-03-13,699.5415320458758,789.119114249734,814.2467956905737
2027-03-14,699.1853213766028,789.3143289158353,814.3809985547896
2027-03-15,699.0557392835559,789.1520884861307,813.9641145730167
2027-03-16,699.1437584186418,789.1294336166641,814.4470470964296
2027-03-17,699.4600883499443,789.2541260714393,815.4996037029517
2027-03-18,699.318536663656,789.4815716419909,815.1768976097786
2027-03-19,699.1127717308088,789.414884034778,814.9598170543956
2027-03-20,699.2069173810889,789.3262468488941,815.9493582352284
2027-03-21,699.2959556121975,789.4244477114318,815.9849866981822
2027-03-22,699.433682524853,789.564015180574,816.3006565653156
2027-03-23,699.2349690516669,789.7176460520014,816.0610932105081
2027-03-24,699.1892278750546,789.662259356584,816.9836851242833
2027-03-25,699.2012174998493,789.6665276895698,818.2068604323508
2027-03-26,699.3180461640105,789.7168894097138,818.368598299491
2027-03-27,699.5316264764865,789.8180614972702,818.8868612908484
2027-03-28,699.5539034327745,790.00232102805,819.3016511545986
2027-03-29,699.1276948185229,790.0873330906444,818.9064024306342
2027-03-30,699.3678937569265,789.8878169928289,818.4135825080336
2027-03-31,699.2747088793208,790.0911640363166,818.9098243847346
2027-04-01,699.165549903484,790.0942951260978,818.5503289547635
2027-04-02,699.0677780959991,790.0884663584224,817.3160423778447
2027-04-03,699.0498754596872,790.1114182881854,818.0416178190214
2027-04-04,698.9831853037524,790.0995603237415,817.0549279870412
2027-04-05,698.5510817500503,790.139237152234,817.8361938840386
2027-04-06,698.3939257834123,789.9356188573853,817.8515944380489
2027-04-07,698.5244836931142,789.8749983334953,817.8840375294562
2027-04-08,698.6137114611219,789.959340878682,818.0498647394866
2027-04-09,698.6074947825899,790.0790107314764,818.6620169305816
2027-04-10,698.461343602422,790.1246831850544,819.3197263138038
2027-04-11,698.4719020501524,790.0350622273637,819.5726790943313
2027-04-12,698.7207027756585,790.119704257328,818.6215665707743
2027-04-13,698.3797791423233,790.3399989803871,818.8097303169054
2027-04-14,698.265341945813,790.2023081421733,818.4451702800617
2027-04-15,698.3683639292846,790.2036743847215,818.9790903714372
2027-04-16,698.6995547732819,790.3518615377652,820.0812567622725
2027-04-17,698.5727221972725,790.6022775368588,819.8063784977553
2027-04-18,698.3815347259872,790.558038309327,819.6358899122482
2027-04-19,698.4901163628468,790.4913297505333,820.6705227099397
2027-04-20,698.5934492989398,790.6109418578068,820.7498434624924
2027-04-21,698.7453298476439,790.7714056321001,821.1076387934514
2027-04-22,698.5606291731248,790.9454203829674,820.9087333102605
2027-04-23,698.5287602078749,790.9099077248294,821.870304190171
2027-04-24,698.5544817249577,790.9335429047434,823.1310185078183
2027-04-25,698.6849022483499,791.0027670001147,823.3288209200441
2027-04-26,698.9119346904431,791.122299775279,823.8813952029946
2027-04-27,698.9475243672446,791.3244211541542,824.3292744421205
2027-04-28,698.5344894016251,791.4267991360636,823.9654768003594
2027-04-29,698.7877232703636,791.244156000746,823.5025599871941
2027-04-30,698.7074349743926,791.4638860817198,824.0272109443126
2027-05-01,698.6110346167577,791.482913374241,823.6945348829519
2027-05-02,698.5258838646381,791.4924971219087,822.4853381821621
2027-05-03,698.5204651364446,791.5303810826817,823.2345717886734
2027-05-04,698.4661221716298,791.532977922329,822.270015812415
2027-05-05,698.0462295366277,791.5866356384039,823.0718773238548
2027-05-06,697.9011486748524,791.3965276766836,823.1063276224987
2027-05-07,698.0436463478432,791.3489503438278,823.156177850053
2027-05-08,698.1446790231919,791.4458723992826,823.3378912665713
2027-05-09,698.150132894726,791.5776615905501,823.964313488303
2027-05-10,698.0155184187566,791.6349967660999,824.6348315520834
2027-05-11,698.0374802486524,791.5565855141849,824.8991158201395
2027-05-12,698.2975515702461,791.6519878777425,823.9576387784433
2027-05-13,697.9677662946959,791.8825972486392,824.1538406694971
2027-05-14,697.8643357769654,791.7547791000597,823.7958445777388
2027-05-15,697.978233330736,791.7655798414398,824.3347351241931
2027-05-16,698.3201692180121,791.9227671084918,825.4402937971862
2027-05-17,698.20395175037,792.1817526800659,825.1673877144111
2027-05-18,698.0232500550134,792.1456563628484,824.9972375386458
2027-05-19,698.1421887479188,792.0866679663864,826.0306795298536
2027-05-20,698.2557506425358,792.2135814357813,826.1072421947724
2027-05-21,698.4177326841341,792.3809317521223,826.4607799122717
2027-05-22,698.2430066780319,792.561422236249,826.2560811287598
2027-05-23,698.2209862068667,792.5319785438118,827.2104091418414
2027-05-24,698.2564307025751,792.5612799918453,828.462341310655
2027-05-25,698.3964493564748,792.6357717552943,828.6498403190543
2027-05-26,698.6329557565076,792.7601777224198,829.1907042774574
2027-05-27,698.6778959021864,792.9667819662851,829.6252637519083
2027-05-28,698.2740886075915,793.0732566594226,829.2467063190813
2027-05-29,698.5364280481673,792.8943282776983,828.7675611368848
2027-05-30,698.4651239307234,793.1173953725404,829.2745014239425
2027-05-31,698.3775870711519,793.1393861777724,828.9226778688206
2027-06-01,698.3011798562097,793.151564195104,827.6929601740934
2027-06-02,698.3043854303816,793.1916774590435,828.420191718896
2027-06-03,698.2585482654576,793.1961429292546,827.4321985703393
2027-06-04,697.8470436662448,793.251312913449,828.2092034853409
2027-06-05,697.7102338203384,793.0623651827531,828.2173915295895
2027-06-06,697.8608862390458,793.0156003833059,828.2396230726272
2027-06-07,697.969958145093,793.1129916271133,828.3923255578657
2027-06-08,697.983336492591,793.2449110262783,828.9883943195503
2027-06-09,697.8565325030711,793.302041804885,829.6271686544625
2027-06-10,697.8861915998469,793.2230959367974,829.8583385839991
2027-06-11,698.1538477432141,793.3176378595551,828.8824763038938
2027-06-12,697.8315356231063,793.547065367624,829.0429978785302
2027-06-13,697.7354673773737,793.4177483438019,828.6479931345519
2027-06-14,697.8566171064965,793.42673761318,829.1486089297942
2027-06-15,698.2056958629942,793.5818052322086,830.2146367413062
2027-06-16,698.0965127524811,793.838367404609,829.9008982286011
2027-06-17,697.9227376995318,793.7995483651354,829.6887147440925
2027-06-18,698.0484961206395,793.7375423536728,830.678899021294
2027-06-19,698.1687716327311,793.8611477470173,830.7110123961654
2027-06-20,698.337361987333,794.0249039584066,831.0189010771326
2027-06-21,698.1691397986203,794.2015187403921,830.7673865168024
2027-06-22,698.1535194605115,794.1679221790192,831.6737175558076
2027-06-23,698.1952612184746,794.1927980195345,832.8765264401935
2027-06-24,698.3414750794385,794.2625958620545,833.013788960618
2027-06-25,698.5840754488684,794.3820440161285,833.5032790279015
2027-06-26,698.6350091455464,794.5834309713915,833.8854275874147
2027-06-27,698.2370958044063,794.6844333114112,833.4533772733794
2027-06-28,698.5052304231691,794.4997819167431,832.9196902804459
2027-06-29,698.4396235321875,794.7168797363619,833.3710674548225
2027-06-30,698.3576867720079,794.7326593937092,832.9626643093123
2027-07-01,698.2867833550007,794.7383887714113,831.6753487639074
2027-07-02,698.2953972520729,794.7718202754296,832.3440297552108
2027-07-03,698.2548737620996,794.7693752266671,831.2965391212771
2027-07-04,697.8485890174895,794.8174102831232,832.0131176137522
2027-07-05,697.7169060338155,794.6211075545333,831.9599694000348
2027-07-06,697.8725931505973,794.5667720132533,831.919960402602
2027-07-07,697.9866084188715,794.6563810844094,832.0095572798635
2027-07-08,698.0048396210233,794.7803111794383,832.5416613953877
2027-07-09,697.8827988066887,794.8292498072909,833.1156565849575
2027-07-10,697.9171322269866,794.7419132115642,833.2812513128137
2027-07-11,698.189374669591,794.82787008374,832.2390051556578
2027-07-12,697.8715616512615,795.0485224557918,832.3323703994967
2027-07-13,697.7799061359983,794.9102444309581,831.869476938396
2027-07-14,697.905383049636,794.9100910370813,832.3014745585479
2027-07-15,698.2587042691331,795.0558385150656,833.2981784089618
2027-07-16,698.1536797235119,795.30290723419,832.9144558094291
2027-07-17,697.98398015961,795.2544255752836,832.6316167595625
2027-07-18,698.1137318149266,795.1825919042493,833.5505115572682
2027-07-19,698.2379191260283,795.2962087032803,833.5107172562184
2027-07-20,698.4103406626065,795.4498194698386,833.7461120745837
2027-07-21,698.2458698554228,795.6161360189864,833.4215335579522
2027-07-22,698.2339219132992,795.5720924770374,834.254265446731
2027-07-23,698.2792578948238,795.5863766067456,835.3829479149981
2027-07-24,698.4289886181627,795.6454420024684,835.4455812433654
2027-07-25,698.6750292980391,795.7540209442325,835.8599786325034
2027-07-26,698.7293275604187,795.9444058679038,836.1665616754892
2027-07-27,698.3347038452512,796.0342772785606,835.6585207605813
2027-07-28,698.6060539530155,795.8383699530871,835.0484354356784
2027-07-29,698.5435892144752,796.0440907111533,835.4230261651026
2027-07-30,698.4647220681534,796.0483760208231,834.9374771511991
2027-07-31,698.396816521878,796.0424975828424,833.5726877193329
2027-08-01,698.408357339412,796.0642115943721,834.1635719428779
2027-08-02,698.3706906098022,796.049943140186,833.0379903320022
2027-08-03,697.9671932528671,796.0860526144302,833.6762076201837
2027-08-04,697.8382290687487,795.8777258348753,833.5444516131766
2027-08-05,697.9965671786204,795.8112714534267,833.4256172618435
2027-08-06,698.1131664121825,795.8886705459087,833.4361871347841
2027-08-07,698.1339153274228,796.000303145251,833.8890915719234
2027-08-08,698.0143267464474,796.0368603523478,834.3837283493746
2027-08-09,698.051047689645,795.9370619728571,834.4698301415999
2027-08-10,698.3256137106923,796.0104802301151,833.347992942032
2027-08-11,698.0100610890196,796.218520657431,833.3616863418767
2027-08-12,697.9206035479015,796.0675608285566,832.8190560504925
2027-08-13,698.04821676899,796.0546592107333,833.1712822298333
2027-08-14,698.4036133815436,796.1875954528666,834.0882022754031
2027-08-15,698.3006040633087,796.4217933005665,833.624697127458
2027-08-16,698.1328603062144,796.36038447906,833.2621127268582
2027-08-17,698.2645090891635,796.2755706664615,834.1013161169731
2027-08-18,698.3905355863847,796.3761576247455,833.9819096202503
2027-08-19,698.5647391014378,796.5166920984922,834.1377902938199
2027-08-20,698.401993795109,796.6698891169937,833.7338207042085
2027-08-21,698.3917156023514,796.6126859876912,834.4873021798843
2027-08-22,698.4386663039436,796.6137736211581,835.5369029791422
2027-08-23,698.5899574362554,796.6596087260668,835.5206448960582
2027-08-24,698.8375049281825,796.7549266630688,835.8563567557658
2027-08-25,698.8932571157882,796.9320229147854,836.08449473723
2027-08-26,698.500035145004,797.0085809990139,835.4982613310901
2027-08-27,698.7727355181336,796.7993386711602,834.8102599842877
2027-08-28,698.7115702635701,796.991705695069,835.1072340487177
2027-08-29,698.6339525132328,796.9826214484889,834.5443869273537
2027-08-30,698.5672469640766,796.9633605072286,833.1026359412773
2027-08-31,698.579939064687,796.9716819087645,833.6169233036226
2027-09-01,698.5433755845955,796.9440135433227,832.4151282850366
2027-09-02,698.1409341197352,796.9667185755317,832.9775360519556
2027-09-03,698.0129791419615,796.7449855585742,832.7703948042605
2027-09-04,698.1722804397301,796.6651258446076,832.5766175935082
2027-09-05,698.2897975055645,796.7291231744649,832.512710039887
2027-09-06,698.3114195557881,796.8273602107672,832.8916202179175
2027-09-07,698.1926600663306,796.8505306487159,833.3127693250885
2027-09-08,698.230166706866,796.7373568528332,833.3259092205008
2027-09-09,698.5054756757951,796.7974135698266,832.1316500790532
2027-09-10,698.1906238926878,796.9921088208398,832.0734829343651
2027-09-11,698.101825716353,796.8278226318877,831.4595752868969
2027-09-12,698.2300574593512,796.8016158868752,831.7411231419042
2027-09-13,698.5860323772043,796.9212706157513,832.5879826738725
2027-09-14,698.4835617692588,797.142212909537,832.0550567252242
2027-09-15,698.3163177443636,797.067576803232,831.6237041289554
2027-09-16,698.4484278936452,796.9695662490863,832.3948120713912
2027-09-17,698.5748779988446,797.0569892475821,832.2079994004774
2027-09-18,698.7494679663091,797.1843947461947,832.2971819338454
2027-09-19,698.5870725548738,797.3244999415213,831.8272382850796
2027-09-20,698.5771082927911,797.2542442727474,832.5154884445392
2027-09-21,698.6243375493777,797.2423207466667,833.5006149155042
2027-09-22,698.7758724447706,797.2751881326894,833.4206560012665
2027-09-23,699.0236294868525,797.3575838167728,833.6934590270346
2027-09-24,699.0795575858857,797.5218052714669,833.8594909192219
2027-09-25,698.6864784572052,797.5855379691826,833.2119733970092
2027-09-26,698.9592891677166,797.3635215846931,832.4635241787684
2027-09-27,698.8982023056076,797.5431677660382,832.7009009436497
2027-09-28,698.8206315577803,797.5214177400698,832.0793225203865
2027-09-29,698.7539421713574,797.4895478966944,830.5797217762108
2027-09-30,698.7666201402734,797.4853190525735,831.0370521383952
2027-10-01,698.7300127745888,797.4451608423034,829.7792074043878
2027-10-02,698.3274982059439,797.4554381401712,830.2864862443766
2027-10-03,698.1994414370797,797.2213411744169,830.0251500044222
2027-10-04,698.3586127825153,797.1291829377682,829.7781254031677
2027-10-05,698.4759722560174,797.1809487772612,829.6619294053492
2027-10-06,698.4974095903339,797.2670229274792,829.989523126141
2027-10-07,698.3784387730029,797.278100621475,830.3603381834964
2027-10-08,698.4157079804941,797.1529057276477,830.3241381207498
2027-10-09,698.6907539131951,797.2010144627483,829.0815463567851
2027-10-10,698.3756139878591,797.383836284275,828.9760639191928
2027-10-11,698.2865030556795,797.2077526210608,828.315867756802
2027-10-12,698.4143979168093,797.169825726446,828.5521652408935
2027-10-13,698.7700123095768,797.2778389665932,829.3548223449213
2027-10-14,698.6671580113573,797.4872197356798,828.7787500660595
2027-10-15,698.4995076042579,797.4011033389731,828.3053184985448
2027-10-16,698.6311891479025,797.2916949662758,829.0354228213744
2027-10-17,698.7571888877768,797.3678038230859,828.8086908619163
2027-10-18,698.931307189231,797.4839800295382,828.8590461075938
2027-10-19,698.768419265371,797.6129419227208,828.3513754681197
2027-10-20,698.7579420939999,797.5316300503301,829.0030057655999
2027-10-21,698.8046384892756,797.5087384958853,829.9526276232303
2027-10-22,698.9556210114795,797.5307270739344,829.8382861318365
2027-10-23,699.2028066039546,797.6023341841856,830.0778341764092
2027-10-24,699.2581446077526,797.7558582817592,830.2117468309162
2027-10-25,698.8644571643406,797.8089857906635,829.5332501866483
2027-10-26,699.1366417621134,797.5764573065087,828.7549678221732
2027-10-27,699.0749114061198,797.7456853676267,828.963662798717
2027-10-28,698.9966801955101,797.7136120608358,828.3145584385996
2027-10-29,698.9293137850577,797.6715146059045,826.7885915957439
2027-10-30,698.9412985717671,797.6571546194779,827.2207209203083
2027-10-31,698.9039822642038,797.6069625064853,825.9388436719446
2027-11-01,698.5007433879663,797.6073038821272,826.4232619200039
2027-11-02,698.3719473352232,797.3633696863723,826.1402400847857
2027-11-03,698.5303648054095,797.2614735947277,825.8727072890391
2027-11-04,698.6469561927141,797.303601608301,825.7371833447966
2027-11-05,698.667611605832,797.3801385872798,826.0466310823443
2027-11-06,698.5478454037922,797.3817803620992,826.4004843932773
2027-11-07,698.5843061301189,797.2472513705659,826.3485081307749
2027-11-08,698.8585308478378,797.2861283711131,825.0913259434856
2027-11-09,698.5425573319432,797.4598213354482,824.9724398931667
2027-11-10,698.4526007874941,797.2747121793934,824.3000277074874
2027-11-11,698.5796383641537,797.2278636163159,824.5252963161406
2027-11-12,698.9343841454267,797.3270594456994,825.3181113962432
2027-11-13,698.8306502495527,797.5277274685984,824.7333838244846
2027-11-14,698.6621095952122,797.4330033709748,824.2524818894585
2027-11-15,698.7928905743341,797.3150926974066,824.9762997779883
2027-11-16,698.9179797604636,797.382804982515,824.7444634721033
2027-11-17,699.0911778427867,797.4906906501725,824.7908946614315
2027-11-18,698.9273603540449,797.6114683160879,824.2804777478724
2027-11-19,698.9159445875,797.5220787817326,824.9305371560843
2027-11-20,698.9616936686152,797.4912163598268,825.8797601449105
2027-11-21,699.1117204648473,797.5053410698188,825.766188502169
2027-11-22,699.3579422226088,797.5691914922908,826.007671831733
2027-11-23,699.4123085819397,797.7150662394871,826.1446804549427
2027-11-24,699.0176419792384,797.7606518690666,825.470436734103
2027-11-25,699.2888401937984,797.5206890870949,824.6975594819056
2027-11-26,699.2261165175597,797.6825905194436,824.9128067292911
2027-11-27,699.1468853325817,797.6432983178347,824.2713966668535
2027-11-28,699.0785125725898,797.5940897445854,822.7542607681194
2027-11-29,699.0894849096086,797.5727264368165,823.1963513735832
2027-11-30,699.051150323318,797.5156387981422,821.9255596807923
2027-12-01,698.6468876065504,797.5091924209404,822.4221812820051
2027-12-02,698.5170624148548,797.2585782011338,822.152473810828
2027-12-03,698.6744457072177,797.1501097492444,821.8993594318721
2027-12-04,698.7899981335788,797.18577298074,821.7793503943478
2027-12-05,698.8096100546078,797.2559526497997,822.1054019814493
2027-12-06,698.6887960775599,797.2513444607666,822.4769398941535
2027-12-07,698.724204990464,797.1106727055578,822.443720751349
2027-12-08,698.9973740971548,797.143513977206,821.2063599727409
2027-12-09,698.6803414097676,797.3112780627929,821.1083506616427
2027-12-10,698.5893223668612,797.1203466745769,820.457861276697
2027-12-11,698.7152943479846,797.0677823037094,820.7060895499319
2027-12-12,699.0689716629419,797.1613685090933,821.5228915009219
2027-12-13,698.964166652712,797.3565328331234,820.963167880936
2027-12-14,698.7945524551837,797.2564106853096,820.5082771185795
2027-12-15,698.9242576779892,797.1332073162718,821.259102831253
2027-12-16,699.0482691069003,797.195731949453,821.0552603794761
2027-12-17,699.2203876398805,797.2985346806133,821.1306604307382
2027-12-18,699.0554890150274,797.4143337807001,820.6501762655029
2027-12-19,699.0429907275652,797.3200696900593,821.3311207708199
2027-12-20,699.0876561015539,797.2844363442065,822.312169678545
2027-12-21,699.2365981997089,797.29389336959,822.2313528619904
2027-12-22,699.4817344603914,797.3531789382806,822.5065076433233
2027-12-23,699.5350147123082,797.4945912387824,822.678092285098
2027-12-24,699.1392615772704,797.5358163900677,822.0393163410896
2027-12-25,699.409373016758,797.291594644851,821.3027858782322
2027-12-26,699.3455625016998,797.4493381612691,821.5552459469955
2027-12-27,699.2652445899737,797.4059886092058,820.951901464216
2027-12-28,699.1957853879819,797.3528227553156,819.4736703994304
2027-12-29,699.2056717373122,797.3276017275113,819.9554916310382
2027-12-30,699.1662517841216,797.2667554069305,818.7252424807779
2027-12-31,698.7609044846622,797.2566488504835,819.2632045165907
2028-01-01,698.6299956548729,797.0024724059092,819.0356211636282
2028-01-02,698.7862964111288,796.8905391231045,818.8254001455107
2028-01-03,698.9007675577842,796.9228343447443,818.7490392134873
2028-01-04,698.9192996069784,796.9897422403193,819.1194788585915
2028-01-05,698.7974073145184,796.98195791786,819.5361299596993
2028-01-06,698.8317396140955,796.8382050616166,819.5487340546143
2028-01-07,699.1038339523448,796.8680596458694,818.3578912098275
2028-01-08,698.7857284813688,797.03293082813,818.3070791973727
2028-01-09,698.6936387768872,796.8391996805346,817.7044510085797
2028-01-10,698.818542352832,796.7839280438255,818.0011886287052
2028-01-11,699.1711536506398,796.8748988164732,818.8671322655434
2028-01-12,699.0652851401998,797.0675388706783,818.3571668030497
2028-01-13,698.8946100856155,796.9649829362556,817.9526344660346
2028-01-14,699.0232572180669,796.8394355748884,818.7544027200511
2028-01-15,699.1462134442338,796.8997053120987,818.6020705746289
2028-01-16,699.3172797803752,797.0003415369972,818.729532290226
2028-01-17,699.1513320802991,797.1140618054083,818.3016445727291
2028-01-18,699.1377879523827,797.0178058343339,819.0357036978402
2028-01-19,699.1814108313085,796.9802668279756,820.0703685887091
2028-01-20,699.3293138879114,796.9879036737478,820.0436522752742
2028-01-21,699.573414666196,797.0454537972147,820.3733752004165
2028-01-22,699.6256630980629,797.1852146331474,820.599978487009
2028-01-23,699.2288819060956,797.2248715398034,820.0166546766559
2028-01-24,699.4979691501504,796.9791640024428,819.3359926400623
2028-01-25,699.4331383971648,797.1355034052492,819.6447201708087
2028-01-26,699.3518042986826,797.0908306378935,819.0980248979897
2028-01-27,699.2813330524571,797.0364216807947,817.6768074547163
2028-01-28,699.2902115891378,797.0100368698422,818.2159892345462
2028-01-29,699.2497881416816,796.9481052885968,817.0434301113986
2028-01-30,698.8434417509033,796.9369911910682,817.6393941454301
2028-01-31,698.7115383150949,796.6818841170017,817.4701072149462
2028-02-01,698.8668490308005,796.569096303435,817.3184594835782
2028-02-02,698.980334780385,796.6006122755429,817.3009310676144
2028-02-03,698.9978861518657,796.6668153808994,817.7304448480814
2028-02-04,698.8750179748216,796.6583999014226,818.2063940222328
2028-02-05,698.9083792546342,796.5140886912744,818.2785024713611
2028-02-06,699.1795075075731,796.5434568908884,817.1473526426904
2028-02-07,698.8604409533457,796.7079128203854,817.1564046179866
2028-02-08,698.7673952332705,796.5138367111817,816.6137936961854
2028-02-09,698.8913479248989,796.4582895601799,816.9706842311967
2028-02-10,699.2430135313316,796.5490534191009,817.8968987834513
2028-02-11,699.1362045821916,796.741554310693,817.4473045767699
2028-02-12,698.9645943994105,796.6389261128201,817.1032262800895
2028-02-13,699.0923117701159,796.5133725329182,817.9655137620854
2028-02-14,699.214343655078,796.5737012401675,817.8737484997102
2028-02-15,699.3844911228142,796.6744607654384,818.061807235978
2028-02-16,699.2176300775826,796.788367804615,817.6945292250405
2028-02-17,699.2031781764266,796.6923612132506,818.4891933121959
2028-02-18,699.2458989009347,796.6551333327824,819.5844410812889
2028-02-19,699.3929054671108,796.6631421867343,819.6182682571205
2028-02-20,699.6361154624161,796.72112433584,820.0084780188828
2028-02-21,699.6874788605184,796.8613763492864,820.295494361934
2028-02-22,699.2898184241016,796.9015827191739,819.772492691275
2028-02-23,699.5580322514801,796.656482064215,819.152044860708
2028-02-24,699.4923339464291,796.8134849018317,819.5208617249277
2028-02-25,699.4101381957331,796.769531254896,819.0341140471158
2028-02-26,699.3388112308116,796.715896237164,817.6726856810267
2028-02-27,699.3468400144287,796.6903393181695,818.2714813730562
2028-02-28,699.3055728101261,796.6292887155942,817.1583444160121
2028-02-29,698.8983886877966,796.6191078182112,817.8135223994695
2028-03-01,698.7656535733247,796.3649853013375,817.7032248399235
2028-03-02,698.9201386893842,796.2532325385513,817.610325644195
2028-03-03,699.0328049430282,796.2858331926979,817.6512888073293
2028-03-04,699.0495429455426,796.3531697503082,818.1390211918101
2028-03-05,698.9258675483768,796.3459356336998,818.6729001231279
2028-03-06,698.9584277774057,796.202852839029,818.8026337258758
2028-03-07,699.2287611680368,796.2334956504692,817.7287888070205
2028-03-08,698.9089059577806,796.3992715337756,817.7948099730037
2028-03-09,698.8150778044445,796.2065598680384,817.3088171914014
2028-03-10,698.9382543007765,796.1524208000178,817.7219596099349
2028-03-11,699.2891499638005,796.244635533618,818.7040447441141
2028-03-12,699.1815773358106,796.4386292462337,818.3099249386735
2028-03-13,699.0092097501779,796.3375349729774,818.0209101092153
2028-03-14,699.136176004257,796.2135555812687,818.9378355594624
2028-03-15,699.2574630678532,796.2754979031386,818.9002683541787
2028-03-16,699.4268720173469,796.3779096353069,819.1420710017951
2028-03-17,699.2592787637061,796.4935066426315,818.8280686851756
2028-03-18,699.2441009695507,796.3992269528909,819.6755263644516
2028-03-19,699.2861021209316,796.3637620831207,820.823071902449
2028-03-20,699.4323954372202,796.3735692359379,820.9086874946983
2028-03-21,699.6748985081689,796.4333841547825,821.3501629852332
2028-03-22,699.7255613086792,796.5755025952767,821.6879091963905
2028-03-23,699.32720660163,796.6176082397999,821.2150885842711
2028-03-24,699.5947324845106,796.3744389012986,820.6442602324204
2028-03-25,699.5283525592682,796.5334042954936,821.06212242516
2028-03-26,699.4454815098762,796.4914436477277,820.6238335619856
2028-03-27,699.3734855639763,796.4398312785046,819.3102653390749
2028-03-28,699.3808516796065,796.4163258684861,819.9563105381359
2028-03-29,699.338928114652,796.3573548509618,818.8898007106734
2028-03-30,698.9310939324356,796.3492808348925,819.590971915409
2028-03-31,698.797715051376,796.0972917204577,819.5260223535304
2028-04-01,698.9515626858022,795.9876981108677,819.477814837895
2028-04-02,699.0635977335604,796.0224829034606,819.5628024831838
2028-04-03,699.079710795885,796.092027824212,820.0938815021365
2028-04-04,698.9554167133451,796.0870255399218,820.670418787902
2028-04-05,698.9873645001232,795.9461972963533,820.8421122665252
2028-04-06,699.2570916791389,795.9791166324939,819.8095187835472
2028-04-07,698.936636474635,796.1471902742012,819.9160732058864
2028-04-08,698.842214530388,795.9567968660357,819.4698859953985
2028-04-09,698.9648034243668,795.9049958256718,819.9220970388428
2028-04-10,699.3151176580844,795.999567633448,820.9425048248786
2028-04-11,699.2069697576076,796.1959367487851,820.5859529071116
2028-04-12,699.0340330393783,796.097235494485,820.3337426647488
2028-04-13,699.1604362831364,795.9756660313876,821.2867010985173
2028-04-14,699.2811664404013,796.0400344907437,821.2843872206516
2028-04-15,699.4500245686111,796.1448878743549,821.5606557307987
2028-04-16,699.2818865591503,796.2629413580871,821.2803242553036
2028-04-17,699.2661700544281,796.1711322867127,822.1606504439147
2028-04-18,699.3076385196725,796.1381515003062,823.3402551065344
2028-04-19,699.4534051528335,796.150455530625,823.4571136350291
2028-04-20,699.6953875216576,796.212779456406,823.9290093206146
2028-04-21,699.7455355784703,796.3574183747772,824.2963466985972
2028-04-22,699.3466720630181,796.4020553158838,823.852282181858
2028-04-23,699.6136950491145,796.1614274467472,823.3093690745618
2028-04-24,699.546818114502,796.3229438435186,823.7543001392734
2028-04-25,699.4634559184325,796.2835430983729,823.3422285106923
2028-04-26,699.3909746633233,796.2344989050899,822.05402087929
2028-04-27,699.3978612814981,796.2135693240937,822.7245652871356
2028-04-28,699.3554640046506,796.1571811749616,821.6816888019088
2028-04-29,698.9471618694471,796.1516964595055,822.4056232609789
2028-04-30,698.8133207671983,795.9023024773553,822.3625629061464
2028-05-01,698.9667118846853,795.7953092378054,822.335366851958
2028-05-02,699.0782960917794,795.8326990509441,822.4404847801766
2028-05-03,699.0939639613242,795.9048530621938,822.9908097305228
2028-05-04,698.969230305095,795.9024633645269,823.5857056892776
2028-05-05,699.0007441080892,795.7642506366323,823.7748679363162
2028-05-06,699.2700428636607,795.7997878572013,822.7588509312678
2028-05-07,698.949164766119,795.9704811985983,822.8810874221225
2028-05-08,698.8543254289498,795.7827087587145,822.4496860147854
2028-05-09,698.9765023994852,795.7335294154005,822.9157849993036
2028-05-10,699.3264101482672,795.830723116035,823.9491815314865
2028-05-11,699.2178611700671,796.0297137939601,823.6047180956666
2028-05-12,699.0445287497187,795.9336332527962,823.3636952581502
2028-05-13,699.1705416350513,795.8146831411128,824.3269394716368
2028-05-14,699.2908867453818,795.8816690848139,824.3340094585573
2028-05-15,699.4593651056642,795.9891375872891,824.6187598895494
2028-05-16,699.2908525745274,796.1098033329362,824.3460086192396
2028-05-17,699.2747667613643,796.0206031820117,825.2330137850826
2028-05-18,699.3158710981346,795.9902274970332,826.4183969393066
2028-05-19,699.4612787492789,796.005132339164,826.5401344734679
2028-05-20,699.7029072488026,796.0700523235149,827.0160109346443
2028-05-21,699.7527065150676,796.2172820905564,827.3864323636525
2028-05-22,699.3534992536443,796.2645042207464,826.9445569363745
2028-05-23,699.620183503966,796.0264554383882,826.4029399687513
2028-05-24,699.5529728092009,796.1905443838821,826.8482764853676
2028-05-25,699.4692817938412,796.1537092206156,826.4357221323827
2028-05-26,699.3964766253678,796.1072232205402,825.1461463591722
2028-05-27,699.4030442010003,796.0888440292041,825.8144402101615
2028-05-28,699.3603327171692,796.0349980582545,824.7684340015022
2028-05-29,698.9517211751267,796.0320469085093,825.4883630610935
2028-05-30,698.8175754306274,795.7851774855313,825.4404253619783
2028-05-31,698.970666634762,795.680699411463,825.4074839893688
2028-06-01,699.0819556215855,795.7205946161436,825.5059928316941
2028-06-02,699.0973329280075,795.7952438716353,826.0488493716723
2028-06-03,698.9723133297588,795.7953389044252,826.6354222705472
2028-06-04,699.0035457756903,795.6596000335744,826.8154117152538
2028-06-05,699.2725677229147,795.6975998849877,825.7893773026556
2028-06-06,698.9514173294128,795.8707442850653,825.900757143331
2028-06-07,698.8563101722622,795.6854109925371,825.457665430425
2028-06-08,698.9782237623142,795.638658552875,825.9112462649811
2028-06-09,699.3278725335645,795.7382665878397,826.9313028333039
2028-06-10,699.2190689441798,795.9396587118933,826.5726838673002
2028-06-11,699.045486242338,795.8459664164902,826.3166963981364
2028-06-12,699.171253139168,795.729391044723,827.2641735546287
2028-06-13,699.2913565172479,795.7987379236824,827.2546809464037
2028-06-14,699.4595973647621,795.9085532645813,827.5220803385052
2028-06-15,699.2908515035444,796.0315514662494,827.2311968856043
2028-06-16,699.2745365061749,795.944669109955,828.0992962269817
2028-06-17,699.3154157677874,795.9165962857778,829.2650076172542
2028-06-18,699.4606024159909,795.9337887889626,829.3663153466777
2028-06-19,699.702013947959,796.0009809751898,829.8210120545533
2028-06-20,699.7516002452278,796.1504672319548,830.169512066674
2028-06-21,699.352183976553,796.1999298931631,829.7049820301763
2028-06-22,699.6186631445712,795.9641054429533,829.1399859184758
2028-06-23,699.5512512556762,796.130402287914,829.5612275957308
2028-06-24,699.4673628976149,796.0957583639386,829.1238717264749
2028-06-25,699.3943642011559,796.0514467217647,827.8087969543565
2028-06-26,699.4007420268467,796.0352247919704,828.450903691786
2028-06-27,699.3578445344891,795.9835187774377,827.3780317917527
2028-06-28,698.9490506887568,795.9826900763853,828.0704262855539
2028-06-29,698.8147263088794,795.7379253979041,827.9942950127736
2028-06-30,698.9676425094831,795.6355341737502,827.9325110848062
2028-07-01,699.0787600882217,795.6774981494223,828.0015385731771
2028-07-02,699.0939695456727,795.7541979186454,828.5142852963581
2028-07-03,698.9687856213084,795.756325035531,829.0701304015291
2028-07-04,698.9998572277991,795.6225996526824,829.2187847074495
2028-07-05,699.2687217861594,795.6625942354217,828.1608185851511
2028-07-06,698.9474174183588,795.8377144553966,828.2396810592621
2028-07-07,698.8521596655542,795.6543379223704,827.7634973727291
2028-07-08,698.973926002772,795.6095230385883,828.183422808045
2028-07-09,699.3234308282819,795.7110492882789,829.1692718617737
2028-07-10,699.2144865646278,795.9143401540201,828.775904701287
2028-07-11,699.0407664244722,795.8225270009826,828.4846399137399
2028-07-12,699.166399083539,795.707811051529,829.396322302178
2028-07-13,699.2863713891162,795.7789975175253,829.3505292640775
2028-07-14,699.4544842942166,795.8906325004162,829.5811344627368
2028-07-15,699.2856135856241,796.0154302946718,829.2529750573278
2028-07-16,699.2691768009937,795.9303273825585,830.0833287945788
2028-07-17,699.3099373006636,795.9040137604635,831.2108371351272
2028-07-18,699.4550081775786,795.9229451351972,831.2734966706008
2028-07-19,699.6963068943834,795.9918557792139,831.6891124331956
2028-07-20,699.7457832982237,796.1430400019393,831.9981112284676
2028-07-21,699.3462600236063,796.1941800643149,831.4936722677351
2028-07-22,699.6126350390631,795.9600123825691,830.8883721680185
2028-07-23,699.5451218170305,796.1279453003821,831.2689275130726
2028-07-24,699.4611349114484,796.0949166956881,830.7905157592378
2028-07-25,699.3880404194313,796.0521995661621,829.4340284102157
2028-07-26,699.3943251680281,796.0375512941634,830.03437880245
2028-07-27,699.3513372837003,795.9873980391455,828.9194197737004
2028-07-28,698.9424556979421,795.9881011606356,829.5694093965018
2028-07-29,698.808046196967,795.7448473337156,829.4505686042938
2028-07-30,698.9608798625507,795.6439459607625,829.3457836511118
2028-07-31,699.0719174596643,795.68737876247,829.3715317957528
2028-08-01,699.0870494563733,795.7655263122791,829.840734085022
2028-08-02,698.96179055981,795.7690801484823,830.3527829312123
2028-08-03,698.9927896504798,795.6367604122755,830.4574024513973
2028-08-04,699.2615841174088,795.6781395619287,829.3551763442382
2028-08-05,698.9402120507567,795.8546232663386,829.3895669869912
2028-08-06,698.8448889600514,795.6725891367629,828.8687129965585
2028-08-07,698.9665922888727,795.6290955811311,829.2437830470291
2028-08-08,699.3160364042277,795.7319220934905,830.1846050400161
2028-08-09,699.2070336975843,795.9364921703169,829.7460525575036
2028-08-10,699.0332573507164,795.8459371947016,829.4094576073542
2028-08-11,699.1588360086489,795.7324584108952,830.275678415007
2028-08-12,699.2787564881614,795.8048610565633,830.1843057985284
2028-08-13,699.4468197119513,795.9176912628053,830.3692268359647
2028-08-14,699.2779014366804,796.0436633575456,829.9952920917311
2028-08-15,699.2614191700774,795.9597138602486,830.7797927043013
2028-08-16,699.3021362427505,795.9345328081864,831.861383508995
2028-08-17,699.4471657181127,795.9545759526864,831.8780744510528
2028-08-18,699.6884250294759,796.0245776142943,832.2476838914567
2028-08-19,699.7378639948535,796.1768321540474,832.5106519362988
2028-08-20,699.3383052198212,796.2290218879614,831.9601710649129
2028-08-21,699.6046466441825,795.9958832907466,831.3088311265534
2028-08-22,699.537101711849,796.1648247679166,831.6433618975739
2028-08-23,699.4530849484404,796.1327842625341,831.1189539835773
2028-08-24,699.3799624229558,796.0910348406429,829.7165119905824
2028-08-25,699.3862209345361,796.0773339561547,830.270962306936
2028-08-26,699.3432085819411,796.0281078432038,829.1101707680381
2028-08-27,698.9343042691712,796.0297179390712,829.7144083863795
2028-08-28,698.7998737551551,795.7873509996105,829.5499089741103
2028-08-29,698.9526880945929,795.6873165109316,829.3995715991887
2028-08-30,699.06370802559,795.7315962803685,829.3798862661608
2028-08-31,699.0788239895567,795.8105709708548,829.8037866958193
2028-09-01,698.9535506671809,795.8149322129717,830.2706778994055
2028-09-02,698.984536912736,795.6834002429468,830.3302965143818
2028-09-03,699.253320089227,795.7255476167692,829.183238677871
2028-09-04,698.9319382610058,795.902780103688,829.1729791205007
2028-09-05,698.8366069120051,795.7214754178922,828.6076687240727
2028-09-06,698.9583034604223,795.6786920727675,828.9384883357662
2028-09-07,699.307742248096,795.7822096702891,829.8352779353735
2028-09-08,699.198735641539,795.9874518172775,829.3529230849657
2028-09-09,699.0249567977843,795.8975500095331,828.9727676710968
2028-09-10,699.1505343373294,795.7847056063266,829.7956816936083
2028-09-11,699.2704550526415,795.8577239626013,829.6612676374701
2028-09-12,699.4385198423192,795.9711513289398,829.8034241371818
2028-09-13,699.2696044391406,796.0977021549019,829.3870132001097
2028-09-14,699.2531263271643,796.0143130836883,830.129337291301
2028-09-15,699.2938488135436,795.9896742783557,831.1690624532755
2028-09-16,699.4388849384505,796.0102416180126,831.1442097163267
2028-09-17,699.6801521121702,796.0807495529315,831.4726084015216
2028-09-18,699.7296001299038,796.2334925757702,831.6947094471683
2028-09-19,699.3300515746287,796.2861531360086,831.1037160344321
2028-09-20,699.5964043637639,796.0534678436135,830.412228581155
2028-09-21,699.5288719190502,796.2228452410974,830.7069872964632
2028-09-22,699.44486874415,796.1912234102147,830.143193080341
2028-09-23,699.3717608863183,796.1498755573431,828.7017606922409
2028-09-24,699.3780351231646,796.1365592783219,829.2176265304432
2028-09-25,699.3350395321302,796.0877009507573,828.0186662944344
2028-09-26,698.9261529961088,796.0896621568979,828.5851607124908
2028-09-27,698.7917412531348,795.8476297990119,828.3833531619074
2028-09-28,698.9445753372247,795.7479135110235,828.1961521228612
2028-09-29,699.055615966012,795.7924952494321,828.1400568569059
2028-09-30,699.0707535606454,795.8717558276412,828.5280101844874
2028-10-01,698.9455027817611,795.8763870279594,828.9594260569452
2028-10-02,698.9765124637903,795.7451092395517,828.9840498902429
2028-10-03,699.2453199501052,795.7874951725094,827.8024864363721
2028-10-04,698.923963285633,795.9649507513021,827.7582188751459
2028-10-05,698.82865793509,795.7838538464126,827.1594063699711
2028-10-06,698.9503812976637,795.741263128548,827.4572378802036
2028-10-07,699.2998476963904,795.8449583579877,828.321561326512
2028-10-08,699.1908694791858,796.0503633007953,827.8072700387722
2028-10-09,699.0171197846917,795.9606096129094,827.3957154966164
2028-10-10,699.1427272152187,795.8478988145891,828.1877751164935
2028-10-11,699.2626785452509,795.9210364225751,828.0230586219596
2028-10-12,699.4307746556074,796.0345688500116,828.1354717064995
2028-10-13,699.2618912614889,796.1612107097433,827.6898832553951
2028-10-14,699.2454458295786,796.0778988089363,828.4036024290746
2028-10-15,699.2862016498549,796.0533234752517,829.4153017815589
2028-10-16,699.4312717455151,796.0739407530007,829.3630086694046
2028-10-17,699.6725735100689,796.1444852582154,829.6645585534377
2028-10-18,699.7220567221406,796.2972516498304,829.860408324061
2028-10-19,699.3225439483277,796.3499225440792,829.2437669256345
2028-10-20,699.5889330898667,796.1172347181198,828.5272403492684
2028-10-21,699.5214375525112,796.2865968820544,828.7975741863675
2028-10-22,699.4374718241312,796.2549472855864,828.2099745272201
2028-10-23,699.3644019363836,796.2135593033647,826.7453611286915
2028-10-24,699.3707146514726,796.2001906997833,827.2386751927427
2028-10-25,699.3277580316259,796.1512680212496,826.0177970279635
2028-10-26,698.9189109447154,796.1531530190231,826.563011776432
2028-10-27,698.784539113943,795.9110327645556,826.3405670332489
2028-10-28,698.9374135586825,795.8112170610923,826.1333752997675
2028-10-29,699.0484949821123,795.855688034555,826.0579396615285
2028-10-30,699.0636737911132,795.934826667836,826.427206565241
2028-10-31,698.9384646322397,795.9393249127639,826.8405933903495
2028-11-01,698.9695163260263,795.8079033280218,826.847848782346
2028-11-02,699.2383662021322,795.8501347931818,825.6495805238325
2028-11-03,698.9170522919545,796.0274254021253,825.5892746260572
2028-11-04,698.8217900468615,795.8461531946435,824.9750928844483
2028-11-05,698.9435568528733,795.8033770106169,825.2582266907905
2028-11-06,699.2930670200382,795.9068767793311,826.1085261984981
2028-11-07,699.1841328834627,796.1120764356572,825.5808867704584
2028-11-08,699.0104275691566,796.0221078041109,825.1566617195632
2028-11-09,699.1360796669751,795.9091725732685,825.9367300958652
2028-11-10,699.2560759391218,795.9820764278961,825.7607030569674
2028-11-11,699.4242172543095,796.0953659488438,825.8624875310336
2028-11-12,699.2553793158052,796.2217559163112,825.4069534388815
2028-11-13,699.2389795785302,796.1381833044412,826.1114107776325
2028-11-14,699.2797813208718,796.1133386074641,827.1145327394917
2028-11-15,699.4248975546055,796.1336780358254,827.054347121105
2028-11-16,699.6662456619873,796.2039363712282,827.3486896257529
2028-11-17,699.7157754105548,796.356408437789,827.5380171891495
2028-11-18,699.3163093559849,796.4087770164062,826.9155386044255
2028-11-19,699.5827453887579,796.1757790483605,826.1938595155166
2028-11-20,699.5152969040347,796.344823407308,826.4597249713959
2028-11-21,699.4313783792552,796.3128485059129,825.868340325396
2028-11-22,699.3583558358068,796.2711278811663,824.4006244036857
2028-11-23,699.3647160257843,796.2574194591613,824.8915172846181
2028-11-24,699.3218070014647,796.2081499473378,823.66889796117
2028-11-25,698.9130076209264,796.2096812572977,824.2130500687368
2028-11-26,698.7786835977338,795.9672006201216,823.9902195056629
2028-11-27,698.9316059417789,795.867017997948,823.7833168875209
2028-11-28,699.0427353469114,795.9111156748334,823.7088432261387
2028-11-29,699.0579622108359,795.9898747910252,824.0797427077382
2028-11-30,698.9328011710825,795.9939874549059,824.4954302656912
2028-12-01,698.9639010393106,795.8621743808905,824.5056519150892
2028-12-02,699.2327991364535,795.9040086034408,823.3110126251034
2028-12-03,698.9115334853303,796.0808963704653,823.2549954118587
2028-12-04,698.8163195288768,795.8992158749004,822.6457588953659
2028-12-05,698.9381346448263,795.8560261088707,822.9344911131475
2028-12-06,699.2876931350838,795.9591071529859,823.7910386869904
2028-12-07,699.1788073267552,796.1638830925035,823.2702932723271
2028-12-08,699.005150337991,796.0734859013696,822.8536043003566
2028-12-09,699.1308507509272,795.9601174166177,823.6418467668154
2028-12-10,699.2508953201869,796.0325834704801,823.4746276040472
2028-12-11,699.4190849070401,796.1454307902669,823.5858493457237
2028-12-12,699.2502952074473,796.2713743016145,823.1403773507005
2028-12-13,699.2339436691584,796.1873511230634,823.8555168884657
2028-12-14,699.2747935635232,796.1620518921876,824.8699362597677
2028-12-15,699.4199578954122,796.181932961707,824.821658207854
2028-12-16,699.6613540403075,796.2517292545157,825.1285132225905
2028-12-17,699.7109317591035,796.403735734823,825.330952868236
2028-12-18,699.3115136009621,796.4556353225091,824.7221804104167
2028-12-19,699.5779974499767,796.2221650967114,824.0147958115722
2028-12-20,699.5105966950475,796.3907340678048,824.2955382872649
2028-12-21,699.4267258074789,796.3582807840224,823.7196072076233
2028-12-22,699.3537508026463,796.3160789167616,822.2679152679755
2028-12-23,699.3601584267558,796.3018865253479,822.7753962703945
2028-12-24,699.3172967263165,796.2521304492676,821.5699227883596
2028-12-25,698.9085445537596,796.253172730973,822.1317718968174
2028-12-26,698.7742676171212,796.0102007311879,821.9271827950088
2028-12-27,698.9272369208824,795.9095245404765,821.7390592630755
2028-12-28,699.0384131535986,795.9531265700942,821.6838953434534
2028-12-29,699.0536867077958,796.0313880862507,822.0746281213986
2028-12-30,698.9285722159393,796.0350013220449,822.5106653001726
2028-12-31,698.9597184847365,795.9026871153538,822.5417455380616
2029-01-01,699.2286628302804,795.9440186228389,821.3684663232195
2029-01-02,698.9074432706605,796.120402213337,821.334303069056
2029-01-03,698.8122752441918,795.9382161994346,820.7474066737066
2029-01-04,698.9341361240954,795.8945196916209,821.0589573362198
2029-01-05,699.2837402078706,795.9970928875773,821.9387937259053
2029-01-06,699.1748998183232,796.201359988334,821.4417994343302
2029-01-07,699.0012880694084,796.110453082304,821.049315720077
2029-01-08,699.1270335391699,795.9965741196766,821.8622093001834
2029-01-09,699.247122978241,796.0685290445227,821.720078724894
2029-01-10,699.4153572440024,796.1808646946691,821.8568180450925
2029-01-11,699.2466120286255,796.3062961049415,821.4372840388833
2029-01-12,699.2303047761693,796.221760501738,822.1787732997914
2029-01-13,699.2711987543905,796.1959486291547,823.2199453601561
2029-01-14,699.4164069646627,796.2153169450936,823.1988141051584
2029-01-15,699.6578467790663,796.2846004762872,823.5332010797437
2029-01-16,699.7074679551878,796.4360942894368,823.7635488192135
2029-01-17,699.3080930389743,796.4874814055646,823.1830514790427
2029-01-18,699.5746199113961,796.2534990035979,822.5042998331706
2029-01-19,699.5072619583208,796.4215561923468,822.814023833179
2029-01-20,699.4234336481098,796.3885916171225,822.2674135126131
2029-01-21,699.3505009932841,796.345879045042,820.8453721605056
2029-01-22,699.3569507372821,796.3311766297905,821.3828241058233
2029-01-23,699.3141309239317,796.2809113038529,820.2076323850431
2029-01-24,698.9054204030681,796.2814452013175,820.800064475135
2029-01-25,698.771184880215,796.0379657731819,820.6263499193195
2029-01-26,698.9241953574242,795.9367831989207,820.4693827866154
2029-01-27,699.0354125209037,795.9798799773367,820.4456473561769
2029-01-28,699.0507267609124,796.057637460824,820.8680709007755
2029-01-29,698.9256527077287,796.0607479673038,821.3360512649406
2029-01-30,698.9568391659512,795.9279324181133,821.3993172049436
2029-01-31,699.225823449642,795.968764052014,820.2584562666071
2029-02-01,698.9046435749358,796.1446493185829,820.2569338836604
2029-02-02,698.8095149782686,795.9619666097892,819.7028909401821
2029-02-03,698.9314150310565,795.9177751141486,820.0474975897597
2029-02-04,699.2810580290676,796.0198551060153,820.9605824278094
2029-02-05,699.1722562934486,796.2236308617398,820.4970189465444
2029-02-06,698.9986829365669,796.1322345437069,820.138138282704
2029-02-07,699.1244665349487,796.0178681747306,820.9847970119605
2029-02-08,699.2445938377792,796.0893377701636,820.8765835266365
2029-02-09,699.4128657010592,796.201190237774,821.0473817060971
2029-02-10,699.2441578156474,796.3261406809913,820.6620381462888
2029-02-11,699.227887624357,796.2411263934853,821.4378392508888
2029-02-12,699.2688183937634,796.2148381852936,822.5134343576434
2029-02-13,699.4140631241237,796.2337325789349,822.5268271553313
2029-02-14,699.6555391864655,796.3025446644373,822.8958289936147
2029-02-15,699.7051963373845,796.4535695704814,823.160872216552
2029-02-16,699.3058571218986,796.5044903787568,822.615140795322
2029-02-17,699.5724194201096,796.2700443275518,821.9712153294166
2029-02-18,699.5050966170761,796.4376405837355,822.3158156087055
2029-02-19,699.4213031804094,796.4042178493819,821.8041215206329
2029-02-20,699.3484051219376,796.3610499470799,820.417026226604
2029-02-21,699.3548891844639,796.3458950847015,820.9894439492813
2029-02-22,699.3121034112364,796.2951802476389,819.8492276429939
2029-02-23,698.9034266515655,796.2952676216147,820.4766347295403
2029-02-24,698.7692246105046,796.0513447079936,820.3378847267486
2029-02-25,698.9222682896882,795.9497217353568,820.2158617108103
2029-02-26,699.0335183749595,795.9923812503596,820.2270400033868
2029-02-27,699.048865256264,796.0697046520012,820.6843369578411
2029-02-28,698.9238235636174,796.0723843035672,821.1871405401099
2029-03-01,698.9550421014056,795.9391411705265,821.2851696713994
2029-03-02,699.2240581835267,795.9795485345453,820.1790021086853
2029-03-03,698.9029098259996,796.155012886887,820.2120935457385
2029-03-04,698.8078124651915,795.9719126599956,819.6925751782161
2029-03-05,698.9297434724969,795.9273070816581,820.0716075254455
2029-03-06,699.2794171437067,796.0289764643037,821.0190096053476
2029-03-07,699.1706458000364,796.2323451211705,820.5896453919822
2029-03-08,698.9971025539653,796.1405452503506,820.2648365658316
2029-03-09,699.1229159821754,796.0257789091934,821.145430310735
2029-03-10,699.2430728340496,796.0968521464241,821.0710056941092
2029-03-11,699.4113739658281,796.2083119020278,821.2754373398159
2029-03-12,699.24269506865,796.3328733105053,820.9235626601493
2029-03-13,699.226453585649,796.247473695459,821.7326589494071
2029-03-14,699.2674127837598,796.2208038957311,822.8413665126199
2029-03-15,699.4126856636383,796.2393204615242,822.8876800848788
2029-03-16,699.6541895967476,796.3077585094399,823.2894021435203
2029-03-17,699.7038743401567,796.4584131936298,823.5869562439418
2029-03-18,699.3045624393931,796.5089676201624,823.0735176545995
2029-03-19,699.5711517751031,796.274159050621,822.4616583604417
2029-03-20,699.5038557329257,796.4413966740964,822.8380896271833
2029-03-21,699.4200887810858,796.4076192138193,822.3579829106798
2029-03-22,699.3472169320594,796.3641005124808,821.0022230354577
2029-03-23,699.3537269293296,796.34859879701,821.6057159841214
2029-03-24,699.310966816857,796.2975410708206,820.4963065698392
2029-03-25,698.9023154446957,796.2972895366314,821.1542441741886
2029-03-26,698.7681385186733,796.0530317117874,821.0457403777234
2029-03-27,698.921207041229,795.9510778398449,820.9536714242792
2029-03-28,699.0324816990396,795.9934104814384,820.9945039100163
2029-03-29,699.0478528829133,796.0704110485611,821.4811475715504
2029-03-30,698.9228352237562,796.0727719165174,822.0129828686879
2029-03-31,698.9540775268725,795.9392140618296,822.139721328947
2029-04-01,699.2231171071048,795.9793107762636,821.0619334298459
2029-04-02,698.9019919814431,796.1544685602374,821.1230677016782
2029-04-03,698.8069175872511,795.9710658544162,820.6312482943156
2029-04-04,698.9288712969446,795.9261618938849,821.0376288006645
2029-04-05,699.2785674073606,796.0275369974576,822.0120214332231
2029-04-06,699.1698182407837,796.2306154838551,821.6092834832206
2029-04-07,698.9962969107861,796.1385295557608,821.3107300724552
2029-04-08,699.1221319951648,796.0234812742344,822.2172019517425
2029-04-09,699.2423102444398,796.0942766908411,822.1682718826097
2029-04-10,699.4106325160099,796.2054627475466,822.3978083115958
2029-04-11,699.2419745021933,796.3297545799832,822.0706426036307
2029-04-12,699.2257536473234,796.2440895120475,822.9040461369568
2029-04-13,699.2667332195542,796.2171583820482,824.0366534331666
2029-04-14,699.4120262207801,796.2354177388385,824.1064535777981
2029-04-15,699.6535500237213,796.3036026968648,824.5312435337429
2029-04-16,699.7032543867218,796.4540084073296,824.8514414782456
2029-04-17,699.3039618566019,796.5043179725681,824.3602174390405
2029-04-18,699.5705703153177,796.2692686496579,823.7701382988822
2029-04-19,699.5032931498345,796.4362696224221,824.1679103608744
2029-04-20,699.4195448297195,796.4022596080731,823.7087002588544
2029-04-21,699.3466913688065,796.358512442544,822.3733881368919
2029-04-22,699.3532195119516,796.3427863452766,822.9968754396191
2029-04-23,699.3104773045028,796.2915083114794,821.9070025855985
2029-04-24,698.9018435979157,796.2910405349596,822.5840147060044
2029-04-25,698.7676840994328,796.0465705234537,822.4941192759832
2029-04-26,698.9207698129217,795.9444085102249,822.4201885797086
2029-04-27,699.0320614264999,795.9865370449407,822.4786854001294
2029-04-28,699.0474493324288,796.0633375279635,822.9825158077615
2029-04-29,698.922448163079,796.0655023223152,823.53105674404
2029-04-30,698.9537067252311,795.9317523915942,823.6740163664136
2029-05-01,699.2227623352145,795.9716610140116,822.6119619311618
2029-05-02,698.9016530115165,796.1466346758119,822.6883388966532
2029-05-03,698.8065941930083,795.9630518028774,822.2112684905907
2029-05-04,698.9285632536228,795.9179716149127,822.6319015338622
2029-05-05,699.2782744917229,796.0191744147645,823.6200476174504
2029-05-06,699.1695402311283,796.2220845046104,823.2305615618793
2029-05-07,698.9960335869544,796.1298340700245,822.9447561693163
2029-05-08,699.1218831385494,796.0146251544035,823.8634700222389
2029-05-09,699.2420756379923,796.0852637911048,823.8262738653048
2029-05-10,699.4104119442478,796.1962969033539,824.0670342797839
2029-05-11,699.2417677512069,796.3204396075199,823.7505809170245
2029-05-12,699.2255605047822,796.2346292077248,824.5941835934187
2029-05-13,699.2665534747132,796.2075565220007,825.7364754204402
2029-05-14,699.4118596644853,796.225678078434,825.8154442251969
2029-05-15,699.6533964484148,796.2937289702243,826.2488858637514
2029-05-16,699.7031135864473,796.4440043268567,826.5772175579917
2029-05-17,699.3038336270091,796.4941872284904,826.0936085315939
2029-05-18,699.5704544536668,796.259014909578,825.5106250143377
2029-05-19,699.5031894549998,796.4258965308791,825.9149728071766
2029-05-20,699.4194531021932,796.391770786114,825.4618181923213
2029-05-21,699.3466114107023,796.3479114873059,824.1320411123954
2029-05-22,699.3531511270072,796.3320768295789,824.7605429603806
2029-05-23,699.310420298083,796.2806937834263,823.6751642525569
2029-05-24,698.9017977770147,796.2801245175522,824.3561503667157
2029-05-25,698.7676492726763,796.0355565142128,824.2697091730106
2029-05-26,698.9207457905683,795.9332999808231,824.1987134984611
2029-05-27,699.032048020443,795.9753374408455,824.2596268161088
2029-05-28,699.0474463561975,796.0520502680888,824.7653560331779
2029-05-29,698.9224554318395,796.0541307986839,825.3152790737539
2029-05-30,698.9537240557867,795.92029996901,825.4591052231665
2029-05-31,699.2227895460063,795.9601310297404,824.3974030100549
2029-06-01,698.9016899226234,796.135030439273,824.4736193088355
2029-06-02,698.806640626147,795.9513765953445,823.9958769061167
2029-06-03,698.9286190321468,795.9062286892239,824.4153283236817
2029-06-04,699.2783394406226,796.0073669950422,825.401784994492
2029-06-05,699.1696141770296,796.2102157859902,825.0101037211892
2029-06-06,698.9961163581174,796.1179072183936,824.721599427216
2029-06-07,699.1219745648673,796.0026433061488,825.6371129544641
2029-06-08,699.2421755509894,796.0732300528689,825.5962174440891
2029-06-09,699.4105201770777,796.1842143518016,825.8327820098511
2029-06-10,699.2418841386506,796.3083112891129,825.511638970454
2029-06-11,699.2256848832453,796.2224581385054,826.3500609433477
2029-06-12,699.266685682224,796.195345687385,827.4866839735696
2029-06-13,699.4119995406912,796.2134304330132,827.5594989530645
2029-06-14,699.6535438345799,796.2814474375747,827.9863049327397
2029-06-15,699.7032683254488,796.431691799359,828.3075224580361
2029-06-16,699.3039955633343,796.4818465671574,827.8163242035585
2029-06-17,699.5706234334091,796.24664894389,827.2252799760262
2029-06-18,699.503365325855,796.413508058629,827.6210992779457
2029-06-19,699.4196357134558,796.3793625732598,827.1589522162664
2029-06-20,699.3468006132609,796.3354862678316,825.8197226800747
2029-06-21,699.3533467733406,796.3196373053642,826.4383161290507
2029-06-22,699.3106222422551,796.2682426241236,825.3425772648865
2029-06-23,698.9020058746702,796.267664360472,826.01275576795
2029-06-24,698.7678633810356,796.0230899642174,825.9150639265564
2029-06-25,698.9209657684225,795.9208296102275,825.8323790998642
2029-06-26,699.0322737281491,795.9628657893263,825.8811694053966
2029-06-27,699.0476776556725,796.0395798426011,826.374346505538
2029-06-28,698.9226921865547,796.0416640733855,826.9112931885243
2029-06-29,698.9539661307629,795.9078393851934,827.041723711109
2029-06-30,699.223036807807,795.9476789957716,825.9662116788869
2029-07-01,698.9019422393495,796.1225893305389,826.028209146996
2029-07-02,698.8068978674304,795.9389487542061,825.5358441847395
2029-07-03,698.9288810691443,795.8938164249777,825.9402746967547
2029-07-04,699.2786061460091,795.9949725838886,826.9113175971772
2029-07-05,699.1698854249922,796.1978414710085,826.5038352662817
2029-07-06,698.9963920243484,796.1055552095244,826.199148299719
2029-07-07,699.1222545265575,795.9903157801825,827.0981033042594
2029-07-08,699.2424596868211,796.0609291534422,827.0402792766815
2029-07-09,699.4108083672181,796.1719421893996,827.2595512751659
2029-07-10,699.2421762647441,796.2960699410779,826.920757649669
2029-07-11,699.2259808284067,796.210249649053,827.7411771337398
2029-07-12,699.2669853310309,796.1831720676258,828.859451971358
2029-07-13,699.4123027791769,796.2012936609808,828.9135793342319
2029-07-14,699.6538505502256,796.2693494582609,829.3213646318156
2029-07-15,699.7035784071758,796.4196345247536,829.6232348448241
2029-07-16,699.3043089014967,796.4698318762959,829.1123691577926
2029-07-17,699.5709399197856,796.2346786829055,828.5013439599413
2029-07-18,699.5036848536412,796.4015840408113,828.8768754067461
2029-07-19,699.419958177256,796.3674865791194,828.3941403264793
2029-07-20,699.3471259090803,796.3236600451702,827.0340293957759
2029-07-21,699.3536747985768,796.3078625693502,827.6314549259482
2029-07-22,699.3109528956901,796.2565210573733,826.5142685322515
2029-07-23,698.9023390564618,796.2559976131366,827.1627268683832
2029-07-24,698.7681989927094,796.0114796540746,827.043049253578
2029-07-25,698.9213037128629,795.9092773227792,826.93812013332
2029-07-26,699.0326139095914,795.9513730779009,826.9644147646678
2029-07-27,699.0480199796938,796.0281482284615,827.4348520005478
2029-07-28,698.9230365600653,796.030295045841,827.9488218685326
2029-07-29,698.9543124619977,795.8965344017178,828.0560459112882
2029-07-30,699.2233850063169,795.9364394821253,826.9571050646708
2029-07-31,698.902292215992,796.111416680896,826.9954587561971
2029-08-01,698.8072495343613,795.9278443312866,826.4792424674283
2029-08-02,698.9292343398083,795.882781560183,826.8596215528966
2029-08-03,699.2789609351312,795.9840085774432,827.806420412022
2029-08-04,699.1702416485683,796.1869495921043,827.3745089435041
2029-08-05,698.9967495996366,796.094736696471,827.0452152923046
2029-08-06,699.1226133720685,795.9795718405607,827.9193936431365
2029-08-07,699.2428197223095,796.0502609642614,827.8366305970949
2029-08-08,699.4111695136729,796.1613508972605,828.0308088407937
2029-08-09,699.2425384443796,796.285556662338,827.6667743744815
2029-08-10,699.2263439646532,796.1998154699963,828.4618136015999
2029-08-11,699.2673493485255,796.1728180446368,829.5545764533656
2029-08-12,699.4126676037539,796.1910208207212,829.5830678038133
2029-08-13,699.6542161089073,796.2591587978511,829.9651007775599
2029-08-14,699.7039446281633,796.409527011957,830.2411100810706
2029-08-15,699.3046757141603,796.4598084497067,829.7042826329717
2029-08-16,699.5713072546554,796.2247402521402,829.0672025626739
2029-08-17,699.5040526423976,796.3917314867033,829.4165937697052
2029-08-18,699.4203263527205,796.357720753917,828.9076408280214
2029-08-19,699.3474944052057,796.3139817727373,827.5212421593465
2029-08-20,699.3540435504378,796.2982726453705,828.0923178172683
2029-08-21,699.311321839474,796.2470202495575,826.9487271542934
2029-08-22,698.9027081294588,796.2465866614322,827.5707345541424
2029-08-23,698.768568133303,796.0021592708785,827.4245670566517
2029-08-24,698.9216728605209,795.9000481931532,827.2931168162979
2029-08-25,699.0329830048555,795.9422358597905,827.2928667853495
2029-08-26,699.0483889641707,796.0191035529155,827.736743495993
2029-08-27,698.9234053764172,796.0213435172356,828.2241446369575
2029-08-28,698.9546810539324,795.8876765979821,828.3047993918193
2029-08-29,699.2237533185785,795.9276759549691,827.1792963149677
2029-08-30,698.9026601943513,796.1027479560404,827.1911024279566
2029-08-31,698.8076171256063,795.9192709086959,826.6483607797849
2029-09-01,698.9296014917346,795.8743039143002,827.0022442637309
2029-09-02,699.2793275965325,795.9756271574256,827.9225847871933
2029-09-03,699.1706077692273,796.1786648220631,827.464259724021
2029-09-04,698.9971151303147,796.0865489757115,827.1086046594496
2029-09-05,699.1229782644971,795.9714815438241,827.9564811815601
2029-09-06,699.2431839291801,796.04226844197,827.847483255897
2029-09-07,699.4115329886276,796.1534564757628,828.0155008926077
2029-09-08,699.2429011420021,796.277760644156,827.6253873725801
2029-09-09,699.2267058404587,796.1921181340751,828.3944363350399
2029-09-10,699.2677103589521,796.1652196465946,829.4613049001908
2029-09-11,699.4130277061524,796.1835215931011,829.4640050823347
2029-09-12,699.6545752615326,796.2517589503746,829.8203570957322
2029-09-13,699.7043027901642,796.4022267317782,830.0708026839859
2029-09-14,699.3050328455711,796.4526079016681,829.5085357484907
2029-09-15,699.5716633163856,796.2176395790297,828.846147345215
2029-09-16,699.5044075962238,796.3847308095113,829.1703682422149
2029-09-17,699.4206801612762,796.3508201720963,828.6363898221457
2029-09-18,699.3478470319723,796.3071813644623,827.2251172538273
2029-09-19,699.3543949597356,796.2915724677978,827.7714772745873
2029-09-20,699.3116719964529,796.2404203390878,826.6033358555867
2029-09-21,698.9030570000892,796.2400870339721,827.2009639324096
2029-09-22,698.7689156843667,795.995759922104,827.0305950282839
2029-09-23,698.9220190596019,795.8937490987728,826.8751277109487
2029-09-24,699.0333278203312,795.9360369758093,826.8510512741747
2029-09-25,699.0487323652027,796.0130048159003,827.2712985182835
2029-09-26,698.9237473329423,796.0153448445794,827.7352733251922
2029-09-27,698.9550215366536,795.8817778881701,827.7927109951634
2029-09-28,699.2240922989565,795.9218770878439,826.6442061212425
2029-09-29,698.9029976445952,796.0970487930684,826.6332316841098
2029-09-30,698.8079530186649,795.9136712932338,826.0679366108852
2029-10-01,698.9299358012877,795.868803671861,826.3994995905183
2029-10-02,699.279660296982,795.9702260959453,827.2977582422095
2029-10-03,699.1709388356885,796.1733627321674,826.8175955663507
2029-10-04,698.9974445386077,796.0813456309822,826.4403526881001
2029-10-05,699.1233059911382,795.9663767010659,827.2668966475078
2029-10-06,699.243509951373,796.0372618414764,827.1368267728309
2029-10-07,699.4118572842552,796.148547841583,827.2840383463985
2029-10-08,699.2432236896176,796.2729496843604,826.8733898295048
2029-10-09,699.2270266192774,796.1874045410211,827.6221799487924
2029-10-10,699.2680293488427,796.1606030971926,828.6690708177082
2029-10-11,699.413344887629,796.1790017490791,828.6520793484692
2029-10-12,699.6548906157462,796.2473354585429,828.9890305568014
2029-10-13,699.7046162988943,796.3978992242941,829.2203708902296
2029-10-14,699.3053444912176,796.4483759962988,828.6392988554683
2029-10-15,699.5719730819607,796.2135028794161,827.9584100141725
2029-10-16,699.5047154653433,796.3806889054306,828.2644395394548
2029-10-17,699.4209861181523,796.3468726397235,827.71258311743
2029-10-18,699.3481510614048,796.3033277666318,826.2837501178473
2029-10-19,699.3546970471042,796.2878123542639,826.8128713755311
2029-10-20,699.3119721277092,796.2367532467841,825.6278168548375
2029-10-21,698.9033551617489,796.236512487271,826.2088613794062
2029-10-22,698.7692118635015,795.9922774330743,826.0222422545773
2029-10-23,698.922313243832,795.8903581674372,825.850861723487
2029-10-24,699.0336199978175,795.9327370904003,825.811212647848
2029-10-25,699.0490225246385,796.0097954531159,826.2162312877649
2029-10-26,698.9240354635467,796.0122254698371,826.665324876104
2029-10-27,698.9553076281632,795.87874795586,826.7082319546047
2029-10-28,699.2243763416177,795.9189360415814,825.5455502477106
2029-10-29,698.9032796291574,796.0941960659447,825.5207557568476
2029-10-30,698.8082329363724,795.9109063080658,824.9420003186902
2029-10-31,698.9302136438727,795.86612584144,825.2604654200446
2029-11-01,699.279936056657,795.9676348232846,826.1459913657977
2029-11-02,699.1712125051392,796.1708574107483,825.6534637294183
2029-11-03,698.997716110986,796.078925644999,825.2642260961264
2029-11-04,699.1235754600542,795.9640414256692,826.0791478526478
2029-11-05,699.2437773108888,796.0350106430157,825.9378305601896
2029-11-06,699.4121225288774,796.1463800778472,826.0741716200016
2029-11-07,699.2434868142902,796.2708647048173,825.6530314979975
2029-11-08,699.227287619375,796.1854016870554,826.3917108109011
2029-11-09,699.2682882201638,796.1586817023423,827.4288734474981
2029-11-10,699.4136016263885,796.1771611392703,827.4025379804316
2029-11-11,699.6551452185694,796.2455749523236,827.7305309708033
2029-11-12,699.7048687628094,796.3962181330658,827.9533002963606
2029-11-13,699.3055948136497,796.4467736245467,827.3640457788161
2029-11-14,699.5722212607246,796.2119785249383,826.6753641795624
2029-11-15,699.5049614986375,796.3792418595648,826.973991756184
2029-11-16,699.4212300045517,796.3455021875722,826.4151251640321
2029-11-17,699.3483927998551,796.3020331872862,824.9796746269183
2029-11-18,699.3549366369148,796.286592921026,825.5025717186502
2029-11-19,699.3122095685472,796.2356082273869,824.3116870276158
2029-11-20,698.9035904536329,796.2354411440971,824.8872958866955
2029-11-21,698.7694450067949,795.9912790233724,824.6956359958712
2029-11-22,698.9225442392371,795.8894319435374,824.5196098785473
2029-11-23,699.0338488463696,795.9318822999272,824.475710562588
2029-11-24,699.0492492276993,796.0090113391998,824.8768743604214
2029-11-25,698.9242600227986,796.0115112713233,825.3225084437307
2029-11-26,698.9555300456034,795.8781029075172,825.3623511799169
2029-11-27,699.2245966195521,795.9183593743065,824.1970000063149
2029-11-28,698.9034977701948,796.0936870069672,824.1699305248852
2029-11-29,698.8084489434186,795.9104640811495,823.5892940609276
2029-11-30,698.9304275201251,795.865749667083,823.9062714784397
2029-12-01,699.2801478055985,795.9673239189177,824.7907023485739
2029-12-02,699.1714221305328,796.1706109909309,824.2974714006756
2029-12-03,698.9979236168691,796.0787429216126,823.907921266021
2029-12-04,699.1237808507333,795.9639216081106,824.7229202681681
2029-12-05,699.2439805909336,796.0349529383865,824.5820687965596
2029-12-06,699.4123237031157,796.146383691142,824.7192629727407
2029-12-07,699.2436858878027,796.2709288391098,824.2993618756652
2029-12-08,699.2274845974896,796.1855255436827,825.0396646285559
2029-12-09,699.2684831084504,796.1588644810867,826.0788335208988
2029-12-10,699.4137944306543,796.1774020385391,826.0548854210094
2029-12-11,699.655335944853,796.2458731693275,826.3856450814316
2029-12-12,699.7050574173765,796.3965728639944,826.6115584679512
2029-12-13,699.3057814029872,796.4471840647424,826.0258233877689
2029-12-14,699.5724057915364,796.2124438690678,825.3410344860941
2029-12-15,699.5051439778392,796.3797613017888,825.6439258035643
2029-12-16,699.4214104392657,796.346074921713,825.0896916787524
2029-12-17,699.3485711974059,796.3026584069928,823.6592399198186
2029-12-18,699.3551130048243,796.2872698199377,824.1874995870307
2029-12-19,699.3123839145297,796.2363359992942,823.0023386583579
2029-12-20,698.9037627855906,796.2362189831006,823.5840297604161
2029-12-21,698.7696153328135,795.9921061240399,823.3988077921365
2029-12-22,698.922712567581,795.8903075010588,823.2295723821687
2029-12-23,699.0340151854773,795.9328055102668,823.1928135710243
2029-12-24,699.0494135861793,796.009981399247,823.6014645923107
2029-12-25,698.9244224094247,796.0125273790409,824.0549294485744
2029-12-26,698.9556904693102,795.8791642620876,824.102943248939
2029-12-27,699.2247550894314,795.9194651762756,822.9461000845182
2029-12-28,698.9036542954906,796.0948364583868,822.9278721243262
2029-12-29,698.8086035335233,795.9116563857166,822.3564071752312
2029-12-30,698.9305801845752,795.8669840302776,822.682882498575
2029-12-31,699.2802985540706,795.9685995481385,823.577133979911
2030-01-01,699.1715709728396,796.1719270956282,823.0940425813436
2030-01-02,698.9980705629551,796.0800987134202,822.7149470865874
2030-01-03,699.1239259106713,795.965316300974,823.5407118926571
2030-01-04,699.2441237749207,796.0363857486906,823.41093338483
2030-01-05,699.4124650214691,796.1478538378356,823.5595036042401
2030-01-06,699.2438253509562,796.272435543828,823.1512774745793
2030-01-07,699.2276222159898,796.187068030868,823.903549890369
2030-01-08,699.2686188929531,796.1604419781067,824.9549788403846
2030-01-09,699.4139283919206,796.1790137758038,824.9435768216655
2030-01-10,699.6554680937461,796.2475183804025,825.2871641463765
2030-01-11,699.7051877648574,796.3982507857133,825.5261822722979
2030-01-12,699.3059099601123,796.4488939373169,824.9538244324895
2030-01-13,699.572532569453,796.2141849361956,824.2826806333918
2030-01-14,699.5052689877826,796.3815328107589,824.5994802137657
2030-01-15,699.4215336925558,796.3478761235098,824.0594127487332
2030-01-16,699.3486927054438,796.3044885563976,822.6433812229773
2030-01-17,699.355232779089,796.289128175628,823.1863098148218
2030-01-18,699.3125019665749,796.2382218239413,822.0160615633968
2030-01-19,698.9038791270417,796.2381315434651,822.6129041011686
2030-01-20,698.769729975364,795.9940446910647,822.443067279202
2030-01-21,698.92282552299,795.8922713499607,822.2894456261699
2030-01-22,699.0341264655659,795.9347939206253,822.2685240321124
2030-01-23,699.049523202828,796.0119936550919,822.6932305312956
2030-01-24,698.9245303745702,796.0145627689375,823.1629638796904
2030-01-25,698.9557967949426,795.8812220792194,823.2274538942535
2030-01-26,699.2248597875911,795.921544718526,822.0872893299917
2030-01-27,698.9037573782659,796.096937028418,822.0859369775324
2030-01-28,698.8087050130473,795.9137772910468,821.5315392247429
2030-01-29,698.930680073023,795.8691245833562,821.8752678750242
2030-01-30,699.2803968636568,795.9707590664195,822.7869533187276
2030-01-31,699.1716677158156,796.1741049016415,822.3214709871801
2030-02-01,698.9981657516064,796.0822941348406,821.9601540994337
2030-02-02,699.1240195573148,795.9675286706891,822.8038614556507
2030-02-03,699.2442158919023,796.0386144048663,822.6921838137656
2030-02-04,699.4125556211615,796.1500981239794,822.8590075587825
2030-02-05,699.2439144457558,796.2746948088509,822.4691819311821
2030-02-06,699.2277098183148,796.1893416291443,823.2399961169037
2030-02-07,699.2687050152409,796.1627292695322,824.3101023724797
2030-02-08,699.4140130466255,796.1813141258515,824.3175074407595
2030-02-09,699.6555512933371,796.2498311601772,824.6800258594852
2030-02-10,699.7052695218157,796.4005753720041,824.9380932934965
2030-02-11,699.3059902869293,796.4512297126475,824.3848971661101
2030-02-12,699.5726114786278,796.2165312888734,823.7330216589365
2030-02-13,699.5053464918204,796.383889134922,824.0691902725331
2030-02-14,699.4216098039653,796.3502418191722,823.5485867321589
2030-02-15,699.3487674367353,796.3068630294929,822.1521081626857
2030-02-16,699.3553061427723,796.2915108380508,822.7146728743867
2030-02-17,699.3125739751575,796.2406120935876,821.5641380318086
2030-02-18,698.9039497930265,796.2405288442702,822.1807653880059
2030-02-19,698.7697993112478,795.9964484530403,822.0307789115009
2030-02-20,698.9228935412609,795.8946810092294,821.8970672469916
2030-02-21,699.0341931787023,795.9372089194542,821.8961094007993
2030-02-22,699.0495886232961,796.0144134419238,822.3408275254154
2030-02-23,698.9245945148227,796.0169867984209,822.8306144986591
2030-02-24,698.9558596674166,795.8836498122373,822.9151942646339
2030-02-25,699.2249214047065,795.9239756222221,821.7951497124594
2030-02-26,698.9038177524238,796.0993705762219,821.8139417755032
2030-02-27,698.8087641566281,795.9162129626976,821.2797069946537
2030-02-28,698.930737998385,795.8715618649245,821.6436113382595
2030-03-01,699.2804535831344,795.9731974503276,822.5754793751842
2030-03-02,699.1717232417179,796.1765438866823,822.1301807304606
2030-03-03,698.9982200962158,796.0847332261955,821.7890428336592
2030-03-04,699.1240727328852,795.9699673799431,822.6529187138842
2030-03-05,699.2442679106579,796.0410522500226,822.5613933780353
2030-03-06,699.4126064952951,796.1525346294728,822.7483474816946
2030-03-07,699.2439641874275,796.2771295055585,822.3786245591126
2030-03-08,699.227758439651,796.1917740543961,823.1695081147576
2030-03-09,699.2687525283322,796.1651589671192,824.2596447500058
2030-03-10,699.414059463526,796.1837406460334,824.2870355804088
2030-03-11,699.6555966260629,796.252254059688,824.6694895458007
2030-03-12,699.7053137823436,796.4029942140563,824.9474367440206
2030-03-13,699.3060334871957,796.4536440669356,824.4140590637973
2030-03-14,699.5726536305275,796.2189407315752,823.7819351860564
2030-03-15,699.5053876072053,796.3862932486998,824.1377831460516
2030-03-16,699.4216498946432,796.3526401931709,823.6367812405804
2030-03-17,699.3488065144691,796.3092552593388,822.2598212043438
2030-03-18,699.3553442192785,796.2938965258477,822.8418159971666
2030-03-19,699.3126110621056,796.2429908479121,821.7106174742871
2030-03-20,698.9039859020376,796.242900280166,822.3464821219911
2030-03-21,698.7698344538935,795.9988121920112,822.2156286859569
2030-03-22,698.9229277290628,795.8970366792306,822.1009406333305
2030-03-23,699.0342264231307,795.9395561548832,822.1188918395246
2030-03-24,699.0496209357692,796.0167518836096,822.582399374098
2030-03-25,698.9246259067054,796.0193160936121,823.0908510812293
2030-03-26,698.95589015002,795.8859696145894,823.1939659219712
2030-03-27,699.2249509892868,795.9262855917832,822.0923218542613
2030-03-28,698.9038464501816,796.1016703794179,822.1293749334147
2030-03-29,698.8087919787074,795.9185022723158,821.6132568766388
2030-03-30,698.9307649558727,795.8738403600963,821.9951288841952
2030-03-31,699.2804796870595,795.9754648165102,822.9448108136569
2030-04-01,699.1717485030503,796.1787998156395,822.517167636746
2030-04-02,698.9982445258661,796.0869774159772,822.1935221888652
2030-04-03,699.1240963417039,795.9721995348642,823.0747229652366
2030-04-04,699.2442907094344,796.0432720806403,823.0003505002845
2030-04-05,699.4126284947575,796.1547418525638,823.204281039625
2030-04-06,699.2439853982418,796.2793238440944,822.85135377113
2030-04-07,699.2277788724201,796.1939552375186,823.6588479175365
2030-04-08,699.2687721935962,796.1673267301137,824.7654058641726
2030-04-09,699.4140783717606,796.1858947303025,824.8090245772407
2030-04-10,699.6556147876797,796.2543942127234,825.2075089149167
2030-04-11,699.7053312076891,796.4051201894102,825.501284962043
2030-04-12,699.3060501865508,796.4557556241914,824.9835306639617
2030-04-13,699.5726696141072,796.2210376363172,824.3668208287467
2030-04-14,699.5054028851582,796.3883752724814,824.737869690236
2030-04-15,699.4216644770509,796.354707113484,824.251851816129
2030-04-16,699.3488204113459,796.3113068595796,822.8896552851992
2030-04-17,699.3553574405711,796.2959325952847,823.4861894753486
2030-04-18,699.3126236176922,796.2450111816511,822.3693027347053
2030-04-19,698.9039978017283,796.2449046791153,823.0192481180421
2030-04-20,698.7698457074293,796.000800462846,822.9022410158827
2030-04-21,698.9229383461156,795.8990086343572,822.8011616173135
2030-04-22,699.0342364133027,795.9415116124013,822.8324805974939
2030-04-23,699.0496303085928,796.0186906672753,823.3091119042257
2030-04-24,698.9246346716428,796.0212380327995,823.8304403390881
2030-04-25,698.9558983164632,795.8878745442513,823.946181900332
2030-04-26,699.2249585665569,795.9281733524123,822.8569116635044
2030-04-27,698.9038534475291,796.1035408170062,822.9060828825305
2030-04-28,698.8087984053112,795.9203552383141,822.401824554792
2030-04-29,698.9307708208406,795.8756757113731,822.7952952428285
2030-04-30,699.2804849994278,795.9772824153097,823.7563122491092
2030-05-01,699.1717532717834,796.1805995295394,823.3397380733584
2030-05-02,698.9982487598567,796.0887591178462,823.0268931625513
2030-05-03,699.1241000497724,795.973963102818,823.9186237074908
2030-05-04,699.2442939003292,796.0450173979985,823.8545080226033
2030-05-05,699.4126311771547,796.1564688078053,824.0684202183149
2030-05-06,699.2439875807449,796.2810323308125,823.7251974324785
2030-05-07,699.2277805635604,796.1956451543763,824.542116923319
2030-05-08,699.268773401832,796.1689979807978,825.6578191974703
2030-05-09,699.4140791054779,796.1875472234775,825.7102994285439
2030-05-10,699.6556150551914,796.2560278619853,826.117360768488
2030-05-11,699.7053310172357,796.40673491324,826.4194276825153
2030-05-12,699.3060495462997,796.4573513459071,825.9096765831447
2030-05-13,699.5726685321531,796.2226142840271,825.3006808326165
2030-05-14,699.505401369523,796.389932779036,825.6791533060838
2030-05-15,699.4216625356837,796.3562454164277,825.2002672998404
2030-05-16,699.348818052123,796.3128259011024,823.8449097086421
2030-05-17,699.3553546712959,796.2974323221733,824.4479888138425
2030-05-18,699.3126204460955,796.2464915452399,823.337351954546
2030-05-19,698.903994235468,796.2463656352371,823.9932512640586
2030-05-20,698.7698417540909,796.0022419717823,823.8819012989997
2030-05-21,698.9229340132118,795.9004306607884,823.786181502094
2030-05-22,699.0342317082739,795.9429141253569,823.8225618896389
2030-05-23,699.049625238807,796.020073640083,824.3039558380033
2030-05-24,698.9246292443959,796.0226014430352,824.8297476646694
2030-05-25,698.9558925389784,795.8892183736885,824.9496529710077
2030-05-26,699.2249524459859,795.9294975869709,823.8642465227585
2030-05-27,698.9038469909514,796.1048454467017,823.9169813509452
2030-05-28,698.8087916197345,795.9216402572061,823.4159863167607
2030-05-29,698.9307637132011,795.8769411175144,823.812419933052
2030-05-30,699.2804775765902,795.9785282106945,824.776099538851
2030-05-31,699.1717455405409,796.1818257200521,824.3618877564347
2030-06-01,698.9982407269316,796.089965713209,824.0511052410332
2030-06-02,699.1240917218162,795.97515011654,824.9445984770925
2030-06-03,699.2442852839222,796.0461848473235,824.8819461577359
2030-06-04,699.4126222788069,796.1576167136593,825.0970228567797
2030-06-05,699.2439784068958,796.2821607177526,824.7546662597777
2030-06-06,699.2277711205796,796.1967540505381,825.5721542565612
2030-06-07,699.2687636960192,796.1700874178434,826.6881280688473
2030-06-08,699.4140691430628,796.1886172365436,826.7405836683555
2030-06-09,699.6556048423345,796.2570784896308,827.1473250876944
2030-06-10,699.7053205600282,796.4077661973939,827.4487777547924
2030-06-11,699.3060388507639,796.4583633318166,826.9381191264222
2030-06-12,699.5726576042425,796.2236070202052,826.3279236900755
2030-06-13,699.5053902151229,796.3909063172097,826.7049055265932
2030-06-14,699.421651160611,796.3571998114854,826.2242392178104
2030-06-15,699.3488064621267,796.3137612110427,824.8668130232736
2030-06-16,699.3553428720578,796.2983486080523,825.4675366677513
2030-06-17,699.3126084432296,796.2473888711197,824.3542590117418
2030-06-18,698.9039820345214,796.2472440681338,825.0072337872571
2030-06-19,698.7698293605442,796.0031015816144,824.8926772262488
2030-06-20,698.922921432479,795.901271520325,824.7934705226938
2030-06-21,699.0342189457028,795.9437363101664,824.8260855193354
2030-06-22,699.04961229968,796.0208772284813,825.3034374934367
2030-06-23,698.9246161339294,796.0233865160347,825.8249127370583
2030-06-24,698.9558792623241,795.8899850149469,825.9402288990492
2030-06-25,699.2249390082302,795.9302458827398,824.849962864727
2030-06-26,698.9038333971167,796.105575485776,824.8975698559702
2030-06-27,698.8087778747789,795.9223521308733,824.3911809952672
2030-06-28,698.9307498220188,795.8776349195037,824.7819571263435
2030-06-29,699.280463544012,795.9792040371268,825.7397179878207
2030-06-30,699.1717313713344,796.1824836693894,825.3193286693846
2030-07-01,698.9982264258019,796.0906058862045,825.0021123605867
2030-07-02,699.1240772934058,795.975772616188,825.888918146183
2030-07-03,699.2442707328115,796.0467897788102,825.8193273846546
2030-07-04,699.4126076095149,796.1582041843129,826.0272173792686
2030-07-05,699.2439636238802,796.2827308369943,825.67742860815
2030-07-06,699.2277562282368,796.1973069298328,826.4872418158358
2030-07-07,699.2687486986853,796.1706231706514,827.5953011398807
2030-07-08,699.4140540450138,796.1891359782715,827.6396055279583
2030-07-09,699.6555896477865,796.2575803375835,828.0379620477172
2030-07-10,699.7053052731382,796.4082512707264,828.3307992201667
2030-07-11,699.3060234756293,796.4588317514861,827.8112976521439
2030-07-12,699.5726421449026,796.2240589089239,827.1920350371178
2030-07-13,699.5053746755585,796.3913417993971,827.5597287167338
2030-07-14,699.4216355447452,796.3576190132217,827.0695565873644
2030-07-15,699.3487907738252,796.3141642600215,825.7024102757158
2030-07-16,699.355327115129,796.2987356335346,826.2932029252188
2030-07-17,699.3125926214253,796.2477600038878,825.1697868654047
2030-07-18,698.9039661515376,796.2475994404451,825.812419346546
2030-07-19,698.7698134200206,796.0034413271559,825.6873201669283
2030-07-20,698.922905438,795.9015957741683,825.5773741337722
2030-07-21,699.0342029007979,795.9440452087224,825.5990567487996
2030-07-22,699.049596207824,796.0211709094558,826.0652869928039
2030-07-23,698.9245999985429,796.0236651183842,826.575454904734
2030-07-24,698.955863086774,795.8902486788342,826.6792819224836
2030-07-25,699.22492279583,795.9304947494908,825.5773487613606
2030-07-26,698.9038171511269,796.105809697836,825.6131145129604
2030-07-27,698.8087615984075,795.9225718317642,825.0947142079888
2030-07-28,698.9307335184217,795.8778402537816,825.4733126356551
2030-07-29,699.2804472162934,795.9793951503393,826.4187335160899
2030-07-30,699.1717150225471,796.1826607080337,825.9858459552659
2030-07-31,698.9982100589481,796.0907689976862,825.6559771925446
2030-08-01,699.1240609114369,795.9759219487795,826.5299803947562
2030-08-02,699.2442543386294,796.0469254816098,826.4474410334544
2030-08-03,699.4125912059714,796.1583264072048,826.6422405547067
2030-08-04,699.2439472137781,796.2828397306079,826.2792236078907
2030-08-05,699.2277398143304,796.1974026455031,827.0756751359688
2030-08-06,699.2687322836803,796.1707058603798,828.1702435008104
2030-08-07,699.4140376315681,796.1892057946866,828.200931899005
2030-08-08,699.6555732385106,796.2576374339028,828.5855516704281
2030-08-09,699.7052888705952,796.4082958007176,828.8645356303334
2030-08-10,699.3060070823361,796.4588638694295,828.3310687005238
2030-08-11,699.5726257633297,796.224078769575,827.6977329088571
2030-08-12,699.5053583081307,796.3913495579494,828.0512499494915
2030-08-13,699.4216191938417,796.3576148252699,827.5468020881339
2030-08-14,699.3487744417806,796.3141482815257,826.1652853363446
2030-08-15,699.3553108042332,796.298708020784,826.7416172366264
2030-08-16,699.3125763339243,796.2477209134652,825.6036545304963
2030-08-17,698.9039498896335,796.247549029192,826.2316588918233
2030-08-18,698.7697971858723,796.0033797521377,826.0918545527985
2030-08-19,698.9228892337238,795.9015231926402,825.9671307635552
2030-08-20,699.0341867284674,795.9439617780954,825.9739674764351
2030-08-21,699.049580069471,796.0210767872632,826.4252881292591
2030-08-22,698.9245838961576,796.0235604622487,826.9204872231161
2030-08-23,698.9558470223054,795.8901336464352,827.0092906618565
2030-08-24,699.2249067711865,795.9303694985322,825.892283629271
2030-08-25,698.9038011681764,796.1056743860142,825.9129296866752
2030-08-26,698.8087456589783,795.9224266167372,825.3793683344472
2030-08-27,698.9307176243024,795.8776852931373,825.74276883014
2030-08-28,699.2804313692336,795.9792306015656,826.6729593596215
2030-08-29,699.1716992242577,796.182486728488,826.2248134907235
2030-08-30,698.9981943111019,796.0905857445656,825.8796629195205
2030-08-31,699.1240452156687,795.9757295790921,826.7383652631466
2030-09-01,699.2442386965366,796.046724152145,826.6405104357943
2030-09-02,699.4125756191146,796.158116274505,826.8199843172529
2030-09-03,699.2439316836811,796.2826209509411,826.4416359804604
2030-09-04,699.2277243424809,796.1971753748346,827.2227547805409
2030-09-05,699.2687168715299,796.1704702543452,828.3019934788935
2030-09-06,699.4140222805336,796.188962008565,828.3173596577834
2030-09-07,699.6555579499732,796.2573856225903,828.6866690276908
2030-09-08,699.7052736459019,796.4080361187015,828.9503587581936
2030-09-09,699.3059919227996,796.4585964707628,828.4016181079395
2030-09-10,699.5726106702289,796.2238038078511,827.7530334229594
2030-09-11,699.505343282711,796.3910671862776,828.09133069573
2030-09-12,699.4216042373157,796.3573251962509,827.571696469248
2030-09-13,699.3487595553281,796.3138515472278,826.1750310101717
2030-09-14,699.355295989002,796.2984043327199,826.7362560927548
2030-09-15,699.31256159103,796.2474104225686,825.5832326657741
2030-09-16,698.9039352201605,796.247231885795,826.1962265847333
2030-09-17,698.769782590874,796.003056105949,826.0414662367102
2030-09-18,698.9228747142228,795.9011931927228,825.9018449988644
2030-09-19,699.0341722854558,795.9436255728456,825.8938469216021
2030-09-20,699.0495657039113,796.0207345243892,826.3303995107583
2030-09-21,698.9245696089827,796.0232122887508,826.8109013043075
2030-09-22,698.9558328144188,795.8897797085846,826.8850822107919
2030-09-23,699.2248926434631,795.9300099418521,825.7535313854469
2030-09-24,698.9037871214628,796.1053093552601,825.7597163267455
2030-09-25,698.8087316940927,795.9220562558781,825.2117804369084
2030-09-26,698.9307037420353,795.877309745337,825.5608968390012
2030-09-27,699.2804175703486,795.9788500091647,826.4768975470746
2030-09-28,699.1716855094912,796.1821012329862,826.0146599188251
2030-09-29,698.9981806811636,796.090195486604,825.6555194009011
2030-09-30,699.1240316712422,795.9753346984369,826.5003373207596
2030-10-01,699.2442252382795,796.0463247876704,826.3887072617206
2030-10-02,699.4125622476589,796.1577125641774,826.5545187305753
2030-10-03,699.2439183996338,796.282213031803,826.1626243842221
2030-10-04,699.2277111464241,796.1967633829897,826.9303171178037
2030-10-05,699.2687037640212,796.170054324943,827.9962531879106
2030-10-06,699.4140092621064,796.1885422757863,827.9984436263028
2030-10-07,699.6555450211373,796.256962219633,828.3547075464037
2030-10-08,699.7052608071435,796.4076091777671,828.6054854733461
2030-10-09,699.3059791745818,796.4581661230424,828.0439699731203
2030-10-10,699.5725980129919,796.2233701835124,827.3827506500832
2030-10-11,699.5053307168729,796.3906304144527,827.7085567052297
2030-10-12,699.4215917632721,796.3568854050235,827.1765778394961
2030-10-13,699.3487471734529,796.3134088636212,825.7677174261436
2030-10-14,699.3552836996479,796.2979588826857,826.3169002939538
2030-10-15,699.3125493945282,796.2469623309755,825.1519903934345
2030-10-16,698.9039231168217,796.2467812764176,825.7532565283183
2030-10-17,698.7697705809882,796.0026031014573,825.5869299797228
2030-10-18,698.9228627980599,795.9007379146724,825.4359069639878
2030-10-19,699.034160463266,795.9431681416677,825.4166743151889
2030-10-20,699.0495539759249,796.0202750593811,825.8421622666847
2030-10-21,698.924557975411,796.0227509080668,826.3117720272115
2030-10-22,698.9558212754542,795.8893165292274,826.375236118713
2030-10-23,699.2248811992793,795.9295450796642,825.2331462518865
2030-10-24,698.903775772215,796.104842924916,825.2289724221647
2030-10-25,698.8087204399185,795.9215883708762,824.6708604696827
2030-10-26,698.9306925830543,795.8768405179924,825.0099858958513
2030-10-27,699.280406506663,795.9783795506023,825.9161830329899
2030-10-28,699.171674541186,796.1816296531337,825.4443314965009
2030-10-29,698.9981698083071,796.0897228941856,825.0757689297063
2030-10-30,699.124020893886,795.9748612009672,825.9113587952552
2030-10-31,699.2442145564592,796.0458504914487,825.790696749747
2030-11-01,699.4125516613939,796.1572375742822,825.9476743109288
2030-11-02,699.2439079089278,796.2817374520871,825.5471460839375
2030-11-03,699.2277007512654,796.1962873160749,826.3064068490642
2030-11-04,699.268693464383,796.1695778722157,827.3641146846029
2030-11-05,699.4139990579469,796.1880655373938,827.3582823802376
2030-11-06,699.6555349124002,796.256485294479,827.70673074322
2030-11-07,699.7052507937582,796.4071321635085,827.949901928119
2030-11-08,699.3059692564634,796.4576891160858,827.3809900656913
2030-11-09,699.572588190042,796.2228932790111,826.7125862601338
2030-11-10,699.5053209889794,796.390153706304,827.0314211471151
2030-11-11,699.4215821303097,796.3564089858661,826.4926857968608
2030-11-12,699.3487376352832,796.3129328248334,825.0772848863369
2030-11-13,699.3552742561196,796.2974833143833,825.620144482265
2030-11-14,699.3125400454777,796.24648732201,824.4491297071676
2030-11-15,698.903913862073,796.2463069143753,825.0445104707246
2030-11-16,698.7697614203532,796.002129472658,824.8725190938117
2030-11-17,698.9228537313389,795.9002651041685,824.7160527662345
2030-11-18,699.0341514902476,795.942696233244,824.6915992291589
2030-11-19,699.0495450963866,796.0198041355543,825.1120895565937
2030-11-20,698.9245491891189,796.0222810500853,825.5769257314407
2030-11-21,698.955812582164,795.8888478170721,825.6358409832978
2030-11-22,699.2248725987355,795.9290775920485,824.4894276639994
2030-11-23,698.9037672641523,796.1043767392867,824.4811563436102
2030-11-24,698.8087120240613,795.9211235634144,823.9191733704236
2030-11-25,698.9306842591169,795.8763771636151,824.2546546875851
2030-11-26,699.28039827435,795.9779177229633,825.1574350027955
2030-11-27,699.1716664001927,796.1811694246255,824.6823942405721
2030-11-28,698.9981617583196,796.0892643359416,824.3108702871932
2030-11-29,699.1240129345811,795.9744043828637,825.1437267822304
2030-11-30,699.2442066875049,796.0453954821069,825.0205594933163
2030-12-01,699.4125438824498,796.1567844410712,825.1752599835044
2030-12-02,699.2439002196448,796.2812862611266,824.7726828376915
2030-12-03,699.2276931512864,796.1958381322382,825.530122750582
2030-12-04,699.2686859533428,796.1691307591332,826.5862376497536
2030-12-05,699.4139916354726,796.1876205574558,826.5790401092794
2030-12-06,699.6555275781111,796.2560425088401,826.9263506561595
2030-12-07,699.7052435472664,796.4066916320908,827.1686111003407
2030-12-08,699.3059620973736,796.4572508975832,826.5990151638766
2030-12-09,699.572581117952,796.2224574308937,825.9301534784854
2030-12-10,699.5053140034801,796.389720284822,826.2487561439056
2030-12-11,699.4215752309854,796.3559780460552,825.7100136313217
2030-12-12,699.3487308217116,796.3125044205188,824.2948299559056
2030-12-13,699.3552675278723,796.2970574981853,824.8381304602069
2030-12-14,699.31253340212,796.2460641453486,823.6677794805892
2030-12-15,698.9039073031645,796.2458864274756,824.2640460789954
2030-12-16,698.7697549454477,796.0017117245563,824.0931616674105
2030-12-17,698.9228473399845,795.8998501427172,823.9380224660366
2030-12-18,699.0341451819871,795.9422841051179,823.9151151861804
2030-12-19,699.0495388707576,796.0193948862561,824.3373698122089
2030-12-20,698.9245430456538,796.0218747239522,824.804187178088
2030-12-21,698.9558065203903,795.8884444572819,824.86529930569
2030-12-22,699.2248666181762,795.928677240626,823.7212972808537
2030-12-23,698.9037613643255,796.1039794371103,823.715650349913
2030-12-24,698.808706204481,795.9207293502227,823.1565034802445
2030-12-25,698.9306785192927,795.8759860780141,823.4950311774569
2030-12-26,699.2803926137873,795.9775298024331,824.4010666556716
2030-12-27,699.1716608183931,796.1807847055276,823.9294882903785
2030-12-28,698.9981562547808,796.0888828535259,823.5616323639878
2030-12-29,699.1240075087971,795.9740261712763,824.3983608579838
2030-12-30,699.2442013389664,796.0450205743973,824.2792678283281
2030-12-31,699.4125386106439,796.1564128692002,824.4382430734679
