TempSensor0,TempSensor1,TempSensor2,TempSensor3,VibraSensor0,VibraSensor1,VibraSensor2,VibraSensor3
96.43605029548117,36.1122669961634,82.43651477673131,41.15105762523112,1019.4680012706622,1958.5287557008924,2043.7179333744216,1992.1360431873509
38.52004229440101,34.35673958104426,35.05921709488946,89.72609392080882,996.0948485935246,1990.4831907182975,953.389396966901,1988.8305240847033
40.18316447960504,86.98558117905188,35.12914461257101,97.57237968942707,2016.9390112351005,1998.2013614782713,1003.0316603802082,2001.2613781398998
90.27248708146979,100.5407818086208,92.50610992674693,45.074752529231176,1940.6657254970112,1973.105624253168,2030.4760179643338,995.3567870934311
94.5144664684697,84.28167462247917,84.17350993516152,93.16883325968698,2015.5432351519974,2014.610936501719,1022.3173518879448,978.5799660954101
88.55840854339415,36.034883248071424,94.19442273949441,88.37950622210052,1965.1692039501595,1991.9292473799392,1986.0416442802848,991.9376389792169
38.98729402724161,93.0162101108907,33.30372056255544,80.17171107840164,979.138207311742,1963.032276428928,1993.7251582669664,1000.6687906497372
90.34263186753579,79.68940321803281,88.5663668351839,95.90936290471099,2026.4422540286926,1992.3005318143057,2023.2696758420773,1940.9951914553565
94.91834282854346,89.86538306809571,91.55491425376624,86.50279491559888,1971.6684735395374,1999.9424151399626,1989.7347358552913,993.655605171491
96.54031067812777,38.663805357417765,34.27791621591005,89.35712437736365,2046.1631920479715,1003.109144238608,2024.2331105572441,998.930321725639
40.93847600547272,41.608038816744674,87.1072738049724,89.43206140454465,993.2944604398074,2016.9982334912156,2016.8773071354187,1004.8651657969885
40.15815343684136,89.9481178121361,35.19114348825563,90.33132366746608,1960.5359988110142,1990.6356327152027,1945.0199227984328,1003.9357639657351
39.41108572949632,36.39411371445986,91.52502531062203,91.52667570991734,2003.5848852120146,2018.2230697596315,2018.570419167361,999.6800502991017
42.65604059024061,88.70660955720925,75.39070707526102,88.08014864044615,1010.5724384614671,1005.5635043087084,1008.8186365273463,1003.2107766183397
42.106144526214436,37.697999265117716,91.70790540438779,85.38332130812586,1965.740846557835,1989.4837345419771,2021.8475086539495,2033.6443926590168
37.63025207007743,34.58081277002656,86.49215525193611,90.35324920198735,998.0759930028951,2012.9751733894343,1002.4371880618612,1987.202011265808
37.57924521940359,90.51073585049303,35.10545076509298,84.092746941202,1005.6904139541314,1978.0106889322117,1014.485857584456,1972.8080811587433
40.900718058754684,86.54090667693556,92.03503049393176,81.64276578473483,1006.5238174731486,2017.3124200822817,2022.227337240626,973.1385040768043
40.626188426526376,84.8224160570702,82.94824847511013,90.48419944513579,2034.0015720132828,1009.5557189207198,2006.1337371263153,1995.6491517801592
83.20250428993823,91.25968124704929,101.91021644814823,42.76313102852501,1971.4683772181013,1012.6285503191467,2001.4128448257625,1993.9399597530387
36.47974632645036,38.42642437010557,87.30706872841714,94.18532720926362,2033.355524748078,1004.9635231988397,1963.4415895540787,1960.1525626875464
82.54350372129575,88.20170959968691,76.902042341467,40.00194201122655,1998.9147522372868,2042.3097936023787,2018.9352821168582,2033.1166531849965
90.1549660270777,79.29384154486061,35.46358641848788,95.7609706276405,992.7501627072014,1936.477359971604,2060.2474413908517,1987.6286954340073
82.27214328978218,88.08258141762552,87.2265412923349,80.18612953449603,977.7145701975926,974.7056167356449,1986.4097790337344,2034.9277257903045
86.48989544464449,37.035056968069426,81.5144959096298,94.94263989456387,2027.7660843783688,2047.718399398066,2018.7288142475356,2032.495553581458
36.56031889439856,37.10037826338164,86.03400414162887,41.574709643979865,2000.174836776472,998.2452205003101,1979.379132620389,2017.1414692076453
35.21555975222692,37.377760789333216,92.35817820195305,80.97379265570478,2008.4723887613268,1988.5393552417947,2029.8925929016614,995.3469000149396
95.63616244011084,35.8850516168791,40.572003077167125,103.56768193457633,1013.8919090820618,976.9670741585824,1988.5443983330936,1988.4303884531084
40.841162366308005,34.68905849528602,87.5949559509723,91.40056453876092,2028.0448922068827,991.5409462685313,975.3200234554733,1018.6866998456359
41.39024973878205,36.51135138664166,36.60102157623339,39.39072704276133,991.8425642012503,986.0955239369114,1000.2303791187902,1943.7153460031543
95.65653635569454,97.28293626359108,90.1701404238216,92.79171780817597,2010.759366967691,998.6044879026872,1948.6432594279934,1998.039535532506
41.49577992510871,94.08426813435658,37.169558799461925,42.75718356842872,1990.1832990742778,1000.3124397281435,1929.628243712557,2028.6111967358386
41.577358849989835,34.62496094663223,34.02038551944101,86.72758420184675,949.1515357036305,985.8300359692017,1922.1934525845438,1988.691229629227
96.9509230280624,77.62000421156807,33.72556828685807,90.12559919740178,1996.6978444320246,2019.3442451910505,983.885359389308,983.0486850730629
40.09726224452953,36.54508337019604,86.86107303709942,43.84654953922776,1003.8973717717208,1009.620685633917,1955.3054786170705,2008.6535462820032
41.8963321051895,98.98156957553053,88.25821890703126,44.11142014370827,1007.1544273415877,971.4218355517448,2012.209059020572,1979.3198601448728
93.16996020956323,36.24343522928574,35.60358665240982,83.14679819720656,985.7345839886581,2021.4676151237848,994.8066362430737,2020.0899045667393
36.85017367442937,101.42662890513819,39.074465314412606,39.90041972573259,1991.937968935224,993.7603182772896,992.8955423961446,1032.4593406841334
36.69561756580773,92.99063929501288,39.48543845268013,42.04604395853644,2028.7067737653563,2051.3135047247206,1013.3476141791452,2003.4108726799736
80.27219948957551,92.91981371020255,90.27449090911038,42.682667840417025,993.8337464764371,2006.5105982692098,986.7985937784067,1002.9467680634668
36.27295629236923,35.5034605796577,84.59942940317411,91.23378152597648,2059.034465639748,2000.840220452872,2006.5789664584647,1995.4362296281026
94.26243718747824,77.4958999679958,39.268603768808646,83.78136450547264,1976.8060085512918,1020.05080017881,2023.9810390085177,2031.430936070038
39.73684105445515,38.98473689865571,97.63574248270818,41.574272490963075,2051.8668486633524,2006.1286147106728,2066.0992417314615,2021.589293063458
91.54156825231861,86.76907867597815,36.29927668459679,93.57253342025575,2008.4281807221284,1991.3770182736855,1001.9480974007563,1995.9332164057564
91.99541617611355,94.37768926143671,35.56463858350748,39.527322482436375,1990.5497106574776,1959.0378458035264,1965.7801659614006,1973.1588258259933
72.63952727198243,94.88612627199653,89.67680334116608,81.68988650234111,1037.4715440181026,2053.3953675691373,1954.277280023139,997.1493283950836
91.23202446166783,35.103251751255684,81.19717814417305,91.09580352108968,1996.0250596509402,2008.7716805960788,1968.3822793035943,2011.7675177602532
86.05799840470935,35.94841150670598,34.46356280029026,94.05704798675468,1988.0626780461491,2026.8310253154787,1973.9803289964975,2017.1863604735277
92.65912075542114,93.73261140472623,38.05470211282395,41.874898364057984,2011.6170908974486,1007.2427903695914,1983.9796872547693,1002.9959766491505
95.95754135381527,90.992597521403,97.07177654399327,43.383177033259,1004.1956212773667,1993.1895657529867,2020.1015134799827,2029.8268825139019
37.954983410656226,38.44868204321109,95.2410534893383,88.21516406429257,1983.8666282085271,987.3333305895324,1936.9004076696272,2012.3147440082748
39.706599616869696,34.42654501294061,94.80607677908326,89.89370367265562,2006.7471946496512,1989.4863247242606,1976.0888749855153,1017.512746475403
40.16978345603323,35.14513608073399,82.96708422914186,87.25068628862567,1982.444040101058,2023.0102010382254,1922.4703970610574,1992.6842270469122
89.23518945813962,92.40883438248292,91.67676501581033,83.40647291787525,1933.8697960183601,2033.0684581276869,1965.5324764059737,1962.917571235962
39.538177619673135,37.97362620778066,80.61897773135759,100.89216051712384,992.9380698193514,999.1750508334655,1974.409499657484,1965.576314033797
92.58231588396376,90.72813555543863,95.50709359765744,93.66384777556416,1995.9130134663762,2009.5116998621108,1014.9697266568139,991.1367382723649
40.046009008000766,33.122701938359775,88.34975459243343,92.08800253297744,1987.4350617424925,968.6060161064815,999.3234072500916,1944.3996737000505
38.13110560531895,35.74388715208813,82.16754639101207,82.96958617528001,1988.6066065852149,979.2483170621508,2005.3124332807295,1985.6955807614581
82.2690716328157,92.9722930725218,97.06818751513536,39.88252892616109,989.2538547195386,2006.2587638642237,1014.1909821649031,2002.340770043318
89.65246498690713,33.619751731507634,90.25748573573803,98.94962111415498,1018.1792034210716,2037.4141870335286,2021.396841073677,2023.6483590706061
95.2413791077283,90.14533906376329,94.39733933133034,90.19098173916156,2015.776630845702,991.4284147410557,1008.8472664013059,1978.925054906575
79.79458199812663,81.79424725772417,38.94952691733883,44.429745846807165,1937.7049468925986,2027.7575249071874,2002.1578440856622,999.8832367304037
37.78996394194723,33.640401558488094,38.57161025690377,37.624773773165685,1982.4795890622966,2018.978063261511,2040.3598880974494,997.0609518072229
79.9841177273194,93.17050655791833,40.17999271884439,37.87608980173262,2013.0484638507255,1987.35908648465,1009.3110635230605,1981.7863437647627
88.17821484001206,37.09293139811296,39.308668237708176,91.41530070086932,1989.2909524864615,2024.005270798824,2022.0851755830977,965.1495040436148
99.70646278323693,94.46854412576535,37.79655259072476,92.52643404830539,1950.0630808582391,1989.622852486533,1979.8975437861639,982.0450768671888
38.8808213573665,88.4859948716828,84.2655716871529,90.2522352379533,1986.3144485639975,2012.3852380256692,988.1279130400552,2031.414564190871
90.27742997620273,93.3482209591387,36.621740472534846,93.09625455198363,2016.0239133746973,1018.8848069902831,983.9615769345422,2038.6543140924923
84.66866843098524,37.37879591273098,35.42417387288893,89.49535736352442,2012.1646624116743,1987.0778918837361,2029.022876044031,1992.829969064095
85.25328601626909,99.32330572457165,88.46706326652748,92.54271568553045,1003.4434299552973,2011.296889498498,984.6096054161604,1957.1566443342492
94.42819743866518,85.43750531901841,96.71446000737902,90.68630230965658,979.148195557817,1025.4798351031566,1006.4656728111809,2004.2437764813058
77.34854390121943,94.60229918519856,88.26498968026989,92.76883907720317,961.6071266718179,1034.2997229985099,1977.9807684000773,1020.3455426345004
38.37170796425386,88.86300207518453,35.31291872159079,94.1820024202045,994.8209957479282,1041.7645142410224,1988.925149784406,1986.5240308516438
38.75826373985768,36.12797194545553,89.29166987991843,43.20984281090986,1918.925334840934,1014.8979290577281,2041.0458968531507,2007.372047901017
87.43657725761169,82.24710304897327,88.71760431338681,87.80112612805212,1975.4789055102149,994.7962123679654,985.0384691735907,1985.2679376349406
93.52375193732145,85.91320491975752,90.12457335855379,43.290814617704484,2022.8281893687627,2003.3109236638954,968.039650903888,1984.5741365024487
40.92222384087716,88.77767685621707,37.120404457330935,77.89957470629975,1002.2104010899582,2003.0318945882889,2017.4850840475713,2029.048643408288
41.99494661740917,38.24091613641366,91.43815076335204,95.48052059416582,2018.4960867031461,1020.9232525559792,2037.4221536426585,2007.8856477670136
89.48948550103486,86.36850919116772,35.24891111409371,94.60500233993882,2007.46889315028,1003.2493006445397,2002.7480066090513,2029.1202311306688
77.50027046078911,95.8530484161392,84.1790868826409,83.24752268871575,1929.6657290373441,2035.0339580539026,1990.4069029422108,1007.4535770746488
87.23666385679338,95.29802729037283,39.01336050421499,89.1173423018135,1933.3432029809383,1977.0130394029577,2016.597166287504,2011.1956362216465
35.83443324862689,40.83704201186366,91.51582466658415,94.86517719943554,1935.262960522369,1964.8738902892837,1986.410575414304,2001.9410807055679
91.65405178119738,82.02446504874301,92.66032496848274,82.02765100451678,1000.2482253496636,2020.8184409870316,1994.743032504881,2033.7092800299356
38.353775995543465,93.20337359585284,38.62995969853838,87.93760816606992,1007.5588698071706,2006.4378896513526,2014.8520441616884,2032.8558533343835
38.57079427212685,86.02262268510334,94.24747979113684,80.02640648408868,1983.9171020726765,1967.3862540151367,2009.2468822791445,2034.8823550475454
39.869800041403806,36.95858742062488,85.36202378190806,87.0109017694652,1969.665762446926,1980.4854652993095,2008.8570331124006,2036.6090751715894
39.75946807335336,31.51991348332045,83.58822594823795,99.79044633638668,1972.4158318481323,1994.8769688388697,2006.574389369825,975.5960596346841
89.02740806258839,31.301012223538457,94.14902006638941,99.65767655403494,981.8155002252894,1918.2276408482708,2005.5479038189458,2020.7636348086369
92.79879719628154,34.64513628809454,87.70944188828055,46.650569687953194,1948.8239628233748,2030.75008936255,1992.321610277935,1992.5650634164083
96.78066163680326,36.22261487526188,91.20551373116336,93.5996360968257,2017.822072955822,2000.5680740816983,978.0143787782704,2022.2871484216485
90.13225640241495,96.08455503335229,37.15669995488584,41.744510252335246,2002.9104850801605,1994.335036985311,2053.9521336250755,1986.1621323741012
92.71407936941078,94.81644888619563,35.76181236711868,43.58483310826635,1962.3049258508086,977.8245284693621,2012.5422573579651,992.297012197889
40.70423701457428,38.82478738288616,98.52061680569392,85.46978473140935,986.4764864930726,2026.3072050688,2061.038411453791,1988.1346864693228
82.64371715355372,81.8056192441826,100.35922391376516,96.96913385010865,2016.1919435930445,2002.6024020419413,2016.630782048437,1003.1647770419787
90.22158498156611,87.28471137490934,89.30461643420769,93.57344290314099,1996.5327930148856,1986.8102225847754,2015.7841807246489,2017.0398329326713
97.53502815351796,88.87372840838296,83.36493434509049,90.35162813769286,989.8843487873627,2033.0488408928206,1001.953525283727,999.0875758647996
98.12777731917927,90.75007349755174,33.94407898441549,99.55229829417692,1023.0793041186837,2058.216112159792,1015.1200404625572,2010.2873615894391
39.030730261887726,92.03636452939337,93.36252557104004,93.95081146626347,2009.3274865517444,1997.8613259145209,1993.2892322090684,1942.8388681846295
84.37344080394622,85.01308046813536,90.72853406513457,96.50866671208631,2072.522825303978,976.2554333667404,979.4146541388413,1942.347893742348
86.4124139732233,88.89711930262749,89.59291176154933,41.05831947726159,991.2785861271175,970.5773900037497,2007.930786915202,1988.322070299844
39.531291395872344,31.910540744197714,91.3650758507648,77.15682793989362,2060.589795233844,2074.2795060866188,2008.6558428995033,2003.5394711836095
88.17683120789266,36.769514757096346,86.00879686122016,41.39588751658111,998.3092677240192,1993.0414287251065,1978.596449633555,1951.504116284452
83.7322124399134,92.9866769379546,90.13701020256303,87.41443483305417,2011.1271295242047,2047.9083458865668,2009.5343352600066,984.6323545665857
87.59856880765518,95.70923373964891,84.40750663427305,43.644102820419604,1965.4355172146004,2013.8691531883564,1951.3370739045097,976.6230058057016
91.51563218617498,39.32541259869205,33.643572560615965,91.26934792633241,2005.720493782173,2026.8553400487783,2005.8780904533994,987.7879296210539
93.76759274337671,90.61685701414157,100.473792581292,95.53163071825527,1015.8398203608335,1002.4635021450713,1003.4763727365237,2047.3896121561706
93.14724100359268,31.98269036839151,87.87578418998157,95.2381827513316,2025.9814566923787,1006.0320944821948,1973.5852017761415,2006.0281545328057
89.39677557026121,39.029250550219096,89.42364966152404,95.97309789219221,1003.480316165417,2042.3231626359434,1983.7409685541095,1960.1538529275597
84.2693929349269,93.53548657532949,91.12651049489139,41.18815990628565,1999.2274267730595,985.686591389127,1963.428569508552,1006.7804823509545
93.0992664242107,93.0045674860318,85.51208226158677,99.709780808339,947.9667547271517,2050.2630134214883,2022.518089520335,1010.2814011557964
84.20238025904399,39.13931334239713,88.9160400047865,87.63613983085564,2010.7292639527739,1992.8663991545934,2006.4876700223108,2001.2004628867812
87.83601518924267,37.55493159119165,39.40067350166359,44.2017496242907,2029.4018239477662,960.5911911571926,1960.962578199539,995.4820912191212
93.14416995066192,34.74688798595529,87.71874494193546,96.44255442235078,1015.4900613323975,1958.9268562334214,1005.6307115586696,1003.8309406971093
85.88669642000556,34.72883420336807,91.39032816827493,43.195448922714554,1013.3989115857346,2015.1428850553255,2019.757596989153,997.1470760535924
88.08211657586108,84.37574400097392,88.79663977029249,88.22136916457596,1984.7835432226993,2017.0246340309257,1974.9910283665872,2029.9782342118199
42.317004145883516,36.32843458559623,95.71617702085453,95.77660720533605,957.9497233105212,2046.0913035444453,986.2297578939463,1982.0709947268233
39.24000555582816,92.49091024256336,91.58634134208837,88.77402202247598,2008.1049159460708,2005.3710183194237,2041.034866141504,2015.9735062572263
30.532415502738562,87.29816221444973,93.51612565542565,83.83109334159495,2006.294662872471,975.4523689028131,1972.684484372846,2027.2888077590103
33.28130252913648,95.50227673556363,34.66868341091899,90.17258847438455,1992.4629077155807,1008.1602238818066,2021.912941939768,1984.1542970289177
83.89084147898915,91.88541223976843,33.995839493384295,39.55124939925029,2011.3966214448576,1948.2593977536533,1957.1201161588306,2008.101107682705
90.2787648587333,98.35033087649133,34.63238658495071,42.6686007478966,993.2519277867189,991.484275004366,1974.9468602157617,999.8896080057041
90.55171794218884,86.03299512490459,81.88133958250144,87.67314729977345,1964.9541226836811,2011.5371076697622,1022.6704038514412,1987.1828984655558
37.80147685483698,89.55265885777324,77.71524991303917,92.77194910261491,2014.1954405017684,1965.2000497598826,1011.5067953183964,2008.189718403891
97.48813964833933,88.58282946738103,87.67374211955222,41.89468979854081,2020.3396621934558,1000.7776044588559,2061.7185655777625,2006.346638338266
92.50915378658922,84.56777249040704,97.90046422422631,89.36960789313332,2020.6799367938827,2013.2656997371678,1989.158920857885,2017.7613649641044
84.84599992606267,86.6121358029451,85.22203711527187,92.66692200646867,1991.1840509752185,1959.5246172590203,2037.709394872547,2024.9754646859042
35.11578621854318,35.979436471651965,34.90083143628201,87.27074754314717,1984.3797583135492,2005.4582805637274,1982.4851916297616,1965.7760792398176
79.31408386041599,95.0069043575352,83.26551867245429,89.85625371236445,1972.7241255580302,1974.3497894857248,2052.1378040924956,987.5348672577672
89.58068181768958,85.36129587453281,97.13801285893834,98.70959883488854,1951.1825756801202,1927.4256849410203,2022.8115013576107,1953.6402578023506
37.74330057267198,37.83236713149955,90.70866266808862,41.170314502251216,980.9194097229151,2007.8302833632533,2009.9691362801584,1989.0205748938513
89.42224980397685,88.94855742174748,35.021440001075845,86.00506192858249,2020.3541115973212,2043.9223705689953,2025.9392890581184,1001.0076338237257
37.56116603354062,97.02887545307077,33.5730170214325,85.7731199241696,996.9934680399708,1976.4065027158206,1958.843496487772,1008.3123468725705
89.24166545201459,80.28091816228599,88.36949614371932,83.3645132164601,2020.1505962229865,1967.1816609291234,1945.7245458049372,1997.6251175823688
36.27047722816688,32.91637651544402,96.2808010981322,41.820463424256886,1967.5403671247982,2015.6008565749842,2019.9205788626,998.7802238694751
38.578868000365375,97.1413799067243,35.93542704037834,92.68511112893371,1010.2582011985938,979.1532811731107,975.2975655518121,1998.273851672862
41.62786094316104,92.10393090433033,35.4427223661194,81.661656931784,2029.2579497437375,1978.9844591286455,1984.8780743043965,2023.8761201994716
90.63724996343471,34.347889480543685,40.15856285242001,88.03596028513971,987.0199007368467,2045.0711583046577,1992.4147319944955,1968.7711255380411
93.78256453646134,105.10760995517109,92.0460718262343,88.7316466481111,1958.819084947018,1006.1792806596461,2013.4210361375665,2028.25569947622
83.8881638887842,87.95160552402865,87.73318706446041,92.1627425346008,1949.2551958121762,1011.9847437281012,2053.5070231207583,2005.5903261224069
93.84053906872295,35.947690848372055,82.68800354028001,100.44501044329267,1993.0616227658054,1008.741899795739,1015.3030736898216,1006.5329332345736
88.44120777994023,89.30750926435721,84.72833898774411,40.12223305458932,992.2803259401855,1960.7602887555838,984.8214153090449,1002.3998270083355
85.17251031727496,84.98745329554998,87.6676271917977,85.84184614954722,995.9113758821848,1026.7972142508702,978.0365787299006,997.3488909498778
91.06685528933589,84.78935810865683,87.23561674049292,38.7590840002284,990.5135040218265,1026.590700342797,1975.4586715069581,1983.6740750725899
90.64113077324043,81.80100818964803,90.9291973369427,41.16640579504475,2008.2352449054085,1951.9345663452257,1976.3686808150503,2003.0984263724908
91.68915132984384,37.839848231173484,91.60401110275753,85.6545134077077,1983.8512763981153,1022.4349019490626,2015.6074623189515,1015.8741547730378
40.86081919010674,92.6655607831659,89.51399687717337,84.87071590306046,1954.3551476825105,2029.1659899048968,1994.272431111421,2067.2915816429386
40.649853006169295,85.77553891362624,34.06264016939734,88.38670177297647,2040.2140307710874,1948.8493436914332,1008.7680858965084,2030.308436911892
83.76775589766072,36.9020550897535,92.690077592083,94.5268113293364,978.885454447213,1946.7512934284714,1008.7868252939459,993.080228205733
94.26645214674618,39.892917122498076,88.53403887974517,89.21721136737678,1979.1924874728418,1957.16717635322,2006.916831738304,2013.6277703416147
92.50122205798036,97.30211568792305,94.12548113166018,42.33668256072321,1987.8189042579327,1004.5549834971587,1977.5347540160606,2041.6877265216992
90.30183116386594,86.25055148915308,91.58138623134913,93.5056949312066,997.6007725305882,991.8419167107047,2062.3594895989,2000.5590882695346
88.35124550381096,78.27853192712409,35.97086818551797,92.74538583983329,998.8712719786115,2001.4361270263619,2035.5145088033657,993.012527649606
94.3095912451455,92.64972823628035,90.95096849284677,89.9109428386647,2010.9144161231263,2030.4014686709884,2033.8029147484901,1004.5791049338052
40.08769175320772,85.68893770858773,95.28446223735378,95.77754318368284,1994.6869729747623,2025.9686310707775,984.6658964397559,2035.651461845503
89.33030060583681,31.20915766487637,90.29893437683091,43.00064592554291,2005.9636142492316,1949.3519225640573,969.5270471789963,2020.8008469466565
41.444751889378225,84.04625647031973,91.132241269049,43.73206383406922,964.4153884297331,1973.343629567405,990.2006963615108,2051.2501401882614
86.95828433534783,84.24803421984429,97.25748916528073,88.82666921342525,977.9028357464668,2031.0210539349678,1957.55232150733,1991.4169983622671
88.67065737296113,34.338559393614325,37.98471115129921,82.67328172387732,1951.0517443994695,1004.9783512179506,996.5601742261833,1004.382553240926
38.977897389101976,29.751848739126004,89.47994429661357,41.03421033750131,1006.8792772142838,1000.3381105607456,984.2583635914979,984.881929166507
37.9993848159224,34.78740840906767,97.5656257279624,43.73043541257828,1002.6180891927245,2004.6057901463587,2043.659096274781,2015.8863325439218
93.14262020945395,42.727211915386206,36.21430092088103,80.65345409104258,1013.3479602563889,2032.5802357169116,1016.1954248578834,2037.014208182785
84.54608496827007,40.40635606438911,93.79976850162119,83.3735518529278,2016.548213666824,2007.7159458289625,1008.868284979537,1002.3113311676689
91.55301508960794,104.1255750771783,88.26596123607891,39.21428381589281,1001.4614055517482,2010.652159333109,2018.9612253959901,1976.1776971765032
94.0173558250664,83.21560801655102,35.84140957804783,44.944027750469935,1013.5266043951293,1987.6815020015126,982.2421623309406,1950.651411343503
90.19388435719162,83.9226200405795,99.1730422111795,93.63506962065935,1972.3795965747527,1000.6090717682561,1014.8212973301513,2032.7061458273236
93.27318800396368,33.34386930913901,36.926978188287634,85.93415654111459,1026.6516243880417,1022.7808384261256,2004.019471132716,1014.2063803736429
89.23994871249293,33.69008404145606,86.96756393665088,42.09373665114819,2051.47878072238,1027.2653838971878,1002.3977570911384,1997.7756226941995
94.2065326356337,84.49768983256078,39.12456558268921,93.22915966301234,987.8652784970959,2010.1621936748809,1007.0752669919368,1003.7892042546977
92.65863345875854,84.21925211758871,89.35488196275827,92.8059369333205,1008.2535794005912,2006.766102789673,2042.993894121779,1983.060277185617
79.24972048051332,85.14775588815372,84.79574886635538,86.61898213599886,2037.7667050785424,2032.4060795288628,2033.855984630161,992.7482735682272
95.02675709948795,86.46886708243328,91.05940317949691,41.33209680993609,2037.973567369025,1987.0705295667346,1980.5845680691427,2022.226355085934
90.39114331784981,90.26497060335409,36.45150330166115,86.6191105239657,2020.743367484564,1957.889731492597,1998.1885442228893,2037.2633750939224
92.09191476572744,96.48634169554485,39.05686398561311,41.43404014873036,2044.0555109609152,2090.45967873522,2019.3561324754644,2012.0710095793993
83.6843201741867,90.86025171688394,35.67555265435868,42.181562144104035,2004.04512766816,2009.0483799545584,2050.0500250909013,1021.8281148907067
89.02611265764212,92.94113961761747,34.57483573495524,94.91026579045207,1993.1659550077215,2031.9576315973768,997.7786081332796,1021.8532697053743
93.24928814543534,91.74023074401596,100.6690011508488,85.39635249160351,2050.4454722313267,2016.478860121063,2007.8246801595292,2010.897501721906
36.28721694794653,90.93350698864269,38.264862080047315,91.80053116905037,1007.7195180914437,2073.90282118683,1000.5754992965832,1010.639111398747
79.74913074910224,89.73182666245297,34.84519713762285,91.30381200207157,2009.5157259470786,2026.5624923225944,1994.3555162949467,2014.0010518887311
89.71952356183233,85.84304382817594,90.27575047909124,42.28596904008667,2010.605634405202,1029.8831271435558,995.4617207847302,992.3151588078499
86.68332284439965,35.370373330848224,91.99340291992392,43.17787504894518,1961.8769392157917,1993.8312166625722,1958.8015036318811,1970.0504302494635
38.16971250184355,78.29910276281493,85.88683553056416,45.61478095991801,2015.5717197982565,2004.0670439099017,1968.436621695084,2019.0154658907352
91.7393040874312,92.75174991245902,33.27955159398318,92.10305441143625,1008.140900902689,1994.0832791803493,979.6986375185149,1012.7135804750935
85.56514704768854,87.60146619001229,93.19990816093433,91.84063320444376,972.9833913501741,1001.7169149485785,2009.4942113090353,1983.317336259148
87.73898527556172,35.85913756903055,85.3527771604298,83.08885701035254,1985.5021897128863,994.9676848018037,967.7321161588036,1977.2783487369777
92.53083269830931,96.30154940644043,89.83804229312143,86.87434102054135,965.6371391101342,1958.0158411986058,1969.4666306429674,2014.0324789629988
93.17014759590668,93.65192232368274,44.948498453338395,44.747989769253316,1980.706496279773,1974.5601322385937,2003.0386556742826,2045.8259645377652
41.1133773818279,87.73345275367322,89.04093736734465,90.05328301315892,2048.42068281645,2015.494165174442,1944.8253936113101,1994.6271520945402
79.58775173207769,94.20615129985511,89.26664478522197,42.28990109869756,1980.8731658898428,1965.307762019274,999.0880388237223,1987.5867415667503
44.529831079701,32.70914045309439,38.905059175367896,42.903937482910166,2000.005860495305,1020.7954635459885,1027.8242923560624,2022.0037592825183
42.40063877303838,80.86864751661253,92.86148598151777,88.97414023895611,1980.4320333079077,1006.4041320804434,1023.6021251531984,2008.9705146993638
87.71556737512607,34.774268523955136,89.8023147975061,39.674651326135304,2002.1391683012346,2014.5146653381898,1004.9070341200147,991.6327970003016
87.92365486589533,99.53469287211878,90.73350193461377,37.60868193744413,963.2543555328411,1003.1419253560662,1017.6202549675777,2002.6383315274404
85.36373198458438,87.75374699895104,32.68430567647443,83.25332888170756,1957.1339752188892,2011.6348194328934,1049.7072000982034,1017.2602396923439
45.68945580241784,39.6670256673585,31.448386045893173,93.2497039481472,2006.8940421048694,1026.4202659645698,1023.9721969483408,1019.5167023514614
43.16568306022846,85.259490391725,89.2372785748469,80.39980692360882,1995.2113683073362,2007.3186182427269,1964.7642406698233,1996.700516016252
37.99957452355912,81.02487202520389,80.991079009091,93.06318600520663,987.558477533659,1950.1868873570834,1971.4401989718751,2042.0629308962211
96.04344114071813,92.17471834096479,94.40291946877755,84.50418220954967,1003.3525656049288,2013.3182238604218,2004.4932469412195,1968.2111138478585
38.334643119742985,93.17873968243498,35.91264010824169,83.19556225579899,1939.6212883273458,1999.5574707026544,2008.1352172493287,997.5541067142092
34.264425289338305,94.79419552639342,34.94445550654192,88.31077802322284,996.1662752430456,2002.2133499123418,2015.9281048402572,1983.0921400193567
90.32592054583472,35.18986887423057,90.00792592205927,96.9969864431825,1969.5493910958792,1975.456776727115,2011.059016018792,1949.4486350636626
91.0430782234192,80.80233460737907,91.98671205856074,85.05317764539056,1984.6932325401829,1022.107328084014,2008.611100677754,998.0296340281741
85.81222262088777,38.259369335146076,91.0540212975898,42.43804278302418,1941.5460870361273,2019.119055406252,2026.9048014713535,1990.995824752828
96.31763305349155,36.30758985788074,38.918155267226055,41.80804463226576,1977.4936493508076,2053.8213479314154,1944.306386479569,2037.1875294849083
92.69466053591987,35.78230322917692,38.916504652868205,44.20031635313862,2045.7095661896365,998.9671240681082,1033.9909090413025,1989.916347030696
38.880192699966805,87.08207530638734,94.73430903357938,40.309727116082755,1995.4072732072298,2020.7087112654137,1024.4266145763381,2012.304878641886
38.18207859610725,87.60467334847702,91.96277888727856,81.89255588867258,2013.985037021069,1024.5872350826824,2042.1600475112073,2042.2394322157886
39.581470773195775,96.455034448872,89.99830315830975,40.58975032318837,1983.9531853071865,1002.1487581500319,2014.3331385348147,1942.654827931383
42.48776000755505,34.61243683731372,85.39633163626706,89.08926792276428,1988.4476415843558,1993.8731855951032,2005.6182237330527,1998.5171077445473
84.39443691543072,89.89867478016347,34.33609273697343,100.8556710782762,1029.0356675007722,2013.5163252757538,988.8207639407008,1974.6305213832563
40.266096320952684,91.31949087356007,81.63449455381004,94.16783199167223,1018.80594226881,2018.2313463800806,2003.0316528430774,2024.8168781654933
96.1878996030383,84.61551098567983,90.58224148750509,92.65808640865268,1980.9383693606312,1979.0016124436554,2007.7279697115057,1987.1283656117394
38.39642977175355,92.7979996134829,33.01676836327273,42.99180024778047,1001.8607240312078,2020.8187039062857,999.5046031017414,2014.26622954651
81.75194903796178,87.9467016529643,93.6394063072596,42.51751319248669,985.7510457894623,2010.6528419453466,994.3193642123758,1989.7143637031045
88.15768489282502,92.77821702561981,37.35035306319507,86.72522863125563,1973.8536661935968,1013.8223739905989,2015.7022347914626,2031.5830036745413
87.51127242420193,80.38084324475267,81.4822249730966,42.398201146343396,1969.3059995930366,1997.0307361727007,2045.2510276684718,1991.2817623826063
86.36121254650818,82.8088067572257,92.50231528812901,87.69945532681352,989.0739486926748,2012.1720744586562,2026.510222793747,1982.9109371899558
82.17761202123015,86.70202221591421,95.95985438886727,86.31260852923427,1991.3860397154483,2001.6203327314513,1980.1083558186563,2033.5721718987666
40.676583659692774,97.19069167107206,90.77637577563529,89.77567092995541,1009.3251436939779,983.154468923266,1958.3898230553332,1017.3978766959196
90.11131763558559,89.43335469226218,85.22737596955726,88.93216917361008,1980.3436776256797,970.7586730830706,1935.6546244697586,1010.5085709851187
94.13076952604904,104.34810275613995,37.67591007681405,94.89332362489372,2030.4776108553385,984.5379663051477,2041.634570524289,994.8251758612082
89.70152044551122,86.02702260610872,37.242683362108515,94.128033396638,2000.7565231138794,2000.322350466537,2058.7905104831,1973.216956767636
37.614398250319,91.83025283660541,79.17526957450585,95.1736616755341,2036.059706754782,1968.9234530170754,1988.6990467668509,1004.1118462733252
98.41070759076987,93.4390725288866,37.84945960499102,95.65099677587978,1998.7555451305234,1032.6598985205028,1014.4018268864409,1991.074241579294
37.33015727137864,92.60955946702768,37.82629801201185,86.36707237765681,1007.5931748122026,2027.0379056311608,1996.3848044410502,2023.4812303964572
90.62162366298494,91.26106363629874,82.85883134398705,97.71325313000457,2033.056649301694,2001.5298570589105,997.1526885988686,1980.9831007875664
87.20115915475654,102.04776201957299,93.32493399711726,86.80915090723762,967.8660275268799,2012.4920121331022,1965.4192487579744,1982.0559179130312
95.20703745551742,35.4473635537842,90.2394551448651,89.67395611783701,2036.9261674964846,1003.0806973559613,1928.2063804846782,984.5813885098896
90.0946127067142,87.52090530138824,101.18054002812795,96.09422409089127,1033.6340901460853,1960.9349669801668,996.8781222059508,990.8780659173019
91.79686442336931,36.977337287190274,95.44079770973235,82.87287744280978,1031.4549361290078,1001.2204549284187,1010.7350905040598,1004.6926530226907
88.97804222592053,87.16184047380177,84.09881430462826,99.31030987695664,2023.5260650012267,1999.7164506563652,2000.7904081086972,2016.367524278143
91.86743269267431,34.622612901128015,84.72373592717584,84.79920093512095,1023.3705574585431,1995.9313829370672,989.1496583518598,1998.6273794676877
36.24619239082358,30.576602089639593,36.56489204111287,89.81436997616038,1971.4840507434321,1025.0712349864991,2024.6626529707833,2008.8682796316361
94.06971287277355,92.15791047261233,99.39724000408513,84.43847565945215,1037.6038852629285,1991.5352507991731,978.4285183479078,2050.057016351166
93.78033561660695,93.55674366666953,83.49157208544281,94.8012591035242,1971.7185839749031,1011.5389753468962,979.8895761477885,2062.2016286569406
93.11020734187709,33.43751012723607,36.764190835949606,43.85749558365765,1989.3557430143371,2016.364701366503,1009.0799842062424,2048.9625269532903
90.82237970690643,90.50480788288984,36.59520928584681,99.48573001558408,1974.6645931558326,2012.0126989352284,2013.2447779281322,2018.9307469192102
91.5834870255817,37.93661666614594,98.30198605615249,92.32274827097584,1993.7044018777146,2032.2311748063369,1978.0354265400815,1001.9835386832763
35.458541501615755,82.61051571248808,35.284170244081814,94.31810912355735,1965.0703288919283,971.5193854876925,1965.8695730819747,1002.0735186853208
39.22118377749962,36.718846574722356,35.75890818558984,90.48241502910123,1980.5499825706813,2032.576612933553,1983.7007742503524,1980.2998504212994
84.39625238369845,35.2693044258537,36.85014188823352,90.38228038485755,970.2070743267063,991.5728863904812,1006.2680076022291,996.2622563380338
86.17371916002583,85.17861908800857,90.13133672521299,40.216824819251194,999.028117616635,1993.9483911801312,985.1723139876466,997.21565764981
93.0357119675244,89.71994853263166,85.21033931526895,95.94918234877565,1964.4680550210264,987.0218792411158,984.4797897870453,2018.6670933377843
93.54910883968628,88.53587395219601,97.74561311991674,42.32675900740311,2024.6878374640655,967.5504744458965,1975.0766660610298,2005.0803181525346
81.16280903276967,31.56779725818052,95.56137984546274,88.68617557363741,1035.8132797175113,982.6664533125542,1935.761869650721,2012.3630520335464
40.11887212383633,30.236195710696833,84.09648529173728,97.31290916812188,2022.404618241775,2006.0014918190093,954.2716946485134,2001.6690002848402
89.36140245526919,36.969597520372545,34.82061977924545,40.63293423419689,1017.4108575086686,1969.7269206754388,981.8081541861602,989.665927908898
87.44721554296154,89.53098317193506,95.7093809446606,88.77371431279347,1984.973227421411,1969.3582503949508,977.075346881418,1016.0262290425153
88.5597100015212,91.11516756858875,34.9163061990744,98.094930251142,969.0288652421746,1009.6753101299118,976.1402480791243,1008.9832680599989
84.01265037300537,34.48089396494155,88.42376280652188,85.99773089659108,1998.3951894409108,1982.5962350805137,1925.6754517283102,1985.663342543225
84.163535217007,36.47517608785293,81.92871547068385,35.57824524283686,1986.170688766666,1987.2840442492748,2013.5352873018771,1994.4692233215787
88.26039554482342,38.216436162723845,33.267119190447616,41.2951155115397,1967.0244068305385,1998.4353568703764,979.5501834555837,998.6720812828783
37.42367671285478,38.327710923350494,80.91721287413715,98.98583618951719,2008.9557497707458,2029.5652639192538,998.536813280677,1955.092769882434
86.29852466814896,95.86251547032236,95.47661599729294,41.771519586237595,1006.5362704595905,2039.3371251074168,2002.783498909588,2044.3519593480758
40.620287522573435,38.44361070595214,98.21389964211687,42.970274734697256,998.233312788954,1998.5853805015029,1004.9901339218463,990.0255664317456
80.39457345368115,38.65938855207543,90.27221151344382,42.270013565316845,2012.9365388437043,1020.2229712602115,1992.0788343838708,1979.0893510893286
38.16130234957905,33.85054403298974,85.28300121475087,86.51494132268701,1980.7256083716748,1022.341662358981,1007.491939323198,1931.810018127254
88.75682906788099,33.6898636038639,37.510178302623316,84.33294208430925,1028.1628083826445,1975.453773805176,2049.4286973413405,988.1998510758716
91.5681947746595,37.44690618888571,82.91502841501399,98.17964649838918,1022.5890427076099,2072.516494538658,1998.986195211976,998.981503699272
95.25100322323662,91.13543224635734,89.17725484040513,89.87465397081975,1996.5519351048993,2050.3854759137384,1983.0399472165257,1978.0499674803775
36.952599198131225,93.2903665683671,33.445926625111355,42.98303016377312,1966.3658437472704,1982.7953111031748,1979.3014444519356,993.0681731987218
37.941446244265066,98.29125947026198,88.13311939167143,44.82930837367932,2033.8904118617525,1960.3839348108474,1996.578566131836,2001.0001115457442
91.03609442675514,86.42481580666484,103.0336461819619,42.17733680873392,1965.798640845859,1992.9110306096068,995.0965510478353,1997.6962432757894
87.69105197846687,94.37776537611624,83.97599389363366,93.43146420509609,1966.064937329279,2063.4185169081384,2064.2104890971386,2021.1229496546446
40.86489899716382,35.03138962992671,94.43735606655548,43.274390310131466,984.8100241812739,1011.3254974569603,978.8425456068342,2004.5586213683755
100.55852096463809,81.37911371606329,34.856083594092844,93.44935386982877,1992.6777871416684,996.1712747207314,2010.9948127838331,1009.7389873938245
89.966342182256,38.496939411447954,92.37159487794078,85.76848243481942,2002.1206905834997,986.8172809477801,2012.4535581332111,2002.2222375284218
87.28875914192668,89.19147423966362,37.52573964801126,82.87814581749569,1005.0398611269891,1013.8196708016152,1955.9684473770592,1008.5731814258515
82.12969752837252,35.18572866846064,81.37869171489403,40.390953142373874,2014.8895921181334,1997.6311821982824,1034.0087407063588,2021.7673767936883
40.60375287719175,38.011516104757106,87.37098018950866,95.06565055110046,1944.0503425217642,2000.5442413837823,1028.6730688597424,1958.7203010071532
39.69349753239954,89.96335787004703,36.87349164371814,86.97364350720423,1987.7142287293752,2038.7625781696852,1970.656965682172,1990.557790445944
88.32184813195923,33.15297960557636,36.26756238519063,91.91665775155688,1010.7449081351954,2042.6566084529077,2017.4253221586694,1030.547073634941
92.45641444028844,36.49569548749463,86.99120438091443,89.53048629983186,2006.0990361374324,1006.2661921180026,2017.2234992119866,1961.9431228044828
87.89452979997115,82.92313796567423,35.841393011219324,85.47522916633764,2040.9497219906912,982.8373555359888,1013.3635619440081,2006.650431503951
38.311773898036684,34.603835677285666,36.32779731089741,43.29701282933756,1984.8143071189024,1954.6694533950601,1973.5191143907361,990.2952248094396
91.50041328111988,31.71639734545121,86.6341987160627,95.70132151627955,1933.6492998852834,1967.2651709053446,2005.127522165923,2027.2590129944615
40.55522610231092,83.62468491883823,85.87239106406341,78.988600416504,972.5729690516571,1996.2834631611786,1962.4964716087661,1001.8922892879652
39.23154935332158,92.7382174635466,93.16836718876876,41.41209508554686,1989.4486158342013,1984.0172074060158,1972.2796055213562,1000.4479215826289
91.17168675950154,38.14892481444065,94.87787893929745,85.26149975014229,2031.1966208446165,951.2112720157353,2036.6364650024784,983.0822504701974
89.79494174954729,38.17514963425212,90.13456008493148,90.83743705102924,1948.6592781173313,1976.9350704666247,2018.0953397485916,1980.903849331588
93.61684049926026,92.32396359136065,86.79705455212333,42.6344302271973,991.3293716244737,2002.03697417964,2028.150803022118,1907.997872033791
87.35895224932901,92.50812170268298,90.0773852533248,87.61813018645765,1002.1074566345621,1030.7061675808293,1009.8445751868961,2019.9994586920352
93.11200568866958,88.05243804430292,89.28452053049087,96.57972906958864,1987.6023729275264,1974.7231598542269,1945.7584538003055,2003.9428570700768
93.35144016497746,39.99840568963716,90.35763604289832,86.98232569650426,2051.969740755889,1995.279448319405,2002.6611539003984,2028.8079752566848
41.09280619835049,101.5855464206235,35.442969211196385,96.36165969267392,1029.4147082291192,991.4966356448472,2024.0612878284944,2020.2467640815476
92.39380919248613,79.57366045184769,31.945257634293924,98.72993780910045,1991.4282296299307,1997.0815041138726,990.7382092659941,1972.1001507182066
88.86487031139109,85.0797108388332,89.31960052329637,89.43156874841617,998.9978346134953,2012.494560495848,2015.4228097928421,2040.882451767919
92.3604418700684,43.285158901941074,83.29749170533033,89.04335167779853,1976.1965671827322,975.8071931708967,2049.2425621234593,2032.4034773064368
89.31455781822368,41.55205034003771,32.24412740171995,89.37715838909277,947.4252960802505,2002.2481917619778,1985.78200155118,1001.2019429921388
37.42768995929039,87.1978159899224,33.26990950480888,87.71765030315927,1976.5709146175188,2006.608506821361,2029.801591041871,1974.2472643457616
92.17057993489782,36.54083422351377,87.9459244963799,43.802844050699335,1975.560172253061,2020.9974664377137,1019.0201111019451,997.3354605080112
40.77032578630742,84.60046616602631,35.293940625919774,95.50211580817408,1008.4663536795713,970.6551174998158,1962.0893547450437,1978.0060646540226
92.29698482286695,90.87091555584509,85.01323442960287,85.45789729513383,2007.5869733674137,987.593871605073,993.591412226643,1003.977182677206
79.24402774990602,86.71294950754147,36.81289856954106,44.57387867197324,2017.037874442889,2041.6992375077843,1004.8525263252236,2001.5490187765786
36.252387039000475,88.94693250754358,89.43469966922751,97.04735242651621,1977.2764813095205,1004.6605679230415,1984.3089003374032,1978.878878928325
41.09922364784022,90.04859694937755,89.85847552765614,46.10410695070766,992.3335891507472,997.5587144325326,1937.7662689748654,1000.582588092032
89.74787490686863,88.7069402453557,84.30225259961362,94.3702669684564,2063.8009816643053,2017.9825865678993,984.4592863597974,1009.3863976643861
95.52837460315286,92.59528618118838,91.82871566036812,82.85060898136831,1994.5856133522625,998.1554472280876,2018.7311066510426,1986.4329023630503
42.4554356191759,90.87211664959769,82.8526682360535,81.07613798274834,2060.652583234914,2001.6086719816456,1008.7562956942161,1985.1201744116054
41.89113214000419,95.34562383971992,94.13764974154023,90.5082317417719,2002.439286509862,1010.8103336084404,990.7839658603159,1973.6240876907993
40.65334782657632,41.01122839855288,93.259568017906,44.38369436263328,1919.5814754653893,2018.0013472369853,1977.4452513962688,1003.2976518593789
38.79509652349227,88.05102979946585,91.21971346273187,86.12737480616404,1975.6707399306017,1987.7125352487765,2041.1447631830117,1988.3260423654986
88.35838904991094,33.079430351161704,87.82602886987836,43.653300087860586,1955.5842300364877,1968.1573086939754,2023.367818620055,1022.8133250209356
94.59856362861811,89.19218150413357,39.09982791893566,39.70355109489604,1954.8866773068614,1026.8052038978958,2063.1078061073204,1011.8956588706927
40.06128588293606,90.22270254497884,40.098050304390455,39.901124091815404,1982.120497102765,1031.5813125171169,1989.2073373083454,2012.3394604786938
88.94979984657412,32.972115630973775,83.44778914501391,40.33843550974653,1993.9214539874463,2038.7905986885596,1979.8442185122583,1009.5790709952585
37.335102503369114,91.71061820806268,83.76976926500592,89.19636262189039,993.7224229512062,1904.4942143332664,995.5650748928399,1998.6004391057936
90.42678911377429,90.4864677113433,82.71980776017091,41.11843429732979,1008.1433900081945,1033.7365320230683,990.6721026568277,1993.9299270567778
86.17277941704569,91.90336513218053,35.85370334787948,95.91424017748501,1997.6317577202587,1982.3519283616326,1945.4981478705638,2043.9865819528259
96.56314886849013,33.75747393841616,38.3441670889555,86.75222196218984,1012.5482727725044,979.7312100953782,1955.9835989149842,1996.7009585623698
38.79182205518134,31.89804990215804,88.21286148445382,86.36065390066912,2008.9435539166197,2034.6723595289857,1967.1536525764775,1006.5224493699541
39.23368129966532,90.41468074705499,86.83136848519975,43.44331966552004,1003.6667269651194,2085.5328649555718,1998.0391775434996,995.483608717323
89.69436268014078,89.98873693091532,34.81531113470602,85.51715396601931,1001.5507528425171,999.5756953042272,2025.9199508660615,1006.8982353016813
100.19521919044908,88.7383858401612,81.92995620452692,89.56695687919516,1998.631647869256,1992.3811502640688,2020.895942363887,2005.7156693106112
91.39770961713548,36.95996560903356,80.7905650560836,91.63434669037945,1929.8821413516405,2019.850286905685,1994.0447433032557,1991.4756139405388
34.63046642909018,34.90212343869504,96.95145293790938,86.54836236335339,1976.8695832390936,1996.79691914352,2035.1668673188512,995.2240295570659
86.68036387691595,89.59451772231984,93.90162787122496,96.80816688913046,990.2265197459974,1968.0404790380499,979.1013487896785,1998.44103303816
92.53276098448474,90.49309594419097,32.40341654209804,40.11563204100072,2000.5246558835315,1008.672450138114,1011.3418112164395,988.6202234157664
38.23915942079119,38.17685859108644,33.13910450901268,39.42283182143571,2060.714935854247,2003.5986172224136,2002.3798767175908,2056.2783053264147
38.0321018609843,93.53811344206665,85.83079016161578,39.08024405815492,995.4990988022346,2008.8564548716668,1009.3427546566389,2080.7533365924005
36.59215048513509,93.35196644888428,96.51114494296922,84.89008411369703,1988.1364225294378,1980.5448973519206,1998.8550990578296,1951.0020484394943
39.17207654458822,37.445506613477995,89.54528360019961,93.56572726887657,2007.4355110360652,961.1636538948304,1963.7639757903503,2026.164843682534
81.91567391346788,88.78734280236513,88.3863214489353,94.28716730937326,2021.5787975330363,2002.1479546610958,2018.4127196977945,2025.8368007475422
41.00239111116547,95.03414644644862,37.20592558946662,44.53022975425059,989.4375754355246,1021.5209535487306,1994.2451683514576,981.0184391041047
90.33554576500894,86.76973392506116,34.744433118874795,88.82370291246725,2014.1959229881832,1955.5237238264804,1007.3707563615815,2032.361625942819
83.30710624401503,39.731623480542936,95.29930581742816,83.40109586154357,1027.4302799451402,2057.964322853996,1997.347612677955,2019.9775162347255
89.32810344121015,88.9166997777035,87.05858353389058,92.04944994939245,1962.1479095181746,1982.548926617018,2008.2121383037704,1994.9141242779574
40.81404680402768,37.780759494730404,88.21576651399145,87.74356866329644,2004.5642698564502,1999.0418669627309,2022.0767910388165,1003.7087268891285
42.334798350651454,86.97280263403367,86.9492433658775,85.29340735123823,2038.6648063750642,1989.0894735362901,2032.5195648212564,2028.369814127973
34.8310241924689,92.5065041319142,92.3960046826663,44.81965743662602,2055.5186584884523,1008.046879695248,2011.4611548467917,2015.5185475299513
83.76001371886107,36.014077640016716,33.15181526826716,99.46716945515871,2024.6917322386723,2029.596270796045,2020.1813729330315,1977.5942269879151
41.08248779570613,34.94807639855723,31.870769216790457,99.0196195364106,2022.3637120222231,1011.4019871817363,2011.7795606428058,1993.9037844626703
90.18597398695006,94.5836412578884,91.17469177281754,89.62192049907513,2006.7531631469506,1998.626029989492,965.1567401690991,1965.6144171400567
89.92604310863476,34.3186517282698,83.31815516183333,87.6567677702732,935.3986021188502,1000.6213525348978,927.0419033634774,991.2753165630338
39.24815016602878,36.89628865171789,36.14321100450505,41.668817948940315,2036.3333460958077,1945.9880865015991,943.4935929656995,2028.5670721050503
83.21513029382261,88.3472871005839,85.11483694881967,85.89436047125355,1963.4853404606233,1971.0265389126935,1972.4294807677045,1974.6073373646586
88.27712933468733,86.0109195636519,37.97957403261643,44.62611953237034,1990.6922180937152,2056.752322508669,2002.3820454028285,2045.937048968343
87.75957555516412,87.45907850909747,82.5113988858667,85.64120161676513,986.5231727892428,1972.4470541355736,1981.9914043017807,2031.9191787045643
87.61790795280643,36.282754059349124,36.265265849845605,95.86558903386391,1989.3617757225063,2018.652104835732,1995.5531940185585,1989.5065507154034
87.32637109443317,38.52702337391044,82.85255615170064,95.47864822791331,996.8950710786645,1997.459539270774,2017.7333477612876,2042.2914731774192
40.833277388596265,90.61957612383252,88.7897489829739,91.7433407797967,1998.9110763402728,2018.2254091693612,980.9483077965767,1008.7297063131247
88.20082323489804,94.77944517194379,91.74577676354676,39.752615830735294,1946.6286660256508,1963.5674030173886,978.486588111283,1015.9617476224846
94.27437494256804,38.8431215740834,35.12093112486204,39.9871897452727,1996.529920293604,2001.6527948842183,1972.3091497519897,2026.8523397646804
37.47496923835472,84.69534986844918,90.66692774354316,90.67872777193969,1993.4339583442313,1019.8273089225445,998.8773978514307,993.0481361795087
96.05520938512981,35.0825701215401,90.99847760897306,39.935381586142185,1030.144636406842,1954.1732773080766,1018.4356534061149,2034.3113051602163
83.5569646237642,86.33339831752494,91.3089146678778,87.38882561056536,2030.58302097546,2024.4970625210415,1012.6575326094711,2063.7528618786364
95.02277063385361,86.09648848910199,94.22650135766322,88.69970280070551,985.3357716273817,2045.012138526817,1995.0773988720302,1938.6971063952037
90.63544890943315,39.18146654799489,38.621595515220136,90.79218928348233,2041.0327353323291,1006.0603778472064,971.6862762830535,993.8773768538279
39.55615461017507,96.12406537251148,36.39964348543708,96.81734307637016,1015.247847440452,1952.1107752247053,1981.6172287473553,2007.11831760781
94.80979592997194,92.19836731617377,83.00199747045241,92.78546054898047,2044.6831254688957,988.4497900959453,1998.7451128487999,2004.0828483217738
42.36755764006088,83.5744947693587,89.48760199818548,86.80811754255362,998.9132808891848,1989.4966156263783,1993.1802056834808,1981.540686767635
94.43917706582397,88.87843828163832,82.05824614618729,84.43266507029409,1016.2946736012003,1932.0133030184793,2012.4774269157826,2031.1274753831422
38.9850205267864,76.95627517485428,94.60255891949261,87.83015964115407,1933.7979588007522,1997.431721352295,985.8148061608632,1960.1467375515226
89.09606010833744,35.329557277842405,82.79368816204833,43.73409864394398,1008.8473503541697,2004.9774001279186,2046.379856290876,1007.9376263585622
85.14584159982779,82.42744803852888,100.26483372340192,44.826784293667174,1956.0854112036204,1972.817306756652,1966.1850097444103,1009.2695310639759
95.77735012063947,96.06501724128113,91.30123163855195,42.06607018481061,1995.8251525477692,1971.9069223347,1989.2174179610677,2018.5205744328734
93.56971995492225,43.29829293171743,38.59754565177544,39.22074524957114,1955.5246425464181,1969.1798841300788,2059.725881262649,988.538396225315
90.37221994462818,78.98409005396485,84.997901793771,87.80480301692144,2036.9952654209833,2045.1111874820112,2002.89167085213,2015.2037885696695
35.66780102418112,94.15583711729654,90.63309551791238,79.44843750302545,2020.8387806618027,1985.2533438858843,976.0678769005624,1980.428928913513
90.70248763576005,87.46326455087859,37.40881693503654,91.83622337954513,2006.1345865523774,2043.1362379254067,1996.5304683666366,1964.202147840645
88.98614649273178,89.87032432747026,91.09081338545654,88.73989846104944,1002.6253974994661,2016.5630785055598,1999.5690465237737,1013.7188984383117
41.15626565219499,97.94236457466482,35.43769366843499,96.78309709098328,1001.8806769563636,1994.1899004796114,1984.7721680051009,2026.2894103888063
84.2506318658549,95.10573198144732,85.25054225250581,89.30876037756639,1983.6636400738114,965.4950239532998,2077.984191439862,1953.5080959328336
91.89375283641904,94.44054094737001,86.77637143181376,41.523411663482385,1025.9658549901103,979.6521675150003,1977.6631254674455,1009.6623219975279
91.6318178696673,36.86129886312901,92.4927444797646,39.86692679954379,2023.1065407751773,2027.190353636248,2005.9505905930566,1967.0124567744886
84.44865009241978,94.62658037335456,95.52943979153406,86.86690485168958,2008.0774824093598,1012.6709192361932,1999.6285726435065,2059.5068681152434
89.4006229792431,91.56536945902744,86.14980916674365,43.46253429189974,1998.591309371823,2019.6551074083648,985.0979812332048,1996.293425742033
41.30922133266079,94.51295871202204,92.31021997028192,44.0907191195014,1981.1293611760736,2008.819521903927,1980.202036473807,983.8844413361187
88.14778399846513,38.60811536803284,35.45530944199574,94.15090370655348,1031.8812619073497,2003.4683669814367,1978.6960012315596,1969.2470622851743
94.79550058896396,39.23904218355486,36.83558114651758,97.25526267483927,1004.5847358834754,1008.3969707561371,2001.8626213114976,1997.1448039635038
38.15704639222433,38.08728312803005,87.04420755227183,92.0845181540006,1000.697544409291,1981.137078507205,2019.4717565701058,979.2394481916433
95.32769840039255,99.03728093311324,89.38828221964181,42.65351960893769,1992.378578153445,1011.0522427992673,1943.205574867366,1016.5742905939054
91.64351380865033,83.61743348482833,33.98675957307012,45.56742540076303,2036.0106307261108,1935.51453363751,2007.5550010080726,1968.0507703028075
92.70035627044163,87.26987478736018,82.31786490353696,95.00319481744002,1961.9411660499627,1980.4564620958035,970.7863582777061,993.5991806798049
41.97303981813707,84.23843962200829,73.91209174365835,88.94092200786092,981.9859606372288,983.981991904416,991.4023474030972,1958.3522997310074
38.305142163764515,36.32973872655873,94.0154963346352,44.03079434391462,2007.074793762695,976.0292144496694,993.7869185278148,2027.9521151181045
86.19304490150357,90.2817756977545,84.3366891237408,43.323295121050364,2025.393462229585,2012.1051470022574,2010.899152523498,993.0724275822862
94.3104376562867,81.35109577386069,33.99860492304619,90.36220915953928,1999.10765163688,1989.4472805206015,2024.9911856079557,1991.6118338279534
85.74264150234501,36.77799950091188,95.82835212038093,44.29780579897277,1985.1722934989239,1018.3595614402633,2027.3502537227496,1015.335908173841
92.7961013388836,92.54393302921311,84.16597046578406,89.05176157443942,1008.5949026574618,2064.733635408654,2061.4301661262566,1987.7384427105737
91.4849834561228,86.20367616789967,85.59090073547549,90.88140294852887,1993.858776890006,1029.1542800679872,982.0151989361893,2014.071368871426
40.35824795593827,93.41999785951194,99.2017291050277,39.21552565498344,1980.9721780854418,1051.4525834589922,1989.478529034036,1966.1540200143463
89.34128313870524,40.361435192500466,94.6234736373418,83.14056418652217,2032.0671040733025,1955.2293508400935,2010.7469978226165,1999.8341956622633
37.00169621865258,92.36251129970344,93.63103749335431,88.96598636075589,992.3905369246299,1952.0632022995474,1013.6026210325784,2037.5282429289448
82.5485450864766,89.05854229750464,91.8315773534192,92.24554101992184,1972.386355709828,1035.2027719057928,2007.4157616306197,1984.4499876967584
87.21474641005707,84.99435863111815,94.0142262796782,100.6786261873506,2030.894471409033,1962.9902517573407,2080.541220174006,2018.1427446588095
93.44579522415208,92.87044425602373,33.22251807687348,94.17072215583569,2004.4890952536048,2049.863205531799,986.5884815697123,976.1569543003598
33.214024522246575,35.03458739608892,89.29791362611596,83.9777735592046,1009.1894810374679,2008.5117249266673,996.6610511192823,961.7056504058547
35.368490831059674,100.02351567611238,90.73473298308572,90.996798563347,1026.2889446561785,985.7895239780175,2017.4209751788637,1988.1741986513362
85.73225004818521,35.77299765498565,106.54707349731319,94.27275990875182,1018.9578443745978,2026.4059329217018,2018.6337765669894,1022.289397889315
95.21759407874242,93.28638545658042,38.67196533927482,90.65948688451796,1018.5300190236388,996.278951389724,995.0150989576475,2019.3269164158485
37.4703067946658,85.4857602088933,86.08196911427538,97.35520576799236,1988.889516441118,1956.072545083158,2013.601987823316,1011.7951866775242
37.85564058757178,90.90692283296745,33.56765142052309,91.77520060473333,2046.3612493807307,2013.9383883416592,996.5997683697103,2052.1393849820925
39.10893721024159,85.38369721298072,37.3349684928046,91.47342493206487,2004.775755763898,2013.1821213175854,1014.8511506167991,2020.0830321389433
80.26637088367264,89.23606059989493,34.237371109930734,90.26348108415041,2044.7030590811237,1976.2584494464274,1013.3619314328073,2047.8110199251519
89.21763012294784,100.06599136071645,88.47288307504991,41.45142376750212,2029.7648586355374,958.477466530378,2028.8701673642747,1005.9933788683934
74.67682134690884,87.70644716260121,94.88508943131235,90.74850689585028,2021.6952258517008,955.2612738041257,982.9082851392078,1018.140596102724
90.82317577397147,37.568688288571195,90.36030415731868,92.91109660834337,1979.0888685604539,985.6586637284361,2014.0401784851686,2035.557407475815
41.287578207716834,35.00666834291691,35.267764319250084,42.31532178048568,1968.7655444080244,1023.4280568949761,2046.2290654472017,2016.2913365318918
39.548695449300055,84.44233553537383,95.38373925209883,41.52843293819645,2022.1024235012308,1992.9208364279998,1991.9305357991543,1982.968494567501
85.63843409587159,93.95204298768523,36.811260827791386,75.90103518219625,1980.222319515791,1994.108840867081,1935.618727876138,1997.2063512285206
73.183697878992,91.13909515636526,91.27298587453362,82.04985147737693,976.8416097546078,2012.2609886234243,1938.7051808850656,2018.9313650869708
42.06435248198686,93.44418577593244,98.78798511194466,42.99590653045365,1007.069605054203,999.5870415816848,2049.264687532076,1013.2093950552967
41.32940869559495,38.388423133937785,36.55618381232358,44.39904415309004,1984.948329575266,2041.067355707351,1958.4882159219565,1005.9793456761936
94.78902582325887,38.44287213811127,92.97307298620237,88.80473633932138,1969.2861514901601,2008.1917354422237,1001.9665396875888,1971.7340426515834
97.33411992553151,81.02855598627283,89.53952955644456,86.2375751916451,1957.3302175357862,2058.0468800965887,1974.0238830425048,1967.096203045624
95.55644869895958,98.7329757322768,84.05982918624669,46.20687742623768,1996.1032476054886,2027.5587483429956,1006.0962747963044,1009.6254175147689
42.926887604872064,90.81411350976778,88.66866807700671,88.95707335346611,991.7521133340733,2044.7797573524276,2037.2826482685132,2054.3364554718155
87.60426911324981,39.062434820641144,83.69041137227059,87.43562431068041,1950.8489116048565,971.5590902794668,980.961924738511,1979.5295143607402
37.44799775942227,37.798715682641955,35.90292936618668,41.850004961884196,989.0896833785284,2013.9548371824333,1963.2157991637735,1008.6993109495295
38.34730183939231,91.52265371668625,37.88240637272321,90.89735336258333,1980.094145140027,2023.4369325355242,1017.3439028006429,1997.5810437455211
40.8152450396324,89.45111300479479,94.81031910814887,88.11534351098598,981.4468844107305,1957.2391937281286,2004.0073962130532,980.5530964974279
41.40618262434569,89.82505511023449,38.73815011809859,95.6763794709743,2031.027122782903,1985.4825482554263,2045.895834423163,981.0331742428725
86.68110591819988,91.44160784305775,37.56915960559135,41.69501152978153,984.6213684870846,1988.6422386280972,1016.0911380942788,2003.4182303452078
91.52619340356138,87.24999966252695,79.11051498680872,90.03537058528755,1973.3908131713315,1986.1608085748785,1011.5836409497579,1949.0590301990298
38.899837710802245,84.190225205639,88.23109032754574,103.21850116909165,971.9230149223936,992.5450582502446,2019.5726982935166,1973.774094172958
38.46102000917242,84.80556335279171,35.79150332652484,84.04212394490821,1969.878640427596,2028.5681173439523,1993.0523308985685,1977.9013844656397
92.40095007894155,91.48537815072307,38.65836156514248,85.7156749199342,999.6058400487467,1012.6145645506982,1994.878368564824,1994.5449133875793
40.64160006624801,88.71951556269475,89.03227955617412,40.74381136175289,975.0853654098069,1016.7971701949743,2062.7362564085147,989.1329735639331
90.29728544273452,83.57948720925134,90.580740944317,43.84511608239924,1019.7772315022016,2009.3041817866529,1968.0992896405464,969.3294359073327
99.83537979225987,84.50395106250672,85.51172282336537,88.75998635245051,2040.0037400566803,2018.7410868116192,2023.4189917020562,983.6148899383204
92.13017993457923,85.40866787543243,90.3280011706493,91.56890157903388,2023.090667146263,1985.0059291930797,2028.9736361738571,1962.4036810509751
92.86574557709964,89.27408201199691,92.00604233829381,39.01419048647996,970.6603899921973,985.0330498837983,972.9062732545802,997.9160953439045
93.72728125955123,36.56641375231882,92.47457964742863,92.86431880690613,2005.3235868729346,2046.788454923113,1909.33696517779,1970.066365878623
93.35756224786985,91.47359391363871,37.88041490927745,91.18766020824457,997.337230277254,1988.903950177571,1993.1057022202172,984.9539536295595
91.35193583502479,86.91101762934021,92.31397465658482,86.24930619104057,1992.7644670536204,2015.5414249653766,2026.586150943127,1008.9480390211659
92.14362362350619,36.57978249856642,35.91390585762352,40.02548735217846,1022.8120105475975,2014.6901019118684,1998.621178461604,2020.3987103341897
84.60746720269685,33.92810551988282,86.91165437463336,43.23247520599136,1988.0961410168932,1965.8746898699874,2015.3913059946335,2036.1586660105645
99.33200379267305,91.74257042401625,93.33433381679902,45.620151158956844,2011.4877183158978,1986.4176498048907,2055.4463666270008,2009.194868861574
80.45653289966255,90.81576540743428,79.45501500260758,83.29262495714221,1971.6217319879897,1993.221882244457,1978.0976997778855,2006.5925316493247
91.4135182834273,89.53784361037584,88.08613038028423,43.69537995064644,2022.1554388012041,2025.1069334437127,1991.4853296642975,2035.1844000470214
45.05044353977656,95.0069037248806,94.05975508831204,43.454623134117014,1018.210122317458,1981.4996700122958,993.7881604536262,1977.7527129990815
91.25092127019919,85.66370134037332,93.10714843726191,91.04540873748346,2013.7282351011838,1916.9332285506503,2003.6378591799792,980.1049376050689
86.77539571188393,38.98414822268638,34.051732238283705,42.973038495758516,1967.3773595180958,993.5002562243142,2056.477004200732,1991.9035443292644
39.37361330426017,39.55848602199854,87.81636426147782,45.20920666673025,1986.1063226048532,1007.3663901905605,1950.4524680901225,2022.7853089599926
82.53977725531843,98.00636496081364,78.86162067321895,45.52251328980037,2006.2932475080688,2010.2099289440328,2003.7674373070345,993.4928567328557
92.76035532906845,39.92691478260703,84.58618827882427,84.8733400982906,1996.4105330544082,1996.4357763448018,1982.0453834408904,1994.0245842008126
100.57404544309931,36.50831603707243,92.63475197314268,45.291536221530166,997.1534099550112,1012.4417744548809,1986.203634045062,1018.5722522627498
88.95535046498556,97.96999220565681,93.59923062010802,43.161608510957535,2040.6239851108787,1013.2174016472193,2014.9619977854393,1974.4488347778454
40.0546434467994,92.33039877305205,34.57741360023149,89.2674417960472,1954.8429152805895,1007.077645812883,1988.4376938350472,2058.762793432222
89.30857312125241,97.17334523085593,87.49275193253007,84.96045951626057,1989.8512759189161,1984.4864551977832,982.399325202274,1967.3519177627852
95.43950246702967,37.762483102234384,91.13020812281734,97.98140218673034,1006.7984113976449,2022.2353333054566,1976.2119988453546,2012.3386331590614
88.55930316079305,39.85971438149538,100.30019062389789,90.06180274259216,1008.3239069462654,1019.794352220189,2001.2719388718465,994.9989085004354
86.56805279519908,92.00183967110792,82.29530415157635,86.15896271922519,996.3405491374298,995.6161627502782,971.5099960976393,1006.6986285896362
39.037020050427934,97.76125245331245,31.207967919631088,85.07759972881487,2021.6088875820544,1973.497299781441,964.7443694335591,2040.769750128455
88.22164394365379,86.17943084699667,95.86183402123284,38.38148375153536,2030.3686251563831,2009.2972970086657,999.3892502304473,2006.5981929806458
39.058826090107566,38.1451716063507,90.22710841821296,40.3479362684859,1994.4259650091067,991.3760091497451,997.8010506891485,999.2764293535333
86.75057359563006,33.8030818980093,32.284579154150435,42.69319568319062,2016.1578382284024,2006.277889699376,2034.7874438796246,1995.7758274712255
39.53725931840445,90.7286977755736,38.36908463797221,87.85785743613069,1962.1825939837247,2091.0596312869766,1997.6132564333855,1995.616000740412
79.13899391071817,36.913713573736246,35.28059385917669,92.36819739565874,1991.2802888004587,1017.6854883561277,990.422505578364,1967.2532233965549
81.94843616975467,35.190512759654936,88.04232986140137,93.13808826393101,1989.7117942275308,1025.7663277222723,1994.6201313579352,2067.164664667719
38.65961145757197,36.13430176549191,91.85705288775601,96.27722485947781,1968.6834628048134,2020.4112223161337,1955.1775561432944,1031.5101611606308
93.79214905630273,93.7243608416752,35.751453021216165,43.930201992281255,1996.6067580066556,1988.2111966306654,2003.6612839880293,997.6245517685269
84.40083419330159,93.41937060600264,32.70363798346051,93.17538197372224,2024.943872996811,1991.7288162794948,1946.0880078724215,2010.71179974026
90.31344775198758,89.57820664046652,82.28709738726685,43.67237080281254,2030.4501811871216,1020.8638829836646,1999.5897661124134,1011.0242540338533
97.28990896008932,90.15289312586306,37.95474244486998,42.61470368505434,2003.3551672810954,1965.2245541607467,2013.9424176963084,1978.2582857744826
91.84814925076748,31.599881954572176,87.16982099454997,85.73009524139273,1000.0896236118149,1973.5938496344397,2051.0607077048844,1994.5565187141883
88.56560083772915,87.86591964296531,38.60046506236296,100.5355071163016,2012.7102180362742,1995.8989845000888,965.1774720530586,2027.2187151483422
93.19167472264218,96.96977947702332,33.352071926215714,41.38995094263713,1976.8744155593076,991.5175259092503,967.3183966259771,992.441097970638
89.90351081887144,36.388931593864534,31.01644003715828,85.84459927303365,2028.9857370845077,1971.406275570536,1984.349414204397,2013.6690021951463
84.15853126094406,35.05183572274939,36.09381791028376,39.8015636085581,2028.377662360819,2015.6803771681912,995.0437145071646,2066.0835130010173
87.95372977544838,36.70119993695501,89.6844788766758,93.30750552356642,985.3146455971746,2009.9937408102976,2021.0127844019114,1026.5858298748694
88.3328960749148,87.03291173708541,90.33710003781793,91.81270612613703,2056.825740251375,2020.744250473101,2040.719541453888,1937.655910480311
96.20132928667584,34.95178770589855,87.80169459758977,38.2456436470966,987.4786861557366,1990.9773444262785,976.1298400357842,2004.4951695717111
90.69483130349907,84.34856642555854,94.88687104353207,81.85070265221255,998.6915150092143,1967.8952541947724,1966.021874502223,985.0948753567866
93.16665892891413,90.65187203992853,85.65455855381958,95.22233610021006,1980.8593636649598,2059.86174818155,1049.6922431023588,1981.1123887146564
88.29057414736545,94.07951674099277,82.08635051609235,94.17895826190737,1989.9409543179274,1030.2700558546742,2044.3124822468449,997.5958259968411
87.11947309111274,34.86902186877782,36.4570590453133,37.44560999309739,1018.2133139115633,1008.9649603863345,1932.353226682422,1982.737885098849
93.39363872607815,97.77939869822781,36.03196514868641,41.36873097400037,2022.8914265531914,999.5953369651162,2056.0822270478266,1008.3942177232931
101.39388877244201,90.12701814090177,41.27594404909533,89.79583210516141,1029.584588772537,979.339034320669,2055.8132362689275,1017.217603459119
41.04468509754991,90.01455397767897,40.89577277345906,42.40889166617917,992.4457898470423,981.4945298779173,970.8345862505666,2023.766985797481
86.52329958910029,85.69898424010975,86.31244586850306,82.8813425017126,2020.3881849380402,1977.9712667770943,1981.1960562626118,2015.5060217318758
35.30021859345478,39.312893922949144,88.2772213427792,86.42587923916373,1015.175948601282,1979.6878665532897,1983.8559912681012,1987.0457845428498
36.21376031645696,35.67254573590069,90.80060458384055,38.87524508101853,2043.6896898065265,1995.4492891438936,993.7574255594399,992.9805823776634
94.50233267478514,92.90020245620407,87.47882353481639,94.48747337514382,1003.6788671720387,2013.519828761409,1999.823480713382,2031.6331113869837
89.07353231144603,84.52977879943104,88.66333959847098,88.64055088667334,2027.4622118103448,988.1131257185593,2012.070429040764,1991.9775606731034
83.68165790037398,91.54570597367898,39.84731637811102,44.120433819679995,1991.8618946390884,979.8390982231849,2016.0957050834995,2054.0556965517994
88.63922287032135,94.62067891942016,99.20434965492464,86.0100466844128,2039.215694401487,1995.5753406320514,2006.8832413676191,989.9848979594767
86.89013336327278,37.20016135596785,92.0285035046669,91.55919855764212,986.9679150176095,1010.2936589167555,2014.3956589932106,2024.514724143835
86.96108480773636,91.66191682589974,36.65404009722678,47.94516480284259,1989.719194584155,1026.8297266388713,2034.2517993160282,2007.5397479098071
38.48183541847244,97.19889615135223,88.00568932742671,43.74775183386711,1010.5061337740273,2031.8438269703242,1975.6538725632934,1954.332387386873
37.118417769007024,93.26273063875838,34.99318470112087,39.158655727048114,1985.6848615767383,2016.7552125167401,2037.3472037592715,2001.9916794818705
39.2714394312538,89.11070994735232,97.14109604250648,83.08581550718958,1940.166022154207,972.7746068124427,2015.785629738715,984.1736964319509
40.65125805088044,80.54749729197688,90.18980929069811,41.14378095624281,2075.624050385651,968.4354364847205,999.621675461643,1992.1692424214498
91.81465210959763,96.60000106272508,30.843483781888104,94.39159851615969,1996.3265667210046,1984.08884278972,980.9168749658816,975.1425356601509
36.292626788031924,91.57277522961061,84.84936451300229,86.2334769605342,1971.3969520821574,1954.132078374526,978.2174029094424,2020.5691836529734
88.37440102571126,87.36257190810717,92.95983330941728,88.10254486535345,2009.8188750005868,1959.1326523590674,1928.5840660349422,1012.4437362329965
40.93151864262069,86.8743146117643,40.053757641483124,82.01533312459595,2061.55523826142,2042.9654996012341,1015.1034822058398,1008.4814568184597
74.74705284305882,38.24969527166027,90.716862219683,91.25804733544688,1993.5307098815251,2020.1518461785622,1936.390763943157,1991.7023589330545
95.82300253686532,86.79800512860066,33.21185768754657,92.91951753467629,1978.3310406871803,1011.5281424356683,1973.4378934656424,973.1443436559916
93.69487971787936,36.232713467947676,93.36814966059295,86.33013979840922,1985.6753289489686,1004.8990204376828,1006.3323019265542,1943.1781727738858
92.05220141001729,90.86392773163145,90.49126084167251,79.87024773475613,2038.576405570458,1996.6970227863953,1010.7772779587146,1979.554182539558
93.81831004338206,34.119638934914185,95.14664798702762,90.75049548577192,1017.076106691159,1974.150255439005,1944.7153826684978,1019.5748329391479
35.1371149068128,36.29269405717856,90.43980357640366,95.1223944220873,2016.447508034461,1991.3860172523835,1016.7088084165725,1977.2702734291404
83.64157513884729,92.16493560677702,96.9651119706464,86.03794275824374,967.5256689387251,1011.2169649508432,986.3356066975123,993.6305521117263
41.87601948815226,35.921408766770405,34.69863538654139,101.37792053156416,1988.5732578821228,2025.405243562349,988.7571586754918,1990.7592841869316
99.42250424643919,90.85506717756448,84.59552080982081,39.073780544609996,2073.356912690749,2004.1570600858208,1993.8049241016047,1991.2896783988633
84.79076407881121,35.17011430503321,84.49092008846024,95.01652200227932,2021.8590178057473,994.114721773409,997.1120806976674,1983.359512434695
91.90901067337079,33.47832591950269,95.50953364025365,84.449945544971,2033.088857209175,2028.0736118737777,1001.2281770179792,988.0111889796115
39.752324587253824,75.47873830395064,95.91122926255304,47.808780532481435,2047.893087801199,987.2283940556046,1991.2377801676835,2026.7079053207185
92.91518189004167,89.61285162383882,32.11080289017121,88.13486569798583,1987.107790285784,2047.6471718474322,998.916684721564,986.5430075980115
91.85623367975475,37.393294386571256,79.71192141753997,43.58150038717183,989.8253380556534,2021.7694874635297,1956.9224923181553,2003.6869471047619
95.53353110397208,77.37882014743593,88.79737600450875,95.3301127693504,2041.085135756116,2020.6725018427235,1994.8699483014143,1986.8235520968901
85.39724076904251,88.8591763913628,37.85386858707624,92.37110062122912,2053.468760785462,2070.12858907878,1999.6754756586677,1000.5174375742113
98.80963566108407,93.52348121515797,36.345687984729565,90.9357694500385,1016.5473130800467,1995.3237508736563,1986.9728086386463,1939.583620994577
39.29199873310603,90.83965939474085,89.1091638758829,41.5552811646859,1996.1440095109335,1989.4407032778072,2021.8583789866636,2024.2379187462086
89.07136432993258,87.66265204104795,97.4404769524879,84.95106154418242,2007.2344879655443,1015.775031367203,1022.7194609777946,1965.1352684345873
90.24616413065783,85.79817964985088,39.06492464392534,86.55019323008547,988.9933625868331,1994.3224516918226,1009.9050422644374,1005.30952380005
87.907082113245,30.72500469752224,92.30702987777634,42.572648901332876,2067.8117913612436,975.0158748898191,2006.997027777323,1981.1476371935828
95.94193988841232,98.21835737184378,78.26307852871386,44.30991617413503,986.0969073156039,2011.322423413259,1984.2053247707452,2002.3660512347633
41.31274660187707,92.76623980366729,33.41316178612209,43.29922580697806,2056.0495193439283,2050.924248121978,985.949852335551,1013.8613058217836
40.363061266833114,88.77594868812326,87.26271202539533,99.37276231328849,1948.708077762347,1981.6694390851058,998.9812460410508,1020.0508369011679
86.06455483981262,39.997088273963115,97.29495863017355,43.80739985286904,962.0377638833355,982.9363106377691,999.9341225636176,997.9626269002679
87.82165713330679,89.18346103086591,88.17778421105957,43.01498052835585,2027.8065245735481,1000.1240050772694,1998.1416565260981,1009.2043401969333
93.61646112745376,90.3542193215427,87.62382833044494,94.92488629936206,1006.045646155525,1983.6774278483908,2036.9873394647464,2039.301036855445
85.1073420635318,94.66824132297597,91.76445404594834,91.4548288010483,1961.5756859790201,1013.0416961894846,2007.2907053261933,1975.970670839559
43.357101639011134,93.69270420148068,32.89606852526051,96.61275262880653,1987.880880399583,2018.6006031227405,2023.1505503140022,2018.482569560322
45.74495251253713,35.62797652468902,90.54675326630282,85.22767411191055,1996.3994509252611,1975.105599795942,2044.917230696386,1013.7063605777403
43.61080592435279,89.75538381793952,91.8702998628688,90.2027314745155,982.4274162656938,1026.0777590536609,1018.2153935026196,2017.1876381910486
94.80887144716336,96.91858433564309,90.08829278287801,93.06086660342284,2013.0455400547205,1019.7146829064459,2021.2393032167124,1007.6956977795758
77.18858664752692,88.75691486073802,87.56759114226419,86.28508814373548,2054.255891277465,1967.5851166753673,1987.0034892956783,2008.9821884562916
39.46333441653871,88.91204366119237,93.87409744609727,42.096327081934604,2007.2817712335793,2008.8398749505166,968.3735194764508,991.3037521813217
91.88021305411215,88.79490254616636,31.891885604565758,87.23669085404158,2052.9247784276395,2003.875337516845,2033.7215800186696,2003.9028328941558
39.75974552208529,89.20703931573746,85.97761805516346,82.55023441809725,2021.184684196691,2001.247150449632,1994.5042106498884,994.9807234480198
39.65691310967745,91.83282848353565,90.66549947160027,92.69244482508346,978.1147517528591,996.3841241605346,2069.3143440235553,2020.585063804526
86.06007493142786,89.76267384457286,91.84937814276002,83.96230709726487,1955.1069116498875,1000.080012535346,1973.9729445348255,973.6749727367137
85.48293276930694,88.72319389960346,87.60543992705814,92.66413620935462,1951.1844200631074,1021.4080100846528,2013.8051582609871,2010.1246538331134
40.33557040698771,88.27974975951012,92.53297909359038,91.83518472743478,2004.238589598379,1971.5909050761018,2024.6329247104127,2055.9699548697363
40.96553121756733,39.1074597423743,44.84375986762825,43.368270510086916,986.0829731586612,2012.1985320031235,1988.100916040862,2031.9407852844565
89.27796370623327,85.55194952468588,86.95911384521207,42.37253504195334,1954.9062632020484,1995.8239771398903,1992.2795098270838,2017.6035139682033
87.60640238454818,91.9537139620213,91.41314230488747,96.5728372285413,1974.416339470609,976.9939989993103,1018.2909486880678,1949.4274851708592
43.451948435762944,87.97865220653676,31.483491562854596,81.96121712286384,956.3222105073453,2033.5340362657423,1974.8143056116153,1961.6413454770739
41.16359432004481,38.28402957829633,35.472649115292796,45.344176826314325,986.368468995237,2031.909570969924,980.1993599174846,978.8477081623969
36.910360494844554,39.69007627814722,80.26452399665959,45.1184918644387,977.0872196211242,2038.8217895030705,2014.5460250980193,991.7987222275681
82.99269830898523,41.01475199783067,85.67554892279243,87.76331945948213,2014.6441075199953,2004.3738523410602,1982.528762496577,1011.2722309626639
93.51085246224991,39.182103694528145,89.66252855892228,81.10351428237827,1991.3072637651421,1005.9099395505613,1973.4985915334382,2050.89602525007
89.12520995353977,37.151984490198146,85.04726616635068,97.70012396484611,1970.1321503778577,2013.338306383657,974.6265206091099,1977.02299816338
91.03111619970089,34.45558559537827,32.722806715367696,90.22419870080276,975.0037233241527,1043.7396375267924,979.9232764360406,2043.3889891977003
90.41022499556519,95.06930769471647,90.69876770275106,85.61755850011565,2022.5441612640573,2028.4025165531862,993.2612323764909,1990.7603174760561
96.7354926221162,94.85100414859735,33.38948460616676,42.869062204291296,2003.3269670917014,2018.8625269686268,1981.299106402191,1930.9522485445034
39.7912077990552,36.84482674452131,35.31081992915327,41.16140467631721,2054.5229214852916,1984.2502914630718,1984.4889062523425,1994.53210073321
40.5834181866813,88.58431656756923,101.46238255577148,86.4336725916692,1925.7865700873906,989.3201164899131,1003.0089917870016,2030.6223387193913
80.40707481027793,36.13292271572318,87.58991742249351,92.65946910114948,2034.3509657107281,2032.7583320987324,2024.4726843351623,1008.3836794738224
77.41525325727032,35.371315060502894,34.98397997531939,92.20252251498016,961.884435837451,1020.5552486340121,987.2815383174425,1982.2264627681764
83.55955336079755,93.34716331987117,32.890387725823075,84.24018461108896,2037.9972092982964,1008.1368381684786,1979.683451896872,2028.3033097898049
93.3502397974928,41.382790699860806,34.38488623888048,92.93319315602128,980.0433329929233,2018.4697349906985,2030.5386362044128,2006.9241905070562
91.13130630525508,92.86195593046324,93.77312744075687,42.84468582903464,1911.5383849246668,986.3376392693635,1990.646931818937,1997.8846894951048
96.72752689127474,34.661407605534876,38.46632715343886,97.40658055415236,1967.5162432228608,1999.1352325864937,1979.9068702639513,991.2461111594419
95.80647993099335,89.64598381220678,78.88680856882843,99.13800827868369,1990.2394509250837,1974.7820513991358,1994.7165749447931,2004.1599478994162
96.71703091210829,87.63713814758208,34.22766647532005,40.967843510137826,1998.1352582730278,973.606383585035,1992.4595745592337,1000.2635314953236
40.372858599693174,93.18407922404887,85.28316236590754,84.99699908116311,1990.544859899156,2000.0701276668883,2054.649920989575,1956.3735245633231
39.00637173551749,88.73760845409556,89.60693787688513,82.36834108797217,985.4059795209511,2019.1456310970177,1969.5630257862556,2025.8257688237602
98.48104002838728,96.39689976759813,89.62842623365863,85.03998442376174,2044.791725536002,2011.6721881592164,1930.1680638725616,2033.9288664474686
84.07052597179556,89.35359917740418,85.75325105553408,99.4455021225348,2004.6892466761317,995.5152952057413,1961.1820369753111,997.9591504648192
87.96669754077422,95.30439911201697,35.54045553370695,84.82641887838189,2013.502076155608,994.4007497026923,2002.2916183784364,1998.6506382666005
38.58795135565867,98.19998762540519,89.7988330078093,42.984899221287925,1966.0975963943952,1945.6076926909382,1940.5821743855888,2018.4328169845976
88.868856586247,37.20030990159866,86.57478725478994,89.42386834124243,1008.3996315293359,1952.1456460019376,2022.6674307464575,982.1571622491333
97.36409218975166,89.77073627092837,92.26730988456893,44.33382964789179,1028.5073862015586,2002.937839173604,1022.1127354539226,2006.9470378214303
91.19033908344393,89.80472663358516,87.20357348026772,91.83911745619675,1970.709576821691,2048.7209596572006,1019.1781853172283,1009.1353999701621
84.12543581688902,94.33452422252509,32.96042075047823,84.77478400933049,2025.4451899275798,1054.0069180819905,1011.8187558675386,1013.9575424017664
87.98051464036311,36.74507192953506,88.22047942428692,42.83232786228746,2013.8698258277004,2009.2342381099209,1002.6509728003492,1987.182082546511
37.86804126334824,36.15979046511464,92.73448692260871,84.01828040784983,2032.6473708669341,2002.3267457696318,986.9181323348663,1948.0662889569367
84.64913673316849,97.57762663281319,34.48462558932711,42.514147533271924,2032.5756576295655,982.2147749087592,964.6057089667595,2011.7590162016884
90.17311223445742,88.77057459908076,88.09256060238951,88.857812923043,2000.8021269897101,2016.2812113927191,2036.820577005608,987.7566741362451
90.07398310350544,96.89208842522686,88.63880603419071,93.90296692888693,1987.7285567901429,1993.5213343506946,1986.6988669649397,985.6065481063833
38.91561303270429,39.25278746890722,88.16494600619372,97.28041967133979,997.283420996074,1979.3689886026195,1013.8657953660554,973.5718292205986
103.39540449865922,87.78377800692992,32.11154620189274,97.46171109705764,1014.013765597231,2009.55599069164,2019.8634203158203,985.9271794323918
92.3671482158093,104.60472499904363,86.79937447166925,83.61758775329167,1008.3723922980987,2037.3453174041492,1961.554182910299,1990.3982336149538
92.65974862913761,35.60543500288183,36.41695607834726,43.94407566174604,2027.4588977202366,1992.6242978190721,998.1248676683958,2021.2113670881715
82.03517373337644,94.69035047196795,88.0507951510537,89.43764081575905,993.7952819845716,1971.081194682432,1985.7910121470093,1982.7541599886893
80.51028758947983,93.76431181780171,92.10093673488666,86.20508141726336,1030.8232301689543,1972.476872123529,2044.7363544226896,2068.3835380066057
86.31919808238726,86.76553458894291,91.68876799241522,88.74798785071235,1000.195867383129,1013.794838782042,1991.9209799225569,1984.7409602906241
85.87339642265414,96.51020137216675,84.15816396522358,85.85388404357556,1992.6610276126235,2004.5829619600324,2034.3913021452868,990.3554887503842
92.70425398616891,93.98702220934888,32.01228567492072,37.46121256808226,2014.8080844073336,1044.9466610912496,1968.6829103903476,2006.9295735700875
37.99431339089013,38.042829395757515,92.67699622347324,40.7451926528354,1981.3692543930745,2036.0206229821115,1020.8649559501077,2011.4017452893886
37.41198327483741,38.83456830279432,97.70313447539358,102.44770211095043,1007.5253028379252,1979.4714776580959,1000.765833826116,1010.7276007750072
95.33729365153215,82.57648292811295,36.802644898018585,95.06614074319005,2053.5773639218164,1956.9170399779086,1990.952092141836,1990.0866839635783
39.01801982530013,78.54625528748286,91.27967895415313,42.808087435265435,1986.7909021756466,1959.4223271785024,997.4759301817164,2024.8662997215974
37.9062248527932,77.9206260457117,37.58171577302781,86.95868864560208,1028.175402573432,984.7830955716679,1957.101064053919,989.3955934761807
37.457133917324995,37.323433284187786,83.10901425172818,84.1501876480334,1966.1293674555845,2013.906939569686,2022.6689384239933,1000.7100405655835
93.68900185832868,92.12593327294505,95.27703671084475,91.28165440306668,2005.3867202368538,2005.4415016189914,1993.1181482566867,993.197358866663
89.62044728992437,93.70717446046,89.06578816100624,96.71384180768302,1018.9275220177519,984.211520432294,1965.9191944326335,999.7697153454808
90.49757996920063,33.40348083201647,75.25505904504435,36.525760934887,1992.7648893186183,2037.3317960996337,1961.967697156268,2013.843439964771
86.13008292816617,34.21401465596651,33.718027674653484,88.93136716514057,2024.9333280258065,1017.6561395714261,2013.9776025571468,1969.0405796935001
89.60260136020591,33.40725742763826,32.57924458955786,91.8926848181428,1004.80096590629,1992.8533712634055,1012.9633362467587,1999.2886793839498
92.89614389906748,90.99258269204172,83.54276192784472,85.13006989360613,2035.4800518008312,1983.2263553591831,1986.4154611786555,997.5902113659401
90.09702532566145,95.59292737164694,85.43720385023997,42.05885656597384,1988.4818187676835,1976.602562278124,1051.2850030456198,1975.103312410211
34.12802562253718,100.18981132684674,37.273235745156384,42.96656514275627,2013.040823300042,1981.9945871297218,2017.8765200360253,974.1473677282343
87.75885429762644,36.537784153991325,87.42280056869366,42.70443654457205,1977.5166775126158,1016.00567226434,1970.4095060516404,1991.8291236146802
87.01313507414392,89.83919948532444,92.82730856753355,41.2860742491052,1016.2914797434328,1990.3088440195995,2015.0404989839833,2049.487932796757
39.462678082491934,88.73584585925774,95.36352377964546,42.03476266292236,1975.4901460751105,1942.50248549237,1937.7165581281952,1940.852815595525
93.40306603733926,90.21893900101857,82.66645485254111,43.56007876142134,995.5763425014493,1934.0835154780164,2053.601148826187,1988.7766239049654
88.4342521536221,101.39923749483181,91.50717023711896,94.0962666264207,1992.9092972156366,1998.0471317949393,993.3882886168828,1001.1615404093378
89.61817252490634,95.0691835864998,37.68951825341588,83.76798116206587,1980.6151952947205,2001.179667086945,1924.421983974676,996.8383916293321
85.34536484433963,87.52905213465272,40.740524220290176,42.31862379820166,994.8114436934115,1999.9374745939256,1985.3676850997756,987.8424900516402
95.37044578660169,36.059537534699814,84.70021469691441,91.86698979656602,1970.6436954636117,1016.2739280742203,1006.1969183805661,1997.714944173128
37.86822098504061,36.884470382643066,33.53250721198234,43.16067963312737,977.7067973368562,993.710831325039,977.8390638245635,985.8176507712342
94.09050275883135,36.15927477297008,33.99783399098287,93.26798531413243,1979.4861244114609,1994.6953267776555,1988.5443199632841,972.7092506057893
92.70751581163846,34.54190132023692,96.99211535857086,90.80171656880488,998.7295836396313,1930.0322288411355,1998.7876618728253,1001.421442938734
38.23053448513636,92.18670155710326,87.08823185268638,38.15624728258743,987.8323172774167,1945.602857839329,1004.7765287500777,1010.9877574901423
83.37558909608957,86.12726539028016,87.33911576298398,83.75246120298218,988.9147679104831,1993.3076124108259,992.8949886185271,2004.0798808723735
39.41196155088747,96.0659938252716,96.17794026127518,88.51283103571453,1008.4707765730109,1981.299350034484,2026.8251371085767,2016.2947253479736
94.50880436694713,83.27672608891761,30.929833241154473,40.84437121188422,1992.3129841754005,1976.4592666916114,2018.287847084074,1007.3643614326708
95.18928978891711,89.89901289632596,89.07913030337122,93.19634662787422,2017.2180668979074,1020.0110633010329,974.619369282355,1940.9462601063165
85.51675921470577,88.51832603599566,99.25482060738337,88.78732036327578,1997.0785545682381,1989.7016054687715,2023.1041890959887,1010.1187319103226
94.56216086142423,89.41753109393846,36.00243790771897,89.35133204910159,1981.0193316081698,1994.2572388245574,978.1112726146007,2025.909386614796
39.50379879833431,95.28349236679338,96.57399548581274,88.22348161233585,1020.9085646723352,2022.8703592872446,1977.4145073874117,1002.370555780351
43.552131932812756,92.26768892784622,31.82233773685421,41.204489123539105,1966.4643797884191,1991.1103711663338,1997.8201335473418,1005.0745194627657
101.92386407338297,90.04527014934317,98.57828005167067,41.70173994345932,2017.4628778364881,1999.5508471805163,2028.9685253563312,1992.3176657526583
81.3605627738569,96.94461911712565,39.19090370945338,43.58890949056947,1006.1389202808261,2080.301638236571,1976.2545442439086,2005.3632749182807
96.14504753347791,93.45973153841483,91.17939908088431,41.52207547342846,975.1476223075099,2003.0636001577132,2005.6342641651004,1989.2084184992436
38.03798030345389,86.68690119803236,33.04518300388771,46.554443998328594,990.2141729453924,1991.9416814036526,1964.3608211336234,1989.8887584304098
39.367256746351735,39.032029833407265,36.03186504301232,98.70438914233961,991.9795187575746,1030.5407819676382,2012.201956589013,2005.6432131442666
90.78972134149252,32.06434762611313,40.00174800977445,44.464332187521265,2044.5492427755967,2012.460131208965,1993.3925105721362,1951.056690046385
82.56277528165732,34.28791397086716,40.2490606441102,45.121679829344664,998.348477368238,1011.1293011160142,2000.447236658198,982.8972940326341
40.85623903639903,90.99643394536419,34.963122354914816,90.34947825378383,2047.1272837949505,1016.0278761684485,2001.020329619167,2026.8904571314613
39.97116528068918,92.6792682291431,33.851155613932896,41.85333748047042,1950.8208024494743,2002.6952814623596,991.5948044240401,2039.239984023851
94.07204664212504,88.30279802585957,81.07166535914746,97.54171802589134,2002.888552183371,2012.2417967459473,1976.325468564738,2029.5395130050683
36.86832855145268,95.85734056132794,32.03148482032772,91.36043916729705,1996.4143884780303,1010.5648029425397,2057.8637939018727,2003.6950677660668
37.40964458887639,78.65281556946083,30.658325494567706,38.80101011701834,2018.6931885163315,1964.3907538590615,1965.168862741715,2029.3396818527258
94.73032499042456,91.56509703005062,86.25964652042646,39.333291521932466,2007.4995153886118,2025.6026416191899,1997.168932829279,1013.6761924074076
37.62541370959953,95.05633038038842,37.70656124271273,42.73819838357912,2010.1575516216944,997.9592011479418,2043.9030676174516,1012.7309451725099
36.85976671070844,97.59103443616284,35.53559698888685,88.16813107445638,1980.8150000578173,1966.1620778160463,1987.3069305077217,2009.9720925238948
94.52886854271027,35.45218989462852,80.93337670771471,90.36914036264199,1929.9835207524807,1030.0901707464834,1005.3451318432542,999.794312925754
90.01830627443728,95.23394615323812,91.64120535643575,92.38516442473623,1977.65812559346,1982.578029321632,1969.049353776984,2040.945869471542
35.99042329666627,32.872055745812766,86.1583081103939,98.26983606322582,1006.504074316139,973.7281721541722,987.8760920855381,2038.6678682903134
40.12781666165516,32.04153596072533,86.09784127603602,39.526351020150656,1997.220849212409,2023.09006887293,1962.306143404859,2014.706445204015
44.49757391805003,35.839760320308756,32.869531190068415,85.79243595084786,1999.2946709305822,1020.0464660026482,1958.6489555526973,2000.861430199715
95.32481407695711,78.95381241074047,31.977105503424262,90.63345554455091,1998.307849966241,1993.7407213062568,2013.6399569458908,1008.9095393572902
38.35416584221104,89.10789921250637,90.59124656036816,86.40070891506045,959.6916951935323,2020.3946922096886,2048.3693084298743,1010.9009490867638
102.78807413370977,36.48717673978093,33.224242247659845,78.42777538915325,2053.4580009839506,991.7095279162678,1955.0338966197598,1977.8394132249673
86.65470430496353,89.11384437455948,87.2817221721226,93.16450237895857,1000.7293831317519,979.5066891956935,2032.4801663836447,2030.3273695651912
39.871753820614785,37.57141524195518,92.4235900894348,94.67641627092024,1981.697029889093,2025.818184428967,1004.8464909381271,2027.8800603260856
95.74274636306869,90.4312690968347,37.17076013281189,42.64729369945988,2035.0698478263662,985.1515745103832,1992.5175146467845,2044.8199871541879
88.32887782299156,97.62809539952949,82.33857411847353,83.88161039494534,976.6665396538147,2007.6884128409092,1997.1187870501108,2044.3314313727994
91.78027457465048,86.95843884696544,32.207176883490774,87.60090570314287,1964.3034749794365,1015.0188348412357,2016.4122527686943,2019.3461440218446
96.14296474641023,91.05916019483038,95.43458914306453,89.257040709664,1978.5177963757403,1988.9933900762578,2016.5206076240277,995.2818570175556
83.76206942790135,35.02392502734325,92.15658787275018,90.04106555494778,994.2906550679749,996.0144121111196,2022.8111873364699,2004.9175030469335
94.61490306002187,93.89451401315434,87.13972639405189,91.02788249610188,2004.882347046566,1997.3433390230975,1001.5302088777313,2046.5571466669048
85.3868976400462,91.96632180992093,86.63933555312835,85.78762153771187,2089.5485038554516,2019.3215978753703,2014.584471649179,1967.7244385405802
88.51832099168922,85.19597825576508,36.56952375400377,42.803156764272615,2005.4018311729835,1013.9431823309233,2046.3399219084997,1975.6102239308602
101.24548428072929,90.27172131761854,79.1828300890141,44.065039111271034,2028.2780769691278,2032.7970265645106,1001.2961491211039,983.2366636457122
92.47689191653343,37.38427303091547,88.59970044209435,89.63829227025131,981.0548853765001,992.6729168243879,1981.427827097222,960.4234491433083
39.71278826176622,83.42228639930927,98.57341468717411,42.724061051773276,2028.1993889449557,1006.1894460623132,1011.3750745565228,2000.6860729605635
91.68369066240567,87.6019425578314,89.61888184461267,41.11848484673959,1003.96895557125,2086.4743852895012,1997.8836138032586,1966.0760280228621
87.61767585675288,90.3614737729319,30.504435024448252,102.02870785776122,1018.2280158861822,2044.4791820571136,1993.0143663917383,1991.3737234302782
39.56061513345402,87.55192525117975,34.43682547960055,40.26881797082905,1995.1172871841306,2038.0734659421992,987.3294365596118,2011.6430701788229
40.33828317906804,79.33896812191038,92.80811306967776,41.2567478872453,1026.4881909220842,2005.179506402013,1996.3978773038748,1978.2986872120468
95.89877941029044,84.97920204500124,90.67905727565115,90.23446957311431,2003.5878668163639,1995.1437969304513,1966.7694576420452,2004.1401811024778
36.560535939172794,43.238916065944366,32.65647150622514,87.60592411655168,2015.8500260747383,1007.0199606358227,1014.385483355363,1963.9402054143384
98.46346166525254,44.68963448136236,91.15816860225365,95.47085201532492,2061.5782294481214,2033.4744091075042,1971.5907794768054,1020.203295864608
40.18584263678876,85.21772580375568,88.95125434188458,90.34127942161126,1986.9371938790061,1975.051675366249,1000.782777261305,2025.7108868660387
41.809472632031564,87.98519582340013,88.08359114273397,43.04956381270139,998.0885462350257,2002.1471157259514,1980.8547387218082,1003.2362556920611
95.61744607609822,89.72479251218137,89.89623054000415,86.93692322727179,1989.260741225402,2038.456935062163,1999.5837568566317,2037.9576424866018
39.80449512098461,96.78014848431849,41.340065293936576,43.77478301280385,1014.5114951977293,2033.2835481649008,1972.778566015656,2082.3694933703846
41.51798427823314,95.43447967131256,87.72500036056904,96.31848473929357,2006.6931176835621,2016.4235632276338,2042.992490023491,982.0287941927513
89.86046512540851,89.46845589933226,94.80432687987485,43.23966442949185,2013.2481678191048,2007.5439548736197,1034.5725535417077,1982.1373007478321
92.44983658434347,89.07654045375193,92.14599653305994,42.51293279991721,994.8679100928434,1000.0424723349666,1025.3336030899204,1988.3147080728497
84.98437811664434,40.05185919552905,36.1743027379339,97.14126769040178,1995.1592532108973,2021.7495498654641,1998.2786531663542,1978.8382033626403
37.55452300270832,88.23374429452464,92.51467967503078,41.86154596586186,1998.317587946513,1944.3447145035032,2041.6056823129927,2000.4928118415796
39.4090066737135,35.73372309219029,93.77201279442123,96.57170119739475,1987.8756987876172,2056.742743493196,2064.8153439005123,2007.3241273378069
84.68851907498981,46.69110403607681,81.4813469099273,41.67682514697445,2011.1343302741434,1990.4038636378039,1003.5175919683386,1954.130493094357
90.45213025171617,93.80555471049861,34.44654256494097,92.57148070115605,2002.2824461570494,984.1884666485946,2036.4685436685656,1976.5106987745914
38.92912752133366,32.697595303552596,37.079787570335014,100.69516694203121,986.3848444189507,1975.805117731524,996.6473492837699,1008.4288261038828
89.88601666845186,38.81466181435965,37.108340049148026,92.53100133812073,1009.8533696814482,995.1819545076943,1979.4813762812926,1018.1848538452182
36.270965869429865,40.65492974888267,83.27140411553641,86.84480456417538,1026.2857900847912,2018.7236712675929,2008.069028181423,1980.0380694622706
88.34359066584993,38.49299601130403,35.458029468407716,78.14880585401612,2016.9313988736644,2041.132508262207,2037.9897829438696,2026.5029996760868
99.65172671973554,34.90039868215563,88.38839501600876,42.59753213597165,2054.7057190034493,997.0735568920245,960.8649521047348,1983.809511099572
92.90685950024255,38.718521138527265,93.11715870573026,98.67542758791583,1980.3745800162344,1009.3228562110888,2032.7955094945846,2001.4783334800898
94.92950350423976,88.6837698200902,40.53859234075854,89.94854919700039,1967.7029042585855,1014.3232006753749,1967.6270613889042,2041.2862608912114
94.12556768743848,90.04978454817187,85.89584526533027,47.74422090053458,2015.3993764548356,988.7476287628581,992.6083377546092,1954.2630353519326
38.77366075312875,34.63875822514247,35.3619349746961,44.214515229673765,995.8195773127601,988.793287325572,2009.2878256193217,991.768708567955
86.54819134806708,94.04086133905813,38.77749910879748,95.41651505805106,1988.216237791498,987.1768907616904,1956.223808625,999.8990719472431
91.33214212706935,84.15978937774031,40.081746206540764,41.99240784549471,2025.103964045633,2014.194698204556,1947.951242097179,1979.8770663000798
89.33522623209397,32.890001850685685,37.11348325833675,97.4830905540203,2019.2714115937315,2002.1695064639503,1989.3669814437364,1001.3285555028451
81.36722686715295,94.66431571717756,31.93050749282039,45.91844367083748,992.5678797316464,2056.271285787511,2014.2937087326563,1968.360681513678
87.58091807456137,87.32158391612889,32.767990252911424,91.27410040882367,2049.4612880531377,1973.4179194969186,1992.6693570508276,1998.3357601403386
82.6898706216256,35.68919000552124,92.97208093182702,86.69866237608812,980.7250890891019,2038.1623840811835,1977.9980619854027,2035.8267946012293
88.52479339060574,77.80845324602839,38.008712806826324,44.205484817259176,1005.3167283845007,2015.2471114634336,1003.7209881021041,979.7497892185972
87.44064633142953,40.58937355019236,38.09859115636987,86.47001177234746,2005.8042766182004,995.7797533497585,2036.4509612928262,998.3912894426009
89.95877370538619,45.109547214113654,36.58728709464224,88.56346009119699,2030.7788166846192,2007.2829212668762,993.9756396551979,1952.8649626180825
90.4867688955094,93.74196071552696,39.29079819812503,44.564624970113506,999.220311634069,1958.9917853348531,1991.6788575571975,2030.5823254339725
40.767826698680096,33.70014116028938,97.29717917758734,41.80842159711191,1001.6699294901737,1002.3504816438704,993.7402115803234,1997.159249962074
93.18674194041765,92.65053158527687,36.04684296038335,92.96443807356212,2016.7542885919238,1980.3509437407647,2011.9021686276837,1981.1235318608615
96.30147103683886,81.83738863547539,34.72915771614338,44.16654613137596,2015.4330794514365,965.4410343926918,2045.8964853708246,982.2844599925246
38.672233136488956,96.66561039612317,89.55874498129589,45.56563225662437,1975.4228292611301,964.216589342722,1954.9426363778625,989.9940170846551
94.00378499277085,94.0864983979757,42.094878996027575,88.57054215207744,2026.9473806774895,967.490104475427,1981.5737896690387,1971.6961915089805
37.8484053988018,86.73348861268529,92.83708163132978,41.888610638727926,2031.622331920257,1000.3560854534014,1001.5568367621238,1970.3415737844077
86.14933700596721,88.85337010836773,89.88149924021843,88.2121097140355,2007.5549819206688,1017.5388311275765,1035.3330145107789,1002.2166828573354
94.09958869937195,88.02848227456488,34.6175773195544,79.06142271182985,1957.979786189016,1007.4735367758208,1937.7849437919563,2001.788500323653
96.92600012676218,37.1009378413137,91.33333764101997,45.74924160892442,2029.4347576773903,1025.4715090217796,1009.4092244216706,2000.9911583063654
94.13798067854762,35.951781222275045,90.67994278761506,44.968681233521785,1987.3213164281578,1009.452204796339,1967.6867716131335,999.071444400146
92.97049051033179,90.43891335016419,87.60242741513005,89.3775409663876,1016.5981991465237,2025.6580652315306,978.3089200994582,1990.7825069605474
82.1783119176274,83.31042242177337,92.40384420715628,82.58567128908322,1026.6612717282198,1999.507697863043,1956.3526047880898,999.8693343784555
103.06731680750637,35.99770699008139,84.41642477271868,42.436206106282114,1978.1766513334785,2027.1110089706583,2025.3859324029174,2012.9988824649836
39.0538546207646,85.2682205658425,36.76935296459462,93.25404022551663,2007.877903401306,965.3768433837937,994.9400105849195,2031.039409534183
42.869853110281724,37.155996360314475,38.397050764032386,86.84363355930451,1947.055222822685,962.0127890477754,2005.7136919847853,2001.060775910534
87.44896586880353,89.77107225021774,87.26405658689632,93.06641547247752,994.3639689794791,2020.0011124236294,1032.2953958431572,1005.4328976305023
93.66951112669588,93.34842666150192,84.10365714941398,40.02770694861842,1967.526812031383,1017.1667441582961,1999.5875416888675,1968.7281204483954
84.43509745940874,100.23921657836516,32.77115381633312,93.49612676862367,2026.8485476597941,1912.8928089267972,1955.8056999535943,1932.4197734764975
88.01225207470598,89.34624564658557,34.35534245133191,82.69246054979523,993.6601137134038,1971.3691927822063,1981.2794186734586,1009.0188107657499
84.34730366223347,99.91781509735296,86.99843567576752,39.388956141526606,1984.6828786055253,1973.2585381973884,991.2745378937911,1017.7555948243921
89.91335114981828,83.73337119770183,91.15472718837688,40.97342205837325,2030.241139969265,2018.0619494850932,989.9955480074871,2038.0516895708718
92.54660960588294,37.152666246568145,38.76953970536608,39.7895842437266,997.3319935451543,2002.7811120574968,1958.7961302134468,2007.2092660143392
38.1661228443211,40.25671404876809,38.34622043095422,40.07168620932988,2038.0455390033298,1982.984663124583,1989.9409955557146,999.9060172616257
39.66491454302323,77.21865892628335,95.18713342685304,42.156534703162535,962.6978098038603,2029.9171973234847,1943.9249200121171,2007.445638187958
95.38464893517094,33.986034147383904,89.99828786827209,40.94001519267005,2021.9857818691166,986.9612188257388,987.4698895608085,1022.0648498121041
39.11312372742232,82.13367424560181,36.10783350847514,96.7923458169146,1006.3477020332164,981.0808295525161,1977.494032766299,1003.1156882680364
85.57501910714498,81.65002769186789,94.25555183469521,45.49924637932749,992.9973461773197,2016.0516563738356,2042.6973363473733,1957.4892770844797
90.72071579906472,87.87291596441777,87.55488543770501,94.60905114839322,1982.2770157893706,2046.8196431153324,2012.316116127699,1998.158296644126
103.73555653458413,90.22224763657222,84.85399884408797,41.72663965954409,2025.6468472898139,988.8034652794876,2050.7958687905584,2042.2691073062351
40.925962776274716,39.1790945593337,97.0518207787909,90.26939783291753,2026.3581774269678,2004.082354500837,2046.1906819339029,1968.3539707298407
78.0951459759893,89.51242032044667,34.49311747621316,39.50320689848019,1007.6594268728256,1968.677608829303,1963.6849979806564,1021.5264202399144
95.29266622120686,87.28215023111224,34.7965901051346,95.97300059956997,2022.4410319344559,1942.2918397703056,2001.3746651001275,1023.2921903368035
95.05138598414922,85.52291362115919,90.00292081456871,79.51745475934875,1017.5547613770109,1933.0120809014957,2006.4841674977629,1990.6076966960145
85.0964208772636,85.20640370179765,88.07168975825745,89.66464123416212,2029.6517989753013,1999.2693535514702,998.2454380636489,1996.7966661239354
32.37635987847642,34.13664127810368,93.90827683837523,90.29249247398586,995.8795344693767,2026.913775908833,2005.975720060085,1988.3842807230596
32.69468035541464,94.93937044086334,98.33519508147802,87.96317951930585,2039.5194316699917,978.2467060689692,2051.738692362342,2024.6070205489884
89.04536260918479,88.45044417797136,91.91001121232128,45.03661329467161,2021.8919170793818,985.8679189535135,1016.2615306083001,1983.2319429914132
86.18175935613411,37.69957878563951,85.08427732423247,86.58404173155476,1005.6902904845215,2002.1870100633,2033.5727748078468,1010.1016550908898
39.47961448413932,95.92464792208548,91.59284946862849,94.66575984263024,982.9418218715639,988.5175662717304,968.2219432334732,1001.9552130152745
99.70475159379095,93.56709494281554,85.84068383073206,40.07550825060139,2014.8987418739232,998.5619355035474,968.551695857177,1017.0093921035404
36.586836279091266,36.60270772202777,82.22610792185631,91.86951313225272,1033.1048987053691,1949.4575786930511,1990.3896046449759,1017.016214484639
39.09441443639437,37.79873276393485,34.692091340915795,96.68696655409158,2022.7283318608222,2030.781158868117,1994.2465780142165,2021.6141057799114
87.00389590675792,41.19527073220222,85.51744172875644,88.76595576832761,1985.5506032345247,2042.7705628566628,1942.4544878860313,987.4060915513044
98.995186062072,39.87162833147414,39.11442778377668,88.21500573902746,2036.8372913276394,997.5711241647746,1999.0472057302168,2014.8371832516586
91.89943563924462,89.93305557398776,40.664132545893075,85.19552566980326,1977.482005668504,1986.0105330418553,2016.7154761254785,1994.3794769516442
88.03734704206138,41.690749107757654,96.69405142213506,84.21298482384059,1998.669279569419,978.5837890112866,984.013541950108,2021.9043548063023
83.91127486647035,85.34041854252126,89.49996636533217,81.7684203184177,2049.776060904676,2060.78467734756,992.0604623233291,1994.2297114320522
90.27603641832334,40.145584041986574,93.42277302045866,42.53187402529276,2012.3968315400152,972.546759400471,2011.6978361067265,2028.7074706319036
93.9596170171452,34.91049658288172,34.52184233868838,87.79194270243457,2016.879563120188,981.4996562528349,1004.6656913058773,1941.4267668987725
39.72855917660055,89.67074248145566,33.554905963534814,43.80862342384568,2000.9498226495698,1014.6025146123134,1022.919352881011,1995.937722634159
88.69666401881577,92.35291404635824,35.10389167598253,87.38522954251707,963.6566006762255,2075.6907241381755,2056.4769843973636,1005.6958003590144
85.28909124259206,40.51899027342431,37.17618497185413,91.71391423449181,1998.5420283323185,2000.2033629089553,2015.5637184727914,1955.764736722696
97.78287445342643,85.29078928686121,95.80278087081169,95.01259497246639,1998.9705963754898,2010.5804189571181,994.4213000785317,1035.7789913752547
40.78171326051286,87.44420392687783,38.6723116166295,44.652993019126754,1011.6148355579702,2013.208626874003,987.341205536263,1982.1829715058175
82.35590390389679,37.84709423617397,87.5107262052982,45.998144443732016,995.2847562746772,1991.8309403107626,1978.9869312885767,2001.527032829657
89.12520840368013,84.42361157413544,36.329978294105096,85.88745221354945,997.3168813033476,2020.9957088575593,2002.426433658451,1924.183394611563
85.24358096546885,82.9428291976783,95.04734473212454,87.20416943846243,999.363637100982,1992.515795365935,999.9722318575101,1963.903295809475
95.4443654239805,32.94945890099143,36.94957536348303,44.32307828927287,2038.2784620796444,1013.9911629398382,961.8556631438314,1005.5585578470275
92.98411205514219,82.64623306275149,90.71823764038736,84.77605827690674,1981.6094086147284,2034.1832183234085,2044.408185582583,2040.6625360475032
40.147406422100055,31.13403054960751,80.79145294867958,82.50229888310483,1982.9385455243862,1986.3517984572095,2003.4038127287454,1019.7496386278438
40.136136925185724,92.52209372990468,96.16773160321843,95.1912884980138,2027.9018159648583,995.7857404672333,2027.8180656490438,1006.7145840850008
99.77290570289847,91.38304692204417,90.26837194249663,94.50794606778332,1948.7962809559576,2026.645355973309,977.008480679731,2004.3338552900448
87.54473505263421,34.77230845536511,90.85519136013578,44.58383018595178,2025.417333132613,1989.3047478936596,970.2182944519806,1970.0185530979352
84.2524964529744,79.20271483428458,34.076373490655854,45.07115240376023,1972.8158556940716,1011.5616829940219,2021.290447454043,2021.7308844281742
40.14658496160884,98.35351591319443,94.49722344413004,96.61328989180612,2007.9576504652443,1990.4140887615213,1938.0564622623947,2076.6855516553883
42.12308846665901,91.74219057405607,89.84384380291027,42.75465033489658,1989.3966275909982,1029.285401378734,1002.1174890640732,2004.5967318457442
42.27503067883299,84.21330130410584,38.99383126138847,87.35623653708575,1966.4828049785167,2033.5400719416023,1962.6084626521554,990.544452404949
39.5736619850723,98.98767028637971,30.576670361969278,96.97305077703946,1031.574691299998,1020.5315246403632,1953.7062507255591,1975.170660678245
96.89793129585732,35.67446329306617,91.03258029180282,77.63772184580127,1984.0664046095324,2041.9417654804024,975.9116984708872,1989.1634484901124
84.82720337270554,91.80826166232475,94.50827738151183,37.027708773230614,2004.8827987135096,1985.0474460828157,1979.2700079196377,2013.2274882521012
86.21032983188205,87.43577340713318,33.81716073203086,40.82833530176562,2002.8905866034502,2024.5196181762951,979.0726835344478,991.9616158519107
91.8987263718534,37.5647708679856,41.53584646004905,92.74108711910819,1022.4313215992706,1953.0946383436956,1997.8441343492775,2013.299783454879
86.63592641616758,38.82381829585931,44.96232186734915,82.45936264695823,1975.1709653450362,2020.6880295070982,998.1359392274021,2045.778181849708
81.08827851758873,83.7994106729132,88.54700842792575,88.507913334115,1952.2082146102484,2042.707503151029,2006.8262264651646,1997.8447295945507
89.27190043955163,94.34183921880995,42.07954492692096,95.16522669023819,977.1741448782029,1942.3120490109661,1982.7536446785782,1996.710563759823
36.34347210013554,94.52093138184462,43.49695931202291,83.02474039069592,1019.0555262997113,1935.878964214426,1998.0842380753547,2005.6603627831028
96.76337419164886,80.8284832245205,86.19628694725772,47.508679354446976,2007.1700642865567,2017.766483664874,1991.2274127814517,2004.4152230122625
96.57202662817791,88.17870367609096,88.26904291209783,48.32434734285795,1954.939110182373,1932.7145717953535,2045.5326968933282,1948.8524006981195
94.52765240592237,51.983048113261816,90.5143769819644,90.06625707822583,2014.337345089585,919.1880627169919,995.4859498016181,1986.1340247881058
86.61362248718892,90.47831009258832,89.19434095612044,42.6987057165692,1996.4071100260728,2046.5936814738222,2055.4459015398315,2012.0198489286092
98.89218634251803,91.14322825055372,88.22988098227435,90.54171330161523,2017.578793782076,1989.0311392434205,1979.4142977635886,2043.0005347518293
88.32217647045822,87.39097417966342,84.45974046855709,47.466315818426025,2013.9632755050955,1981.844058728127,1006.6725172069836,1039.977065370829
48.068873770311654,89.95509036052262,44.358333404393754,41.377172807914775,1997.176836739419,1991.703509765083,2018.953762480413,1994.9904688133
49.0882644312518,88.77989094267811,86.83284692858427,88.8589261902592,999.6857182605511,927.6474654407752,1935.6832305820462,932.634062750808
49.47184443072777,89.4617205138365,83.79336568405546,93.60114067804287,2011.2172557068939,910.744305300411,2023.9479509614875,909.6918139415395
83.42999256085864,43.473328827343934,39.60258295181479,82.96432461436231,1964.7572539749617,1982.4018338803073,1984.3312147417532,1990.5775809889487
43.6178974501792,45.52263333375638,98.86381231071923,34.334351397273636,1989.5492223714687,2019.9188691804427,985.4917477989555,1992.4257396273463
43.01821637634018,88.94484604577475,46.171672457275136,87.07308196194946,2024.7207831910757,994.8343822554748,1027.4449474261921,2036.1425223686547
44.000293441388706,91.07256900584458,95.27478314767924,84.79762210680617,1997.2780090319388,987.6756195485118,1967.2528792614428,1971.555438039645
90.81002824528406,89.22855516165623,86.70532312390004,85.07979513152146,2033.3003406153305,966.6125793728925,1969.7994516422061,925.7700032248592
41.215814434903535,91.39726313181505,41.61295384239643,88.541726635289,2006.795638851562,1980.203538397792,995.9574993081266,2050.9837405278104
98.64681419902476,100.38474414114062,88.1284581353755,95.9172845760964,1939.5570383844704,1019.3526080183683,1986.896474610831,977.0888607523714
90.30822745304202,95.40004794301711,88.9175236726946,91.27415658718287,1982.5446480340295,2033.5020306048712,1008.0403577490495,1012.9747957361666
86.18997641050342,92.50836434021967,82.97871038753733,94.14333603298407,969.6933650302877,989.2782179038588,1997.028927185659,1975.099019318047
44.49149669565568,96.65573813438276,80.86235292138606,40.97111347196271,1950.695663953783,1982.9630694528696,2019.6431334718757,1996.9859307592842
91.43207487194358,80.85557922825855,45.710889424983804,92.23918519410628,1941.619808866614,1971.6212370163084,999.0659876176994,2002.1652825172114
81.05771462469299,91.96368657140997,46.14339772374872,46.50239284898455,982.8965081091033,1982.1996357461,2006.814420158852,2011.1850201922616
91.94329987663652,83.03202836859275,95.01068818119595,85.82749732612315,1009.9508045696216,1973.9828066783125,1964.6759597860098,1999.2643355806326
79.65965512968745,42.82062752047996,85.06874096977944,92.81026897670621,2034.8938729741953,1959.6389738621529,1988.4757296454331,1996.6397872252553
91.47626118362064,89.09110319527915,91.8149655400052,94.22451325292815,2005.8620835424094,2001.7191754147852,1955.351979884449,2037.683620276004
41.347746857747595,87.73887534547701,44.72764540184876,81.69310883636861,2006.579151049124,970.262482782051,1943.9138009652834,959.1851735965724
83.79665481645122,93.7318811197479,88.99890020421925,88.73545376995172,2014.673393004986,1998.7795676990033,1996.463917247345,1970.118056110771
50.76124264438029,45.18401206053667,94.54667164737174,97.98176800495513,988.6491370794351,2034.9350712176258,1994.7777509844875,1990.0500954615075
45.28709795447066,93.58582244025352,88.5161511139881,93.61048985987831,1993.4255364878363,1982.63355368969,1996.5106671305678,2005.49037875573
81.41437641837973,45.1991277114013,85.73774777481229,45.03180395703997,1962.8461987051883,1966.4523072773811,1015.0361808046955,1980.4547768351426
43.394514844542456,83.76317521849136,32.85441826381826,94.1492522539218,1983.2966093293346,2008.2615144853166,1978.2738856311428,1963.8790789204209
45.40457525282718,76.840617748362,88.54684723806366,92.655629093421,2034.3708243933725,2025.4621249787845,1037.8126557386047,1973.2084692513265
45.04727200583139,76.40651937734347,83.47878685911559,87.583394987724,1996.5159721508576,948.3989929726074,1038.6646777821347,1965.2726015184198
44.383824907259594,90.89598333806272,92.73044771082924,93.8637378657723,1986.7142737003824,970.4221422704462,2005.9647562424834,1030.4111985027196
86.40177710488766,92.75481042301178,89.46638335250883,81.5498044509041,1963.3578274847982,976.6254487196832,1977.0221684424728,933.2470409717978
85.56049872851189,83.17863782282255,92.59919400809805,92.96551903495691,1959.8211754779977,1010.9480404805736,1922.371118120952,2023.5398039072618
86.00239843008917,94.21077211657443,40.07501181371926,52.08497115360954,1020.4941185413106,2004.813596937929,2028.426150957647,2004.5871731401985
93.22681862822543,92.8664222066883,92.08943671868022,93.6289861943184,1016.1098048782333,1993.9338834113003,1050.6919872515364,1984.052315663918
49.370809347664306,46.96063661374507,98.40843926712121,91.01409046940957,1035.4185179106705,1028.803851197901,1979.9332095328389,2006.1962036969876
90.62298731202519,93.14180281351707,100.76764974600869,89.82321891364491,993.7398785949961,2034.3081176870246,2013.9313845123927,2024.0140867942555
90.85699906619038,86.44124727211927,90.98005508137614,83.56581294290591,945.4961605411238,1008.5171399063463,2012.5778289077546,1999.938697397628
89.4125808581939,48.931643358929676,91.27099642874386,46.04190799082487,1940.0259924162383,1981.3250862294049,1956.6228995159886,2024.0859433838548
100.09764226012145,90.79245081634315,83.57913327844746,88.96738838290905,1015.3054791764115,2057.0494694045883,2057.634009411211,984.9891464661123
42.05114290558601,41.08891272280962,87.25868540444809,96.34121594120465,2021.1833915249654,2044.2380570288847,1988.51266889082,1982.8665410610042
45.27709330517081,42.366133926004366,43.995424236563515,93.25826317947524,2014.330562568857,2002.8359214809495,2025.697683585132,1997.6800779998612
93.39870797676693,87.6673886110337,44.010015997296456,46.407079678688305,989.2246938335948,1103.0345584247843,2059.367631756194,1997.5417689773521
44.10716459793531,79.97214267906774,90.42128618125179,45.29636664830406,2003.5938550544063,1953.1762883603803,1051.7959542065137,1022.5885939093066
94.86313955699366,90.31433159384588,84.21523034970393,86.40459656886345,974.1967921029996,1970.7645012277962,1989.3073473676136,1950.8063462933565
88.18437891541433,88.72596129358045,93.03198299809455,47.01816037224657,2045.9320130238616,2000.3014099154734,1997.3285580424379,1946.243361793017
95.71803678395497,87.02897034844264,96.93392619203729,42.458930814877654,1000.0891134692945,1961.397404324785,1989.2507680978529,2043.3730005225266
91.91872310754074,88.42294116279356,84.57678788414238,87.8850578140527,2050.171220039476,2051.351777723475,1995.6463263897726,1971.6361063402924
45.340459258260026,92.5615367431696,85.77350601220944,49.3646995659434,1033.1646730859447,2005.9769603916181,2005.816032731455,955.1065091782132
85.69676551824287,39.82138616958481,93.37556443692792,88.36135770183718,2014.2467231265352,989.5042474386078,2021.609651121758,2049.8828024156446
93.50319343216567,90.5077915198358,45.86309225297565,92.47726342197895,993.8419316665976,929.6535461267272,995.4606096035199,974.8893295039031
50.15677368979388,99.61627876592885,89.0309244627093,47.82377223986071,1992.7826915823293,1940.1247171771315,1991.8506019704632,2003.3546702137091
99.71649174950899,90.35759316580263,95.79704387246395,52.961678077237735,1973.852184854957,2016.26101926497,2036.1068038042795,1991.5223795336872
85.99994978491958,86.54950257352436,84.4843391821595,84.29052172840709,2013.785576693563,980.6976881662063,972.9108426488392,1969.7727270867877
84.07487366793933,48.15784279575888,44.92381131686578,88.59358457532376,937.150080682344,2017.6917824301754,1958.2223618696285,1984.9738881065396
91.63636507826544,52.384877047507416,93.26451327100092,93.78138454100996,2005.3309258260947,1034.3237206511365,1976.1470219875873,1941.140657210582
89.47744425442973,48.68210576827908,46.214447894604156,90.13510500226239,1977.0208027642161,1035.2467924859163,2012.848851341608,1979.0035926485994
90.73505541216656,44.98381258969654,99.97779342944068,91.8712726720857,956.4486636066704,983.123436849253,978.2987850061288,1016.9244376817652
45.573009437136136,91.93793379765802,41.97524853557795,46.111754561099694,2036.513311776176,1980.881089385764,958.1556876513343,958.5399234656638
50.33235294563555,49.964691348520816,89.34244872161054,83.987616308649,2013.2738151723759,1960.9733619539609,1928.0034802725154,2010.15316676809
84.17857368367665,83.94635519680821,101.31674667601958,94.01529594344146,1001.9360299459096,1011.9832814263184,994.9843191272097,1986.441610641358
42.60242932431382,90.96857560962255,90.6951060232071,91.17060275775358,2004.652910717631,976.1486271876604,969.2557595552158,2028.3018220875401
93.25436839133916,92.59237604743761,87.69153217675084,44.33444354060031,980.1763581840123,2032.7431413304157,2041.6388677719335,1987.481236793047
87.82647847562778,92.24149423168544,88.07178186347795,45.06158528132656,1987.107733482615,1982.104367227546,1012.0432058535814,2018.6780113126988
45.4786325541162,91.11358126576702,38.940476014926986,88.551940463309,1999.2113923392744,1979.5000002498512,1018.0559854910992,994.5088798126382
98.03256150432608,93.05535569042948,101.0838215200933,96.01630641853895,1977.1483858020724,1990.078305021465,2011.1120839976084,997.8713480795975
51.82725466848942,46.0885093669562,90.95946627474214,42.42588994424309,1970.5136299876788,1989.5674061623477,2059.7583960476663,1911.0786947574081
92.92696643680091,89.93707890526136,93.30817132058928,88.87231181073406,949.1728852852605,1995.7491529886574,2030.3651962578492,962.6233747143771
85.44668953222975,92.20802527728827,48.70686198305299,84.04666846086816,958.6584752718613,2000.1997301764018,1064.0907675532837,2039.6511689998576
91.45118498704404,90.02041303682225,87.38753747806331,85.29946173097703,1987.101230368933,1014.6002541592558,2065.1378456450243,958.1903876983589
89.64647876942207,50.05769943106739,41.572597323632074,87.62543295664726,1996.2429141445775,1954.124119015295,1933.6418927142572,2021.7932869286974
48.73641790257467,88.64797181037557,40.45547498832104,87.62584137661207,1974.235273298839,1051.4643213373038,918.616867244386,1987.2691511732446
91.9014632123668,41.0122634879668,42.51281063328684,92.8369841778744,1995.3938837804149,1024.7577657718473,1950.8466655223192,1946.115521248181
42.467940986749,47.66332360543434,46.24026217181691,84.65198348171657,2007.6319906335682,1995.1484522920127,2022.3600731334914,1958.718635100388
45.48324415179024,100.36935626996402,95.07129491925775,85.12520858022367,1944.5006725113735,2014.5828205386406,959.8977272303177,2007.1432854009206
46.613661769293,96.19000577254124,82.18221219170687,89.64551402034685,1034.2755101906114,1010.0476746671158,1988.4727088941588,1982.0482800397917
82.2163268122708,95.95979285510504,46.71228327796544,98.77097875911518,1050.9323498481826,1021.1082680532872,1014.774224004907,1958.8523989329494
48.672432903290485,88.63205752880305,88.25544828029132,45.028962019841565,1040.8905128243498,2050.222677973284,993.2470586832692,940.2789667763809
47.35821296148633,50.1419042935391,92.7977449654864,100.0225704039105,1971.7451499522458,1033.587165227174,1981.7409506402314,2058.1897192569554
86.05635365408233,89.45709705039052,53.456478492882816,88.69201475989541,2040.8216407240607,1957.2181957571254,980.9293564249924,966.6545020507516
85.9357201085405,50.380369698989256,51.25973639121317,89.54451575409263,967.2241987910348,1987.1639643752083,1984.2120660234557,971.7196845831683
45.186884865349626,46.852687948815486,82.75189411378636,83.5138476319493,1970.4347682432108,994.2442411325701,2033.3223663267443,2030.8393350213084
46.47964035494148,92.4111881388458,97.91256495802368,85.26486049470657,2008.6903390654843,1000.2471599419434,2061.1039901633744,2058.1587592499386
91.24787370582389,93.44751954111834,81.94924540793343,97.70433806350022,1987.754326235977,2009.5775426210528,1091.2947172312606,2007.6093075762037
90.32641423216006,40.176088620876314,46.04099047378719,44.58696725522016,2044.5456652274206,1009.9676459938408,1957.1115503759213,1983.9736667846146
44.62689303079533,44.12115965188002,97.28331794073897,42.889983249497405,1976.349590801328,2029.0922256536555,985.5982885159469,2015.621404378171
96.66256049641449,87.94234842170677,42.48245953994388,90.08466639148605,981.656126577994,967.8748487866123,1049.635962580224,1020.724834002024
93.57738937254992,45.44595723737376,42.13118073109942,98.52835731362919,1022.3791540674879,2018.8661380676726,1061.6070310943715,2084.5957614375775
94.10466459769546,94.87470173593437,40.77840803148914,87.58933870589667,1969.0451652816987,1046.703832029421,2036.1205135163557,955.2991515204803
42.75517342972023,99.65567633529588,87.06948524352983,92.23443858098362,1937.6079951573058,1007.0054842959448,1947.2121729766388,1965.4763487776595
96.4176140950193,44.9348065449347,83.72568954495055,91.10390764958396,1981.2785721578207,2020.0839433341664,1998.016847204659,1992.557278410311
81.21544740197363,47.10903006239341,90.48791571470738,44.853029847211296,2008.9447249909958,2013.3293606717211,1991.2689212989444,2035.8380187576718
96.15338396514942,95.3317350367263,46.08434765392477,91.55539053096939,974.320185682736,1992.4526320218176,1062.1254207067218,2002.483873621878
48.35597738842587,50.02563464361977,87.7145948830835,49.54000112267257,944.02303095447,2010.9772450555674,1982.1075460900306,2026.6104702897774
45.8523043240948,45.09398944716811,42.737743308252234,54.105669387283925,926.8597134930128,2001.526339664138,1033.88969441411,1985.885001682998
90.36934855455354,85.54766658881347,93.92764090711293,52.12888818271999,1946.578213988542,1968.0075113128069,1985.8012368994453,2016.7346564256457
90.39080444155245,90.69052758754762,83.52364959524434,96.00301449046636,1985.7121420696972,1991.5484911555275,1035.730952186012,1980.0440730577625
102.20134768614757,84.02721710225151,90.82478635184981,49.253227486182084,1023.3247590472255,2015.8441042936206,1042.945075785793,2020.3026441339105
46.40495155570763,39.4482063936786,82.17329571809425,85.496631629989,1973.17116620899,1934.952200720605,1014.0646443612861,2000.6035705055012
93.17623123231134,90.45476057999062,86.79896752425314,84.86173706539495,1025.7584137313402,2076.332053841711,1971.1289638890826,1024.6611782345944
101.85341653769177,44.8938827738171,92.3294228801558,50.0365766080757,1043.602682873026,1979.392106318144,2023.8817660267682,2004.4051269020654
40.01296124287511,88.61027258149268,91.01563382297077,97.11660864680441,1073.3299481131437,1998.0271901729095,1968.0049888156825,1016.3956975462073
42.778614102347646,92.00038161280584,88.53013505939666,97.19698890077666,1967.8849987119631,1005.4824960858698,974.7150621345816,1966.1455599648655
56.340767079661305,50.91016240878565,53.32279318454736,96.95997185198138,2009.3859425704454,2013.7580048441052,991.5886862714821,1939.4210644419222
56.585936053438004,50.00378939236104,46.58645442933795,49.47302773151512,1961.3416812983767,1014.2888731204464,2020.9767267238783,1968.401200655362
86.27340257290373,48.29931151390799,85.3480281426376,101.20803159860249,1028.466776149206,1972.057873878596,1974.3124160046862,2010.7946763669058
91.03467415567687,93.33422844171307,87.79572721667213,49.735251208846535,2027.4614972120671,2010.0904638504728,2028.0511525390816,1973.1293928812781
95.20942382147189,40.18263172673383,88.97294622481753,93.97063325354334,1999.9030606710837,2067.2126252589846,2001.2872119766407,1967.5755165732078
90.50240283125636,89.79076093003646,90.02471595176192,48.06777428457847,2033.3876458450877,1985.4777230354853,1992.4495255356599,979.3131351569378
88.6381435832151,52.894103918298924,86.60667271850451,46.01690341517171,1987.6769984750379,1988.005702469285,989.0708296625295,1006.14107064614
80.39914634208664,97.17190928383536,98.1241666033998,45.83592735860796,2001.9305396572956,1013.1028556387153,1979.4820744001609,975.7026873031207
43.73051905008572,89.85300084900754,45.34420242621021,81.48403909261388,1005.2401672899566,977.811526822653,998.5377176753411,2008.7674194460267
89.96269973584418,88.06256771501083,86.44943480548953,101.62709095904502,2081.537966734406,974.7501255025405,2048.620353942471,1984.8492982298344
80.37735751135838,53.592269051663386,44.63612858782143,92.4296416428814,996.6588312385106,1980.6957639616546,1996.6795609662863,996.0346880936113
90.65615740974343,86.77593887989421,85.72829816940484,84.82511852385791,2011.6198564283504,1950.905605619329,1011.016503030058,2081.650321207553
89.86756190727903,90.5224443688529,90.50351745379652,91.39284130638377,1985.319451333943,2002.2153444273572,1998.5088360762127,1965.1652792477264
89.22991746624025,100.47293311593377,95.04069699381058,51.21882989846334,2030.685069305888,991.2547169530512,2030.2931910596553,1013.8026760518675
96.5005957348375,40.49791263863101,92.05532709932379,85.7576671144926,1990.1993833997035,2036.1984652802955,1986.2796695105192,1969.1794985755214
93.66651962449198,89.24619378130573,44.78657858737388,84.95049013360482,951.1468010961173,1020.8458720869957,1120.8939186103394,2014.1714404278093
83.81875713582572,91.70053984439245,98.51945222776524,93.99852318202896,1967.2656663100488,1018.0965378454273,1978.9094299812507,973.7520382895532
81.73888344323328,89.75056066807862,81.47682993165543,46.718230341096955,1927.876324428393,1076.8736191130658,988.1609558494092,1978.3076708220556
83.49117972165104,87.75338632330761,98.82718626996913,44.48853485070585,2024.4329496524715,1003.2215041822764,1993.2110736587847,2045.7483528912494
95.75509107617928,47.51022296548513,97.17225715644649,88.14541118928223,946.7806491007038,995.1493252119366,1004.7088586209079,2011.40882464625
93.57388582041231,33.776774493943094,40.56849065308218,87.89496743632957,2048.3031952060287,2066.6592262515182,1971.1240737215646,999.9386809052653
91.93209825266077,37.21701780519567,81.6002938196866,89.99700026979181,2046.3962135267966,2028.5217254982315,2051.2078562772936,1961.1869775456541
91.87585159213381,54.47541528049068,87.04690272936489,48.88963530794542,1989.2842306120763,2015.963718148945,1043.1468892009113,2034.7021301039028
87.91439513951718,92.2601671760402,83.00215632434382,90.91394254598826,2025.1080450268776,2031.2725946912065,1049.5344348529752,1978.0862774986338
91.05025791006221,93.69155715277128,88.05437827997093,101.49559037319779,2035.6356338017297,1936.0952537290534,2007.4698612202444,2062.5550258265926
89.07104880980745,91.3914490966917,96.87980723566307,83.73166529252607,1955.1083837906153,2032.0496276945748,2004.2026421160647,1980.403546203964
45.913279412313656,93.28570703939474,85.91203324319595,93.01654163829623,1042.367259335929,2000.539189662276,1000.5704322141814,2012.1680543310385
51.584059848306964,91.1883455049506,83.80220486158024,45.60835808939773,1993.9578457741193,1055.1219888260819,981.223599231964,2008.149151256469
48.47405800398879,95.36772242563654,92.48839528200484,93.84935194495561,2019.5679994330244,1055.7733431987294,1033.1162227307505,1995.7202397401632
44.48787973260506,87.54395828389806,41.52525877871264,88.94061081772334,976.7655989196338,1982.0046696822321,1043.6432954581096,2011.289983772223
45.44074376163623,96.2291545053838,90.4108156159858,41.24305232488694,2049.6452031232884,1985.7578056454952,1965.4790840691217,1996.4295909004193
41.95574318484243,87.2464920497869,43.860193882257015,39.04230266466854,1979.2880649542235,2018.4808775527126,1986.7927575847687,989.3879227543762
42.49028948013129,98.53220679008548,45.40085634844556,43.951224312692524,1966.518123217132,990.2755179842566,957.855901842953,992.1171205822973
90.75029406839244,93.41685731817212,88.4141632582991,98.0205211647072,2050.5301823035343,2013.6382033084494,903.2070107284312,2012.653820165404
99.24077643615348,50.72569825195923,82.32051407343376,44.88449287470449,1032.2311762160396,2055.777646837729,973.2567312174835,2008.1728954924513
42.14135046685516,84.45534416211544,48.250520606842585,96.9575597325994,2004.2800590028658,2025.3439492768846,1989.720249292038,2006.5283731477555
42.56116050179763,46.34298323569237,87.19995846695954,93.49280890690997,1968.8473941299098,1971.8972939579492,983.1289110684161,2012.6917816379437
95.32118421038078,82.22147129450208,97.88961185116784,87.24036356573919,2015.8120191737112,1990.4359198721675,956.4938760977375,1951.4041791873467
86.45396207315241,85.93620683929014,93.18625944787311,44.466460537402206,1999.4373058971414,2019.6527200763496,2005.3181652037074,2021.1038135067563
90.82101429494725,44.84694770545776,90.72302641330698,90.91899504835413,966.3367463746388,998.3630948806596,2020.1926628940655,1019.970282483155
90.63255031607032,41.74305887730883,89.87312010913237,43.906068728883646,985.5355524412676,1009.9764558334209,2034.623299631523,1057.6182751594708
100.01757994804913,94.02162049848576,90.193600152188,84.05931999201826,2015.575328805109,1974.1426472368162,1056.2652845805158,1992.4148968244563
82.93288180706543,92.85889699927928,94.29144529438426,97.60979726171801,2005.8689450750471,2027.4903033401736,1047.1889176326808,1956.5850415703594
44.58702108079476,93.20732598060157,92.43047541897963,90.58568788238951,1009.9374568069667,1997.895271643153,967.9953728945075,1045.867764351645
45.055887649261635,91.08011795406148,91.41519672889204,45.62836357248095,2029.887758268225,2031.835465090322,900.3638026752275,1013.4521743310434
45.06435382704862,89.44895304413005,91.00597134464736,94.79116476865912,2050.1097107859173,2040.8374292702156,1953.0305829924166,1983.8557135022872
93.21184612385622,49.48330950553531,98.51557117106529,85.78747347255201,1974.9822350749366,1063.2313087315995,1045.4759807797282,1020.9714160584499
80.86022967427249,91.2313578874034,84.17646017418252,97.61405945745594,963.4571383477494,2036.9346714951057,914.3422630071012,1993.4018736277408
91.46014997703281,84.82071713126352,41.22910942602909,48.140877580383275,2047.3594541205846,2034.2766795940456,2021.9562330285053,1011.5095453685965
40.95847326538501,96.70247091314958,86.05747340675563,90.64195835756473,1934.7095190360783,1994.5996193808678,2026.3969064565354,2002.3374134752219
82.60363254921886,43.41811819698489,94.40907387457767,93.02868435291899,2047.124463126928,2008.5214492977152,2017.5156053433352,1052.7049992015636
91.362735761744,47.846148328769736,84.80139043711331,45.85113879769211,2009.3686550940943,1998.5855094147983,1029.9852823861145,2017.6260205514864
92.113191499085,91.75769713860207,46.069800345086435,84.9476417717523,2027.2789711712128,1966.7733268360314,2000.7471651785027,1989.8581644695919
79.30322724092255,96.51829103561373,49.315530122384914,83.66760114159531,1011.0619512991627,1983.0108483393476,2012.4728186433322,2002.0491031646197
98.99985144084935,91.88923350198091,89.12026687455442,44.41145850849921,981.2636590318081,924.2624007288816,1045.89770535956,2005.9105730940507
91.41576963748808,96.27183666007572,90.22399315768882,89.35201652649516,975.2311689231615,1993.4812428134535,1999.9724786205418,2046.4536954153878
87.91601885667853,95.70299987654744,53.081952837369364,42.961913723048966,2019.9227854528635,909.5418481126509,976.0963654652053,1992.4416970768598
96.86156610356096,86.41404165686215,89.03414537251503,84.55437541485708,2002.1784943701225,2004.9200033375998,2008.6755980854466,1965.9526678176462
86.91426043894444,41.19668898378297,83.55684640357782,89.95178804758795,2015.0588672237839,980.3382541921471,1975.6697514498596,1983.0266317002288
87.47944453292398,80.7897343418602,45.362928961015456,87.98486697514106,2053.4911291989783,1031.7227419152891,2032.6564055221177,1000.7928096107305
54.85412445949414,91.88905925723694,45.361083965088824,81.6078465766614,1971.667185229982,1011.110156514713,988.7505063876852,988.2558031642142
89.55105464605296,87.40974984673498,47.56836763720084,92.40751072347287,1982.0397684136592,2049.3739760372764,1983.2243774535566,1980.27263665439
92.89243701969465,89.35989481984886,84.0053810509703,88.3805588404013,2007.9151183610954,1998.806437095476,1959.051141864167,2063.6829473020134
91.03198562419959,94.98310984923538,85.25659682736367,49.27543806541101,2002.1394483279778,2014.580539786639,2000.1066330727317,1960.8306554773128
45.570706252679344,46.33148682556547,40.89396901358179,49.62393020353376,964.6790337261233,1030.1264477356399,1048.6447929661508,1971.7214935453187
83.71574230725378,94.29529772846041,93.16527113245125,42.22317766360551,1980.6048337431457,1943.7063124895744,1956.0012770286207,894.0416458642478
91.61898345212799,41.74652139891849,79.30236149372666,91.42498607424864,1005.1372098109123,2018.8387215350308,1033.1287891627187,1981.6057966799874
93.21338189692291,40.37685197162784,98.0795151800298,95.20034215677595,2006.361639784894,1034.1394027826095,1975.8323319396852,2034.1208048795438
95.9959959614489,87.89254644184295,95.48646486911963,82.7800246675632,940.3243184405835,2032.5521450804745,1094.8915933740482,997.3222977862126
54.44272450057187,86.79791183808666,84.40818375759918,92.56799166420872,975.0644743306616,1023.7682293635955,2009.9496774881436,1991.0534505602718
83.16074330544434,88.45213874644033,95.88810712762297,88.54148717769306,1984.857415012235,1960.9947905470597,993.9312734752255,2050.2567841449745
92.40192144200331,44.43698825121015,47.73554934059658,88.48180100576015,995.3240674682401,2036.3192413664565,2004.8304225946065,1993.5197736358825
44.36462786386308,43.92343561558936,42.76851313577523,88.6267865937031,1981.0164880982636,1995.1871420206203,2000.1523773382867,1971.0602117927585
86.1007026163858,87.56413242328671,93.36857256304356,95.84154803705657,941.5457888275953,1983.6769688787303,1028.048242672689,1987.060539131251
79.40057640809512,88.8892831148029,86.31383968593147,81.91946914009881,1983.096334879475,1963.1856311230028,1994.569059860832,994.4571655870216
93.309862667214,94.98560778351437,92.48259684426206,89.34693234324158,1026.7510583830795,2004.212396213565,2003.991922661636,961.7135176500676
89.13412926093545,47.17950967999322,51.91896046856829,45.80039493866785,1003.9655627563836,2031.2086457711778,990.7198623904169,952.9219227085937
86.03911428065169,88.98655747993332,89.53438230373095,43.63805334696758,987.1190546115762,2030.107950293419,2056.428416469612,1988.025947104938
82.0271362122352,42.673514918098185,57.36828319296657,89.7754487325252,2011.0185597155184,1972.0659404029088,1012.3069983987721,1991.6812544069724
89.76218083454005,45.68346958449341,47.30876294517401,45.713229838827225,1985.79321294138,1990.3462251405017,984.9970296806923,2013.2623632458149
45.20954242253365,85.81014198536622,46.799609614312445,90.76290864641953,999.5398945426485,2004.962567460791,989.6775333187452,1049.117868029849
84.3510615943584,83.02902058134484,90.88566025311745,88.86445226214292,1959.5181682464843,1008.2036058906144,2082.7105515768244,1022.9263471074161
44.81429492188125,84.36542960473751,88.58941798063532,84.18279001327103,1037.1854418936207,1994.6165043158562,1992.8020537622665,1975.9022544466604
92.17155696830778,38.9820406354833,88.95501342483762,45.573544400898,1007.8481536769191,1999.9529721523293,1981.3685724088689,1094.8395452156628
93.70728898977916,96.89904723458338,95.91158427286086,45.459659626485546,2007.3962270338473,2023.985152144316,1981.2602363727256,1077.9233069173845
49.03331184806257,86.48261801212979,40.30312272458152,91.94146968281854,1013.982841310584,1995.4242707399571,2015.8525060343918,1972.7078630854896
90.12328333554386,83.875646397362,92.31488557994511,51.153256811110495,1024.6342123880106,941.7265033592596,2007.9225562706126,962.7390370103624
43.332958390475326,46.55122284154096,49.578958746178714,93.31957132079908,1014.6406619666443,979.1961983919757,1997.6101798682494,1996.0373655849742
92.59491109490617,84.51466124731861,46.21730605143492,92.88354036726777,2032.6546091590135,1031.4500899436694,927.005380394256,1963.169422802782
86.7638034044808,91.15697979532229,47.28211612034188,95.4213126624559,1928.9153813614505,2014.0708234797874,988.5390506033956,2001.963426212834
46.00995776783371,90.04733242111867,44.3845901760715,45.28200215877898,2026.5340534108855,2010.4443957270908,2022.6868477537832,971.0238330311043
92.56806405411882,93.56139196477008,44.22792796124983,46.008104190268085,2043.244618731136,1990.650254663334,961.0270002015109,2010.0443759711015
95.7568969238433,86.36541012344618,83.12047715863044,89.13968548299897,2032.0612259890167,2029.260302798218,950.9113016083431,1021.99703619307
87.35772790860214,88.52599862121771,94.8771782760177,91.85188605349654,1966.5618065331462,1930.987013347628,2006.6850652424605,2024.5360114096743
91.21199066825824,78.61257573824753,46.949562502768806,83.80034229948542,932.2896550292953,1004.6865680056665,2006.9730137090137,2003.5846599443776
95.52596466506103,95.13730747169632,44.10988038147546,90.89675992605022,1968.9794178375478,996.0334827304907,962.5958394273632,2067.6094341921507
42.8291491544724,47.1828166561771,88.11759080528613,89.80830805825762,1006.1683342505063,2034.3950752277717,2008.8497449947229,2028.7078048252456
42.05955694691595,91.21853521278886,90.78138914349486,82.38973319610834,1979.3553086633337,1966.0310985467297,992.2667043117592,1001.4288814023129
40.94867748090826,86.78052262686411,83.5304872285705,43.52869648263819,985.862069750134,1004.0951236587966,952.6406984627407,1976.8496279329172
85.34776857123323,93.0159584752404,93.95114116438256,43.15116292071581,976.6609642266709,966.209988481894,1992.0820610181986,2058.930803502158
100.55595821006965,86.82831147215867,97.82412459984417,88.3193435956116,2016.221605118061,1980.0916187653338,1020.0479797194075,1027.1398397890082
43.133713699153816,87.24484332010597,54.624550887567906,83.14190338753922,2024.2645709472522,2069.328010791359,1996.9316095242016,1982.260582131877
91.56082580808513,90.4096698915729,88.89125882559055,45.33155577203354,2030.2484778243356,1984.20646115478,2003.9984698203446,2034.8055057591073
89.56778091192508,91.2685515705785,94.3087869598328,88.13351143399774,999.5977597674453,982.8667201082023,1980.5468351550453,2019.8971226248723
92.1754974333098,80.79616496462401,94.79292818675242,41.14346659236824,978.7810630102981,991.3678718347421,954.7282459191225,967.9682638187688
90.97559246889706,83.7788242401735,41.03174912041676,91.76479493280384,2015.9030987668452,990.4754123913226,1969.978364506712,1979.4513764468657
94.20392560617108,89.73698264115099,93.51228691047962,88.94970337192454,2037.6128932525937,2020.2954792959397,1946.8654408079917,978.0140816414464
41.00263297482839,45.6196222788475,90.60518292840389,49.77469859773825,1974.549955156151,2022.8933911579288,2008.7841857845556,934.2030502502457
42.17586735506417,93.9738252417397,89.55101673846295,80.46950893865026,2013.9681903390378,1972.4210252282346,2005.7133649493235,953.9391358577373
90.20398649273444,92.66356761767607,92.99685482030593,89.98140182094654,1996.611306013538,1965.1783067978413,1986.2130129393647,1994.2367538209294
83.37771492540016,47.119256536425866,48.45940004131063,89.30955866480166,987.6817854204405,1977.7905757088192,952.8351122398251,1981.4217060550204
94.50520019204443,83.1275014244177,93.53972058585705,49.70935079489057,2022.803340733026,1044.7286580734435,2031.6923970832036,2003.9688237270275
90.06904622660508,82.46384809617066,43.88595149872501,86.63854310629421,2025.145619648786,1924.0602012916052,2031.0207268540817,986.5376349440855
80.27458955522415,87.11469928865914,42.3684077217909,90.24399655720507,2004.3951986957395,2041.8484487968738,952.2100147815424,1937.0376207212269
88.36833302539091,89.06333421982438,96.9469894267152,47.69840493524573,1995.9910029145126,975.2167898611598,2038.432414891432,925.1162626000262
93.18737174439339,92.83930928535358,90.00997470440798,86.16146163546298,1027.4198400985995,1978.7445718508231,2059.7625459571414,995.4684603463143
95.76055123079966,92.67477123555284,41.4392349370147,97.00541650247986,1988.6002069030035,1911.7672581642098,924.176714753629,1985.7487582173303
40.57800773954639,91.80058471057421,93.15805678740539,46.10425044496152,2022.908165191264,2002.5671513158304,2036.4811628544817,1985.7652114521854
42.80949585281958,51.350203329724614,49.04601805519245,91.82097748922565,1076.376595101271,2061.1770700404136,994.3025548348124,2024.3436262626362
85.44064364898553,50.5164547899612,81.90995767745125,97.32081951403063,1093.223158757165,1957.6800885649575,1976.3216441913446,967.4674090904354
94.9911371427823,81.78687573682711,97.62831630910816,95.13240360318066,1019.9475250840994,1995.7303572800529,1963.1228791777066,2010.3639092145634
45.14112977293702,40.47554917179595,93.79201043917008,88.62361024245894,1059.4404775816183,1992.7916942988722,1965.8077018191148,1039.838477411591
97.73210513597392,83.59410714288319,77.44162863035982,95.21862153864814,1992.1486911455,2006.9172564902435,2014.2099353908534,940.1823549963706
84.46325702917994,88.7233764055484,42.36805185044781,89.5011227190983,2030.51639631186,1951.245402540248,2007.3865131042812,1934.1738334904219
88.37282264661249,90.94866146786788,41.50140699177423,81.36105937034068,1062.5760188782522,1976.3754530754925,983.8204053234663,1985.4155660678239
95.0546435965811,50.14828011396076,90.24421126276123,90.24305049044146,1955.6140795908652,1962.2183555014112,2016.3160699938874,1055.7499907239821
98.09025930467145,81.99035724773447,44.957863310196124,87.92007781433865,2039.9093686763892,1996.389710551628,2032.9124327755715,1002.7811049695581
88.18272934229375,94.99217602521796,83.76964053426802,46.881666624065176,1031.962532197782,1982.838258941769,1976.825826133048,2028.2705205794805
91.14320434244404,88.4778749409542,87.42385758730536,88.10828864549073,1998.4101696401167,1038.1063904734501,2019.9944415433115,2022.5741616143819
90.26042417503716,41.37226312933031,91.21112125989808,92.67234341547055,1994.3419289589515,1070.721710107931,1051.7178818394282,1044.982179277835
88.47394085293051,87.48608780510793,87.63991041719632,47.43193803691137,1968.5236923653463,1998.031491762899,984.4904555329338,1060.1366959999173
93.3397464789066,42.1900696656624,99.38453489111326,85.85328807992312,982.3945571128313,2004.2451279126835,1959.325320955552,2008.6142777451328
41.03225775214775,88.142878094152,88.9332784969512,90.86383954189577,2000.6944961291517,2056.3185849181264,1945.402113923426,2013.0967142844218
44.162761964136934,96.83667043260044,88.70319194507479,42.97235622779587,2009.744399966165,2029.1004236459905,2001.981760651492,1988.9996596422764
96.47766697503599,85.19674353964193,46.76557608468666,44.72819648189257,981.6846124076808,1998.598308946371,2018.0075730396377,2022.6189443551707
87.40001471671285,91.01969903241977,48.40509867415883,80.66552104610668,960.1651150011003,2010.6682472674615,934.5170282785,2064.40349659587
89.36998623453692,83.56189527437472,95.07282777822945,51.424610481846145,1963.916526168964,1980.8654579652323,1996.4264064259976,1002.7176929401768
95.1663847393351,87.1242773277782,46.263980318247256,52.798252272416605,1980.269683970858,1959.3282536345546,2049.08868928131,2005.5347842955393
87.66317359101738,91.21528587584872,89.86562724215108,81.64430562141851,1971.1751428411974,1966.7067475474792,974.8306245843391,1976.6465716408577
43.27242795917096,84.2519911985715,45.54767450667345,91.58569739698184,1027.3781397259895,1990.9007297606838,1009.0268721873686,1977.7221734890302
89.37047011115041,43.43120113191928,86.35108356644938,90.53662607279097,2025.5164455489692,984.0169803243264,2034.3571506106694,2025.485297583641
87.95511967180254,89.70012440194935,83.44541302524202,91.28381315611385,990.9250141468978,1027.6550608237694,1986.1636692566979,1978.330412617558
94.59205872975495,100.26506946670973,85.31179461598049,48.161089088191275,2001.4968647162104,2024.4364169017972,2027.832147865513,1959.279179426093
88.56629074987816,39.48290789502332,91.81952187914332,92.47951471443197,2055.4857384024926,2008.6138504962498,2039.9967030516389,1989.7121653452473
48.02171608812118,95.87973100006256,48.66568838537347,41.46619589522054,1017.9486911438883,964.7157304916138,2055.3116372228606,2039.381320236916
42.760672887209935,94.73404873127554,44.39733087362939,85.93157107373082,1965.4301395036969,962.2879979774013,1942.2444309615842,2014.3370814983803
41.49669028148419,82.3377272772416,42.89743700477368,87.53199503304567,2015.14979785941,926.3613782959367,1965.774976990015,996.384041900676
49.4725260689381,37.56617732230756,101.38536440233682,85.90113282082693,2018.3387044027647,2012.2823011266587,1989.9182006828387,964.8466336488709
84.37891257519543,40.3449958386413,91.89585626966873,51.81452645302555,1031.4109807577015,1987.7074252146188,1983.4109017910614,918.9235371683583
43.53169627975572,93.2411286656937,96.76409197018138,41.72814894369126,1979.5121116526095,2075.113808951377,2025.2839992963015,2005.9589287658173
45.5528505657839,48.55229309036853,89.05210644041486,96.42515920868951,1978.7131349906715,1990.0962350325524,2007.5439900659464,2000.5046249748032
86.83190531329255,89.47634961416318,88.13352839123563,90.26673397929669,2015.7630214257706,1025.9740526476912,942.7532225509406,1019.9838781419976
40.84843607729016,85.3950900758864,80.31287171345829,42.32551978380133,919.2318687094103,1056.82486637771,986.1236045551935,1987.3233650580105
48.855481692382504,43.99345265434415,96.65624066822691,93.02368747951279,1985.5808047693752,1054.8543135979387,1955.081734063665,1999.3320383427622
50.08019595617194,93.637930369684,90.96508327854954,83.62661131478755,992.5668932485639,1976.3461839730694,1006.5906299433522,953.6019349370421
83.34770549438315,90.10456821548419,46.46756228886011,87.96784694742345,1996.9815515763794,869.7960990421275,2038.3518090575874,897.3746825482739
44.73353227719129,46.341197517673756,84.3011588606466,88.9086805966664,2022.5451691979465,2009.1798176329332,2022.1302097949465,981.214646871648
92.53570355388659,42.87832899250009,87.60225068965356,95.30790221833306,1980.8646106079277,2004.3315870952486,2051.3083206085294,1021.3811300697548
39.36515264589227,47.469739037377735,94.58317504516435,52.919271794130765,1970.7497511566403,982.1367936006427,938.6143704144052,980.1702949360958
44.805228133127144,43.874495102690595,94.1575118480879,50.4238084343903,1969.4785734908057,2014.6878258237532,985.7925636579827,1976.2480664942595
47.426049097552266,90.5493310587811,53.582426806998555,91.94599226496156,1973.7870612801767,1948.448267300994,1982.5640606069226,2046.603089099458
90.03169270030716,45.66439701444645,86.05391500470772,95.02871359592656,2004.529817891503,1969.0159288508128,2009.5257692163184,2012.049190040765
35.89239902207584,84.91263763280377,89.6657455921283,93.77444372818904,2044.8439424903963,2021.1999587461016,2009.4776958155726,1994.5831215295689
81.76867385723469,97.13201041369385,37.544053048323796,44.19486479708405,947.8203793557883,2006.4970409908315,2000.9491120873874,1891.2132751285453
99.15870582041534,92.50099203711142,41.58871953055717,89.8162341892668,2049.997230800806,1048.0725151718248,2016.0124058684003,1936.369295652498
103.84704580639391,88.52840350282347,43.0634059760206,91.65852087329732,2012.2205604002902,980.4890851809203,959.9545866065293,2012.5704303126347
83.82167375507159,85.23936465394432,83.42178944659418,92.73583343763622,1007.3055848266413,1967.8098800226423,1040.6165935303225,1988.2580583687418
96.07559629315129,87.15465725744231,92.77703105233677,49.69840047098205,1000.745551306182,2026.5078956878656,1074.467705160287,1968.0957315585756
45.90095052535452,89.98257865030924,88.68033818014956,95.51380691775317,1990.6538714610326,1997.007361322461,1036.5632226043701,1987.7763810418483
89.66986595976027,92.7394227975552,93.84694812598703,87.26510144907424,2022.8835943447136,1084.8911798917165,1048.8530712000477,1066.0073582359832
80.5965238095675,84.05905813267545,105.48974827577533,97.82766867754842,2036.6387239358837,2028.4502543981857,2043.51095468673,2017.5982353891768
86.98890458562616,89.59162262428855,102.59529379926943,48.472709924219515,1045.819175543131,1945.6419907882957,1972.7410475373738,963.9191515324997
43.8712477006879,89.51076560731701,95.41094878379361,94.40389330797352,1057.0022653465448,2023.6413555671475,935.2039291642725,1005.2407094399136
90.60660487831612,88.75437622115604,83.72062978560368,88.77460658845068,2005.9068602478385,998.8680331602973,2013.3586642027024,969.026058277077
90.16627422230712,45.31885810709808,50.586283191703764,85.15052665264187,1980.6527818862246,2001.724117439509,1956.0853436372715,2067.4552741822235
49.96953983999944,43.423912935322946,100.85751309823878,84.03223781112594,2009.6569200537822,1047.8529633307658,1992.2715256646347,2027.695950358866
102.5974625513672,41.13774066495077,45.233490204923726,44.26855581737863,2019.292579488592,959.1657917243537,2007.4521651664797,1971.9561594723054
89.41527980465928,85.86572599556484,85.1825885551756,91.64368676223317,965.6830500998035,2042.0319870530093,2018.6983798230663,924.908920032502
42.320734228939514,48.35716122921637,90.72989028346637,88.12003567830465,952.7172368247789,1940.702104916427,2029.4463335095668,2019.6501003131818
84.26412768392696,53.039958599552605,38.60681946412372,53.52126495151924,1942.5850347771093,1936.7930090525506,975.329864993825,1020.1114031800453
90.904171978932,99.30115526185342,90.89312048004489,47.88296036577306,2073.459451382219,1053.720981462521,917.0729773400355,2015.7655210042335
94.09109271157644,92.03405262035169,85.99315899696813,86.17730166459752,2016.4825741774403,2045.2182357828056,1982.9084832166177,2080.0775027400514
47.21014414510596,100.34757158960221,49.458390053396556,51.853511795272915,1989.7925811943815,979.892758865006,2001.0861707550537,2017.6995223786655
86.83648392975377,88.95501176870754,88.38451090019356,88.34713267601643,1987.8524362963547,1976.9659246390904,1996.1296958362918,2030.802379241179
51.28652382151611,89.07813183342955,88.13735998597852,86.07007616596674,978.2473544464781,1997.6105853851761,1966.9523823573097,998.0149750183627
89.23104006424832,42.0677935323567,93.76644455352218,87.27972286716414,2003.1375326615034,974.4861274145399,1046.9505734218274,1955.6870614600925
42.444742112054385,89.30923956643848,46.61411256414629,48.895386367997034,1931.0471114819313,974.592200973306,1994.236292348921,1978.3584238824676
87.92237605440141,89.73649814417361,100.33803421734548,87.15878115035554,964.2860606239112,968.1152790322902,1961.6740468588755,1936.0873005781937
88.65401423926042,92.25804511680946,32.361513632297815,90.71349944145065,1978.5220142007215,976.159718180852,1064.073404227156,1952.0988572170513
42.84354817720809,79.14703831396876,47.86567853350796,45.2636416769885,933.3014790942871,2011.7917822718643,2017.2846391217784,972.5056647787187
93.52096490868934,44.545184894554296,93.13908593795043,92.8346424299636,2028.060806901246,1007.366595268444,2018.6241399701066,1048.881119438814
49.21590483797898,88.95792172964391,90.22516423075581,97.0402757248122,1974.12737652554,1985.5697797262494,1001.443916682362,1990.8598235381367
92.04719288719657,47.849961779112164,91.43874017101952,49.68709735856664,1944.1673377224668,1973.49570229925,1952.9564407959117,2026.0958822093542
98.17603315201802,93.4092269252211,89.46154588813619,87.04993618425004,2000.185567979438,980.5989952594662,1035.301398274911,1006.854532489881
85.47043959752934,92.1103096319875,49.14921087099203,44.41985325011305,961.0877599204177,1945.760988771962,2042.976264643096,986.3150427489402
96.05324892326476,86.43514055924896,89.25772029655973,86.87316867258234,1979.768935166868,2030.0282963799336,987.0348277465434,1918.805375690619
46.68232642187849,85.94484615998424,90.97853502707977,48.85964588195337,979.4761550314554,1995.6378760411405,2072.239344434044,1947.7744254377644
82.48069391460798,39.2140608708244,44.14893983314194,95.34678002027884,1013.329844133064,1992.681581315318,957.5488718248887,2023.5204628922395
41.87527586520175,88.17531063249497,99.70791020945047,40.381570899285066,1026.1971304249805,2014.1713636263512,2048.4165810151003,985.28529744454
90.80352387118613,88.7598053355984,48.06142077110251,88.85152628882365,1948.1768813738202,1993.376694109256,2013.116766812629,1962.9766533930042
82.26860105650877,96.6277739001104,48.31479165849075,83.66595872566958,1988.1696778065427,875.167663840348,1020.8562063460533,1994.1436599938752
87.53874042456195,92.96026259357942,86.52160493956781,43.79662571196501,2049.4109286442845,2016.517576933013,2020.7814322183008,2008.905826422056
52.25551581844776,42.87014876244146,48.572140407695606,99.81890629617074,1939.1629023857704,2018.0331638820153,1028.024665760082,2006.2772284299836
81.96525488981732,95.24338194228103,96.28763488509742,94.82668305934132,1946.2102051986346,1997.8064809283871,1071.9478632698276,2010.523681145371
85.2379296910964,46.45476995284857,45.47354181167437,88.84807647418558,2016.7432373328425,948.6582032740068,2035.6551047280059,2004.6635341861656
91.0011638195377,46.84154032032607,45.43152749797499,47.46706300320507,1985.9213315309744,962.0806881007005,2000.572779358877,1045.9797884844493
94.08125216046876,91.3846353157289,90.47022922629681,48.45717403850793,987.7148787459927,1056.292442371196,1021.3816267432746,981.6501899528264
92.51199147982106,90.54301065671032,99.5041422274148,43.50156754614502,971.0750906465387,1959.7143507627186,2014.53603076062,2063.30585016911
42.731054435135384,91.44463326396377,95.40009884895856,85.99355549032903,2017.6366427458652,1000.3821018922379,1989.7814382085419,1982.8923513438015
42.118613284574295,87.22577970758921,48.90798294335907,78.36973066990626,1989.1887285817386,1985.0031538111764,993.4603239518176,995.5612108999971
91.47525294099916,89.49909800447777,94.76906983187192,86.10296918411036,1959.0843667027295,992.8953628332466,2017.2558894049696,959.5957165968305
91.4201378591552,47.2916074044539,96.09604361721081,85.56480279259942,987.0146625348302,972.8698514516642,2006.8883227695108,1971.6125923771267
43.77785856327492,99.68039098508723,85.8952091056977,101.59203501844655,975.2616255602347,1976.3929086767257,2029.4875917794716,1008.9112957435094
88.62918795232925,53.475484660037935,88.79246481660144,53.4248758834467,2026.795574994012,2003.0982321297722,1039.93905547441,995.4447557425068
83.76075822884899,61.35436792159364,78.30959287518857,98.92720355084823,967.0397785088877,2017.0363620281378,1991.7239963103088,2026.1418096244379
53.36244987914938,89.50799684156014,89.86973959547818,85.88456336719814,1933.0176163562664,920.5399690789143,945.6836671163267,989.1931293800551
49.30463026511299,49.030801407496995,93.06820481874787,88.52383473818175,1998.8994402590963,1991.236963289292,1981.7683984901357,1937.6505613822226
51.770811234487425,56.18812537140412,76.60957690533512,87.06896891332227,1036.1532554069856,1987.6876744051729,1992.5716129737314,1951.7673888212007
92.33095505837544,79.7584776998662,48.66982327671131,46.85258946198111,1042.6563515435448,1993.3472842175643,1008.1099473964672,2001.2532180565784
45.52102010015423,82.44569486640366,81.50363971053483,75.54646814894684,1960.1408808507567,1985.929247505032,1989.1308693300298,2004.11630601074
97.06734214436412,91.93819384820189,52.29578771937126,87.51674597129124,900.882681279701,2014.2514767111493,1087.154143640747,2002.4287308122105
92.33783579502892,51.75272883052578,89.7032975839554,42.95083081766338,2039.369521386747,991.8588410820305,2002.7733112970104,974.8965425306917
94.83397818249529,85.23460797898976,88.62084626895502,93.51010859724929,1039.7989786348094,2010.1594483420583,2002.367376710345,2049.6127705078725
47.22321804229866,48.38566421384755,97.01328327791902,52.18154467552081,978.6571286193687,965.4995022097451,2012.9529841185656,2038.243928613013
85.29325985171477,85.95476079876352,78.9562169138722,89.38271870062978,947.8846039360284,2001.527196377647,2003.169541871453,2013.348659010116
90.87871101711727,40.40030038351267,91.68797742258224,91.24292549397818,2009.7133158858717,1979.3567764175914,943.9837392216966,977.3224916914576
86.86211534169234,94.5804328484417,95.7261055352363,85.13794976444657,1970.4289029109477,2011.4904166215752,2034.4344281737838,934.7759789125432
93.94616402614103,90.04650568923223,84.47225979907832,87.77907538533923,1973.0671404563916,1021.6486091771582,2008.7880497621363,1960.3978607454258
90.94880934596634,88.59123542155147,94.99747291215093,91.88411057988847,1986.2608396736853,2031.1937299616795,1055.5332113343234,2011.0814988234474
53.078321709995514,51.059353430361426,49.25918667595184,88.2652588016124,2059.3186461959644,1990.0545424073132,1982.266281165315,1999.0019862697975
52.99037222346344,80.81903336927414,50.8973628675911,51.55306694082957,2003.150914703285,2018.769865559617,1989.850955601991,1078.000282384425
49.27803566620639,87.3140747959776,54.9106010943703,89.63636553459517,2017.2364616807213,1031.4162366344747,2041.223611101033,1127.9657478753757
85.36451995661005,51.615900184755134,89.49948517851871,89.52463982875307,1009.8345550582751,2016.558833967032,974.7086255417821,1983.439193770473
51.560810868957404,95.65111397227506,92.6417055212725,85.4407180191426,937.6187914304485,2027.6867592597464,1923.8989292650892,2003.132240958742
88.50717743443539,88.57163092040035,82.64073485393833,86.06858261459844,2042.9267192970894,936.6871187659515,2028.5091234073668,2041.8939516306223
92.02826500643069,85.96709122701488,91.48718042255821,40.05307941262009,929.443242029809,2002.0663107428431,1961.9946602799714,1964.5770681455144
48.351849176199714,89.82338038082477,62.39031939050993,52.85122227153144,2020.4615224202246,2025.6057823667807,2008.660902723713,2032.3746332815233
85.96060463260778,87.77152346294251,90.05881850530078,94.61707502425206,948.7034162926841,875.59693799015,2022.9766338641634,1966.0640652636062
87.97440549714669,88.0306599349198,54.164534710427915,95.4056273796288,887.165532309509,1993.9941524320725,1039.516983487667,1990.6062451883197
44.17908081074299,91.93310576471568,94.67583696964984,97.12319069590097,1966.4345534647125,986.6314907521005,2014.434213979131,894.8855634526037
47.13345322446826,33.6889554652191,50.26090796493086,91.51770535442309,2015.2129920087268,1959.486355021195,2010.721705723587,889.5327932746783
50.899082945175536,90.97235379229194,86.7434229126166,47.926858185851984,984.8424520281344,1972.1158164010728,1016.5194607289454,1913.5906629546128
89.3149492720108,62.536896928710426,91.0426099592142,99.1124043068083,1963.616983907272,1997.905345338466,2023.5608890385015,1927.7907961641713
88.4515672976864,96.44155599184107,81.69210480720977,54.342002738267965,1975.0357298568413,1010.6487456634112,1041.2883979166984,2066.1140414346037
86.80152094750764,60.28934252191026,96.73938267811684,48.64490314283079,1950.5052713017465,2017.6948048341428,1017.8923946606619,1989.5297420045354
54.7470967003472,106.20489547983257,87.4619007157247,43.007736702476166,2073.612910395504,1071.8514710234285,1949.688297052447,984.7800104433546
87.84157263030276,54.52866085938563,83.42149545731456,92.3397523488847,2010.8163489507315,2005.042044069531,2039.7758764823654,2006.1451937546212
55.71588485823996,91.15633376561173,90.52636706083429,100.79832459392205,2023.1995322525736,996.9309537112961,2049.0462453263467,1974.5867484514804
82.90231957954617,58.82837167027962,52.45336628001327,99.77040756402181,933.2737155880152,921.8596452412378,969.937294474406,984.499783242534
100.78379604311729,57.45480350445033,95.78499458065583,92.83206375093589,951.6031121987803,954.6087921437204,1947.00008796806,1990.7396584466267
94.07461282323663,101.28166279139022,98.06763040308068,89.08708375811399,977.5169955940918,2030.0573033607784,2003.2539746984908,2014.3844901761177
50.99696510351449,86.94926002772318,85.88786990526576,50.63792884666523,2027.7641014930014,1964.3626032832587,1971.5406176217073,1976.6748354595413
93.97966126470769,50.54582757698216,48.00005470229833,101.58144539564856,973.8711394856915,976.4348313259239,959.4314950076821,1988.3264402666844
91.55726831264684,93.6535576112005,98.1927314811429,51.47013791283128,2021.2052510898495,1062.01384760097,1973.2658681427708,2048.517680052696
87.47006324534924,45.65984066553105,86.7351929639191,87.8020186014156,1005.754949231037,1999.1718719305707,1974.9639588701773,1001.2795482534037
88.73580722258629,93.88119705275392,58.50583642920499,98.46837807918553,2028.7446549339254,2026.929317619277,2017.4152992265153,2039.638228187594
98.79028889444754,97.40720396772619,52.69717947007861,50.31227078522711,852.341705152128,996.2767711578422,1980.9707562279534,2015.6501594205795
87.65795935595807,89.18473962866767,90.53670713675652,92.48860938623291,2052.491892824032,2019.7504481375045,998.4961640721724,1006.0243133357271
85.34067085367005,91.69699227534748,81.88100110354239,84.74837085787419,2014.3082972921666,1091.5489892761293,2039.5519823972745,1938.6982822671
45.34408141423227,84.99783401632911,97.29875988650272,46.42587639366704,2010.8097741021836,984.0033933371806,2012.275564066489,932.5903367326084
99.60705816307224,92.38879249126325,93.73360267557885,37.73776238285137,902.7661135968947,1974.258995211133,980.9576057052531,2039.4038119292243
95.35162410208011,87.36060769203326,92.39493681513284,98.40353227404812,1989.5057129000595,2049.2123812333043,2009.205828881064,895.1174693321348
90.54909226211065,87.81348684741549,45.727022208016926,90.42627317517567,2056.9004741012905,1975.997214667826,1958.4187632671637,1934.1339607537025
50.663823518805316,42.67656654929236,95.56445480188064,40.04574888376031,2046.2501529894594,1994.149320446171,1021.9725984462334,1996.667045765678
45.74154514209687,95.9634709548821,41.899936393654414,51.19885669127946,1983.8902189478426,2088.061345215552,1001.2869169496732,2026.7978881671372
87.87817175296446,98.39660694403175,85.2544398588703,56.638210434905474,1031.3804135602243,1994.6235128379149,994.9757703102583,2005.685658821696
96.3085231626089,51.23115790745812,93.62542779129346,68.67845345225687,1044.8318656968765,2047.087446826892,1989.2367960743836,1987.5855845494675
48.18784030294758,84.5639032470262,92.82902948025293,86.52201956193416,2005.5493592576279,2029.4589642607305,1996.959891624773,972.5375079007057
92.49394021940199,88.79133779698238,82.0574093569015,84.2868448549372,1027.295716888652,1970.3214391270365,2036.3581185134537,2028.812361295282
52.79774133950632,91.61330735077524,87.52272266895933,87.96155771231473,2006.1106461537265,2012.9234678264465,2000.8014194773689,1984.660379236774
49.54110918946518,45.169307658150906,87.13912689739327,92.25644691767573,1995.799549143443,1050.2238172998227,2065.6089886069885,2001.5107713513517
97.00083924422253,49.41672645939654,90.53954332195903,85.9011692396667,2027.2974875519467,1965.8753561013355,1062.9202419264136,979.3426360979095
93.85130672551314,79.48025652300491,88.2862698150261,82.51435654386911,2046.0209818623755,960.5050250483027,2002.413301272532,927.3804802744048
44.98049061513172,49.088638949805585,98.34676376087076,50.51066599765663,2011.1460724099693,890.6895793749644,2026.8904799135357,965.3643252767317
93.07353521561154,51.56196111460133,95.1901126003252,40.03159103925866,2042.9028866009037,1978.5505777430312,2068.722264226882,2005.7191914845243
90.1340150214724,88.3220925359538,49.493564468116816,90.43601145851056,2018.54915070901,1981.8214921623999,2002.3146131958324,1992.5966287530407
88.87512346412305,51.84857337135748,49.984535046310455,90.35846422268793,2013.9148078139226,1019.5381423736685,2079.19198229892,1952.2574358926413
97.47366107545645,89.21533972578581,92.28133024091443,90.85360567536186,919.8980879207404,1976.2921229517535,1018.898102648753,1998.9713874742836
47.16864145447983,48.92897251994627,92.9301951468167,30.615018794682396,1998.1095565118305,951.9760552831852,1970.092751854471,2026.5791834951324
49.01800194600078,88.88877860378629,86.1396963888769,35.3173722109625,2059.7915481324717,2014.3242331517592,958.9930536090374,1981.835533412319
87.23532860575112,82.87262961091051,94.08833489935787,90.58830177549596,2028.0675933166688,2014.5064670677857,935.7664559006608,1961.6863228296004
90.34937680017643,48.88546256292976,48.74078807711157,92.34624732842178,1997.4255751244843,1999.478005174821,2005.702198579518,1968.0362911896977
91.42826207064736,89.93167129745129,43.29541252046374,49.26119452199872,1971.0733145603238,1993.2188677890313,1022.4493369924686,1020.1379688446009
97.75675919915071,90.3595756273844,48.371393968482934,88.1302206270778,2044.9975261782042,2009.1701185454626,2005.6585215392022,992.7949473338977
38.53805541956357,91.28026579498382,77.50215474580779,95.23389004417244,1963.1749056982565,1076.449523722532,1021.580937848074,1985.2460177997145
40.536519425991024,96.31307878082518,86.62653532384263,87.9371414452406,1963.3063274854326,1045.7442999179648,991.3177163545906,1992.7769667589484
86.45419000390162,48.75287368574314,48.14305719791413,46.88259834002385,1948.5726856416977,1941.7844933203994,1959.997907352116,1047.0794661654418
89.01329351038267,91.53657732842596,97.66379050020905,41.30639036779781,942.1866526502163,2056.2215392323064,1995.8274926906954,2002.0562001879002
97.63534354497654,54.447999093868575,94.90007782637012,31.724875246097433,1972.890914326879,1979.10753499832,876.6281831108258,2055.029931018871
88.13441167393894,90.40169011674766,46.82933883211396,91.64425984213959,1162.0621558112123,2022.6784295686555,1991.803613266863,1030.0945973706857
91.70245271076183,47.20931839203358,79.72781794169796,94.30924274392603,1958.8842520924638,2039.2167955673624,1981.4113931865304,1044.7178021700583
57.90862819550783,91.67659971194009,97.6658821684972,89.86322010713869,1994.0813881784686,1943.8577125375064,1937.2360741467523,2061.140514252584
85.51048246999785,85.49897454105096,41.147969291310716,89.1025961490192,984.3708531473708,939.6223645498701,2076.33015016693,1021.0389937641926
84.59896759811446,94.98615397926027,80.44524054803044,85.52288179581734,965.1694600125372,894.9836955830847,1948.0323634050703,2000.6921561587865
92.28261106594044,88.59468021067666,94.11122800748336,47.013951099293415,1032.8995385849553,2006.8070224096575,1946.4379571463778,1041.5549389119021
42.94383591056847,87.844632607107,99.57009549369494,95.55439252148791,983.5704341855405,1986.1638051326624,1958.6790714436465,2023.43019012409
54.7467579624286,94.12685693169303,51.215224890005466,87.09080676304343,995.858339463295,1979.1671264067666,2015.1730870286929,2026.7171872514448
85.24847679062802,90.18842998562688,58.65504360950061,54.7082618620835,1995.2707471880485,1984.6680855936243,950.6759520715541,1982.215662418622
93.59425015505154,79.73190211422389,86.11130206442094,52.892542929448986,2057.0293632215726,1970.8822227707883,2020.5389012447163,921.3409125644739
86.78209184190345,48.952541454081576,81.42091682770011,47.62532624657274,1975.2260653224016,935.9282791075752,2017.6876699799902,1025.393385768709
84.28570613048745,94.23828876116895,91.17313993972098,52.68357341926689,1033.2361722521507,1955.432185404499,955.9614154386969,2025.8240795005609
97.40552117270121,93.920221961916,51.52488251764372,85.01619649591959,1981.1553524162207,964.0505909139988,1976.9906687744844,2018.4105781013875
96.63889187482059,52.69730826309286,92.5094884045137,94.1802273489626,1023.10754793654,924.5057665381557,1990.430668974423,2010.2017640180254
92.30335301706164,51.1718722279479,92.80816245442782,90.04870355741006,2029.3879516915852,1999.7360933787759,1989.2455660183205,2032.779564956042
90.08517228834403,93.91727004134586,53.13671533759631,95.2577653778067,1003.7669050763546,1972.0662915551861,1960.7080313964407,2027.66433016009
42.00807045464244,92.3022500020232,84.20800357415474,83.57547099390025,2058.734732820763,1969.8295308295349,2028.0501394921885,952.8841538914114
50.69124532949351,57.887111775187435,91.0521458269545,97.71442332129638,1999.0307628870905,2001.836064696787,1002.0145088691038,1019.7713184685301
88.29584920391783,49.40045704029937,85.8313969576592,87.53339647058145,1928.4965973545911,2007.060530738401,1905.4582967800875,1084.4823502590261
84.32184579565497,41.40960886312152,101.64030383117698,94.56368852873415,2037.2060460796495,2014.6466713204616,1993.5855551065497,1979.5714267525905
52.96989007208286,81.95001220296172,93.7190744411229,56.9340415640732,2005.551167537679,1992.2040572294209,2010.8355521598478,1043.9415276798395
87.18337933163365,54.60122258252481,86.90396622220055,55.596215504078984,1988.1732111189901,1066.5005796142173,1007.5106187948097,2013.4051757316504
82.08895003574312,88.38424477813214,91.76307223628795,99.90957920403812,1045.590716049252,1964.7319884751196,2005.5933891699742,1971.519489981361
44.802142418920766,96.302096456647,86.27819328855774,87.02820620228033,2004.535643547899,974.7094400524263,2038.778542009527,1028.654671221189
90.7324580944585,89.14417588382169,91.66155886580785,43.56645886889795,919.8326053652199,1932.5470807385038,1970.1507665370734,1997.5864006339316
91.38588087161729,88.75604628188925,88.45343832381137,87.56099817705376,2040.501745861812,1999.7124461210199,1119.0057644780036,1962.6358306665734
76.08416874131424,55.59237400294376,87.98651170946918,53.873598044681685,1999.6801039672764,990.2234797201909,1084.2059859006329,2002.6118368387026
90.95184688183016,55.29898447693833,90.46338027352567,86.6986133211422,1999.3424790782683,2011.4598989064593,980.1028385154777,1992.1222349550615
44.16631647333181,51.7454842419872,96.10093211909427,44.03767516091983,1970.9827558636139,2010.4326212639332,2004.0507952794453,2006.1072321690724
93.54795623831765,86.69144939166573,50.49737143037368,83.64644270831806,1972.0800824615217,944.4014516990185,2019.5032829260647,1006.9827880118513
92.08462174399983,93.12808229524653,85.87361563189249,92.80537559219894,1993.9418729575114,1961.7827064297146,1015.8170602361333,924.1791195142182
86.06851415309119,89.64282229319542,44.93352986990514,87.68562501959795,2035.8819053578347,1104.3156602326312,1991.0980495972503,893.4463017936948
94.50271206685184,88.71021892105456,60.510950566320076,55.75674886988354,2000.4848543224457,1029.9729034654463,1997.1015350703992,964.3743987086889
50.34745643942178,33.58407622597741,53.413228025430584,92.19308809414848,976.7520578890741,1949.5668759899743,950.0495322367926,2015.6864783356084
90.09253113232025,92.30754056591695,91.12687469011246,91.00170327953751,1989.249883954053,1947.2581999035108,2017.6044584243364,1937.8379944675996
94.30885664633041,100.55206559185393,99.10295600544883,86.65711439649091,2004.6652471719747,1989.7413422556501,2003.5152791853827,2002.1874201882429
89.60552528090655,89.32278149134874,44.65344093182433,78.29252232790313,2053.531917222823,2001.9985594919367,2044.041923817733,1975.4618317880265
88.16317128071304,89.74079333865382,97.02112431827939,84.71601821237985,907.0977330875047,1985.0635756593538,972.6636100813566,950.3619425136249
57.21661769297535,94.29885266262106,57.907279003987064,87.42864989829353,989.8601166443143,1952.3279875378687,1941.6397877991133,2040.8044989198627
89.47291920969519,86.07797810302324,92.13234988494172,87.03684873567217,1964.6576917195393,1032.9022958536723,1950.1429065423777,996.9530330403654
91.76644235136763,90.8948219112465,87.52542261168436,85.48157444073853,1010.7208535650657,2022.6801957525136,1932.308199055537,1087.579195750066
45.09228083785186,56.73359474852634,55.77902105939202,53.84899109490047,1080.6133527174343,1072.988260506242,1132.2885901329323,1105.2907599717246
45.83464520467396,83.24170788734746,84.55127144556724,48.48831297632388,1981.0566081294683,1007.1653221486226,1945.433470988238,1059.345267723496
51.94232685228975,57.949619581438306,86.32540052545659,47.7903134947647,953.4829048107589,1984.881187030153,955.2674104401342,1967.8252996134922
54.127715647576544,91.44786756140972,101.34297439091523,51.07183685565877,981.9703165807789,897.9996922280465,962.1322850640954,1042.2004446914414
92.15535909142875,50.539018937838875,60.25400858623982,53.13782888068165,2010.9660861847253,1989.3719560445245,1986.7667143970816,1049.2234366570506
93.64159133280828,94.3823362724201,92.06572951632795,97.31179826995299,1026.905501555399,1036.856635172423,2013.0137838367784,2015.8953954100393
87.98666822409251,91.41059212708988,45.460486120664235,54.57426585126386,1997.339674558092,1956.6407247913935,944.5007677540278,2037.510073199189
40.354664722862736,93.35452214790497,99.99099029515605,89.76316085735031,2009.8824847600697,1975.7421849645025,926.6455363824615,871.6121207387272
