TempSensor0,TempSensor1,TempSensor2,TempSensor3,VibraSensor0,VibraSensor1,VibraSensor2,VibraSensor3
39.6336814306211,34.309792317549835,95.27512018799412,84.76969094690637,1935.5488268742758,2034.55940520463,2013.4309010927248,1951.811695978309
84.34637718764127,90.82124492633005,90.063270254196,90.67259976772917,1962.1653005340984,977.0452146373949,1003.0712138264859,1991.5490113409858
98.5410746480425,39.400006565357614,94.95269669092276,85.99170597580236,991.6830925612328,2002.599760114729,991.1002505772424,986.3906403837306
90.92223896367088,95.69242743541352,93.0838691499362,81.05935290451806,1020.1469349628032,1028.3336107295106,1992.8257199120078,1997.0460031913065
81.5916058598753,38.00392908000847,99.09357961260623,85.10745209189255,1995.2645897916177,2044.721694864064,1958.1733437653454,2031.9834952988635
99.66648131374984,90.98642269337377,91.13556741853934,94.2518009992438,2035.0854533449904,2039.4683501745858,2006.7695409653227,994.0993593064829
93.29688028717457,95.35040705375393,39.24381305911342,89.41628926130903,2050.378282759308,1985.612151385955,989.3109774693698,1997.9314852995426
93.2455063954818,84.50548236537267,42.65736197796131,92.68295400245248,1989.468405772544,1952.0174709757498,1014.5012940810805,1972.449117664499
90.91317649754166,84.1376842520477,102.72986438724436,88.2811718313905,2015.0395487524006,998.7266398741574,2023.67421790351,1995.518755354032
95.04003609016057,77.22802153718011,86.28605903214292,46.4521371630323,961.6115511231793,994.5218007311314,2028.8775049274748,2051.410899694885
34.324584456780286,95.4460285968567,77.19106758371133,41.86300325210544,1998.7037897641305,2037.1432335739153,2002.833743351263,1992.1541458726474
87.46045128580153,92.77444069102148,85.94349841859002,92.67450454928425,1044.9704853234753,2002.9943267949982,2028.8284262970424,1962.0206434111512
37.00200666227376,84.04300017760514,93.72998830048002,92.22370831409465,1036.243334659614,1983.0249620264576,2034.6253542348063,2030.225945243664
39.21298965091238,85.93430378542504,38.48188376732512,30.63589208644223,1996.9581487814992,1007.2243478819983,1952.4347161643022,1008.408162192567
35.18520424105503,93.02781822135967,39.53987847089958,94.21127040207618,2025.8180172333455,1978.9977277017938,978.6448524504507,1996.7343625775331
95.61719826730463,101.54684897948938,44.43306053125019,89.95555164188548,2002.764337210148,1981.7886969709753,973.0379403308051,988.9431546006392
93.29722327982847,86.28782013170257,43.402968986666096,44.133896250019355,990.0487452152399,1977.6259628265736,1993.5839150776853,2037.0963515285757
92.93293331261364,42.05413623103299,97.1798651803368,89.91648069942092,1016.9024545213563,1991.0513360176008,2025.511125902744,2003.387080394296
90.92851486986119,40.04017881957851,90.38840104972785,82.38202381496447,1966.4601726026024,1980.5798287483994,1003.6229231533165,994.6385737494923
38.5613098204046,37.374771901786815,85.81339381690586,81.23477376814755,1985.233671082187,972.0189569282936,2042.3051620222705,996.0853261807079
92.53610991797451,40.53175487535982,89.86331158955828,85.891180782503,1960.927787882825,1958.1074734171564,1981.8708621852886,1962.7337617754006
96.2252476809965,40.438664752141726,92.5094153813831,79.21740086596934,1983.483089977301,2030.609166771509,1003.7724560126157,2010.3508317629053
84.69670990633247,39.3150759648149,80.47168063060045,80.62686176704781,957.6835802223598,2056.5979389087734,1055.7236499801397,2015.4882296657393
95.65408330760197,81.87700074096068,37.57403661679655,38.52040122076628,1991.1781357435532,2006.9032082289314,1030.6772961916654,1991.7720633056786
39.048543631612546,83.15431575452395,41.69884202147655,95.5095320631299,1940.0049994536528,1978.226111962512,1017.4174799243549,1959.608506849829
88.98737165933014,42.04584401633916,92.27596016262356,37.17369386520676,1016.1971561393573,1030.3091437833086,2038.8159537494435,1962.6944505761878
38.67958347528206,81.76306689742695,78.33468459986969,94.44245157076935,2008.0305896939808,1948.4692386205347,1956.6293701240018,993.1694033109643
96.61317268604529,90.17513887993273,94.434939825332,41.84737149376802,1011.5724858226591,1991.3142570545679,2007.981715033251,1948.4453647298021
91.05215200101689,36.22992892417079,88.45724941848592,85.03741528746588,1977.4554398779671,999.4181108103842,1976.229343909799,1007.8831545185978
92.66929038565145,86.96222959284532,89.42702770132269,91.8376290812074,2053.469555206866,2058.0922631384083,1023.946869586656,2026.4922856211244
37.029063928983405,83.92927379329214,90.6476199292242,97.32484042555443,2025.2630273595564,2022.0500104353623,999.3231281947053,1962.0527601619947
85.0371896321869,42.156794470217164,83.13690954655249,97.04016184026788,1009.193007221627,996.8850384521903,2014.6388957237873,2022.7995457054842
90.18598789997574,39.01725770988709,43.19453238074085,92.8527145608289,2015.358349924178,1040.1996674293791,960.4496343517651,997.7976168239466
91.07876408132249,40.968061201209295,102.66696252404267,86.98640500276294,1999.961590629644,1030.1976146142406,1993.5486432984007,1977.318138175588
91.33546215926907,40.5177861808368,96.86615379425002,43.44721217640277,2035.9170981161435,1995.587750697469,1036.9786002902174,2012.2959225669783
34.722165595235765,41.233318373573724,78.53079564566386,83.5020575027551,2029.9061591537613,1007.4850529338146,2060.4971574196366,1031.0591779616504
99.47023998640194,45.31544364827826,94.19516337968513,95.45475596310807,1008.5003242318661,1992.0706485526387,2063.608205408381,1023.5118507954022
90.03057855712848,45.57851469192413,89.91132843235074,88.96890650706213,2024.0456486537357,986.4721900604694,2014.2893989021177,1985.5453079347458
91.13288372244253,93.5223182563475,92.59286501452857,85.34084676588324,997.4910249186719,1995.2711281867498,2033.7941000627343,2036.693043534836
38.02062372664256,87.06591675318992,38.5873612170988,95.41152921396093,2019.4439562113068,1994.09151807952,1020.8284900662788,1991.887169376824
86.48433820344081,38.5195951458163,80.26852991643754,40.87906232144608,2001.7260808354265,1950.196177416396,1986.9712421314941,999.5118201215382
43.18237873236808,38.2844712899884,90.58512896560896,39.29800808336256,1003.7528805192312,1991.5858309607288,2042.3546183359783,1009.3193019372245
41.23445097451881,85.01721908463418,88.63100327520026,38.636551294522675,1982.7985302363866,2025.9747671298283,1009.253430392994,1969.2603602860033
39.87603611534658,96.64225546516388,93.79702406818589,39.10870513599315,968.3008946684197,2008.388831529188,1010.7691777307979,2028.8823773811298
92.253676354817,84.54178827188237,96.3197194617999,97.24108161273274,995.3302330969466,1953.9258187614573,998.1964594937241,1995.6594776978218
91.36491329670308,90.60201400624452,88.62916990769949,42.62857144664001,1988.2240154553483,1988.7068646014466,980.8027364278098,2073.9750381363483
84.3212501825154,88.94810799808187,87.88320004781686,42.42993694796444,1028.448649382315,997.0504392306066,2033.2447608056325,2024.0471519959106
87.62875428933081,39.52163088487538,44.911805676090076,39.894457324947844,2024.4311043695607,2004.747877844488,1932.4962811523983,990.5542602992496
92.85382676362246,98.1383083135486,41.55808685078128,90.1246543394662,1962.1806034390036,1980.4037895776148,1970.8538339877196,2004.6169648133175
78.20134594163336,39.248156947693616,93.25205916985296,96.27476646542668,2046.404887711576,2013.9859025908513,975.6332975669517,2003.8426744267792
35.68040442950373,88.73286144673048,94.77904720118995,87.24040721824039,1970.7588327815263,1961.9442353119425,1953.1997473028655,1999.1741159118314
90.64384126907655,91.40069253617918,95.91931132762097,91.00995592686277,2031.3940202141494,1038.3128657373304,980.3491142197528,1011.6530813649692
94.23739925066548,81.54090248449374,84.27109936282541,39.759676560465216,2047.8212546423945,1021.2730007418552,2026.3789446181895,2019.6214889226985
86.18389814146366,39.83340657564457,46.7192722662507,36.887359887900786,975.9224680858549,2003.8953120236974,1016.0354954164316,1999.6772249687979
82.29663094996656,97.17169957566469,94.16937448539846,92.25713213921456,1993.5037970327194,2038.2442468370698,1023.4999226040359,1013.4750172267034
92.77803789009546,91.28985156672509,88.50988947787421,37.88105333161019,2039.9980965883897,995.275343227323,1996.4771690585314,2038.9212046341577
40.82022821828136,96.91467665596564,89.82733329875147,96.9026696589323,1950.7183343099418,970.9739362448724,1971.1966283735994,2026.5192027122548
42.000990395881914,87.05557639685831,90.00602738969044,95.76272870221578,2003.3995129206253,1020.3520739320347,1006.8169627142611,1992.274440955487
94.7347911783001,85.96388960226133,90.76570398222744,91.29310251891492,966.9221608528146,1032.2740916776495,2014.1397297442488,1987.3960739241038
91.84182615316013,38.86897099330902,96.78202089099551,91.20241974655919,1981.1759609960611,1986.5399052633863,980.9911716808779,1000.3411260427163
95.30661246077933,85.94485074044945,81.2240876946379,92.77371097744246,1996.5962981220698,996.0738519030078,1978.453194123665,2018.3612082278944
89.91043945587677,96.06127405187522,89.79123116686252,86.44483735742037,2004.8327768108663,1977.391890537927,1958.8291387895554,1945.565780151126
83.54294925228432,93.10150956706426,85.69788869278277,90.07530309651875,2026.221811784014,975.2069656993622,1959.6517935534687,1965.298019043454
33.73670972191035,94.34289202125197,36.476130646420586,87.59688231072991,996.9397619382195,971.3383207105385,1010.8842486388521,968.6508380830039
90.14146325101859,86.5869382118134,87.39552414500905,87.67561627441526,1024.32267649795,1001.1580675704595,1016.7028411086119,1008.953952482919
96.63032256039088,90.66357980203172,89.70352974823632,95.43616005374753,1033.755018067814,1022.9968013695483,2076.926789845419,1971.727952327371
85.16378722158478,43.47634987944154,91.38255024008053,80.79384095064212,1054.4694890296869,1024.0783155806103,1993.4741609740574,1005.4301672782757
95.84119879958297,82.06404643725875,87.2093850783535,82.2213666457848,1983.2869023660232,2011.944098742599,1006.2728582924675,1981.5861036885763
90.87283927217561,40.69892757236183,91.89243980386311,37.587371224059254,2046.7976334550704,2042.019130705434,2030.4033156927878,2012.813953913109
87.51305576971286,40.52685468266486,40.38340227747754,89.84721624283196,2003.473118571673,2012.1276433259634,1008.2495196597882,2046.4378316423395
80.12947059959136,95.3970404135432,41.33156330455026,34.668088917704154,1950.4697518092396,2011.8020261611678,1981.5858787652332,1976.1263442231093
86.41838166496042,39.53715213627477,80.1675789416669,84.71700384492388,1994.2399505070857,989.8994293688199,981.9681064504716,1009.2017577232696
38.61263571285187,101.37959211663136,99.52812027215845,92.64117144883534,1993.5882498667124,989.839557049554,2005.3469689565513,2028.654620812473
86.0394902720603,40.441542070101775,86.29781836108049,85.94328350281877,1950.4518251224436,2016.2598474027325,1941.9104223947602,2028.5542849376009
87.71844448213281,38.84102269158032,44.43629219744632,87.18886884263625,1994.0329804699377,2014.2506941636502,2002.9593638587307,1995.6155424372173
91.90124362282907,35.960885780209594,42.67298085938816,84.83377188801929,1973.7590729619474,998.008405981645,1009.5305982699467,2014.5068325399463
36.03446564412279,81.66355378638785,79.73116627484899,99.00284184658857,2027.1948962016684,1972.6631388619865,1011.0807686864412,1928.5292676248866
93.0260646452823,92.58472901268269,80.74247591638027,97.49219955464355,1999.2152863320941,2029.7503030730154,980.6488162924954,2007.0089467189846
82.97495038440306,83.23035975044965,87.98884316842287,90.22114547185761,1032.0289568877677,2009.8780561589424,1983.5377669546438,997.4602295721836
38.666146934012716,37.277992254867506,37.269846587326015,94.3744349477876,2017.9805295924712,1951.3470691287557,2030.558995927291,2031.8563863524946
99.70140928675805,90.70825018216276,38.47900449755403,95.48045298648208,1003.3111455127587,1033.0945122410062,1028.1584655364609,991.8170526562977
85.49973004825735,85.03098816903065,40.252625717897246,37.65337401586035,2018.0508262020028,2013.1167828176458,1981.842964323745,2061.2438705310556
94.50941292515294,99.12118069740065,92.14350008138923,42.210632664731364,1964.3991786172865,1993.1590504446178,1012.7171632465704,1010.1083013223125
83.90702401397584,38.218136186521974,84.58178336679914,82.14281043887274,1978.6520358485382,1980.2160874670685,1939.6872733122716,2007.7890431554563
91.11434919184376,92.22364003804849,42.85880494515874,37.82662717821826,2003.7773535017984,2014.713361000494,1004.3142692211469,2048.1262162252337
35.61695940093707,40.90090771045332,91.47060073383439,43.468661624982104,985.101967248658,1998.7382525195,1006.9267426765903,2069.283040904901
37.744485324783355,80.24187282850332,41.5873087822512,93.25483622364327,2054.555389990368,2002.2009441774228,985.8511703012302,969.7597718005804
97.31157139675489,91.22655077092803,88.99409404180464,95.99749828637668,1964.4132149272164,2019.6887766919494,1946.7468774760398,1012.2997606535159
92.44873680998363,86.15854020329019,40.56774448928205,89.99852439363437,1979.987614282513,1975.400761267385,2008.3885992198161,1027.0750082406857
99.02572408137564,83.53011821092979,41.183123868543504,87.18971896644906,2024.7797947445633,2000.4517218117992,996.7112659024291,1012.7946347120196
37.26242224412388,39.05675096239183,39.6912916444048,90.12294890417117,1028.4162827941027,1973.644716885204,1954.0445350708792,1010.8716841359973
97.22860003755295,89.67361835907873,93.37796361359669,40.42556759813347,1980.6783715558504,2022.5870243678612,1998.1438731822104,1999.4497776961764
83.54404058269944,88.25197152155035,94.72887592811855,82.47499985313583,1021.822025659693,985.5964845234787,952.3221784627605,2010.7510219558271
38.77149974158512,98.57919965263795,88.30621905903374,39.36879963308576,2023.837831116063,1961.156667310072,2013.6645623978286,1000.1232225047834
90.21239658665088,89.80702053766262,41.176686465876834,84.79073213288275,2036.3046497556427,2015.535034376929,1975.2124919458602,2011.3418395014664
91.56073988677997,92.48888658749819,40.779000840049434,42.29796103683826,998.5037901745357,1975.476544471529,2007.3952375591366,2031.6824640029424
84.37021499150407,92.10985204494946,90.74559942486542,83.65325799799362,2023.8895557661185,2001.1844687677767,988.5397290126539,2012.7500640787505
87.67469320851177,92.8406481225348,39.63671535144932,95.91309659446952,2018.8540515562506,972.2601059296279,2008.5535932445086,2002.5627124659964
83.40629805744416,42.08323958807416,85.73182898193059,31.538490944492573,1020.7257165976177,960.3164962266451,2006.0025177938946,1985.423386113534
83.19082338646953,92.86956461515749,96.51813094471595,96.29409221955463,2028.752275456378,974.285617595092,1999.7357055922785,1998.0502301970776
83.1843536290197,91.03168709865952,39.42846737861413,45.698841726481945,2021.2869329674345,1008.5055751595801,1000.3752058414875,2028.835460285946
92.4216970887973,90.80302410454625,81.34024863890886,93.10807847483706,2008.2096935114973,1961.8109471126322,1004.2058042422145,2007.817873239975
39.76355016109531,89.81358915373947,88.45041783307241,93.71725595862956,2014.9715923025526,1000.97767874539,969.7497440811237,2035.91664476756
89.21066703993523,87.92593693955763,101.3294618634388,39.64225910519048,1925.9489814880217,1991.3619379296772,960.9105569537896,1936.896928608414
91.85792674910564,81.74284996891926,40.898716765351956,38.0085406551466,2011.8657472708921,2014.4875398152044,2031.881460451371,2034.8608376961897
91.27857728452338,97.96766689702352,42.09535329505064,45.0932454816698,2031.5636259319722,1966.1629971511356,1970.5420996783137,1974.359286295932
94.73500289875368,36.755300302924454,90.125867886458,85.36897313303017,2020.243863729523,2035.5872426320238,1008.4945078092526,2016.3448741506477
47.9515219693301,83.73942347383698,94.8383554433679,88.02910204315492,986.0638682656868,2030.326575532038,2024.6855949926842,981.4697336366711
42.384362668825325,90.65520365656316,88.19049439147756,36.96793072584259,966.74900191187,1991.0174176652777,986.8373318663014,2027.7596194265948
89.09710189563528,89.03711507909722,82.12859873618777,92.37763937237126,1988.510751642236,2032.1270431358366,957.038830839321,1989.609803567967
90.79349550026893,88.36804037323918,81.15908191332883,40.99728905417507,1972.8047719140068,2013.263164673636,2016.719959659373,1018.3815281235625
88.33170571913612,42.61236245578044,44.871791078030384,87.11413094007735,2043.2923942820444,1014.8105613117784,1972.1154395275003,1982.2469165536409
43.065977217767355,44.1809108941542,78.7171159576034,90.08871683474065,1026.2432662857068,2026.4046675609102,2034.0755453221468,1929.6017634740651
98.20361849826985,41.329224969343024,84.42522011562673,43.59958089238208,1999.2274956710544,1023.340122737193,1986.0911395012654,2002.1760350096317
35.332495223110335,89.79414636305043,83.30880586263382,94.31095809338001,1958.6451976983283,1030.2103926329673,2007.675129323148,1968.0810781753835
34.65814810577386,89.54904611548767,82.19734024418977,86.43392812533817,1982.2245513978519,1006.4446293489834,1035.2367904153307,1972.7595224989673
88.24260963541238,39.63048626122003,40.576477158701444,39.23935050206138,1986.9434552425982,2024.7903164284344,998.5798003502648,1993.6279664472504
89.65242440659456,40.862125572237396,89.41263143167599,41.48201394405801,1945.2393689880655,1042.7515228934978,2006.0389798097826,997.9175852048675
87.51277894583293,37.93180693711766,46.08608775533359,90.89453956764524,1979.7170160591734,1031.4366940895673,1002.167344553,2015.162771027909
39.9856757376361,92.89371690585793,97.64273381143063,91.0154826372128,1920.3310582695183,1944.4302674831622,1028.110137211579,2071.0120154813944
96.10597893649792,98.04556668328803,95.77119829108774,37.7878116594015,2003.8614996387519,1975.3652264316938,1989.669788033629,1998.040032183988
84.3266230155735,84.95866721182588,44.98052265779204,85.36207898077569,971.8543860394432,1931.316647359841,1977.9911664085148,1957.4767497816688
95.77367173000476,91.77706214760161,86.79336658454069,86.84231673507514,999.5255970838516,2023.2090630019798,997.6751226702706,1960.6949234315925
94.45213589594097,85.1480822567836,44.35871263001573,40.141417802698044,1023.6766590459922,1941.1255722321685,2012.570785855768,2036.2691286285246
42.319522489805564,91.01620697696644,94.67941770817387,80.57846515258346,1995.8432231463826,2010.3398811773386,1004.8747504329075,1915.0459230168658
83.99239410060525,79.49769146826726,40.43529183213228,89.56924146845496,974.1608160142403,1954.0454168089782,1976.0881669341172,970.084623971582
91.3209145471872,85.18884136569999,84.9003308238622,95.17690390317776,1016.6791015025442,1977.4943847403556,1013.4104100304949,1998.624282177529
89.9326162835177,42.36637850775663,39.34505081108925,89.18088367859596,2036.5644817151606,2056.8158807637346,2017.827272058209,2023.7302147067621
48.778852494094636,90.17964490594409,41.13556883434663,40.005304846986746,1018.2174437536091,1972.2304346380652,1035.36865745144,2018.2768226243059
84.66885633008704,95.62448333552608,37.5120646033527,88.16134510673805,1011.1188211215203,1006.6216444947968,2042.7523161294396,994.813254511771
38.60492656970169,41.76816465715966,93.20355029638486,85.24446897445898,983.6470500697019,982.6813213545324,1994.128785787212,996.9149668121117
99.32234690940359,90.23722989511575,50.296567542253825,79.55994520293532,1961.5832713394382,2039.013980556109,991.775597479383,1010.1442303329809
81.59068136391635,90.90136975095511,39.37816511118095,37.675803904065404,1980.6888572951987,984.6416807905414,2020.2230674676275,2006.8886825612406
82.04724324357615,42.51041559823727,88.30527970392721,87.70783306033597,2080.7956337618325,1975.090828851434,1025.6492602081648,1988.5372195276216
88.61297035746897,42.48850150201423,38.70431869590087,85.37959845923496,1973.2722403854573,1980.8255402691168,1017.8677326014001,1017.7585943375097
99.15879835433158,42.86741539061812,90.75663561599643,92.4169606159797,995.2673135811439,1973.4875947526225,2055.7898499082253,1979.9219133282786
36.7389652796588,99.7661164845151,97.58899654838615,100.56935592242554,984.9024535356617,1995.222295831489,2000.8942013376256,2040.721846652421
94.18666554739363,37.460639014128205,43.22274945693689,90.85531660765034,1010.1882278202207,2007.7645525457147,2009.229956235347,990.2761741005179
95.3521120930805,38.78268079757805,42.233879309289364,90.57213740945717,2026.1119078222257,1000.0588383105646,2019.6177282768335,988.9688000123704
87.50398211351398,95.32701390614817,94.40676349607286,44.031060178440754,1995.3620137139976,2001.9250516114084,2032.2924656692069,2000.3802960465166
92.09353626065214,43.491577959058276,86.73725966816733,86.70400891487301,2049.2305610433546,977.5620888742371,1006.9312686176133,1968.1029373530614
89.40556939200047,93.59154467036832,87.21081966609627,40.37145831314311,1964.5008507766909,1003.8970695414478,1956.32195244599,2039.0727974363156
39.68033799233078,40.85305956155565,93.70235674023643,84.5788799073837,998.1328583550505,2025.6220755058846,2044.139971572865,1018.6756365515271
95.17655622715287,86.86722197097973,38.47896157701317,91.74920887474794,2012.665768838384,1984.6179755731057,1024.0006522278259,1014.471287585232
87.15836647346393,38.99049348692441,91.76968533940746,92.25058521282492,998.1935014354472,2047.4041843798627,997.6134324409743,1000.3316587281574
82.73470685560581,95.99761539746426,38.06063474705348,44.790065498253796,993.3303387282278,2014.9844028536172,1999.0848768404624,1009.3842277359093
35.37251491141981,95.29721743368464,91.19858620126455,41.06978883700201,1007.989636753822,998.5693051990223,1958.1953093979914,999.255340300254
86.92792319008682,88.27281532572877,42.98943866836929,39.1046258764203,992.5132318935085,1991.9034894502913,2032.9758319476446,2026.594032323894
37.863433315147105,42.91524374389995,79.61769015634937,94.58147344194609,1963.9536239352046,1952.3388712667593,2056.5138104186367,2008.461845036709
38.860197488233084,90.11470602029111,88.61475367917785,89.7987177168921,2011.5404991190114,1001.4690215791609,1978.3241981431654,1983.4829157382505
37.5498413914499,94.13000464082187,90.73310009915828,32.85612197685412,2043.3978448760927,1957.1953055008455,2028.4263149804017,978.7233994426194
88.84295107238769,36.586262424547684,89.19216409744067,95.1427974565337,971.407761985068,1937.5240713962335,2054.621890015952,1989.963376040603
34.94703653082058,92.40684884318092,88.77145714179204,89.32331502609763,2035.0153502724395,986.9686515779507,1981.115580425422,1983.632330794678
33.882899777367705,84.79020329979141,41.07592262456802,80.27263898415873,2006.042012189927,1988.3016370425853,1932.4242591480443,1962.089901065942
90.57678415048086,94.17194202907675,94.09215424527436,90.50210729466153,1938.3694881596448,1960.4689218819335,972.5666333195943,1990.9271544173432
86.85536300304823,38.29599441418448,37.183968077118,94.96465001814998,2024.0553226621907,1974.8637979327775,992.5589309706146,1012.3969946343564
36.07891471194211,38.54293106855063,85.1748626442221,87.82943322004363,2009.7751117583564,1009.9693555843374,1909.2867334814766,994.3328864008777
37.585522378878295,94.65793819002052,42.543174042948344,83.66398066019138,989.4501021604344,2005.7731859128562,1977.9497363202906,1979.3024448289752
95.78354578045848,89.97015793379813,84.57115714304724,96.49604996619198,1995.2875626769555,1946.274286025706,1983.6085922653683,2037.3388860315958
85.17338269854713,93.3647145690706,91.56747561542868,89.26125203354721,1990.5468165553843,1950.6804899125932,1974.7868568797173,2045.0736708262043
90.5849420347736,40.25758209838084,86.87178988205075,41.94384368288594,1966.7924809762324,1004.7488207177187,969.8380992652887,2016.2153362083027
93.70091540737305,91.72049407187598,37.82876001290962,91.17570235230058,1977.870156197455,2034.6422364567366,2039.037737476988,1973.8099340829456
85.29410609537086,42.212641478847004,83.34513833731525,94.87216017736935,1987.757980650887,1986.0663927819726,1996.1497158429875,2004.6848023741588
36.657232308390775,94.39528109660702,89.3201017427646,100.61820306726128,2010.8404855627452,1012.1294613573792,1027.183091703643,1970.3983652104694
86.73202232524888,41.121459302678204,86.42737767364832,43.01953250605267,1021.3383373508113,1013.6718531441859,2041.7746919460396,2007.9114448568314
97.0474463646314,97.8343452055001,91.97981419363228,40.81382958992887,2013.4534348594366,2006.14574129001,2006.7030000963077,1011.681321673426
41.36112777053896,40.191719550060554,86.54675231846123,35.71480109879609,1057.1134257971232,1961.6049844447539,2007.5952793289396,2027.2886536560316
92.91346924503918,39.08318873114311,99.96022507135876,38.00057288601306,1045.2555009974128,1020.7870334060258,1001.3160578159166,1931.8962102659182
40.410246139397806,96.61530651354715,86.23510765500276,39.93927749557158,1999.0722821173308,1002.0814149134519,1944.0160299922477,2018.4324340459182
92.83099038382677,86.0323426107875,39.31590132336615,90.74691538101735,1949.2928109271309,1995.3517540927553,2015.873966239214,2020.9093613839182
40.316788384098835,40.12989485783342,85.45005768791384,94.7582907708184,1960.5955920025049,1041.1523374159865,2049.174503663877,1011.9174910474317
87.14276522010722,41.45458287227439,98.49736889739965,38.38051420694934,1012.0837175718224,1976.5733031037096,1972.372090118353,977.2924984364882
42.44057027721469,85.75903105691268,90.32680614724795,90.90796607331615,2036.357468585166,2002.7528412902561,1030.4560206600324,975.7897985051898
92.05306896961984,41.406716546427276,99.00358939551506,39.189493335092294,1995.964024196839,993.3987218392633,1030.94850342154,983.5679747945471
36.23457348191707,90.51735865971871,87.87482395478406,93.27804773239208,1007.2701180961749,1995.6747218690587,1994.0216711038597,1976.2724026011206
93.39424821402348,93.73856785475255,84.37283578035026,39.298095363576195,2031.382448022707,1978.3624071454908,992.6254691022164,1997.3028834466413
94.1698524839424,98.10168908558906,97.07892345648482,100.3417881780937,960.2907687844114,1989.0260646547652,990.5490813840304,1995.574968458104
88.35083222611837,86.96930325285432,85.83930948425089,41.739477915812,2026.6920845810112,961.464897573039,1980.9688655056332,1999.4859935957884
38.641088611200786,91.76052951269092,42.19812089031417,97.1817710240513,1029.9861809738222,1962.8443739789877,2016.4007685197391,2008.9143778807706
89.28879432356774,39.88865552088423,87.89849286512049,82.0712682304278,1013.0761483480264,2008.389077299206,1003.9400244094433,1966.8315271109823
89.12857197269997,91.319581161326,85.25041682413261,41.05602536114082,2003.4705046616175,1028.1518815174973,2029.3548892487413,1970.7472594826706
92.22348597934487,84.99791627941656,91.74892701095847,92.24136574601751,2019.9646822274508,998.0538612275975,1986.383396377718,1942.83857698684
35.16978862778366,37.72556704002119,39.86470539327681,38.31607008958087,1994.0148282941893,1973.426708943586,1991.2503082172395,2021.7702453352067
102.2604967385957,86.88657222377516,39.56162756806107,37.317814995419816,1943.3836577185466,1959.1936298886992,1980.4162106250185,965.0915422072565
91.2487485571267,94.10123717756953,40.36501041991664,91.79432119777732,1972.6017440659944,1991.2937983241068,2018.1668809138712,1988.4092658300642
87.3927817908833,93.70016739926807,88.16697005529787,89.88426009936394,1966.9299238055366,1993.126387226488,2022.3501300399525,1962.2412770687272
34.15644767564007,94.1106947909676,83.74437735487035,41.20903699357697,973.4803142582657,1040.4114236402274,2010.5851104635567,959.6040119909142
83.60501673271908,98.9000261785298,38.37556019062759,93.47201132801567,2000.0272200776526,2014.5073872559346,1020.1071575480794,977.6022317709326
36.173311278054584,93.72857962176305,38.20408603037047,93.2272571231301,2015.6860539651273,1015.5129551888219,1003.3026118364007,1993.8705944168619
85.16194666000622,96.27932823247629,94.805113233532,94.88079395750847,994.0543643490137,1016.7129069944815,2000.1984493224204,2044.2514028537564
37.53642451152042,85.0789434519256,44.081750107421655,89.64398809413903,1986.3889509951052,2019.923218485847,2009.9079811384636,1022.6878616214123
89.96408289981986,89.04940941595575,39.57322459328693,99.45293533535083,2011.7066524990316,1961.1751448390837,2005.0119551434536,1004.4372371906705
90.68127425221424,84.54064404660481,40.61691701698375,45.55998590830008,2020.7556558984516,992.2034198556726,2002.122312363343,995.8059368858292
88.43949852614745,97.19753814269106,43.005848937264645,46.053598258863204,1043.5121951238789,1956.4651441222957,1975.6886077920549,1991.709857287633
35.46303055645686,91.40450442896929,91.37503840176396,101.79454912636434,990.8706911624652,2063.146537273777,2012.7142818293612,1959.931721107208
34.58279724825167,40.96445432654997,95.09725824480525,84.98020680477595,1965.8083815399648,1974.064963916294,1979.0034015961546,974.4442853327596
94.97120873482021,98.22008439879485,85.58987838388563,90.23640597423535,2005.407466303502,963.524246379315,1014.9487669138125,1998.4045314598116
96.91409431031602,97.9530295997474,92.56268370194617,41.51095435826111,1019.7562027952991,1985.038545383091,1016.896930774906,996.4591153591555
39.60045332765909,42.2073064832365,41.10631550490261,83.41723635084603,1960.4078930481853,2022.5981408541065,1978.9816969714861,1986.2267558493704
96.02355432760105,89.34713386245174,88.06950091709717,93.17792768524072,970.0994586646511,1994.7362318537146,974.4519054160944,2053.0308367826397
76.71720990177802,41.70914401717491,35.60449049639921,38.369885960371576,1995.53774852254,1997.7277994684596,2041.2484341931788,2010.1062596769998
86.91385680642364,40.21360474230988,38.17913319780217,41.09290700930566,2058.9169575384503,2025.6524031849972,2032.1202387684505,2016.4418822460395
93.47644084707002,43.02967220432344,85.14165006319217,88.71646687816474,1957.3890768518104,2015.567704308975,1991.7745448945266,2045.6430519629507
95.72632613032096,94.71167618794021,39.50483682246286,87.57253504138184,986.6452031989395,2027.6185453557048,2064.9550079302307,1991.4858890709302
91.32594423319568,85.8262172269802,90.1543792992658,88.36231070716774,2000.9964031547552,1034.979881245386,1009.966646803382,1022.1608945384668
40.10052898194273,86.45640004821615,91.81492717867212,41.04986589191256,965.7277852198351,1033.3431090209351,1016.0538003697718,1987.9606189947613
91.16264898895658,39.40882946612359,41.56873787568222,39.416016698911776,1938.0165932052869,2003.9133530118054,1971.3909700246907,1988.1755110581248
85.92870614987456,87.6174537552373,43.2081459094247,89.52409468724257,2038.7031597454543,2003.1312388102758,2068.1715799849117,996.1859812992932
85.24959101590356,90.84243323379631,82.92501775440151,92.78223009422977,943.6960240744502,2029.0062640298497,1005.6906490984494,1991.2785504783583
93.46527202507477,95.15040257015559,87.12856993504877,83.1403457231917,967.1089441362159,993.4362619444223,2034.6077497345582,2003.2191933571992
99.2361435834761,40.45465497587742,37.75526058695028,92.52208631500824,1967.1878632233977,2006.437007262763,1019.1765168555037,1954.8121807077873
40.38998334742034,88.25514996565363,43.58651575091693,87.28009547300906,2009.8409972284344,963.1907165486134,2042.734228440578,2012.0055481671461
98.64799373691145,42.86814217834137,93.77646517621912,44.216042280186215,1965.4196382798766,1942.8283357416808,1980.0868558385969,2024.690763474513
39.954309689878116,44.45157339167963,89.32565216196795,93.49611390428598,961.7222175357495,2041.0894819294483,1985.2303158667514,2017.6253806557
88.86782393300781,82.31492477501942,83.4970608665017,84.35368517407622,1015.4760049181733,991.8277603076338,2028.9177777627162,949.5534746045508
87.03125586300989,92.89064257025642,84.75051709646043,48.99900868481262,1992.4026454525813,1962.5464801470746,2035.5035484067585,2007.9206629568162
99.67750431350575,91.39960537981659,35.150844555992556,82.36471417867581,1002.5007998586345,1997.806930401874,2000.1258114835402,1970.915235013008
95.69782064149817,40.79543740848092,36.709363323224586,45.620137311723184,2016.1566429882475,2035.326979273046,1983.990532756405,2008.9413223305496
96.06667963207522,94.88719788258135,84.13065728939382,97.28940594543148,2029.910510008045,2049.74172537919,2013.5679958313292,1976.716764510941
39.9622918425745,37.222441196121004,92.04378948651122,93.93452844486535,2080.9173874890116,2054.3071691977157,2041.7805391832433,2060.076667098932
84.17146661650582,38.60305467853151,76.22447026744803,87.77299348117265,2037.4224000332104,963.5166090679147,1003.2034684179614,1016.3507868098949
90.80650647293993,96.97970469754999,47.083754799778625,91.02574994733479,1004.5908299353525,1978.1162560724235,1010.3289560397686,1998.3041049195642
85.51802488817287,40.6810027043568,95.67650706575296,38.825277694545896,1998.2296001459654,990.4810511397816,1988.9761126461028,1026.1864950142715
85.49581226885101,94.67275918012369,85.96647381221366,39.63275838615626,2037.5590594169248,2030.8674622076392,2009.3857170261413,1026.9986575395894
94.10196846998127,85.50079931434676,42.597997508117224,38.5830709983053,2020.2859832369359,978.6992361793841,1003.0970789431336,1990.7813989482486
90.9244310659419,87.54218769097261,46.61120116398508,81.36089375179341,1986.8709366906219,999.3533089445743,2035.729418792178,1975.7607716548018
85.14727095283968,89.36827374730422,85.96633747147621,39.50951237186787,1992.6908606436555,1990.6067280631046,1998.130779149152,986.662485101793
83.95573386907803,37.21478078986004,87.02843123617171,87.26758476858161,2033.7654666253452,975.1133961079444,1961.3658668986027,2007.940627627508
38.93812973143583,96.84489073239456,40.188500832945664,43.361690437830475,1976.108815893625,1943.1356873219672,2031.580738116789,1965.664530308268
95.44448550678614,95.25856804214224,41.278538139235735,96.30102072393846,2044.6384607613638,1980.5951620892893,995.6275978153062,1015.6966304871883
38.33103083543419,84.58414918396463,92.68326381490901,86.88492041242279,998.8177786417962,1024.8037349638103,994.1066552541738,1985.125974963039
38.3738518041568,43.01888160636882,85.57393951891386,88.58314412701658,981.6885284343304,2065.9884849235677,1019.360886758284,1039.7308793262903
37.906663617016136,42.65544681145926,40.92030558017648,88.96120889103803,972.0072569276751,998.2205119711009,2018.730321560297,1974.390063419278
98.32250985966006,80.94933966653063,39.65643391573811,40.02315248514706,2036.7490941840463,2010.4975518834653,1970.1372180480355,2026.2727442061907
91.22688684905158,94.98247079985646,79.61340150520634,89.95154582545888,1908.8054589876365,1997.2824797824526,2023.6168550685738,1995.8943210443956
97.33289852443848,96.27223673599634,41.82361545233567,33.66584868233024,1996.9661725704198,1980.9629157399647,2016.738311345123,2048.783703413505
85.98359946189646,93.59811303817483,81.87979233408657,83.90685548864619,1005.0084345652756,1997.0133078638112,1028.2105955213933,1993.423518233892
86.06521681222519,37.71956153936269,88.29066365207242,83.48805382844637,1983.6785852439575,2012.861120744909,1030.2409373734943,1973.8961011797537
92.86701589817793,94.09857879193144,39.42112157545641,90.22909755329368,998.4844252781293,1998.2405420302723,1979.5539322111513,991.8536615664398
85.02970695622557,99.08742942785874,93.77280870171442,89.84320109657129,2001.6679409176909,2009.5989961751848,2039.792414376204,1961.9990265121214
83.15742546809173,86.64699774949055,95.39208948230687,41.95449497794198,1967.5660747759846,2057.8227329154324,2044.798497805226,1004.0904018421404
39.273459155927185,88.05231088463285,42.699152213426885,92.82839362574018,1960.513676097947,1972.965675321085,1991.1241417264268,2014.2921901363138
40.07650007047856,38.41374587811612,86.86826705063184,85.30685950222204,978.1245857039055,2037.5821733441567,978.3418810247906,1977.420809992986
85.68141887533297,86.4362548409804,83.06785499552176,99.21175690620204,1976.094730312718,1961.0647527725832,1990.6192009299314,2025.8157314108005
39.48801857484286,85.01239200683797,92.11422298640007,88.31590286437053,1948.8132728397566,1005.1018316095046,1970.9886762521162,1009.8662227832078
86.33867341254025,40.725049253706345,86.41419317174947,89.40725068248686,2025.2137518451757,980.1760054070859,2017.959354862757,1973.397399412508
98.43065215034406,86.62656956224056,97.16587142739627,43.33444073499933,1981.973611248844,1979.2675864699368,1004.013492960715,989.1244896879132
81.67408385678802,85.3601003780513,81.19442756917182,93.3701788539086,1991.1999481444877,1962.2669335631458,2017.3454424885138,1038.563741264848
86.25510565645729,37.34649597356537,40.78791443531905,85.83296986905687,2086.5947045095336,1017.5929982993832,2000.6129940812907,1942.149314042884
88.5648923778837,91.0948014320449,88.4839678602894,95.32936772341631,2030.368031075122,1960.0976931361633,2000.5472871542815,1951.1253946665993
89.97673983539569,91.76043054183356,42.62331305219959,85.55782689214001,1948.4598263369337,992.0502649590821,2018.7351135398596,2051.9203754311006
80.55729163477392,35.89997228722865,84.51269092183868,89.7268201102328,2007.592734324602,2031.2683692866729,1951.6276428379272,1998.335709930307
95.02209116819894,91.55218815746126,104.59589201762056,94.7165014833552,2058.066145632907,984.3890529280764,1992.024255863688,1990.1644560835352
39.63151421001554,97.45883780642981,42.088081589191034,81.38138576798113,1968.840631617261,1996.862837087139,1999.2909518205668,2003.8650688311538
92.5957573562884,87.42276327987052,89.32087420896514,97.96086501338455,1940.847290950397,2015.3566759333517,2025.0450599555784,1966.20408876615
81.308582054219,79.13955740655501,41.1881264288111,88.06969220965361,1955.3964494361687,2000.719886003169,1991.9593223128797,2029.7267441866284
39.927943135129595,42.901571757563815,41.16698579235597,88.97342639220246,1968.358548827798,1008.457198050184,2046.6618429994073,1997.4284856861123
82.41254509782193,39.04679366198596,37.74637545221988,40.943281945952855,978.9105946788125,1036.584337551254,987.7787994696583,1998.8417047449996
94.74109350377124,38.64402921353624,85.6580721847558,87.67653183753411,1965.8769051372421,1002.09242248073,1976.577846694062,980.5163665240673
90.38809892685137,40.5688375127365,42.49820832964237,88.52981845054923,2001.8071149647521,1959.007943240917,1009.8175997655744,2003.7877987904003
87.09514026334377,91.97995582712247,42.88374780665741,85.04568938561518,1997.0126506965137,2005.7714838578338,1982.3270227680532,979.0798578264128
94.8775383659328,40.892444394312754,100.06614593950792,87.07763239150958,2018.6258532245251,2011.0739823420242,1977.5254399306568,2034.1858833098424
88.58882625887901,83.6824417517349,42.197633921704735,91.97702847121379,1978.5624362765857,1006.3336001327261,1013.779909901665,993.7572343998372
88.63768263291846,39.218940237900284,85.69555891577753,40.587537073129056,2008.7836606075343,1969.0003599124886,1024.5609980755148,1970.7168692689604
90.02327038854972,89.79871084371902,84.82939610848402,42.489419522791295,950.5396707753321,1960.4230011029567,1982.2909472707397,2009.4203624897557
42.432489901099046,42.13454116287957,42.68739911246281,92.08094503752905,968.1995650729532,1017.4366952254868,1998.232501943093,2004.9044291158227
88.73013273688987,85.30115257737731,91.23424721517698,43.10363371360285,1964.144507665627,1030.3544393515158,1959.897079643979,997.4609922067668
85.54605934107579,88.72037004566334,94.58185596522964,39.624311399023426,992.5044837934643,1980.0584072191316,1967.816979652259,997.1333054902518
86.66010371334838,87.54594645432063,39.4617567157818,91.48624394733797,1008.6831297293948,1978.1818386694254,991.3157275045261,2043.7086857870834
91.16756446497318,40.41790520177304,85.42518797858872,38.17513399669816,2012.6127691033928,2018.9554596009536,1023.0437281295522,996.0766128834373
76.92033183762217,38.838275822463686,86.48673457622176,42.15685448050875,1982.296856440563,1976.7263763823432,1931.7966574664522,1960.7478474766965
92.59907639341812,75.45746099253849,38.150164771803624,44.68430049252824,1945.3328826832987,990.7497779115478,2057.492421083885,1998.1978053284163
93.78948542667324,94.17986344986518,40.88282168806466,91.0857113466998,1998.2282517392116,2002.722421247455,2005.5626117413988,2028.6953887710642
74.61689738365008,100.20683360146934,93.59351418367228,92.62582260173366,1976.185038476207,1010.3130340926081,1988.1722995486805,1992.8234547946686
88.89177304916632,38.60797817483342,92.07806850743827,40.275530352621686,1981.1904788004329,1015.5139525035422,1977.38823207976,1991.2880417849985
85.78520602212974,95.67380397504499,40.21006663669917,84.42268624920256,1995.7741664920977,1993.2097288586579,958.9346563108218,2000.9429227773987
88.17083040040282,84.36683463972122,89.78385590010404,91.09271467741162,1957.8856318715896,2003.5363713760291,2001.9003665572773,2001.1015446797662
89.2854262551079,86.91278676404573,89.36737303855622,84.2455687471802,993.4794626872015,1028.4613728104484,1980.3233572780327,2033.2753312474165
87.36761414188648,36.91894778154494,43.8992909596318,40.29185777720147,2014.771062885461,2022.6252434731516,2016.654381298439,2032.8594030966397
88.02848004104018,38.55706358073506,84.73072444900576,40.05354411232672,1998.1714346452168,1976.285095463137,1979.8661478565493,1989.5333994430857
38.9849749113021,41.3464994457085,84.6877773494104,93.34298121634933,1984.633084897417,1011.5690546731496,1011.346229228488,1948.8387820511894
88.78921280858592,38.53545286141292,97.32721052085333,96.42209228334758,1004.0256539548097,2013.014955982848,2014.716131033813,1998.2414427456629
45.71667237730642,94.67144048934477,40.390869599258416,93.22309152306475,2008.7337144139458,2055.8793543088964,1974.0707429417519,1956.92394404169
39.398518743333796,87.40529981914636,91.35276056553145,103.28227116324089,1983.5680697511318,1985.8007397243034,1991.637717209296,1997.7628161967195
96.63471530711624,91.2853771971265,43.01228907192049,44.06429866559289,1961.124238937793,1016.4009055336314,1023.3398587089702,2032.09510750957
35.680912035096114,91.83230499327148,92.44446153070281,83.37272094304238,1015.1678379419067,988.658794307865,1967.3214542227283,1959.9246549275333
85.39709394276314,37.218209704565716,84.36632896037344,79.91337019302334,2012.4176069800126,2007.6342330117445,1996.3406459749021,1972.7513538658231
91.16974544266557,88.4661074396846,44.13511372861071,42.66067299391131,1956.9053064072193,1986.0961408056837,993.5730847583246,1990.9401182733347
94.86686544343458,91.47618416221773,96.33341381602015,92.47518411104285,1983.6274284162444,2034.2720045828753,1977.6440149494433,1983.6486720551884
90.97938755077645,93.56889411067253,96.3042323553598,95.16709842772244,1990.331084891186,2000.8226241941709,1000.7005345220739,2028.6586312359254
83.79626149353906,40.159497552603526,43.95769669046092,85.97800528708463,2019.4303473550895,1001.5539300518822,2026.4624022939643,2006.8303890815057
81.89140103531471,41.42772307886802,96.07135309245851,39.94644392683856,1981.8351707153718,1006.6474027963588,1995.712787555028,1985.534019855309
36.98801376976724,39.70752711639247,87.70702198380982,44.63343958315649,1000.8804848126535,2017.3384393563863,1999.2229790324366,1954.9415294708167
38.97262826661108,85.6952882166698,33.137613154912835,83.91437399295356,1960.2574785554252,2016.998880924536,974.9117500559194,1005.221188957205
95.18519510433177,86.67953242908757,93.01029172596492,91.17474204915949,1985.621850967349,2029.3866506544823,1972.9733267282497,1961.6795647176734
84.87426811237029,83.09409003292362,40.750768973274376,86.9738785670173,1910.3200614857733,1946.3789580644407,1986.2326608192013,1942.6964846638816
89.93711690469006,89.58554046093599,86.6043624186037,38.41393214389971,1991.656893843981,2033.7669393404115,2025.463307513284,996.4862940432148
38.59633354442519,38.44545645746848,87.58577413971594,42.47653499140897,2001.2243917948585,1026.7960743919662,1988.9052288920313,1989.1427386600185
93.57109002444517,92.04865957465158,84.06604652327331,42.697737521812414,2033.7782977779043,1024.7960627044672,2016.1095776701036,1955.818513154473
93.9539573936332,84.74832997514466,89.04783049832713,90.05448333559468,2029.2712016792832,1988.254618724205,994.8247288983148,1973.2042090807283
41.28599455891674,82.13873058714725,100.3441941877759,90.89383464342026,1966.5499777955724,990.2890456688597,2028.2681962754755,2032.2324142845612
88.10515271128692,86.53519318000957,34.19887656082891,83.85178427459356,2060.1242156552266,983.991022284285,1993.8904964387823,1001.6595940336326
80.07835491586864,36.512694519302045,84.22590879839557,42.528256709364605,1013.8192510635572,2003.8217602328725,983.6470126329414,2000.855848061756
87.56120506065533,96.38628727547105,80.485815764628,90.56546565705239,1022.9825294396048,1996.637159097171,2003.5100562773503,970.3495054518565
100.1885494654942,93.61611883167804,88.0982746762824,94.51230785936912,990.7623602696374,1000.4345552793161,2039.8766223184884,984.1555522626434
87.84903532480622,40.17765236111565,90.08399711964661,82.72210558649508,2023.6791192021947,2013.9220622607365,2003.4273176290333,1986.3920569001596
90.47139514384712,91.71317009315537,92.58202508713208,93.29193347980888,1979.5379014869523,2022.2569873959974,1025.2038680288679,2010.3585663882309
91.47602461028988,77.08687899983187,87.10291222692926,86.87663545145811,1007.9853623860369,998.0318258105231,2017.9239653970865,1964.6933469270555
36.22295899538544,40.43993452220687,92.84840314738378,81.53779035664816,1011.8282129120057,989.924886536079,2073.6171275764154,2034.640100511419
97.44163113164974,86.88333105897476,97.37297735888656,90.57849010790558,1972.6466394736267,2027.0149398053163,962.6560300452861,1977.298580129606
87.39445705183225,88.11783984403218,38.02375069370825,39.708757444010814,1977.0806457019553,1022.2647081776362,1950.0092628122386,1952.9017936171654
38.506627459607444,87.7430584150828,93.13234561252297,89.16698575330501,1998.564868103578,2016.7058597773284,1961.992913507588,2016.3927859379157
83.54391687686469,41.540198162902236,40.367230653778236,87.27002502633097,1028.0726315137786,2014.8309995865748,2028.1810742565026,998.4165055995517
89.33498450108779,80.31194688654169,92.21023549910106,89.58126906862049,1008.41414184439,1966.605006404383,1022.2464565978154,1996.3292058722404
90.35139171851311,91.66715111805972,93.58445286976398,41.90192158154712,1950.9567410411607,2026.7083360620866,1017.7515775374441,2014.7466074896581
38.6261395947931,41.526464214961976,95.21589681973985,81.27328198453925,967.5042467914943,997.2652627745125,2010.244183162057,1981.7265703295802
93.11879376260032,89.64052209220051,85.03943416265649,38.58302808781459,1990.1913029719053,981.438335535238,1004.7422380099216,1020.18700310695
82.49886738737005,39.918665595203265,92.15609352130328,78.8502218349108,1029.9729906630275,1993.69349952316,2026.1796873611968,1977.9574971990505
37.61691847004613,91.48152920395587,91.6015870158427,89.66302245882777,1941.913353748543,1012.2287460676093,2009.3681539252786,1997.6489219800105
88.61411447117086,40.12870252722301,40.007780760424836,38.89540902658808,987.2141161038969,1992.3065370096929,2006.5648088708788,986.7219010636109
88.18579443338334,87.05578159617554,94.67279529905281,91.44945632860623,1990.7577607712044,1992.0865745114256,1033.2049438743463,998.1322792126672
92.05653143442177,90.803927748325,91.65475777277571,87.25201155313223,1015.9941883141039,1011.8597606089949,2022.6555891665735,995.5980247286482
90.78225409678684,90.38886492474143,85.71745709466906,95.09242839145617,1038.4263647447353,1996.6828396549756,2052.10496103705,995.5290945023415
81.1876393887714,92.5895000707869,43.96144034211139,43.43571175697345,2017.1958545364453,1988.1628320981629,990.5529551139161,987.5717441810177
90.85616819146144,39.584225673270666,94.27922962672166,91.91216814541417,1958.692708853577,2048.983126664765,993.461468356094,997.0011958734372
40.346844930861295,94.66710718471333,42.4965471211093,39.892516960785905,1958.3250368296217,1997.3615568687253,1973.8935316052805,1012.0403919381481
93.30159739263853,90.39685167923979,86.48261359349634,36.427249706297744,2045.9254496382123,2031.439511350669,1981.5580252979482,1012.431269336581
96.07620334995373,93.28755039962844,90.12751277102718,83.99342897332188,1009.8402409169107,2008.5507119361316,1934.9120433491516,1992.4696637013813
89.31832671496818,36.56206851887993,39.055782114076514,89.62380682828567,2016.193996163838,2015.678734889505,2013.8280464531042,1976.917953841696
87.62222942596702,87.9551048121773,90.37229432384777,96.68056075288519,1010.074738826469,1992.801331987812,1974.1947749292272,1970.1569246984684
96.74104967149741,99.34620455774264,82.25749871618818,88.10455574849517,998.222423670863,1966.5366526660057,2033.3438672028603,987.9004326543288
41.81049584759411,82.19596174037015,42.3551672123117,40.80711587490879,1980.7768068714915,2013.6414100407094,2021.4106593298638,1970.2622485110564
85.78683103331824,41.343590935181425,89.82655647878926,86.09944774150664,2056.5235776879545,988.6807596410365,1023.5245390380987,2023.0588987709777
36.52665974338486,81.49436453396028,90.38257713049138,39.77038331899846,1999.6408057065046,1979.4673189857886,2032.5833408015974,1977.5051272862545
36.39690969352189,38.23641259095229,39.94927885392231,40.81313818195436,1983.4448569751075,2005.0348251338237,2023.9216708097981,987.9879052681625
87.87403954257881,86.57755931154972,95.57418383960405,94.45420585206585,1024.9840598512524,2009.1528903298795,2037.1007648350721,1995.6802435696443
82.54465994915185,81.45953307179693,38.036899851992615,90.79584524844303,2016.5091313166765,2048.491266136819,2036.0378235810913,2023.100928039449
89.26672984458689,42.34880117148964,42.02287407043609,90.23253103985245,1971.9262453176166,2010.5414326354976,1963.547833087912,1013.8300908655846
87.9429471161464,90.35487684559939,96.46903652735728,45.84956796756798,1000.5888215769654,2004.269028676744,1956.5059601703738,1017.0074309096336
38.80438841857535,81.93558632694268,90.4991294909637,101.01472279593418,985.8330690114303,1959.1428237221446,2001.274772698145,2018.976893021145
89.3405633983905,92.96183360530937,39.5891361240467,39.2780479037587,2065.851967128367,1005.586916195459,2018.7361530750006,2030.7816207248284
93.09018046560952,92.72699236906382,37.171478551367095,98.04265139021183,2054.985712961492,1011.6022469434492,1962.5835140790089,2036.4653281281132
84.3612063483737,94.23506426543871,90.74268075974763,89.40039424534447,2052.7313504860226,1952.9538282219366,971.0728887985583,982.10997767088
82.40967135055111,92.51541603691932,86.52593283376898,85.51906925978547,1997.2122270591021,991.9084906744974,980.0996431575476,2084.173031391899
96.5832633669867,95.31240767907354,89.34295028869296,84.36122884255545,1019.2048673726688,2010.2487054593548,2008.5694185319514,991.3370028660663
91.01005406377627,97.01029849728924,42.566765152000485,82.47838288705984,1028.132129352076,999.527451636648,980.359524443469,1009.1901535402405
90.43947899650964,93.5787771025664,93.22708071992611,40.10181631840359,2057.6759600015457,2007.0994815520075,973.2506817080587,2036.2053703725976
84.48026407321937,86.04463620452198,94.73254141988538,101.02001330302951,1975.761498782216,1974.8635238031213,1948.9859977548842,1992.1373743304518
91.72172034729935,43.61220778644174,98.75121731779988,86.86993264269753,994.0198988054806,1011.9195915782243,1998.8882730748726,1009.9191195601525
87.88058880430823,96.05062488440608,97.98364131766536,86.27075287908465,989.7389742880864,2080.781049605504,1977.6895984195608,991.2963085628844
90.61548999844662,83.20275079310548,42.64557783558186,95.13206028854506,987.6895101710797,2059.295858100575,1955.4612749066107,1983.1431989481816
93.35668505829268,35.464747708149005,40.803367765505,92.8853922346472,2010.6755217194184,1943.604224072265,2007.6961270544514,1978.391594242068
87.36878200461142,40.75845987779739,42.284848977471064,83.17364573310242,988.9741978141531,1976.3601186907006,1979.056884026737,1946.3895709256847
92.68046560932653,85.07693838963874,96.19982232067676,42.541734574162454,2023.5255366955882,2031.3105358783719,2015.8075102921316,2031.2309576503492
36.2477097051941,86.14030662510046,94.21705619848336,96.70965968523291,1013.960646538733,1963.274960079865,2001.4403186977909,989.1237739496373
38.02399018314203,94.40178001896777,89.7259174675386,87.96518237091384,2032.7589578048116,999.8823999556666,1993.4749700561422,1951.1161663463147
90.43329241122733,92.05922162925869,43.88915732606834,83.78132117072917,1971.6450306613997,2039.9246180827486,1022.7156295529437,2024.669365749229
96.22151405206274,39.13468103510307,43.778536120531925,93.91877181209,2011.0702653451096,2028.2463513709909,981.5054286639427,1021.9468305360915
91.6147623762737,39.44965540233636,88.2778190369916,88.727474518175,2045.4749499371899,1972.6066843962178,1987.9637926210285,1971.8594180002224
34.759400039141894,79.80273215093658,91.86982755664484,84.99383072767547,1997.390544211559,1975.9554379915194,1040.5676022137504,991.8885698216144
35.0552095188885,85.30274254837609,89.91743447882908,82.89549996581533,2045.2358942573285,1982.5457922064763,1033.5330154387746,2008.152022036702
94.72505695457427,93.64459970835715,97.01729573208873,83.77809515790223,2015.6221716424225,1998.7967878492216,1990.8147748884276,2028.878535365475
89.79621821554512,89.7620352798374,96.92535911500308,41.18067264168459,2022.3821202349009,2012.5631413692522,2008.5574953939065,1985.5414652440204
40.22727371760839,41.039791103058754,87.80344179525059,84.27682340594697,2005.0096374980462,1910.043502708388,1997.7088197544617,1028.8504724556246
40.04047125022093,103.44103898426823,82.90634028493055,80.67314487581392,1002.8872037431847,1009.1944504086646,1939.2650716374085,1023.382801249463
41.664963077906336,90.25947082521236,89.24139990232408,95.11772844418797,2015.9956944535174,953.8010062324031,1934.5111064541786,1988.13396723114
87.28093385705068,91.18446102216609,39.066528140974015,87.70688571050994,1955.3559270290766,1936.7154271245322,1014.218685888994,942.0013864712207
88.45973253449468,41.16297260743485,88.67976156867955,94.0807327982671,972.0757396527981,2012.511199379416,2007.7981512541755,1991.1336609269742
39.54696371341167,90.01622368676048,43.77621992720155,40.04744944524437,992.0589306213283,1013.153444947912,2009.5818191433248,1041.1925864315035
37.69604329855399,88.57747522184042,43.70697006640471,87.86850282105247,2002.9488626643274,2030.3202960865433,993.7873114215093,2012.5849970488398
88.80377137446614,86.73982915367196,89.99420148536791,87.60188668300931,1973.2317626572667,999.4149138292878,2022.982609426678,1957.7833728742983
84.02867501267929,41.32404260001736,82.87449125512495,93.69129592059932,1971.094247187735,976.2811197041488,2009.5026243572775,1019.9194587014676
34.41399418348393,87.42430940382606,84.65439845204472,95.63011006362356,2049.2300775242156,2045.1826618997563,983.1727672392171,1951.1749565194434
36.27780566788874,86.82612187542303,96.01782444311766,86.92786938248837,1969.1298529028288,2037.665999773939,1984.0361455484012,2002.502340223894
36.95541840050718,38.98320044368438,37.46822768496415,89.4583916141164,2002.1371143381762,2021.6829774473097,1991.489020187594,1963.9408034480757
93.43803700887462,40.76085856246998,87.33787871735888,99.32621437405913,2026.1840677118978,2050.988052456873,1993.8892058861852,2038.5865670860117
93.71480300157221,42.123153178415876,42.36959392714323,39.765257065743434,985.0887702885084,2047.1626416017118,2023.920625834227,1976.1411337420009
88.55005633389966,95.28722539535406,88.22132563736334,89.17159620173702,1044.3306384935472,1983.0112560478813,1963.3795771678745,1010.2773410799157
33.89664729762599,92.89985399864939,90.72089217247213,40.93610318973901,1041.699305665894,1017.38018038219,1003.273907205778,1019.3749818787597
93.38057319509765,38.162663726340156,89.79444593922456,44.19810596975107,1995.2651585877422,1976.4601195201312,1979.5859861231086,1955.7591398100303
94.62705027421953,85.8827734776753,87.63898978282499,86.33566812608342,2043.0161473851479,2002.4725677809836,989.4198661424598,1046.3470144419932
98.31049330138693,84.34440412544573,92.3887974001911,92.78614118415916,2019.7532730579253,1996.7383627942297,2014.4359169101833,1978.6953452534349
32.23149499750295,40.83175103664948,92.17725835114514,81.90062543892527,1964.4110175154192,2002.1840078985574,987.9092804785439,1978.4859545103297
89.33234823053444,40.957780434662254,41.91454080430585,84.56918285386415,1010.7591098009885,2025.0588197762063,2009.288222992696,994.4263690745054
85.61621702087993,85.70814002056932,43.4261169498635,37.828551850017135,1037.1057910717745,998.884166508085,1003.6031740785722,1953.0314143169558
90.72939867473211,36.55453033155119,101.2243692664288,95.67515847440222,2018.780944334788,977.7368806622112,1946.3675644987218,2065.5633607997606
37.17805251733449,35.91937288569042,38.72327872411768,104.0774400774223,1036.2742384383155,1997.1253221133727,1038.2643410136468,982.6012680155278
41.34529371275987,83.36985095698427,89.45985503079365,89.09244622167888,1035.0325178230219,996.6932947469129,2043.5270649649879,1013.9007099832359
39.98874294338241,92.3426394155683,37.06787637931,87.01403671210855,2052.9925216204792,2058.5860030087633,983.5700527160582,1998.433188239564
88.66436715170681,94.93679063316642,39.361336779532294,100.42336265336033,1968.9278836148578,2005.4554349212312,968.4216322335766,2035.7238510120953
89.13107156028225,88.91693817601883,103.36723568809487,89.84924153540567,2039.7132768520164,1967.6115397738513,1971.6506828245965,1978.8616517699581
40.01490452735571,83.5219934559556,96.84918672601084,88.23699615376582,1038.4026977493913,1970.3970550582742,984.1870082710936,1961.0691382166638
38.79127686973453,97.46912954215796,92.12932082002557,90.7484228027643,1972.6998448474137,2019.7501609908293,989.2734055593219,992.2429801916865
90.387387619309,36.949126899811844,98.58776900711169,85.72863421662477,985.2656964661805,2013.628179426504,986.6410830339828,980.6288307101752
35.52814880108558,93.75991215926338,40.94841346460893,90.29348917152586,2039.4864903472155,2000.9861449744196,993.9078329435463,2023.0010372416668
87.7906992466606,85.32361905711545,41.48515248948735,88.6641554363198,1982.7299578003172,2035.7285775706566,2004.6470969698748,2031.041965080978
89.11772157502922,37.79801365168061,41.685101056348486,91.49215281303073,1016.7919511069875,1004.1192731348804,1955.1850006014486,984.4686752840908
91.837994819607,37.97797104603036,93.94329551587569,88.74226920299394,983.3581143050947,2000.7397014426315,992.6036580901296,1985.5229254275325
89.7960132515156,90.68514024369729,89.01530806575197,98.05288446071886,1995.0448692501773,1999.7178527230735,2014.851462179566,2023.984228517873
95.105600906976,91.97173878569322,87.24265147107235,87.10622937289388,2014.6294419608087,1975.4418056024354,2009.9359494522444,2033.884872244457
40.34831822146644,92.06598936856255,39.27272270995651,90.73147288429521,2011.4236454925867,2000.9011950273082,2049.4575817636673,1980.2478111405842
90.84788560320126,89.89044166169055,92.83511297286067,94.83399328168858,2011.067905251228,1899.6994525528528,1991.3436342271143,997.9911641975777
92.74858412968703,85.03222634949194,95.27192574927086,101.18944260745647,2039.5398896829538,1978.8567653249672,994.4084162610129,2026.791311117287
36.99434128733213,95.31123642872748,82.8600513110286,91.38868555675876,1010.0185180830863,1013.9403935913607,1965.7810167741814,2063.622475352268
36.90377765827408,93.23832415253561,40.382729925388496,78.9263979194665,1956.8119701799303,1973.4035243188036,2001.4245810055656,996.943606084046
89.09547732482109,90.02834409968571,80.86974808847228,90.22139490340028,1015.1768404796354,1977.566088937202,2030.545143248289,997.3871126260274
92.34271556407435,38.96795358099359,91.12495427588102,45.76287192582919,2030.893776040175,1953.4052031203894,2028.5062504993844,2033.430312039592
95.81716649403263,42.52916351410111,87.01566918042262,43.20130897217348,1929.0011907850799,1964.8397791648836,2042.8879015071216,2013.950805866642
93.19776681467687,45.21579171105452,86.44571733597124,88.36135637133667,1008.4603478638365,1018.5772534541925,1014.3560536931534,1999.7038424435593
35.93437738900059,100.2844804129719,40.121483386319554,42.70966516439347,1987.0309232159636,2024.5627580529265,2063.975575722388,980.7396147972718
91.9176464356331,92.9685007065133,83.16763848709726,92.49208443704276,1993.8501433057534,1972.3419045636851,2015.1073326654016,2003.9014804878593
86.6399350835314,95.12976319228915,80.9381640297261,40.09648079381719,1988.1575332945376,1965.8556095240936,998.2642611635051,2023.135789516301
86.65255238855514,90.9598264558656,41.38581343582604,85.38198287457541,989.5880703001708,2003.2695236601007,1009.0537446330695,972.0496554857413
37.215893094183656,94.0873244807128,83.00682876402195,81.84227676983839,1996.1844019368557,2024.5186490577514,1005.5489005617429,1998.1117760393474
92.70590417021539,93.87633740725991,82.84406756512483,37.90176642803591,1992.2348052841505,2031.5149931452993,2022.5434730673642,1975.5496746460892
44.424242509552755,38.06574372469622,95.5870724148906,86.59437283295924,987.9285679804594,2005.543170921773,1000.2233817782858,1019.0590011820955
46.741917193330785,89.50901772475169,89.76128518747906,44.27895344109985,1991.233163487179,946.481623866995,2023.6205249350314,1025.3972818582147
45.05777039895524,38.507696881605824,87.91560499864241,41.31576349126817,977.6415437615753,957.8291271804073,1987.8538537975157,2094.5430546981115
83.37866500815268,38.583976669640464,100.44309843893338,83.18724143505702,952.3706393933965,1015.6368720084363,1018.1262411103953,960.2979676693722
41.34268387470027,91.51189332120501,42.41832658116647,35.4796497104751,976.1280464826341,2001.274781321173,1003.3302673522355,2014.1070903520256
39.245610326899495,86.24106909892342,86.85639121536268,94.64132257154061,2054.46524908778,1994.6115596192512,1963.4640582239795,1023.6569199271883
37.82079766569785,93.60769853421243,39.769710462159466,40.51825060924588,2042.0800646280766,1994.4511574042247,1005.1130439590023,1014.0378742116411
38.05956174657654,90.05225118578363,89.2157143298085,40.96170707648885,1909.622944075636,1972.6933140735744,1996.5584250741197,2009.63909128322
86.63594682620455,88.21921066654959,96.82487072573427,89.12314460561015,1974.542396945904,986.8606909114917,995.0168198443637,1002.1626714708982
86.07737647055444,85.25603180800222,90.57989390488706,92.62122982724243,2003.1885911922013,1002.7428901297044,1995.8633034748145,1014.3361019448507
96.37923631437667,89.28909156341382,39.38815962649511,90.47977741080967,972.8930049124258,2021.2574440735114,2026.9749847465546,2028.562155767258
95.55714620108323,43.65054698083195,40.69926830651511,80.64926424769111,2024.6528084777917,2020.407598012618,2034.4706825831977,2001.8611571690753
34.58728499599766,88.24864382354362,85.03813403270082,100.81352455315431,985.5893966291694,1971.7812590444958,2054.2815183040047,1948.6728623778586
92.95723994785855,36.349055700597646,97.7352304765762,89.46873872036404,2035.477919205086,1960.8154750700742,991.111069221027,1994.63242017379
87.08729087112849,80.68101521387996,87.52497273407998,41.16620859776151,2020.4544267189915,1982.046170109513,983.2317776573134,1999.2520281760517
95.22644453677377,36.39897018912039,83.73217673420808,91.15400531409512,1007.8724001322591,2001.1784328705198,2083.6774779136304,2013.1763257353202
79.0603392695661,80.86038800171137,40.79231249362908,96.88086639568468,1000.456175480216,2028.9403376799257,2035.199407524222,2048.1697316850405
85.9363381959667,86.64386508557624,84.61152144321046,38.780662444002935,1005.5027031119049,1910.9764198685682,1949.743628169185,994.2227938523245
86.21487170040496,91.34495964763222,96.65410601793833,95.25035805250099,2025.088495493542,2009.0556933670084,2012.1925565642866,2071.6110696490778
89.52364350339151,88.40115861463705,42.33361338136963,94.81809117878733,1007.220269194411,981.6009770855335,1993.5131102060072,1996.6197392159827
34.7563673443964,90.32068696501362,98.35149783986219,81.03894900812477,999.7929734353964,1934.761523346124,1991.108414082335,1976.593891487866
95.18365851663009,84.22580478105544,90.61103384656789,41.12487535385425,1027.4106460849152,1024.7046319818069,2038.3807985887593,2033.122169880332
91.74309319158256,92.95490441535945,40.16400082832815,83.78978061062112,1969.3452733476615,2004.1835111457474,990.394471148175,2049.9550347889453
80.38757020783902,86.72083114732251,44.17683928205625,91.7024743097355,947.1772734071508,2020.7652532085174,2050.39659185298,1997.8596027840495
39.561064953509685,100.21323690896375,46.49338878885449,85.99599924508489,2021.780369079764,1992.4463218769142,2059.016487384304,1964.4726777384608
89.43712778350479,93.03112526519739,90.48409588517289,88.90543094631929,973.2319923667953,1000.2539277866551,1033.7093644195006,1987.1953588213432
89.97230737603708,94.70640821383496,90.40083921354757,41.842209091141065,2010.095466775987,2008.802151573247,1018.9545564202988,1971.703169547521
92.03574857071645,98.24766580128063,96.13152705735064,44.620746443690365,991.1195783826681,967.3075598534572,1976.2547138300117,993.0876224463275
94.94350328898736,41.34341334124752,42.582803502156736,88.418334856527,2021.8725114168813,1996.894141383461,1989.7688111630805,2013.0441566480413
38.49512722812452,93.38620101435492,42.997825782337245,92.64385535619877,961.2140484148953,2000.482153899277,2052.2460226913604,1005.5196788654202
94.4862550235204,94.84957612770815,41.550728271702404,87.07986093214015,967.6913367133943,1999.68489452171,2014.6260300618494,2020.087951039007
92.60166407154169,81.96935273599652,84.82763928872461,38.09615171661673,992.8186377161289,1959.544133111884,2047.592474465911,1941.2815022917694
40.496721965772494,84.24685196532941,93.86227809170377,86.55302551028326,2041.0708460161063,1005.2618582622247,1973.8628971952642,993.9488051332253
93.94898334751727,80.66732523767108,38.437612561755785,36.13938534701743,2040.489769409689,1015.4576476810169,1994.466298619902,1021.7880574497855
79.8807910406644,92.20518237174673,39.56431946982585,98.47317443394068,1994.5914632024017,1964.8980186174877,1978.138585573033,1984.8365054407884
36.75142809891067,40.72596564633694,86.2241663418585,91.72831895429427,1992.803770259613,945.721803065572,1967.6208979303171,2001.2853238862615
38.14147787545716,91.61281624342249,84.47397413129956,84.19398317448332,1980.1405256037156,968.0118166432246,1966.8065896829694,1958.635715748931
40.91675840321987,100.90553493407293,38.020778674377055,38.93831647947583,950.6615935482473,2006.0185365611305,987.680348957497,987.3383049487741
43.14366713939888,95.01581889848802,84.92401251832662,90.19972304097625,1980.819828717618,2061.8782740017537,1013.7851835011909,1017.9427941847309
42.44441932421468,91.17321944382763,41.644314758668294,42.7795728829181,998.6154068581668,2040.984461048075,2011.9353873852529,1033.355218660771
84.94317839082771,95.32928861720967,37.952777359305216,95.42809383339149,1995.8272058774728,989.4466784664606,1999.3101464941944,1022.7864265155365
90.05610877993828,92.84093129228796,92.7835545628088,98.51128906572914,1983.5447550376646,1926.4356311430088,1999.3684053455133,992.8107472811022
41.92758190001023,90.30541246960462,39.53603305431231,91.87225584764174,2015.4274326060693,1991.3027692084447,1981.392142891927,1956.7580048191412
83.23764578115372,93.1137237823861,90.37798258728421,88.15128556817257,1032.3311302625111,1036.5398424929379,1969.1698900010156,987.7434545545198
37.8706129007293,88.43030850651586,47.03885351443117,90.24339522167658,1988.7170170899797,2046.0848537048016,1988.3514819239404,1000.418621168114
38.47429129991412,97.25342875082494,97.9814064087679,43.233572404087916,982.0339916608768,2034.893540773866,2021.990938952389,2023.7673278540303
41.61160585474926,93.23467177532152,85.78916433372414,44.83110427319584,2026.15666339706,2034.353910628666,1978.54813375614,2015.729003787659
82.81729491081796,40.97142383097465,86.56292153023999,93.512484943037,1972.2629259669484,1959.0189805147268,1991.4502543778103,1991.2347781150886
89.78570130724381,89.80368564776391,82.5020476100237,88.03070703721097,2023.9683977219768,1975.6878012644472,994.997543280311,1053.5315086169649
35.308596941782056,89.74406170717077,83.8089775950321,85.77188407962198,1015.8050557178681,967.0927190710349,1985.7874262292985,1984.054703596309
97.50439243412028,84.63434314747076,41.489316556084916,92.12180533326662,1991.2272517945437,1016.0155190045164,1022.3598269578372,995.4063675647806
36.497468637142774,41.41048401607765,42.08468753395685,38.668403155659924,1958.7434613412968,1997.4415399336285,1042.3270619628847,1979.712828269166
38.034162350159804,41.890061398179796,40.74874424618707,88.1805557343346,1996.027955187839,1948.0920168482712,2002.9814908338042,1999.7357980572694
99.05124013830672,93.66160174826217,37.963496496152246,84.9191441984789,2032.9763159874108,969.9892238243808,989.2407157797647,1952.8177982540328
88.24706620858716,88.25185156486096,39.10429254133875,38.86809797481235,1993.7788172485518,2046.9880533958778,1016.5264180641843,2019.594322458066
43.3857750648926,44.9796114564636,83.94808814464919,41.76402589985352,1002.7886903982717,1979.1001124702036,994.0872942154206,1996.538964108731
39.77872086038378,86.5393668079304,42.65758085539035,90.66717520099525,1970.6986664826154,1936.8990422824713,2051.470215189045,995.9782836085883
92.02153667814193,42.58555518606218,38.429042483933515,76.0344818002926,1010.8004862502144,2053.4855336617297,1002.8679699606205,1992.713146902593
89.14504818811433,94.43028019912303,83.87107895260117,81.8789239917333,994.0106107539561,1987.5599409931494,2030.5466619866058,2003.749873422438
90.14142161194634,97.66869071545696,93.02048164144625,86.58124386697851,2003.2053325328234,967.1509513708386,1985.123313381826,980.7039452494832
32.798301737480855,83.89847970496861,87.20755369495154,96.37102504415073,984.0784905648413,977.0515492554582,2009.7751405803692,2035.8601377182988
88.23388119900747,36.03090365624111,41.79774749724707,94.29017724079091,1005.4990324097448,2018.8624277077738,2034.0854856985798,1955.3072241761447
41.61225514681953,38.53924317833621,95.69470140380851,94.4573619071934,1981.654480966635,1984.3058043032106,1979.5017903595838,997.29003990155
102.6128649143529,36.915047612762145,42.47600655004044,89.59362595401184,1971.1610931901625,1992.6194610069597,983.3288949076591,1954.7065545707387
95.41238960125186,89.45841540893625,89.38773858415823,94.09575623746974,1994.9730824996402,1943.1711029496196,2033.8210453781307,987.2918017374118
97.7040285084363,84.91526262790872,88.35180229786423,36.82147230927158,1981.0736259245878,1990.632706324977,992.63579421738,2003.5507341107914
38.90543130634697,90.08394147829311,90.51469981659186,40.42651191549558,1013.158458633402,2050.7163798889815,2027.2198359793983,2025.1116289490446
91.02225215625502,87.41587082402127,76.45745580011365,43.67484921323876,1994.2548354565097,1889.366521956684,1002.1566653734344,1992.2867431771408
37.06797746283375,95.52483323560722,42.06785081351174,41.13918007743801,2014.420750534538,998.035850918367,1022.4786324651859,1985.796734526113
94.05668783373441,92.65745419176058,99.35494648019417,90.65162397950658,1003.0874998773355,1073.017092215117,1998.9646669812337,1991.1885020170632
77.40607748210817,97.93520648771357,96.78431716167742,80.90156523729007,2000.1851309282004,1985.2778509709658,1973.704805175911,993.8529639759724
92.42059403565261,89.94654027457112,89.6969799402591,44.81758558784337,2001.784446053717,2034.4458359176401,2007.4607051734793,1993.768207908696
89.87924325403735,99.82767862342732,91.62496217949476,92.84623083172445,975.5164233546742,1975.0852807684353,995.2361097034541,2010.5771892758246
89.25193999077533,40.77614657013781,89.5977383829534,95.4613418931602,2046.406451432033,1010.4389782891103,995.1161485898299,1971.7890180201196
39.101572002129835,78.82998433843304,95.9796207252563,92.15616516596536,2003.7558629869475,2003.1784972113126,995.9742644854205,2026.7115634212003
39.48494500958765,93.74571120890006,86.79377103355753,98.55718793408542,1964.830459397555,2017.4546428510366,1955.9705178703841,2011.1867321297664
87.42186382578831,86.05966844240041,92.35277180791537,89.2693839408673,1966.0398526373071,1923.502655360745,1012.3601450244673,1942.5133395967378
94.08326357829714,87.61132245678809,37.7143064141671,43.68014227184917,1931.5868847012105,2018.2492958579976,1977.8231150864024,1998.693640957293
87.17411632063984,90.00609034558167,88.54712019602403,90.50878779078994,2049.5897095138416,2032.7296851903957,1012.7152647337962,1988.4398568079566
78.3750278479528,38.44964700804046,87.56248156308989,83.49242236286207,1960.75199423073,1990.6737899911984,2014.8518960787824,1982.2063444790715
87.7888125523122,89.5321636486559,83.80854350265602,82.77316616244322,966.9946140322093,1958.4460634534214,987.238343988215,987.8043190504493
80.1595725247199,96.65543768164392,42.70198792802085,92.87140727299406,2029.6078915508467,2009.1177408019776,1978.8437295283336,2048.277623217403
37.675738198843106,86.89424490377037,87.77743157545214,41.843119375972,2012.276196520422,2048.0082675624512,2045.1883382864926,1970.1896974628785
88.40885637837587,88.99753663111603,92.19634074225858,43.565689093252544,1979.4505279506188,1004.4968171812004,2014.7008526123864,1994.4709447279313
81.61330562802436,38.280025444028595,82.35805479740942,87.29309006605399,1010.9065158087253,2006.1305885863367,2012.3416217743911,988.5085727253388
38.92166638830678,83.81303725876136,94.18715975863545,91.17770273521647,1956.7260037779215,2008.5025393718283,1994.3725897957108,2032.8802200945386
39.007350246022284,40.14839912597571,92.77022871082477,88.94288054582337,1995.3703462644203,950.9244654646545,2006.345558696534,1994.3342546650372
94.2908518336634,98.47112761549987,89.53590161335183,86.5157105347087,2008.0640802183643,1993.6114737645378,1958.42763573363,995.1805119012135
39.63930721362351,95.9436312748659,95.67437590921149,40.85620940116227,2009.6918012366552,1953.1814777027391,985.2067468477458,2015.4989390708135
82.51066122512707,40.79850917804305,93.00349945819582,41.32797806656559,990.3223764558704,2009.7538224289794,1989.8748920688288,1940.5701207943007
93.53619383999516,80.84911945465339,95.11813286869696,41.09650265697904,2018.3507524801591,2007.0575676983551,1002.0622717949643,2039.136774899872
90.47311727879811,37.5082193485517,86.30189058129326,40.5395462931539,2009.9247620906997,2002.8696937540362,1962.4333411401738,2002.905704533621
39.19819901680408,87.65153820060961,39.950261126749304,89.51416052688529,1969.4428941803483,997.1874229610405,1034.5200806417943,1997.98267605889
84.59542430219514,91.0948975787001,40.590237267659916,40.319009062703394,1996.294937063788,1979.0509174423926,2037.806057220954,1968.5952076711826
95.68320533905955,94.91550687652008,43.870147903177,94.90868334214422,1971.7760214140978,2018.7683136565383,1976.2699166113564,973.9127322513258
88.3422374236117,88.61504244702435,45.26196140742856,91.97965067136633,1923.766782383445,1015.3438530996327,2019.204520029232,2011.3438611011945
41.75809047969475,90.61613965957946,44.87940981426681,89.73539932841601,1993.1608137256162,1970.3132572785103,1973.1027703925022,991.8493374112325
86.05997276031708,41.83410491145171,91.27175556877621,38.508452788995044,1955.2106723078746,1016.0919367760607,2002.153023471915,2018.7237898410806
78.74797802235472,42.132547460666174,89.46787908032798,92.18909020168115,1967.4967584921558,2011.028473482965,2012.7694323566243,1992.1951323187054
94.48507107063514,92.81523241854738,41.71839999729842,87.11456920225604,1015.5768309300104,2009.9768595727846,1004.7299714997521,2025.403187099484
38.860378534331545,37.59059598829957,92.7316133351522,93.64766751210725,1971.4351955247337,979.595029545818,1998.177130690288,2002.9828594877936
105.1794589416332,89.41977060338378,100.52618964813139,92.3247828348564,1010.1731315782984,1023.8141556440793,947.5245945055522,1952.2179397072457
88.75251513949937,98.19119477734142,89.62947315999394,40.98158809915563,2025.9095513815062,1045.7209300903874,985.0397520200754,2031.018864204959
91.86674398709687,95.4455028052781,95.22739611635099,90.24605074675972,1010.2995701884823,1998.190723688599,2020.6856656825973,2003.7036350975684
100.46636310529529,39.44909916299653,88.23237559697904,90.74552919553541,2015.472996139406,990.4739551334736,2019.7627856912306,995.4997299040062
90.52501009105363,40.526672681491746,92.12730880103078,39.92434888005095,1964.7943456803082,1993.7295205477662,2004.5160656750127,2031.1376362095082
94.32606986218977,91.3523369974955,90.13047648829246,42.315177413952114,1023.7354079484862,1001.4107312210061,1019.2024507041012,1983.973641642373
40.17522482338249,91.12665520267915,91.18151174080265,92.86618409137117,1992.8473899728874,1983.747777652379,1020.0970979441379,1997.1668373842526
91.05165524821106,82.7165582967265,87.37879875915006,90.21198238252049,2042.5402725689014,2013.7244408197928,1021.1045280305864,1976.3194177934674
36.27273924703032,86.35543942932688,94.22381067301836,42.41630900826527,2007.548343887668,1969.176051530323,2041.3868776389281,968.2289993066826
39.734917223980425,42.71536444875925,86.41717311756462,92.45369010314522,2036.3237589033452,1967.0807305328665,1963.6063159290566,976.7449817712857
87.00994366422336,41.66621529046087,94.83501542012665,86.501752967804,1967.5632477340457,1958.6091796835735,1019.8519482508619,1019.3989736644718
96.62903890493371,83.88267896013052,92.38466454762934,93.63393620977413,962.2884229443699,2067.1402561394984,1003.9343622849575,1949.7708179057834
38.277898024513384,95.66027998354485,90.10642463432193,98.37493239673972,987.0735436311711,981.957364190869,974.662372863525,2019.7543173454276
94.77603304402417,86.35237903789731,99.47831612824784,93.9370222943966,2058.9261764960766,1984.4150715552055,967.1045859028552,2047.342130912042
89.17271434902634,83.46987861305976,89.09901209316708,95.19731034067689,2013.858517661961,1996.1754656032397,992.025835962309,2032.1680153925333
89.26603227741842,94.2091078430255,79.74419993793228,82.85960701036117,1997.7817446351496,1993.2752247438889,2013.7369978498637,2022.9416614769439
87.09106964749247,84.09659146992378,96.11055552225558,90.08632117350774,996.4052632386922,1001.5228473267819,2002.7085523713006,1992.7629820257482
83.23638115689074,92.14971712633549,43.82399287858227,90.99025884429126,2085.4105968683843,1984.0374229701158,1025.8941411325889,2016.938648552496
88.40696376492912,40.80483366153868,87.23121909196203,81.31285780145,2004.9987711476153,966.6851707676755,2018.9120742370928,1960.2607755940649
83.53184156810525,93.16538807808702,37.72432331576626,94.82019704336591,1036.965811538797,1003.1093941729789,2001.1159906333428,973.5563402983868
92.10143119524756,96.13697914914812,88.85119150238064,37.34540268202038,1976.2469459605938,1021.4177601864633,1003.2944072578911,2009.039449567315
88.91661403642158,87.05567620784915,83.5402206833444,35.029596804454926,1989.4673637021592,1040.1414433733412,1005.8719601646048,2001.0375081006503
89.40083279893972,40.46650230192775,94.41696985718207,91.85068771711609,1997.7454047287395,1001.9800661289346,2054.295373130586,1025.504904605209
87.87388610447921,42.18093511583016,92.78699516145836,87.81574615580259,991.0938255833416,990.5024949695735,1900.202227352604,1006.0964438975377
40.0882319287587,95.89876687661685,88.17437831165071,92.58698031944178,1970.9390928830314,2012.8213718896743,1997.7228261395833,1007.7625280982434
96.46722645505821,39.08578368121393,85.71864329522965,87.55418300589842,989.662802172915,2035.4320645066616,1998.9894565247776,2009.2028862240472
94.75968540907407,82.60477754489702,85.66010932716969,39.69146807275637,2006.7177618130568,1940.754500549962,1960.6116385121175,1007.3481691891766
89.1944165807253,85.08516522718269,83.30326987828609,91.51015279445654,2004.0736844328896,1007.5035616539941,1972.539077350164,1021.3911486026341
92.23338717900845,42.85401796473033,97.53320977368278,44.11544924791724,1969.335152971571,2022.0625577701376,1983.1428816934497,2014.3007558287516
91.49906020321849,41.28891541471385,42.35710693400593,96.04712864538715,1976.2366533999473,1995.9786963341737,2019.1917501018318,2024.4203427430677
84.44255866058955,38.956145906297664,90.12808116616014,86.0380483798371,1974.7946192093211,2016.655761366305,2005.8047686790246,2000.3474575904772
88.54226249042208,38.733446012858806,44.60080212554058,96.23572120260819,1984.1453828781598,1965.5173707191657,2006.2399821038994,985.6504051033528
89.27853740119357,94.57253590358647,91.1648176803946,43.01287213035867,1028.2123396089219,2004.254303163666,985.1906376713011,2042.1386403191507
93.16072407845971,95.35098581777841,43.26214856383454,94.10391975624938,1003.0242217456178,1986.5531590078185,1996.6421083474572,1985.8076292314956
35.47443008155453,87.68773247083672,85.32098482902813,86.627126682163,2008.8151391694764,1972.2281961034066,1993.5529395085816,1937.1668734620218
100.61367677081012,89.01801175770917,90.37025433896646,37.55276783778734,2032.7348988983579,981.3139911445141,1960.284079619682,1972.6675253687379
34.4568270915414,36.077466966446345,86.71569558832653,84.77013397252715,2005.8916334292896,1998.9916491033014,2011.914161549162,2005.3306319820513
32.59473735719922,94.47463311361685,40.52088419018848,85.17921633573125,2024.1211443121713,1014.4994109446698,1991.7422306790363,1980.5775146259623
87.1091857380465,85.513095119789,84.89562956273896,95.23280196801922,1997.163188819705,1966.9059169013503,2053.4741545759452,996.0131179699945
100.8360454794709,87.53840920628295,38.66534059730285,47.76856180527318,2045.4242193210002,1998.3034327804232,1970.1170068049707,995.4912286357463
41.44918721665648,40.43172775894262,90.68731292111279,38.643050541593155,1963.7273679440677,2001.528951576497,1950.0939271117727,2028.7545928669322
41.613038771348734,83.08251383646692,97.16664195471662,87.99576290349628,2035.7304538707656,1940.0505175508601,2020.191111491309,1982.72332034177
37.412882283048525,37.34461291924145,93.89852641384304,84.69341529798612,1987.5651092831515,1006.5931165291559,1981.5869708745515,1007.1745439734051
36.8717579246122,90.01239714972067,40.216268708423755,85.1000806728758,1913.7349046730283,993.8526525501331,2031.0974986674457,1016.9710697168478
91.17737353433566,94.4648831710199,92.0646737058239,83.00994953501409,998.301766684632,988.9139800291673,1953.539521237387,2054.3494011671187
37.81463071383655,37.70463453248679,83.87069535516406,41.724254155209096,1959.7488790122572,1001.8927558501235,2041.7250510034314,1011.3918860650836
39.899226716502554,96.07891079216058,84.76178477028262,93.56954303516324,2034.3764383273622,966.5380077271691,2043.8618303760782,993.3970726075339
92.95706106305329,87.0473685095204,91.88816146912649,91.54940360814311,2065.307804713959,1992.8383765565607,1991.6481195795689,1997.133688607271
93.09411330238913,85.26688455112703,40.3199314877176,95.21973241363385,1993.2283733292595,2008.7816066107923,1989.9026493353415,1979.5875137875078
86.9333713302675,84.90583683358464,92.48169600794407,34.38276201606276,1946.8593233394777,1977.4191961472702,1950.3732369097895,2009.5954183861948
38.42592370290197,92.8140922594758,93.31485548377147,84.02426766248686,1966.5171601583597,998.0833642912368,2014.4655887977062,1984.3470726867154
94.0267175738469,90.16182542897666,37.57998314674323,40.32668126733767,995.5740165669927,1997.046239093904,2002.329335369649,1013.998487693455
38.25689153079064,88.31022017422153,35.31308744762077,88.63316355880656,1989.9627446593904,1972.6918356185315,2033.7107886872154,1013.7401415298251
32.82813249096769,86.1265163828593,89.27652245667204,85.91313568294936,2025.545718518138,1973.0751646308242,966.3631048392457,2017.5846750265298
30.649793476230222,88.87350168858023,103.39384526515353,87.5191106815925,2043.6255398654332,987.7967004337083,1983.2782682284073,1015.1714703310465
32.57259822873584,89.86135282732866,39.11292338159295,39.43613000572276,999.6430926252008,1995.410066132984,1984.8126387263906,1010.3900132737338
35.086976644982116,93.08287334257192,40.16704031290591,40.29208416562693,1019.9087774025922,979.4036706593834,1972.1736564139233,1006.6777412238661
86.35925736929029,38.90102134665102,86.60209965150139,76.90616010852455,1031.9897629871343,2023.5394263063463,1966.0770071366599,1013.146218191469
92.56764502218999,39.19671383864035,91.80749586647703,41.27748474408538,1994.8402772164295,2031.8206608427824,2021.6957804115443,1949.6075065329385
97.4930416638674,88.16583748628837,84.3495523655527,84.75696556889467,1954.4264923172343,1012.4606756137721,1973.6244109575723,1974.9094025665154
92.86902218820701,88.87101541656592,89.9741041915347,93.02827257798117,1021.5596317178514,2006.019956088123,2028.4801334035647,1991.5804533385383
93.87440609797497,99.87037946655686,86.58185269993399,93.84498643298146,1995.6655929464328,2029.2175214852261,2004.279178109925,999.0173345322534
38.06364193851161,86.95301155314071,42.37095386146338,37.59221687728516,1066.7799916157692,941.3425542572502,991.1780304197232,1979.8353025063898
80.31642660916586,90.06588355416756,100.04702284837217,92.73835417413494,1952.8299300622991,1986.4633257409453,2005.166183188509,1976.530951992315
95.91421292293344,83.89279207341369,89.77620640446817,88.12674021777158,1976.9076743374844,1984.8440209029218,2006.4889533198857,986.317080332543
37.581154941760076,100.3504772886084,90.47725726749105,43.14570722501639,2034.669346138397,1994.9014521863626,1980.0351019231214,1000.7070771863956
42.03920292206021,93.01758564364049,85.34659383383696,77.36376368520858,2003.7988989956011,1958.4170434776897,1955.2645520318322,2041.091887956072
94.41239572595701,41.90396150386415,38.97888094224945,40.09260417896574,965.0340563919301,2022.4994937605552,2040.260940932233,1009.5730045724985
94.90283255545363,98.54794984322153,95.83244340132802,88.64668284131136,2031.2997104908172,1985.4658183417137,1992.3298634517475,2053.7793051223703
40.277341115913536,95.09263848783638,93.6777029194638,87.49730972228105,2016.9735094312505,2003.6002413858673,2032.8770525752038,1015.1561156012734
95.94405446410829,94.01203377196433,88.79017411702833,49.246495889065564,2024.8838003749631,1974.1227207508766,1986.2421952538737,2003.133580337141
96.0655990674458,85.12400138092171,40.25270191769166,91.30239002832523,1007.4584183746761,1999.823843300308,1948.502350878871,2013.8260554807382
86.37351299209404,88.93148266506532,40.345362159233986,91.747238284174,2033.9724051845355,1017.9240568227897,2048.7159831510558,1018.5702635309128
90.01403154246171,90.3787141500369,39.803746638330225,92.89188141144703,1979.8638843489402,1967.2649854334718,1955.931775287137,2001.9161809247796
40.565887695566964,38.233790985139656,88.98458624186685,42.400935176424916,1999.5199425342971,1024.9577610600404,2016.1805285302894,1956.329481040752
86.88062303430823,93.2713302279099,91.62914030813363,79.78983113601981,1986.5877870469437,1976.4796965155986,1014.306750625395,2024.4659753469793
39.27063275776193,38.20910421526401,42.72121398871454,40.686343339927156,2022.5719215567394,1974.2485314687274,1974.3684403081938,1947.857510476403
87.84286167448063,87.8844319101295,99.96589828652891,77.99656466185093,2019.20101939623,2006.2357545759867,1999.722742214734,1993.5861081684973
85.04651174667998,42.19734984477634,88.48729254070481,44.407803936663406,1011.3883202501081,1009.2809345009405,1985.6518680418346,2006.0620271829453
36.64886627018786,42.61918789687075,98.36704770412655,85.37590846737841,1007.8562026226838,968.3545700563984,2020.0456956508417,2026.7370067692514
87.09597980260887,90.04846197192552,95.54741152502437,81.2007736630968,2026.7361342466643,1999.3512239041945,1991.4937060419093,1999.780905928291
81.07725809395707,95.80387887708471,96.98277143144841,39.4685101044416,1993.8617141148934,2026.8050526828295,2014.522462611549,2020.4101112410438
40.28453726604012,91.43345726424958,90.99341403138398,87.37458287824622,1011.7950169534965,973.1605528286462,2010.820787652672,2000.988463292815
39.67801923890259,88.89829520767333,99.25997133767666,38.42742196171153,1980.782103495479,2003.3282647745773,1016.4380130243301,2029.3223336356414
91.66013450038515,39.21518438627425,40.28363133705119,87.46600820740495,1995.080071566475,1977.4927619892455,1012.2658506967327,1026.669366965827
33.57298508740313,91.71815887540698,37.83078349642096,92.41582385396279,1960.6690628899978,1967.9020441189,2011.4276784463427,1955.42291543572
31.817775829947266,99.02152410892367,97.84748853397235,36.59121632787793,1960.2875203693038,1005.6171461132519,2021.1566975840353,1994.7420599726333
35.40601791900369,80.56519305768079,37.366704352444614,95.92051509635012,999.7577621177321,2018.014309891228,2012.9752628976214,2038.9906395824623
94.27461411964708,91.10652598346428,39.31133048455234,39.21171230450133,1972.7516953671973,1990.782419302327,1952.178941154614,1975.1004070009853
85.97531751173472,87.24077837038584,83.47335529930766,88.00188070943356,1964.0502272834078,976.9963945748166,1971.5325566609993,1980.271878252734
92.82855953319702,38.34502716641424,98.19311508796035,37.654022599144014,1996.7188181841182,2010.3879822947204,1943.9167735613755,977.3383327296949
85.30609301637693,91.90447458424369,37.511717010120236,90.20201377515843,2048.381697163145,2049.364604842111,2024.8228778663652,2031.7642845469559
99.0673324565044,91.88333979554587,87.50648110990366,95.44044572304507,1997.0628984494506,2005.5418220583915,1997.5158331600198,988.8602820102212
93.67131165585471,39.48039166937418,81.92012610010813,42.60259233665069,989.2228670815493,2006.7985805623762,1022.5385841695486,2053.671789996673
39.199853062357775,40.74326432117515,90.76303185058795,93.50835675102941,1011.0512346986907,2019.7592313064376,1036.7782478942897,2006.5837268281805
87.98835910579317,89.71881240338035,40.95730227031207,100.19485863663367,1983.7506502673214,1977.3568589069343,1015.2960919368018,2018.27046817535
99.8733716360294,88.80588764297521,95.69389187743278,83.17084164448322,960.8959313390603,1959.8658044186973,1021.4785133016812,2001.7794055049724
89.74619185522869,91.14539271325916,89.57174986020479,38.15855692372752,1975.416338761325,2019.4915968124965,1993.4819055990154,2025.8290737097393
87.11346006730389,90.67800717696284,87.66211015571521,40.83613289283742,1967.214595944443,1978.2487396388192,2012.7695956139762,2004.4926730402462
40.76519948652308,94.39442123115784,82.29066969605209,42.799680582540724,1991.01304497622,1955.7178579404574,1994.231887871707,1048.803210040795
42.39316716013818,83.98613249850408,87.64401047812332,99.57538410559982,1999.178156519402,1949.0551371638098,977.5746973522932,2041.3086113524464
86.802907703045,41.93297637756501,90.86177909690325,96.50003181448311,2004.103613777194,1959.6101192762198,1938.1521740683713,966.1171341256817
38.15244995927536,82.37202421133382,88.13435975758415,90.61368352051232,1950.1817930026807,1962.4979650986595,2023.6869624741796,971.3196179909667
39.79676555989727,41.43202222323086,90.46551115781894,36.085507369449346,1995.7707328598187,1970.96893144656,2021.4770875334739,1015.2528399067091
83.43364724516883,91.1246079595136,46.72789150304692,39.25613048422716,1006.7694988961024,965.6711065058182,2012.4057561297598,1032.3018301684979
91.25779959116204,31.12099067715889,94.81033908685515,95.20896813561687,2011.2511193133132,2003.7969166305734,2017.0729430831057,1000.1322191413001
83.9473829448456,84.47213850707811,78.23809624174129,39.74938997837346,1032.2140804998112,2038.7397216290005,1993.1911575769084,1991.094615786188
87.15363366661146,100.01471734805068,89.97745461157062,89.01108757983671,2015.4375415915952,1961.544729262115,993.8769357088528,1917.46322983437
89.04423371687169,41.157879931595616,78.10757159292754,84.45205089253707,2020.116877546438,1998.893367814321,1015.98848219584,1951.9365023176886
84.43524845878544,82.17372718280048,40.02850551072558,85.31761380231089,2047.153632479205,1984.645512997419,1984.363750549517,999.7610718560832
40.17963526373275,95.18681664631872,41.23056239054018,94.81927679376463,994.0622587496871,982.6105164798464,1978.4007032102181,2004.0402982083565
37.9035095536872,87.81859997043034,96.77514265618744,81.12077183130414,1953.2966319692955,1987.3419901487314,975.9935095112799,1985.6420298598712
39.67100447551059,40.62378530105707,89.0708907669977,91.5457020442156,1049.834225940192,2038.961240675275,2057.120292466471,2063.6224092394627
42.7556993655118,87.6604767205803,84.80188398608524,91.72333932519831,1016.6416605080292,1977.6912724191127,1026.3420311120333,981.913724936375
86.29987278893859,39.75656644144357,90.74102684476472,86.76234327033825,1955.6061945977588,2004.171724234762,993.5590313002341,2013.6577558537938
90.65079541794476,98.3598712343804,94.04397340993883,86.44872713174642,1014.637545521,2028.5769362857243,1983.0474291117443,1968.3482731777267
82.63612404385121,89.50338860716118,84.06192198347838,85.02670713148734,2002.696520725361,1025.5185324795375,1991.1159585967916,2057.5106269991156
94.73563858987548,40.554859035746986,88.42850165214773,95.32554401415217,971.2135407938729,1980.9849199280263,2029.3727464387084,1977.0149238033293
87.3711688394155,96.04835592892285,91.20262258993336,99.73055022128523,974.5540652758534,2011.1205813444333,1965.650493925945,2003.8444333616224
41.72995523745807,39.46827663959141,98.79213429946913,47.30867418182173,2041.9699541784144,1007.7683557095588,1961.20758847142,2028.4118783693718
91.50080928991208,88.4583354427165,44.17761214645763,85.1137431329532,949.4790226498587,2019.8034044358642,2018.20472398635,983.0830724908465
96.64736701741876,39.18363776882494,83.7638753917147,84.72004102815,1972.5363675487854,1978.029433097291,1983.9613304097659,1012.2786816917903
98.09903106115856,39.987012777791946,91.95196637804807,40.778664260494324,943.4647296395783,1970.444333262687,1984.6046825216638,1978.6479278067661
39.30554239144693,93.21548304675898,39.43848201657502,88.78283712706335,2009.135885385454,2039.7508334454262,1941.912012539637,1989.381118344706
38.17030823667481,93.52301066596598,85.42239081514951,75.34897819946313,1932.8611004367299,1971.5323164877138,1921.1146907923642,2029.6621718292304
88.03311773591727,41.44861734503399,45.42584839609296,84.83185217305919,1981.953682141874,2007.1290619338833,1029.0579588207493,2046.2944979720812
38.51950087064374,94.92600885602072,94.04716342897325,86.66709504542897,2040.1564110700974,1992.758726237363,1981.1950829786579,1977.4211038458131
88.93295677575558,85.69753357864752,93.84526962523974,89.5932316536495,1938.7975773773633,995.2791718330344,981.697754467164,2005.859241128368
93.48440786882497,96.38955163797833,84.75744186872441,90.13225705769959,2020.8176499121982,1016.2269648571994,1009.9030482782671,1978.6679704467635
39.83919603235371,40.77162486168761,93.45904759223016,41.29506550884832,999.6095952723758,1014.2119371854662,972.6807513545748,987.7064728413316
85.38643280802715,87.531817234798,41.99213219758856,85.03375454822086,1005.2767330854841,1010.5857436573347,2034.6510827950249,2014.9816253359736
91.54132460579666,93.95320476895554,90.97465341673218,37.31831066629019,2013.8283582234906,1971.6237060241551,1964.9878301531053,1962.2897304318906
36.68514933506257,40.579311123815934,83.66431691676031,94.7123847609059,1996.5488473318576,1975.7531103568995,2021.8201188557377,1027.1487652214691
38.05248257672635,83.71008923846892,88.17200293140387,88.26616747571467,2012.6155926413267,1019.5955505274314,2048.864905346521,2037.0951326926222
86.24446382329869,81.93013598038667,85.16524577142755,40.95109353789154,2047.5975232895032,1992.2190221231401,2012.8259098398732,2018.608095662527
96.6861163132459,93.25688375184076,86.8890385771841,40.2744383116626,1992.2517408400352,2002.1580503410235,1033.2293828129227,2016.704158086532
95.5489233087111,38.00521748703666,40.473682159325435,84.77039076885607,1984.8789542384889,980.7361091355456,1013.2425595271227,983.9032503632869
90.61661897655924,85.3327158950293,86.42122233684248,83.64910414434321,2037.3541132642333,1010.3357466312596,2046.1573841623429,1972.8165939561038
32.57285246037506,93.25383148595954,92.31847397547385,93.43421066834415,986.0024941292243,1981.072276757298,970.7017784993191,1985.514540817641
35.20774174719819,91.6677988577812,90.22023396144432,38.82573133569817,1999.6199721619003,1011.2312242592752,967.8388498707969,1932.4039930483416
84.08889878925082,82.95326290016655,82.43053754647339,88.0427435149863,1005.8131398545685,1985.7441454991488,2025.7367407666131,999.1069391937285
38.617885093249654,94.18538691087605,44.775753034270934,39.0868754379937,979.8328372335882,1018.3410754096657,1005.4927900608488,1996.2988379826372
87.76815484012928,87.86908825278663,44.06933174968687,46.47056025162163,2039.894913369856,1983.5802105897342,990.2432793222039,974.3518069112149
90.41780080225722,84.10401610261508,90.70796182743341,43.29912780333734,2022.8010598234805,2047.6690628380604,968.3281896679256,2007.7795707265734
88.25242692295281,39.739063416448815,78.85805471549014,89.20350016662064,973.2629903737138,1965.4064478137973,1014.4096983368223,1987.0869037369444
97.44882027900117,94.47666663484632,92.43072752289751,93.89037523002295,999.3976169772625,1010.2572292538857,1948.0098461568732,1980.3814542511616
89.48566762231991,86.16542397021314,87.83255766103717,41.19380930424506,2027.2989737348935,1980.547292764213,2029.5412603451211,1976.8407453334728
81.3622775676217,89.55242257626723,39.77658455794321,90.11178433309068,1982.0607297492058,948.2949739759965,1021.095033815061,2008.7819880401853
80.79893897347498,95.00125471457062,96.17048785299203,37.583304122824266,948.0965580046714,1985.1788372932829,1987.6104077404825,1973.2444796980074
85.42383381756815,41.52856993241403,105.35433588162049,83.27649660040497,1005.3125437932918,961.1704408587808,967.9095588816808,1978.9366618127913
96.82718086850824,42.28821441566694,98.36172254511047,34.50456380085286,1032.0514167644212,955.3220921095005,970.7402360082675,986.9114796442865
84.52728562910562,94.24810946140255,89.22038854167893,35.56292746657408,1976.144193259694,2008.3256732336285,2005.8012790137798,2008.7365069271398
103.50937848080687,44.93607121985274,89.76044112014118,37.06129291069354,994.8541204520377,2006.1902729778315,2024.7608577033718,1963.0976082121972
38.8329532327903,41.84417837237069,88.87681357857353,40.054452581919534,2004.4333454209004,953.9939163217736,2017.9478244240322,1931.5368694370134
43.28901055777426,40.108573413338895,41.05275285661388,87.15377042976915,1978.49447708056,2033.9022027413955,1972.827065316909,1985.3400389554195
90.98706803259232,43.78827705347935,41.49484881397298,40.550733702880876,1984.59347965524,977.3310102465196,1993.1910987601875,1991.2444385931792
101.9576007792706,91.22309051575778,93.12423277037074,88.61459121106726,1989.6209792943844,1005.9921921328292,1014.3714079872975,2005.6829992828298
85.87754559240553,88.07733033654449,99.3216666316109,88.510577296108,1967.9172925735518,958.1539260615162,2022.581916918127,982.3977102401143
84.41968574260558,86.50743961041671,39.517914039674906,84.8226968393031,2045.775461160239,967.2294005252625,1968.2914218517371,1953.7168588081818
43.57114607169349,37.28031675274791,40.3573992201452,93.32028050035184,1955.8102711988406,2066.075364232156,991.9593227196355,2011.1772871191315
80.60736058681033,89.47446995693558,90.5761905863053,94.0140841365997,1951.329167151693,1966.4383413908395,973.0658239305831,2031.2387078521876
40.80627794924024,88.05371416988824,90.83805207522585,41.432156675392804,1989.5647357714042,2002.1728711377416,975.1251359393384,1973.3026781372218
40.92037840291633,91.30679413807692,80.97535486791342,85.99372568091101,2023.94792680443,1951.430286496126,2011.163476281497,1952.2195749822777
91.51399580946209,94.93744179197076,39.71420159889006,42.18866801552225,2045.8715022847566,2030.754012469477,1009.4571563421443,1981.4261551163468
88.38944811541367,39.52135716041655,40.337903874661606,82.22894956040942,2010.246269186545,1994.0676969780886,1936.9373558704835,983.3694672400728
98.20030171911898,93.15282298169065,95.21859801653687,44.81645360403118,1995.9341489435296,2009.3348058434547,2014.1377683377432,1976.1762843712206
92.23974174031603,99.19530590723998,91.00218855906236,43.01636872420326,1960.370524000401,2023.0199128704166,1042.4137640203407,1982.836666029008
92.86557944989521,39.71824593458135,38.57982428907643,91.48588510133462,2027.1837054462371,2033.2492794456173,2002.1254239251086,1984.4680816229654
91.179767878571,82.3293678124352,94.15042973745757,79.88646599360827,2048.018381285791,2010.3472755520045,2020.96450027441,1977.2624478485059
88.20547135485194,40.42254431708854,94.38522082705933,89.61706519094136,2020.035467975448,973.5264366704923,2023.263963403706,1935.208474629734
82.19481574562201,38.30176478704692,91.947266267394,41.82521089238402,967.4571516337219,1037.1709055774286,1981.9316378804592,1987.4686086588367
92.20787408756091,93.60565733048932,39.911847646018,94.9996005186315,2012.384759368393,2010.9993666654207,996.7644806246846,998.9395463704507
81.23138621162713,92.48760273077518,88.1831436387959,90.75997692927773,2040.4466773608535,2034.9121358205134,1997.922634880453,1987.590788827667
96.13711162332683,40.879692808183094,37.650996339658086,34.45205625498037,2005.9867690134588,969.5340973932031,978.7741225704522,2007.9506100246886
86.40024935593975,41.561939467775545,37.18351823740811,32.10135906988472,996.0322802339189,1965.8749957817708,2004.9770781766852,2031.635938970407
39.35140362993552,40.05692781525413,97.43930858222843,91.95701572075745,2018.373129396326,981.9072963232202,1023.1650222265342,1967.0903986696203
88.84769450986232,86.31289330349122,90.70214798318061,81.85514178886216,2003.5797265169854,1997.1800403166153,993.4352898800228,996.0232062155009
82.90509199910838,94.40075074155246,86.86306350656739,39.5193179722715,1037.060068571642,1023.5394823352593,2051.833932660082,990.6620767623477
87.65472804084608,88.59174310398157,88.61485997199325,38.450047321786464,2016.1817586278128,1990.4430301455602,2002.9468602295458,998.0629793527416
37.524017864959404,96.35623885105562,93.92980344851821,87.24806609139954,2019.8937273128176,1994.0888469578972,1949.3017752161159,1945.542834941823
87.76611417477679,89.74544513661282,97.9510623230463,93.05608402904767,2023.7248616701452,2020.1533153400262,2002.446859669356,1936.674668007648
86.25295471990081,92.22027704902251,40.49795399719896,92.60266866033474,1966.5460061553888,1989.6738376953415,1990.1819987829003,1024.4238880927448
84.4797616457546,92.70123965852993,90.61310252589577,37.830316125025995,2020.5692797427484,2004.941977734824,967.2359262702839,1022.3634357734327
96.23732669048407,42.812803657486434,84.09169138752529,36.797550848830426,1996.7836969860805,1977.2733159332317,1993.799735346422,1051.0814838349331
81.70010180266513,80.90650286127486,42.40456089542221,91.67974596404932,1024.7090139203633,2030.8262676985241,1006.2436769962451,2020.2293810611045
87.48379002219522,90.03865501869006,92.69027512852364,42.748630830008906,1959.9410809589858,1971.4288484551848,1008.3465437405478,999.366450605117
99.55968638835245,41.36068737859166,91.14398740615587,95.15702393375794,2044.7276463747503,1990.6092356241713,2075.949238485218,2044.6835178536014
37.20993605295085,95.31361514194822,89.35418116052843,87.95363477963875,981.7938610725898,1933.3991581635423,957.7768236276129,1976.0787073708707
89.90052815522208,82.58900572078252,45.246978472441185,91.6916769983345,2042.176737570485,1990.9446711654027,969.3607508597343,968.552792100079
89.8245442877668,88.31793560085788,90.33762787588877,89.88801875358811,995.9508521836667,1995.780509776823,2049.0358751764325,2058.906068361848
37.923346703546756,82.70046502076092,40.194990135512654,91.38087598314534,2007.1327187538348,2008.3859738663257,1980.0297417383674,995.814887260531
39.91434223671678,38.785949892659325,40.79860401779496,93.15161592325771,2009.9650628429995,1978.2723309316377,2011.6856283637785,997.2795245694833
40.519438756056125,88.2420826430782,91.84373180614581,90.68589034609968,2009.8284710670935,2030.9905488631446,2051.183088778166,1995.7852489207817
40.14396576482041,43.42500428413841,39.90854997926738,83.4745099561812,1012.9930240919107,2006.1620669910376,2007.433862268524,1025.6099508996117
38.23520870413958,86.18383862084644,83.22224316538369,40.9906124593619,1992.4277719143117,1970.0316401331866,2053.290981167103,982.5259493936856
91.74414370947272,86.98801845355418,39.94059127050463,92.17737620720932,1013.7098951173386,1007.5972791201732,1966.594955787389,942.3039683483393
94.13461912784764,86.59988577128755,38.61356824052247,85.67255680026989,1987.0743400309127,1024.6246458203432,1966.9141401184606,2049.491936797636
93.35604063090265,97.02215412579262,84.50514733144767,39.51230384682812,998.7785033890437,2000.4698849974734,989.7732064559946,1942.0235644690165
92.02620296771377,84.6400419129919,38.91957708819763,88.74549612237516,1014.5720617246889,2050.712746304645,2021.5407453823796,1995.4887879898486
38.07108545912174,39.7932004250622,40.06266800611168,97.67569609944557,991.2851442861897,1000.4204315452644,2011.4401787545567,2000.2413625624886
34.59624994399539,83.09754372268026,91.63593971008238,99.36964511715293,2039.8441357782908,2001.3951236949938,990.6455654014283,2009.1382531106042
98.11296406741114,92.4526810760341,91.3248228416845,81.13592037769072,2007.4317659074907,2081.188049632346,1999.8949307266405,2010.9875565426685
36.745574826676645,36.723655387293476,40.23392352041573,96.10219942069858,1960.5138083468817,1024.9321678864574,1971.0007116149109,1023.2567348614975
97.4059697487479,39.351984691477675,96.07637401748714,92.30066167337021,989.7047847345762,978.6838728932491,2014.959797250089,1997.9575497811543
90.27781157903159,93.4561535701595,94.52004014923168,93.0732465046918,2021.4888775440838,994.532701191761,977.512147645061,1979.9429205616862
87.75644893055248,37.367665847596065,40.25631652633573,95.62066270188572,1944.5377484264216,2015.3817619188967,2015.3382064249424,1998.4820525230814
81.70284955929745,40.64594222417199,88.86580254595043,88.94798499284484,2028.6205481757308,985.2425183960249,2014.7809546661365,1984.416005563579
93.35913320364646,90.93221592992889,86.41519600315101,95.72085233283853,2031.0044780474848,989.0995323133923,1992.6730049682362,994.4539958873536
84.96164459599817,90.67918339166891,88.92967691548813,93.99009253498774,2023.3525462802338,952.2562463461828,1981.8649695893446,1957.7137361089194
89.27845932919885,40.42707681451854,93.05556609349826,37.69255561585208,2014.5429301160077,966.1072048564424,1930.7002998308606,2012.0906375111172
90.41038311586343,90.8555144694772,87.57124744155918,43.4929755089254,2000.2914511778297,2011.9269294336666,2004.2552693191092,1952.714951890169
87.04139742151548,85.23042923406379,44.006093197192044,45.27549905891158,965.7086786165979,2027.525860103088,1987.544695860967,972.4284835848847
39.733214080802604,85.23015164345556,86.08978742671415,83.69022308603657,2016.1534368788468,2004.0266365406694,1984.28142920683,999.6083707109661
89.4399818865535,38.56679742605463,43.294373778238494,90.5286067686244,1996.9386891150655,1996.600553045275,2000.2500798384665,1002.0578712523413
91.50875068222429,89.82190073758004,87.58659389392932,45.9224915153102,1970.4128718652107,1999.531198383679,2039.9381459977549,1952.0686136720296
38.50098148865974,40.261912592660636,87.75998810107131,87.97044245331116,1980.0564084052248,1059.3237756515978,2019.270567483231,1987.233009336444
37.16552813818377,39.70987938562213,98.17387317482064,37.87034795937586,2011.3791999051882,1045.9354879548753,2014.2797784320496,1961.21705095854
90.9595787775065,41.11993998002977,94.71652260154929,87.37552088645752,2005.776741281018,2017.2236028050136,1942.7888432965633,1985.4371970528045
87.8534669410807,85.29516918532376,43.79545436924552,41.823989346039205,1956.9224745071197,1013.4405945258145,1979.1045895786517,2005.2881525454502
85.41512381246764,38.7607443456426,86.03066770963845,42.79214997036283,1998.7886829031577,2031.1334488614887,995.0350104638808,1016.1212718645477
37.02970505435245,38.401612182617676,42.18437725785097,87.83899401820028,1998.1409884009668,1997.3218753265708,992.8188909753812,1977.8010792744165
37.30960553197692,39.52601855543819,89.68731025372323,42.217166149217135,2020.6195151250968,1987.0293953631601,981.3908682832563,2040.1115385072105
35.9262872798548,94.03242439771705,83.68356782118933,91.77363437961279,1957.6591320370983,980.7226861052151,2037.9584794040084,1994.490122603475
38.90742910054544,86.7585137445139,40.875542931651694,86.47695548611995,2029.5491176802338,2013.5330836744267,1990.9489806706895,2034.6144954438862
89.70450276185879,84.84303772759199,89.64240270441152,92.2546405799247,1956.1388542523666,1985.469909967414,1038.7453322415045,2041.9959131661947
37.60806442151875,89.9279483722004,87.35974080381197,45.8870011625271,2005.9520661102213,1016.5516296269508,1957.4974699437794,2010.878151460532
38.81706901257547,94.05465242362662,89.6561038790203,87.91614566880055,2033.6323871786913,1969.5894552977281,2004.2828055159966,1978.8103363702628
38.14939688491549,43.50516097982878,101.30831088589728,42.16176297937463,1972.1719863624196,2023.4214742835927,1928.580098541989,1002.3791370358689
95.9940049675121,100.48575786771659,94.27883019520107,40.269730359440864,1971.5481882733918,960.4968173174599,2062.5122967204175,970.1214863202493
35.46601966545657,41.03595548914624,38.97610607230191,101.28399382036113,1932.418813406374,2002.0475808064914,2005.8901756512057,2009.808901566343
88.62740924710997,89.58063226604538,92.96616098940991,37.29501504522877,981.8269083501859,2023.1848045223946,1948.3836978600025,1022.8882160347202
91.82760287545561,87.19262515690632,84.00914623338898,94.32903694232253,1949.2794310244528,2014.120932717039,1952.4386712906091,1948.6208655478147
86.80738965124891,83.16728433170641,83.75747989976617,89.61588879206928,1974.499770865875,1994.9676724672017,2030.2406548064143,985.8174140293859
89.11002441945674,96.43335830471918,94.73041820245443,44.36350405385143,2007.4386200837687,993.9480487302255,2009.1047844734587,988.212188628996
90.87982575245428,83.49285190126002,40.86002665849184,81.66709126084776,980.9662147061165,1005.5467955725671,1977.3162765281481,2021.9892062188485
39.49274336507527,100.51559427617242,94.12286612789104,40.31836927452545,1970.4339161366838,2007.6661239694245,2017.5750105807506,1986.7209444894795
86.48289412430368,90.9148332441846,81.98376620398425,42.16803588009063,978.8642116353271,1041.3076532208215,1978.479666855635,985.1968988969172
39.607034777705195,40.853843562932525,45.78664600404896,96.31572554967357,981.0063269097716,1949.4870443426387,1984.0875249931719,2060.5391626615155
92.31940274032665,93.06984882323236,44.53336313645244,42.651925827015226,966.4062408809644,2019.110933732544,1999.7830462318075,1992.2581982269721
80.27189142618467,95.06873170704513,89.40979225515487,44.5555295745081,1999.6638422847768,1027.8667908959687,977.4345605706261,1986.069300440822
90.72370918249939,75.3377402718116,87.5464276015132,83.05170961287517,1007.4183754625303,2005.4988125715934,2057.0345866006487,1014.769928238779
93.0167494279876,92.75631181012548,89.45348318345718,42.623153082959206,1996.8140319917793,2031.930467921534,967.2177586690808,1998.8721996211405
89.0290380235335,41.14726718928311,38.10132395934613,35.9648532934152,997.9683287805314,1975.3649419727528,1978.1771185333857,2020.5262979783156
87.57167393424137,86.29788716654124,89.26537868016581,36.40155461205981,1967.7606337451555,1968.6405089497828,2067.098305423391,982.5141910286962
36.17163770825772,92.6956641537515,87.01500348629936,41.6701082301917,1999.461305016386,1990.3339503793372,1979.1001618641378,1981.866294685809
88.77023169106877,88.22616799288329,87.96117621290117,84.11945564307402,2020.1152002032131,2003.7661566269126,2008.2789489382612,2001.841701746504
81.3509306753096,95.62776080835033,93.53097490877221,85.05101302122902,1999.966278911497,1994.2447602118846,1973.8547246105738,1989.8398911555375
89.35078715436087,45.11263732311612,83.0565537410468,85.66321730926991,2013.2341122064395,993.6080070899261,2024.6207397059045,2000.8968072883365
81.17983641632897,84.52215504567621,93.35383826493508,39.97012641030355,1984.8110544592503,2009.6830394721442,1974.082670980189,2059.5166685295876
89.58373629380046,40.333883102622565,89.89109740038855,36.848777815357806,987.9201559036094,2028.6079353344303,1015.2908004704009,1973.236533423845
81.72831316810903,89.18298873557632,41.5768650318987,84.03007202911277,1993.0286582045146,2026.1020631887131,1957.509839248867,1983.1320607251569
36.49052099179884,90.43114717856217,93.76095274600452,39.722186693093875,993.5235009170744,1979.695916120761,1996.8626529693772,1919.9462952310973
38.968131116964486,98.51010755490734,89.8011596663035,89.98062130986109,2000.5400846137109,990.2324569760101,1966.3165897185625,1973.7682335618863
89.27823616424232,84.7900073003832,35.927921149182204,93.63526063111503,1977.3587542062392,995.6307059784294,1010.8801460679275,1002.7031393500392
87.60100583707082,88.21931293149481,82.82709715470594,99.24227998950539,1974.6409955074741,1009.0402607578867,1996.166336533715,1997.3086174777595
97.9430422276719,91.4222835951388,39.94855674391544,82.89496081671878,1979.0144617009569,1985.7670682933622,2000.665734667513,987.5294249390854
96.51420394116843,40.742428705962574,39.745917542803625,86.98529347577653,1953.4650893576413,983.5917825406652,2001.887997063564,1998.996843935506
99.3104573497149,42.26080077833613,40.37955287222338,93.48915754163662,1025.5493647820667,2008.1225155320185,2015.8095913697055,1998.2614940552348
101.45957164581148,80.47209773079481,88.43219140990816,83.7607954960265,1988.3095951388198,993.7585953613832,1946.0265436909135,1017.6899403179739
84.82002643373374,83.39974488953318,76.52077057169143,46.47792672853784,1034.7196837499491,1993.145858608648,951.5491448413245,1983.8802313798833
41.974554626844665,89.16808328720711,90.74443745653268,86.07741322431103,2050.468169236906,2025.3882659352648,1982.8932394665271,972.7166627346118
95.2033889942482,40.11875780653978,87.49536510539959,85.18733501846349,1969.0046590610186,1010.1931589936439,1979.4888978310796,965.5703362841842
39.75826640576951,78.69147695556339,93.15460523057274,90.94023243523095,2042.708124070392,2063.0327373062037,2044.820513011626,2004.0754608171972
89.82597093825403,83.85761073744088,43.249240355163266,45.04266896321526,1012.5315445487056,1989.4017023143952,1998.4657428771566,973.6725800425183
95.87736158744967,38.27857164250963,82.51207878469519,85.06470300455395,1976.4725029537785,1937.6805058990128,2005.1903059655147,971.9585536762236
96.40583283270794,92.18600745835482,91.77509505791821,83.29955869328391,986.7551972629653,1984.8745429552678,2002.7619548579491,2048.2557535191195
91.70916183695711,90.6154609721119,86.68801490051843,36.75882144427288,1995.4551001298908,2001.6205199117383,996.2728026218953,1997.6641201171246
39.55593451496786,40.28649655400854,41.97065800057803,37.961810783412695,1026.4989045537652,1012.7431111876863,2000.130689779409,2017.0170897778612
36.81949546138634,90.69922694022563,42.75646087268347,87.75642958746931,2006.7689220068069,2003.3704313650017,1991.3644404662193,979.1766791187065
98.08322941253307,93.62310108366108,88.44914861190868,85.81367218165566,1985.8733173829573,2005.5411084528178,1934.1647657441922,2006.9173139657255
85.66317195488955,90.35155838934769,34.3966692521166,44.727524939580064,1994.1181415050082,967.3417406673493,1973.9013382858311,2062.725414181155
93.7448934425887,88.00877925774036,89.57850230798078,89.69416176068381,999.9114528245905,2048.7544044844853,1015.0432336807482,1987.2721394946095
85.06713794733486,90.73256295536405,43.8558056061927,40.71548456436953,1980.1833760688683,1944.1060036595575,1984.5045830160159,997.177510986334
89.05235059303722,91.79049357666935,85.30874252119408,91.13452742357397,985.1544524215183,2016.0238863819961,2024.4776615149453,1950.9174451302626
50.35046188818703,40.69871628103868,50.615383538839005,96.32958655761573,991.5680158406783,1993.5783621313035,1989.2859836900584,1994.370908382114
47.70904839981144,88.58057657400066,101.08126369381971,83.01690361459796,1971.7033158089316,2032.9772756619614,2026.0137786269015,1999.5783567966998
44.21446902836814,89.84257462818829,94.13378605516867,90.19295740920228,1982.7161769904735,2043.3188275304392,2016.7240124066748,2010.891523560523
94.74717458764098,95.96191961098202,94.32841249778028,90.24182325287842,1969.1190375527638,942.9597093929542,1028.6412148464012,1012.9979486114338
81.47595420341294,87.71128159108585,82.21229251428558,96.86335118875296,2022.3605018109836,1972.4251734172626,2008.6168797749467,1986.6511803860649
94.71895520482538,40.05911606317848,84.78405915456935,50.15716977301082,1958.243507469759,1992.9468814192305,2001.3693788016676,2009.8496329290258
89.22016484257051,92.11130968064836,95.53378548741586,93.11640968750712,946.9127108850003,1987.2745537272447,2003.5030568717295,2026.6864809208478
54.87450492823039,93.385654364075,49.723279650763345,90.68357309994096,941.0550795343852,1976.6693474026079,1985.4714625091967,1003.6255066904329
53.12949239284848,95.41951264049885,90.59923279601097,80.34423704743674,1980.7336996470187,1044.4012847041492,1014.6923365852103,1999.8878867274177
92.75594976887194,82.16912545707895,39.358966268481275,47.32536428158439,2000.5165196372618,1065.0272613159345,2069.6748449850743,1060.9362252998044
87.659499226573,46.79609286938137,39.607301404635024,100.11966520479223,988.4806124189972,1032.12516808001,1006.3944669351852,1006.896095246401
90.78875706871685,95.92558024497541,93.33151009097747,40.21948900256955,1988.3437022446603,2011.207409113537,982.6634410646925,1983.2877911931255
100.58327660740387,98.56287343965252,98.26539011374211,97.17484807981141,1950.9074268181803,1027.5843857335994,2006.7718246392722,1946.4129391583124
94.71444431319935,91.47338147185258,96.77879400393309,93.77819502120082,1958.7691884959956,995.7263488192827,2036.8331344224166,2042.6667633185857
82.88860931459209,39.04239732240976,89.55803185027484,41.11459267727525,2032.0539704844746,1999.2921309534215,1018.0202870548603,1973.338126270482
88.5973697447892,92.27083790270817,83.5227063400352,43.88478553516815,1980.9957920377933,2010.5098976989798,1040.7605948666924,1044.5052748739868
91.93010815289736,51.25430668476274,42.399281495249795,47.29195654969992,2011.6528365700738,1023.9777958641146,2027.131231151033,2043.5757640593717
95.4990181091291,93.61360179317043,45.04083825006795,87.04702775818106,1007.4707514793934,1967.9728701608678,1963.5256891845252,2056.701201336722
45.635336464283554,43.38796584335558,94.5541258803535,92.91060933385437,951.316306984942,981.9899579565877,992.6827978088886,1007.9430340429631
86.11346393432547,88.77480249635997,90.77546825206825,93.23767745226917,960.3974842559777,2030.958622046226,1012.232481633758,1037.636750673832
44.93583212416324,90.26058640797744,94.75320648797948,92.75122212001958,2023.4805405651462,940.1117640955175,2047.4519553047016,2038.2369110690881
54.09813928457943,88.95887541327397,93.22643293516639,85.59891047852531,1986.9480388967088,2003.1019131743572,1954.836521492633,972.8282602682864
95.7900097527455,90.21084101834782,87.99120706597645,95.07969776779501,1924.4948972510706,2030.646763030183,1011.5567382203208,948.6415537704788
46.45782415478896,93.78754662054381,96.18576081167,85.80923921372263,2007.168002364316,2026.1095348400122,1012.9162366325918,1980.0632207093272
97.14913140406124,33.30942050966057,100.98110851811633,48.262760683668496,1059.0150031458884,1015.4011465779951,1999.2657772311622,2027.2475226252736
92.88660224300835,46.987944208937705,37.101268422483045,82.25676053802785,1992.67957968849,2009.4181238062229,2045.391420040162,1979.305192254856
52.7627106858658,88.38234696449081,97.61753026034985,90.10667488652955,1979.5618142110086,2057.2776452963326,2042.3777925780182,2011.9480813885152
84.15547168213267,47.92295067752195,87.20314414779648,93.18961591531135,960.7482991018462,2004.808213510342,2015.1778105803437,2049.51184421326
91.61651653882696,81.09652256864932,89.70750080525802,97.4017786958661,2039.6687524063166,2043.175489358718,2006.9915106212604,1969.5822721863342
50.9042364507809,91.91438053242611,94.05551832854222,45.19539758627754,1021.6073148988817,969.9509435489448,1978.8513027349336,1032.584132373019
94.58058120161179,94.43136469478085,93.19404227050418,92.52859788282211,1966.9835502707635,1968.1995922466042,1940.1529276143494,1987.8571564269819
97.89992928672548,91.13357366071807,89.69434371259342,43.16760594168076,2045.0456410468328,1978.2983845575252,1963.5572535954689,2044.8812484620112
88.75527751951083,94.43669717397583,55.35715622942708,76.654172462129,2001.4056828936841,1963.3292713458359,991.3558893256011,2032.447364787349
45.24117123458619,91.72347493440674,81.75075417947446,94.47885585640826,2053.550311283851,951.6771535576823,1991.5686486028158,2031.0818042913363
86.54950922905762,97.3513350571236,50.25753726920603,96.86833812777957,995.0065904713118,2013.5569291148006,1998.2353452391953,971.2569452499706
90.41629106275957,96.07487036756623,95.95408883020589,92.19375813722961,1996.1939877991977,1963.9642592952468,1017.568946002722,1955.6962105360885
89.02678320208001,88.44314847339412,86.90288245193419,94.47842010591924,1990.2942386227353,969.9348068310101,1057.8873695777324,1048.281579981057
51.379307332538275,95.19857601163481,51.657961366561075,95.74334342405196,2068.954658834148,2057.436414199663,1042.4998817778023,1976.3367383670227
48.96019534568626,82.07214416713137,88.1751598162269,87.23930188796567,2075.4913008920375,1980.3401171474018,997.6744735515906,1988.7978533900396
48.91128299837345,87.52393479701884,86.28672326664244,48.330971276453084,1985.9672277777324,2011.7469038393222,1976.1673734279393,992.145048889289
49.43709858321677,46.19436813260677,85.4644200572133,86.41915662168797,2004.5318875207552,2051.6719603304905,2038.0620789018592,1042.973130094759
84.57529715324517,97.76460539968464,95.69010531796994,92.39742337280136,1933.0871097198487,1993.125593434084,998.2495017946959,1026.9953960621824
54.03844420307799,89.1604824543699,79.33857152680156,88.71646210940241,1039.4616168421949,964.5228543369218,995.3145341114564,1968.5509237696895
82.45842621963301,89.10918250713499,52.02099852188996,85.62910482243952,1981.0462872575583,989.3762221248021,2040.4216528623856,1996.9141631967964
81.56103973524117,93.94179670809469,92.8631634410449,44.21117425691352,1981.8337645239076,1992.0586420128016,2008.1357560460797,1999.0249218065414
88.41217557419439,95.3425002393104,40.72364897048166,86.75641181832256,992.4045024644688,1963.0990786593604,2030.3364774580655,1970.366263132576
90.36892401984376,47.51114501920924,94.80586727815954,50.32436655366605,982.5989147829454,1985.2140193040798,1026.3183721365795,1977.5737860926902
86.70064352323817,86.71606796215126,47.25067983793086,88.4909515217935,983.2749600999099,851.7506612391343,1994.9487584256794,1005.2621408676794
46.42015556673188,87.58462550014352,44.482032356776415,87.54026466915711,2003.2347718307785,1995.7033264098295,2010.9888158210817,2002.8940903998198
89.58629432303553,54.013331721057554,43.11368160786428,84.48563479962374,916.4668282117148,1035.7229729840772,2001.532495678621,2015.7711140471984
87.32135609438375,44.769710291932974,44.43724695153526,51.21930498874602,960.3643211441167,1027.7264860556297,1965.3021819250062,2005.020804260258
50.983900285211774,46.99582450244195,37.87488350783056,85.77096965156586,991.5378455183941,2011.4227544201228,1965.472732884632,977.5531675046757
49.61536237559618,95.5867832209956,83.84398709776735,41.97052650825144,965.2907806710158,2007.4861835262318,2038.2229239566836,1043.5319877741624
103.69103684415055,90.43389913977632,86.69137859241548,90.6041251950378,2020.479164789064,1950.2888844532577,2019.1808407444537,1016.7055422153367
48.40881221961532,84.84325716930995,98.4659413228249,96.1429798193368,1971.379249729397,974.8036876475444,2005.847254652523,2008.6832045048175
86.1448638403578,47.706438281300954,86.63114166403349,88.82374572036942,1004.4064905155856,2004.1336748482204,997.2771533056583,2013.0365602261188
45.70624289033849,90.55139720542685,86.66455330247942,89.55376497311158,1021.7009999470563,1958.0606901761512,991.0286215361457,2000.8790587138578
90.06103363568491,47.55250559606914,94.82611369051644,88.95614570206345,2053.1572654292304,914.8579380323308,1001.1247629582856,2032.882915461053
83.5338732014864,99.34280939746893,46.04455528353046,86.62294258899644,2004.3793535469008,986.5414123027517,2028.8530861049323,1990.4709863324113
91.33267771969534,97.20484714464065,85.71482270832314,87.84576957259114,1980.079857930814,2033.2363463705967,2072.6578640553985,2019.5058357868068
93.49401521411636,47.76396427840156,96.07163736144246,44.09874242095433,1041.912022081168,951.3261404442464,2012.0696534558426,2030.9953355316923
92.32382719636948,46.116655833938296,47.05911742079088,89.06452617468695,1054.9662723329784,951.229389971908,1027.3917976954885,2012.8168699347104
88.84015111223026,87.24887561722501,84.62223639348585,89.71973908376556,1033.4478998465563,982.8357804351475,2054.505968254177,2024.1603210906972
89.3422649981544,87.24838247974833,86.54547637468795,93.75627320648672,1981.6544469577561,1962.465980297622,2045.7015276893878,1984.813769843721
50.867668528273555,90.0361719598701,58.57849734807233,87.04178358241792,995.8723370289314,1086.0960295866514,2013.6779290347938,977.0873350214209
89.07103450079944,82.78781117256203,88.48359056848815,89.93752042116165,1984.1483573704313,1005.9755117932233,2028.5219572524686,1983.291804701771
86.73861875106354,46.54710839053291,43.031786992638544,98.20099942605891,2032.1844116284692,944.365262428546,1042.7254916249062,1010.4638393514786
92.16047125651158,89.82978400667166,49.03672420712826,88.36315638387921,2031.952627085227,2020.249551571014,1028.4681011848907,982.7188141556651
83.319461114714,39.373299994026475,44.54556280979172,88.87724762567078,1970.4668592250057,2041.7868447174878,1961.496663599566,2002.1094279451345
83.7681906525904,92.37663882733386,89.7036911312313,44.388097270377955,2037.207464243301,1978.9885711908373,2060.368043854415,1988.2604160896299
43.56421918968769,83.52210534726056,97.86110272327927,91.98517349001185,2004.4546884454728,1970.449823749469,1010.2823718909217,995.8088499415609
94.74875558305823,41.90065986723053,81.25158760563562,49.06097683750673,1988.6218571107547,1016.4536852850852,1001.422345227078,2054.9864999862643
94.57925429869135,41.47814245645048,92.9456991299793,89.88536194843839,1952.5748688789504,1958.0125444578741,1068.3219274527378,1019.945482318732
91.82871163614607,95.39034271738507,94.04988619295402,35.94913534425153,1989.932741288536,2002.098898352923,1997.359931398182,1063.803262587187
85.59916063005413,42.01355728443189,92.23924150489884,90.46594306112917,1049.799358372802,2022.2982292719619,987.0080457780775,2016.3147118700451
82.89887368743855,87.92707110203823,86.07964111437737,45.82446374612708,1090.3225461155812,1002.5015679487751,1002.5461304106765,1940.9214003265158
91.14367272006756,95.82294116778968,47.57846906402024,96.11319880726022,981.2739048616978,2036.4047196123095,1979.430290360455,2014.217928197029
89.66667722547646,41.18580366466006,83.21314218946978,43.48584865147414,2023.3795034086093,2024.280462241339,2013.8860158649923,1979.3400154911053
91.79831992963307,41.771646176827616,88.35833597951817,94.67363163079682,2012.9745552023378,1030.931877298839,1983.6126865945735,2020.5088341223397
91.6292850478984,42.62772440569873,55.51059631992611,52.323584117004856,1017.0866717851914,1021.8657187987235,2026.3055185563178,901.1603649668873
87.64874240485986,92.82989633481816,48.18973707468358,84.80130392552022,2011.309250681656,998.9178920310856,2023.4304766741889,2003.9913022186415
51.55690756374966,43.79496410793635,90.65499861442409,50.02960198471274,1002.9620728365912,2022.5001039249203,1017.7035333285587,1016.4641993165217
90.63133518862101,88.48917258068371,90.49784969528591,81.3370299037838,996.559653088443,2018.1650223704444,2027.423051870255,2054.2329691258665
102.63321135076828,86.76501840865626,85.27399009064494,88.55192564657489,1976.522756205064,1943.6680109761357,2004.1093457954169,1953.0080145831191
85.54009793184947,42.412320507191396,94.97197521806041,41.416304425330054,2012.9770859527441,1992.0616441800312,2011.7402085459466,2068.4467884824903
83.46351849918669,96.42025981288734,46.22958869104703,42.29717896323717,1959.5715723941596,2021.5535905862746,996.677333370412,982.0350854368437
92.17067380547388,46.306147776278564,91.09730830823254,95.65589210404679,1963.3537454361979,2020.626641701195,1006.888044009474,2001.4226734469455
92.5898570213436,98.25767424365893,47.60870897277632,88.62029639349912,969.224008157825,1048.799092564015,1978.2519356818677,1994.6386592342199
95.92120229029224,88.42985222338706,41.15678530744025,57.23088928519006,926.83203942448,2020.0149499465774,2046.9554414974418,1975.5681012222944
92.70881143878402,89.6170050367246,99.69629662507215,51.61731156713917,1997.6723951589897,2054.6542358031284,1947.458166895317,1959.7750812889853
46.20133042368947,49.55470293051734,41.355133530860535,83.66178867845093,1983.579436343628,2053.580608058646,1012.8157316332131,1003.7826016313925
95.04449473209647,83.8437738765412,44.95255472714369,92.1315769782256,2004.8279253614785,984.1243362721057,1021.0934076868444,2041.4472612401412
95.58795030672354,45.66825306143709,51.79084195319347,39.67533161938083,971.1273736308094,2006.1970019609453,2005.3784297140753,965.1729430735656
85.26387794600811,44.05519166224995,96.73929494440819,46.80199749384896,955.5069021462544,970.9275087593714,2072.2065832249073,1964.1337275751725
90.2219269801994,84.95047071158976,86.61371425742075,92.01280325863905,1017.7062546275312,1004.1053946773385,1985.8764347873152,1961.820347830992
76.00272533192265,80.20086962137061,82.3218493863634,92.36527231030395,1996.1460996951243,2038.5362391132526,952.6197850888573,1013.2605804567837
84.58261739442997,88.48769633303523,45.512898414229184,49.459585205825576,1007.703077649664,1992.2522051836447,1006.498233069034,989.9109931818084
86.14466125540169,92.76605931778559,89.39783377437152,89.43362811595354,1949.241836193798,1050.9065474526042,1047.749366191225,976.5529642418252
46.576227667893306,40.861192716850255,83.02188805620585,90.67900900003507,2051.3298731489213,2000.8507265416974,2018.592391338886,1951.9184649869574
46.80035695035059,87.53020007365798,49.67738769206135,94.67105047084145,1982.655384447649,989.6170967403236,1951.588472833914,1978.9253025568037
98.25874230113874,88.35334555452886,90.12208665033849,79.06141851993644,1972.0083958802857,968.0835594839907,1027.73013702847,1984.2242726912145
90.80272966043057,87.20710233854227,80.56195448068081,42.991567132939764,961.8033443121844,1952.0568539869287,1006.8926474486279,1962.0607067047158
91.83735207614056,88.86701693358842,92.10308742745852,95.5767644252201,1965.0737816068654,942.6915140382298,1978.6664667707219,1012.8467447771574
89.92420605436809,90.81638593802016,46.97553534510496,89.32180026618201,1998.5797984530136,1964.5971447699299,2002.6377819833142,1994.5187195533415
50.204632679539394,88.45656392730152,86.83469623515495,90.72383144982759,1989.3410628717086,1964.8818051002168,960.0928288024431,1926.698448326491
47.14774967538969,94.31056911649243,88.11763007143412,88.50215496781631,1961.948843279205,955.9401828436304,994.9706712530581,2014.7635847431698
93.0041310385008,95.86713006385077,44.066528438680706,85.65599373453938,1959.812729152924,953.4007548113016,991.965307478783,1979.5931358981534
42.75476269890302,81.8155023207448,94.14282432813924,85.3246008793327,1945.9940112669146,2001.5887903556961,1020.9883324010697,2001.8515414872793
47.899250467436815,46.92961784782066,85.00669858018587,96.85675893140106,2005.0342459011504,1961.0349795794225,1035.78855747068,1007.4983803180384
84.72095135600692,39.389201063735676,87.88649057290326,90.41486775506411,1030.6907464696965,1979.059436151389,2002.4364279841936,1954.044936786242
80.50238551577928,42.90571859110423,93.52647292786389,87.29948072486263,1015.279184938341,1021.4061075270758,2012.6950938205546,2009.0019414179121
72.51862328474179,48.548036758622075,87.6156629182776,89.05596983441237,2009.4776826401949,2008.687245510417,2003.3624125221306,1986.7081260026414
85.53702640485551,44.98926351003648,95.89816860579892,38.23017466183451,2008.2813214437274,982.8368883369285,1997.7791511586454,2046.7959913385705
88.32130061278049,84.85393484979309,84.28409743107511,84.88215814768864,2060.4263421208093,2047.5318519347165,1991.656133978611,1012.9232560860705
93.75520136383643,46.16703177419484,46.33903952513207,87.35526577994345,2005.1308509648218,1990.1712441139537,1954.6021969354179,970.6246805487295
89.6153166814978,43.930586094957945,41.407725597056185,87.31773929505059,2015.4516792045456,994.2329909696227,1006.7467830037446,1973.4362991624926
86.5288280998775,36.19224231575279,86.90504228658165,90.95071285164043,981.8879714852688,2029.4054060900294,984.6376243903337,2034.7811891913343
47.13000910890877,92.07650865670892,76.69462215394447,97.05873343760433,1034.244457456689,2039.5208608793582,1010.3251519965888,1983.7601547722936
83.49068619345108,101.629587505159,94.76258294650802,44.823908015483795,1022.937230390396,2018.2628579061281,2016.3336382717232,1989.2454799128075
86.02664945034071,90.0251319179886,92.2972813074746,47.482776350949436,1005.6749155454625,2019.68306603053,1979.3562735433854,1986.8360172678201
93.07693150775809,91.74737633978872,45.365680234880145,48.043781029691274,2058.7961261665873,1966.264296124401,1040.0933280630147,1035.4281489491964
99.39539847185446,42.67376770289456,91.52564846096612,86.37300847770257,2001.4069634801817,2007.814488499893,980.3260586476381,2007.9998608761573
90.92743844502061,42.74959156875995,89.53872926023934,98.06949289926996,2046.8876552701959,1979.0062043847015,1006.1954397809545,2008.8805413729717
90.00401439058264,43.09537238472509,37.620379326690085,91.22262665316869,1993.2109453630303,2045.677364966165,2005.0765840072766,1969.04579548302
43.955057118330714,86.35504200843066,39.20342089798902,94.8786606887332,2029.5725981075418,1987.1755782410282,1995.6942423201262,2030.779513174501
92.25092250903727,96.1982322036909,88.0143554888697,42.26319476660365,2025.629824791465,1971.0653458675927,1006.4127625421968,2000.8835680465452
91.36432481705324,82.84474088180306,92.17824649471683,89.65719141550338,2021.2614370914825,1937.8755154988985,2020.3478684379309,2020.7259471227358
50.35882122656775,87.89654876031763,38.09630214196517,47.43497149456072,2027.0326510921968,2020.1255259481343,1988.6674237358654,1997.4620899972572
91.35684097701997,88.38096312156487,93.24825138479983,97.86201599073087,2021.5324976359632,1982.085792020362,2065.532025525728,1003.3330761385505
87.250623440628,38.396371108092396,91.67717695125395,38.07058909281048,1058.1584259885421,1018.8779604044255,2012.8970910774428,979.4518731234211
49.19120458284463,41.65282568304352,83.9819572370656,85.99244593097869,1947.1260233002295,2026.3256878594418,2063.0804087049214,1998.7116636777703
41.74455503007074,90.79565519712546,46.46005411139012,44.32891713469448,2023.6632428806174,2031.3281463025085,974.0550099261143,1039.7580524949458
86.28395061057824,43.8716279761247,85.25970741574532,90.69791302509104,1995.9692385698138,1986.7818970813332,2008.836304394037,1018.3054894938309
86.549886805163,91.84305440014649,96.28046107012672,92.41903016536459,1968.334688814039,1980.5057886848324,1943.3162768183204,1995.0723818533054
83.6577704736068,29.63133526693018,92.17324988162767,95.09764947076104,1027.1676060328405,1997.5756036032992,2012.0935725107595,2034.6533203868871
86.1554639459386,84.01971906076952,93.99579663121588,46.415999473857106,1956.8388404606028,2014.2223805552494,1971.1544606625005,1991.092574551136
41.16707843665433,41.779039948474974,85.29186670235059,95.32460460701525,1981.9821591033033,2005.2104079514875,2024.2991994921945,2026.7767281250951
83.97593623839754,90.39499514794755,104.32242178360119,87.19437136689966,2026.6551637971793,1026.1001411118891,1066.292635214552,1908.3660795282362
49.26555940789055,93.08578906027593,88.59519065593874,86.48542385805221,962.2748436595701,1998.4643517062755,2005.9896849490412,927.4349349630041
47.262126440813304,96.56800939473743,43.81569661314292,84.18774835018411,1991.621670567749,1061.1775060194755,1956.3751639966865,2041.234173517363
85.08857725748625,96.85238722357683,92.97854341987696,98.23179332364936,966.0613147624197,1992.8236723508319,1940.1460331781645,1986.6425833112505
93.18610212472083,94.72019453780776,91.40456946959019,86.64590622096046,1967.5086759237136,1033.136188595051,1972.5375020153838,1977.1527426698121
93.69526182986367,91.63783867277876,49.1486156953442,42.422607532507755,2007.7739264913068,2015.6042641693778,1000.3332307939249,1000.3404831605062
85.72944049337711,90.62865324961724,90.80985164811774,92.48117411978963,1985.2537551758683,1985.2285282080013,1996.6085036488123,1981.29008016982
96.53227964032183,88.05145940704571,86.25917407375256,41.9279311167503,2069.3870760526543,1979.864111460854,1981.8134925259506,2011.2078885131875
97.13743263444665,42.75804819034744,93.94511938382185,87.43566471262439,1054.5610727380028,966.145791801719,2043.0152448034355,2048.722515672848
92.68110232592566,43.66094995354598,93.35495731002617,40.42011256136159,2028.5343368009285,1995.454118142928,990.1614773737251,2029.9238605683033
93.60191452656551,92.75866354788418,94.46940876179926,51.72957786781668,2050.5063499252988,1926.3664445858772,1994.4546694561125,986.6438499143957
52.1742613449609,92.69806220504313,88.39223053303557,52.2009985710349,2067.8141295979285,1989.784244303781,1031.6224969208868,1990.5625899772103
90.40660952312135,88.00515845587708,42.355337871091834,42.98768435923286,1961.767900717982,1975.9284866431965,1994.0128485129128,2015.2187239727855
88.02544758992327,86.3930390128714,98.59347733318472,92.04965616501946,1997.9421277162648,1982.3355984804446,1969.494027847955,988.9642135189267
50.38075961796508,93.91614957445562,88.96272832712101,55.23879023810689,1970.1259450813454,2035.9901613946715,2026.28181214241,980.5745987343098
50.81694949315863,98.18534666850783,85.09847252959919,90.82850679778394,2004.10067216628,1987.201849238025,1959.7919058823834,1996.0010411422097
95.48591405359947,87.82665967128605,96.09052341809479,87.67293475756695,2043.1986663515195,2018.1171177155616,2013.8652555862366,1973.8771437894818
94.74109722334487,93.43351394353706,90.43784141485429,45.876439915203484,2012.2901621575793,2050.0618592275237,1024.431391612504,988.5621833562232
82.29622042059276,90.9294660425719,50.609947909020704,78.6337115390152,960.6376486910219,2028.5043867670759,996.5519626543581,1964.5228265416154
54.7691072778247,83.5257059855394,94.59476687053888,95.25000526434862,995.3195960054301,1990.950281346393,983.790546485184,956.7403394766172
85.06193510061875,95.08779988130738,89.06670156503395,45.73534550721592,2031.2580666472882,2024.0788676878533,2016.0062304351002,2044.0446771568156
97.5210575269818,45.7108720786704,91.37112351115313,44.37397362273062,1985.8851348229027,977.1897908561779,1038.1447476881804,1968.890480599508
86.79543831813722,94.34321926309096,80.45101355276974,40.13399366510267,990.0578058279525,1980.735644217072,2029.1193688914002,1965.426116299204
45.20498251565931,97.04452228495748,94.12435848627557,41.15689508465705,1005.8239262788034,2006.2252441383669,2000.6463692278357,1068.260963517122
92.82683224604138,41.764477371243906,42.46341716694136,88.92579259085119,1970.4618491909087,968.8157373770309,2030.5214055610486,2051.4734358190385
48.03451771087464,45.214863021379024,92.39422668455433,97.20608886932528,1980.424782499698,2016.5872888207007,1034.323975764363,1028.0133596450653
83.21508639707044,89.75112237140401,88.1322851103252,88.2412441667981,1953.346200354216,2049.5358147376132,1995.054605590126,2036.868110117899
95.57177970648415,44.72611589780957,92.00437911115576,85.02328701655628,1049.6998539556712,1998.6022488110655,2024.431823618812,2040.2567711269883
47.31310283025361,91.01647321971735,50.9819682358607,88.19206877767765,1062.4460439387226,1960.15830100718,2000.8155254271662,1980.858607402835
101.22415162394829,87.45501941987123,84.4707079607039,44.52290559813787,1979.948073672005,1977.3593848280962,1030.341887398605,1017.8275927696635
93.03200516148512,43.88807421170897,93.47737822010008,86.25822993723116,2051.5165477994055,1020.1159405204455,2014.673423703574,2030.4369012006055
45.03717305993822,92.25522868355543,83.61501426924826,88.32950386504811,2029.9653195736373,1996.923387974059,2000.4618678805425,2035.9579865557685
94.33805075444282,92.387910697818,49.87676247422766,46.41331235091544,1012.9217387370873,1965.2782505046725,1038.4044750778194,2031.2073044666995
89.83726082182639,89.36347299012485,99.33952518640935,48.89121586509368,2024.838532008715,1962.6831847182732,2082.35149231325,1957.0444874529726
42.009697492906255,90.23522653679372,39.90283096170624,84.68691998272743,1966.2797174235484,1045.4646391046545,2000.0453853937188,2002.7631598282385
83.50110961838826,93.10905954699167,87.15217940039696,86.04526174441298,2000.4873577362173,1064.7895991221653,1990.8601658072444,1963.83505333447
88.90762983675228,87.66617311482104,90.38634675800388,86.49181479343659,955.8971610226056,2046.0664280124863,2030.6750397164353,949.1034591914406
93.09741084230116,87.55830784530887,88.81231472577831,90.52815767216616,988.1910535196266,1015.6690173746806,1979.1235719584922,958.1666045029583
86.25313928502622,92.81604247571399,42.74082823710121,84.07674148925916,1017.6298852470763,1987.3542065574568,1010.7382456949747,2011.7030984088328
90.27813052267382,93.01406798955725,89.20753482799188,86.45532816052173,1982.2901980873269,934.6961362046511,2009.8343879378228,2001.7951471500173
94.73098670820902,85.11408693393574,97.91559608036187,99.03621487081642,1996.690094975718,973.4137945362737,1952.7120727216895,1003.3861649174455
40.18455059581569,40.285866949328096,92.35594432260999,88.60775425051847,1997.4472525807107,1970.9839972206034,2063.9663262785243,2043.627240365297
99.910303887324,91.9683978875201,92.45164878491838,88.34809426411233,2001.7286143597075,2065.5313526217483,2014.6260700833207,994.4627424101418
47.61105696980039,92.49255302446747,97.71034470790445,94.15291064440531,1003.4824579117728,1959.7701692458547,979.5182498341746,2029.2239117076624
87.82087784512684,95.11252652400798,75.38235491005602,83.87628702282225,1973.712819573024,1981.3547809551212,2034.846891262261,995.1709348206125
96.58759973525223,36.58052370382164,90.98690789249832,44.50248630370875,1979.7022484972806,1001.8126574469004,1018.0295162247587,1985.2027731305648
87.29591826274948,45.44802132308534,91.3276825149371,92.84118255108494,993.7759773297443,1072.1260622034779,1954.3910722795072,1999.7284317222834
90.8999820823612,92.21815129943866,87.67111054265689,94.72148079081022,977.0282030369249,1043.691347711999,1982.2590820686091,995.2303953642609
95.3121211617333,92.05196317378928,43.65484370312119,87.82912384781153,1972.3025911184866,1998.8711383758548,1970.9025967164102,2007.952973479858
46.04128444335132,37.26678043440531,86.59925667934297,86.56203349373203,963.1620908461755,996.6009329701717,1008.1167054346586,2045.1186517049703
97.93461797109394,92.02845534375763,96.03263817412274,87.92500122958944,2042.3036447200757,2030.4816341285066,1003.5069240736548,963.2290113623108
88.26987897448082,89.45898526546846,88.87736955981485,93.53385222040112,2005.3204889693163,1976.5193661132234,1972.2584507695337,1984.6958731543389
46.113688411023986,45.07648611167612,48.55743716135054,92.32360250754485,1995.774475049032,1992.5276235327517,1025.675700239396,1997.9513820715451
46.178602753232084,87.89439514424382,89.76579155148596,89.37336936431386,2011.5010461964243,2054.6415203841375,2010.3618929704814,1021.9025890635853
48.51764984608157,44.621772080077456,93.26028796261,46.08007879814042,1003.0712173045121,1984.1863537517365,2051.5888432451115,985.2846941608923
94.99110537948175,44.211120870606976,86.51296338659999,95.39273565104358,2002.3816621870658,2008.8139235718616,2071.367245506852,2000.5490227326443
90.02810864528604,45.31758419919762,43.30000755171648,83.06983126132776,1967.9062163247622,1968.4815424022038,2095.8532021421547,2000.49907511218
81.72763319016013,88.82856749390785,88.30803869115628,88.08541323920016,1015.6960985999549,1957.5070105794773,2067.1264301426395,1996.5118257624003
82.16296668553098,43.35641739437672,45.19184209266359,86.49646352759575,1982.3193178225588,1948.0143223636858,1915.576383966223,2024.8410800575693
47.37306392466179,83.18612915676916,89.85521525109037,95.55397182563927,1973.8214189803464,2080.426485111646,2006.1152310541,1986.678019908364
85.11480530688675,38.9088727515573,91.82967714854398,46.06104288633248,2026.7060605431593,1012.1006076427697,1955.8123342556507,991.962827206122
95.00617918085425,90.71312220220074,83.09309038971682,94.84928294660297,2001.3406427960092,1038.294195045959,1039.2215149696829,1062.4879773092784
93.41685961080887,47.57197401814146,88.69074644703224,51.38612281401548,1014.3223402893473,2013.4710189192506,2001.0199039882048,991.6694346960346
90.48022170470053,85.08892379441971,51.05418460536502,90.67407374823233,2016.694007061327,1936.2565960804513,2002.5238853630804,985.942902095519
81.70391294236238,90.04162677252282,94.9132557831464,90.08996684827261,2040.8965958566112,2014.2590496358196,1942.9370624785333,1051.8697141435018
94.91522180190672,84.5557141380819,81.05815562275481,48.89346459300225,2027.5863971619563,951.631970041992,1978.77498117847,2032.2425168436148
85.05588464823745,92.47065978348209,101.37234645386059,89.50471787642485,1976.005115534967,1989.362055923768,2024.5988846553737,2002.6581435545543
43.84336471066487,88.68171159019262,46.77940669542872,83.89009967200808,2038.00482952476,2017.0449009342778,2022.7022117721817,1952.9245719944247
102.87652616761991,94.46131142814835,42.40133301867151,86.46259143312348,1944.6454492277592,2008.6312492614654,2021.0407349685343,1014.4731624688322
51.56823629311418,40.46838657138096,41.24310836450246,92.61220293884698,2028.3690212399615,973.1786207537077,1035.2874417090388,2002.9498939596892
91.82867552474008,87.05457968208103,83.90292859585864,50.15532153262348,1988.3240835872991,1989.5991662721135,1996.254952321482,1960.7616989275361
102.39231698089355,47.02117850285169,94.21555953121764,98.07669336839824,2037.423096845352,1998.3752484211811,1955.3215884637302,2028.4133739287283
98.9673349189499,90.80120572692904,97.82911824085913,48.235100796312736,2039.212254336874,1009.9224630809733,2019.8496888718605,1979.701602186194
47.83784861587958,43.55804348610402,44.08374227828385,50.83256412597308,2035.5046691781613,1041.855923760092,2023.1401268916518,2018.1295154136726
95.30953566243075,41.04250389067727,85.8975804720436,91.51952217631002,1921.3979640696596,1055.3797879615172,1982.7364860271175,1977.723269272888
87.29875595985897,81.93644830752292,88.5750817863208,47.067286602324806,987.8350937739581,1042.3915629969672,1952.6178103232253,2030.8865091223208
88.35696369971144,48.04074404089275,92.14816778381012,44.1534487570156,1990.0862335254672,2008.4174121773153,2034.7238512711165,2007.8991956825078
48.908934917594905,94.72781859932577,90.06532791636835,44.962188128472135,2063.3038170091304,1954.0450322990116,2017.267970212717,1974.5823685017017
48.1085102448214,41.457502834449116,82.46593567247346,46.50969789223167,2009.824111756109,975.5686160230198,2019.1520172503563,2031.8162102293722
88.02148087024129,37.38089654123594,96.99037496909197,44.61798180663859,968.508187732735,974.6131354232724,952.8785059208328,1979.4756607619147
83.35803980243618,36.259950535630296,38.719641698814186,81.51037631756171,1988.429480078965,1980.480130438304,916.1608326563384,2021.3677463175322
89.74034436249903,83.353318086447,96.54337629360225,43.18513782527748,986.0435450904588,920.5730708304998,1987.1313684972442,982.7328396317673
38.865176530733514,88.93519215971335,45.0230784922244,48.27192050283673,1996.2619076384137,1989.943560485585,1976.093486977505,1959.4442107524003
38.223319403578785,88.34447820271635,89.15306954986089,47.16970957055965,2012.2791822977156,1019.153660563736,2007.7102398029583,1000.7138239371914
49.025855252336854,92.21532197834492,41.51544927547795,87.49393708383255,980.2442517059635,1043.3326490825616,1956.5287098529031,2039.8683085827176
87.1660514159618,93.42917969595119,44.34001040705942,89.64913276962584,972.0901355064514,2004.954142920296,1978.1590101493907,2009.568165404081
93.16985226249366,41.60610558466607,49.67870252779639,94.89899079220028,1980.181272744425,1993.4083778867878,981.8354357974897,2007.3460440431436
95.50563324484673,42.49605896852677,52.31097595381486,94.86624111201323,2003.68575662421,2007.9466053144793,2053.955305653045,2030.598998912749
92.1856997938168,78.89188780207024,82.60998999455852,87.96935160703379,948.7970564627993,1999.4627642480455,1949.037556981133,2049.8392627495027
97.85541990608637,102.31932111444658,98.43705619295562,90.31075490781902,1969.3129416225013,1964.8329087740256,1991.4632504223775,976.726055761555
95.81611990706496,98.1937982600324,88.29982718667507,47.22183134931354,910.6878471484254,925.5658568487645,1991.3380698963724,2027.2810687724477
43.418017675029446,96.44027689799881,90.59856857401614,84.97861484498172,1944.0561584000654,2074.841927566383,1022.6394596171101,1020.4436753561237
46.07442803560138,46.307176275634234,84.8447217978794,96.64530692285025,955.8128914961014,1955.3604363084191,2042.2623298676015,1039.2940117604203
51.78016953594886,52.91334620569693,45.81964952863062,91.19814662381856,1974.2796029399417,2011.1187144736796,1994.6702591087176,2028.6791686395425
86.6237399195974,93.05122679369697,40.55438730063179,46.44604125451011,2001.6502220663426,2000.440122283824,2037.9119909719304,1998.1143457821074
76.45963660126769,40.90814101820216,83.21378348637472,83.64774447328087,940.6066529644368,2040.0791261676254,2008.1312054798343,1980.5128884472626
78.49777665822052,41.71654647942866,89.0833734933748,88.08473155746414,2010.246333642073,2022.9779201394176,1994.6111353684753,2049.671331297161
46.90679433813837,95.75355665424672,83.7808529206437,43.77008490982919,983.0971186886793,2019.4875515515541,1031.4698999774582,1989.2140886893058
87.01189167725302,94.27631799059772,94.82623200846959,82.13232094912064,975.4575027885026,1037.5702394424927,2056.271549050592,949.4723209740675
45.35595253064009,94.70095707498396,84.89248170441138,85.1610482088142,2013.8475042552834,1989.287193901848,2003.34261801055,1989.6259488276949
93.39010551316144,88.55023702089336,85.11997506322126,90.71990476352723,2032.3705760559371,2038.211592919631,1012.1714867232268,2017.0807139105214
87.40607695975865,92.69200260955994,94.23783774115455,89.0349892850473,2024.3257025015112,2004.8491953814466,2029.481717136434,953.9633541290859
95.47860519100031,96.49140642180312,92.50494752289778,87.18481206246535,2010.9489752021286,964.0623425607901,2035.414486062531,2028.0551456000896
95.59244172595548,81.25295159244644,81.56784757687123,97.43890332225897,2029.8340867380334,937.583092231632,1017.8329427307957,1990.7784749798636
46.964883975050256,83.83275238743131,90.14915874719009,88.47917982446566,2051.706394653151,1994.5539005383202,1071.8258053487416,1043.3184748820618
38.98354727666259,92.90560005282737,90.98151019919001,50.69319247172129,1983.8888632819392,1993.0551546454997,1096.1440202753972,994.0833468018179
88.48645492312235,90.58625401483559,93.82160808611675,48.98109167535215,922.4366582330874,2027.372882022884,1060.18379630473,956.4395236279909
91.32051402061343,89.9040207019966,50.77922652061359,84.39288006448466,1994.9762090106162,2045.0041310904182,2014.4982932622172,1962.376504820625
44.511139439863825,93.04677240307589,93.63823406350694,92.64169797422245,1979.505744301062,2013.5736980845095,1989.7092179518513,1989.0604920535168
47.09763595929098,38.81893532140315,45.40562039746865,51.281392731481255,1934.1619429783852,1992.1663588102504,1977.304044278808,1983.1468265412211
51.59520541224018,86.25314536833041,85.7137951455937,48.09055736242964,1017.1549643399674,1084.1586032610865,1957.9074733354469,994.6260708605614
86.12932713713367,90.54017338158947,82.73154877095543,86.67457294354318,2006.8684770212087,997.8442353855949,2053.1084642493006,1959.3784329594196
52.74399709756226,101.12672609277841,47.47894610390368,90.70667112877109,956.6754307661179,2003.7968674054594,996.0171680113559,2036.412959384673
46.06661670132108,92.48626618921716,97.92649339145852,41.91525259124147,1990.1558545281018,2012.249845696351,2002.3117887479225,1938.1096773916624
47.41393294703347,87.46914393402801,40.135663129212865,90.54898252648498,1997.4377944989492,1985.9529119263661,1981.2453154756051,2017.7256842239008
96.38893199054479,92.59414627138229,83.92866253902777,88.83030583470294,2016.9457990923513,1004.5424986213147,2003.1978457875662,1008.6676692431264
52.586545883690675,92.08926707920983,92.73563017346333,88.72623298153074,2026.0646705191627,2082.64273468389,1051.9286996399978,990.4108979998598
92.39955270152844,83.44029447560527,40.001153956993676,82.17841039979302,1978.9746272908342,2003.3549640569693,2004.6910742794341,1018.1631055815665
49.96158669729941,78.59362689314175,90.164799894015,84.97023667299263,2008.4784318986854,2002.4744120412681,1027.5745836747187,1016.7010471268527
93.88413106534482,88.6524396985048,99.94959144818924,51.11867393485129,996.8282010715716,973.7636393624509,2014.914973458042,1017.6639024197483
83.87560375726797,86.64907842762057,90.5353079580881,88.33368232042639,1979.194118170284,1977.6532663747362,1989.8970512552864,2010.510550290193
53.044342721288345,93.24304248286988,47.56367913164575,103.02848006865977,1938.9677412109793,1955.5164555064146,1994.1148917687476,1961.980034901104
84.5884901115167,96.32386104175852,88.60294352378256,41.323347254816895,1037.9868241087488,950.4547274409351,1963.678603409112,1961.2292571607627
88.47261258680578,46.270721704441144,90.26464335934135,80.39763674257972,1971.8308491156251,2004.3403238014082,1024.0124493306512,1993.3268784020731
96.97293732561428,86.62602720575798,91.89454060172898,92.85274842128338,1998.3117809216496,1995.274382381565,2039.1847868531133,1988.802032886504
93.48237284276206,86.75311706430614,85.22232535493137,86.86272751437193,1017.1667361052732,1971.7643901009772,2027.7992558300239,2090.050254273305
85.2031326481897,92.49218299125823,43.70509035033244,94.98833199096244,2027.5663388783482,1997.9299608275073,1967.7639845604238,1997.7070018238423
47.99877430100554,86.44608977022605,90.35207107874557,88.90200412210956,1982.7638636015115,926.1215676844906,2022.9996506726973,2031.5495822364371
90.33377352142193,97.79894304601054,44.04263495493995,91.59262868528984,2025.8812121353435,2020.8363220739107,1021.750247042014,1960.0417489458448
84.86423494709058,89.26595693313361,46.14305483148701,87.00386473361124,2034.7086611365635,2009.0257870236157,2045.7757556227002,2014.6091297446344
48.21246221695864,43.79291142593621,42.72893651504156,83.70574461957429,1994.1964711151227,2008.416944044203,1973.4940970169075,2003.8527132961826
89.32069901935269,88.20503884785713,96.74235720796197,81.18847338841094,1060.5770360120327,2004.8444665627198,2024.936662581125,2030.0848665883118
47.72064813046559,47.36873088603764,91.61233393335387,88.37931848969747,1066.5242444267387,1998.4833066635006,2019.3697505985747,2021.507839992947
44.22405913598219,83.07561932255605,84.20350658450701,86.95856610236592,1961.2741349885448,1987.7802898803493,1996.4653213989625,2011.5546181505272
96.35288784270139,44.9046992063781,44.915650248559636,44.02585104805272,1980.362780296409,1981.2049458454253,1991.5508767758672,2012.3126430523255
45.79970761746317,85.74022097964296,95.25563394200587,93.26249435673843,2027.8378734146895,2043.4446151561485,2021.3007394923036,1997.0416054665045
87.33415884573773,43.269725925546,95.93745665434106,91.9185910967445,2008.0623284202932,2005.615455966861,1983.637488866226,2007.647107581459
49.555331662951815,46.49327060727458,92.21395749353249,91.83739171710107,1974.1392288676604,1039.668982116045,2018.00970823578,1964.3126187153534
91.27948339665849,86.61334159665964,45.72852502042738,46.35326961952478,938.9686704851106,2001.1184536175303,2002.513671540533,1973.1576128237743
91.13289763245766,45.51939460277535,91.50234482309807,98.87432797522676,1993.0153207550711,1919.6767668565112,1999.0527287978907,2008.8958368743288
83.6277193703305,92.2822152387077,93.20226324256598,93.2887154255962,1966.47562879702,1989.94829042469,2000.7310369703732,1010.8315222005317
91.66261871710064,88.36756517291609,37.6248259453083,39.54499558299124,1979.6873753973052,1964.4228141084538,2031.2056339861035,2003.0151979132452
43.80511828419034,88.69753023013726,85.1248177733918,94.91990929166296,964.7190227371301,2022.6211717029455,1964.3498913880053,969.5931979963656
88.43653975197212,94.57459150751453,91.4000017446029,86.12904957336347,959.2549621321714,1992.5457346324347,1983.3887791470559,982.7064462842094
50.71197790310064,38.99058137996686,41.41753119289535,52.1259751324282,1982.9166165264612,2033.5821311526367,2021.5716686871474,1964.8218761362791
89.72241391471557,91.96372841834722,90.59840329143259,81.5802448507224,1985.250852714807,2016.2164691483288,1997.3075315706517,2061.6012333775093
92.5316179265759,81.99881204136199,49.54838257319116,94.01123874188818,1953.436424493285,990.579381423121,1042.2903438078981,2013.8650488315297
86.8144886546351,95.38725018167052,94.48603132706597,96.1355456920926,1022.3574845547193,915.1497498801025,2036.0040032134727,967.192376743094
94.00484964021153,96.87357443444648,84.9800340970306,93.72857765237967,981.0524576271723,1972.7519573215707,1026.2847133727512,999.1922483025469
45.13089275090887,95.82095839267063,91.422646981079,81.98976961787,1966.01388445963,2041.6002314652942,2012.7073922374843,983.2320467743923
46.09416756866146,90.8016031337176,95.15588980965663,92.41529103722779,1005.3588037858865,1970.4859789847324,986.843850095688,1991.6902593807167
95.66504908644214,51.468082007510105,87.35728680362757,81.50932635960642,2040.4665001293492,1989.8397681727556,1974.554020286892,2037.4716570671226
49.70818862486479,89.02081699689221,44.64917037689784,83.27339971715449,2002.4016136696116,2008.2640763566535,2012.8317952924922,965.513604722073
87.36478002440052,93.23351852570674,37.90859906382893,94.98958730831608,1016.3170824146628,2017.2936607992065,985.1232618131006,1983.084187345115
53.12521643452056,88.83304392761212,91.23442107215637,95.69565188424366,1950.3216453843136,1951.593239525466,1976.5752033632111,1962.0823722426744
88.10482696526684,89.08803815576303,85.94248740826067,87.0613842198097,929.7095750925021,1008.0798522652819,2009.9908711841279,1983.5858951358075
50.357250189083466,42.34168589953109,45.11325760092714,48.48985998877036,2013.2134695625753,2018.3273154804747,1983.2542737920965,2009.4043430339862
90.87948690269293,86.9625071362225,87.30370776180507,43.826724165457534,1992.7617669859528,984.0035287799474,1986.3064430024585,2063.8901171195284
93.86709874196114,96.28134747042948,89.56219233795119,82.98436916067979,973.2176624950496,952.5875298176238,1987.0953366465594,1021.2486021451589
84.96739570164766,91.92539896406056,89.1247051474674,36.389063161896075,1941.531239682474,2032.856178178238,940.3231276046275,2003.7629581728147
96.295753342157,45.49062293346674,46.887213396790926,45.33896643060139,952.5105145114692,2034.258392138022,944.4828325527901,1983.9787508096551
46.52764362999396,42.84857675521049,86.09388448566713,42.82833371677529,932.5664205426847,1986.0859980108062,992.6706271053965,995.9002230582156
38.9851705220278,91.59400325540592,95.21986050644605,88.07073587565866,1956.5169155293306,1004.8496155517942,2030.1339634028257,1994.7549631007462
95.23780613112034,97.90974692682038,48.076693112626074,40.306283049335825,1974.0662240008335,1023.2517412570996,1029.8711503001923,1986.5081658606757
90.79501601102076,48.11847555951486,40.91030970656742,38.757462184010706,987.3105375107916,1993.5708860172083,2006.9039990122842,1059.8313750242987
48.96972629757891,48.0158930354288,37.217274940919694,89.98778785179267,1995.418925323677,2037.8846497183615,1995.8125494801877,2004.7446743414437
48.3560898958306,90.90971249954008,42.55564750225688,96.23455257648347,1050.0857122029547,945.6292922474481,1045.673997244914,2018.250452367013
83.72218195208708,89.37608525198999,45.27853479325886,42.07817481726717,1968.1575253687304,1005.377085208923,1002.9758792141744,2006.9396798986604
105.67922569192423,88.27045792468772,43.72700747393794,50.60441070191493,1973.8039847578027,2023.8685967914994,1977.8499247259304,2033.5412630526075
48.10296271080005,38.580410672821415,45.890970781198035,48.74927798487887,1994.1421301256507,1932.2143362170016,972.451801009114,1956.139939234152
97.4594733173928,97.49702620756732,98.33623142095678,91.68540753496113,1967.9077630687684,995.6386157565968,2006.3856884696402,1985.597527069122
92.10470694007574,43.131829224972265,88.2897338919401,88.43092764441911,1032.5456107865111,1984.5871432893605,1997.2084709215987,1087.3293039876799
46.33252769119176,91.14625595022746,89.130152176681,89.24490007534935,1996.389052206205,1994.5476498685603,1995.9553367511671,2000.537079486368
47.95820114296464,88.0202539432448,40.54768753366563,94.3114672573614,2017.4880462812962,2042.146605861821,1036.3029177524118,2045.965303018604
92.89493131314002,95.30331892980266,88.4001761022023,47.292974137332905,1950.372024891965,1042.967900429954,2018.2825775265683,2029.2603082505698
57.847268231132304,87.43956803835655,90.23659550259167,93.23006915983147,2059.299454185571,1048.4574329979446,2006.694233496592,1019.9435592343502
88.88262556837162,86.31891757572932,97.04644050339891,48.42381681072368,1021.7547710427298,1031.5431960013975,2062.8378805587977,990.9814393025198
47.83548977773076,85.83499490717804,83.12673508747746,89.83295176823646,2020.1144074600966,2051.1147952413958,947.2809547542145,1947.2769339571573
48.5666724202823,90.5501171299771,83.33040706942997,100.74231364633768,991.5124091144389,2041.8625772789721,2000.5625697864198,961.2035500310507
48.21256219825241,88.02578886573333,45.66253948807221,92.62030674525185,1005.7858584424285,997.0781932658751,2029.760550636338,1996.799982407317
93.38915585171394,90.24264324282171,86.62964466006936,89.87862740448068,1985.428626232644,1967.340102419816,1986.5242878406898,956.366690998067
80.79728860227854,84.94590483400289,89.6523824967779,91.96742863052978,1991.7074435847353,2036.5186891026055,1011.2193519909462,966.9414781120457
45.46188913965865,89.64764539215905,88.7406345510255,84.11886677423378,2006.5845319352943,955.8775364701294,1990.0912954473001,1980.3244965691124
87.60710846772074,95.37009268709134,93.67942591759113,84.75852723163344,1079.986591339286,1999.5446764013823,2002.3142084295666,1010.6350921740031
94.56134771135596,52.48827034310411,58.58679354921067,91.34585031420211,2019.5800848274323,2018.2418561359136,1978.4178241525035,2025.0593328717837
45.3712329217624,86.0482464872037,88.75632149092901,80.61800886697401,994.1923972512642,1981.647959463606,1013.3802439102961,1975.4853476300427
89.40430783271376,92.57446612700444,90.76375146223387,90.40415120291159,1989.0732682662733,2002.668833071635,913.6762945832209,1984.7810013527069
92.15112067305346,88.08414046442662,77.97501739936737,59.15991356310644,1023.207407779399,933.1949104010666,958.8749291210133,947.1479562867341
87.97415866386937,94.2362099988191,100.51756559593073,100.73007666042085,2014.022737489841,1953.0269024354968,2062.6105797338064,970.1192725123369
99.55201159057943,88.01897563404694,98.88043281500528,89.46958898676638,1958.470268214708,1116.4136152384344,1961.275100732118,1931.1186736457153
92.10037680011054,85.16325800076407,92.35018660362014,89.62173912557924,1976.5375751732759,1038.8607808613524,970.4803655726957,995.7771238535678
43.86671450577445,52.06165323080703,95.2503874650131,85.32262524575225,972.762414343297,2001.4853759912287,1069.043081827232,1998.606778596762
93.9309806508748,91.73715068262445,82.89298177377336,98.49263602027071,1909.6229641546634,2032.5945586739767,1981.8392187270354,2003.0390496799607
52.25234582906867,91.49646387044221,81.79055275767803,96.1813832085511,2039.4432177717288,1986.797976945603,1954.8092436666886,1991.913922452795
90.25494083263834,88.00257306903686,91.35829413062852,91.99917920254696,2021.669367963553,1986.8895521371699,2033.9125239450184,950.1665726511172
54.77813032507817,86.25975595276044,47.90729141334816,56.0214902984407,1067.4214792427315,2011.5267232902067,889.4260714664617,2013.0915396882149
86.88619110982802,89.74356949919716,87.52056889173082,92.18409942695726,1965.9099709783268,1975.0709121357606,2046.6391198438898,1108.7261608280407
80.56788197589945,40.8876406984689,96.9386521031171,88.12452655940406,2006.8554379135694,2005.841717094084,1968.5191878228811,2022.0999217294334
48.004453585082615,97.31139309984087,98.28359094997089,90.83258545651064,890.982537049329,1153.0730484737046,2016.2739774084182,1973.9164086061169
83.67835870731835,57.044360491474876,85.92467012944286,87.87962053094809,2029.167182369176,1034.2578550790952,1976.9868059661194,1980.025710247891
84.04169687465402,46.13660759529017,100.81526641054464,47.48455255323279,1973.226672968014,1009.9382198414978,1969.2371489626432,2026.1626724590756
89.13485681603584,90.1803595740372,83.43966494861237,87.9471741558862,1990.2400958149287,1079.906541643857,2035.5338091464082,1002.6349427966265
54.627215226662685,90.30096158442308,88.14774169850948,95.41658540286258,2033.0048383233154,1039.3784841114418,1992.0176192241506,2001.3677373097232
45.44666890315724,95.9966745987017,46.503493403377114,93.6808652460231,1951.2995596349956,992.3203331043057,1049.410057925592,2012.430844257022
44.64160716196414,91.96101825607776,86.06608610622956,57.03029726798614,1051.5308024485507,2026.0050912990846,2004.9688599440847,1961.5424556049609
59.567745797620525,95.51607807115366,89.56326726412664,88.68616876194453,2009.0699980359966,2003.8750836125243,2036.5201573744955,1995.1671409266703
52.4977595851102,30.274709618173304,43.26382808798062,88.73375417216484,1002.0986287166616,1997.0915023526954,2036.6957997881455,1137.263944687339
41.75555042720132,36.7040085054571,90.64859519782742,53.12812766297825,987.4711558056076,2034.5962279555974,983.9066447739656,1043.5484725987833
93.73414664291212,99.52671954226957,93.20962338598667,58.9413084667526,2013.9276144204853,1989.1204732294152,897.0456401889792,994.9682005522161
87.11179440596986,53.06635808495123,82.26774304304658,56.44439939208606,1956.7387957875615,1989.0587377095096,2016.9530184914884,1971.7910656167687
88.06472105256489,43.893696693097304,95.0716060067242,91.8249192658893,2030.8976639647265,1021.8262805739826,2007.2106669433301,991.6082740287861
96.58936930688685,90.07045362096157,90.98721927925284,55.54087548276262,1990.2123062071482,2011.9873317871672,2036.678679519646,1992.6142275836987
56.20277145961899,77.47779562133839,95.2282658888898,97.5782982249262,1975.8145445062412,2052.144686790956,913.8582394045623,1043.015825039351
49.443041150967005,57.24884856163876,41.907285534269874,85.27697469854138,1987.530569067854,2029.7478034354456,939.2203134753695,1926.7185588128953
88.5948366549425,85.40423870378108,97.35108689801034,93.26326853868115,1944.1388455492345,1015.1329098220601,1932.7207547272142,1982.7456087203263
44.37665287164464,84.31639450930273,45.47462430965385,56.20160749459101,1032.1988990458476,1074.5823669105162,1030.199613181122,938.9966331424513
86.33811191267276,47.32242486954802,97.36249107078712,91.9336711065916,2029.1715510704657,1983.8085953626514,2039.3330150654203,2015.2303128875983
88.94329340087134,91.60484126605654,85.97699982272123,94.91982595697642,1972.3376972546448,2012.1710592434044,1996.7405904794425,2013.2463597622034
93.6848556904244,93.19923534568072,45.04130182489571,61.61469329004968,1089.3768679707312,1976.461688968048,1989.9550470864997,2006.3884211363807
91.52993044267937,89.85860527819021,92.78810937492888,80.83068592417497,1075.2805695675343,950.9310150726508,2030.8521712170957,1996.467356189309
90.8237326942603,87.83624404208659,44.91317481994403,92.34341450662806,1970.2478558293137,1014.5736527130041,1967.5716946194286,961.9715151823359
95.57625718671358,55.02186170818747,96.88496244799944,90.29983816522217,2014.9193189870161,2001.7093635885412,2001.8732660027335,1981.471244918118
92.22283247276161,91.7743541190817,84.72047384609617,91.79563972670378,1007.2003166345592,2040.89136084491,2026.9681628258527,1990.1327044680659
88.71561633617853,95.2127954366472,88.50476271361481,90.03864526871087,1965.531399492906,1987.9036209987987,2003.2941951598466,1073.025637483453
88.51676254843039,85.3603062648161,93.75996151003325,45.733331733847315,1969.7844053754218,1978.996106706911,1945.4437466966388,1984.8320264367712
65.98506713454586,35.679203890364235,96.61747651499228,92.55424427569228,866.5890104098514,1974.5254500382644,1963.4259855040928,993.6582356856081
83.74261574855049,89.14054230436996,55.71142330176317,57.532974960853835,881.2113158739596,1992.9588383096434,1984.586286462697,2022.0471247280227
44.41074844691962,86.8660445975378,83.43018406901368,94.60353699848585,2012.4084330402757,1984.103505325675,2038.3264453888319,2015.3137027120802
90.04533112424488,40.548803983607215,55.83914925826679,85.96890355779067,2019.5457613904828,923.2767654547629,1970.1826337842253,976.8482032926261
51.0574944550366,90.4052757085371,85.52891416257805,97.81916671810426,2022.4189421472706,1994.7689947461004,2012.3746705525266,2004.319148278243
90.84002196177816,46.82281660739642,27.62873251771854,41.8376492932139,2004.59719197752,1968.488507324313,2011.8927115717981,1058.6897675046275
83.87048672257677,86.16022107563847,91.1260729451561,96.27640413183316,1977.5190640499363,2050.665662643857,1021.3619826510726,1027.9594492919496
50.48117907012639,85.54727557162983,93.33043872463523,91.19432441688046,1008.8608932184209,1962.7497522730132,1997.7135204201954,954.0668647102556
98.78718672078648,89.90002156844326,83.43212267820198,80.46224653154965,1087.7651542451829,969.8982604850568,956.0728477189585,2061.0637262883265
96.19079130299922,44.51168681247968,80.3978013463304,83.63217145587683,1953.7654929691626,2067.422118097274,927.9789113411497,1967.1494911492202
88.65363373225209,86.9523057304272,90.76330881464787,94.4920740492546,919.0507880732061,2001.45951382233,1980.357309964143,1985.6895758037758
91.31280022858027,86.0065553065946,83.87739623751017,92.02185132236707,849.9382732638586,2019.071148059762,2011.2442729295883,1976.4509827678326
