TempSensor0,TempSensor1,TempSensor2,TempSensor3,VibraSensor0,VibraSensor1,VibraSensor2,VibraSensor3
39.30816930275765,85.85879391253847,42.02057225129962,83.18775998567696,998.7052440555376,2043.4897517345782,963.2663872603105,2059.165263321609
90.82779472658967,94.25458308986008,92.08778217450204,38.196923837987555,1965.4199356897188,983.7959544679093,2003.9000514999339,2034.4102181762855
88.98616324572731,86.8729471530215,94.7480293396705,93.65592574036643,1966.890949498203,2003.1819585737585,1983.8970196777882,1966.3837057811443
39.59767362380209,84.5898406509892,35.85324876862934,90.24229525067885,1008.8537779417916,2002.844774059663,1953.6022104378158,2010.9630742494119
85.81127618236621,75.44740769687238,84.34674122051756,95.73869406979443,2052.724770930114,2030.6144541776573,1987.191733249035,2001.1457381821892
39.93223480205653,42.95710893786687,88.99071196369009,88.01316868148257,2072.4152628861357,1983.7674489506044,2015.6587980812296,2034.4108378260667
41.786307316485654,95.26027911022484,93.23385630687883,85.76622472227331,2010.3163510640072,2040.888215463143,1969.6579607583233,992.2620838400719
90.3638124816591,40.21455997961816,36.570627810790064,93.49668383182437,2062.2909161039606,991.6330364135155,2050.7050983715744,2007.0147460967469
80.01803954587213,91.13300967564375,40.13932975641616,93.46946968329391,1009.2947280979829,1980.3628628011438,996.1142931894879,2004.2819250042978
97.47230481604122,91.88636954601519,93.24344455288832,92.43592787761389,973.6050494897378,994.0226883934442,1975.6542406463302,977.0811792340569
88.4980626864093,36.73674845307522,37.72591859406422,37.59849266730701,2054.0858688176213,1993.5254822257027,1993.2289464028754,1963.1208527048823
43.90095950360382,89.80043925201714,39.033484720735586,38.448298634647195,987.3105370733925,2044.9531652426072,1981.112537086067,1011.3089925919292
41.02759358106943,89.17954261530392,85.36879648010732,91.70787813046486,952.7823367852887,975.5910192305648,2003.4256108924233,2038.5196902137782
42.95913970854062,39.32990464948338,35.4377051113472,88.0291946730252,1996.2518928708328,1942.5518058972114,1967.6017874692452,2017.812013359006
89.08596079836717,35.64007256779558,87.6096113555185,92.8847310744595,1987.2355650313584,941.1740233414473,1990.917955606752,2047.8120984513876
87.72821501045277,35.19481837558023,95.7708812171948,89.20338133289893,1984.8364607584222,976.8473309794533,1031.1868249882934,1006.5703425852016
83.90706471358315,94.77461664024051,41.30592957100227,91.71733775784936,2011.172064055941,2025.7517281001149,987.1073961895509,1013.5076038410365
92.97611880393445,35.326275332757824,105.57609939946083,92.67316020750434,984.8702260114342,1037.4322631943005,1999.2572974671123,996.6038569738339
91.59335357943,94.55686423931651,90.44449633917523,35.18242545517392,2017.0529478774038,2003.063525503821,1976.9550165268752,996.4047254713068
88.91760028334613,42.54655326657963,85.83833069283315,91.23666580790395,2036.0133291096417,1971.6358753108505,1941.1825334466796,2013.584949735056
85.8213130310136,91.64371209050975,88.27738747143609,91.07958173707324,2015.368659743075,995.8995718060124,2018.2918200471597,2054.7723275306
87.95492888224192,99.28055889878014,89.0088097516169,38.70083962500036,2014.918816955222,987.4920387661971,1033.9391789009985,1969.195351991331
43.39246089130757,84.3961645048692,90.9730747617306,38.64847197620723,960.1518635604123,1992.9726741822622,2001.5675319678821,992.48626632431
96.80373290536,91.08015981246625,90.79781146504207,90.80329151470036,2046.487014756659,2036.5565996279788,1000.3212769742811,2008.738738811831
86.1107182782743,99.54164205699735,43.033082242566564,90.94874477141103,2059.7160203319613,2018.743703366202,995.3954798504808,2058.534602866108
92.87999775889169,41.86996969271392,93.34344590424517,41.42240569175897,992.2568942535686,2020.595260050928,972.0619777454726,2057.513806522829
91.99989122631196,92.0693651843541,96.44277245439893,90.84483122574676,1020.4466149695819,1950.6400099921273,977.2517429686789,2023.1793174084107
96.86906260787202,97.28923373734521,40.866466945389746,37.86445874015904,1998.6067630532173,1959.0733054722457,1999.5955915701516,1009.1097793328922
82.33615563659401,37.548781299366254,98.78409835107163,39.6016583691828,2067.987234906875,2019.5868920021962,2026.2168052513025,1970.947079819552
89.251012127979,93.64077897011786,84.38349483743733,39.716397397870665,2007.7762947014935,992.8437393486208,1998.562526391144,2020.760025224544
96.57907760756461,91.23623405279183,34.230397542816036,88.85117163173364,972.110913614511,1000.3389035691382,1982.7288245148302,1003.5284096325224
94.56080849292803,38.7800416991108,86.95675003969963,78.72211002466632,1996.4950503220166,2008.1954605218984,949.845890329816,1026.0785121488395
90.18510339512993,88.44339802134921,83.06386054948182,95.49643768345989,2038.4598764218083,2023.2491090645497,2014.8504014140856,1056.954493391584
92.00135970986848,40.65115974913499,37.4921227455157,38.31510675200259,2009.1261261433351,1000.7429909573258,1034.2491411501303,1021.9080838469537
43.42475245575639,91.48750501668367,96.37229541207164,87.570331104442,2012.5088144449014,1003.79798875451,2011.536193104287,1009.7301802863094
44.973706008451664,91.03730747267244,34.4781206162678,92.78209497005199,1994.8455015282095,1997.3868228522756,2013.2854756698475,1026.55242730598
90.46318151421028,85.76150946030666,37.858944074807226,86.59846305296671,1971.6119569447317,1015.7889103370205,976.7656057208582,1000.2647644579345
91.18191155659936,93.25707891512474,93.24739603040136,43.30285321140247,2014.910474743772,1035.8705134803013,2026.9896598690602,2025.492342939339
44.7709017135286,33.243558940669075,41.60327379576884,92.6741545402025,2027.466814665778,1964.5078425648578,2009.0929679891126,981.1655155293943
99.35981953143403,37.58065244292706,95.18189192468637,37.2134063263444,2048.606739007328,1055.0975781927675,1977.0387841322,1998.4844687347882
93.90050966647237,80.74742035636626,41.038158850803384,85.37138088029052,2016.8822740925875,2033.4611797606156,1946.8510339976376,1990.1557340929323
90.74851697501065,92.596050317842,37.35258449986499,42.346383369823045,1000.89888642387,1996.458689150103,2022.9368580214177,1002.0953251651845
91.25508431160331,95.70630711823385,38.73841281106192,88.42476126256128,1983.8274571163688,986.3837940390227,1990.365636818901,983.1560086028762
43.83255602333662,42.532668904885064,95.39653583818713,35.11653293776274,1002.5582346908491,1990.8985181967225,1008.0037854335739,1990.660594805561
96.65726796505871,88.61625364295631,83.40839031857942,95.78785985367317,2000.460687457508,981.6076067987061,2000.8373461612425,973.5984044786909
45.43283721390135,99.05724903078664,90.85013067910404,85.61513482173997,1996.6146154630462,1930.3946887409813,993.4921113259652,2044.6135256845162
44.71093341381521,80.96632686846682,94.40202465101112,92.2652302618,2012.256101120138,2035.4065782005523,2067.467113532712,1003.0717445305427
42.37310437284344,91.00995729918493,36.51824161493654,85.6263021689296,1006.8410449988345,2002.120537446835,987.3793426817282,997.6093441483436
85.3942770542715,80.56618293367589,36.728806019460265,39.3130810043385,1984.889825010903,1948.476887113196,1008.2360558532423,967.7415667744852
91.23406781028908,39.0731563086042,90.50140396628441,82.36681132522203,2002.3913230328424,1027.0777267368223,1972.9793043827385,958.6845343376224
46.75901256890678,90.58469054342967,40.29481125364492,86.47139952171275,1982.882977913738,1009.1674225925988,2003.3475185501793,995.9258052753207
47.04852553279147,85.75856540765146,79.98949321721636,39.30344369317436,972.2789046324152,1981.8393217446235,2000.6803566210763,2015.030607100488
40.66415258244906,100.62772395787863,95.40678912119299,37.79446018090116,967.4778303259942,1997.5705827377733,1927.2355795412377,2009.7094986094514
40.58413646275788,88.10980656003042,93.59292957737755,38.47906151520441,1956.6353377829705,977.0478884976749,2042.6036360638084,1030.8326762231063
91.15619171095669,36.44926552220862,40.753804387337944,39.34300110717241,2008.5319205832645,1964.7061054132423,1000.9621134980364,2039.4933209728806
91.25134773769793,91.84689001276038,97.64123328998141,90.50331247900262,1026.1526719765209,1946.4121893679383,2025.6708213224085,2014.4350624214255
83.46941889793078,39.69876702194239,91.73502252343353,40.7280458977406,1989.9031747188583,2054.303448805965,1033.499084454902,1964.9214187927364
85.69837687652726,42.660142480414486,97.01394629265937,82.61487363079452,2032.132458878946,1949.8592070624509,2006.9835131465384,1017.6970277255364
92.3258938448567,41.44440712791109,91.227333246171,36.877187760329406,1993.3211467117103,2023.5744274323322,2008.4044515058981,2027.1186567779605
40.85393636150959,37.4161866551278,39.52213389188546,82.62784525808134,1988.0662326323397,1013.299674359183,989.3031890290351,2042.8946710244365
41.94533521856653,37.56077318725757,88.82762229183471,83.36380211472093,1000.2345165016694,1026.197793473169,1979.6823903192405,961.9478659393003
90.50195513608577,88.96543137767819,41.36940423048611,88.97292871866188,1988.8339955226506,2023.0183645310794,1930.9211018890464,1018.764532953847
45.16085417681123,94.86507648388007,40.52791584959152,89.47222792934107,1995.9861472990947,2000.0039296947411,998.2715915615856,2011.1804252300421
84.51773301740221,91.86074183902676,42.827181046736335,38.20675870988214,2009.4383601946508,2022.3082585337993,995.2113800085741,2010.1829930949173
82.69861420679771,38.60516900167984,44.26760264422232,39.25052295731504,983.588457545598,1996.8297059659528,2003.6734397796322,982.0928902377573
87.20349490970258,40.99444527400722,90.33359074273645,44.075166608953666,1959.5946699489216,1970.356077730043,1006.0216139272115,1977.1141318305265
97.01518748824903,46.84767139963567,93.1552059070532,87.32534268348975,989.7107638087884,1999.7577943447684,1029.4923377332907,2026.4273528956132
45.17073649027115,91.32541578707503,90.47181851207745,42.574237318431734,1985.2114690350384,2004.682023700304,1976.4292557012088,985.9897895049369
87.82643096478324,89.25898246272888,38.61380000743053,89.92484504394068,995.7930125308282,1992.5160646713425,1967.1418376082831,2027.098749840698
88.6127583794356,38.41206819356026,40.15303855970872,92.88992178229954,2002.9514719048475,1997.3852487411157,2036.663139869284,1005.0582517403461
43.624381651595094,87.18298348114807,94.27930624549434,36.28674118397334,992.5706970622334,990.9162657595944,2035.8535980539232,1947.815841377912
92.49584042063007,82.21964398939824,92.69094168712267,37.04514914718955,2017.8690122736245,982.6760773909928,2001.7385546436929,1963.96340112231
82.46975245704942,36.67271870023202,38.509092872596256,85.24660690739874,975.7652605758079,2006.148705473437,2003.6247684487764,996.882101555728
96.94436895534673,32.63820198301298,91.9767046322161,93.04275622955542,1981.4533425263005,1988.9533868591182,1034.3621529183802,1006.4612081407763
83.38139743162985,80.97133641573593,38.97126720745243,88.38637076065346,2037.354109599138,995.20831440354,1995.5887192302218,2021.8982639387505
44.47890226206577,37.315086807704716,91.13207015991597,40.263091062217285,1997.1702030761594,999.5937784372684,1964.6230296445476,1001.1556074858868
92.1236946606975,87.5977067817093,96.91328800994482,43.947476487150574,2016.0057101709106,2018.6395946979433,1985.1405237862982,1005.0852371317635
39.95847724476742,91.20057352999316,87.38599974303669,100.6035434378006,2040.8514373030819,987.5935048962626,2053.3727906207896,2046.9449060996576
41.43814501337591,89.48885139787937,92.90852902889456,94.93710407992418,1005.2594883404947,1982.6692715907484,1007.3717046822667,993.5302395135179
44.083031754700265,42.19151604542101,92.38491934072165,36.56642192859916,980.0275190730492,2038.9522394196356,994.8356732260971,2004.2241988494764
97.40833371248175,88.41661325062162,42.10512582392365,89.38115737031609,1933.705870550147,1994.6302445453616,2009.0731915036465,1989.3453899736799
82.23492869885666,89.35386692837592,86.38957368878683,93.38292420040132,994.4409322285015,1017.0258814327356,1016.6905802184297,1963.3989710490403
99.10619507258727,37.10908521931391,93.76596766993285,39.34515670015386,1941.9928896857639,2024.0359151167168,1007.4402158616183,963.3374061784465
42.23967656004854,37.685579596551264,90.09353973741031,81.32985752047223,2006.8627629263533,2035.4842871462163,996.3327269207318,1981.2794648538086
90.77773232944591,87.56572035770408,42.29916042101142,86.58723482868884,2031.7922875155916,2046.4933420067475,2019.4266946163775,2059.0468726369754
87.398046231873,89.46775000307822,96.91037578528397,89.63627331940864,1994.4484095389041,1015.8572717020429,1964.9248162201216,990.1034457653955
85.77022776332659,91.88729579447306,41.76604939216863,91.28829818902572,1000.7065314254969,1966.1122524167024,1035.5619052889997,988.4479017588549
43.33839045887713,88.88929505059546,99.89049190036098,91.10217094863268,2053.6951446191174,977.9167112945777,2023.5299313544915,1995.3795364894916
41.005059294571524,89.16285777728524,38.42811545678815,39.279046863281636,2025.3479238978148,1991.2450187246504,970.7933162353245,1988.9033155265463
89.36933175444504,39.463281356937436,40.78921619232739,39.30875582919147,1006.2704636797678,1006.5679073824263,965.1083434170166,1009.7448041096484
97.14901668087823,37.4577904387467,37.28563587184791,94.39632682135938,2033.60358267396,2065.993593738323,1014.9824279037539,2034.3019298641332
92.33412179601854,83.96300892629652,34.14574770011782,42.80663245271685,1049.281467420334,1040.4962053356141,1014.3181191294218,1985.4043770248163
40.82463514869082,39.049574613514494,38.32386003205854,100.18441165062157,1988.9130610001207,2017.9791307489754,1999.6406649258627,2074.3883181138904
90.0097709338104,94.35173107905999,42.29882120158183,88.60684874793434,2037.8823701415647,1944.7657933447547,2021.5871287747161,2034.3850140118336
40.61920718045879,90.83744019981961,90.45657429345886,37.88463215391347,1008.2159614990658,995.2431232151523,2010.7383459900109,1996.4997687438395
43.763412232242246,37.697363895716926,95.8214153038092,42.58301932448353,967.1681730203973,2027.8667655374454,1995.467732396443,1008.0523500283334
96.79498838753629,85.87326875254612,83.28405634793882,86.9219333846203,969.1395887249313,2006.5269608049678,1919.0255879288998,2058.4856939770534
89.00765529702359,42.73855156157967,86.08678541712267,39.113336428569355,1965.2256512359477,1013.3092154366561,2019.5073834119394,981.4384483268175
43.390240466344586,41.21208151754409,96.41844013322958,94.0729134641113,1999.1163141043294,1002.4891026656551,998.9185516364624,2040.2059404631818
42.943148939888026,96.9585983501899,44.21742956087438,37.567764349113546,1011.7644382405049,1017.146115813571,1010.3518353924431,1010.3466599427621
88.7135056045969,88.47578471756452,41.531751586462676,84.36563144856,1007.9930987796758,1027.407425370284,1953.0717477888847,1968.8010893645683
87.05273514592925,90.31865779944799,90.26340263908862,38.159427941871066,1948.1631552209883,1008.8168318643297,987.1988990351272,993.4707945089713
95.09698055483892,91.85045200692085,94.02535813668091,37.56200578414549,2011.9951977779374,1972.4752878716988,1968.555220589598,1991.3521040134876
85.61002150584889,89.89617415678603,78.3589992661185,88.55398278338006,2064.3621316831823,2000.4854937694433,1996.5969467033149,1923.4218467413336
96.23528409691262,95.72806996109163,45.59469361777191,37.42407486682214,996.2346388638828,987.9965201701838,2041.9686155184722,1959.6260915132389
92.57753103297672,93.15576871935787,94.4690376287754,85.49125342602572,975.9935977542797,2009.6571686018565,2010.8005796222,2003.885787752268
85.38263460617767,89.59896152328106,94.80576503637117,92.88141170561852,1953.0025568086571,1991.9626244620551,2037.7200898420163,2032.984529541168
90.99217091768058,40.13600148532733,89.68728505085099,84.93833504495637,1916.9225255121398,2022.2885268544019,2009.6205304446644,1000.0492021390826
92.34468682542662,38.15062313710419,87.79391235099615,38.92414049555398,1981.9448365164885,1034.5199406914273,2018.8783364413655,2055.495307499557
43.66777599880142,36.707999381026994,41.96882992155709,40.082425890035864,2035.2043666147022,2032.667222611312,2005.0893952854494,982.104753969285
89.48057667288795,89.46652573685029,88.96365632906284,80.54237837226037,2034.3778973945555,1049.8553492636913,1009.0391425398576,2013.1806888940955
46.77737077987026,86.46089993045717,93.20185871847669,38.54876293706998,1021.0728450977446,2026.761478284962,2017.1887681991093,2017.4360670855015
47.26473978446522,90.03604384855801,96.39885301923816,88.11890031684163,969.5032030766918,2024.1883286997977,1067.9315620363352,1973.546102993718
44.36446238786726,96.22397124513788,79.96088600928675,35.098813935435246,960.5322116864156,1984.0876197742582,1999.9794876730368,941.0824567819708
82.17968155247522,92.65956196082935,103.28022156993514,83.92905231061754,1975.2077620092643,2031.9188839396118,1995.5726666348169,942.19497097366
90.2498342295475,93.15697365572554,91.61874770547429,81.11220765606079,1993.7134247103106,1998.434275978274,1997.3055097843564,2023.0736168460428
42.38253696328583,36.065168926104604,91.00114165097722,92.52974773202604,994.9931707749263,1960.2745027423703,1038.764831963451,978.1138516188245
41.364327965799134,37.57470029669595,34.58834275044885,94.14176384670758,1974.9114571966495,1007.822201470912,1991.9809019181082,2011.6957146296231
97.48272875896758,84.95984193732825,43.41831147678647,92.12818879046645,1949.2260264414356,2038.0779852999237,996.530786823057,987.4253231910279
91.45144901380668,43.95420851281352,85.56492813088747,39.92608601268755,2001.0530259066825,2058.623239528347,2028.9764234545244,2030.3273639115025
94.2977997788125,84.84054611699251,88.77349084943513,88.832324025082,1013.7677784829048,2037.8728077938301,2052.357456768609,992.13973885777
84.23467797795362,90.408369348674,95.60217931290022,96.06289383092599,1969.9161542378092,1006.8031923444103,1022.7843514639223,965.841406864916
88.81029340656572,84.68457246476255,89.89282939450581,93.47297527661789,2013.7411387850882,978.5588382069112,1976.6664284163792,992.0111810319648
48.07030348613133,39.6574727510418,82.5594536600437,90.41619234421715,1999.7513402900104,969.3408300254137,1996.3033814463017,2023.5314430786664
88.28636803727946,41.81341541390984,33.36382288866917,39.54220851559528,1970.4072376345312,996.290723500284,1949.7747450012548,1982.4233765332297
90.11834123733942,42.238208797313916,40.77517706595217,40.46501546864992,1927.2809330566565,1002.7734290863589,999.2397522305422,978.525631680375
95.31831138077855,35.314740487839934,82.1107520407812,41.20723082445186,1016.9443435305863,1008.8010911371089,1003.5075540702366,2017.5591517133294
92.59160974383754,95.0790974647093,85.21490586898526,42.12928767129924,1018.4420522140587,1970.079699091924,1043.511834437532,1014.298016690221
45.7064203681269,91.65884929802627,86.64239484453522,87.18574687971503,1986.1038526008667,1982.9328716401762,1034.734700898654,1016.2064958988689
89.94007139893836,89.58606603598864,95.00827732264933,89.01983108111969,2017.095490717634,2040.3035138238301,1026.6820743426194,1956.5310536807026
96.41759619641469,94.99650718590057,42.08931602638076,34.9385738186139,993.2421934058573,2043.1555261057208,2025.8123522439705,1989.254278126089
90.2336156142851,38.38794225161975,35.52806179348259,40.134552406241646,992.5946074020919,2008.9054435048668,969.7764363882162,2056.1243206643885
86.82630231960643,95.29575843199954,86.1878076221875,95.78286154066367,1998.5704922532798,1007.0553842701461,1984.7705169986282,1994.7213342500418
94.31100714699984,88.7776660277054,89.64138405213404,86.93101869093007,2051.1566178679477,1979.8893884101938,2006.694885822232,991.9641524524325
42.64935306767534,99.92639091384646,41.35528923841853,79.45051286812262,1018.6595507497825,980.4157920728787,1992.6033733519419,2016.2910568544733
39.18430980470527,91.0639662757075,39.009280716149554,92.52480134050792,2060.647809636565,976.0905187267838,1030.2175887688045,2059.449308790808
39.924613203044984,86.4500853224536,98.38597588646712,93.67960756641904,1980.6127112484821,2002.3688182960368,1032.2319040959162,2035.8077876615987
43.22565752149137,38.11657720696742,83.78913930356767,39.02788621125252,1004.6066779668909,2029.429415327925,2010.8045518011804,1989.3104849541696
87.97198903626352,40.27860820680991,91.76647806985133,36.733501474974524,2048.144352498969,2019.7505018945506,1105.7853512900763,1027.9270038532472
38.58699193194316,85.87829598254348,92.75750937531743,37.34082756163861,1016.7598130703042,957.8018610310774,2034.1965171244183,1005.6468078262874
39.64319170091086,84.67928568808709,85.76012660426696,96.7772314062926,988.9004632017361,992.5400471432797,2018.8560672384813,1988.1445165372618
44.35688565422571,87.36973788904864,84.3003383922114,40.735114165089065,994.7973632839437,1020.6560612098539,2027.2627383206236,2021.9187731462562
93.9682673610661,93.73703553554525,35.337427158329064,40.83861478121801,1957.2932738772045,2023.3078103620508,2022.848783446867,2029.6054552343558
44.628618639307845,38.721995301531884,33.65623275810183,83.15857794152564,1919.1807875626946,998.5503825981582,987.819758124393,2015.515547345855
95.35417722541112,39.99125942868274,39.310674202644506,85.66674549488332,2025.8321162295576,969.6841499255609,997.0617010924583,1003.5497584432526
95.49470624125776,90.17054589834827,40.84829065050908,97.0798020029898,2015.8393541470098,2028.7066573737634,2036.4714370129527,1981.0346665614263
94.20494692650352,91.58042165969368,39.15068643569071,36.09674244575787,990.9693173424843,1003.3423343087286,2022.6015691078917,2030.8266227172044
89.78160091931845,85.84048027224898,39.838806031699065,38.54383180438519,2040.6575600541078,1993.824856526195,1972.7634490539822,2020.3908325771486
86.8765780574885,36.89456310883831,41.194546365985744,36.871572767972715,1008.1598674047057,2018.982331175101,1945.9615830016137,2018.3421304632452
91.86837604193201,86.1160340595036,94.54874257404647,96.31095191712826,2010.9792253887867,1014.5444388029939,2024.5957384163037,990.1432770570926
43.515233843995546,82.19350769463139,91.97168566001294,38.12475654832457,1999.7736938750918,966.2423063411528,2012.0643620010037,2044.2175722301977
90.77093579160332,43.53992158953426,36.64770859518946,87.37435612303254,1001.1047918016907,957.4671154567457,1995.3885175015355,1009.6561205694611
91.69551119655651,91.65993145740727,79.70238959271848,90.7929700061131,1983.8921608819503,965.7008119489252,989.5234797167464,1974.9576289771273
86.80916478476097,83.31071404839585,100.81497812834952,95.68623429873224,2038.1549123975117,1992.122953365071,1006.8007008825159,964.8830317016966
43.703432342141724,37.404260197239935,42.84604274753272,77.36111079340874,1950.9642445489446,2047.2902053141563,2004.0662176746682,978.8325363404426
45.50597108569565,38.396453442757064,92.73327892495378,95.80390525416091,955.9521909389921,1964.9931883573836,1981.561048395584,1981.9633042697208
93.32150146061088,40.684118143740065,89.57080794528913,89.31003006257431,973.9984370758102,1000.4871882349482,1009.5884236440515,1934.5508360870695
95.48944251446508,86.06628362377242,41.829524931251626,80.50120672279465,1990.9711600037947,2008.4216234229873,2029.2984814991344,2016.0171652100742
94.6234164317532,106.92134071056857,45.337649000210874,85.91309494264648,1985.9820388892092,1018.5409823554569,1982.1283553420708,1994.758784634591
42.036790973965,93.55442552895423,84.62397446622543,43.94334951696081,1992.4670283823134,1018.1974544139468,2070.4932582952542,994.061091320508
89.59686483769755,88.2653752822308,36.952817955648285,92.42652693358036,1032.840679199658,1994.8315056797571,1001.7270928671642,1992.2720618310875
89.80512619911788,95.93090690564328,81.70051193321632,39.16624100213072,2037.9810712248304,2040.3852586606217,2013.619857849995,1996.6949585527
94.79004884489086,94.80188537001763,41.49123984067771,37.186591357380465,2005.281515482756,2013.270157908751,2055.0175923435177,2050.638677316312
93.51886752081617,40.26252249054541,42.03831440610065,89.64258367638816,2040.9547702494963,1003.6417540780525,2037.270480994695,1020.9442737060986
87.73808859859246,41.77485798626433,38.47905474736466,91.05003225580164,995.8760239731666,995.2214291826724,987.5098075548995,1008.6897760408151
44.615420703029024,41.90407090605906,37.64122314625051,41.65886741788614,2004.320667828324,1984.8249499470521,1019.6670439058397,992.1847268169323
83.85396354974648,39.29252131378264,39.78684278491504,81.6184388878998,2055.0685678573764,951.781721197886,1965.151428851522,1949.3062487888446
81.19641844495105,84.4141046660817,86.68191763616709,39.63897786817073,1986.3262329086185,968.040700304097,965.2320818459178,973.1150700449365
78.33505265194864,90.6234978579303,40.609315053969276,39.17321947686552,2002.9693894309464,994.5636550645349,1015.1622811404113,952.5182167192974
83.59973771784851,40.47242826954037,40.88141189629789,94.46001999906504,1957.4822085263813,1990.5416257991749,2029.4753468441247,2036.910761838732
92.28268759754827,39.71631025886766,36.818922745324684,89.26251800522753,2040.1316032170726,1973.4247393387739,2024.111263560307,1044.4958940308093
89.19376230906425,81.70470350911302,87.34795374661536,96.96158403022574,1021.2795795188606,2031.8461555194474,1008.6234045041965,2021.1673007770241
77.72800155573763,38.39429596706724,42.31701424276484,94.79455870014539,1010.1667641660586,1016.3195647499429,1011.9638408678652,2019.9458349706883
41.88281790866716,92.77999314477319,36.174917953725306,89.72889909143763,991.2061798779155,991.0919497042398,1978.2976328402308,1015.6432939285498
43.49228492237174,80.72054381925177,90.0541243379609,87.85061541692984,2031.800473485918,1997.538731701315,972.7697915528433,2001.6265333447157
89.78830599695976,41.850596980610085,37.545883535893964,44.027437580732865,1999.016139084605,2032.9734193400736,992.2814769508361,976.6580019344435
83.19841928079988,91.00984924960025,93.15942095150665,42.18912422420455,1030.007749111529,1016.8206170373135,1993.534587287463,987.6043395194374
39.897929055288586,40.80554751889602,37.27893910786024,96.89232684156222,1968.5273665190894,2042.5450376882166,2004.4683899468628,992.6856427792752
89.89342276571702,87.58003221109999,93.2514612352367,86.01471745314825,1994.9628407728699,1002.3981323530163,2056.774503808345,1999.0032275918957
41.339984152463984,87.35602665909742,39.71284011786267,36.347596707315176,1991.1363577909633,1939.8792581498242,1982.2334025836271,2010.5101002585916
92.38498270466592,83.07780824886372,89.79298357008697,94.41538166188452,1989.4611962569052,1967.2795839425462,1986.2870607137584,1988.6677823909952
43.11176418074765,87.60893832568178,77.7002412113368,82.10872717723608,2031.0047605528666,1981.2304213078635,1024.1241393995806,997.7367494822792
85.79275633673038,43.37623335914397,91.6924644801011,41.46898727377598,1988.9257548600926,1966.8525826676562,1969.9363252235644,1002.8216469328811
92.27246047864114,89.39286923826326,95.48190037481919,96.81603076615625,1013.251864784173,987.9664243843167,1961.9455504447876,2007.1527448708896
40.688680815035,90.38149299243747,85.68459403915037,88.87793094797144,944.0338375346528,966.0688054488819,1982.0312364297124,997.2339367362047
44.64451330447427,34.522337638515864,96.53775213659944,88.10223109480526,1997.7381735468548,1964.9700041126785,1982.5376648164458,2010.5211340281448
44.02729207546294,90.12240030744596,85.14014824518937,40.38271589410141,1968.0518583840333,2040.4576892185585,1983.2533945252203,1952.9456068402908
96.51685288564127,89.05460845464225,90.56778187432552,97.03386300579784,1983.4706201744468,957.0222839564765,1951.8880002893618,1024.1506020852034
93.20045032425548,79.59787812864425,39.501430509367054,83.52171384593512,2040.0435050352417,1996.7626107346136,986.427423133142,1986.447756606789
82.08812436630929,35.38410469380652,78.71721933111624,89.7553507058836,1994.0638224138233,1976.5332865775458,2007.913736122914,2017.622035517803
37.95470878512805,100.59568250970986,43.151873094972004,89.97355005567032,2000.416848283395,991.152745029342,974.6983281193325,972.293620620964
42.27130656978549,40.153049826054335,85.53039897298432,85.18091747014186,2030.549010545574,1980.2039666797793,2024.9305003009226,1996.9155796850737
89.57529228819844,97.00962604914719,95.7141253587125,88.57607986221795,1008.1132209050006,2033.2947277482524,2036.7267549832932,989.3787650210204
86.87644162240603,85.70927250620473,82.59466163019495,98.99095977115728,980.0574752904415,1983.9680867991553,1995.6919818006015,2036.7435548596345
92.49998226393778,96.32463264206979,91.56357224487031,90.80048700367463,1012.06104850021,1927.1224273880928,2008.4630050006563,1998.8228750165842
97.35652496652237,91.91188046970849,90.05000705838769,94.55886898145498,2015.1196037768523,1977.1812722386953,1929.882694599569,1988.2103791944346
91.4585523009044,93.32926874193808,92.30923186001486,45.05758942678226,987.8404350699136,1014.3308594225952,1035.721997152234,1991.4427420905397
47.790455592332805,36.72748071326665,89.11930903717965,89.83537028872205,2034.011462664882,1960.861315208366,1988.6193776003192,1007.4625306573346
83.57914841117727,40.95709328737219,39.086618936336095,35.00242736987725,2018.223835073126,972.8587194164395,1984.7028250866003,1998.311688570551
46.71189357398009,81.27060660567878,37.22500729172962,90.24118934420177,1025.5493918465033,977.3289124485955,2008.9301229704085,1003.5861799339931
46.14820249955723,42.41701191537418,37.58524596322968,37.89307951193079,1970.5405207271938,1000.4498681864388,986.7910437201951,1956.5354611934463
92.46863927688548,82.86868868430308,86.95674672142007,93.81737981668549,2021.9683691789623,1916.9106161498198,966.5363349813576,2028.364032842731
39.32164857003991,96.71931018818987,94.38386869715323,90.00614859741725,1002.6225979179333,1002.7667241585868,982.0524751653618,2001.1306666554158
100.91159194743543,38.85917778740105,38.9126854521582,84.0759913994494,1014.970132189631,2037.5304635967877,1977.0741313537146,1017.0616085876054
98.09560338098628,90.38665155187601,34.942687943780896,41.213256792931894,1008.0273398735214,997.390378204497,2007.257670401758,2019.7201648349946
87.26368231835677,84.29998009058666,97.81747019051389,42.96534541985304,1967.4460489999958,1018.336433899962,1947.2281338636772,2013.5112858358132
45.3082733775087,39.04413217052277,86.23047122679348,90.79806824059389,1017.8841533437248,999.0682231376154,987.0385830890432,2006.7334532147
89.92128074487317,39.887130500237646,39.99009436801934,82.99830004184604,2015.071173947756,987.23802244973,994.4629333692493,2026.6400296191696
44.479363998620684,95.60564006633035,83.31653738610841,99.05295814800485,2014.071736247473,1961.0858758507231,1008.6033507636043,1985.6216075394786
87.92233106225298,102.04186943592408,41.672636639193115,83.58121031173313,1001.3244624294496,1012.4390604988954,1980.5970092150665,1944.022376316859
43.40608010914221,95.02368515839348,81.98025427976351,42.63120842286623,1968.4761249435173,1021.3159385162501,1027.1024201933706,2022.8954783157274
91.03541783586796,91.18203312681788,86.64093332271922,43.81403576619202,1982.5269378286293,1963.857302834453,1003.3667851467942,1982.5398558974737
84.8738591053596,37.52570603039763,91.56403292382655,42.158710690119804,1982.751078875528,1030.823053158827,986.4237700928056,1997.6602448176382
92.68872361154465,38.41983652759222,84.02259146184797,92.58067392662144,2003.7672600944938,1990.8133772744025,1956.3564831944072,2026.505502965621
85.82504460791621,38.95875670258761,98.777595293443,82.31488013351618,1981.8469031726377,982.2449525223003,953.088658735158,1000.7241364547124
90.91037342219948,39.04242711182759,38.32128774038121,94.8463893905998,997.8065859867197,1916.7798451025103,1971.0706229976302,1989.1922875978996
45.554178841564934,95.8745131548975,93.93538665272307,35.48217981838701,1995.5655015226143,2028.9565175991859,1956.614612449948,1979.875072060556
91.1009003345786,92.56872805148353,90.89820174648793,95.33642553680167,990.0670317618642,997.324615911496,1971.1906687441349,2024.3743729941614
95.72757801300443,90.36282103533973,38.05825672347052,85.83210776530807,1946.5071397327088,1972.7336979098548,968.9460326243276,992.5411918531452
93.66151546578047,38.93030507638551,95.25716220508299,97.9765804049827,2032.9809475826974,2019.3255512377816,1006.2330952424805,1010.370790442425
86.19948292441529,89.49671748418552,95.41371018468328,37.94876350894303,2014.8657928790637,2005.359324909569,1992.289762572236,2012.26519108284
93.4342753136734,35.906415562425465,86.76707007869176,37.25198765941508,2022.81090386391,1023.0846556203453,2006.8963822854694,1000.4982687297945
88.68677465232051,40.48153718921864,42.64063815389105,90.10887314196654,1016.1340995341018,1978.5076893862592,1060.4658973750857,1995.799487238704
42.76461641094252,41.92251583888198,97.4715653935583,85.8806866227995,1013.2252200322459,1975.5635195210343,994.403455384255,2017.1156821195473
98.09254793410913,89.14669695754495,37.858189722414934,89.70653315511247,2010.7428646987905,1971.911737709724,1948.767280250762,2020.634636549606
92.86617889357824,88.63164010697601,83.43167091891715,43.51011839376896,2055.178987381043,1997.608686300649,1990.0040515744558,2016.88927965222
95.12010771280322,97.14888089732484,85.7364194303861,42.6935766265252,2016.5012294623828,2017.0412240051637,1022.4048959752799,2008.7233416536587
44.73003941399536,80.42101261747963,40.95575993259236,88.9079039992802,1953.8411021547056,977.9565266783577,1023.6554541045425,2048.5248872736724
42.1336382705679,85.71227732908599,88.48298879133479,89.31945508402512,2033.2935055530988,2004.3912602341709,1949.9395038945602,971.2863224539601
89.67914214790268,99.00230953487147,95.49584784085212,40.97313544706314,1957.386721133039,1017.0758149731917,1950.094646122857,2006.7558250511124
96.97289377548516,38.14118104993608,85.96877802475277,40.078571282087175,2006.8032980740304,1028.3658684213467,1964.9200887731292,1970.1294171164627
86.57212093434224,85.88492862170851,37.458303095117216,36.14284527857686,998.0982404400024,1970.7397125560612,1001.6879564435642,990.2573662349487
93.12904378036689,85.44240460616187,39.126415307206656,89.12913202979634,1999.0285975898933,1965.7467987931507,1986.926668945278,2012.9401794358964
95.20026388838795,30.170367297690138,38.887443369276916,37.38156072355662,1003.8753972478551,1032.1466545328722,2007.5341393597273,991.762026740869
43.480152185337644,83.22520218288429,39.578704966791435,36.8374664815931,985.3782383267342,1022.2517207228093,1945.117907295604,2023.0065399207233
84.49644713522255,88.99074584461239,87.07197260228608,96.53830183465504,1931.9956073027638,1962.32054025587,1001.8289737740347,1999.8099427653133
81.82447428468762,91.40931611018495,92.96706200084049,87.12954629592876,2015.284949222486,1021.3472369532856,1000.9326235264343,1015.4082737605918
95.84964263217725,39.762638527278185,87.61051341223873,84.5811529197517,970.08348262841,1945.2306890687576,1009.9098685127951,1026.0408948830275
95.3098946155699,91.81035786705492,89.92974685170533,39.91943453445617,1014.73553751033,1011.9550280325743,1008.912165703675,998.1139419787929
85.80799953874782,90.68747173970986,98.46589427760239,40.41559699647372,1987.878426824152,2009.3665494029758,968.7713994852247,1005.0923906300031
94.36316801840303,84.21476976759654,40.25254806838983,92.61882167104262,936.0960892305088,1979.2408830691659,988.4554435077754,1955.929213519753
95.5365393791977,41.700419265076654,85.9023358377511,84.74047394829829,1940.0178009218068,1986.7608188220513,1023.6516283386582,1988.4433640246339
88.83138331846425,93.97160649503614,35.43868309507052,35.34274626144291,1032.0429156354976,2004.9328549547326,998.5907080915288,1030.4000199917716
90.49007739472475,88.56241146440998,90.82382616271744,89.12128174034459,1019.8189441935197,1026.8346662020983,1983.1043969943921,2033.3907073449257
90.06724865785328,37.97027043204956,39.22344294056551,89.37831338772237,978.7319579800954,1043.4694887966739,2040.398041368032,1989.2792232382378
41.937277184365996,37.29484793727501,36.07737625927885,82.16906377263699,1003.2650801594821,2038.626115797451,2005.7430158524644,972.8547008766933
42.53422848747469,87.66471436827725,37.368438863163604,39.67218572311113,1945.814586518615,2012.298998054029,1936.715438331195,988.2389405962158
95.85341731542246,94.78166760931097,83.05310192147303,99.44490884192861,2046.0543977127722,1000.8215028704135,1997.491393957232,1013.3274739772517
93.39209979935738,86.21548033265879,92.70711420763466,37.96582001519148,956.3963469472728,1930.3425616987606,1018.1147410315418,2014.9678137162675
90.18489924703272,80.02793821035532,93.08054025504296,90.70924547952495,966.0109126199236,1989.7987268266645,2015.6887136137386,2019.8721116697407
82.46961196406457,39.93878630263093,36.55598239093672,86.21297715825003,2039.4941954726203,955.4676306614967,1008.6457518153672,1045.2546780607622
79.28873970351442,102.76482408802515,78.27598964258614,35.88425906585785,976.6160337584145,1998.7913628634085,1933.2685144030538,2015.3684187226916
90.20825569806249,92.70722853212611,41.19408881304345,38.14972232700126,1998.437639537253,1992.6978369529236,1989.6977136870653,2000.594558892874
45.08220058655914,41.914045019796276,37.168778285655804,89.23601107661125,1997.5651891532507,1001.197654389367,2005.949857237283,1005.2471448111264
85.06597763644797,40.08038710268748,40.23418694241125,40.47206599168315,1965.2389693004345,1008.8014550945004,1974.9030097522275,990.7280964295567
73.3997091274575,92.48463408046568,86.78876667852181,40.68922206707488,2004.6509257415946,2048.093703188483,2039.6042531625865,2010.516862328582
42.233490351851586,92.12134747669394,37.368136430232674,38.410412053342114,1973.7133134901562,1974.4167131529305,975.0564545824982,1005.2510033469109
43.99608289190318,91.32093570047584,42.59701728850455,38.707514967266754,988.8836846987957,2018.5899372616063,977.2689094451434,2015.687839073537
93.12485195549976,95.088867076534,90.87185846888198,91.96721577203783,994.4216802128935,2011.9957930272049,1999.011152791198,2012.7045039005543
95.27551389553129,93.21451475841044,38.956479429841906,41.156336973897275,2033.516499442202,2047.3777575689448,2011.9729000707125,1988.5872965465787
95.65367646149878,98.05433754067812,43.04527678092737,86.99043411505777,957.7651021595807,973.7566079330088,1989.655988722654,994.4413585323634
41.70316590402266,86.51356510822345,45.48518014501343,93.29158969245806,2008.8881642359195,2014.5804179242316,2008.6622872508121,998.0530985369298
86.63414573394587,91.32891892200188,93.32444816803097,40.71888764424,1014.4115582326215,1985.2643263247496,978.5231964886498,1022.2523268850882
84.92774805391896,97.41564167578969,85.7857185807577,39.99514630079751,1990.395095744397,1011.8107972261398,1032.411671053227,991.22810059212
42.01114016660734,87.39788252210619,39.13539543090127,39.85625850865212,2007.3655947030145,1043.8925512353032,1009.8060665126683,2004.4375476567625
89.56850769990383,38.8150143778615,92.93881242243421,37.72225859020901,1975.2414837386323,1998.551993292832,2045.349192806517,2043.4007384906934
45.00958195304814,89.94334116787653,85.87496858497101,91.30242963143208,1976.2700080982456,1978.682109183145,2071.5537699918923,1996.7030908890342
47.32271099606609,39.39251545305603,90.21170967042679,96.22355450607856,990.5696860558091,2017.6491066475987,1988.6928989060175,999.4220370072038
93.59862521782784,82.56197645999958,88.95001239146951,86.64210924858136,1034.2959570693715,1981.3346470834256,2042.8503673907035,1970.1227883602417
43.29082678520285,97.78427035488625,83.33855965053306,88.9780699776283,2045.0327363577346,1970.5806406908198,2024.7530488394555,2006.1833977940048
85.02501352535948,40.8926120879541,41.18455964735804,88.00451200951284,1990.8779673586582,980.8262499661166,982.3187961392921,969.7075682198889
44.492770655913276,90.66766633964545,39.60852666713236,90.32144429782264,1024.5261914661894,1984.9628210741275,2028.664874144268,2014.6226009783597
90.37501185172253,87.32486152822247,38.37375287388966,79.9669326917574,2035.29403501422,2068.643934382696,2000.2926475047143,1972.701965177561
90.25892887918721,39.08315466325614,37.17144319155296,90.0030187243934,2055.5756511594036,990.82705071965,996.492984358898,1993.1553473495615
90.90537724807926,36.932484947000646,37.43346168830513,87.88031356788326,2051.1620608228077,2017.500840551794,2006.8402411704726,967.7805700189878
44.24276392889443,92.495353650862,86.12393332619769,93.96669933564792,965.9459586364876,1924.2935158226724,2011.6553100537774,2006.3905230544472
89.42885672393393,74.93054330170483,39.208505331326435,88.69043371078973,2027.333866316295,1990.9026282927425,1045.0077217794483,1950.814161447011
87.38856746203024,38.53548026655586,93.41206928417644,86.16209969229006,2043.2271867008508,2036.2488858983995,1994.7202707176382,2033.7060287548709
43.843900700911206,41.07697356002542,93.62411826090384,40.33778214408896,989.0233439829049,2034.4058604608306,1007.0748911435974,1029.9706896910088
86.22421916482857,40.324423836813715,39.04632911599822,38.55391567055,985.2513555940235,1968.344109333272,1022.4646199531667,1041.2705803849576
39.33905157099028,91.09263063086388,40.09452826515859,85.99107531451612,1018.6508652843049,1985.232268587375,2027.1492736685666,1985.583407206571
38.175549621357206,89.93662802279314,91.16538809060502,41.35782724805682,1020.496983570452,2034.0827924826663,1051.1903997106276,2002.8176807105815
87.53153295232566,41.123450594348014,40.223055246219914,89.5864466841619,2002.9215972186855,1021.6171979080164,1970.179932239552,993.0413812940386
96.68763904824351,93.53540548113385,83.12728722470774,86.95378692064779,2018.1134078651887,983.105150793029,1012.0842948105274,992.8719518709064
90.75991998041557,42.04787879781759,83.4849720992946,81.6375855312338,2012.3589108771178,2005.0779668422747,1003.7790885968736,982.4977114351583
90.73725148762932,98.78144208126182,38.20980329946269,97.06715863501955,1966.1784694870332,1936.8189210306846,1947.0188713438586,974.0360991996982
40.70483851254683,97.5077416857669,95.06855758898371,98.86071740080885,1986.1787443254414,2008.9798835059185,1978.8730264645014,1013.170303867989
90.76164443182718,35.58007864633526,36.580137573714254,91.93638888986342,2022.5484683344782,997.822048344889,998.5882459775763,2008.7371773388802
95.56348570765724,85.55132893147837,36.13761651130402,84.68616892207076,994.2446105589748,2001.5049494910936,1000.2500536071962,1973.6540942069405
90.17322240270495,39.66100618918445,87.50355472364602,85.39687762910796,1059.899309602263,2016.9371840849149,2010.9644545312958,1971.2054518366408
95.38431019273662,89.36414109018175,39.64502927783149,93.5975790552908,2058.125649102194,1981.9525843142715,1976.2400161939454,2009.6567334098283
83.01808225342722,94.67122071543326,91.68833871432501,93.56537914183755,2012.5415989344913,1025.4828750165168,971.9215544639751,1989.07996481553
88.38843293766078,42.40325732884536,91.52312815122717,41.47332558746167,1961.3790251021278,1986.2339073781409,999.4184602697726,2058.4399507538533
41.86736708681343,90.34186774684702,85.9706554778146,82.73291557892477,1020.9791387609253,2054.2120085760134,2020.4384525200985,1950.589015926945
80.90329490369807,38.79461288008757,35.96245252034532,36.84228816701486,1988.5498320002685,981.9385809144264,1961.7110171834793,1965.6521520855083
88.18671789823019,91.12468886498161,37.741663014760746,36.384044300192,2029.3419895998863,1010.423743143084,2003.794475768244,1052.3451833296772
87.86983208224648,90.12568108111812,37.13879204333306,36.65245620474407,1014.0955091648784,1978.6366136391434,2006.711384515128,1983.7192189108928
41.42098812531424,93.94374273402507,90.80558108874973,93.7316515007432,1028.1062302988082,1011.8190652442183,1984.8006426682575,986.8543771328699
79.8693470232865,41.7137069603254,88.06224050340408,37.38912823284327,2007.12128683573,2093.8750025885315,2000.083007111636,1971.1780950781829
94.21105162322043,96.2722592103449,33.52384005342812,94.22975565680848,1008.1315664582394,966.7176131340991,2059.842652150411,1970.58094460782
89.47006626482373,96.587373007495,33.53728082524462,88.97157946146947,1969.0299059032761,1999.988968708291,1989.9435457783025,2050.1065055834647
45.6604765802182,90.36945805562475,87.39730648518568,97.83361116658811,2034.7400723295955,1010.35693192039,2025.824581082189,2005.2421376113523
86.8385592737436,41.65580334882604,81.1753781036569,86.54246947227693,981.0739556883018,2050.912348832312,2049.825258013872,987.4894771548185
97.25815880617243,77.47091717449122,38.135647538717365,83.39982849018298,971.781366261558,1008.5659985875773,1033.4797725110084,1999.6523664888157
99.03082400164821,87.93193889107874,86.15973546151577,93.40034092449056,2008.016015629355,2019.348818590566,1959.7808545812766,1932.2002334835308
41.491770398508685,89.48605080797975,76.65426829245901,93.06187782134116,2053.4786681115966,2012.3433904956842,983.6364544806106,989.1418000509769
100.73814551140501,84.86271675933358,86.87363239784834,96.42819267296439,1028.8790834603374,2013.841996471791,975.9938500918493,994.251401379759
93.616367729741,83.61854282938596,94.58177463995497,39.741755050493055,2005.5520269688352,2009.9801277890679,981.5149240298933,2032.4555076152997
39.7649380478357,37.022863065634354,91.18910785356768,75.92929797301825,1994.6678803931168,1049.0304165605621,1946.0873168464182,1002.0693534757177
94.53738461306425,95.96970689714071,82.53001355302443,90.36139381964746,2000.5145022459965,1024.434733805447,990.627151011603,991.9372952638042
93.51217844134264,97.22072475420502,38.226737783630156,38.718263048951236,2023.8427791414783,2035.65842584254,2012.01256980627,2020.1686192708903
42.49625419173087,36.79551601166339,37.02614649955807,79.40665816552539,1016.3171566362078,2036.5941630772593,1961.7755431792227,982.0428585978234
100.69176104365367,42.98241356371691,89.40501299944428,88.9937948283475,993.6080991772983,2003.6388563872883,2009.5595886391118,1960.9045082877767
92.37121165683573,43.644338852902166,93.1603051794445,92.98413369314645,1997.4710969328523,1026.3485706600056,1971.5255963432076,1018.2050465401903
84.2525650713783,37.46804131484037,86.5648454759614,84.77173059768614,1983.9005346056301,1985.3229378467079,993.8709222836553,976.8698357430626
44.809849865610516,96.64118021884349,39.45838812907037,86.06807221624197,1035.9570363059274,2016.7477794743381,2009.0787584949685,1962.2817968432591
84.92298836461374,92.86648386414201,93.30736886873984,38.648058532797776,1991.3164294491216,1004.8959685401965,1979.6810285564666,1998.8954003165843
93.9461189310899,98.0898208813396,89.46166973578627,40.35822393681024,1926.328170944324,980.9568568201146,1968.0013696716244,1017.1990247748695
89.76623800532734,41.85189465661088,87.65508135255615,82.91967423079,978.9408588309311,2042.9936118579021,1940.764277017483,1972.2579591629942
91.65644384838231,39.62109168943623,86.66874810550827,82.27796163237343,971.5893935858812,1031.0994346228786,1028.8415142304195,1996.2870938915771
46.138294833335046,82.07940644647721,92.44625488468391,92.54394526151789,970.085820807052,2016.367537914938,1971.619714550828,1002.1696747763013
92.60388943751518,39.117117818051256,40.23622122829343,40.96562833383757,2029.763202381658,984.8509967767777,2047.1656695013392,1019.7969480929885
93.15503228845654,38.268769507966184,96.08755669168511,91.05146155920171,2041.0666238963868,1988.9248687022773,1992.3437298145152,2027.8675123954565
94.40551634645472,81.78497592079228,91.91531206730323,39.24163578173033,1996.490936968461,2035.8073437871265,1989.5471237101835,1023.7315182974678
92.4660821985236,86.18913261048925,35.95416979392327,88.67878682138223,1964.338113756949,2014.488462662205,2021.5186181559748,2029.7724001542208
45.08114184166173,90.31983016812329,38.86442423166729,93.20124525595241,1008.9560570565127,1992.6697378201386,2008.1596811530544,992.8685332746113
43.62517711644339,40.671768782721074,93.48743557557921,91.82080605284985,1007.355060389225,1950.2188791383187,1994.4640010270357,1983.3260249870075
43.24344271711608,89.75241896165186,38.04609861808723,91.82498771100359,2005.4879985832333,986.1977219548464,971.1879269510341,1988.1999641475463
87.87057942597919,83.07522823039403,89.09025829961531,94.69970436932687,1977.2658011715237,1999.0038744149203,954.8647471784475,2025.7288878335971
87.48171851481526,98.56781194533482,86.78245764282718,37.6983751801036,2055.7823916965704,2005.245352482452,989.7759687288132,2007.4113989983077
93.0920826939519,78.56551637704858,39.79419278718745,38.39320346444384,977.963591516961,1011.2294056262974,1978.6635622407161,1986.6771067245022
90.56776436928776,93.97257880585632,92.4140786278911,92.43006420655838,950.5975403502852,1953.4374597816543,1997.6906727427388,996.9096017064729
91.8617769176059,92.42865888177828,37.795251190466956,37.84953128602796,954.6948651513444,2009.2771253794922,1920.2908043712541,2026.7403953533267
93.75896045090401,97.5346559167436,84.28122996270494,39.77230098339457,962.2298176595413,2015.1027038995776,1989.658362254455,1945.6986469422138
92.46468845342515,87.01104991810836,96.25067095708658,81.14653440776682,975.6371129834461,2004.8377358370603,955.1493456319714,2020.853511862299
42.58234032759384,40.5444770449586,97.0032843182177,90.62867868779243,2011.720978055203,980.5324343193688,1989.254939063984,1958.8560528368698
95.39426246044364,86.62489545697318,36.463261818580705,93.5482319023422,939.6372349986904,2029.6151483761469,1983.7076255729748,976.5538878303512
82.80044040964901,39.146161886030086,35.367897224645574,37.00283131459912,1964.9270745693752,995.3718699333261,2034.6729969361936,2002.6492556342962
86.97133324147873,96.33843087312916,84.54700606702302,89.84987801292839,2055.8730392953416,990.328574076473,1029.0433165221045,1017.600103673311
41.57156675025544,40.8107294571014,86.00650353213226,99.11617077548249,1013.9849500347548,2042.8318740127397,1054.6776904303658,1028.2185463506326
43.1342530094949,39.689752047345685,84.51220099761198,93.59188705936536,2034.9512478727727,1957.4775857772818,2066.64245465194,1011.7677026460872
88.28656134351576,37.9921107132255,37.361185514614995,96.41717012232589,1994.272052409427,2004.643531633038,2014.1142957272746,980.7520509349233
90.54445432421318,86.76264277975966,91.86107225943407,40.53032433267359,996.2860240151492,1019.1556709334653,1983.5441489931432,1979.0533684243574
45.03125925081973,83.77995163741957,82.85993802386417,98.69266023499362,2013.7357371635655,1985.8438158204103,1991.890718797981,2015.073741096259
97.19155119802548,84.96703582276376,37.43866798334722,42.59287215765562,1965.4056232950734,1002.549436030203,1013.1829879268785,2021.3201459796499
95.81278934093424,93.64288176059662,80.57806369350517,40.830711561467155,977.5064853834372,2008.1871555795433,2006.3896793427364,1009.743405117783
43.64050027916528,90.15178120951308,85.45160562405162,37.6483304222801,1973.1605280505996,2053.6106945356296,1999.4672379288206,2021.6335318270208
42.358280380381046,41.5058920512183,89.62413807468143,38.853805576066335,2008.2997263122793,2075.979752086768,1010.6172431148804,1981.1381153035932
43.67329774376429,94.82521339999991,38.7166951677319,39.74951766060154,1027.6672763284755,969.8445341459433,1987.9011604797429,1971.514215967355
43.1457809089073,85.77132640869476,96.58826704201068,92.238927413655,1985.1684534449123,2015.3930823214369,2008.91337379972,1023.6920716477066
43.218060754736186,37.67541149024093,91.41346578096146,37.98631008400409,2009.2912577054142,2037.8240907074685,2000.5866536322208,1951.941824919209
43.119580485136424,83.67712719889764,41.762362555885936,90.90844917879151,1014.7973456076181,1932.2448634286736,2019.0004546175915,991.1853408681911
39.80489515257083,40.643307585265504,96.6544210072938,90.21482449690382,1963.9938372204329,1045.4284564388645,2011.2739784405846,2025.389362957174
40.276362420665166,92.4362019809059,39.47371903942923,95.87386920280314,2049.6299476871613,1997.893355714509,2014.3224902870074,985.6394321574305
85.8393506936269,38.350816822739084,85.27926458706091,95.84781451646509,1981.5662701152417,989.1895474162211,950.9726249355648,1995.7333830159607
91.21113350188321,89.49171276123505,83.93129715388423,88.85388662874259,995.4673054767886,1025.3612194728366,1924.1286098016355,2020.3703808980556
98.3895104156848,98.06703724889842,86.62033411943271,86.13607169808533,2061.2275261103337,1010.9819820958633,1008.92979293908,1007.0172143832124
97.94867180545967,87.81682941802025,88.79177267474513,92.08809113452548,2008.3523146989482,1004.0288219272369,2046.0976096230272,2080.280628992896
42.962286827435705,85.46101848698463,84.91737475745313,37.73211047532894,996.4849240652181,1991.157332022546,2012.79155311693,1018.9505583220644
88.41001362432907,41.71987490382113,89.70763877176594,93.44983679690542,2016.6401888910368,999.0442640424608,1961.1742599677264,2002.3392009404881
45.32593598935047,96.44522285756388,91.20877214894732,40.88786367520677,2012.3358459287265,1986.89427818098,938.770699159099,1978.080470650055
84.25268976029572,37.88044837141047,91.86727251401568,85.38376080822103,2049.806270891636,1997.2509619563764,1958.1193129713786,1969.960721134367
83.43381592029375,38.21185498693434,93.48175955301454,42.638652024549394,985.921899987422,2040.0228103363697,976.0513747988707,1011.9834782821139
89.66814383584294,35.756065072684876,40.05831947990475,96.73928619858789,1018.2056611156863,997.9266604710203,2017.0151496760145,2068.389341590527
87.98889662613804,40.502366987866374,38.45486122678841,39.26766198713924,2004.69625422401,2012.7964117750778,1962.7947937895458,990.0598306332427
92.25483047778977,93.17441458993686,32.027174529485,38.67247051262691,1045.7557255315073,2067.846172422431,995.7813805113819,2047.2041249723966
98.54039740649141,93.74461838579799,89.03950161702488,87.95260160021508,1020.6155458095657,2070.7478148371188,988.1925437214691,1012.0048784249589
85.02215613846705,42.699518698690476,40.360516548345785,91.33442990894761,986.5274791506272,987.528659369536,1011.7261055220426,1977.8967242679423
87.92335129442439,98.52190729317749,87.70844635745081,38.21804996241269,991.9388010426896,1008.5154597542789,1983.954335778733,1044.5402887453624
82.90869605303088,80.73547252987758,86.63888967592632,39.93439747968003,2001.092745752682,2050.1069872407083,2007.4107472340597,1989.834038562855
86.67316299809146,37.55748803448955,89.46617672906595,38.54174039030096,1013.7998309793903,2032.8359722217835,1989.213083137408,1965.0969791794744
93.23955190704086,88.94414573665736,85.00298363162824,37.506160639539914,1963.2007317236487,978.9756165411726,2017.5158969651218,1026.4870521005018
90.37849909024376,95.05599821842972,40.48392111292313,33.53769513478135,2018.741928961481,1993.9638319373075,1005.3962904321263,1006.7353069525508
40.470868836744984,49.98350369647312,42.22874338040451,94.56965593538041,969.2359925862806,984.5873278044533,988.5816882532627,2052.3086710723414
85.86160913061306,88.87307826692422,93.59533319047621,86.90570178556624,1952.7208682792068,1980.4103990053761,1976.4971622471282,2014.1443452707804
39.19867545677695,37.32205708488398,91.8195831229009,93.10355332236239,985.3272693030556,2016.0956814329734,1022.8254084973149,1022.7122552906374
85.84940398575066,87.773428974057,39.00530781333743,88.46859035586837,2034.8887144440735,1020.1751839565188,991.8708679742863,1014.1729478539546
87.85711122987233,82.86431505650135,97.44446732628485,45.934514475365134,2011.8015636790428,1042.2398000642984,2002.983908306349,1980.613003792287
45.247128615622955,40.57540751869343,90.09961522872554,89.64475073945712,2008.4769808966112,1009.8674516780882,1986.0650756697828,1000.867307604655
46.99918213189791,89.65920360064608,98.95772349638926,89.04766208495693,1981.6737831047453,939.9953811821453,985.980343095978,995.5469912543869
42.90282567388306,42.53608735318727,90.75516687273885,86.36890722738949,1971.785622843249,1980.8051021339763,974.7649507568553,2007.5536241563354
87.93795715423497,85.52422996895893,94.12006754240049,35.133640341773,1990.4242629876253,1987.3317475832969,2004.5275397331386,1986.9354313180863
92.91306772547084,91.17630834137404,88.76924410877038,37.6462280438536,975.1837058079468,944.395320142525,1970.760055229591,2067.2638086080165
41.52111442179174,42.567685630572676,92.53815431488862,36.36353889817638,992.1179856541962,2026.077145240655,2033.1018727570465,1033.188549292829
42.275143450683046,40.29520573924509,91.15909366628753,35.09039187583732,2013.337296064827,1999.785545573204,1014.8287737712901,2032.2696830573486
47.61821070432583,75.7295949648816,89.91613817992062,90.5984940149654,1987.06107321325,1977.666637214151,2025.3499103785994,994.432264635286
47.95333221512495,94.84592402860821,87.52151777113714,90.68450113451541,981.0304882457488,2025.4473585007727,2018.4937743098055,984.3085066964247
98.09408200272128,95.5626868420187,41.27812590940543,37.19675215604396,986.0526455248553,969.9472129922501,1009.020261938464,985.3429925754145
97.27240851019843,88.95910649986783,93.2793057120942,36.29199450339347,1977.422031046353,1996.7008362149365,2039.1688936785977,1968.747059765909
44.648149663533175,98.76881793985982,80.00991332217362,38.757318082494535,2029.9633716085557,1010.7194824874198,1981.5253532870088,1980.0597538711154
91.01034467283964,86.6454813542018,88.31843404524885,90.01568237156735,2033.2355268996619,973.0298669846062,2039.8489018068485,2001.4138432428751
91.89640616830613,89.52125873920667,34.202483314980654,91.30517601645478,1005.9243290803838,2002.639618359889,1983.3574584193593,1997.9250383518806
93.36363127491639,91.96232406652823,81.42498167751268,38.884700598095776,1027.414688033082,1017.0371390707187,2032.3506132292675,2057.016759325728
88.47190822834574,39.17143028681309,82.45508945358101,40.648972308636466,1960.1366175718413,996.8850180846981,1995.7625364164762,2011.9687167511465
90.67254900937958,41.73175418496021,81.79370189408175,96.53476597144433,976.5513813060954,1009.7282260248111,1028.030940675514,2011.515415351478
84.04671154483606,94.55375936929512,92.51435537933772,41.56429002366457,1971.338571116434,2014.143209260089,1982.4844257620011,976.2860374113116
80.43463699014845,89.84602488439764,37.348432816787934,40.67813424086222,979.3949842922423,1009.4729840509098,1963.3952468327411,989.857904389358
94.18521914471245,39.30867565336165,33.07266933112329,87.91436916006445,1000.8887095449234,1931.4863364865253,2028.342096326273,1959.0849673991174
45.53476578799781,83.52175865583912,34.16023579731673,90.00370423310659,1968.1827658321038,2023.3304314758493,1989.2331950000184,1957.1319909226659
42.21561217454027,97.98680614396713,88.91479259466922,38.1443142587099,1983.43533584304,981.127082359295,992.9492373096723,2041.4436962946952
43.16988110368122,88.75369226349595,86.86823411541856,88.81280486191424,2061.451276667233,961.6890628826725,2041.3339483273999,1034.0157228104556
90.15522331013561,39.22838261260429,34.652382590467276,85.52467571272467,1987.5486849203362,1983.1685644108693,2035.1808965750797,2068.538994439089
92.85987161247348,39.44705211118945,38.34041244355671,39.220968513554354,2060.445909491207,1982.1349938444719,1976.2327673373172,1994.5845670057806
89.4606390752463,94.5056652277251,38.460369915202236,84.36127729882568,985.7221324222032,1955.5769871315108,1989.0900123680387,1967.579384788042
41.92382954347186,87.67446587528421,39.94194390767176,39.79870768103933,1020.8544648465468,2006.6986776366773,1998.6539446170386,1960.5541928650532
78.25143532227601,38.70871132553669,79.84150666984965,87.83058025009524,1012.0755414768595,1987.0859653847613,2011.412378252413,1031.2798255067128
89.92362392512459,87.63097627343487,39.046558444541766,89.5903435311831,1993.6598217912995,1004.2775615452256,1937.5726749194137,1027.1288181124276
43.74846898016632,39.15446559287729,36.96138057324426,40.4588158931612,2046.7577161419063,2020.7329190217176,1998.1097446202807,1991.9569413579015
45.66907772117969,90.19846898382235,93.63717401085914,90.29217175204666,2058.527161694575,985.1003875685299,1019.9375378310062,1974.398899947933
85.89335668173082,91.86534354167583,92.56942264816587,86.8110041590514,1036.9772334572453,1996.6284455578573,942.829664236952,1953.6317644124924
46.17015436268899,98.80527834175433,91.42544204294339,38.7095778766218,1970.6152303678048,1995.215310492441,987.1579620121713,1955.2628182536632
40.974966797285035,84.18809728104891,86.51631861926883,88.59298332684853,1954.3709974606693,1997.4745469043382,2008.6246453334477,1018.7768227040852
40.25357057268625,37.90603454168628,83.23426034755883,37.27600193156858,2011.7463469345644,2058.245510659963,2042.9377238064162,1925.1430724612135
84.61755801901134,97.19900489224983,90.91054737404603,36.90253074089058,970.1584445463484,1022.7229677700576,1984.5373668516138,2005.2853935596183
42.784270664003635,37.01381440481764,91.65825416798347,38.70992203439285,1010.4694438101037,2023.4612059266262,988.8608259847924,1943.9283568611932
36.23535851508639,38.85411054739298,81.99841440316699,89.00010876096398,1021.7750020335232,996.9877152562833,2003.6893267286168,1002.3036713262707
34.70685134423108,96.53659691402925,39.30109324098767,82.1695534234771,1995.0238996014073,1001.9079098981504,1972.5428931139593,2058.9364257870234
83.6244953048025,94.41426682346275,90.94304731571415,92.90679412212677,2038.6566664063807,1965.588642894643,1956.1429795872925,1969.0820629450855
86.65663901356612,36.60196017048128,93.95878129539248,38.607816521751985,1971.2499839204443,2010.7584362570672,1022.607814151706,1983.3144461654056
93.95453601275916,91.83009634705373,91.29899016726411,95.99248062235866,2005.208100909321,1996.7167511590094,1011.5325523287157,2020.013715180588
42.45714900434073,85.72962378371618,93.08230368531886,92.07894362314221,1985.1883876367538,1932.8295636834466,1979.1587959459557,1976.0805037393468
44.753671409296416,88.66663108355966,38.97481553014131,42.57823977610928,2045.7376324940726,1986.85845808476,2031.7015528325317,2042.0240995537913
81.79648466988131,39.644419261953246,96.9468697394296,36.104804744546186,998.8314420981635,2061.967963111038,1964.1673982906664,2033.1126036120068
94.77513702079838,88.3081987246512,92.2709881472279,87.05066407031364,2002.0233963415483,1003.4504653611708,1916.826814246992,947.0309542723974
87.93587185918742,91.33701667352605,77.15583042367822,81.77938299318684,2001.4008309749659,1981.5235678371923,2004.2698436572507,980.5755614349453
87.44277320439886,88.07202280457558,35.188521319869466,36.26284157501897,2003.9070461226313,1960.6275419605952,2009.7480097921834,1990.2467141000895
84.84765350193878,42.19152108784154,87.7386674428065,40.65061612542448,2046.5002337633382,1019.6239962364936,1036.6549007175468,985.6873536286078
47.92909786621895,95.21245514965022,84.79255976064314,94.69851584940996,1049.647653701661,2023.9445512409077,2055.0235480019514,2016.4416159599598
97.79641578020247,36.915607652169,88.52052152129171,94.66157710220676,1994.1267291877691,986.6391360885416,1994.6363370225647,1021.8441482550369
41.775308514540896,39.838652797870424,83.561322867759,82.0311747903816,2023.1503925383665,1997.9737371575338,997.5520800212125,1015.7144580255247
98.67911871170307,41.97350898411686,89.38940999545353,89.9761811170839,980.9651413596062,1997.1223407198518,1944.027396821482,1980.2081224630808
46.303340724146864,87.61369447730152,37.824309245502874,89.56554715443541,986.7243092387235,2022.053898726522,1992.8673222678456,1923.8272845940921
93.5265553629943,37.483096402187,97.63496898285776,35.276300540756665,2047.8201009392874,2030.6773470510789,2077.898993865324,2022.3648298104017
88.46106487443038,39.17189164534176,39.24330456293953,83.55273027770764,981.4418560893423,1991.3552616079814,1916.3948566532483,2005.4034805642864
85.35257231197818,39.21235039777008,91.45290976329845,93.86998806540733,1966.2337117536356,983.9361403786328,990.8899636118217,1000.1525349706943
86.64677906495858,94.833153365543,42.63689895876726,87.012303211265,2008.9046185924776,2021.264664646532,2005.4156859637292,2020.29732247446
97.82814531410581,37.21223088680066,88.99107604651189,86.75006956000523,998.1815464107135,2007.7725421578284,1975.72475767079,2029.5827934919755
92.98169219382702,88.2373384188566,91.6573345831493,93.67128172511649,1031.616645896873,988.9326477221862,1028.014405657191,2011.9073433220299
44.40103878938647,98.04107587309502,40.544068470669295,38.38015440746374,1998.1296802858442,1978.25712151414,1991.7115866055178,1977.018963114327
45.17977072967533,46.200334299491786,35.17786290595264,95.3554170288029,2001.2681359422218,1025.1725463329005,2019.66374073392,2035.4067625593768
81.65550496611917,43.86518683673258,37.82365381549736,41.7235212587798,1941.7646107760922,2029.048428887555,955.5055990318756,1031.4939529198737
94.12434351974964,39.646740749124966,43.48699715889576,103.47133495752742,2031.3045641832794,1979.4294560291298,992.2276611472405,2024.7322833026658
93.13909758092717,88.09033585032363,87.76040262660013,89.22583754256105,1027.4465311547763,2048.0081262703466,2005.2706694188794,1984.867716520647
88.48023113100544,40.0754530149281,86.1891320120716,92.73985674820563,1982.382987059812,1969.9874604926256,992.496004494503,970.1578403735714
41.14396904995205,39.12561336719948,33.44577563200141,39.9586899554012,1000.6968762454792,2002.3205730461261,2044.7848128252658,986.5437279926962
91.84997342741345,92.68340003003368,88.4379890023671,92.7671095427442,992.0859736207345,1001.1346098527273,997.9880961515171,2039.2634793986915
43.91299402218752,39.551305043360244,37.65003330717772,87.7143002247499,1978.734153046572,1036.1519091588384,1994.9161957615838,1970.100815929532
92.00111422454987,42.14109759982739,82.99278822503473,92.96321255800282,2009.994471228535,1951.1568100269988,1980.569807207774,2009.9040370547605
41.8859909337708,42.935220654308694,93.05298911791905,90.71164949316992,2026.44018738902,2012.1792294988854,2043.676669271868,2003.4958153721138
41.01159509978872,43.07380459469564,37.83045444940199,90.76645469540891,1982.482943556964,1945.7145355992013,2021.3217916589533,2002.2086264812417
96.7991918371051,43.91043883472186,77.89586195170921,41.71291299376429,1944.813500731042,982.2422774993458,987.4755019085624,1992.7238317515614
87.56012435526355,91.80366708375998,94.24035868082306,38.23171227403138,1016.2311203537481,992.3046297639784,2009.2597777320984,1974.174057353208
46.08080695487098,40.64692277741237,88.29307171479185,37.83912995206228,2020.3863865003273,1975.6016593878296,2049.7553444003584,1027.1911776487245
90.8992509618891,84.93207543604733,94.48373942608461,91.99291260335514,1011.910567763573,1979.0452907824965,1991.223457245494,1951.6904727307744
41.28957069830364,86.0636705404936,37.744319558775175,86.17381363413925,2009.9610794296539,1036.6311757781286,1974.7677649290645,999.2658691961944
40.25557221994373,39.14673194654741,37.1109581787879,93.1147594514558,1957.3469081329845,2015.0673590029046,1987.775348883143,1007.1751749267097
85.89017894465474,36.758240818512675,86.10516792648117,36.816776794150925,2023.0811982650303,1018.2210958290634,1022.1208753097615,2015.2727029532728
88.80848254853939,39.535630215561326,87.08961501631248,88.83947211158545,1957.2514888257267,2012.1247819597581,1020.4595572533467,1008.2656073880667
78.91170866225613,86.38820686976382,38.348933849601636,39.493526222647816,1934.4273289219987,1959.1452413341979,1036.2371650503605,2031.2637615746867
44.30288322207815,98.70389378859761,40.26591630787412,92.42386121361153,1992.78182449628,2006.8453379896932,1984.9783667221454,1987.1466670902723
81.65853121689968,90.53641993998788,95.54090870220114,38.804855234993134,980.2265347632965,2029.6626905069925,2004.687487707588,998.756238483023
89.11176392459055,40.982290889459165,92.41175142088841,89.99573909716307,2027.910677655272,962.701871788393,981.3236333923686,2025.5961412027966
85.29017608476894,39.11424775770377,40.15648238698842,93.90158398273184,1018.2135652225732,1952.4235497022098,1001.8775922422908,1942.3769234417825
91.69918053230434,90.79773568401158,40.401738733281576,38.21392641135478,1983.2188128847743,999.3510239111088,2014.3444065398878,991.8162207708135
87.32508916063,93.5501827929203,105.35435981023215,87.19242760744656,977.148027840924,2008.0419825193137,2047.4572994292814,1974.8901267110482
43.01875760580445,42.70424839516012,89.14736245964926,83.64844773819546,1978.1321804388645,2018.515984398071,2031.0459689584457,992.4068770880767
43.70128173478056,88.91063868154025,37.645179489185054,96.20234929280667,1994.0082380305412,1970.0764838883174,1032.2414000237538,1016.3269850952797
97.3907331770874,92.69858818339799,97.11201283649453,43.698429644781605,989.6725072599309,1949.2013968314927,1983.2206271225182,1021.0208818189667
100.05045234812036,96.09956606970181,91.53071459390476,41.328001670579894,987.9539623215999,1995.1678528862008,1993.2040538309504,990.3360345741839
86.4055549935725,97.57900148632326,39.263429568384055,83.83677987406625,2034.986016405147,1948.0650039153484,955.6859691540385,984.5570742230486
94.74746175888264,78.11175683478439,90.37543788409978,39.39209095405461,967.4856729689816,2010.8112910853717,2032.082299328907,2025.319888309804
82.39105839945779,44.39945630835324,94.81356259157488,38.746142405643084,953.4409376542503,2003.5598398098305,1996.174556754085,2059.662093338737
42.18575130077767,43.817586367855895,85.27176497609656,35.94119723842068,1917.253596372668,2003.1800026310368,1010.9316635471507,961.3394767204255
43.1892567353803,41.35686658459687,84.97805329696843,37.93639637366145,2041.365348164751,1973.1290487379179,2048.6425719337217,2015.302403987485
42.989578448825185,90.83261470059944,90.9131295852283,84.20939637511354,1006.4193409350337,1009.6145440841783,2004.151522903383,2003.8408241232312
94.09089901510474,87.27170527653482,93.11515550237995,39.92968282201154,2035.765519454162,1976.0042087140212,2001.9965827249878,1992.0927683115694
42.5710358663628,42.551631041310415,86.12039143609323,43.54294683622393,1981.698341880181,1996.3744947691841,1981.984749799195,1992.40161697788
42.70605687621966,87.40451179729581,90.79142688444232,88.7491786393456,1991.294577989991,986.2827398200677,2037.791173355791,987.6471237678118
43.72046908391141,88.60498625017368,40.546574674675,43.01226486769398,971.0459792012875,1997.6876988360539,1034.9191860006204,1012.0596728152905
82.57227463677104,36.55480206220631,84.69041847318864,94.30025043822702,2014.240695013849,1012.9856417829269,1972.6345027189204,1017.6296237983299
82.34987560051692,87.75117541531722,88.97275046627763,93.79086982391668,1994.1020007973875,1005.9406146756388,2051.2850126706085,1978.0177485675242
46.44261650431676,38.186781803493055,89.39673620421088,84.59333769499548,2024.1978053672544,1997.879254860154,972.5468396497349,993.1027584299068
89.65313196065146,87.52864269542883,91.6765203955388,37.3973225258048,2036.0969134416725,1976.7368047802947,993.624245286703,1962.617618053037
87.05825114484111,41.5469684045033,40.97827032879336,92.29645934104282,1990.9233132219572,1041.6161899370572,2027.3544002433828,2044.2820415846747
82.75403497239944,92.02523676314213,85.05045516855851,91.5885555179758,1975.0738714427628,1973.6549637136352,2024.761356855024,1985.947218370077
40.796432055080665,38.58560572585871,84.55621058048881,36.11876514154054,999.7284998275453,1043.9440744541043,1018.5341549529546,1018.2173812548631
92.36623060501128,88.08076480551006,90.86605644572127,37.15380873257285,2037.0313891129001,1964.6846147052997,999.8076646205652,996.3131781391851
40.55485688970178,92.5136232626684,85.60653071239544,99.91282722269781,1972.3714816505346,1013.1831052157875,2017.2729280720903,976.6585969401486
40.76712854823495,86.2690815416969,43.16782656035317,94.38607649394689,2024.1934584948563,2003.3087626204417,1006.5948118709023,984.1181997599147
101.75069212540615,39.17792031192211,98.10910987156156,37.9919838255734,1970.7108105412394,1003.5256501514095,1012.1978769136174,1995.8871701264404
87.14709932771675,38.98994748834909,38.08348149055605,91.33502543192962,2036.6890033746752,2021.714336796562,2007.0407047181236,1996.4556767678955
83.32266848959794,35.46614348990937,40.49374546993067,91.4537960932387,1955.474345976353,2004.9515313122613,977.4882415390796,2033.9849190470172
91.2343577532342,90.67243984058878,42.02714740328092,39.33906936852618,991.260887537908,2047.9076389233412,994.7112273155717,2017.475171394187
78.92225441635784,88.68045363803961,39.09106611968494,41.07041156062486,1982.756768942416,1977.7334082801556,1009.7138040320061,1966.724461953812
45.60139246890898,37.30396030985832,87.54475736883708,76.58413646032912,1011.9369315633419,1024.0303887975695,2049.7885497227285,2007.3586263706668
83.43066816453205,92.87683926170617,38.80869867095295,98.71365254397882,1023.8842408798514,2002.2205945504268,1027.7874426982587,2036.0562805273655
42.66277001290707,85.96708836599899,86.36059532040896,36.092924848733844,994.3515145622183,2014.8620672746606,2003.739961580075,1011.7958207117082
43.86221908657131,39.293644925906655,100.74795555340482,37.16087801598124,1001.3500026607637,997.9854921991899,1016.8163619337206,2088.2255342745516
80.89334366732189,87.26986438751882,37.36114299392261,85.87511397239456,2015.317194260574,994.1766745750007,2012.110929643743,1002.75101194746
87.61084367791072,37.16911797320602,35.989480730282686,40.70742358609641,2011.1630965016197,988.6880318618216,1996.5436284729608,2013.583008442184
39.58974028135635,89.4458932587217,35.61554752544471,85.1711506850114,2036.5298046600851,1006.5053974388161,2017.1964398628425,1998.4377278378213
90.44944109205927,85.4361546376959,88.7075964859777,31.613652187049357,995.1178292968168,1988.7784075247303,1965.22220703565,1975.8726576850852
92.86444153978955,40.687691322243836,83.61129261271165,39.08787417399975,1953.4045857516544,1930.302748365666,1978.022495382184,2023.1023302309898
46.24436662967916,41.424461507524654,36.66432013413382,93.3767238942847,1027.9406685558117,2028.987414607171,1990.904850278174,1009.8058825018238
44.33730479533119,36.645497787914636,35.67157207279021,93.94528220336542,979.709195068714,1028.755284272475,1977.0345268856752,1026.2512772236707
82.96786065015321,96.34231739454854,45.10976595462219,85.03332926775447,2003.295155160869,1034.7956381019615,974.3533098186556,1995.921896418712
83.84712505692293,85.95347316595068,93.87794675475465,93.06916292875661,976.2774107980733,2002.0670316391715,1978.1298833186409,2060.7993140482945
88.45929709493102,82.51871262377925,84.12969855704921,40.738346185820305,977.9039843931391,1972.599517663842,2015.4935545112398,1006.623745768007
81.44186228316376,86.29477823988023,35.50516260788813,91.77260443649385,2011.0942022307443,1990.4423938719792,2034.5505313616968,998.6551193511774
89.99907864300758,35.14110108342064,86.5491342944808,36.8622105087841,999.4970971666696,1040.3857962863426,1003.4652041326453,1973.5441638911682
43.009376731706745,93.83312877176749,82.66562903776281,91.31674519048877,1030.878310859338,1935.0370551643489,1974.1622094613126,2033.9358920234092
41.311278425378106,93.44145982886442,41.48487350015256,87.16044636153327,1009.982795851459,1008.9523669368507,1986.896011896349,959.6448247695912
86.17227759418878,89.51673900608326,77.17097586975603,87.5214386166436,2022.9470509454093,998.7474643509615,954.2379200388291,1009.9627396065425
84.57860999762448,40.090083902903984,79.27088705041326,82.99513074696385,2002.455246272665,2019.3587424804684,987.3277915229257,2015.2539537169637
41.692288871163875,93.7585832691326,86.23542116398497,81.42322351399883,1998.0876417560262,1996.8704641486092,975.0525251937838,1048.6350536977816
95.15319710003165,93.2906679484526,43.15991833176177,90.46618286370125,2011.9459300697988,995.9957724807648,990.0249531262239,2018.8417842642118
82.54275488485015,38.31420320950995,91.17128343917823,40.36845616404956,1998.1798827116581,1998.057510707436,2057.134958849237,1948.7588631134947
92.3641098917137,89.75646393634852,40.61066823113097,92.76140500042347,2018.1466332353984,966.3991189185651,2052.551472390402,2045.808809515822
94.90415789144677,96.0101580905774,85.982659236221,92.32519173466493,2004.9920446464378,1948.189670641056,1060.4072143097737,991.9429647708248
41.28794928007911,95.1749224859364,35.945885753551934,41.117697749036736,1082.110565750656,1948.7409640152553,1035.1089005766833,974.3635308905989
86.10794831106692,36.83856940120714,90.3247148436874,91.18739255551894,1958.5226356710687,1042.609716691447,1943.422705914744,1967.2690877699615
92.5204865052088,39.574342052563,99.44057982623119,37.20518410746577,959.8578268055988,1008.7495448118609,1912.5254779334896,1999.7470867704262
41.62329412587165,40.732455671122565,37.25170356366344,38.322661291830315,1027.791316392709,2040.8804689693852,1019.2716145133858,995.5827342340558
87.00506630951112,40.246031641890305,94.10912481096763,90.7223396919356,1017.6773087097883,2021.2368324830104,1974.5398784484235,2015.723002702724
90.43890398326721,91.89435986200762,85.04158452166213,44.68975653599799,1002.9234351760778,1963.4094954633213,1983.3576738005188,1014.9400796902473
86.82956979464106,90.3805774556712,90.83809291931335,91.96893848787327,2015.523428858011,1970.181792928451,1007.6002824679479,1982.4841036430048
43.72348768041897,93.7219154157723,38.12995121277132,96.11623769822168,1953.612338028042,1970.6782295906332,1012.510668874531,977.1989557993237
86.95088459332061,92.37490165924454,41.1703380660519,84.42036540993217,1017.2302312768228,973.9136458714489,2024.7095606754847,1007.4167211525447
41.80502356251593,93.97011268302356,85.95956300943361,95.78767131280388,966.0906138257749,1988.4303340081422,1982.8930073518338,969.524023646765
42.38496646483212,32.60506075900847,92.71354465696089,86.91055217923905,2030.9918316565477,2002.7024918054992,966.454273057779,2023.9100203095948
41.39844516093673,86.97105918198496,90.6236392681845,89.92170889020404,1940.053597822879,2028.7705398598823,1015.2106643394693,1965.0479538303557
86.79572473657613,43.4529869390208,39.52672305662098,87.54525325483665,1048.6639327466908,1992.774060941915,998.4114892915434,1967.3433833736965
98.69958113010608,92.85343118101487,43.103915491316656,86.52255172656493,2032.9419677934204,2021.972226285153,992.7528943192997,977.1725233288277
45.7770123910464,84.11369962534499,39.664632528471415,37.412622578053586,959.6208316786899,2023.4067710680529,1010.3596984672904,1010.9408159850898
44.5319872646552,92.00988326495599,37.99974287299092,39.88030060968326,1999.2113032370428,1932.6731890894412,989.7293317984115,2003.0762362903051
44.210102627524435,92.1577869692103,95.40753998712236,42.278914797252156,1970.9917605925248,1997.483443677462,940.4249988332646,1986.7558996986402
89.35062187318691,89.735340224374,89.7429457195602,90.34729393898941,1979.1071077792806,1000.7789795134213,1984.1151161391792,1021.7533851410942
43.16661904147108,96.83424883695953,90.86843839339626,83.52448127629935,2007.2319095952764,1001.0948570193609,952.3413553850107,1020.4981567991643
41.31232713176247,41.09613042676638,93.83302908480742,39.27399028546859,994.4938837194942,1032.9986575961757,994.7964918649075,992.8145100617044
44.80577978166675,89.0739574598509,98.1543134575049,80.08102568461003,973.056022863885,2006.8302422511608,1036.7671710120956,2019.523381360577
44.887966190493955,96.12557019045607,90.38722457422199,93.54288396000165,1988.687443359383,2005.9241878612238,2012.9303026124728,2037.5090113976355
46.97493776372097,86.25245080299528,39.29888939930744,92.48067378841192,1952.3921062703232,2004.072353372342,1969.8741109574862,2002.4141343345743
95.74575420813076,93.51028137930314,35.08590493798411,88.41924192781167,2006.82372738725,1008.5350232887472,2020.7619861936587,2025.0327769039366
88.33271553466489,82.19962623999886,83.6278239833515,40.80482276942591,1019.7509924973629,1001.9970810532581,2003.4633780017002,1023.947771486778
96.20322021914536,94.04927898063838,35.17697815469109,41.04848620187711,1000.4154100374578,1000.4719869373156,985.1046244254687,2016.5580761068236
93.99480822148556,81.73241029612682,98.11346087835277,38.81188749261881,976.9064954658525,2041.447081409733,2015.3525449212386,2030.5910749261013
40.006963822281534,94.52958535974493,38.09720041471547,89.53994929229415,999.8392824491043,1994.8252672404053,1977.8189921571934,946.982903011289
41.80296964917335,90.06934107715092,37.56361531645342,94.61874001363871,1990.2622524416363,1011.241235763171,1998.7526137104724,2025.6178784260414
90.86595790540717,39.1241850395399,35.00572940743969,91.31719425642282,2011.0990487707973,942.2361742840021,999.6622762125623,2032.7030398852942
89.67566911544161,84.81177353267002,97.34486979227155,92.8123745090276,1065.1203003624669,1961.7506439715512,2001.5626753074628,983.1699884883944
90.48599350020311,42.21310560663187,92.82093441727504,40.268073339230305,1045.3541048067602,2010.508906182667,1032.3133690456784,2035.0772491539199
86.08044537535942,86.41386079438226,45.57363028451955,39.525708644142576,1003.716097088266,1004.9903513591568,1005.7456233499478,1997.4474463777713
88.08972924893226,36.11955530379993,42.52108753669752,37.579776419569285,2030.6990908666162,1981.5985925138307,952.6601860877678,1983.861977690234
91.55546699599256,43.08385157697182,81.89875778443508,89.05682555971583,1011.0768403394125,995.2426720392382,1960.4086491562693,1977.4542262171744
41.41964094557067,42.024770641102975,84.43298491992557,93.47173134289109,1980.7244113917482,2016.395935984358,943.4014746530156,991.8697898286134
95.59749530231812,37.135868719349794,85.90017746393977,95.84575276554988,2012.199572145852,2030.6001990258364,1962.591672955235,2014.7213553465608
92.53863491221959,92.27342679410353,83.66228358410632,89.16924329996371,975.3293253175116,2023.7167774367606,959.8193214938372,2023.1664760663891
44.33044179294638,86.69183583171677,94.36533005170199,82.49324756396229,993.6659157697495,1935.2760705053224,2006.9764652611004,995.7753767691426
84.40169937549386,95.88760418012065,93.90123454343222,88.20888446126266,989.471059752595,2018.4556617657502,991.2484189919171,2019.3331062854568
90.13730673594907,84.10366736207395,37.915433467169635,90.50090313385869,2031.5252415945583,2005.0910566690618,2013.6669596018849,980.2910176924795
45.105180641608605,34.49887157004015,89.55019409778286,92.34241257383943,1009.7964050999149,2016.5316700301992,997.2605510956225,982.8558344863009
87.95751721387741,32.775606119528305,41.58945152474656,39.110572866072296,964.3152273450912,2021.1929010046615,971.9745323630555,1995.4469755421787
92.93339659245255,36.99043345520684,89.31178153170342,40.85085168887624,1999.9911399013758,999.864503917282,1919.1042074590089,1953.856075999142
44.094832448936366,89.71577859688905,98.13987033138665,89.07688664569211,1978.167777882034,968.1634514038353,1971.3100490394693,1975.345866448376
88.5911134101902,33.79195937153,91.19726228839563,90.924984172356,1989.64160404075,1964.1358970511474,1017.1642103612235,1007.872992047912
88.67466979112899,36.94385210863845,104.08527262828062,39.70189010466349,1988.241947568671,1021.3183500045266,2034.7310918331373,987.9127691427454
44.496050885156606,91.2809927608172,37.531550265380446,82.28202112819832,1993.3687824742392,2033.0964098242234,1979.0050158541248,2001.7365086708937
86.79043384501813,36.358082394760956,86.81863296570005,90.45543991724995,2015.6700801778045,1977.406804130297,2035.470023165722,2062.6311814139335
95.14806981008584,87.16860899572424,87.34556399424247,84.36275318583886,2060.6769951696856,1988.9638213239357,2009.9669680794086,1963.8131718699742
44.625569367074405,41.25625240246707,88.48420946319307,86.41107888529581,1964.6324224063226,1004.9438173236056,1982.2689533904538,1977.1802830706401
96.90824139442047,86.83064422172933,95.24366145930381,38.730489504083074,2032.460819721838,1987.8773166947724,2035.2694030044327,1976.264008988097
45.463912572966976,35.06424356576116,89.24668815320658,92.54580137666515,1993.547621038751,1983.888919773399,1018.0076725113261,1042.52688084183
85.11129526473577,97.40884724176159,37.66068234436458,87.84028079514813,1033.7282463618262,995.0770468544907,1973.370609358044,1975.2674996574983
41.29951501591161,86.85193070199131,38.16433871133593,89.19260720315452,1028.09615078572,980.6445090003849,1967.6364573172116,1993.5530963300782
85.66800182492112,83.10423755409546,42.299126991821005,36.51811950323879,1005.5235392975412,2047.3268722567184,1030.3109481977401,1964.086057563299
44.11246788366314,89.06188217126547,93.35177322188012,39.48127961420843,974.7243710968501,2047.3496823829043,1006.9671761530421,1953.9413070468934
88.66314593423301,36.83611499894147,87.31004702995786,38.70512667883084,971.8916802737895,2046.6269706221267,2046.6014514770013,977.046373323564
43.367779532356565,78.23921737565615,89.84563986729374,84.29698971053024,2026.1694790973993,998.1375529659583,1997.5550877271066,1946.5628970076493
43.65737543381517,37.54987262093962,38.35425932056776,40.12567804376992,2054.186903611544,1997.5603759746891,1993.7014655395972,2001.6336777213473
39.98760179136961,38.95672192655124,91.7692512763468,87.29740169265868,1002.2064963097348,1012.4135861063739,1982.3037457932219,984.6975848118486
95.03415657147576,39.019715896618195,91.3095795250398,86.14732026477837,1016.2892284217278,2011.6405728018597,1005.1880992458681,1004.9584287534149
89.95451826543936,87.25408750235727,92.73976471184466,41.507368361398505,1964.4874584852373,997.1900255273656,1971.7604087393497,958.2651827832915
92.2333638304821,80.90253185014593,89.68552781265943,88.72011741026334,1977.5404459790077,1968.3205894511098,2031.140680098125,1943.870064151675
41.85492574854478,43.039136529134595,90.16946454279368,83.56828436539858,1968.814796531889,2051.1117348252374,1978.2553042451505,1996.1187046536825
92.72629432434024,44.12834811110491,38.6768061686129,39.759280263249025,1970.3025255230157,1016.3446773106025,992.3438375955529,970.0517137119459
46.055369083688035,93.69051178348145,83.14065703883661,88.3578257582971,2018.0737595637331,1998.7491814468851,2039.6314892175242,1983.2665832982802
45.72456517038714,93.43554980556095,82.93790941138717,86.07748710850392,1981.9776132003367,1991.868247613153,992.8541749692672,967.3848877333446
84.63326379422512,86.87328485999933,82.76733233557079,42.12011492257717,1021.0759265233582,2042.9697963060464,2033.9990608288817,2071.0407175310766
91.84857802901742,95.35873534518191,41.14029230096696,88.34258393556051,1995.9248731995679,996.69693797433,1032.9665026365994,1008.8083732493265
93.18076093701718,40.237941665731974,94.62463028966366,92.55227315916845,2010.3392688322947,1015.1929721948268,2017.7682472217543,2018.1156319037002
41.28937835302317,36.952541738565124,90.59915991152766,41.81626487061011,989.8437276289126,983.3652706929838,2003.594980245118,1994.0140258069769
90.55142807677623,88.20060385783684,85.32869459417878,40.529559882029,2053.1319673247426,2012.2667844775315,1017.5587402948728,973.9947036121803
81.8594459169152,36.164724134865196,37.410339231187365,91.6142417210569,2057.9242372806452,1006.8487259675896,1994.7177547223387,985.1869618842327
46.78367396142906,89.29110815652503,40.316891349381336,83.17784556888012,2021.3774266037985,2028.932147791088,1983.7967540520795,994.9511637608668
42.59894180068558,43.17346322219501,38.832149262905716,84.93797549318693,2017.156072510685,1014.5706249370644,1977.085929705974,998.1551049795953
91.86004759335562,92.70188119339322,36.20162098206035,39.95205743141953,966.4721520550072,1991.3008651058085,957.2407372853972,1982.8815336535379
44.377975056006605,84.29031149225546,39.05113676509669,39.44731325541146,1983.1818805034163,1993.2790945782554,2013.0771715106503,1944.2855285726976
45.14666556077813,39.58516163491878,90.18416983129582,93.94330213980277,1977.8619760137622,2033.747185368311,1998.3761332672912,1005.0875183625207
43.912648390448865,37.8267681301351,39.07256745883495,90.37694556336487,1021.6280751810395,996.2240417709022,1046.8957577112346,1006.5912199561351
86.23695586808348,90.16668486305967,80.41223783397028,92.30627960641306,2017.09946396781,996.2826079318819,1983.465224326907,2023.8505513123903
87.34869343450019,91.3919742802248,89.71666802438887,39.60922258637052,1993.2989136437388,2003.7843559514172,2004.7286234095818,1950.5210059071228
90.64399079217661,90.43748525189937,89.15823351336955,89.71805998695267,2004.15276308072,1971.892036438032,1993.5626980107234,2018.0210373394632
44.43001764032445,92.6598513574335,42.65918528336769,83.66115162851005,2026.5247882138065,2002.316893405574,2053.0212252143847,987.0479235677622
88.54419654305649,76.93133337906436,39.47015944061342,88.66818845848866,1005.8462622652194,1004.0433201936987,973.0083809308827,976.5276262438565
88.0238131338429,43.157113688983216,36.47144167599345,93.96316374991999,1020.2484762441087,1982.8490526487692,971.7539334225196,1007.8898137093973
44.5288978995944,87.07432870082503,90.00419259838466,39.874853163722165,2007.7877065793411,2000.918561233445,2014.7098874441297,1971.3273725993756
42.500758093804095,39.65845373851619,38.69672630814826,89.09191875442478,2049.279775815708,2000.0987822724562,984.5461390744263,1999.7464038165315
88.55519018029324,86.41827447595699,89.1251377478314,39.67835191723725,2029.6103651730432,1982.78450781228,1965.5912422875801,1009.1880895753874
93.77783204592951,38.94935242942489,38.63071295610205,91.56201531984028,1032.9593112460889,991.8365318913086,974.3773953103553,1011.632245852087
43.56074043264384,42.37579441249392,90.82385936023888,91.83319412621324,1016.4035817150705,2006.0763164146695,2022.2234943402086,1969.911600041964
90.3197771067433,92.51361910652926,40.82062148168046,85.42237726527993,1004.8695984016283,1984.107781236394,988.9080175344179,1019.8091436080692
95.29023168556812,86.69488449606592,42.01950376126313,95.58997363169225,2005.180840174052,2005.4765712214562,1998.7532943474575,1962.7243998733352
89.6852639655629,36.16413036586205,41.24233963126207,86.36594753502494,1017.4941190849188,2091.699153265143,1993.1267790795116,991.8319441703704
91.1911635933051,86.49614275354493,42.720862869364105,39.163229394006905,2023.786210009809,969.9731246976817,2036.5223807921557,989.5051269090457
43.658662956292204,88.72607669529138,91.36248659646566,89.22805365026113,1989.0342616222956,2011.3448904218883,1961.6275715636914,977.1558362173799
43.094622421589534,35.52697642583496,88.39484410256203,37.914079688698294,1984.1188420503702,997.8576456186247,1968.2469285835125,2003.2657570769263
87.20326152351709,41.328420689245334,89.30094392618994,38.05664546511099,2030.2014235133804,1995.5575310893253,1030.468982342028,994.042795415121
90.29698297053201,94.04851516214089,88.90742568613567,36.22830071217854,2008.7120354045687,1019.2464823193677,1014.0482851173775,2014.4852246928594
89.57123490986106,80.97736122660163,37.714370016195,34.92711063982861,1982.2089838873678,2034.3339976935201,2063.0570684840272,1995.6067604022242
42.8010597805874,81.55106596973523,38.24922859238062,38.889343227006464,2030.668229188672,2002.4578182073533,1990.6837472473624,1000.0944046235464
90.07121665411657,37.338115691452394,40.908515520280986,83.96232745524293,997.0356446853046,986.3116476425687,1009.0226224321832,2034.898125278343
93.62941052604629,94.75904782784316,38.298123997229354,92.66822051483369,2076.083826889175,2017.6873758247957,1023.1160818503677,1929.0358816954151
95.89758390171225,91.28336886511737,42.241768603488,37.89099770009763,1998.085737010246,2021.2667976300174,2005.758003718839,2027.8634387305208
40.116075899230566,93.95837807795354,89.37887428745795,93.45086737706882,2008.3083612546577,1065.8501157126375,2014.9233617549787,1004.971574631746
40.217290706458556,90.62854036803655,39.223994915668214,39.75114045417071,2033.0527199467053,1987.2036240503387,1036.5046032858859,957.8524917875632
90.22193893170692,83.816802452769,87.64624297395176,39.222615988486076,969.6344515652422,1005.6464197762937,1023.4008886091035,2024.8839366254388
42.96564925443135,42.42093601904073,93.76539220154153,87.08083304944508,994.6075672110817,1004.9236048110306,2017.8977339219002,2001.9645400531758
46.800825124646444,86.74999560733677,37.34667097550516,38.88785878526185,2020.648322485728,1971.5826148165604,1988.7088396489016,980.0633589076517
93.57433607008193,36.03209157021573,87.81878413449073,93.4618285000482,1985.4790352871541,2017.4779061737277,1993.8981577875409,1005.6799384859493
84.61171108889859,95.43164379188256,84.37112858124821,91.29521315380443,2003.4068888918216,1992.8658977148682,1935.2369620596571,2025.0590660888568
96.15316090001645,38.86747013819482,92.3451702312421,94.17984807672997,1020.8566373129892,2033.6258974081563,990.9922864750113,1988.741964462449
100.97579401035091,92.81374876753802,91.9831143157727,89.5162686840291,1007.2418519833104,1989.4582798399288,2013.6047142646394,1998.693619455594
89.18622095868066,39.140822270418155,93.91170233557855,89.4224877992722,2004.9583827769682,2012.4294685548025,1021.585194176334,1996.1125365374428
41.80316871054724,93.35314076486793,36.11177243131952,39.280046934782035,1048.5507421361244,1986.4204887505268,1994.2020771978114,2045.4181375357973
87.12908328958387,95.76870314938628,88.35395325889006,94.15145578717251,2012.7024593105027,1002.874482385199,1995.4119760017416,2032.6896167691007
42.46575901081222,39.83825330693316,85.77914727236998,89.26139068557288,2005.4022531086546,2019.059867696733,957.8842332302518,992.7871363978618
96.43747338208023,40.652402659210765,40.49689495326315,43.19709009319661,977.9654976891215,1989.4276084300625,1993.0440477821264,2018.3183796499284
91.41700223752186,93.51422641939162,41.185562976318195,40.44619186163766,988.2745992433622,2023.6411014173295,2059.561438912158,994.2082761025322
39.843603595938085,94.15435653078411,90.17719881847523,92.21440249273353,2042.5545891923525,2073.353929088649,1998.6326457984685,2033.9800615731112
79.61575540642295,39.79229597815831,85.74072982940524,81.93532508584165,1015.6518678150895,1996.7568389117787,1970.0452707336037,989.6731736009158
90.06666598870942,82.25929639302684,37.95525369918149,41.928564022108546,2010.256541450379,1991.104334249301,1047.806934398461,2031.0639332715516
41.85378975220936,87.07482303569424,37.27310329276156,43.6189191432676,1005.965562961359,1006.5464746461321,1982.0673757004572,1003.7532015097022
41.06526754365609,41.74546419765747,35.56770558259683,40.51576507774642,1991.9292396896049,1013.8367389245275,1020.4703924622423,1976.735220867334
85.2659165759252,39.407071768914165,86.27787220925075,80.35932371117721,1023.3941780374489,1022.1149412944897,2025.686764611279,2037.076635703742
46.80119509995009,39.143305893647806,92.00651847864603,96.52253920139097,1983.508880756956,2042.2841269513735,974.2792667283073,1972.3907564369213
46.76380777879059,91.5805606752538,86.68023422542132,87.42266747652806,2012.6150052216237,970.3266680201556,1974.8216175244343,1973.3550433587832
47.4505179408486,84.85205044798184,85.50467279153773,39.86516185032988,1968.0372053630854,1918.833998576273,2005.2303168901562,1004.335049930181
46.600230184172815,85.29681809051175,93.66522391828407,93.2948006366257,2001.881546018008,1984.3433448120313,1979.6650261538964,2003.2093376148441
89.88189303283842,37.7406218204179,37.289237203951316,82.0949106670919,1027.7539359226653,1955.8885026055905,1015.0489820003236,1020.1252234921056
40.57388917446292,92.93220889994572,36.96958157238386,90.73847662726084,998.3605418259658,1025.285674817203,1053.1982658087184,989.6369906743182
92.72119410475707,78.00639570872255,39.849526785357455,88.16985664383269,2031.4772040487446,2012.1572020620226,1987.568476251414,2042.892584165698
47.30435579070677,86.08561163169773,100.26149694502084,90.36703723981937,1021.596243092762,1031.2955960133254,1030.2211842281213,2005.7879368629865
84.31746185015464,39.06621008236665,89.9459319538515,36.36552002681633,1004.2045926503653,2055.696632691485,2035.259872698473,2006.933447110108
43.5341304362567,39.21063101570922,94.05685047988648,86.26834487447019,2004.5501321259123,1957.1329971000957,1010.2040943891867,1998.4086230060193
43.897300535162486,85.82125620044232,40.05967658816395,88.38661678784072,1009.0635956172446,1967.382421475267,997.0509251721126,2002.5603254966613
80.92979248297011,94.10278956162232,93.03028315066186,88.3278447250446,1019.5215614600199,2029.5599889482505,2000.761132900132,990.0658879746779
92.21825739532397,39.16345168457222,89.33701362194408,40.87114826010646,1002.2344100358582,1994.284702836136,1966.5521682724377,1972.8927962662683
84.1831694285686,80.69174218590281,90.90760786616978,96.59301061703185,2030.1558979458364,1992.2483723048558,944.7403357961889,987.0722520081441
81.50465397468437,41.27334226327572,93.36781838840525,40.84735800519147,1039.7460220568291,991.0423086533091,1982.615978926118,2056.221575024105
102.50045766526428,86.98034859284735,81.72559834625407,40.1413347084557,1015.5479691660772,1978.8825343871795,966.016993498406,976.6608426766801
91.87621752321817,38.24074297142577,88.27788159593935,38.95924753046626,998.1086673711184,1993.13100800134,2005.4713618934725,984.4597131763246
97.31169971166769,85.68206774007436,94.43750519569075,95.2224748838574,1990.4474086690423,1968.7278366025346,1998.3238486069497,964.5309685875482
91.98264402414475,36.013006381054204,41.0248628392113,78.30609212374017,1037.3704836688507,2041.4529645499754,2042.3959911350591,977.3908845548376
45.85398445588144,37.57483044450103,83.2757499231034,41.051970305620955,1965.3725734262011,1969.8365429074202,1026.0933088044515,2005.5859329667219
81.67257812409483,39.43445314956418,98.73778267125797,94.1407057445794,1034.4116697806494,990.061122668485,1987.8740724918766,1968.7274448182472
42.45598928846795,81.32153743804004,40.90432837292617,39.54505005717684,1999.5638284239344,2046.734020830818,1990.559817768401,992.7421848178719
76.35658758713996,84.45349423712756,93.98606016795617,91.48253605809576,2067.3117639552092,995.7972971690878,2081.1615793356627,1939.2848943527479
87.82900600400798,86.9480396941419,41.68570978582795,41.0427675621451,981.9016531409093,1965.427548377111,2016.7011842534266,2055.977607963189
82.03537600118057,93.19257885182697,41.036080626848154,90.89268189188316,2014.603524989955,2032.8497706783946,1998.9713415609924,1013.9580430366514
89.48966937134834,37.54024723118009,100.01665023434279,98.8358900186363,991.6802698976287,1964.0657322332002,983.5171087724652,1988.536643093315
45.385583805305984,94.71855219213614,95.54488923369664,39.775438028531084,995.2768139771576,968.3825562823354,1020.2044932061731,2001.8749425866488
88.36280156755332,97.56469311651725,82.43563404491299,40.37919495809564,2014.3708985831947,968.4084609038043,1987.7016148792452,1974.9635568417593
45.01985750694089,102.43606996143066,43.095607569468356,42.746845102859595,1018.4758868877664,993.4583034515921,968.2138469900908,2014.750478571233
98.89813708924004,95.73943946386213,43.70506756781032,92.35064343795113,1042.977040355175,1019.1645096271968,2034.8320079022974,2005.6505802198517
43.01291254744538,44.10187667042342,40.817663262481844,40.6580060628534,1989.3773643894442,1976.185703031124,1986.2255672879467,1948.640925015576
87.5953355985893,93.10041744042198,93.2229734642423,96.8053140196618,998.355610503024,1004.5183102722734,1994.73731823559,1993.3626975465531
85.38950775275558,39.89837113561906,89.70935272914025,36.95428664395928,991.7193275434902,2022.9461014253513,2021.4974925050778,1979.2180609312975
94.01291120549894,84.96924500284472,87.68126020484013,88.7011029943398,1974.452636372699,1012.6573857245546,1971.3643503778112,1985.6944635027846
87.51832707310373,83.0829662314085,96.14317145653385,35.51393265888849,979.9282751635104,1983.6082582959436,1993.92146745413,1940.8592912021084
44.30835700291851,94.45228308491963,88.32909191851951,100.89440700607358,2000.6577101399994,976.1525434795419,1968.5860682032746,1970.8470032225591
85.60047734588323,81.28568317770937,87.45522999801692,84.86319038661392,2004.461812915126,979.4317979292412,1976.0402452810645,1958.7943916648446
43.305516390551205,38.70890902581418,41.21893597085082,40.257499351417394,1990.5144059719669,982.200513566714,2005.8709819518986,2004.9570188450414
43.63775606301331,37.97971369586365,41.890063059652036,41.15447243079409,1946.672767582755,965.3466602937185,2023.2062155517194,1981.437804397944
42.66869137590851,94.70588312099963,86.46442298049817,86.70021504772987,2059.398650099763,2055.5361374493223,2007.0943426167164,2050.9468264686057
95.34267289746441,88.54611297539135,42.86012118402361,88.61870001318724,988.6488423942267,1005.6521848429843,2045.627528566018,1002.3197142827828
47.98810450463834,41.03462876225786,33.6711454626373,90.04870941704048,2024.1830955133955,2040.536301885655,1055.692001608616,2028.786452569235
86.0642965711922,42.42828082935586,88.5669803447449,37.68615152048013,2046.5966271621792,1003.9738338929592,1028.8655514528818,2039.0852488877233
91.08685757456551,88.68562458892684,90.97884082695722,37.4345981551395,990.4542203863672,2001.218091701273,2045.7891644512945,1972.8699360261978
82.33253420967688,92.86185484141274,40.75712007599584,82.94986772239234,975.4488577970635,1024.0532353338033,1988.0100057056425,2007.393191723593
44.92916207971997,36.8115753597773,92.89157542772023,40.86589050862862,2013.253779392911,1964.12311676001,2005.6107589894932,2056.914445676812
83.43889517994478,88.3131967470471,84.46535613561275,89.1103273031941,2023.6450242080177,2015.063883671411,2019.620230050859,1981.9172711102565
43.35434025585553,87.49386708215448,40.28050202971632,85.9808593795466,994.0098325008266,2063.6086870100326,1014.5236842349909,988.4920166124615
45.314775321231124,37.912199809515144,96.35667568545455,84.35486380913436,995.9362680419808,1007.7341948079882,980.860886774272,975.249729925059
83.64367109355746,88.91368370689179,96.30982222556538,95.13321072509706,2013.3322368222193,1016.2849014972335,967.9925442082117,1969.6215576920154
100.43356745429453,86.20300814230691,43.70619015437397,89.14598665203809,2039.902768982164,2008.6313120634866,2006.830219379388,1997.9472907675017
47.72482068061615,94.09575295786152,85.64668084191919,33.940278053225725,1976.8018214760098,1991.7920925419924,2013.7747142154763,1978.651668839363
88.93810237104589,93.0863327103648,88.49624695674913,37.13387434412748,946.7458716490271,1973.1010811116744,2005.3535245451017,1007.9742156233006
94.12312116994701,87.5356276214381,86.55031308180513,39.05910917723536,1971.5200943748036,2004.8585243450832,2020.425173108899,2011.3855527146004
86.54667346024526,95.12029752386337,82.10101571164088,92.87442855905964,990.9171637940111,996.9018017864817,2034.396189515528,992.3131619377034
89.74439291358708,42.51289520392582,45.004816129222185,42.26471254215102,1017.3420849765931,2042.1035563492976,1966.4639793135707,1985.3695756485022
39.20012048658826,91.21883324874634,88.32843582981985,41.657816120223316,1991.559238770656,1992.323650117229,983.5100977783497,996.1842198413739
40.53966055796434,92.60552523820064,96.89992300017806,89.61604266260335,2023.2619014563068,1996.6598081276286,1969.8944197672583,1979.638340409016
89.12009301407716,39.656200975646215,89.87170687072016,94.26202380747733,1998.2846886263474,1024.0487667224188,961.2540226649497,2021.2050132531372
44.24352775382236,86.44611278234255,95.56693864269126,96.76342234139614,1988.8124537192691,1960.4833713105525,972.0708202973749,957.7282858535478
100.83243010551905,39.31748634175642,36.564704319823235,41.95663461314573,989.5936234753443,2011.291920230193,2062.914294377029,974.9986457460899
89.57732977459663,40.00197515874379,83.6094455859499,92.56076951230611,2052.229727796393,1958.901527958525,1980.2094029163006,1949.4829838124456
87.74665498817723,81.15878172630484,92.38692903954794,42.26764612426163,2017.0201333588516,1962.1716547768517,1929.1622534487306,971.9145500260549
86.32650860497247,82.69426257597068,95.09523605462911,95.22106850733206,1983.4800721611439,1983.6003512017073,1963.1363036948899,996.266208440333
43.48288255587617,41.61020852576969,93.63776664137222,39.28844030430845,2006.7550879284129,1001.0446351297317,1022.9016867892418,1975.971897482364
87.1063231825951,39.940048297608946,39.06906666001498,91.40213630716966,987.0596936824525,1999.60290480363,1010.7545570348129,988.458533736273
90.94634065077473,87.98761984122545,88.9348141709989,86.16665468139516,2066.5094986039226,1970.1796523180767,2002.2410455217625,2008.73658849856
87.72404093467014,89.80923538668094,94.33035888306182,38.944426999375736,1971.746922179724,1987.797546504355,2023.3565025189475,1959.5013577736686
84.24452634327685,87.88153501430288,89.59024153820398,37.92280510053868,1018.2842455607035,1042.6402499871303,2010.8965348831289,2019.394778827075
46.00537427478475,38.75175745377069,34.69741101842288,37.13417242768112,1029.233225669778,2042.7939798547704,990.6444296412061,2008.3077729512922
85.29306979033859,98.05360807766843,35.47626840034246,83.0631451335852,999.798588120485,1993.9660939812948,2022.3943306183398,1007.2753499464635
83.69465016578127,84.4021765175278,42.50873627708377,88.50439157515115,2004.7836695460933,1987.5892444493547,1998.6316521325614,997.0164507317795
40.306466526610066,95.64250466046191,94.82545500899316,80.80630839064479,996.1056556031608,2015.8622207102026,2021.7615067467955,1016.886209632795
94.92581312680883,90.38837125047493,89.22595017265246,40.70655044736738,1980.6217829095326,999.6860038071243,2062.557892487026,1014.836577681818
80.05789707007287,99.08987255031397,41.77162614244343,38.77106670378937,2007.8680110684577,2002.2849614974587,1973.889522615205,998.1592175915589
43.35152958780489,90.70525106557886,87.85033724075095,84.19239053283934,978.4212919719298,1003.3953518541393,1972.3772085956318,1010.3870585060048
85.40775731062001,95.1501211060413,38.45374605911107,88.7634283564302,1969.443690561632,1000.2574555339758,978.3042874526878,989.9444958435093
92.90539700006134,93.99785356660787,33.88096416049896,98.25222565882231,1021.9004152294381,975.4626797994733,1979.6314013676615,1984.669221439079
40.769585991487446,38.760316787701655,88.87142823780061,88.96371810096113,1020.5215286127046,2020.651772648217,981.6453657568567,1996.482953138408
91.97485426996535,87.59869850176865,83.52257786438955,38.68847742259602,1999.5103541331691,993.8394223744638,2024.1510513693452,976.0987126237189
91.17343779089367,89.33863334089352,42.23850024520537,81.40798908527987,991.167241611989,997.7926937813545,1006.22225093496,1949.114937011552
91.54559722012009,89.54977444110796,39.869774332681075,99.29119519272058,2059.908001518235,1950.885838449575,1992.3852205261571,2000.3468735123358
44.36666952510567,89.20320518369428,88.7706708253473,41.1603944573222,2045.7756651766954,957.6458699297082,1015.6325591949286,975.0769608564058
99.99564940293604,37.078014263122625,42.14856202165288,95.69516915001073,973.2984390090796,1003.1308257935179,1964.1719966363573,1003.9081501709982
41.595837855318635,87.37503989391514,85.80351851548954,93.47322283915959,2012.3278776616664,1016.8475795769441,984.7252416245913,2016.7308997576079
88.49899999186609,40.213333758051,40.49503273439679,90.15474755818465,982.9557168016124,2040.8142563851113,1984.3355896045696,2005.5514880663711
89.93860415400809,96.46446848845629,37.25508602527928,88.69331466203488,975.7935871387032,2054.2300251117026,975.8179969903991,1005.9400917125868
96.0095740655031,40.45052272989206,89.28194932832126,81.20455030168893,2015.2851127333263,2045.497572455961,1986.285442185368,1979.4971887011188
83.38903784161931,92.51462845979796,37.23380716123994,85.1751386181878,996.3628667381782,1004.3490863882673,954.1324686652132,2009.023896105607
81.46831498438775,95.92378822742283,95.5917311738766,87.49276416121255,1958.8412063036812,969.1432948793342,2004.6884091575764,2027.7417425761291
89.50142034936708,89.70948938353638,41.14890096909721,41.869564919301126,1959.0064955707544,974.0682947470226,2006.2797686913175,2063.5987754686375
90.05767460504545,86.60558761170202,87.22606027668596,41.445508396417715,991.9202427783928,970.9563271027895,2005.9933859619157,1018.2391779846046
41.54122557109723,44.74507529760711,38.267993532590474,91.98991709908537,2017.1746259279992,2010.4771010559423,989.2917673144652,1952.418114826017
39.70227046943741,86.9716358212164,81.38045187519336,34.23229303803962,2014.2965531871687,2065.996905748792,1037.6239852600286,2003.6951197121625
41.62415358242816,92.93319654248907,96.35523874334672,37.57954600045108,1994.1204133113567,995.6882983826322,1025.5375689769774,987.6218775729765
95.58666246331563,89.46400363771318,40.89059057162818,40.310410985599326,1001.0131242602481,981.9957966845284,1991.4490165312109,1979.9732891978413
44.62839217120738,82.33422647157866,39.33988697961608,84.48252069456596,1004.5511920857479,1984.2098862099358,1007.0610950471814,1012.270756842049
91.4856370731495,93.13242805149315,90.5342206927412,80.40231381747567,997.9533126541742,2013.2118424615453,1044.4829798323567,998.3523939228808
41.63173308372892,99.03959193214067,38.33565914252064,94.62993892758867,993.0230262479502,997.7890409326774,1962.2211982249785,961.5798224767932
43.33480223490149,88.80872631283067,85.43262952607073,33.55168684897455,1987.8952869808818,993.7734355365403,1015.3815598061474,2030.2488816725318
40.562585144079996,41.083800781307346,38.130523041911054,88.23723187035397,2031.800405491765,2010.461117834535,1037.2122526078567,2071.305848598257
38.86440566376681,37.0034494355376,92.47964302485121,39.37013120026343,977.385766196609,1978.7460193794584,1958.4794780696272,1023.1133063955508
43.49482998234684,36.054879378759374,91.6820962167086,89.70834480433977,996.2025088765299,1951.3882482969052,1008.6039097012227,1974.1413953085037
94.1192627071155,40.814102899588335,89.24194738632754,89.63167628748825,2033.2444403273396,1022.5935229913264,983.9196344415328,1011.0112992885104
43.06183655180951,86.77338539881787,40.46696788301036,39.03164752789375,999.7888635994975,2053.4288992087413,2029.024519037377,986.089968083687
44.53372764556151,84.2730921808673,89.24302695868624,88.11098940279173,2018.0818767055298,1023.0573780220888,1002.8269815549556,1974.809605598315
42.398361284038714,85.54825576102249,91.43413388572014,40.14105983163192,1034.100777863951,2054.3352365084625,1018.4215258433026,2002.3714720006114
84.25540031656811,92.31498028044444,85.27380085074918,99.47482018002799,2004.1004078274118,2029.300964993847,1957.9665608884293,1007.0554997040094
86.61707311756328,42.26631898159681,35.51679709571256,98.79688909029613,1968.0123581960474,968.4227765115176,1000.9594671284552,973.6931656734456
45.11690680184491,39.990326645013894,90.49628273566371,40.78770220187756,2031.6630269260365,1014.0639208211079,2025.5618459495756,1950.45375571493
89.74651428643074,37.46311525660187,37.97663839753342,86.22188700282581,1984.7418733584302,1989.7140600399157,1028.2851182039774,1016.0859859087018
91.33537175851083,89.72197484019301,83.01957723885144,87.13754453057564,972.3340922557693,2003.81035651175,1958.2866120655294,2012.982997455993
94.84885828575177,46.18582053214958,82.9681721684245,92.41659553440931,995.9086036106748,1982.2464718489512,2000.09659250633,1993.7397874351946
89.6293633620594,89.92446725381389,94.0916535096004,35.54531720428083,999.2003777540513,1975.3936639413637,1978.8941794437817,1948.369008818346
44.649785266568436,42.81807314354928,87.66585377234117,36.956838527053705,1977.3504079879751,992.7450704099772,958.8469512457393,2024.179782726422
85.29140480123276,87.10035907835852,85.19053293234059,40.35700177421963,2058.519194631071,2005.7226023947144,2004.2880955748149,994.3713993419173
90.55828949645544,87.87507164502509,84.03522696900754,96.44389965048103,2027.9969468629504,948.3076508013162,952.0777603529132,2007.850056133699
82.65912750653672,98.09449535078886,90.57338729897938,36.96144193195587,1008.0816278031314,2002.299004231865,2009.6780507217466,1983.8752852043463
90.9158523955218,83.44939206804375,83.2865976433074,34.51064239784422,1018.1268513002158,1966.5979623954715,2016.6775440092956,1048.0105115798497
43.84094649994281,83.86181688740014,93.92223951972564,95.14298375377794,990.8061745073552,1977.9710993763238,1025.1350311194276,1967.9473099774482
43.463168817125656,84.13938127278384,90.0958006336693,87.53369480780728,2019.108080929824,1025.2897869768083,1989.0403594131453,1022.30768629657
95.20509747594414,86.48957239856973,87.79087753690368,78.55896128383623,947.7778561054886,1029.026791867946,1955.3796655780168,1003.5468319119597
42.28612869030382,37.05179500571999,89.5670658195581,39.861492159134386,2027.4287735310816,996.8545103359861,2037.9033495970107,991.5908439293667
88.72216018419057,40.398100925716065,91.5726420546005,82.15227789907954,1966.3857382408776,1983.624963798297,1984.836243187305,2002.6582846421627
94.3709746862494,38.684360787088835,39.02487994069667,80.8251082355347,987.0721708854671,2040.8122613754315,1944.796430586512,1024.1041476450582
87.3488304913785,43.60494014290626,90.05793451072053,90.79703965962949,972.0454724288998,1974.2476524596082,1984.8356859064465,1018.2385995031766
90.95140363209644,95.2668330128499,38.68993119277219,95.5567585383476,2050.1126254348965,1021.0357298262695,1008.842525126634,982.705347259898
80.50294764478464,96.370201231981,36.484793082746464,38.250707219211506,986.820030930433,1973.1634251863543,1017.0857063189167,1987.6075934474154
42.56005141105619,90.56096154541912,89.34460226813411,90.33318713341335,2006.6944708364422,1967.5574051465205,995.7510489937597,1991.5243988941174
87.40579118157525,39.20600594097747,92.44405333693616,39.89705279793678,1977.6251820683726,2007.0292696877095,1006.1910820790368,959.7960739282541
96.18430594582057,84.76449059251166,88.5100816189133,87.78799288450321,2062.4302064391613,973.5409535900094,1976.786565575565,980.318334905259
95.56136462255768,36.12530962239348,36.048397603523924,39.40594888291833,2006.4235176123298,1995.389682579928,1069.6865528085625,999.3059887077764
37.25767494099126,80.65765779092757,36.42142252389466,97.7892164823026,1979.7469242634622,1007.3759716929998,2037.7950130365118,993.1715114116673
91.53199097689395,41.8022832508583,35.7834992633167,90.51365109844215,1994.152654615738,998.3958416238479,1978.3742226699017,1996.059913094792
90.62827265072951,89.33060540055278,94.70116684425817,96.05591380650972,1990.3991208920222,999.9769158877609,1016.8650133812405,1966.176520794194
89.80180379771477,90.89475448598789,95.09237898320214,91.72771711916444,986.8176159767521,985.586529510636,1953.0688278107866,1986.8079732617396
42.82485604031984,43.59274777639001,87.4411395530561,45.3965974285574,2012.6293443763163,1034.860529691321,955.1482473896731,1971.8436535707906
41.501621477042704,99.56038250345658,80.4056806095021,83.43142673817874,1965.676271918538,1037.724524727932,976.2530684014421,987.4148738343151
88.54035768671284,39.93491019322413,40.56065749381828,81.76184353520007,1022.3679351032429,1972.3221333042368,1995.4881993052954,1999.4131412757672
41.9701222125214,87.89852175516546,90.86811139259287,38.36669878083251,1011.2124982773943,2033.1380620481243,2002.8633213979958,1049.2062604775779
39.570512629066094,94.06195956504084,96.34612164141726,87.12017482436687,1983.6345790814996,994.3031012737806,1033.8402647769942,1008.3427800789472
100.2493533849346,38.005900870061225,94.5778068602029,93.82021740005683,2036.2499289298014,1958.5216154569996,1019.9162572664202,2011.974805934557
44.08882252843037,82.74113860688531,86.28160843211272,97.28770342866498,1942.871077254358,1004.773957007609,1021.8351749252176,1997.1282038558772
45.08955482116804,39.1080809307303,38.503242266300326,83.51750635696318,1976.937103989106,1957.7526233865124,1027.962218316882,1991.0373749646071
95.49878097745591,91.46984071782428,89.38277982723716,96.8855729745482,1028.0070601279722,2040.7184427739628,2043.1802985685733,1026.661136968692
43.48958885815216,88.29002822603988,40.473325047439275,45.12909019902768,1969.4897687125265,2030.3210850840899,1006.6724702357335,1001.7841568460558
45.35850804793924,41.8353166701435,36.98951848976846,44.06554736001564,2013.0890619781794,1953.130376277523,1983.4868284914655,2057.1040681318805
88.84831380737896,39.2090438192392,97.72326856995285,83.9110778358427,1992.3478933611498,1991.9604775635862,972.8438618211154,2008.210158544729
84.98684739350207,41.28900051462486,85.3321640667003,88.46582730585135,990.6706494956884,2018.102653209871,1989.174109882189,2009.1400876107095
87.1592142404584,101.1568634822299,41.26603072801083,37.746726786320735,1024.0021140856736,1994.8601376663137,1993.754413705148,2017.0221214554545
91.08115461893625,92.08631771754054,79.8382265995139,91.28094757469229,999.8293062312587,987.1242786851551,2013.8594740611202,986.4088054740364
43.32259831836582,87.40218677266051,43.125872232897606,39.67090071803851,2047.3375668631998,1988.204960682462,2040.582896247893,2023.0549753143068
91.56945631188007,43.60970552491467,44.057766145607815,38.04361125535763,973.0758006153308,2010.7485062952167,1977.7109246454115,1011.4850185628511
92.29217785615023,84.19724279964811,88.07000900716722,38.33067808180887,1992.0979464995849,2014.955459869729,1972.6881739353316,1990.348954703688
91.93837116858826,82.31620837505852,41.43863695847311,35.90903448180652,1034.7621176622308,1001.7326222993661,1984.08800355038,1982.1352246087429
45.3776232571651,89.9489457225726,38.51436435289928,94.4360228950789,1995.0638409424807,2004.782976120572,2083.68555239621,1017.7703628874144
83.36438827511871,98.89666267755909,36.752878765697844,93.47979498822883,1050.6549565947703,2019.9434598313703,1939.5907230178123,2019.3666777445706
89.0310282538398,82.92171117999554,37.60280230632503,86.05699682863069,2014.988019613712,1987.4021911949612,1988.6780720911618,2010.5964831811573
41.631922556361275,92.20693499906814,95.22090987144871,36.30529667825981,1018.0841539792534,2018.5079375845103,967.3847274873391,2009.7156289636987
89.1464755457157,88.80895830954829,87.93038727158736,40.706458641006066,1008.6544856127355,2049.2521048041726,1960.0291086322927,1987.8859474846001
88.7263996541854,81.18333620284058,91.9515189244187,92.7545615940848,1011.9121491775036,2004.6837590877606,1983.6493109935648,1019.1880678221589
41.544458433216775,42.63964022914722,40.96302299052339,92.75311154405506,1023.8660492391855,997.5728405716443,2024.2385044864275,1007.9733146156152
97.45996552800145,43.21939689652379,87.59096845805034,89.40384831320607,1034.4269265623834,1969.1415376494256,2024.9731607482272,992.9279680747654
91.19481243620814,93.82919930748056,86.66492043266084,87.90389264481908,2009.7194883038896,2006.182427276401,1956.605537451638,1011.6089241692553
45.814511506508055,93.81852738082698,40.39474110869955,88.93623151431042,1013.4383814782924,992.2697951092539,2055.2063759258526,2001.371538527758
86.32400227116433,38.998534840954,39.60243412008589,95.61871902476531,1996.82140681893,1993.9545653138912,2059.4352610930755,999.4685899852707
40.757031430430956,93.43772556273584,96.29409132052034,37.93129206618464,2022.039769863367,2050.593385304654,1050.6045823518132,1012.4667903007552
46.443887440664895,93.2567051382042,42.52320801412315,95.0528849715253,984.263164501731,1974.125681375299,2028.5883526819284,2005.9793684240087
46.736005124189774,35.72125787862645,92.84950688418911,84.12491974074368,2014.0143321109797,2002.345147872493,1996.2333972771537,997.6769200534396
44.67943667909428,88.90457184463052,82.03155751728195,84.05730071265442,2009.7630864665502,2022.808960590348,1994.8147622900615,1002.9795596426354
87.50933252260853,37.41375806418972,94.29917427706383,36.231875589723444,1969.5783262295008,1000.1679944707207,1008.8429398912435,1980.1583094248751
88.35081476723403,90.57258721676575,31.577602731387245,34.36971619780074,1972.5015578198525,1958.7224365268364,978.8943221282487,974.9323251300559
43.67815708720509,88.32220046018395,34.47765196574757,37.671714494003,2012.5824355559926,2008.310397217481,1998.5000866031148,2021.058487784214
93.27261518962834,98.91514993007173,91.35716467675881,82.23537721237756,965.4172569884993,1983.8612945389207,2093.0678336571773,1969.186384903942
92.32175961149821,42.543708894660654,97.07182725172284,40.39043244963608,2021.4336744213272,963.0498167584076,2063.819454536256,1949.4084038463097
79.97547032171762,92.27768366341635,93.3107757258541,95.84349394891484,1006.9412018693644,1962.1431421011448,1976.4697308610582,1003.7910845115273
95.77338534297527,36.86007021105979,90.7644457263051,37.761125191448244,1984.975091280812,2018.1127455512187,1999.152503273403,1031.3324548353307
48.361298535684135,38.47595483353129,87.21915243235235,91.36145826593541,1968.2760676352837,1978.3065219121345,1973.2660630997343,2018.704760102816
87.52190761846293,93.52272268349616,90.17430784747101,41.822629048534154,1983.3177696546763,1006.1586604808051,2022.4192838427737,1025.2106844377213
91.9756218642359,91.15925727424519,87.16955546976958,99.50279538531025,1987.434809414217,1965.914029062465,1960.336773751331,992.4404372788565
41.53485449259219,87.5978713581131,90.31403555116911,84.65563433777704,2032.0114511176137,1014.9996813852767,1968.066826159778,999.3983213519089
41.91485983920957,42.93349483849991,38.585378334837316,94.11192535821736,1024.5133276112952,1043.104834515567,1017.9150384577893,2008.3048584644057
96.90189804486843,37.72836680498659,88.68637799570409,97.87035604426606,1990.0218734360005,1962.5706384058801,2018.3209862728827,2040.711877940065
86.73361941164634,34.193299481403045,90.11621316054506,88.93781356889399,1989.1674536129942,1997.9123102491267,1986.2393242704193,2015.1780121964966
97.49685429827568,87.40338124911364,39.845050780335,87.7201622735171,1971.3598906912464,986.5739636033481,2031.0398783715186,976.7576482888354
45.551710766487034,93.69647638328371,85.59682621417355,90.53436092098956,2026.9202613750754,1976.646935000031,2022.9722942785895,1982.8324386962322
95.72259226447473,85.75049796374375,40.112798139236915,36.60949106303151,1925.7539013540859,2003.3633357878816,1975.0113847590542,1027.9739193412377
86.95385042788358,91.03721362952221,96.30360006276965,93.30716001735024,1982.2382282432288,1959.8602738459685,2004.807274792777,2028.7005761053417
100.00383490356901,84.32785820712274,41.722815612340995,92.68328733498099,2009.073575392682,1009.1294506173833,969.7915750807163,2006.7275332014553
47.09955065924266,90.70068105226952,94.88575434209521,80.40130409109196,1956.5606610418922,969.9464306988484,2009.4698130470056,2026.4217637787744
44.26541734205992,90.31937279083114,38.50686981254394,35.71697436591525,2002.7710632910857,1985.6093045590212,1070.1698363750766,1987.6281406897228
91.7189781062786,45.01854163817061,87.98496818781072,84.2858232539977,1983.198095037414,1015.5216572352145,2059.226143652285,2033.469362191979
85.72799052187456,43.10537329874899,96.88982380529629,83.77708133597922,2011.4127575082305,2012.9350267541063,980.8056964825284,2006.0111008285905
48.7211923439522,94.69464515012048,33.376482765312986,92.21231945967871,1975.8790609334078,2020.553245995857,2048.4878747546477,1996.6827262424358
94.05056445780937,44.73533693460226,84.94829497230367,99.94970754853053,1986.1624273863367,985.4455987429124,966.9292941042193,2002.4490078450767
95.15529796578318,85.21436380020802,99.72705879598206,78.87065029505509,1001.0361841852582,995.8154936024504,1943.6282729867876,2017.5736119989865
85.53026811389726,36.78031729571074,41.454201021108034,86.7808309756647,2000.0145754075893,1969.9368208162216,1024.6960771876431,2019.913265789427
42.07774929026563,89.2506654205576,39.342174256373525,39.81163101418454,1970.677637712404,1030.559969341211,1023.3235564822123,1993.8935100014007
87.06184470111533,40.74302008209959,99.09724885568865,94.26406961134938,1992.4800226224822,1043.8887714619952,2005.9631255042561,2014.5198022052089
90.93762472469534,85.5303274389311,90.88843000252244,87.18740122021079,987.1606662586546,2028.8312950950572,1024.9856683723112,1979.6235492049389
89.9168336189508,88.72996965454841,84.27592240056894,82.38737142024654,998.3841929740045,2011.4204916042008,1972.9258657705434,1997.2498539713126
40.30065130868606,36.15017902653954,93.7928660758013,37.752360054762775,1952.2864472584467,1985.2538317044184,962.6184964788833,2024.5898325997318
87.10180573480311,88.06331452174106,34.56758136058926,86.42720113641583,1005.8157279841469,2024.2506554170675,1008.306941674185,1957.259275919439
40.474672560187486,90.96094028529508,35.509450034167614,88.14277799006062,1020.4868883365073,1968.2123313944908,1003.4255708505378,1011.1420560385782
86.22937660240561,87.53436975903499,80.87510467295255,90.82299725708529,1024.5139840669408,997.8991215964559,2027.258880142843,1938.1517237364192
92.52924003862456,92.68154018781577,86.2660736724151,85.45796593552262,1018.7281990267519,2007.0741488916162,1963.815623510327,976.2200354788342
47.22373886239829,89.42606965988092,42.897785799867,97.10064782469681,2004.3386663759966,1043.382367009013,2031.749115142263,1980.684511185255
44.87127648905113,90.18945454944604,88.67562507801769,44.386781864176044,1968.2326784880686,1997.691393211628,2005.5562617374908,1046.1312672077443
86.60851039102259,86.24020052941322,39.109869280533474,89.82352396912067,1941.9896742474623,996.2755014546706,999.5549621124745,1991.9557156632554
98.28224664128646,89.87693890223981,39.867476994414126,92.01511872191114,1987.5387821031563,1986.4853947519941,931.527929290925,1963.4722198837899
92.2631392456814,95.47761249811465,84.79511518003477,40.52569922551123,1966.3927506558623,1006.811115644241,934.1593577905918,956.0398552475742
90.94598433953816,87.62293195397001,88.58679565150496,94.79878795557872,1969.6802461246918,1990.4519717299913,1978.6930279258595,991.5773644572707
97.5233921664171,41.726900419437534,42.72259488347144,92.27584792239243,1982.507114326018,1043.5390179371618,2016.8784947580268,1958.7263630881325
42.24008082061691,43.835295742865895,77.72950162663932,94.29332449065997,2012.421856489953,1009.6821171421609,1021.9448027748144,2011.9918461843124
41.0481071558705,80.8065411210013,91.59707642274402,40.89253614108023,998.0535255753937,985.1250149090358,2010.4503631859852,1003.2461440784621
94.57651162212441,88.84084705042318,94.37976157329669,81.21250270854505,984.5853996140253,1993.4412119758206,1987.7456616606273,1031.2954701710742
42.40296713886156,83.34498542802932,82.92511946437443,40.40920809433593,2020.1301065562864,1041.6288749928262,981.4901707664428,2034.2699636611333
95.82313234100619,84.85012525781592,39.033458437483674,39.39766251538585,2002.075057913942,1979.4139153152798,1997.2242541470473,1978.489755601855
88.98788000234583,88.5268456932087,37.58956515415376,90.9231219819329,1952.083051362935,998.4304639129411,2007.5820279803863,999.7446280826739
98.13384968605996,83.61196449344688,87.21063697174296,37.714977787140086,2011.2676334134678,1966.7650672566288,2026.7955388291994,2004.4032473265625
90.22639740145672,39.874455278066314,89.40706477272369,35.33248816952404,1042.2348968941023,1023.9301311019112,965.5147298741779,1032.0577754077553
92.59057147534276,84.02618812666138,45.04315400816958,34.608367395345816,2044.6231326098793,998.168295206612,2064.7160624597304,1960.691040374345
40.32687250115721,98.67637039462217,84.34121466179195,37.203667335975354,1995.3341231398445,1987.3739774147489,1038.6694112742653,993.3377923671471
42.50549218869418,91.90270907524925,36.427102371955456,39.79314872451232,2034.078458400882,2044.5576058340394,2021.9274742833454,1927.1485620094636
91.10780164314401,39.67175843007125,84.53465302915602,37.87528097119465,980.5043864936702,2047.7395870380408,1920.4704649809169,1997.0589446508948
88.64908015318791,91.94797730225216,97.46820706782982,86.29941413216194,1015.1811093858134,1954.4859393096413,984.8639423963415,981.986284429948
43.545230628221724,87.46598052464971,90.06312214237778,37.3007569630077,1009.7890700562152,1038.6806709930427,1963.3967132233654,2023.9986651830714
44.357439462057386,38.927022579658086,39.98632210415144,87.57266065650305,1967.9481136144477,1965.5678333515207,2030.8226933193262,1005.4173730606482
91.28073366847337,91.13400972381447,87.37834577769098,94.67487292129356,1014.663947508805,2004.5154782207273,1041.6143703354219,1975.50520637804
41.97976540983261,40.36760924567137,81.40752664968574,40.943824953853394,2017.2836891738323,1983.889012049358,2007.2181395243247,1972.4175674952044
89.61382555322464,38.2561356885378,86.46315456557467,86.36366386917771,1995.2883405744733,2002.693536549317,2016.5017628138999,2015.2894763383906
88.85431916173607,87.80257179711528,91.37661060241038,97.10268089210905,990.8103203607161,1040.8259285882632,1986.5255511674907,2011.5228115381456
92.25569553083368,38.84536903830033,93.76423396249905,92.04947567153174,1895.332839022336,1939.3345554227922,1956.9165634770804,989.8154578556346
41.25738428041695,36.12853285316304,36.32167279177082,93.68553757729669,1994.5824530938726,1998.9163765186618,1994.1161646058138,991.7343519607334
40.86935324262312,90.53966225099236,82.29827135072598,37.5255986763119,1992.9072684623538,2002.7951059942434,2027.5364970259777,2051.3200428127675
95.10141570565091,94.5973947194208,38.70739076274295,89.88284970540145,2004.3402679470262,1019.7601612534233,985.9849915547164,1018.1021572202314
40.949381139419856,96.00862446385577,91.54173329642921,39.43928416424609,2067.7149492660365,976.3389641935039,1008.1786515539322,1940.5494996317395
95.39387481214175,92.24084042875025,85.65165858792022,39.71069277201603,2017.9518131100929,962.2185929383975,2000.6792991940079,991.8907693954268
43.94723260330922,95.95607702418883,93.99552739325357,101.0768655969573,1993.2975201373008,2018.2823475423359,1956.2471190438287,994.339249304658
90.27130239740617,36.572560562996955,37.04461639134952,87.21741162994985,1995.3324731319817,1976.7398051698397,1961.8865878217282,1955.4209802316989
84.37928865676128,95.20870120006784,92.20010969640421,89.8329747614813,2018.2559809544268,1982.5357400158598,2014.9871097052785,981.9493789649982
87.99283173440294,41.69465465300457,90.52500674785603,39.44628837378977,2007.7055566492543,2010.1123925740153,2018.742164035297,1020.7708490342536
98.51659987901157,40.6307403128413,92.93769444458854,91.53809226385206,993.9116049930667,1028.0955384480417,1960.7794548989953,1032.257085946909
42.70902204861443,95.59639237447934,46.106593680894306,84.93554240815438,1980.0097705811875,2001.2725265786275,2037.7436195737064,1018.628429645791
43.5574638478716,85.96088545759878,41.67308827550566,84.7064110156885,987.4336088211484,2039.3923241853356,1948.9724317175915,2020.6826355823164
86.53345383183509,89.6377108038846,92.29797002287847,97.27362619645076,2008.1110337589341,995.395262427535,993.6251673133611,994.2396838920047
84.88020227298914,42.50585068446433,95.59065635976432,87.69210573720359,2022.3351270192131,1018.2307530402541,1007.101303472759,1005.8459257753566
94.02998006103091,41.634161503056966,35.05509726572039,42.035866507132184,2006.326551596676,1014.5605842253643,1992.0416929115115,2006.8550830481495
37.9347936606696,93.40632433741366,88.28542643948116,39.87167711947371,983.435261614796,1006.1533672871773,983.6098875913392,2018.0731888190785
92.08178771193734,42.60124105164754,38.20036614886783,93.08084578343802,977.1915686547225,998.6835540061177,978.7282878360805,1949.1945835050233
88.00036550925289,86.96913683802741,89.84559401651495,38.09267383562964,1961.3117480274789,1990.5152941001745,986.1481385176559,2039.1089870659957
98.48980502202126,90.36762905800366,89.0869286560754,87.08935285088131,1956.686285470159,1011.8827080388864,2001.2726194628617,1016.6908530149531
91.71733630536455,89.32037968438416,42.700541169712935,97.7737967151727,1992.9137784217319,2068.5586775696083,2001.674962312262,2011.852422764312
43.37697649497389,42.84822051794213,84.84110703679909,93.03633073315422,1962.475209788176,1989.461691845481,1970.7246437556485,1956.007627795071
89.73016762146234,39.51295700363663,34.30556079842057,43.91963459156695,981.9555474454411,2027.149734716133,1945.2395013996984,2051.370104607391
90.18107552375692,36.52538362553343,41.15926819618313,99.67856819647128,1012.0596098908054,1962.4081973483856,2033.0625442702574,1990.6464806625575
78.58456733961057,39.10328098930016,37.523041793356576,76.23786757178297,1031.97170792307,2002.0740981794495,2006.4279566931157,1022.0621292398389
82.5807197314452,96.70323582729822,28.584643675513306,86.49791637901994,985.4191150503812,1993.7069633334827,992.734314831547,1947.6359361074294
39.92935788101049,83.11790379770872,36.40026879556693,39.53897665058859,1998.4950305986756,2011.933458666635,1993.1548134503398,1963.2716649158856
41.40803439587466,93.28005654282074,43.7944035582328,87.33626156985326,2002.7608088979139,2035.4080364110073,1004.8846109336423,2010.8828326842531
82.93225707889049,37.749608164498134,86.7821059784647,40.23422128362553,1019.1226552018238,2051.50886597603,1976.9147666835602,1988.9609599832545
92.41966901780879,91.0288613192329,38.70344565251924,87.98834395330219,1022.0294616647411,1013.858595975015,1993.220125721584,998.7388134052667
83.3392455263488,93.22618771912997,43.96687383626181,91.02772122702267,2015.2243364461153,1019.1754983464713,998.9980766621213,2021.369654827481
88.89830251565763,92.78658241494887,92.51867287635487,86.56739224327252,986.1814960476631,2021.4384275769276,987.5406957382502,1956.5176974412439
93.84368068760769,92.69400988784048,37.09533525136035,88.53060974407377,980.1590788589585,1990.8652798714256,988.1573456360568,1951.7081177217906
84.59676984052288,90.824412676292,81.56537680308824,97.11944267761724,1966.7020930057565,2029.6629396046803,1957.7120412280394,2028.341159594926
95.86087813005241,37.87364236313361,91.4455217665703,89.52815023906231,1023.0198996820133,994.2547831903219,1991.9646196482968,1020.574425523708
88.21556901625081,89.06309648225967,85.78776303128069,96.57981370427741,2048.6171948511133,972.3483174917587,1995.6728838024187,993.8945744949942
39.737960502012044,95.63846701359034,38.046031088067366,37.92950562731648,969.3853494313432,981.3458959454904,1962.3452322954868,962.7723574624366
40.46155172711862,39.95612386578301,92.15439925144636,86.37592194849806,968.4273531128742,1976.1670775166983,985.7309734456064,1988.4072989978215
41.20314913818634,92.2125241252874,37.53169049365397,42.92465749313487,1990.5086273136465,1994.5755619494128,975.5051033410834,1943.9028151345829
96.91885941159416,93.23093385912203,37.28578233813279,39.617119838036146,1978.4757037626564,1963.9729910834708,1972.692270415752,984.5557244185578
43.326115471535815,88.24962952604595,37.093368128534316,94.02824114509922,1939.0255457013482,1048.6729117578575,2015.56714238735,935.4410586686988
43.334369827036284,97.072321312442,37.95979147481726,37.99838807249803,989.3949300928405,1068.1343482402006,2004.9161119448797,1998.023149488002
42.05566756678442,36.495776526279386,38.0443669374623,84.81271834673713,1956.9463534674976,1980.7643107091862,999.8765157381664,1992.872896335624
90.59672418760222,38.10446503840481,88.48172424379126,97.56279239032129,1007.9518206946423,1981.17957124097,974.7360514810925,1997.1189543250516
96.82794817392119,90.15135964049057,93.72368620823869,95.02360654865892,985.4430279535978,970.066672069763,1974.1536052652868,1946.750162610971
87.86823086508664,38.80156185321872,41.63595312241119,83.68084707926951,2037.2067655693788,1969.9158747706974,2014.0045816030724,1007.7933618225471
94.87930303240107,94.92326474808587,43.08166364189964,101.0932744853796,947.9198232626386,1016.2453156991035,977.8650378283508,1992.5349533042404
89.11480346574218,89.55559491838953,37.67641284478789,41.27643221653971,997.6404822216356,976.5578403537609,988.4765140715631,986.2917085905393
97.73871509159474,101.09775853343092,85.33914481812585,90.59873887161937,2042.324451602961,2022.687721261709,1004.8020764624632,2013.045681129685
91.82801902767213,33.83765104503355,36.130823650125855,42.474886256584085,980.8166026898239,2007.4846536225855,1002.5885922539061,1034.6016294452797
39.479969718127506,83.2867887505012,94.20540471646926,84.11013440702048,1988.7051764341968,2032.3977978101925,1997.8180978886462,2020.8022351486218
89.22703548581931,83.92994803062982,40.76467751143525,84.4925949075223,2031.3424997726727,1978.7041343627072,1941.395368955256,2020.917815082499
98.00492558631454,35.28717616924888,91.39405913738152,42.271123596280226,2004.6617624646487,1017.7509099408669,989.3521788622511,1989.2143774334982
42.96994072274203,32.28520595513525,94.13839433289618,89.6855862392677,1989.127971734004,1008.8889458930503,997.419787050459,986.1530022929288
91.87279699286144,35.18113927365121,82.29442315555335,38.88591120185756,1988.9254705367382,1973.2407100360072,989.0537120001204,2037.9642274696193
88.57236454036457,88.05150610654272,87.43126316156113,40.9746980958059,1982.3131538350722,966.7853261918558,1984.9754945073494,1997.9755419222226
44.191337046812194,89.57687867608581,40.87949351014134,99.97589376485115,1964.9351895957452,1998.9398088235337,2012.0805777886858,1029.4290692160869
41.774617169748964,85.69377621942296,90.53663214915709,89.7674155361627,2013.5458489957293,2027.768443531554,2013.1505870665137,1970.5227571365358
87.07941491813543,40.20849163424225,38.66618745431185,44.96983336948884,1975.914255414731,978.712483218769,2008.7470009145052,2006.0373396911682
83.19206655192649,38.526385414015095,86.49539318150875,82.52036913939546,1001.4954573795715,1978.5277183119701,2023.9665107391922,985.8316968533782
90.7023712982281,36.53191669945438,91.02697587064611,86.12015132651902,1973.6015810425856,2019.8047194319636,1991.9877898021857,2001.7975000140939
44.48646017673086,86.90093033214212,91.62263032355901,44.00306467786335,2009.4365098426542,1988.8580236197515,2074.796445678241,2062.5520081643003
96.09672043509558,39.61772112531662,41.12673753131671,92.24372404641466,1984.2809489571491,1984.1541999142946,2020.0159630633805,1017.5592047381058
42.55928325536132,38.77808286979655,41.93027916992319,84.76916299789626,970.7670663448918,988.1857109871675,1003.9870702424143,983.9091602898825
86.868305307395,83.93655991455843,89.56779365127382,82.99732580102524,1994.0376984461827,998.0237156700437,2023.3885301533026,1950.2985059702407
89.44422330512981,83.65859545729793,90.22294598314453,79.84635604684419,982.3555922738335,983.9189910635389,2034.585252272482,973.1519024516499
97.10328832977837,35.25307246124457,89.84348681832502,84.96010444862756,2030.5888882100771,1965.9188478389158,985.0293219015225,2025.6361409452581
88.71948576058571,94.20669546344503,93.80297868470845,85.83493865052209,1927.0097597971642,1024.6613340271185,974.4086084390375,993.3120799277508
82.99354256615301,93.37483492358763,88.23500369837669,95.54091850592091,1004.1008830705607,1968.8880761057928,2054.8030559241406,1941.212583042328
97.33438083450936,99.17165537992081,94.47806447184772,100.1704596628137,1997.9109234822645,1018.034149920547,1065.4463256131694,2018.996594522708
80.74054238099512,86.45172203062516,93.66068281305401,96.32184086607133,997.9881701795201,997.5520626090116,1974.4253374348757,2008.0385397941309
44.54721509805719,37.594657457049045,36.293333975715285,43.19077959728038,2002.9017785339752,2021.6609629378984,1967.015018273361,2008.3294977189785
44.067710848966186,89.75789578477394,91.95198616338917,44.91125887496794,2003.138808091506,997.0984678965829,1981.1006336991652,992.7825808202775
80.41584055777219,87.8903557986855,81.92439735901951,93.02317445894892,2019.8059586766221,1965.4485640089497,1029.1830576267457,2012.8012032725987
94.54800368383755,40.17807645836189,96.12719018031909,42.253063537591544,1981.9140078753571,2035.0394639643114,1065.6498079681992,1974.2759068864946
44.26741784277569,87.76641636628872,36.920308212612156,100.26163180481655,1039.7805208102375,1006.026641545433,1047.2138653584811,1045.1357157554928
38.661631816055525,85.58782586290081,37.13106760720403,83.72189749339437,1952.2427205340946,2009.7529445504022,1006.553347765547,1944.4601678034376
41.52620489967126,94.14284291639822,36.131571840681175,91.58314763432656,1982.1128481083756,1980.2842151266673,1998.5313857676254,1013.8127649708064
40.89377154287705,34.02392290902161,87.3083661215029,93.7607860619827,2064.3073259576295,1974.524299960114,1004.3423570988789,991.9201833268132
39.63234908111778,100.69685891458785,30.33434715634258,81.98956313259858,2025.413437507725,2025.4685051672102,980.9773567142984,1988.8537183252895
82.1223824445668,43.76221790246457,34.669704123592396,92.76555717284292,1975.4267151825754,1009.3388823296646,994.0512261048281,2006.1925532110506
45.08845205912888,41.25567126933745,98.94972539949569,92.58186968251593,1005.2895749796646,1997.8614655626136,1016.4660287273157,2005.8222292982402
94.71949177415286,97.19409973836467,91.40215907636679,92.88894346120503,1994.4577752952584,1961.1799303015496,1968.2624430692767,1973.9104026755056
39.194685258832855,85.19509513704716,91.50815210416995,38.712675154679815,2016.422710778429,1034.8158026437359,1000.6445146727795,1974.9480921361665
91.74513527583073,92.42628679583073,90.81179271928211,95.20000419056697,1961.6993781226395,990.9741938609714,1028.353813766422,2035.393770273467
96.26634941617964,91.70149585339271,90.85626360209992,85.20709037553814,994.0121726393776,2007.4684255337284,1043.2459797956658,2012.689747012197
83.02764055006793,42.054647221237815,85.2173636512953,87.26368462805023,2030.687230076561,1046.2061481621079,994.2590250721669,2004.7060688811403
92.77427937636494,90.04140667430353,93.40177603638611,88.41095270429356,992.3243076450112,1963.404328101262,2015.6676676235352,2040.1518265146237
90.35806911425156,92.78907092358443,93.16844281754669,90.7474673270309,2025.6884880806092,2025.8106781354034,2004.5987495500108,2007.5372917573043
41.438501923020034,47.068707022266075,34.780598042517205,92.10120718217946,1000.2359552976815,2020.3845843085423,983.6193366264113,1027.3383611243203
44.02575625254543,90.39351949100393,93.9680928741437,89.89451272174948,1981.7444245010643,1994.4516173732732,964.7151596845315,2022.4705788215763
89.48138445825495,93.0455645984764,39.10466723216793,38.52680944437617,2013.8906512956248,1980.2783971145197,2047.3493411159668,1944.1951049317413
87.13156626736026,38.631206865801474,81.6888266747607,88.96261594185265,982.6624329759534,957.7175611138036,1004.9755850776689,2026.2785924670668
87.83475409728355,90.3684122266678,82.68893205952665,36.675318342207945,1993.636781142245,2014.1085320692914,1979.1783881218662,968.1329686826099
91.5241742227147,40.57901443983219,36.67734983803338,96.30786970536766,2018.9739676490328,1959.4262709006166,2021.7023739237318,1953.3688753180572
90.7776241771891,38.527916725493085,90.6108619218854,38.205297242024116,1972.4354475266932,1999.24884891391,1017.636899622687,2010.8126333457071
83.73120071325664,43.42488573110994,35.27425905843565,82.81208343401312,956.4672304700489,2030.3949023434168,2007.1703594068017,996.4307283310796
93.4039269226917,42.317233512719994,95.8255333143226,93.81062768684266,2008.3697223780152,2029.082042336161,1002.9901343350413,2021.399973442255
90.77261587005351,40.12066990330348,88.69988040271159,42.967014708068646,2022.3916568229806,1981.516033773841,2014.7792525536831,1987.409382572369
96.37875121075527,88.58743289707893,81.58864618845625,46.80258840949648,1082.6390949585048,1949.2165409557208,932.9389593407477,1964.830501077747
90.68021418106477,81.61525912800334,53.93974901187174,87.62446314458266,1988.0400646466137,2021.3407692571068,980.5470225236833,947.534112960575
83.93040084749333,90.23245712489799,95.13748408410682,81.12185592764169,1902.7723255739506,1984.6156813761747,1953.1292889617462,1984.2977628969152
42.43263902331054,92.11127641215259,44.08515137218911,91.52945054665467,1983.6381812050404,1950.2248664876472,2053.3244160750637,1953.1453274837108
94.32642007965732,88.85096445151956,89.01774459498151,93.60435891187502,948.6931332872108,2050.8212471584657,1965.7462190609165,989.2374761512327
91.45001591715167,45.73499864192593,46.06597333565992,48.75081641449707,1014.1496997661559,1014.2800636303871,968.327847798606,1985.5897056089727
46.043020356054384,84.37844483775433,89.3790250549242,84.77799032726693,1993.5252453837013,967.3240735437689,1998.2322544325937,2040.7429380536378
88.57973943055323,84.5468042426319,46.83028519943315,92.7093554061246,952.6659260210058,1972.338730104659,944.2792302855378,1037.669453116196
93.3222580098948,84.4789103335673,46.48446771879388,85.80718170092041,1999.1214868934758,2030.7348071167926,957.4977887118919,1033.3909862850007
92.57455495421706,44.766165373647766,92.32165404081613,86.3404749100715,2008.5140336293753,1085.1900946875126,1962.6649983978375,2016.7374663165863
40.88548285175569,47.71473890036948,92.95096193027337,48.08578071932381,1984.6573021444706,1042.240467424738,1983.81321455673,1989.3254066977154
78.91569321774438,42.46337375594804,42.507230943656765,95.66499504839321,2011.0301145575554,2011.1816847832097,1930.159913884648,1992.8893840650837
89.49150686989393,88.11020776334641,44.00006563357235,83.2268761889299,998.3236323338128,2016.8906687842716,1013.7093772611929,1954.4831195031677
90.52541005995987,98.07902962786292,78.71063872177572,89.74976115150479,2068.333783912305,2017.5902412549901,2024.1731693437048,985.1463597398066
85.39009387710556,84.6515925459529,40.4989722838827,44.639372965511285,2036.6533974499118,1043.9609934908453,1997.6038738379816,972.1929823217179
42.35991256565198,90.54499391457307,92.73043953039988,81.7640500228207,1986.4290830366613,993.0624111230641,947.4239997782535,1983.4136973017385
46.246608285575746,57.346626308051896,93.51785564477943,43.518451495636214,1983.1174000572432,2015.5776653997145,1963.029888056388,1998.7991670930674
94.96596508331834,94.64745329905821,91.14960919874093,92.34216436985776,964.3587764351757,1975.5375576572903,1012.682224727502,1022.0542112993226
38.247675753021625,83.35539238994266,91.25279696234415,91.66147407742037,2026.9823520137475,2071.8563215042964,2042.7189801373333,1966.2959301898732
39.32161762959788,82.93759888050376,44.00005336986419,87.90013899039272,2028.6493822447599,1970.474009767591,1975.6035936759617,1938.72001311526
40.155878630977284,40.45634090561393,85.96379323820327,93.7811708891599,999.6374544734606,2038.315312413051,2051.8281326464266,2055.295433805491
35.88783723847428,42.231465727420414,92.67220340287895,44.065126386846686,2015.7620189061308,995.566380798826,993.6521010724499,1985.542313757156
37.15397154825925,45.65941439425953,86.96511636278709,47.53493256471705,2022.883439151004,1969.5948786636175,1985.4362567102028,1988.5302569263094
89.16671292468601,86.35551611126516,98.73649916574624,95.25334625264523,1019.4976240130229,1951.9879230843785,1029.3247785114033,2003.57992743347
45.709948395414735,35.86140812003782,85.9809846408684,90.36851774405837,2043.650838131366,1913.6146004320578,1993.2706935155322,2052.626344063879
44.7870264548159,28.47283518697145,85.57234859958939,83.82377010241842,990.3248075412373,2002.4852549812865,1960.2459594645989,1980.9393679262546
48.15467369790467,88.83708342636335,46.510733697935294,95.48105866895071,2012.1064183014087,2017.1655924633249,1012.1006659425535,1039.6429088084678
90.83070896085229,85.48622864204403,93.2415024328354,89.76809321035955,1045.9760622217254,1989.625091062529,1958.2284294075514,1987.445708385836
43.804645850836295,45.81712032925465,91.73828944525359,81.52809067171869,1024.4688891546587,1964.8147469185487,2037.2810515842184,1980.666074038652
40.00449686275268,47.418120683743325,45.234288291783585,43.32456190989983,2017.5907491901676,1967.8058024114853,1011.018948512011,2024.4971963424157
45.609834033998936,89.01040774849716,44.02463045159885,44.539528846108425,1962.8174430462898,1011.5592114043991,1990.348075664446,2000.8723036607214
37.81457740896201,86.53059547379597,97.33776561077867,104.14940643577008,2031.2743007183624,2000.334470308485,1962.0089776329326,1974.9802766777132
33.58766891573666,89.50979070669,43.45335446833484,46.12153814352928,1039.2397026609178,2052.483549424402,967.1329074381044,990.1461859322158
89.02526543253775,40.3928631535161,94.37560077205639,89.22507940584578,1992.4284629171968,954.2159068822968,1018.6557417782334,1992.934983813695
97.03204250303085,86.51446220157855,45.00917064295384,100.07998572415248,2011.3384510531791,2007.292174655253,1035.1866708850225,1994.60208775298
87.25379297636486,101.06548969489373,85.79918586136387,95.72502597019111,995.8566025632595,2000.4291174671428,2017.1330181428384,2035.6872286011187
98.39918726146232,45.12965267604113,81.51691319025858,44.886648577453975,983.577575858942,2039.0245239898231,2029.9310266290388,2000.8467962163522
90.03069380561101,91.26509754514343,96.256875003014,85.2668528488243,1972.615540790259,1960.36937331854,1966.4901420119916,1982.1129168541465
90.59398281567088,95.59395982255346,92.71493290464365,39.397755155799985,2031.0138554894586,2062.379059793741,933.5995633304235,993.3445748874302
95.79204581669904,40.2501756302057,94.13542279545698,39.179603555061675,2064.3944193833495,1983.194378132739,1949.9657032680566,1009.4174890987383
90.50427176024655,99.4475028248066,93.24374929154082,45.30567173435186,2028.6884395947325,1948.950870145073,1965.1123822433758,2010.4112307691476
42.91489763172724,99.11290127848902,46.26573407053229,51.298453127288056,2006.8669852640992,1025.7105927358937,2052.9804357099924,1043.788145704729
49.41165152328012,47.02109578497254,92.6943259009164,95.13898895711189,948.8327473427612,1039.7550233245856,2012.0091582261362,1015.1871899227865
95.89968997854602,46.389363134200096,43.54487936399693,47.61332233732639,1944.7235429513264,1966.0544426767233,1005.1126729723751,1027.5345905004071
90.11560538479559,80.85347549864099,85.8501402202868,93.57108728168116,1984.3157648807285,1008.8593441781406,980.3662021678692,2016.2075384008153
88.42641692771495,40.93387480601126,88.13711321094861,86.66027538855919,960.2360642512706,1030.5743980205907,936.439671279978,909.9675642900262
87.41730866437788,45.18144595923871,47.404035189717206,90.53475833697827,1947.2135044244797,2004.9144797839422,2031.3075317400474,2019.7980079089593
94.73184703774511,90.21398862324787,45.712885582963715,87.55224840037927,1986.4066224179894,987.288717829956,2010.882669737989,2036.196710948241
83.8760737676605,42.17446499022434,91.24828401283682,50.463674748862374,974.110992042821,2037.6927823476938,1998.9591804400511,1030.8587804063359
89.59204274710736,92.11048731764663,93.26098772598412,51.14300354487179,994.4123263028705,1991.0239958669608,2000.9947586855708,2033.2090443351583
41.882444526536716,45.260389907034025,89.58345030712687,84.57209056870752,2005.6223996430547,1952.3852605249142,1015.9271031215922,1015.5992328953477
92.64544734309573,47.846929439605155,89.683395859896,79.43950512796893,1016.2031685257924,936.778666440304,961.9915580149335,1016.9702953588044
84.20945165194021,47.895104068902725,94.5587382403119,86.11822592405288,2008.182885860084,956.0435697322783,1999.7872076456829,2006.2089312061232
38.321045613408415,88.35190365052614,88.17216421537488,40.007014868342665,1035.4271011058975,1956.8552543572396,2050.7476028499004,1029.4513316099615
37.36944232075758,35.03072551944038,93.41676124058652,86.37003272522844,2022.3535287143704,1965.0411954504407,995.3513938487647,1005.1388828623029
90.3053518982185,81.95481206800773,89.5841426326984,92.42404358338574,1950.0919076229811,1995.481526512473,1973.288050360894,1018.4832059618369
85.14124265762275,86.67035195377855,86.1344648323817,97.64870074533506,2030.593970005567,996.2021533846614,938.0244884546719,1062.1868449185572
95.24632922341875,53.96388820106631,46.42182673829538,44.865107332627545,2047.9306025101987,1961.562452792651,985.6045285745188,2046.7925197601803
89.86555150321622,53.584496153508205,92.00346211947347,46.051058698926596,2000.3759792074236,2011.9109051384903,1082.8455795719822,1975.6402749922838
41.841524366175776,89.58824029047634,88.75525001603233,77.28525803394602,2029.0137077989295,2055.2751220913165,1994.9031888635052,965.0260946767794
85.96079555513023,92.05944353583004,39.83893728919578,54.324133653457004,1014.0530901287261,2008.5628600635857,990.9300395849245,956.8082479580287
42.943676321526894,86.52648050376942,96.16094281492269,98.05231220471806,1033.537861974646,2028.1202676806581,1000.954174801205,2049.5217525706325
86.82465748284186,49.2279629419985,89.76371963924709,96.60154178182097,1024.3800182067266,984.6831583289465,984.9772092621937,2018.0141221135657
91.88121675673776,85.91646962702279,97.66168282299725,89.69766507039485,987.9659086168638,1974.1413511036033,961.3167983444812,1031.1548251488039
43.03346356320092,93.30920986147906,92.6690262456891,79.21988040660614,1972.479485720338,2016.5467995022893,943.7714823307825,1998.7024974036897
44.46725229741459,41.843742030536646,89.16496791461299,46.193994955405955,968.6433842035296,1995.403439578139,1005.4353301964599,950.7461050025682
50.079211891139536,89.3143713842457,50.451496609215525,46.576471334609195,1981.0129619711086,999.9723434207632,1012.2536224575967,2079.896124003672
54.00384225888236,102.08225926807931,88.93128430191962,93.70436680595992,994.679435875832,2002.2211597136843,1014.6146976732364,1001.3413223716625
92.66670725610368,49.82641599141609,45.013705358502776,81.19611401035354,2003.7223601845692,2016.1302369566997,1014.3094993042962,1979.7710775477155
88.27701054838003,95.28504805285722,95.00797570450908,101.05516490061254,1026.8967704870022,992.7190529902699,1975.4449148035999,2033.7178370935617
89.69937631924697,38.81051863288082,47.7739528072171,86.73388441899546,1960.6945259393576,2025.607576506993,1996.5141135245078,1968.3200928139354
47.14793083596895,38.755443015554725,89.31891216422,44.954620631260724,987.9923998303877,1997.56127660442,1941.0164445222063,2042.475282879604
41.024128022369254,85.96769004471375,46.583072810069936,86.78219173698136,2027.659239336249,1002.0102290159557,927.4222816096888,1987.100225872016
41.43000058562284,92.08640056960954,44.50430315523874,85.9337912972065,2039.960564876353,1006.9044191284156,1985.8486030833055,2013.5241849415127
93.60765946189429,83.03222046438165,93.05479839532642,90.07127266042613,1001.2644776959405,982.5350429915644,1032.7033727371609,2022.6824106264557
40.1706012626516,104.68861842128858,93.32580397417438,81.64163046136474,1966.476207901416,914.6317165020718,1997.0240738065847,1055.3279482795397
42.281945152321946,92.19686302520311,42.56548591460136,89.94421426438079,2028.7198565633653,1993.1249815759547,943.662756243587,2039.218203406269
87.16902633510118,94.93703742594944,46.38926672341106,49.56782176543153,2006.7916157839268,1034.8223650021855,2025.6846553796954,1974.7088460600562
95.00945749659242,95.0854651681597,80.63495353575165,48.944543450219136,2000.651551998767,1062.2871689275023,995.1222660681074,958.1226958220809
46.015025347391834,85.99449069307217,45.79411821882857,84.67541590899499,2002.3470412026443,1002.132447219047,2043.0331808257322,2029.3301461305246
49.239105261684834,39.56639786684,45.51032951850032,91.00489630078603,1029.429680299751,1954.1452767903174,1981.5392467930214,2004.8241849412193
97.26929566909878,39.502542345401054,44.418034072368,99.0946522148759,1985.9615134893193,985.6322791337446,2012.7745969322702,2015.1058980292103
43.81393819500464,43.69357182029387,97.07490429101719,87.60788006749684,1035.2769488898707,1050.2547700969599,1981.4602096354358,2010.3559332475102
45.22184323920281,83.90541908130176,85.96607908671453,91.2811177769194,1998.507677781372,1048.9112152506148,1969.3333663560772,1027.8416670094275
42.49934084531529,83.40755278696474,45.503737813302834,42.68135607524757,1992.0019063924003,2018.5123399670836,1987.0923206173818,999.6631844025147
46.84624357872413,96.94876420476581,96.23573534112442,42.886786715328576,1966.956079650559,976.366513595007,2013.0775239750847,1974.3371333635946
44.9354561675335,90.19345163134443,89.57404917217792,90.79205593597807,1966.6081311378464,980.1561709028954,1078.5023176359207,922.136650033585
91.33119169638464,91.37863429931164,43.990708939718104,47.03448433415139,1075.7856442994428,2018.3721463133832,1991.5614100626574,2057.981832012523
42.220147274342885,99.30245861969507,97.74118651363158,97.05707639395008,1968.9124290431625,963.4978053098207,933.340335181981,2045.2088690530595
91.27578209556754,85.45872904205604,89.90400305082943,45.44842015407853,1968.813977468915,2024.4701093834458,2016.7861256064086,1995.6269861714793
93.13238511822762,44.0818281159751,80.86439651105336,85.92368140149816,1004.5058953158518,1046.7485841740822,2012.8946450295143,1982.8400444166653
100.16182388821086,41.427490513090945,40.55961974813077,88.21798462290928,1987.3986914139798,1997.4118083350968,2028.0033276903926,2007.5863198451975
91.57997755674356,47.98907509157799,41.58084541884552,93.25331392385428,962.9852105440128,2025.7460690842722,2001.7150327489546,2008.8418488617608
90.3391913896713,47.77969564704151,94.86771269931154,98.52975899614701,2002.3528174243959,969.091195788938,1011.0537038636237,1988.4828030667404
89.5623146151421,88.85182353258061,49.57446330500447,38.7633804196789,1994.4093024277938,2030.7979056295799,994.9910771540223,2024.5611688441845
87.15958930533891,82.66133526418645,87.9854747970196,44.06997266014611,1007.7245145404373,2001.4096379333885,1974.6546711643155,2011.6907926202668
94.72990347367518,90.84746398946064,93.3267041263591,88.7584488911249,976.9915489325177,955.5821107649327,1003.8433711074845,1987.5248163535239
46.632223156978014,95.16816717407076,94.21386570681642,55.430127462692184,1973.9786077265119,2009.2897744487539,1986.2051437036923,2025.0078274164757
41.10038466684368,84.8831728097914,98.22922390522919,49.70160126588118,982.641426703279,919.214551596287,2015.7265060156703,2012.5986024142871
96.00520335693308,93.87328599189583,85.25655015602901,91.2077930704735,1996.2891590902827,939.9433611706531,2005.2319622650004,912.8607905223735
91.23254996997734,82.64608179138739,95.440993574103,48.01629458607664,2002.6574573762757,2028.0425504245168,2031.7191819147786,2001.643338562177
43.983836652685426,88.2591958742289,96.95670296805591,46.51200627813532,2029.3792291935863,2037.9093913666595,1951.4385921691555,2006.0459505214592
91.24158001100156,42.623855489246004,90.14451798691124,44.09469055648282,1032.1235578480303,2020.866290984113,2006.381306477757,1981.671970498055
40.63186734014468,86.63811901372657,81.07835801393612,93.9712942464582,2002.021737694317,2021.6812356670782,1979.9589516494427,1983.4428426321808
43.88413725417452,44.48377421251009,51.42660892941387,49.90145031250382,936.0867499388346,1996.4255733653738,946.2692161758764,998.6513752711239
80.35844625975929,95.02300314295879,85.322530403815,86.11162635569083,924.0293141120084,1016.7361168119423,2010.583387837417,1059.1323023478365
94.674781427039,90.35212479111621,85.63197261564227,50.3360140321803,1996.5401210099412,2028.2578523812977,1963.0902007857792,1069.754024350169
95.49430705788171,42.950913062071336,85.68554268587525,88.79006409343384,1056.9177669830842,2026.7843621434158,934.6854029832041,1981.7829864322778
92.29128991925356,83.52008121919977,84.33988902435789,85.8446232958884,1016.6880586783615,1039.2150159125893,2066.7481043955786,979.63085865935
90.4974594741393,49.86193960611267,41.7064349670965,43.804108322082385,2017.4110288430202,1016.6500333987276,1992.2488261589458,1026.9824054362248
86.22662453242191,93.324287667234,42.899587231455094,85.9919237934987,1996.7379827894426,1992.5621164469474,2017.8775292411924,1962.8779679570034
35.44210773906312,43.23653658910344,93.21571873317606,88.17468894687478,1984.508627359418,1043.2105553428842,1968.3232184279161,1972.6317201402617
87.90728946363451,90.61804358568027,93.32373367577853,95.88332313155139,1972.0197466459,1997.995645125243,1997.1775507236493,1032.7187253527757
87.55369038334662,88.17128124658848,85.17214313724912,75.50738917397116,2014.2856646530827,2050.7266426176566,2014.581439620356,1037.2789377217941
49.599864973716194,52.35433513751448,84.31130843558246,90.25589818584552,1001.8452770265399,1970.3542632988574,1110.6619933981465,1041.0837633280744
86.61355132005247,87.70399522632884,48.92422105397396,41.62034967374113,1996.8678055432702,993.4214029940871,2002.194179236549,2023.283120398889
80.78498093676663,88.9888224136067,94.7887099126266,83.15048607801869,1980.8517863564425,1998.933053303432,1038.6463726107256,1956.9692361297768
92.78390679348942,39.891278089556266,85.04897989446118,48.339247521385914,1964.9773012963851,947.1098695034035,998.4349050178976,947.6251065528677
89.42057000439915,43.10069177257579,39.147466320538584,92.05982295530355,985.3582877361551,1997.712382825102,1008.4664643620497,1998.483680278928
43.14691433115929,93.57663711503278,87.09613298408058,86.97498755014071,986.0338460736145,1969.3092491188918,1030.5427643579571,962.6318078991914
84.38016883498757,84.35665566806824,95.1255425044503,97.46263103994889,977.3062229367182,985.5794942206738,1956.3546778833886,2031.7750741143075
43.69642739067045,46.1175272852968,78.66183979384486,88.8304296118096,1967.562169130476,2018.64954452759,2006.9577157116403,2033.990647584735
89.04395238265684,92.38159934655567,85.48508635611006,38.21314955714677,968.2526379037938,1987.063630255481,1990.3790697046825,940.5478781090694
89.21100437247927,46.01857630287585,44.27836339104181,90.80888135560645,1011.7706695186155,1010.8335120269742,2016.7165035173732,949.5463471911592
91.7536336536074,88.76584440513307,85.90113013234954,40.26693944539667,1974.710415950765,1011.4985767065689,2014.3681873221885,1991.8789611113284
97.30700168941281,96.07247481636253,87.11574489554286,46.75992469189184,2026.8054523451206,2011.2747284177224,2026.062445586514,1976.387472178169
90.09730349495301,52.814222223300064,86.7134679151601,92.58253882049347,1025.907031972528,1981.9620110622698,2004.9419585365386,2038.672976325579
48.618782861692736,96.43042134281141,93.00279088342259,43.209119533489115,1003.3808717557856,961.7149529343552,2031.4611090153287,990.0331289199908
39.174855739020316,93.98539661612024,96.85807997848599,43.20450798636912,2076.8245494338003,1026.439897072107,2026.9776762195713,1012.7899401272847
27.4340276071858,92.30629160597954,91.84421470004801,52.519717693324466,1008.8303031112721,1013.5615758676803,1997.9407635589932,2020.0422259639938
32.481178452299844,49.619801873729855,47.78155289604673,83.26413609028832,932.8942298264942,2037.326806335199,957.7842189555497,1977.9851005803332
88.30256123616938,50.3984715855524,41.46054793714808,88.82120983678966,981.2711804359095,1994.7877123548433,977.885264906407,2033.4185371913516
97.11263410966845,91.6032288937753,96.14247843241631,99.56844166679015,2015.608243324757,968.5530496399194,2026.2696796655632,2021.1932293131028
34.727866526661785,38.241186193677166,96.74842703856815,91.32059235068321,976.8340545393446,1964.916117513255,980.9344684618807,984.9210819688185
94.75682363674011,43.332170495807844,95.43098307218138,36.2912940520373,2028.9257121218286,1956.5574988186472,2004.3420890897257,955.1271514011999
43.09466632691468,45.66256027047482,90.46142359055247,88.88465894760846,1989.8758814191788,1962.350256167154,2022.6766718966783,1998.9863572719337
48.03717942343734,83.75240739649774,88.11198967591014,50.987502819978076,2103.4505259991843,992.3485561330517,986.8010712329101,1068.965114043003
44.28728986394707,94.03177491169409,43.989480033938904,47.89784629184001,1036.0554544524934,987.1258052357541,1000.361676223102,2019.8526796922743
92.86237738660365,84.32674863764207,45.83481416831897,96.32168457921225,956.1011893015029,1979.9242497878104,2011.3372542873694,1987.9905876393582
93.69174164662812,87.23174313372466,45.58633866187307,47.706071794643705,982.4654128348568,1019.8789401483637,1055.7700743021032,2042.942796147083
96.11168851003538,30.687913901913646,96.71384449360912,83.51728797640953,2013.946261330831,1033.8007619292582,991.7502516425379,1994.3479338803734
91.70880451307714,91.14570778597613,98.04826242108535,89.29984584192408,998.4576465980572,996.2234595667142,939.7361233109857,976.5631976563143
43.65449585157553,94.86321925586071,43.886617553304774,102.14209655151714,1017.8186174382997,1013.8111662097098,997.2719606083144,2026.0950504927432
91.28554410972605,91.31404978264995,95.75724539653508,91.83850519017183,1995.6744999955552,2049.372316489834,2003.693358768351,1968.919845684028
45.64041282633152,49.49834836897469,46.30092724400352,93.53479848748984,2016.6081619195638,2036.8214481402467,1972.4132027378175,2015.606312484431
87.67163268044082,50.05912204466928,48.0988299200791,88.4742011221858,2023.2740485039822,970.0117721414967,2022.0520358566039,934.7947023181864
89.89125729399105,97.79711455591008,90.36145005592752,100.20237589598955,992.7400039544887,1026.5277008831943,1970.7031483269163,2003.0818609394407
86.10087269757403,38.31520148472882,47.039422972254826,47.43740684635168,2008.2052479464603,2015.5854898764842,1974.8853425012148,2012.305034366696
45.35000695842588,89.98928098472929,87.8403694859745,93.62043521395132,2024.105266757528,1927.2498389847785,981.3426315660358,2038.280768274319
41.68769099570265,87.59057492536567,94.92888712363029,43.34743028388665,1999.6398171813737,2036.2600030374886,2018.8325934917377,932.8207900510777
43.416004434907194,86.9060836141879,84.7883512736228,89.36072434717494,923.3715234757244,1991.518498031529,2006.1709614226506,2019.114183945012
89.50376090267562,46.090732930887185,44.05760159645635,47.88629150998709,929.273506675512,1013.0400165308598,2013.4172022317048,1045.2011490189245
81.46659928163133,87.88041862959246,45.98654612641193,91.14053525197129,1000.8164690289323,1041.5658906275705,1979.4764829883156,2024.880237623255
39.66255210767453,87.10659926062243,46.199361849024484,93.68229767961952,1008.6295364473432,1954.2424484473468,2072.6680091959593,2040.845824306449
92.88751610413176,45.837934680502705,85.93978841060364,41.16408324223984,1981.255638080081,977.2565298023096,2040.2495453323338,2001.9123449517988
45.16297588030226,88.07500188706412,97.32160964429481,94.72150143958473,1980.6168556844825,1046.7151381480862,921.2020293770045,2074.2866997306915
93.7235030754709,92.54808348286825,87.54611101794394,96.57806445925007,1967.144327123805,1063.8114804816114,989.3548627745374,2029.868626432393
94.618403260212,97.09351467296578,89.1666279121227,80.66070253787244,2027.8905545546163,1021.6450916101503,2018.8015700500034,929.9607735349359
90.35701133082546,95.11389090603647,85.26366597440698,93.85909741681303,1995.5975905576097,988.5760894982824,2027.3078728525372,964.7801155424445
39.52709989444834,47.7543467157091,39.686801381221386,93.88038991057664,1970.0132004832803,1037.5302373989718,999.587129910585,2016.7245548969015
84.71400854470855,91.73158525659535,91.62521255495571,90.37157631060148,2067.7887827573904,1998.5529278970243,992.9438207359582,1983.498177087026
46.215528759133534,49.50562514732528,96.0905172954611,38.92668950175634,1020.1815952326685,1054.6529954042132,2011.0032431288528,1003.434759923533
41.97076632039717,90.42108635894043,83.92816344860205,93.77678794711599,1995.114826099254,2017.7770049339708,1030.2527887275444,1030.4247199976683
44.11077989138281,42.74549965531972,82.46178782102766,77.25233462169807,1001.6467113719473,1998.1669450318211,1977.2149439666055,1997.2884249772505
88.46040163668893,96.9211318606504,45.614817458269464,44.30880094755566,985.8176749991298,1969.6626713462967,2029.748214999644,2036.5241184889505
91.0689536687829,47.31572233496358,84.97571945508213,85.5103555365724,2008.4472084309184,2026.6437437743318,969.6947937845035,1992.575463969461
41.971272056751936,40.523147960171144,97.73421029188857,43.86990273996963,2006.3625343019216,952.0523968426467,1999.1015524723693,1987.2117369847322
79.07132572878648,37.51290481800295,93.90857139751478,81.36349163017157,2010.8642365947949,1967.7903319457014,2000.2799636140865,1975.1787214757644
41.71486049060228,42.29857257315797,44.09238113516897,87.31949703369828,1012.6502696498748,2029.61137067166,1986.3605435562272,1962.8205993276
46.02231349767983,97.02848565867573,38.88985146263101,92.08664619147247,1083.8694069570752,2009.5297361945743,945.8909526424283,1948.9274121393737
81.64929110894145,43.59816620468426,42.322721224480944,94.40182861796806,2006.4711021858532,977.1621040101313,2039.6417324580573,2006.1358728102891
87.56178255929989,90.93882016607697,82.93327078205323,87.21055827629006,1953.6684189687044,2009.8766194089826,2054.4462705477467,1998.1787764618875
38.44765204834365,78.97165368767224,87.95968153221172,87.22080411783556,2034.107886131355,2051.9273007444162,952.8717225630548,1015.0320201375813
85.3825336132174,86.99005656258082,44.897118562980474,87.3665537249637,963.8094587125689,948.2583288669589,2030.5568744365314,1988.7825729524386
43.18689134169041,97.53362919413598,48.973605267284924,77.73365397803585,1981.3961349988729,2001.7569442972406,1007.7874617375415,2019.3323575428878
42.67303020138118,51.15086312742484,49.29110216297383,49.26437366481461,977.5233910058948,1001.2722539332244,1023.8912189952916,926.9644023535202
83.92965223807686,95.96490530264735,44.72962660461012,52.17476327374236,937.5371167963619,1975.6153892866298,972.6783302242411,1977.6007082567724
36.64033768555524,52.56665140486041,47.802645656148144,49.524664681693594,989.1392282719697,1955.9871547699881,965.2951951294988,976.14023800128
39.896842993519044,99.49155843494259,99.6829452387444,88.69782166671175,2044.7233769136603,2020.936714713022,2041.3159619535354,968.5963152882687
82.97183737243144,41.690811652721784,34.851965573045874,90.32849765959875,1042.2113333502352,996.3646311347075,2059.4067273479272,2018.1660893858439
46.23106025222033,84.62256616739106,41.27626926786273,92.58882516594252,2028.8040685258538,2031.9212735448975,1973.641447762863,1985.1703059247445
48.32689258069212,94.18772238983507,89.18832165726359,87.88630470615021,960.4283861733331,2009.8302560575794,998.5790461701283,2002.5635717529303
89.07499667291275,89.6840327891806,82.02932732414372,42.08375728591715,976.4646753284044,935.9463686015358,2061.519511108019,1952.042800586564
92.85059765644046,34.974201361635565,90.82956157539371,54.081058456153556,1993.7431351953057,1953.4028672969737,2016.6867222008966,991.4588491682197
37.004640307851076,92.72960750104998,81.0672598408147,88.96145353000017,1962.0965980323376,2035.5551757491542,1009.1293486848031,952.413661368691
35.54693358775554,48.93575569041663,52.198439270476996,84.40490440190686,985.0030116030346,1972.3013089049523,1975.1330173377517,1998.3179347023251
36.041112137049254,91.40005112018565,92.38835747717066,46.50287883491652,998.2227793005482,2037.50294942239,1908.163040407164,1013.1278210436772
83.00742533964063,93.1767427544129,40.72659391831901,82.54373274872312,2012.4787586080054,2038.8094789841211,950.5016446768545,1016.4360743585596
93.49793241578408,93.93292987962862,92.36140806289758,45.832308171323795,997.2947468717233,1966.9785007774424,1014.2990969877744,985.3535536703373
93.92134751672855,36.565895056852824,81.82127306828616,47.528846547673574,1953.0462588501243,1998.3283106539916,1989.0030302503035,2019.003795900268
42.456690783883246,91.91384414984209,84.76079361465301,42.20419300552605,2021.421633925968,2050.2419507967015,2001.282605393425,1923.3208323938074
88.26784875259341,92.03439598034683,98.07462522822308,44.877603034459995,1999.897832171681,2032.2437399589203,1975.1213497016822,984.1166103378757
94.54754191871234,47.66388508038858,45.00360277376861,91.22380274540834,2002.9349039187412,2009.2279444794624,1027.7244043954238,2030.8183278302347
89.27103846543908,43.83427655232729,92.37398154982995,95.80991577512296,1005.557828561793,897.4785180673271,2001.1419843006593,1999.404525844818
90.14142129478896,41.291508529364705,84.19242340393154,40.63075818764067,1996.538013858802,1943.1379241242607,1975.4419709305384,1956.821507433925
86.87248380630074,87.81315465712156,89.21402975431391,47.84668761538138,1046.231696239955,1969.4315213391737,1989.4788785467813,1958.2359334852756
89.31240457985635,89.30601253105569,84.27062955481354,90.45966815739861,2032.4339292402722,2020.809638699304,945.1497997886509,2050.080924698568
50.67099750450873,90.23870247875732,41.084720574993874,89.87628887891738,2041.2033635997375,1032.0528914444824,940.2391349283373,1970.1063584562169
48.56430256379879,35.30292782419454,80.24643412808243,86.80679186419887,1051.48394523761,1024.3808269559618,2022.9894433295356,979.2781533500705
42.2046160139628,81.79870312631537,84.2023122965789,44.36047807214929,1992.8301196746993,1021.5152390937558,2049.2767222343264,2046.660153672376
45.22199152770284,42.35400878052484,87.07718397066056,84.68127326091482,2045.5545306948638,1032.2968314841055,990.933965423463,2010.5088250899496
95.73532878291873,95.75954064980895,44.21892350580576,46.437172196368145,2063.452004055408,1992.188543520817,1009.260283937331,2053.5212295817564
88.93076164772397,79.90457258428913,92.91800024737542,71.81747892078953,2056.2159888353895,1053.4588531426978,1016.8527163746403,1979.946580638391
45.38799855012179,86.40582068993504,88.17271884932207,85.87105385494034,1963.542696143866,1018.687133693144,1040.4814808982514,1043.7521796624555
43.888841446040786,93.08841292114403,85.96008431145566,91.57225601007075,1996.9605662894212,1002.2378589416164,1985.8302419288204,1987.0070877580088
47.54184918432716,81.74663437782637,53.567947432696236,46.16475499679531,1991.3048212507672,1023.9073119092774,941.3560966178992,1998.5508295167601
95.90870483781016,53.28311725321878,48.92938732680586,53.16130671227047,1098.2239476956206,2013.283235787627,1953.2236674948292,990.0783612728449
42.99244304993102,49.12163360547561,87.90148583920963,85.10607934557441,1995.1844360504124,1052.3328412228464,1986.269002756523,1058.2545238522873
44.530453340342106,93.82804692279883,54.79581436279108,40.26474326401465,1986.5701235015224,1992.2661578907732,2015.976884641336,1014.0134511257486
94.59030328297092,89.28217556964606,90.8788898766771,51.02333798976244,1996.6574319398835,2036.2626919724908,2019.404594132356,1975.9723540872867
89.62629763161881,99.51795510593014,89.79178965178846,56.726149342236624,1978.6645781568209,1986.8964137471153,2000.0456051185865,1038.3714131367722
36.37480090932993,98.88265638927176,83.33138955441684,50.79503480986495,973.3348242283635,985.6189447344655,1963.662783004821,1973.7527460934455
90.3138750186914,92.28380582354266,44.090483044698544,86.5435066160869,1970.9762861940656,2023.7039144248365,1062.5631585587803,1963.7969881724396
93.05910800005557,54.748221741082205,49.580955426282806,56.91484353778412,2027.5870559963605,941.7657892136342,953.2604725889744,1972.738685780931
58.1344143452577,49.429863247810076,93.94450267830864,84.23826883985498,988.0933787129161,1993.1023913711842,2023.3405123704108,2038.837972502392
57.087451876721865,91.79483202865804,85.29262391649733,93.52559251205938,1980.366531196004,1971.8995908616669,1972.005414653377,2009.0815732139592
46.204628549701624,90.97551027282212,44.89222466032196,97.47238626076799,958.2611828078064,2031.3019742769297,949.7246395785526,1004.746790706653
47.083689816424,90.26490913809083,47.05009156579114,82.84902336064746,1971.2313769966547,1999.688967681217,932.6969704596944,1996.8526109123834
45.966107844605816,90.70558658301148,88.4791858900012,84.81074003948864,1963.4916887357797,945.5121370780749,2023.05331230574,1126.2511047786725
98.62135600457124,86.5884410486789,52.42278184605607,88.14297938359965,1063.6305276372982,1995.7061899150874,1992.8763473042236,2047.9237556502292
92.12702773046152,39.892376901530085,48.95359015388695,85.05380796004388,1966.142715045775,1987.4132025747144,2023.84533611211,2014.2470989086544
44.4068164442555,46.64613967117492,89.69121852654419,48.278439671755436,2015.3197032012533,1960.945879135343,1069.2972350513814,1113.6855590132982
91.91559097924166,57.21786636948572,87.0801795803143,83.84333041480923,2002.1939750278702,1961.4213719116867,1028.088916561535,2013.937466119754
90.1210005738279,56.62679132458699,57.48688853092196,94.62647874411056,1985.8160450272035,1963.3470547692123,1022.0743026402284,1972.557719913511
43.758446759422654,52.74107630706458,89.33883931999634,44.982830900154696,2005.1198826851796,1959.7009629992256,1984.35259223778,1968.8949122349266
90.86407354250055,46.456825586705904,62.056232810086534,49.355697210454295,1986.370408249754,1986.616896719377,1082.2731445905488,843.9689141164522
94.98069933148292,94.14758018523332,90.05199505472146,52.363004875181865,2014.1668002661636,982.7431736162939,1981.242613806681,1987.2275358177176
47.827954090046646,95.94881312232187,51.168578399716225,50.01804012006747,2013.4210519040598,1982.9782753894401,2026.9636986868572,2015.2604208982991
93.42381953345887,59.95751341568153,91.04018049869796,93.79488854069314,2022.2195187187085,1108.7597085022273,1068.7311329907334,946.9699994902651
89.44260150855241,65.98453762023829,68.96406991814384,91.8991957581804,1995.3629163749831,1963.9876463815497,1007.8190862839937,1998.5257748568085
52.96118799707588,86.8120938446161,92.18843510344544,88.39609278482597,2004.8981339119682,966.5681971494545,1079.5168021098564,2057.0967735118966
97.15284442815891,43.584126388263115,89.78474361329212,78.64154121935613,2028.6149904832369,1054.8382617937614,1991.0917418814436,2047.7336295046205
50.31183634414882,44.69976322054181,85.49591449884696,99.23259550924766,978.5870276968469,1968.1409727213143,1983.8837060470519,2009.3816020441602
92.4013249569823,83.42078834554479,95.32523215863927,59.2198021495219,1984.4069540295532,1023.9924342281968,1005.6534707172473,1985.1364488078034
89.77192058520993,101.54162049276226,92.02287100328374,52.1973403756136,1938.1356172077062,2001.457723000369,1049.4303767786034,1982.0317768867706
32.488074635057785,93.19988143788868,51.66088530626667,37.08400993530883,2001.7308946233948,1993.263558487595,2022.877743605909,2018.3895202395026
97.13805942140674,51.644829995011904,79.59650255659636,90.8631376889141,1005.122263098272,2008.9703284007762,1076.4921422287744,1005.6279825890836
89.80859865194115,92.3821648264138,43.75439009679045,82.37624347804535,1092.6894051056718,1993.2639123968356,1986.768334151393,1924.4648893992776
85.41099288874311,91.82814460389577,90.61586112920462,50.341323659505974,2059.05050289261,997.3454674252134,1012.7182306985565,1996.3385097819862
35.7647513895668,89.99035574906,87.30642097873793,90.64034458339383,2046.7954079150486,2056.033788176913,2046.7247616393377,1022.6919212335382
46.44477666844031,94.69739106509253,81.36899406018843,51.782444606568234,965.6635130401894,1986.4409998170656,2050.4201925709144,1985.1699150802983
49.85991752000513,58.13431312963587,88.24922034770272,97.8995901242838,1989.6987525836291,2011.6874977226316,2036.5221721376863,2011.2526222208223
87.49415391261046,54.84008198472726,90.87195163584425,93.90582772793041,979.6446709765592,2035.49740220359,1920.990900808021,939.7400291128778
99.32392538804467,98.23369420802322,58.16111478758271,95.1183056055161,1978.5661951640573,2062.01541625387,978.0764152112558,1042.2348335838822
87.85330087227561,48.29060806845666,98.70849984357618,59.84046985073833,1983.0655044786465,2046.2333925305793,2031.7046727363827,1983.768875470116
54.72905909219443,51.90063057165213,50.42875950214958,94.22975149136084,1151.8828052768035,985.9758814614905,2014.3906372924148,943.117888858372
45.514893606652755,82.33890446011436,43.143714259193814,53.67066621528421,1984.3360275871255,1106.3504433581882,889.703762711287,1992.3031668615452
88.99933960710172,91.04065945633022,36.76503089619055,90.32810724767533,1999.6949605387465,2000.0440267294352,1002.8647431833355,1985.653540463297
89.12370746587604,89.65518171669302,97.1773517382111,50.027017472423786,1035.5237794630048,924.399323355638,992.2393570797044,1943.1836224284107
49.70450857932309,93.03070388944604,85.29781289158983,56.25031174837655,1041.5510657461364,1981.8463654790344,1026.9190036439484,2020.2464528402272
45.32059794637521,49.99828781092634,105.85054498979942,93.00577896267319,2044.5817683335829,1001.5714454168824,2037.6191872485956,1949.84742294683
44.562752263300325,88.44523601935855,89.86099749818932,51.92397250103639,2016.4756606513697,952.7400847401489,1104.9983168217145,2042.0813860672467
85.76466144460029,43.55245889688216,52.247585956036914,53.191061927960604,2053.193737330301,2013.6532546557464,1998.8594934891307,2034.1127614137695
41.55164323558962,85.83497358742727,49.113098422151666,98.318333140788,1985.4035648701724,1999.2870555958011,1084.595951786937,980.896752356281
100.06143452034308,89.69455579270868,48.05589379614706,91.6410549309777,2030.8648580261986,1939.5685576272715,2014.7871480654262,1995.1874971576888
87.50363818542776,92.00184927451218,50.83217236950236,95.24953176710403,1969.576943810705,1043.272274938998,1939.494586866988,1953.2123897576391
92.70322148137362,51.755438763957855,93.24463760061512,85.16380644686697,1024.0740014838734,1084.6379058286177,2007.0008209587338,1978.2945799974561
46.64696921417722,98.59920902984794,90.16660021080625,58.86491339264282,2018.9394451209694,1012.7282145026013,2003.5194496216384,2030.8905578193444
95.50827837255488,83.86234901834096,42.16909888206207,56.547681266494244,940.9852387414209,2035.3165539029214,2012.9401225145516,2013.5869928641603
92.99656774424164,96.96741425635604,90.6865498308152,91.47478454592897,2028.5179693186374,968.1364817144392,993.3967189178413,2039.830714260119
87.75664629938967,53.12681308185043,52.30705002972834,43.488088631171266,1988.8274207361812,2038.584628612662,1006.8491664922658,953.8592311200556
95.84481720803441,95.89092491304832,80.39963447005718,82.97169707208539,2023.116474499107,2003.5139723586894,1971.2188268093946,967.2248486679971
87.83394705805873,92.90190411523209,85.40103118933047,63.101957723307876,2016.3010465406273,913.7814704868338,2033.9227300629373,1995.4166934767943
88.01594206832017,48.61762430009346,52.063011717493296,95.33019078095003,1075.5002177363879,1997.4423597289735,916.055501586822,1992.2675623450107
51.73942185709484,88.60635389021428,86.74910804802214,88.530572341955,1051.490618718079,988.5187403995365,2024.4582552267523,1060.5829027000518
51.466112927030544,59.33439961007185,96.43687730485958,93.76892713292516,2014.4144804241485,2011.5728513071933,2017.1965383750241,1968.4543531166823
48.054267735846665,45.4167665863726,86.4185407846212,89.4194434015989,1949.018903906613,2003.1750410241211,2001.5549734469926,2031.0389212148207
50.07515409832505,86.74130083144897,83.96578150097622,91.62870860893263,2000.7964574288503,2057.9870189189996,1958.7801349840342,2038.8454222351395
90.95295159937918,90.02731036854439,94.238714720908,87.14864027888486,925.8677711065557,1112.6332613989907,1071.2842017130124,1064.1667635314207
44.495796594452216,93.92756131392146,94.77864735151012,49.405505770149034,1949.6568292218992,2009.9687617190407,1972.0243196378415,2016.3447491716975
48.57396899030254,87.39331930041418,56.22609035207684,100.51007545593984,2035.7926165467534,1068.8714572424196,2053.1096522546586,1995.6694567042707
91.0166045157461,55.605986571606195,47.551261859561514,58.74824762793519,1967.3330542221404,1961.5469621224959,2064.1449681547706,2029.4424101848101
43.61449328773659,84.4712570904321,47.49591726920013,58.75273574392776,969.9689566652756,2045.0204649160726,1043.697229353104,968.9564519048519
86.46287805657393,51.246396701525214,83.35779635078059,91.4670209165966,1030.9739989604832,1974.9578606448233,1971.5700926921338,1048.6486873744243
83.69045527253498,46.861482886771306,98.83992902715616,89.49605507135698,1113.612609560831,2023.9893337551612,2000.380703093306,1952.8614790679458
81.54196763825091,90.22436378150248,89.50804970673985,45.824273434005406,2015.3077608329727,1984.6409901618981,1949.773684678365,1991.766307763928
99.24941810967037,92.13394353131137,92.87847542541786,92.17166601604247,2049.8647728955707,1003.7847076647656,2075.408970114612,2062.3656344438887
36.28266987646635,92.19033815911462,42.358209987524006,94.49585945053262,1979.878008129965,1001.901656184845,1993.5711867741472,1103.158447586287
87.43744429686984,88.23884189749111,91.20974772109835,87.80779956735024,2033.5796227755989,1964.8441419958563,2027.9300687089672,2071.4680922558996
85.56604046448696,89.84223581615093,56.06093361298386,94.41373626162249,1005.1529535801752,1992.294268577982,2005.0627176379776,1992.1870903414022
90.75353887474006,51.69312281011339,93.16911915477674,82.60402045289365,978.903370708012,1994.8898695629578,908.3419197243032,1993.434646794037
87.66185240203565,49.342894066960255,84.75654683602697,45.63646826074879,2004.7342998773208,2005.3575747802574,1971.0800960108304,1960.4800942106235
39.69181768591945,42.14061946095184,83.88650209570969,47.963073007919384,1021.3209848702356,1962.492123698142,928.194053255439,2010.1710334151776
45.93129699148934,37.61444647893725,94.599905130362,50.73290765502472,2024.451320883282,1105.0284308727964,987.9191730798896,2011.6608963577544
95.00386008780377,88.6543758274295,86.17981290698337,48.55615351153382,987.4921464998296,1044.0570686495435,1041.3191182338596,1954.757154000159
40.97624714463546,87.3593140747828,97.11829577052642,59.71319862141442,2040.809572933056,2001.4629283461923,2006.2247565623154,2012.9450838628502
78.3054329121442,88.88829712109296,93.22420717340619,89.91107407670249,1025.6243879494773,2029.1724004260589,2000.6626761929222,1982.5201009534114
42.755576422524356,55.93441378905994,95.6562458197093,46.34434585386131,1988.4976883103889,2020.0540066026485,2029.4084822124246,1047.4866841460105
92.97858938979088,99.92809388964608,92.94990825221906,85.66297005710226,1971.295030465489,965.0479104753884,1031.1132232101322,1023.7870272184862
90.27657819390343,88.10076521684675,97.17379882499432,87.39763975531092,2016.1328171671935,1985.8148474776033,2004.779642851782,857.1213002233827
85.67016885222183,92.7129177120428,90.93818504058956,84.65704657658128,955.739167357445,1952.3922402698897,1962.3378856109869,1992.7111366089339
62.81001389047938,90.39400015180937,96.96431538363906,52.47285821085161,942.9086786921139,1968.043183580581,1984.6587988003334,2041.1958374458582
59.57150469827863,89.39313661820485,92.03567375628529,55.161898677060464,1984.8276915110985,1979.5008894017785,2006.9959332105786,1979.8123601636382
56.50050112816843,86.93378981208751,86.10098305473753,86.53912395538467,1016.6841829890565,2008.7270589379314,942.7953393627713,1948.6106073306773
49.116238987431174,89.44067408287147,86.92937716652148,83.99197834903428,2018.1766664069828,1063.2997702524617,975.7569957027074,955.4542472119932
46.07367487415591,92.00812474628908,84.94585260127836,81.73163650464194,917.5066176907733,1041.625473339898,1092.374939507597,2041.0917872027865
90.57955279367664,89.67736359266651,49.71350201650178,82.66661223748592,958.1099387221121,2014.7991852009627,2006.8481453984978,1973.996953602186
46.11374404035746,90.99018009837948,92.91978690497707,44.74879812727306,2027.540015762746,2051.7507779380994,2010.7801024125822,973.2883369764654
88.06147358741977,85.3087766271636,48.001175173985246,94.94582963628662,2018.720370391018,2010.6376510206976,1059.2766748233869,1020.8240925576472
88.7515196607679,90.40259347105705,85.31671173007418,87.25447166026022,2011.8600644243822,1101.481272221891,2017.9041903035695,963.7692088391286
89.34379727834845,53.18747468389118,94.54132794720937,43.82009778716785,1982.310151999469,1982.5089350287983,1996.195203905016,896.3450923121073
94.78455230014096,55.4930530907591,89.2791391573034,49.728806718353795,1968.102511964433,885.0270082637296,1051.5556174919197,1990.2441071608225
58.39540461610327,89.60770110470996,93.92368783767003,85.62198020670117,2020.1189383329652,2013.4105972840318,1023.2640931552894,1049.671120108106
94.51592806496255,54.82109777573166,53.78664196746166,49.80653383470437,1970.1710135813453,1998.3324831511698,1951.8460839496681,1964.198425507628
81.72534709621233,49.98288173941799,89.86211784370467,51.41943924866038,981.5899965836328,1988.319158916605,1992.8818406482683,2044.610541425928
90.25067992346658,48.067706471598,51.62877039992746,36.478343456978465,1936.7788320890302,2035.414094551913,1998.214952158734,1990.2530145044157
98.035501121815,97.26320996019888,93.08823311098573,32.35474685609317,1969.9329580645706,1005.4912468571731,1987.2352616580104,2007.6998382642994
98.80896845002894,57.86960414714068,93.19182890047327,89.68572534217876,2024.7379514898473,1068.81541829647,2058.200722911043,1073.9051464253148
97.26840093856649,86.39764483732458,46.019964027314984,88.58949276645052,2018.9834836756488,1987.9039945272925,1082.0447771676684,1073.895092168933
93.75652594658703,87.36036247559245,87.58854416678615,96.13397577350307,1954.870161511553,1952.251745106807,994.1487898483842,995.4004655494742
55.52817161851303,40.94006285331266,54.77095672613578,86.39582440663992,1112.26218608874,941.6836266244997,1998.7451972399135,2059.4349630759416
81.91412293976849,92.80426568496082,91.02909118152485,90.93171361494203,1930.1928409722202,2007.8463447470833,1984.5959733096588,2026.0847154969667
49.289603963680264,44.487860871665205,84.6810973582579,58.571663721036515,2019.7720100902704,2006.1006825667594,1947.9381075644767,2039.8121738075083
49.963947933661395,102.28319414683565,57.014465103143344,94.08100353067488,935.1747927048557,1988.7691303841586,1979.8818418588917,2011.051728508178
90.05144832268216,81.29679689842077,48.68461881304472,43.033449717543725,1016.8085546603206,965.628126843613,2004.7218944405367,1897.6821273291782
