TempSensor0,TempSensor1,TempSensor2,TempSensor3,VibraSensor0,VibraSensor1,VibraSensor2,VibraSensor3
81.65821769777317,98.33459857582132,40.731015864411674,42.779236682462894,1963.3459749710582,2028.414070997028,1974.4376306795398,995.7078064772328
92.19432556336146,90.33240454230429,93.52290137381138,41.2864258384659,1026.0561570646703,2007.8339969659119,1027.4658734690852,2006.0319415151196
84.71362273499089,95.18632708981808,88.4707792269416,99.8862894324678,2046.5594320456555,999.0986006081085,2021.7602233307452,1023.5532952082106
41.40373680299366,92.7433342182019,36.58885045129939,41.551521809690996,1971.7866412368064,941.3340692979085,2058.3775340779193,2006.6310811226645
43.2023435400875,91.630274897791,37.78196644455598,84.58013509837141,943.2158476946802,1958.3173620648824,2034.9316401724425,2017.7108706824918
91.37763410769135,43.25894376280767,38.951772479299905,30.665254037106052,1991.6283802900123,1005.1339505406822,1975.841569157631,1996.2805564817756
40.05831378619587,39.45820881456643,86.2840879892788,38.11748105614809,2008.4776620566174,1000.0983746474017,2034.9084392741884,1968.566823498248
46.76868719654503,86.08712705499121,38.116573078387944,40.38264380277012,984.2717719364787,2038.7302208824779,1986.1261826578298,1053.8151225197548
87.88435016878032,41.03004852553994,89.46573702701657,40.98328563563527,2003.7852203027956,2025.1996227590546,1972.4782124633703,1961.2290284611659
93.82032159375359,44.624197470648284,35.368755495405544,39.22214359097492,2010.3264947304792,2004.5635815448836,2050.286622863696,993.7786472636764
93.41466936097206,81.1761453695889,36.70679235121014,36.195981309256936,1975.43820374495,2012.2480240213506,1992.963016934433,1990.0107256351591
44.47047081044194,44.4787857524892,78.21621748429105,40.666708751492926,2004.4130839561085,1972.8750566376607,2036.2092440684291,993.5914645123332
44.434771864333364,47.39018842417518,89.53493953146658,39.6146980701556,2017.7002897315906,1000.3175641068459,952.2441238786868,1014.4471024189575
94.21051765130169,86.562200390645,40.55616547982237,37.18023150532683,2023.098051690714,1960.613947690334,974.1029781885136,1035.7291458674404
40.452898403705504,94.62644033051615,96.80492157193144,41.44329629423038,2021.9016465230789,1015.5134507067969,1952.6896417145178,2033.9658911183494
91.65215550847084,93.52844628700852,95.07196348876658,90.59038015579523,1963.5147215461552,1037.3218618335288,2001.8021360833618,1014.6815888277065
86.95221996215861,87.74111249143817,88.61013551963124,35.085323079434076,1978.4679547680744,1979.3652398137383,2012.023690582022,1031.6710799512762
38.837411030768735,83.37368961214806,35.54794758266955,35.88372393687089,1970.999641523174,1042.9878747138832,2020.9582650598788,2078.1646726279896
88.26894190660185,95.97251122257741,36.67421945199,104.20879545114536,995.908245555963,1973.4306134599249,1005.4958798896303,1992.0074348328767
90.71851916432692,92.16401270697874,89.0307874469877,37.26729287514029,992.4751484738019,1011.7019511749337,997.6217707837249,1041.0316801803128
37.196000675274206,90.28727835729698,87.13742979708358,35.84794179360796,2032.1429737377546,1991.2082500203114,976.5274809453476,1006.8575109348499
90.34371588459754,40.54781280488369,93.67520493140054,92.35923511954057,1965.1403738950326,1974.3028312074211,984.2482410039285,2008.6391910482955
89.16639634906542,97.16761103135353,86.7486326712059,38.124724589598756,1019.9531394227005,1990.3869641893764,995.6787639780459,2026.7636009528776
41.0976153924467,41.588292874623875,88.13548592514418,88.73363664666365,959.6724970030448,1001.0707473369523,2002.0359239224963,1948.84534461346
44.12426562838168,41.987796748083525,36.34994649388058,34.174273917558665,1976.6741376654622,1984.1764015797207,2039.0331461678334,982.4588319975537
40.34879076202159,93.886755275737,41.263186210120224,89.80930786285265,2037.471527208144,990.6379591009515,1008.0098033876985,2022.2422631414483
92.0343185913352,38.24465876346977,81.36352344660438,92.1929648765654,947.1333225408385,981.1580563003956,2017.7279727590847,961.8285970605033
93.06993793803254,95.80384218035611,35.78661810267433,87.29361285349142,2032.5317296384765,1954.7426969888234,996.153743061004,1980.9246025090754
98.12013914532073,38.98799832108115,38.61117078207839,37.6305349592942,2037.1795650054607,967.3650476065791,986.5753212117849,2011.9198893816122
88.21445512665537,38.40624658546626,92.9874398966127,35.796387413834395,1013.640551915085,981.0707317836686,2011.0109076535273,1997.6051632198064
39.94016141730543,89.82250611514874,43.360122599842455,35.23384671540137,1985.4452938869458,986.3606018923208,1031.0054423275374,988.5541964542865
86.82566648109005,81.4011387493258,86.8072718015556,36.39820163767625,1985.7414511904549,2012.4355537901147,2030.9920892696116,1048.385075297253
41.56139624796741,77.97460628006523,40.08903860665009,84.34750813703005,1992.36436255116,1992.6495840111263,2049.965578823894,1041.7995003732779
89.19917641897325,40.441979289048355,39.531224810343986,96.23208973767628,1955.3723392138133,2012.9008416710342,2005.9868063514343,973.8139105847002
86.92779507027693,94.13158178852838,92.82119478429786,44.6034068445024,998.4802920200029,986.2577586634739,1985.927225641769,2025.0332107365034
39.31213391495437,81.8637154434646,39.15943721925641,44.80496279527637,2002.6453058967297,2004.093345307477,995.0905454502697,2003.567212400209
88.94046639794892,41.212215944311495,41.31704758051893,85.13754389683879,1980.785952299463,2011.9267501311672,1976.4549057449412,1997.7833447432529
87.2004938972329,99.6963435787307,95.20280665298696,35.150966526680904,2045.1094250761157,1036.9374123079797,2011.2019678779131,966.7949778169523
90.83558156319873,92.07152509967453,38.665965168717506,87.77412271234277,966.0638988288647,2043.7115949502295,1945.3129747093183,2007.4391152564044
82.01665981032674,41.92986121248619,84.32687039095718,33.94370680825762,1007.7454602746675,1961.7013546417559,1019.5030240357033,2056.547371639781
94.11262449014292,38.8177724998784,36.592611863813346,93.59451661494953,1957.2787811921248,974.159229353955,1949.838019049057,1986.5198608120613
39.774354988906644,93.68835340885147,88.40321767410636,82.5078791442167,2057.47424861784,1909.5792136028413,2006.2072090233626,2015.2377108615576
91.64407017900443,87.44570810722443,38.888064728363034,40.81486009595312,1001.2595043159686,971.8668327972991,1994.8836229632998,985.6803791881235
83.81014480833001,40.53818529520836,85.62365472709605,92.53576714105725,1980.8660860845414,1989.0077226757528,2016.2041744279352,962.0480305703336
86.58943699333635,92.24804997612259,36.376185233330645,40.85742201387153,2013.3184700099985,2009.6732056200638,1997.2297783086144,1964.5774486169955
89.82643000113762,79.6572060699776,37.08857623556952,88.65156007891902,1949.1171391076011,999.9079985221889,2023.041311378213,1007.7505141554445
35.579964937122114,42.935875292178345,84.8082760367751,91.28752376123124,2075.5950905109626,1987.5505010859133,996.4728868317582,1001.457719127027
95.67161884777586,89.02315334341121,95.3939099660461,85.45712302861432,2025.564620337733,992.6823018119458,2043.1210336281526,1996.4057498464074
38.46997997852591,41.2211729917191,85.67705962551612,80.3279956901978,2032.1741817741984,2047.4113201419257,1029.4944130430831,2017.481702853196
90.30795535305036,40.119692633237264,91.40763697101889,97.27045822513729,960.532167537367,1009.9436297218078,2039.9896655491743,984.8008089395265
39.53777419687611,88.67960634937913,90.3760468279714,88.27679596411106,977.436623962333,1985.079717306226,1003.473881995309,1981.7983953644632
93.91318189656064,91.66372376007756,89.76213795417868,37.35052622777161,1968.2750623625002,1010.5994185110851,995.7580868932798,2023.8858827177123
39.82972136641075,90.73367855644817,94.74796982035515,92.01292457999436,999.6040173150723,2000.5174184623759,989.5525018113583,2014.8795335939842
95.72101764965849,92.44541800475125,94.28610959449645,92.49558128334819,1977.5752144451792,2009.8768871759146,988.143206849099,2035.216357351001
91.16955625118213,87.3301688667666,40.527957498277615,86.69957853729146,2037.3651007416154,992.2938888657588,996.9086979470906,1969.420945237466
85.52491831416783,93.3087075816962,94.88445100145755,43.02604883479646,1960.2922362176573,2004.314819217735,2013.7509542566754,2012.6351069613793
80.4248111971872,87.19443373092318,37.7846709660427,88.08326970470453,2018.7486574238417,1011.7861111966427,2036.894649062139,1983.2239424103257
88.33320311897833,82.26740249059421,39.712703539567755,38.20872777739295,1993.1769680605744,2015.6360456052073,1018.0722492500663,977.3190406543097
35.7618156391806,88.23276511577788,86.90063880329211,87.99309812467416,1000.3521269597491,973.8600470563827,995.3980518561083,1995.5414344964279
90.63383638842058,96.03264983560852,86.28442653817051,96.27251909363372,1963.7607257099892,1010.3758430931742,991.4362951737921,1022.2045938809204
98.62097530105181,45.09057067967275,94.64628835436774,43.20092609676621,2041.4468044192954,1963.5467694759425,2018.4849823907264,1024.0133528788901
87.96604880725823,43.39869432493617,84.88254585844881,41.36977636856221,1024.8539406435143,1971.5860536219202,2034.313352350163,1026.9541004594316
37.930667399707616,86.18217321319202,40.38852158114615,39.896541718174234,1988.6589965995875,997.9923261621423,2015.047543766451,2046.930969857694
92.90589776072228,89.00841673125419,90.03839238086356,100.15087084115477,969.2128300960885,1012.0438747393273,1025.02059827542,984.7168446667515
37.595496858142525,88.09357316633417,38.78309461323397,88.92601009422026,2013.4617031194603,1006.9857581968422,974.1858613174115,983.9800753305949
45.0145968276922,86.42078873428264,40.396507435779725,39.693337815253095,2042.4059663278201,2024.5779565637654,982.0420832497961,984.6330115397905
92.09927204589675,99.10702094489216,83.46751982715126,39.761537527322076,1006.3072052060265,1986.141278348451,1013.9654807296191,2013.0893508457739
90.19288747746077,42.56885475227337,95.67705850968234,38.45443283169833,1016.4871780411747,966.0136223802613,1017.4565554605915,2050.541067072045
40.73984260005709,89.49421850345726,88.70138790663195,100.8323049118674,1038.9827792637366,2019.0280288474498,1002.1067208597196,1006.7798581980519
40.55690395102842,37.84899543100245,42.1049180086235,89.12733667923554,2063.769945643026,2005.681386623262,1993.5808060322702,2064.587254986151
39.55691041896236,39.4014066241057,93.80969549372719,88.64492435440333,986.391542601717,975.6363392382693,1001.1912475291456,1967.0722742036764
40.10651705827723,87.7758184258493,39.10547008401945,93.8397762834269,1034.3978855820785,1975.747101246644,1010.9529667476128,1971.8191698896899
83.12407743474922,39.82216758070027,39.626755795032835,87.22145756503379,1958.0142008055677,1957.0614548293365,984.3143510482936,1031.814189313524
39.23731003324356,87.65325133710097,87.78958157708882,36.35072694858066,1952.9540147187308,2001.7556292339377,977.9475171185771,1032.8335527849335
80.00567846830955,84.92088375308312,36.96282789058421,99.87003872701773,1027.1648272922941,1027.1530156908339,2007.5506861083452,989.5235810574351
40.17750240705219,98.35073451994597,93.24909163436752,90.0408435896461,2007.756262012443,2004.7942241013177,1017.7749950107677,968.2004199097707
39.26259408861457,102.51440088265139,87.98996555025698,87.31642871561111,1019.0813567951238,1989.8393945783728,1020.6332898362994,2031.1431055295072
88.23351614806695,80.1084314884479,36.753586357375156,91.54421859544524,1960.853750841797,1003.679073387031,2055.5423775682098,2009.2621195614931
81.15703711775758,90.32308760294292,91.7512873972476,35.964668669965036,1986.907656262656,2021.4972253986032,2089.9572987780907,987.8270709548017
35.59483604306527,35.95829679935481,93.48172478745828,95.88557669270642,2027.6777636739405,1998.3078199006486,2024.621700874024,952.2045904062907
33.60582795661195,87.70248830379413,91.20055833854855,91.8362394579921,1988.0029888801175,1980.1479813362123,2025.954259280097,1983.2688524419189
42.87352443275343,87.05276563669428,89.18947254373478,93.1569901949793,1022.9031450506541,1987.5389812047358,1001.4971031590487,2010.7951382321075
42.86788837839808,84.57122317871767,86.04370517418627,42.30658432180535,1971.5273411406401,990.1153675839298,2041.9407428296497,927.2598481952718
96.85480223130699,77.72882539148375,84.23524409317127,94.20720737196456,2017.37692017009,2006.8895393794614,1007.4732384733461,946.5271895378041
89.54446429589558,89.75154449475527,86.09403373928545,91.85175928900198,2007.5173199531082,2062.6325061140296,966.4432862930803,1970.170091835208
42.149000948204325,38.52442011927197,40.21874553743291,42.793774251621414,975.6547037380761,1028.0418983621869,975.5166591456547,2023.7500308823742
42.507233044834706,83.792952409257,96.24793508303267,39.93971853895238,2010.3899182301948,1984.9741898640802,970.729839627343,946.9792583042625
39.57123854341549,87.71466983174615,38.86376796074259,36.711815678476654,1998.4628968781985,1983.9727060496084,2027.5990676561207,1981.7775820553748
36.43075965532841,94.51959026325075,87.519127421778,88.88784333709972,1049.453996370234,1984.8742483800802,1917.1426038778745,974.579373079657
37.964168886765584,38.93487733729641,86.80296827978157,100.58418044334074,1073.087500722334,2017.4068387336722,1961.2799873948527,1980.3964497692234
39.472157667070064,98.6111633046339,96.91334842324194,36.07114935316355,2024.3663754783704,972.0346691893867,2014.2104156953283,964.4983797569519
85.1729883331681,94.42468503811402,92.50845399479313,90.54096976712093,966.8716832205351,2003.5289515509517,1017.5272877367271,1949.97677295332
98.85305750259488,39.33694907367607,40.22699391934714,93.90443532659613,967.9832723734003,981.6448255444461,2008.7387270747179,2043.207484284781
43.986314313936894,79.74332493912293,92.35924613536785,84.4568893827601,2037.750391206113,996.4588636143869,2008.3245816894696,1998.703984936708
93.67590260111001,85.58999868116676,82.0604121155363,102.24198806122595,2030.6652958070329,2052.7304270653235,980.1398908834885,1008.1935123282824
33.168502059174614,83.35081045219275,84.58977166838612,38.46797555425215,1961.262063094216,971.4477794403067,1000.2793440494924,1976.2936821869296
95.81473622239382,44.166515593926235,88.91299046725217,34.037902122896256,994.010202678118,2044.2631860467782,1953.9325264044874,2035.3971638344826
89.92405113689476,83.48243825839458,38.76634657258728,33.251912954370255,983.7582815074751,1987.0179395864495,968.756880663537,2037.5857171624777
85.20967117096559,87.35388692692523,39.10718410873203,33.58250113202047,2049.7107379450467,1019.2539092000459,2015.705031716338,2032.1760517067892
94.54524257683343,31.9946358259896,85.98636554608227,84.4747596734633,954.0565554657155,1033.198608964949,1965.234114429037,1952.5732440634115
93.51213953009764,97.78010437005402,87.21589162160542,84.5965544823004,2031.150301726848,1998.3971314266603,1010.8919211304186,1011.2506719149967
88.26666033085876,39.72280781964531,88.49533903541453,94.44328330670439,969.0361515793008,2015.3992890792263,994.9112442580127,978.1276871478956
88.04978737311097,36.964526663137875,41.11777566542772,37.52157575685273,2011.361170123374,1995.1065417208374,1966.8263446927217,971.0236640684298
39.87568735105754,36.1801211082107,79.4603846990131,84.58579340258694,2023.0782012165382,1009.005404738991,2013.1364482601343,2016.0468640301276
86.72731005531035,39.45527383963109,37.62444454592891,92.3635757275091,1975.432515155595,1020.9763477447887,2009.0141706487495,1015.1477391966364
90.98411069091094,93.10415084422955,95.76400355540926,35.862630570625335,1955.6559897502639,1013.9486436495486,2040.5142823356898,1007.4432094981294
101.1294419567061,91.23559903684348,88.27081723843773,39.95503425116947,1948.0909087306693,1027.2151718352561,978.2772150644639,2025.511989026346
88.96295318954853,39.956966837015294,36.022820619178034,94.0868950751336,1982.0562536697366,1002.7197120733842,2025.0905806203934,982.6654830505713
88.206239614115,37.39882800013234,84.06905325628637,89.26634716658391,1054.8357599195365,971.8584191274533,1943.6175260202515,1032.375474213964
39.84453456524021,98.66311939541576,38.6967004789783,99.26406937852651,2004.7726335315688,1031.635231393745,2020.981856732208,1060.508535551783
89.83439550588236,81.24557466629216,38.304247791411385,86.80583535841792,1986.8485387327548,1041.5070588565081,1021.8483573429314,2000.31207986728
91.3724336786343,41.83437622970011,38.00573485750284,38.221339282691616,987.1243779094094,1972.7605349340422,1963.5648962254413,1000.4612464583658
100.60985964228273,87.92995262570767,37.497940457283434,40.795694883022556,2010.801423613838,1002.0846027801022,2009.3760131814395,1998.9857801208616
90.73264352916749,93.9056440288341,40.096825125626864,43.18869042799136,1000.0775171409432,2041.2401532513238,1019.1802980640321,1991.8576107517551
92.24789767903147,88.58502565088966,91.6185895996136,90.28514813154706,1995.3261436497417,1014.953643143157,995.3743270945674,1986.9729356702835
94.79583917923759,85.87918509432265,86.28193105971498,99.02671533086583,987.6608984751019,1028.246138004732,2051.6074872751483,1967.2083543173294
40.21135776178072,92.77213668111563,86.08693265538379,93.0795108620575,2002.9301639340322,971.0122310399765,2019.3997941283044,1025.0156696870772
43.109654985518425,96.50058101515991,38.65020025210286,96.416679444903,1022.7424247162323,985.6654979277316,2021.6336680868255,1990.5943963692964
88.98871418815273,87.68225525409207,91.2338736333938,86.76740871538381,1011.1266468589807,1011.1727965295987,955.2497003217056,952.3449677674905
98.70571780155902,85.92424677385178,91.50860086831497,87.2582589341352,1985.8647913722448,990.9641862041572,2015.1348506688128,942.7844983518125
87.82575441552441,92.74720633667187,38.033319535582024,87.78008127704709,1004.6142195572655,2047.7098096314958,2019.9422600082414,2009.8092807020407
43.75436714027525,43.81915997358921,82.97343678343789,92.12860185685756,2003.1072295591305,2003.1174806024953,960.9957409156568,1983.5062253175765
91.2172870784452,91.77868938841631,37.371089837449496,37.44394135069096,1984.3379875977084,951.084548602377,2033.7535085053087,2029.9013038039884
82.95200470228616,39.944105755139894,84.10202636355127,35.98766076468593,1991.5796784549575,967.092886672704,2028.5519911420486,2007.951139909278
88.17409420676188,98.45258350308426,35.161048784740146,85.90775383335526,1982.6408190392033,2036.2833319739113,1996.0144281714445,1003.0780237639415
84.28581599195874,38.455384378302945,87.04329328856628,94.16540820403877,1008.662072436382,2045.1409631705217,2008.1946734988173,1014.4063100866
40.594245336988465,36.395423703092185,88.01844174030094,87.49703108624227,1004.4084956481579,1977.65934014073,1000.2092556726484,2011.204071561777
37.4199972082253,38.1591660070782,88.29281092575054,92.36425603752825,1953.2976865629087,992.4088591459741,1998.9458723501032,1005.0917913427929
35.88571353011703,38.01407192521318,34.59404666841236,33.80428128033131,1031.9773882591758,2048.7664218453815,2024.3190851214977,1992.6586301121781
92.2139919830143,39.530080268389106,88.60402122008126,90.38375875589983,2000.3854360504604,1973.0616215802143,2011.0723791024836,971.634785262517
87.62915039117306,91.0560197028944,91.89135765995827,37.44773431588362,2038.0468623943264,2036.1075219449745,1986.8945084205995,988.710793117466
89.28965896448429,90.4473650577607,85.75737893321701,38.981365996524815,1951.2708180043778,2010.5303537524103,1012.8775770613789,1980.2240808470287
88.01174241298538,86.3348883355965,90.27621588447623,82.41926314889798,1965.0407871686205,999.938345741499,1975.4026347090987,1042.0827338516883
32.60518231750436,91.3103466910009,80.58626392933061,37.035797667203155,1955.7730660695947,975.8684702343794,2042.067296408593,1012.134914956674
38.485752264469916,94.74813896149158,81.56289557177273,86.69010044243716,1994.644488117963,2043.9604268460066,2016.1774891116922,991.869089711376
44.554201041944594,89.83652471756292,92.13186231736164,38.54312964049359,988.142631725373,2009.1352023378076,1979.885559393814,1973.6129093058166
86.08653393846403,39.446610618900614,41.59425059316303,39.07541531959842,1959.975881104101,990.9448892643509,1018.6910616051432,1991.0260852468653
85.35445120095213,92.89329750970978,98.93801002481129,95.99038399550689,2028.1691932114325,978.5435077411461,1997.7010972494354,985.1469609326534
88.74260950270465,39.099769466302746,35.90653554286452,88.77748495073796,1998.7913634265183,1977.9654425096005,1979.700430555096,1972.4421071694435
38.65188909461877,87.41387958010651,87.88101068763675,42.167572029441416,1004.7663698600942,1029.053440674455,2033.6199895737714,1976.3390086840338
87.59479222876493,93.12143488963773,87.39015532153878,93.7652891128555,1965.4211347642733,1042.9487442454063,2032.2169837668357,1028.875956175948
97.74732450232489,92.05088745992349,93.59564642182022,83.61779606182431,985.0362845888749,1022.434502364812,1033.5527772470227,1001.0168183482803
43.704634720025936,89.4614413409646,35.149523694121896,86.87539272067386,1973.4355805342973,1970.0253127803626,1008.148434682838,2026.9837984651438
84.84149029946323,83.94951191425704,37.8644687692742,43.75707783235312,1038.6616076108844,1022.8559444734203,2002.7624859023847,2029.941715066109
89.55653117706002,39.58318314776949,83.5469572613789,88.55194052721467,966.9720551542578,1017.6173208392174,997.1616238545023,1950.729686123671
84.13090855378981,95.5579985057367,91.04788018053631,89.55291329585015,1919.786130311451,1993.76186452742,2005.815693286994,1985.3622885421055
95.34621687634797,42.155780647120984,89.08134715192989,38.27831821261074,1976.6794508949056,1012.0063773205827,2058.8738843459055,1997.6711497074268
35.869210692954496,41.591745868656815,88.44749629213352,79.99834849831076,2002.7038099576148,992.9860439671792,2008.6639485529256,2001.8157475177286
91.20161715646591,42.62761232167253,92.10834472396854,88.68891775283006,983.5794657085647,952.5221561703659,1012.2622975570933,977.0754396006529
89.17938799812619,39.93718812508815,93.04292011796095,32.73922689865829,972.8947567909897,1008.3139968121923,2018.4540780989992,999.7631917951569
82.20179805655675,38.37885353031672,90.91185284814257,90.9331761019846,2001.5635533642915,1030.2715860064218,1998.961495640529,1014.0865925428238
80.8022425846874,93.09635829783623,35.602994239019694,92.73729832952664,2006.3298860287205,2003.8763870075063,2018.3276541484859,993.7923473034857
82.92745955686402,92.05644977008589,97.15581229282132,88.80771490379894,991.3486530484201,1015.880411597723,968.9126347468623,1992.1052854786158
39.006182868068876,99.28235510460325,40.78590626494605,88.43252026175766,2052.161384915402,2028.6755918704127,977.8431596207738,1972.2397385422337
83.09543546164446,88.78276347308625,42.19188387680828,80.34195132814797,2019.058443050055,2030.8074207805573,2015.6954237795853,1028.777669068662
89.33292118149826,44.84419627475368,39.59776335362263,82.4869442769849,2022.1141280898962,1019.6076214985894,1999.0700181554687,1926.1528839712137
87.02903858538994,42.8870089939166,88.0438861249685,91.12234336095634,1982.137468984081,2008.252855321049,1029.683607745287,2016.4573214395575
86.55054628764042,41.46598819941606,87.08745727057094,93.20430399642993,2000.385994916569,1988.208900491802,1055.1744565370423,1071.4654963070157
37.7142486996446,100.05945753646482,39.99646608509255,86.8684094763028,1002.1188927867003,1982.321916620167,2009.1988248213318,2006.977722841678
38.65248283319911,93.0612011443434,94.27841919027857,40.522734516278675,1014.9155156286488,2019.600540727011,978.9246122409324,1028.956864170359
87.16790468295841,93.16838847409018,38.42293612840783,35.96910533377866,980.9663941644134,1008.9554494422371,994.5622716242943,2014.1211102625464
37.061148167919654,41.04507418168671,39.695452776542666,91.35845599523843,1958.3322098853541,2020.949923721598,1007.7732965209453,1017.1466981378204
90.41690783440033,88.89691307176278,39.42619901997844,42.96903966952566,957.3888438723914,1976.4878798542265,1978.682318354909,1987.8287871077282
89.40765294283882,86.26637402872319,85.81147021192835,101.2967277637816,2044.4548667318131,2008.3195266292994,985.7678804568529,1974.3840785207312
36.121251612703745,89.62457335989009,86.10873656697106,89.9099230163066,972.4267728699467,2012.4523383858773,2000.8640233878725,970.728686006644
40.18447986022949,87.59605324177105,90.69769078208559,89.3697678560066,1985.1460220524232,2043.5144672714403,1030.1070655287617,2032.1418390515635
90.14853326501006,45.21664804948011,40.40889826983394,38.90333190033719,2007.1947025470251,1969.0546815991465,1042.7548950065507,1976.5816286962413
93.30914405352725,41.486778452323406,42.45589734857094,92.23013149356053,1015.2135157858463,1964.5761933900678,2027.7376411605928,2014.9777808639285
85.17500673489802,39.85393375653217,85.54066870488501,41.59051038278554,2043.5070238185922,993.2091585201313,993.0991682736426,1044.730516045181
99.12238108007641,98.93327497610841,39.84929900781026,78.94937767775035,2007.5132010492966,1992.0796754398148,2014.4645423389004,1008.6775171687977
84.79573438259463,40.053851676539765,41.07301171421699,94.34184050564846,963.1170495873995,2016.8829923557134,1967.0545036287358,973.9414103037311
41.61836289365626,39.38317407758529,95.14701257013533,88.56297804093202,2000.1324359133782,2067.7036396557633,2018.20889356052,1993.771843162781
36.469681380294716,82.62596165423616,89.60746208444672,40.27190505338761,968.9313934647679,963.6011986804218,994.4385185177146,2015.150040142162
38.045444495397646,42.85554140375641,88.1491195874715,96.08429007477928,1008.112433198509,2003.8128302010705,976.334284201211,2009.178523238068
89.58799430562107,47.126199327981176,41.31819859197502,84.49897688382944,1965.123366161746,1008.3075970022585,2007.958810010567,996.0573329895535
89.09171756649692,93.3730656068854,84.73310547744248,90.28986749370517,1067.5768359218482,1008.6716976056704,1964.4915885160178,1020.1927310616802
95.719642687725,38.03869839354054,86.14667621235523,100.26617930090345,1046.8481106631525,2032.0226229455739,2023.116445590924,1019.0480271491115
91.75113143978204,87.04928517996917,37.971365354084526,85.72330341299158,1994.0368509091375,989.6049977905711,1019.7764243178401,1976.7624259394834
87.07662298261388,83.48552221579882,36.80375168587433,89.26159137825393,976.2290077547451,2002.3568142469605,2036.1911518739166,2050.000914197998
95.08652441246332,88.75988777503595,88.31361874375834,41.06619412078872,1967.8526225191858,973.9094055623152,999.6245529448354,1005.0774741368574
41.143852528208924,88.01369948710584,38.10441683898769,39.96575014300291,2048.498741855893,1027.2502198883897,2018.384550888068,1952.4601445078313
90.26253223108881,97.714066087156,42.73675844876087,90.29803533481159,2020.3142779569478,1017.6547039454792,1990.2378678805749,2043.4759404344136
34.11753334498236,94.86451847341061,43.959802911362075,32.44599504992908,2037.5860248683396,1953.6353276475638,2020.7046127707104,1919.8645257483615
88.44420552753262,85.46137838205837,90.24555332322534,94.22854404970911,2007.4948370902032,985.5135479230954,1989.1891516317858,1027.7880044020799
89.49810607612055,92.66661112563204,86.48319477534936,81.55557756024021,2001.8654644814117,1998.0330943530637,1013.1608964394584,1034.4727836652717
42.59501224201857,37.830355664540406,83.93812089655333,87.76396307692288,2075.0308628887747,1995.3687260377608,2014.705520418071,2007.7035788335788
37.809310038507746,42.34917360381178,39.70136027379737,36.043369187146396,2030.0868743489932,997.3150978206977,1963.9942108788346,1994.7172377378533
82.85066821060185,89.02220429502839,95.45163211946989,100.0331847132516,1992.9904502425545,2056.175124948457,1003.229536473562,2020.9629800538896
85.96826494915456,41.86613809559442,93.70643345084287,41.215078802343776,2020.988269282194,1009.7753125921924,1018.1646525506092,999.6904431260872
44.66656221980308,93.90584447587307,38.25022760294229,87.40508585898905,1949.5493789746845,985.0582573826609,1971.9688790873713,1959.1145068178027
45.230502496278945,89.23900214817276,88.87335209144268,40.91318840468024,1953.4035552715488,969.5232684296175,2012.2527554948351,1935.6527724850482
84.87570214900657,92.2683165140091,98.36028142141083,39.50434434714273,986.8983394003699,1974.6458594799735,1009.8479655269134,985.53161637115
33.01225205082398,40.1523639439655,39.87409198442353,88.6887697769452,2016.2097894469841,997.3655423871764,2000.3752373843856,999.579510595287
35.86133746882699,37.87538413925995,91.4740639944329,40.765612572754726,1970.1550651657003,2048.7099790819293,2000.4887846607842,1018.7425998048238
83.56999959479576,34.723892864706336,100.40967380842106,88.75964935919639,971.1669625920792,1970.5912403072361,2027.4919057363488,1035.194165589834
92.21540512366379,91.62081888263972,91.24859201635707,87.05362839249749,1980.378330422796,2070.138906956535,2009.7138555587924,1992.8882305018135
88.30505830678877,42.160531295711685,37.26661275911809,38.2419184111469,1977.8514187119104,2046.1365132669382,1021.2962495546118,1932.700171507642
91.70370624859652,88.236370423887,84.42331749739697,88.50853155929514,2015.7723792075146,1974.5152070454294,1992.6986025588938,2021.2231688709371
93.46663586222823,37.65315584976702,39.338326560425514,91.85785219188949,1975.99195037875,2034.7807553084413,1977.3388728333034,2029.0760775095098
37.81019078686583,85.0693136828257,37.55573983572951,92.8850999534194,2003.852193138564,1019.6794817199795,1945.2859522165822,1030.3086538663472
91.78082131809971,94.89783655591621,88.2524995014052,90.75051558814319,953.5663267573362,980.4160764707005,989.3202284236176,1005.046280189306
41.62825529851151,94.32720143387334,83.19615560525453,90.0233318272774,1978.107372270906,1982.0518119109147,969.2655920561192,2022.0593428239988
93.70486010790495,40.51845668100646,89.54062473914018,40.3542042457538,995.9332239391525,2013.1166542695455,967.32195014546,1007.8286935344428
96.25208997856046,85.28029595011941,38.57891373020248,35.68416658273149,970.6288099392046,2065.0238358466854,1983.66719629944,1973.3677980147165
40.69125446723276,40.76306076148385,84.61561012200421,38.06254561567621,2007.2616405532024,999.5169017473286,1037.1336299457894,1977.9339839039044
97.8797826818953,41.16800536100234,40.524365089848956,37.17626630297272,2013.192455881942,2004.9454783371982,994.2803660657694,993.3580676546064
38.28239024319238,83.70963323627888,41.26205888158508,34.00907051216976,1958.2712034716394,1053.2671180065306,2079.3315327621995,1962.788744574985
93.93180895217232,39.82815741251764,39.87925526147616,85.4286076498621,2014.7798964731796,1004.7183711625206,1970.184698726088,967.0010432943936
91.55448910116769,94.79175736908466,40.56747312987687,38.66674111988756,1997.3873146502847,2029.3154886706748,2003.0974154992673,957.6270148643764
85.24496602920512,85.66512137386383,38.78384339410766,93.80278295941203,988.7906891116859,1032.2092605889352,1988.7996067474437,1982.0631599129504
84.4109695187818,90.8651273028303,35.661875172732834,36.2943214560358,2027.642281017761,2037.0176149389097,2047.3170728621685,2061.924804499684
98.82363529790982,37.679238995828236,38.756618840059986,97.2184891699102,1008.9831103595909,1987.6477727234085,1002.993727634243,2035.0540787963012
93.77545388404134,88.53083931635977,39.3946032228608,36.40684151935184,991.6730199463445,1985.0747978629906,2004.6284148501995,999.384832545163
90.46518783515741,95.69562396293051,93.02335943623288,83.14983293232561,1962.3163254167628,993.6088246273769,980.5416982748707,2011.7160125853513
83.70025898496984,87.58272411299139,80.11498873863776,97.06282061917216,1975.3408519752054,1957.97225442909,2022.6343731265247,2003.3622630096677
97.56033197842063,86.62746627478114,91.67100307217132,39.778504768593294,2003.7343723545762,1962.3096545045,1973.8902666632166,1032.7233412349228
87.36861865636287,86.101093096879,38.49034379845919,34.88136704425065,1989.0898441721758,1963.0397157632858,2005.576746479207,2032.9568857997165
91.18596296646582,93.54862343221636,91.96583187550848,79.18793185143744,1968.1365747730072,2049.1728781560964,1970.736102920548,1986.0851696880834
39.55325416377681,92.59402600604844,94.26713108162419,36.96768848089053,2000.1126191307449,1975.692478947249,2003.654937137633,1984.539431865447
88.57035982390406,94.38458033564466,37.973062991148765,93.893881377273,2007.3801124381293,1973.6972777086962,1026.7584039509659,1992.287780412766
39.08490995156487,37.21801346001001,40.969943340839436,93.16073199964366,2066.3200699826525,2024.7925377416855,1993.1733552410124,1984.101972236146
91.50722046300861,96.41292356512305,40.4364243814686,40.48435343191473,943.5726280645563,983.5182428648734,1980.9585852766797,1000.2960928464097
92.26539217951503,35.7997124269538,37.48505218956234,85.43879641093855,2009.7810047481685,960.1291920662626,1999.4662488934098,990.3766183789196
37.341086759915,88.4342672986156,38.9843886583114,86.93274797139304,1973.6873089342378,983.3730215271246,1018.4830185697642,2021.3464010528694
91.13220933811073,91.57499559282543,79.99564390406053,37.09758988029712,1006.9387536427428,1896.3011007932803,1032.2745926323055,973.2005670539427
87.75565948863513,37.60840223098949,88.72519088711037,84.27976512609588,1973.4869634261324,1985.9191208511063,1031.4413891307588,995.9618678720092
79.83166071718514,94.14690170799703,39.84521837228394,103.28931939851853,1988.522855665382,1976.738478736126,1026.4207189763974,1001.8615258855812
93.55627854123844,92.79516633745739,98.2115680614399,36.86747016495117,2109.5169094533867,2034.7151537403759,2012.999094626049,2010.0638002020933
34.529409945758275,80.62453222493792,89.32322607104713,91.56458392918132,2005.9396650129124,2032.726453233965,2003.458335693084,1008.0612971271285
92.77383451318295,83.92955642972537,89.87913260432371,89.08101406801875,1041.6501649953534,984.5133380118135,2046.3469794443588,1968.2075637412772
39.53485646109411,88.17994465442048,90.92566709360162,40.147141756565034,1027.7370524729054,1986.1620054026857,963.6395390081823,996.6103939757338
89.180794311537,97.04082086750832,37.59203146160779,83.42029067694777,2026.9783129990299,1000.5967395404109,2009.679229178056,2010.6868301259647
94.57719613750017,33.762967448307094,81.30148892210978,87.40535195642941,1030.1007057975798,958.3840274572678,2029.6321596103103,1008.0620866842248
95.39708889288117,82.5734838488283,93.85977437834627,35.23159216376749,1001.9965677707319,977.7874078586774,1003.3839363756872,1017.3369073514219
90.99153300805948,93.86312401122008,93.632813481798,99.74625997423875,2021.3708212948131,2065.5224668889286,2005.7826384757834,2024.9999587540392
83.85339859309818,102.99262438721804,90.91418844579178,98.37257493789971,1988.7982793501315,2011.4102270740043,1999.0915764747008,2032.9528686886813
90.70983788346258,85.68402487587286,91.83861061737468,40.489282003088235,1958.3575563075333,2026.8609288548498,1998.5881328677706,984.8356796223261
92.2402206356231,88.83502693302681,85.9113478473511,92.26036563703646,1034.08352286436,1013.8858470400121,2035.4404933767594,982.8219435331048
37.4709145259865,41.01230546496228,95.61332581215242,96.40554891062682,2004.8127186881252,989.968614265365,1989.7849926291256,1012.3999384538895
89.49677969413952,38.41835555593426,81.84844203438874,37.85955014011928,1990.4014467937616,1985.3891680837337,2045.1467054398668,2023.762669987817
81.93868064152807,39.117245166630475,93.61685166036627,85.88198071041909,1032.9852255352707,973.8564633586,2011.6388437573783,2000.4081731147164
39.8104970306159,38.190524628933744,38.060538784107926,37.19427170655464,2008.8114357111044,1953.4041477395808,1958.9031330810453,2096.863156045762
44.188449009999374,76.9367513955602,38.84595401223635,92.41106748994638,1971.780204742649,1995.4060193031419,1987.601222487112,996.280165429745
45.60713042155707,41.29064175763513,81.88766908645809,85.0305459972251,1993.5476131293806,1024.2479119407153,2054.267290757552,967.771743096295
81.05563685917465,87.09227287333219,92.06506561242398,91.66693788417585,2025.1250186795553,2031.0335825741502,1987.191001406049,2081.48840513131
86.7118682776537,84.3411553250914,39.072234261459414,91.754888693359,989.9427274105774,993.8644187188617,1942.8476064952758,1961.936609452456
96.17967364533223,91.90705831344546,37.40808868621558,86.72991845884535,1991.8811323963598,1966.8116731658827,1992.7956577063874,1973.1066728401847
39.53348418339104,41.79685094763123,94.63161094614966,85.16480704954249,1009.2199650265209,2008.175221110219,1956.3834151365681,1968.125879612045
91.12317347904913,42.96987266738576,94.37328904842602,85.82863852858527,2009.2181232624444,1964.9506928239146,2005.9139938502296,1010.6524225532453
97.17821885614485,88.5243395820366,88.63507373354143,40.71059230993018,956.3590360963885,996.8687020123875,1057.2757768704273,2041.023609122519
89.9036037941976,86.91487917342074,40.90119779932519,90.92741764567612,1000.0352827809996,1006.3336999634234,1996.2689458789393,1995.8330600971576
90.36083901535869,87.34988393699211,81.32803425284348,37.036713165200595,1005.5091840485131,1015.8951889872054,1993.8760848833872,2059.440785957417
39.558480390856516,88.70417512633158,42.14996045361177,80.13185173555706,1998.536378556829,1978.6100031179615,2010.1415750233389,1987.285515647044
98.6617389010268,96.73763618384359,94.02182470154591,94.86980506062999,1999.137814146822,2004.6974002208265,1962.521079698587,948.7763575794413
97.30731522154939,40.74896757065228,95.6664379147523,35.701878236233824,2036.2109006453286,1955.468752791943,2032.2627199896187,952.9604251364403
34.87300315389933,87.09622679278586,37.680514925539555,93.2382522863083,2014.5473542077154,1981.907959175424,2001.5115507560645,981.7039565485088
90.71304889199632,83.85326781952864,94.8875327122565,84.5881866722994,990.1584503892564,1030.7484859095648,2015.5692582123888,1987.2185789201255
89.1244586689192,97.13502298569978,88.78707300214589,39.186644101964966,1016.2064718153315,1922.2865604290255,1973.1499153717948,1010.814721302795
88.81701028318528,38.06567246064819,91.74694661845939,98.90871039702651,1002.3657773210386,1963.9246257655748,1991.1923044201899,990.5373113625722
43.70531329126263,87.71828636806663,36.70033130890839,87.5220337149691,1979.3369909791804,985.5291781196838,972.7351760934159,1998.8536004406797
40.35869444150775,91.28170378866933,82.54400308128622,94.92325669360382,1006.1335964237318,1016.2991502118803,1024.1443350435186,1030.6600358397448
40.01643239012384,96.03014114038544,40.323614504484894,39.84266632759956,2000.6698089283236,1022.9078378978218,2014.6845274492723,986.740068685964
86.62758864109884,37.487460716357866,39.960442755265916,93.92674696473786,2010.4696046805109,1950.3042304952173,2016.6554108806906,1951.315901121158
86.7059463999289,89.1551297842175,40.85922853326592,41.42641962075487,1935.1163733437068,1063.9278009406166,1001.6171711499721,1008.1461664052849
84.95221214525297,82.8868337716019,84.03364314444791,87.20780319432495,949.1373063736435,1992.7549459079376,2000.6165439895271,974.345595244301
83.59870703473608,39.581558614241615,39.29703466782301,87.31306355950571,953.8435925845457,2043.4332294314625,2056.9054725032547,974.1470809796674
97.71682909952165,89.44487094613105,83.59559647656963,83.5162630200763,2050.6548326107663,1969.594008481696,1970.153670174287,1993.1415846527377
92.96622654339394,93.24798832319821,90.375519859214,92.81279002851622,2022.5040572294206,1018.3543527941657,2007.1480551751838,1940.963414088089
91.60611661628947,91.88808509168629,92.85411436708331,87.88052341067943,2004.9617242628362,2014.3412453538626,1025.982980396892,1953.8365341529973
86.14398019161864,37.26634217941096,40.890947849174225,89.53766005822867,985.2998435483557,992.6176261597755,1992.4536955308502,1989.726601927479
40.167844724928685,88.81691381783739,37.40258665767159,37.501348190399575,961.3164935186571,992.8006144974617,1012.5614701942363,1945.9843909004785
40.67748946629059,89.2786811146798,96.903893211167,90.94841422217284,2009.1757521718198,987.5238262780157,2033.6368426874837,982.5227474138276
91.26781923694536,91.11408310770688,88.75444854721569,37.22433122282932,1990.5302227466966,2021.026343189176,1964.775963557451,1999.6082539872466
84.15645876192232,87.50937299334171,81.61466872001307,94.91277013459096,2038.2548880523188,960.5764149659495,1979.0225011023244,1977.0087823417487
90.96645114417268,38.29518450522551,40.526348564389316,79.17748764993857,2011.062938387594,967.1453427695651,935.3912837116277,2021.9826753001787
92.55480837072902,96.60499713388212,80.73959859201064,39.85602304907758,2015.5831347298179,1980.1122295005423,1998.6387631284745,1006.0007559883732
39.94697021301661,88.59259523944696,38.66166026354253,37.50825406055304,2009.5573297797976,1984.6138562290973,1032.4393633104924,1017.0710171206936
83.46914139816042,39.684040333823674,92.14640327640244,37.92722378045437,1975.2577095652896,2022.0985089820992,1964.3371464141226,2009.6917705124947
91.60340643592394,85.91840788788718,82.71414929824512,39.490077270456794,997.9446462251401,1981.3784675826646,1994.3419013068994,1020.9068600108076
42.592488085902076,91.84782554768356,91.01573685165766,89.27359091473241,1002.5624142301403,1972.3869890269718,2029.705092617564,1000.6388417672486
45.06260444770433,39.11406309390183,87.16022080591786,94.12776503837966,2024.8522918992553,2014.1422928002983,972.7425374986922,2045.898548038191
86.34776716631109,86.97680519670409,44.761781135229874,39.38315223042474,964.1360562330219,1994.944823199607,1996.0913031816156,2018.2099630910502
89.14838073662476,91.71777861539255,89.21888235572958,35.29356710580264,985.2477123849359,2018.3148096730813,1990.823003751744,2019.6721786122168
41.34958756401714,88.75632841284875,86.41912824451059,33.61185255319801,1032.6727519476026,2008.5594237234843,2043.4926538721525,991.5411818298362
34.919016052972715,42.27357441270492,97.18357588036923,35.37583635302076,1025.9114593443283,1975.5191880298594,1975.110804644181,1962.905152126089
32.423357208736896,78.80143463293338,83.5684293236805,38.347698135331854,1003.4033041779577,993.2191130243693,1979.151312835033,2028.4746989309954
36.030550228087144,38.66396904367128,41.40544019286989,86.74997834141514,1989.8524704219703,980.432179397283,1014.9044868516361,1998.5003864880625
42.030373892655135,40.098508316663896,36.15587855817482,96.85112485149256,1985.8929095026122,1982.58626757384,1032.5764580637126,1007.1118174601797
87.5407562210149,90.75315206792007,86.91154649274267,83.55982439498604,2043.4323664138424,1985.735801754854,2006.598685308147,1000.0395624883631
82.89072843133323,84.93575486646651,87.1528595427689,100.37668403474576,1973.8202280651049,1994.0204636867015,2026.3774417970312,1019.5881260913179
40.66074842794807,36.58363472613354,93.1441181828118,85.484450019325,1949.0072111356487,1025.6457621576162,983.3497213087114,2010.1293910352697
98.45011509747376,40.71115948246822,39.520210723434744,94.30523247436265,2023.9542170329603,1995.2810282908665,1982.7575326634746,1014.0048170090772
43.47619518405845,86.61284377427651,90.1129668685022,43.67272756763134,1978.7684798579023,995.5512517409471,2052.2389139244788,1000.5352119731189
88.06001437409505,39.61422753951447,93.111966363437,90.98928358597186,1990.7288167090583,1938.591187164815,1970.4626224087103,979.2920284129214
40.353662765141515,36.98104978438147,38.12044597879294,90.18363623476277,1001.6174524766882,2023.1948085439572,2050.9600133361278,2024.4041106754876
40.99615724455053,33.801771947536295,91.04650595299894,79.27289737728466,980.8415712238916,2076.5386045764103,2026.6221238849382,1987.4663585501576
96.16739655814743,89.35834121905826,37.54964139689298,91.90624272343504,1979.08041991127,1976.3741013760362,2045.2590886704868,2011.4336225087998
94.55432457458859,93.13405003846916,37.869077043948515,91.97074980313097,973.2926101462217,1924.0782376968104,2029.4119310380293,2028.215727947317
89.02499944081126,94.4869345173648,80.81344949055547,101.10399436746097,2006.2918604107588,1972.7694681579303,1002.2994599577708,975.1346511590027
37.20106224153557,85.0140874702712,91.91207444584434,41.17947251349297,2026.9260608589177,2020.9947382269422,1008.777592329823,1989.3481394010637
38.24180917812215,42.67434976494761,88.32432786749519,82.85569840506815,1002.7203572816954,2036.0060640207296,1016.9885575351477,1998.1739452862362
39.03183629920042,97.61028206272253,37.250515064659126,87.68559537178635,1972.299777046876,1980.762627489185,1981.797595745985,2024.271289154944
79.84659784595512,44.04619426876923,93.36800912297328,39.40866705394289,1976.773457066617,2044.727747901775,975.7901670482854,992.2845173789459
89.30544933747828,95.58980240434954,38.40180832031171,83.09581818398958,1971.7577686597026,1989.9419199389934,984.0061534646475,1978.120945175711
95.90806031314898,93.629987139544,39.88600659301645,84.39051073868103,993.6885102860781,2024.9875845260058,2057.7491060334396,1012.0542357253397
95.88279175335708,87.55193552903427,82.90003963991853,88.03986772579574,993.9482173480142,1910.908003004657,2005.2030696360043,1986.7796388544261
36.86931669147328,40.41865072262431,85.77575500579233,42.96514526556457,2018.4088519569664,2010.3319155354861,1045.0535962203567,1948.1041925202742
90.72074244481539,90.53515743717688,88.24985678437817,41.906932466742276,1970.2557697465763,1994.9550160792003,994.0728622871594,976.7657222179226
45.04723283157403,41.13060659962625,84.21243955248119,36.98424322166355,2024.0551324057049,2005.2595984682991,2020.1912140764364,1979.5941224851445
93.39660429676766,41.51839933143933,85.34789821118882,88.1317246227398,1985.5034420590284,2022.4619473374116,2043.065427154675,2036.2672498365382
44.49483272455603,86.08798746611042,92.67464630008409,95.46642478822466,2020.7243111573273,2002.9870152135925,974.9526538687676,2013.2598092187
43.39200977764905,96.55578169216177,94.15274972077675,100.87161710526486,1060.5068288987009,2000.6685095744253,1982.2199262679724,1982.0753747196532
78.32412186131904,90.203634325592,95.15687793072257,99.93187127947036,1958.413362073314,972.2342676184627,1990.7866601509286,2041.359030563365
100.90268124126852,44.635284970125525,80.30452419438888,89.09697337018973,2036.4566897781926,2001.4288586567168,1043.5225720978676,2007.0272835383273
41.056970307261224,86.62055591505053,39.03215496431517,91.73437300566668,2019.1233289497216,959.7846343718422,2025.2669689530042,993.2044082968268
86.98013421676296,39.64446578121729,92.70720187637022,95.60167980862168,1031.3926129172587,1988.017514547572,1990.5918143162228,1959.0220014393267
87.85486298640824,86.06975946102918,40.15141116672834,87.73258634164506,1993.6062637611763,984.8727131966241,1002.8264936260734,1973.441448004424
36.66065199741515,36.447689967393394,39.77068407552872,41.10444340810835,1011.7830604471967,2038.1383969464198,1996.753574887916,2012.2619566350068
37.19489053156488,37.99454468237217,39.51198906914182,84.58159183544537,1008.376437560715,2034.944673059009,988.0640116999106,1977.1482524712844
96.52971887997315,92.02924033464821,86.82445405633226,42.13266319518531,985.636360965857,1991.8720195116355,982.675924554736,2047.2017770398388
38.900410574644326,37.03292594424587,76.36913201929481,97.34375456771568,974.2635275403567,1936.9727014811845,2053.3579924008154,1016.8119061339191
40.25521371006042,96.28695056607997,39.792630918907776,84.16763869403118,1012.4429222023418,991.3304422813212,976.0319128105035,997.1039289582832
84.8565519401503,32.412581429645,38.40094749576258,39.127462782439615,2011.480127136804,965.2746930004316,2039.7864406018434,991.3782856611559
93.54131080642759,99.35358395167623,95.81249135179247,38.52740917302488,1997.550377086257,2000.9877754169554,2024.1575651004366,1936.8123364405997
85.10905731851636,97.14251537267181,95.67026558251249,90.40504810259868,936.2473888733546,993.6080705459867,996.4163004453112,1976.2339908682616
38.36643298433651,37.903319927622206,93.89305613951521,40.50637973727969,2010.4523714488444,1017.8720458220757,1997.0667444411263,1005.5423896180678
87.7729067824797,97.80901851263204,38.9128305309205,83.8996809744975,1975.6459625848936,2029.7307999125044,2026.0514720744864,1979.5398813809586
38.42675749485282,86.93790076978402,96.00754050993194,85.71162513876102,1992.7637545898406,1971.0082595905137,1007.4797914119349,971.2375086812165
95.8816762500543,92.8667633678589,96.23698404097337,83.65560514307953,1001.1327488063888,992.7629165293722,1026.3964425258382,1017.547193012783
42.3411079141769,35.80288216563105,84.63792420603109,94.16808230895614,1985.6221679600235,1037.4414868275112,1030.0026811959292,2024.5751055023222
88.88973253044615,40.72214609475652,43.26024905518985,86.59667590059951,2024.1467325726185,1037.3007012983885,2001.1977491439868,1987.9293471254161
93.86327170549484,39.74773671602403,94.64904901048548,95.79260991983908,971.9850290820489,2050.0727161017844,1959.0091956352305,1006.3661332311182
95.94323096938652,40.031371044167734,99.27630235808417,43.26164419966001,1970.893944995175,1967.1553543732757,959.7988664348829,1002.4382501354515
94.92598572215466,37.354836852388075,90.97070349137269,91.87284494987517,2023.0497528122798,1000.1417462234947,1937.8706291283693,2023.016830176374
90.94606452113796,91.49138437124473,102.0775325260225,90.79411534799624,1994.7322432376648,1944.0731338207877,1013.5670921593553,956.9911947386352
94.89859901644057,42.45682988009503,89.47724725449866,37.109635853131806,1991.3335116904143,989.3070024483079,1028.0993516864237,1954.092530352079
102.34995699411965,84.34798374964882,38.597672448220955,37.386228066357845,2028.824375284509,971.9844448992726,1982.3490969609077,1995.5311583437767
42.26545017820732,36.73581259512726,39.506676450562935,91.92969044582087,1017.9514156364178,2011.7156018177811,1998.4082719746007,1978.636716688436
88.64073697725934,91.03117891051662,85.03870856801444,88.7898949256756,2041.533214744966,979.938501932686,1964.2908295054683,2034.088500908192
38.673406917196395,88.1370128872061,84.91318867762327,89.13401416073458,1014.9958243188773,2026.0574916169164,981.7045581637204,2032.1658593256793
38.21399235806927,93.39044115153236,93.36484226299375,93.0952558690251,966.2601555959575,2040.5053869305752,1014.7422279232346,2004.916801689436
89.24975316247213,89.70560944635203,90.19611990157014,97.39822865646215,1988.8282335471956,2010.0903917890612,2015.4759849012064,1965.4898244115263
95.71897409742593,91.84296545950573,95.93518454894914,87.19698259450894,1983.0941679806347,2028.9044333453812,993.2081985694136,976.4619387864136
95.48023886607386,93.00667209686465,39.8101474866641,41.62808917437168,2043.66449445552,1993.1303967301487,2037.406792264453,1987.6971261493368
39.39519249650425,37.76635592095442,95.95115425717138,95.27845718334672,992.1336714476049,2003.882794716352,1987.3081599764323,2033.2819381677484
39.572394349356486,90.07188365778816,90.74499530212755,32.53810055618034,2037.9766253431264,2006.9976098633124,1037.7744940703783,1018.2368921503892
38.74945723601155,38.332336932480366,39.23494129821108,37.94191879692277,976.0690629654388,2034.1391345083211,1041.596318265724,992.1686363375313
38.66735168069732,39.816611827000926,41.873017363771595,89.62192320913303,1992.2335105294767,1964.6030742547052,1015.8941868703029,1976.863055695557
85.53909761445465,37.550919842710826,92.58083897437326,97.2064882326149,994.3247913962582,1030.7625080724615,2001.2823692735687,1018.186410028122
91.56026914551886,39.071099639763176,82.36207525977834,40.831205968797136,1991.1852051520423,2007.7922592169953,1005.4315954579517,1961.2948675084806
86.82954469019214,41.60514547179292,93.50033659937225,89.18989056525812,1002.1889116639836,2018.9028932020494,1976.0755689846612,1955.7761966022777
44.554392794642524,40.05228007665447,85.66588461615218,96.65107697662125,1017.2856807624621,960.3144782529206,1002.8324816056783,1981.9774112703988
96.19806020978218,84.69228255560625,93.1534303562304,84.12846749299258,1986.3322611561257,1952.272338436633,2011.2206095869522,1959.3985753725024
44.072801943517334,38.68966655152048,84.42799189470676,89.19678181359136,1997.4806056733764,2024.1434164293328,1027.3927232914841,1018.7359989322069
84.0042332705937,89.86680811998603,82.129931148902,43.73060447681627,966.4775469472079,1942.773362798861,1992.1835175208432,2000.0012694536606
87.29321010460848,86.60573242244277,85.54536989683531,88.2604298728397,2033.2825936781444,1989.6361010635194,2005.269318700994,1967.463794764625
37.856055400350655,89.5718816463391,38.22035199079896,95.2898674302834,1064.356685491474,942.5802625041238,1007.5010756137656,2034.1409886016247
104.49865127746081,82.39718344728485,39.58591879543718,87.2846249611494,1976.057688856138,1015.341961721439,1987.06737922349,2024.9621738337632
41.84415090404875,90.06900501198128,39.8982934888165,92.99695789047468,2010.0371993450551,2007.1807883602876,997.1056523001512,963.759102178895
40.913320763227276,40.96572917927122,41.2634679994758,82.12946815086278,1027.746473521967,1997.2329342490327,2003.4218868357566,1983.3887723158573
84.68086021559756,91.57303569582578,81.48398285600376,84.83785594793034,967.5297685760273,1018.4549033519813,1927.9173024704264,992.4123357503702
91.3887434770533,39.55577232506396,86.96848056489782,42.57082387066769,1968.8689830361288,2026.8049456639387,1063.53607656505,1025.212769997911
96.65416669129417,82.90275793352049,93.1525547117114,95.19023559260538,2024.9685947115647,982.5346834811874,1004.9268999434497,2014.6934229952487
44.51262076673157,37.822540416549245,89.8371023933038,38.74554940452398,2015.964856052576,1973.3414815237145,1998.0928749497637,1989.6884234406564
41.93912035830098,36.282784650408544,37.91063469443665,89.46478254913166,1988.597950546446,998.0491316844982,1999.6168168168574,1989.1058415035623
89.95512559060437,90.75639126363738,84.78388059783046,97.39972569706093,997.4649557034345,996.2232265731109,988.96329179716,956.2278846506324
89.55707570742011,87.4463620094067,42.8798777184782,87.2632718449115,964.2660564001312,2029.854528634536,1974.4670725039853,2020.4849085866974
90.45834587884139,90.4211846458785,40.24166043506899,36.63999527843778,1969.5468913954678,1018.9712974521946,1011.8169304537269,1981.4563556399928
91.21132516309189,96.45512908482563,43.20299902261554,86.59752840869146,1992.6787484446045,988.2435849809211,1028.5572323505844,2024.7833146468297
41.533574900897264,93.10342463661705,88.7181088018455,83.18868192591242,1989.3990055182642,2015.8042148644804,981.6428297924881,2009.6497016275996
100.24551838738535,98.2821305823943,80.81120828394866,39.98323220145437,2003.5912083992705,982.9733333174481,2078.841405458567,951.1699636175073
88.42004969304618,35.04424315058829,39.289066623649106,91.3929034108263,1040.2737138466368,2020.8485932498038,976.2291564479294,2004.3346119645557
90.13938304648872,86.66785382526933,34.20268241841096,90.65605932146573,997.0991193525888,1971.244647529056,2000.2411444215606,1026.341649080106
91.77361442114096,98.89987663235378,85.4828560946962,83.02555279157386,1006.7472866627029,964.8182927894076,1967.102380128826,1989.1203337409238
43.91297799057169,41.91468070041963,34.60802191402347,77.75839306957494,2021.3288068144548,2013.2367907045084,1980.0247402705047,1028.9017555629364
40.59590557216019,93.87219757611253,84.82869827841768,88.47349873787857,1965.351347847061,2043.3757219939728,1968.7672019457987,1952.0770811208758
90.90166938086895,91.97606280681008,36.241573273841205,88.52446225369776,1016.7039556356292,979.2746008762829,1955.883691602974,991.5124147609662
87.82336929620205,100.87975640681721,91.4657922722274,84.90255964244665,993.987217841865,1956.082232844444,2053.1309276736165,2024.101404643199
89.86369141300027,41.16267097092755,91.9239208572298,93.00347848182625,965.3631748948212,1945.9021516980438,2030.0758844523168,2026.060190965296
82.78048464319833,85.4743883133469,37.82298716591707,83.62091401468427,1991.118204929644,1976.5234630863642,2019.5596610345713,990.1986945755712
101.14278335244173,41.8301507432409,37.28136344827723,88.92231135543754,2005.8843796379517,1919.2126584395905,2018.8699737936463,1049.2726604512277
38.93469858049977,90.4535793160451,32.68869895529123,91.13172705587884,996.7982101482785,1962.030786935159,1024.6662372901274,1016.0709074513554
38.38828672440141,39.43933831595146,88.90690990951373,37.0346751747807,960.9813459096705,981.9689655653069,1028.0040502375434,2032.0857265943073
93.96206624061038,40.31336294779338,90.79353713224441,84.53305799739071,952.9187187709672,2036.6206796064787,1004.0185292345425,1000.3314801393905
82.90458568537628,91.7805599922469,82.1812107432809,40.61612641665981,1969.8602584224984,1954.3405085289553,971.2862279674662,1990.5761245831493
91.27360441056685,39.30587363772111,41.27048493363692,84.3378401908911,1995.7469829819922,1977.8701150660293,2048.8587034508882,2020.734516507259
82.42434020155396,92.46999555150803,95.61101712889881,101.89101830605843,1956.0334357290371,2027.2172024511003,2059.389615133149,1937.3289476935834
84.27803404502826,40.80153096163516,91.13522585079686,86.0939414916439,1015.5509304188249,1971.1000853081587,1985.1119371329214,995.2060402118016
41.75263196700511,95.713382442965,40.7954394478828,97.60370559762974,974.6248900035303,2022.6004790855368,980.9803390347918,2076.6094704351103
96.36264471073018,38.41060818011785,91.90420907887412,95.40749234469477,1999.5718090725638,2059.6901967601575,967.7650525530125,2016.4339714993694
44.339573232305426,99.62079471839621,38.726369880324796,83.68972518113159,2029.009489837398,2047.0744614591495,2045.3539241217427,2005.6142859417614
42.17514799602594,39.040612828940056,88.8598585602952,40.685379252005205,1985.1232813775423,1025.695601901757,1006.7280612403364,1988.048054394928
97.82616782876438,40.345328478315594,39.65058483634586,41.197379315814786,957.8954937664448,2008.4964518990346,2027.0347880685517,1003.3381743496745
38.95823454033047,88.52446953797487,86.50944524123777,90.8964656859777,1972.4976993004934,1984.509735596045,1990.2980872408239,969.6606996651055
77.96625799689642,93.11736502018853,89.64647552367042,91.48676650512645,996.3739823048351,1030.8458393094945,1955.1168715555978,1990.0413385308473
98.02488427960948,84.58523152097409,44.03621703307374,89.36431371166276,2026.9943749675053,1996.9867041211926,2028.668758164472,1023.3251507296911
93.10699684148975,42.26294270421605,37.101199069075975,85.88506380388188,967.8717965618441,1021.1486965790336,1003.1863895092498,1992.8028740182883
42.938748684479535,84.5022343829511,86.60638836013999,37.15985720637703,1982.3654778343912,1951.070639475574,2004.5326200443571,2004.5623927058268
42.55722506682275,39.52776204145784,40.60532065709423,36.058010307990976,1965.1161544557503,1005.5695812172451,1988.8453685791744,1981.5457222418356
86.53528449849294,80.64836616402037,92.37173933882583,90.11162640697943,1970.2445362011908,1987.309467225631,1009.5787032005828,1984.2182931752145
38.19382634411869,90.54919322196946,40.89781008450966,85.4023291613242,1983.574782887758,1979.081095955005,2021.109208681219,2041.589560103334
38.76296175621341,87.00551454695362,41.21785647523966,36.740846053392815,1006.8771929156105,2011.0765153911243,2048.1143819418253,1971.8693782468818
44.02763644976714,43.5217622436021,88.34645994587007,83.96594911193843,1028.979374071279,981.1874179234485,1986.8800152180859,2017.6788199603598
52.0549427979055,91.30100148866005,85.345841046974,34.73846098297452,2034.282134918861,2019.93401276123,2018.4758551106293,2022.2005605078373
92.22416408991094,90.19793687858156,39.42863634598758,93.05323917709927,2009.2285219873265,1016.4444807152736,2066.793145415938,1986.9107687048781
39.28096032831265,37.75998844648855,99.4923805576085,94.04798517019697,1955.1968514156217,2029.2541928697456,1018.6602928592672,1038.2966560297434
86.63143462993847,92.9151588517712,90.10877641238906,104.49613750557421,1030.8091700367413,2003.6960529570638,1988.5942607986826,1999.0340841021573
90.99637618638558,42.402451889417144,37.230117575285206,42.676080171036084,1985.4282229985045,1998.1711456199553,2000.4446699000068,2079.2170639955393
41.68299475432642,98.98061870333488,38.76086528964986,89.86006593184712,952.9016454223598,1009.3072071912791,1982.6115291307024,2012.8021406091375
45.23156413066528,88.7033331045376,86.98427874655675,40.18151778340577,2037.1232790409736,1988.5195098263607,1986.018843231476,1991.8011683611694
41.65837854745778,96.97559865594546,91.95727972828558,90.38215853849866,1027.1446231142831,983.9224625210659,1975.2832662266087,2017.090680282503
42.26504801672691,37.875541505971114,87.79088790944587,86.92374066415763,1003.4443889592358,999.6102277327298,1992.930191993838,1978.595469358986
92.30916491889616,93.9133779330923,39.11552966087211,82.3863580680114,2043.9503468436465,2008.3255232187566,982.9689112571664,988.4927914255754
37.62009245620102,91.35506627058732,92.39914589099962,96.26492678465067,1994.2364490533196,1047.1815609255773,2012.143687968096,2021.4544779178518
91.69398583344883,90.39600153532926,88.75642499394279,36.65955740389927,1020.0804425147926,2004.745032278021,2013.2155132433495,2092.616334422343
39.236013568830955,88.85846131077747,88.88758198104058,37.609546490932644,980.2297609374856,1947.85265909811,2021.704076927731,1993.6206778122744
39.7547680745476,42.14256838789683,87.22068786893188,88.1273696318246,1978.964625242301,988.393280266892,1021.6833352681939,1000.0719583906578
92.14255576815029,40.976447137148064,36.1798974099467,91.56391264719856,1016.755943701791,2002.4868841439384,2058.1468914692305,1971.5864877034567
85.05658927027854,92.34962481955075,35.709672737798606,88.85401563484908,2005.3929909650717,2033.9815460080715,1966.2530652325597,1025.5444339008345
93.8380415567125,41.43521474446003,94.45474122073844,97.51594646698463,1997.319446102226,1992.8260046133323,986.7840710129424,1956.4912952721202
92.14235002958294,87.5526487388289,93.18341025415347,36.55277497652725,969.1388661075468,2037.3107208800216,1005.5393961261832,1983.712286966557
94.29809099513999,81.99204527631773,37.928996135032875,84.2815787239776,1999.9354506164138,1988.0168196178577,1998.2240124101543,2000.1611130315437
91.34941013512098,38.88282643983575,85.82491152802915,93.71146317262135,969.8745580034488,992.624831790881,992.3069251478182,1962.1302458270027
40.11833712378769,99.64984496742105,35.95341075292332,96.18852967605531,1933.2122746272287,987.8658467345614,957.7906058912763,1994.6051944943802
80.85350950629805,85.79452800692441,82.23333070105586,96.54550121623627,1979.8737622835677,1031.5176812012915,1968.0585030519894,1001.3134720757726
34.93211637876577,92.71322619635905,76.88396441634077,34.4168702877659,2012.2509221613423,1035.5256962940248,1965.90020155378,2035.448349773496
84.94567401225802,87.59675769817528,38.19281461846773,91.5280347083471,983.8147688297347,1013.4224366402306,1005.0702860556494,1968.2153508254808
86.96187723647698,38.3501766350263,90.14664350164162,36.848304609775326,1010.302897752932,1015.2982274667061,1000.3752258962725,983.412711991225
88.81495127923053,42.826170168006925,37.788177011420274,92.76528462929029,2004.1051899450429,1944.198327414336,1967.2763621178992,1993.9662869823171
40.75780809397845,74.85264595338127,99.3578286235125,92.6119847516637,1947.8564984880331,1995.6045498480294,1966.9651139293608,1998.721704484592
98.34604922635533,41.928432547824755,43.116948961095545,42.65227452734763,2005.8280786360715,924.0258305205002,2050.3171453670475,1974.6031879132447
45.32950619581378,41.609752387808776,44.55791935663112,41.16281886492963,1990.1077444972723,2000.1875736786537,1017.3962831910271,2013.7866772098498
87.62213093821865,93.02948402270195,41.47660684138569,39.926663623429256,2047.91150128154,1006.2498475250259,1989.6671120681485,1017.2237727706422
40.70752427043386,95.33198920601316,85.47743241143992,96.1240398403665,1964.8585993424194,2032.6092248933367,1984.6666539989703,2035.2554034907637
39.249564210195906,37.5608996743183,81.66715342244771,93.04347438988641,1993.556193018495,1978.0984821344434,2013.318542144262,2002.0773693802348
37.24224421248914,92.76366316699693,40.7648915052712,84.92624463358966,1993.3629015723043,954.529990087938,1984.9715746652937,2005.606862486419
84.58917728718282,39.68104531306986,91.80521092508114,38.59124504588346,1994.1082640855127,1001.5960218849259,2030.1042671927705,1993.3491845553285
88.0946491834623,38.536278824140034,91.43869022056285,38.783194124028995,2057.308578119415,2010.600405033145,2022.2220372931408,1018.4717846897939
90.74586999751182,83.69245919629029,39.8958877663474,85.9334427864789,1016.8936970758795,2015.829863151983,2014.7642411045858,1015.9372720966826
36.022446412522115,91.75516386126442,85.56312080747065,87.13106752687551,2035.9621110621226,1954.6044897025786,2008.9686644454976,987.8755738677596
36.38463214919224,90.41927282975513,91.66310951756317,86.61813084828773,1972.22933419838,1016.498006618792,1010.2398515488001,982.8142221576012
38.63160188751952,82.80334538512696,89.67567613860074,93.22397046049919,1980.199708864765,2025.651750267396,2001.6289887487687,1996.8516672885985
81.19910581779861,39.498942130442586,43.92120515992967,96.75466972381362,1002.9854840912901,2009.8716010547375,2050.7243240697712,1981.6210561723678
42.85677342214698,96.40498072234574,97.59047345929892,92.28749137406253,2012.3911464170706,1994.9179907665575,1005.266574352333,992.2185981557511
40.6189509291454,95.89342939576906,38.725091646569766,90.92312929196282,1970.180767893968,992.2221043931661,2000.5239963631489,2024.951601187497
86.38110624169079,42.653850687269724,83.50924165417948,38.366917968420296,1985.6369566777882,1992.4894729633404,1014.6198144740757,1975.338976886838
93.93954083269904,42.56783927132649,37.61722428436738,87.03278927591406,2072.6887997089457,1997.6288611654168,2015.1366056779148,1973.1523969674058
86.14603331571382,93.20274906626675,42.22258891083476,88.20422361977809,989.6360965805296,2036.9356900694806,1004.9094875627902,2024.250624029469
36.01385120173871,85.86847298371953,39.19770461806791,95.16712796171149,1970.6731287382822,958.5583864009268,999.3864389931115,1024.4292541490993
83.26463746904062,35.82729654791659,87.3554222808073,85.52326314175572,1983.4999338186808,1980.461386723986,2030.1517796141266,1019.9307084042553
38.75110911540554,92.30787374049203,96.22016398635897,88.22291805038184,977.6344436127878,980.102465927625,2009.9397795261177,994.1747120773449
36.31549036012662,41.857588360013054,40.213138174191336,93.81830732417333,2044.2199402364117,1017.3563315620944,993.9580265567644,2002.9534873737402
37.278448489079224,75.93586066461239,39.4459921412236,41.04375048603195,1028.8117870602657,1015.8786958956689,977.1739639964419,1960.992180882757
39.84232353948637,93.09429947272562,37.86807320833428,36.22188041366513,2005.4793003454681,999.0847315970743,984.7072617322121,963.1528771095025
92.70284004481847,91.65962118050462,87.99334419683703,96.71863014216106,1959.4369401158795,1022.0621414743212,1952.6210924644595,2022.629893489436
41.4210092303927,38.207216098416175,91.9375713153209,42.952064201917736,921.2620744131973,1008.2427609918511,2080.2271736289426,1988.5280382309013
82.05649459074031,44.379897151756964,38.0874040703296,91.40980101370785,953.8200835478312,970.5606002725467,990.4597679786971,996.7086070252301
93.91664271141222,98.3214103672253,81.72095272465435,91.86454731930525,1954.3571917227437,989.2218088208411,982.7117929534584,1041.6599308799628
41.08259693393138,92.00568971335,96.01574473666591,86.82150545100318,962.2423910395275,1007.8213326060877,1022.4059229016843,2028.4837886187722
86.94515657233501,85.90925550655085,39.07649953543468,37.98900654977477,2031.8172009284779,1000.6908497649019,1026.8388067730764,1987.2825558400127
96.83044431611981,36.818750002442364,90.74248316570474,39.49043301726165,1944.4216884640114,2005.9500258127619,969.2415169000196,2011.5007369186883
40.35261803211885,89.4403645121861,92.91025179154758,43.29191766650818,1043.4679595655252,2044.8913981149633,2069.874323515341,979.8571974154431
91.49945450145691,88.8441670773515,36.00366324313838,83.82374611437646,1007.0030936451083,995.3462735187096,1003.5052467860637,2007.5148610836152
87.59188365040104,38.4410540206708,85.78575281649788,39.17115287441564,1991.1540889517457,1010.5175428701793,971.5149188086348,2002.313293579379
92.04773880704006,89.87406556687665,94.94869323854294,95.52280588070238,2012.6454269085905,979.3468399514015,2001.543959041622,987.491295594037
91.21171718896808,98.53820216794784,88.25451673717814,89.78610958684214,2042.4566610833074,980.2537687458582,978.2067695232122,2013.0478129330168
42.411232501369454,93.32433777655405,90.344121988628,98.09488119204497,2030.469259392802,1992.470590418209,970.609851696549,975.8107944101961
96.8628347953087,95.61129396039135,94.29112514056075,41.604399066998866,1006.3878901996732,927.1532119222459,1972.3980858522605,1992.6720245045947
86.8911875970878,91.03429019599193,86.50138099105409,86.89988975240294,1054.0256552283834,1963.865177743625,1976.8357603745167,1955.1443007899688
82.56321874642258,89.32353958059946,88.00990489495051,85.35075054107085,1041.8678483724423,2007.5787062231414,1949.5311353874572,1006.885119575544
90.99407795160381,83.49416463774166,42.62257494940586,36.38758920772469,1951.7522930384212,1988.7366571867076,1937.5090196529795,997.5075393401581
82.65355910806012,41.42492090315459,41.249473262424644,38.430209230017624,2014.4738054361965,2009.2573157860822,999.6172713417615,2026.3725026625473
95.11945321473861,86.14709107929869,83.91309784189397,86.75672452483289,1988.9271160027397,2037.3064240730612,2041.12957745486,2033.9138642396365
92.04143388279982,98.3764644345741,95.45013759109929,42.37346708262632,1030.8014092913809,984.7621464218864,1016.5637990366328,1995.013586084329
40.523302941564566,95.75163543127545,90.55130608403924,87.15002918497669,1008.2851884095735,2034.7298802481837,2002.5300189950603,972.4920866898053
38.877612401272444,83.86228060463333,91.96728034871649,79.15148343679687,977.5862199138523,1983.5883637929264,1042.3212844653804,1987.142858102855
91.45125521201064,95.3910919342986,92.30216712912748,86.5799544785596,1980.3924284133639,2017.204105930522,1047.0748137897342,2006.9515225825298
89.12766782671949,87.33685363837456,35.87893307348863,37.22929169855452,972.8545782702722,1942.5385432630042,1968.6005577468695,2035.793972732731
95.32438912732684,94.05072923959115,92.20141339093271,92.54905466587509,1967.6123027358722,985.3125772414538,2030.0128105325512,997.4161798249872
37.66400501423966,85.116059900984,42.38987052495065,93.89467110088555,1954.3007829734565,2036.9550768229349,1978.3711882007863,1945.7017316011122
91.96000706043266,86.22713347862748,96.64973003061786,89.55103125704645,2022.1713302876908,1007.1294882192628,1004.0277025407463,2007.627771150592
39.29726960020936,86.82492327571167,92.2037141623439,39.84203377813999,1964.5297746851807,990.3680813467755,2004.1954235570936,2026.7025948630703
90.58961810138712,91.96065182822994,40.35383617691559,89.01783261588528,1986.3317770068477,1997.288468406517,1014.2137527994398,1966.0440891019527
86.47530604620906,40.7702833893801,36.37045060488104,92.99359101029052,1075.6970158041956,1004.6440828880952,993.0179752190718,2033.000496742228
89.6113784622935,81.74978193564529,34.879445918592936,38.93186915017191,2004.5079281331348,1999.2795180634037,998.3489116152386,2028.4098583788157
88.23514584456017,95.09858489834166,36.73176789841352,96.90949044243325,1005.1725270913878,2033.3953886547295,983.3575950266987,1033.867398264357
85.313445707184,89.83890426179919,37.77750805542315,94.97577264227371,1978.6525843129093,1974.644558692731,1980.6654215881908,1945.2241944569485
35.873722565798225,82.8777410011828,37.73205876061063,93.41447118257207,2038.4891324642151,1979.482603309787,1963.2171126387207,1018.441613132556
80.68897527552566,88.47041542247,90.29741998819492,41.11025676171712,1007.6866102316835,2022.8039944216155,2040.2140144763905,1960.803234441702
94.25039359465227,33.83260850533716,90.39567270895944,86.00924780321071,2015.4059739638822,2000.5264507431432,984.3138238708145,941.9131480396236
91.35116788306361,90.70542151409961,95.06266209866676,96.1923954911642,1987.5917137223794,2028.8401204165307,1979.0133669492805,945.887792531596
90.89411690128244,42.09120850555399,38.06573657495166,96.55564709751711,2025.090173567686,1950.4892958453368,1001.4434387446205,2008.9677772003454
40.17771046083473,84.78823306172585,39.50227853990939,41.574491996341095,1990.204663879376,1031.6957311257556,1984.77385587667,1970.466021145427
38.145930595904844,94.64772073836565,37.72032118058691,92.96701786298637,960.7246731499968,2026.6238612825598,1968.4716207060126,1974.8980306644455
86.05612289310771,42.70180118817647,83.19664932722512,91.87851204960332,999.2052529987928,1925.1272499543209,1018.2934888413488,1981.5252704714019
43.19411622398877,86.39838097885382,87.66500720972813,36.30792110050736,1997.0600685833454,2018.591917460804,1005.2276331672235,996.5015513804624
82.44586586327486,85.44347043509862,84.33540656467522,32.04754580353541,985.5613180837456,954.8071814445809,979.0822873589782,1993.8146789368443
89.95225022373214,91.6105337702388,41.48645772110149,96.61215773999038,1938.3456017343783,2056.2972336105972,1977.875544870934,1963.5922012130777
97.92847078717044,38.14757808268011,40.54946601030801,40.09947600810542,2029.593909725236,1991.2409121128942,1972.780350721374,1955.3432783392125
39.83149550335489,87.88730678166192,83.9230319895997,84.57729231966431,982.2962831337609,990.5628126815096,1990.4462906989104,1023.9401997562286
100.90880516753967,95.5572164664533,80.84547007608236,89.85667792509608,1949.870280951321,1958.1077477847914,1053.5450671539675,1982.2657464378888
44.99763307653255,86.94080612909839,39.74011514836559,38.04052786540463,998.0983335900488,2026.2165342439926,2001.4849484467616,982.5394595440986
92.17694789184685,43.13457382051869,90.97378263541773,89.73484407425626,2002.0833203273496,2020.3132400025158,1985.1215780099458,1982.339600741932
37.681676189501374,82.5380075635321,39.360718480451965,95.14416465770036,2004.3025601910124,992.4233943774301,1005.1642121519756,1005.0803548571171
36.13032181658647,90.41757107817025,92.53950211235748,36.92061046418536,975.2467041245795,2015.3188944359613,1992.2530719871704,1969.2316250004376
38.68298171412374,92.358026079328,92.8571585830877,91.26030044718848,975.7524821890005,1999.1908910365837,2045.1229190658487,1007.3776314666692
36.14102845281657,40.35975284235094,40.48836201454687,95.6383661969018,1946.8246936298096,1018.6644198827598,2009.0027310767337,2032.4565498276427
39.636018988935604,34.20271812531228,88.62791834709081,34.11178894932722,985.7139476727493,2057.104818032407,1012.3298168826473,1064.0216695338754
92.73795961168653,37.07450494421504,96.47412052091902,33.211174891317754,1979.4927008810953,1020.6401906942448,1955.058222781851,1970.3239441523842
83.34220217734251,37.90264395275555,40.00351548897097,88.30173619318336,1973.2719556906084,1997.8747078046983,2019.1921418948211,987.4406032903082
42.02807151309821,38.06160214263281,79.99373753387707,89.70838644120606,1008.6141512557674,1019.4968187445472,1992.555270030855,1980.1427762875694
41.18356822390818,90.977725408486,92.93463701111058,90.9752871393708,952.2356839587876,2006.736478507821,1014.7361505244544,1981.7211907464798
39.336119739541246,91.53059169580419,40.42217726559409,91.45041619716007,2011.593649689156,1024.489186298073,1027.7918562686823,1024.4896651656782
40.358847244317765,89.41631821503798,91.08187104506415,83.20965518476417,2003.5025380401732,2002.1593395713126,1000.4351432795402,1009.0190751762277
40.50684953126418,86.63139928579794,40.46075938821956,98.39079270181797,978.390411528869,961.0823177678644,1978.8024562443732,980.5838597438362
43.168318694590226,88.90489882257658,84.02557599452643,39.41954136129842,2011.7710000243092,2001.0103851127044,1954.4329410897346,1929.087385008035
43.807005321190374,94.0003005521554,81.41675243887411,81.14473944321932,1946.9004031010686,1986.8480609021508,996.2104251156316,1992.8954222817488
91.5703030852566,40.91295917521381,37.361157266442355,37.91930010178684,1945.0259500816296,1014.4549920917229,1982.8383269876872,1981.5307995344697
43.38300052775939,88.28164997735288,90.03998886072112,98.65754166044015,1006.7237980967752,2018.2605573466335,988.7155604101222,1984.8718150687532
38.80394479854957,93.56504076475663,82.65856704801215,89.14319033269848,1980.8252198959483,1993.240812719449,2008.2822299312247,2011.962945837017
92.75834211398373,90.25168226266757,93.53764378229002,88.08028702986704,2022.9087997803474,998.9978775622512,1970.5248828558183,2045.3952022589715
93.17503878011802,38.85271351610621,39.14665473978596,97.37763821788505,2006.548442152012,1001.994452392401,2010.2981834103339,1948.5712845561623
83.11981089069852,36.29407153907975,92.9849740831011,84.209166964301,965.9683404655809,2011.48546806436,1986.3981987769116,2023.7284651994594
37.636064041281344,37.721494750493015,39.6951993382138,96.22888207994185,997.2246826385826,987.3234878913374,1007.0504438830378,2035.7405445119978
85.64279655557466,90.76242115988494,91.46820117861657,41.90488007473981,1963.478147869335,2009.8195870333045,2015.7175294133976,2051.6378124895523
89.9867538617162,91.36908357264826,97.05869015474374,40.81868011343744,1961.417587468342,1978.8121708463138,2007.4296573168738,2024.1458099315275
45.765286588905425,88.42640363452918,100.22447786312092,37.09565278500672,1967.983131000744,1999.5416647680586,1010.1532125648798,955.2863555786081
91.2828311754375,93.79549605391381,87.35689339383411,94.06477108055255,1999.041278993813,988.601994169654,1991.5188037045664,967.0578686719007
90.36261302665507,91.06866961566466,36.91691872618395,37.52222579583159,1978.6445795541918,2013.0083151849637,2021.381683241911,1998.9073297512075
37.16442781784566,86.90322802582179,88.50318616097157,99.12826122416983,971.4834633147207,963.7212990604733,2005.2644108235124,2005.0503378858784
93.64870019929785,92.9563156472996,92.22914368600432,93.9728490094832,1984.7999005646593,958.7464374643962,2030.7849856515027,975.7374503244597
36.27507918488733,41.449358355135004,41.26454413413816,40.73584555807737,1011.056160185295,992.4153923419597,1001.7542601129826,1979.134872319478
90.1972498053376,85.27047487983027,39.121565904012975,43.11508970441086,1976.481060706338,1949.6162522505651,1039.226351451001,2047.9215261955437
92.00248709360102,89.72006523061944,86.44183068312358,85.18002315401475,2029.635372031559,1000.5317330929195,2066.076661276193,1996.2920912915188
38.769769127136044,93.34103930697748,88.32379342820556,37.46920971018092,965.9963362572573,1957.9405505650075,1020.8980196408677,988.4130321225447
40.21814174408362,84.1209114510976,86.60281457942332,90.14217057811796,2020.7225606880825,1019.4692111729145,990.2225979896803,2047.2670709474517
87.46148996754609,85.03169710001934,39.00474628898657,89.9671188587711,1014.4117564689241,1999.5422048335415,2017.2538429348285,1947.9830363566016
41.66212753467088,91.7006635995136,39.72900628166152,93.17221860599412,987.2091277524793,1973.8345688583677,2012.1541424321313,1045.4282133817549
90.62505364956762,40.01137886535776,38.83752635351888,85.59277954789268,1984.9389233445047,1939.5381200256238,1940.7427964544033,996.0065439338475
87.2622123833932,92.13455911748446,37.75456411633036,83.71033068594406,1987.9271500719033,993.3516738794094,1990.2089402466522,2021.934250185179
40.77837114149553,42.44488092537422,88.36919323602653,83.45526779950085,2012.318833257435,2033.6078604639572,2007.5044754651174,1992.41689395296
38.75311026054031,92.88602543484888,39.526920263869044,89.92631769083104,2015.0731949803292,2021.1221945310278,1983.760111068545,2022.2500990382596
86.26622884836665,45.41592915770726,82.88493166875983,37.910522623382306,1019.7638174896733,1991.239696630044,2001.9045692492048,1999.952263439537
93.73663418221096,43.561991337402475,92.57087904111448,88.75801959464334,2014.7443558403963,1997.5734774205484,1995.4255685425483,976.3411038216304
88.58009705889836,95.2884644686428,33.44132802511836,85.94223420692646,1961.1381030186974,1038.0809270733048,2002.1917004002617,2016.4542855476664
40.26579095885256,36.90515611142593,35.1208332182685,86.05816061526548,1009.3010943274435,1004.9692990620666,2007.2266692993694,2044.4669909804638
41.13522248566943,38.218896695737044,85.08276481160708,92.40274294371874,1001.9382590529918,2050.461565554647,1005.9456770629986,1000.6598687012959
91.385653916238,38.19256192921105,38.32024737217458,36.96870437519489,1983.8724585519271,1982.030871062813,1971.0903353316764,2016.0412722010021
90.86567221909374,96.58302207914227,39.60183673388394,81.24400660900736,1983.2789390647479,2036.645889264592,1998.332983364626,1996.706714791175
85.75834406939643,83.36282026355022,88.13897780156552,38.977241609369685,1970.230667254946,2004.0659931537389,986.6580702982862,2007.119384671829
43.917623474961005,88.30789052425716,39.738849820523,100.40012358349072,995.7252365703168,1977.2433585855647,1974.5823784382244,998.8906106370039
46.71239926288476,93.09211174654914,89.29096308373677,95.30142758330771,996.4421356819378,1942.2063841649351,2059.9624680908732,971.6277833355659
81.52924865755108,86.10085827975423,32.04069846146646,86.52476548472222,1969.9990672375839,1001.3370993479562,2020.6323811189845,2026.3227052278212
89.25668179090412,39.905493911313755,37.43262550664626,40.48718079635886,1024.1430911357897,958.3831688021619,1993.5322432883165,1962.8285853198674
39.91025012059937,83.5339326071744,38.528426143464046,89.61149379161755,1948.548084325553,1970.600020250001,1009.4879841270188,1012.3911708248406
88.257453669334,91.18268636563306,88.30301626976033,35.732543943768164,1048.4359054122215,1936.3874369264577,1999.1051516822176,2048.063077833167
41.42113859734539,90.9059823710776,83.194504916854,85.41098795786488,1014.8014533154351,2034.062759453956,2021.9350885788801,1987.8754221998813
94.79762711016457,92.19508092877525,87.7485990944462,91.37216727674873,2004.7260413585434,1991.9451448775976,1977.3532340486465,2018.1935698789714
88.99983128525673,89.01523992394229,93.76917703080922,39.2102212859907,2041.236172707652,2009.003310651171,2018.008454207868,1009.7785793157915
82.78989802759145,38.46800828817889,81.2438420487029,42.81895580912788,2029.6031810962945,2018.5925190386124,2005.322700604623,2009.6025917836091
85.7924156567267,41.400739288612414,33.03926724793264,91.76977345516661,1024.5724957946682,1961.372108909723,2033.8998083687218,1993.5747125334042
97.38904538450646,43.59243783058559,87.28751003774231,89.43605662498939,2003.942246026478,2051.066921347058,1021.5653557760897,2007.384236683296
39.195956723852916,97.87046943348189,41.850127408813734,34.00817016926854,962.1387907195078,1978.112532082068,2017.8109211859737,1949.8555552747503
83.64413699520362,91.63752636303806,91.16119650251673,37.65824712037569,1986.0850576854402,2039.1237029178878,2016.981146450613,1979.2495208817709
41.793361338508774,93.930884754303,87.36222833416186,40.01975444277372,1005.4449731287452,2018.468655798925,2052.0839000008286,2013.3267481524897
91.01258304604399,41.02848642974733,34.51219113335391,92.31003791395757,2033.9902692230141,2042.918080319065,999.817229346161,1009.5371038901233
38.58652962096816,96.400039996779,84.36038150121914,84.94787779706859,960.5142521679049,1990.8391892731831,1991.0347462568684,1982.7259163053886
94.43294719064312,35.86755926651855,38.35983190408098,43.18780864434748,1994.2129627812908,2017.4295319191067,1005.2357528282084,2058.174361008017
38.69625139691418,38.90642516608526,96.89548949839056,95.28853585137486,1028.7026335181952,1003.5687356093106,998.7947196278233,1972.1614054016948
94.02075879074278,96.52278903764132,78.54346938373247,89.19828431045302,1990.1839622355164,1007.0574444226875,1963.4823452363523,1957.8471775339465
99.2150817060135,40.54865926728215,82.36067470072297,87.00093238216024,1981.9909122347985,943.7917363336894,1046.5298845201385,994.900331486396
38.337543231789965,44.30466972254445,37.83744981677138,40.78196833819538,991.8697047617369,2080.2013619102627,1962.9271355149558,2015.2707195410367
83.4024140237027,85.9881396883911,86.87221678455383,99.39757213492936,970.5447683521786,2045.8015325314598,976.1540376758835,1990.781256365016
42.11900832960071,93.17421811191132,38.938242335154094,85.8150149124991,2020.8770238763354,1978.6550034506997,2007.1894493382235,1966.3477494262115
90.60251116505367,86.01360445985308,88.78855129574113,90.44457232573131,2045.812511872441,1009.5056554070076,984.5100669505687,1961.2337116470294
89.4838420446975,88.74089284162459,38.203452402424105,86.66338231829685,2014.8079205430936,1967.9450114895637,1008.6137081607629,2007.5294914828778
94.33789664286182,84.11797727006494,38.87340952503632,90.17970690609927,1994.1220295114633,980.7834646716767,2019.7951791446233,2013.662062979891
95.3320367570882,40.66028788732493,37.342496298766335,93.63330777813185,1031.1455120083097,2027.6704953379344,1943.919939163048,987.145883079807
92.55863693386875,41.099165105632125,39.10224950985159,43.6375230332323,1056.7078303929698,989.2029896267215,1943.7346209507048,974.1780539711365
93.114332398333,89.30937481757182,38.60089033131925,37.54146283583502,2009.4732785530803,1972.344402976657,2045.2409938867636,976.9779993327429
92.17916006223395,87.85826177551046,91.85547852561403,96.53180553990934,992.118502185532,2031.1202907985828,970.8952706787859,1985.010498566244
91.08745570473657,99.77771829688606,85.61019804155214,90.27863785587341,2029.9802399535097,948.478485771654,967.1483134592863,1985.4471212961912
44.42674401093967,38.60365207218702,87.24091860987785,42.17631372036977,1990.8539979703462,973.4358147645496,2050.926080193095,2012.605113235625
44.96237080077552,95.7043410113435,92.34301472074631,97.74613380635522,958.4495179528127,994.2664834087191,1992.212072897809,2045.255016800847
97.0070730112003,92.6662518985635,44.133609409969914,87.88188585688204,1970.0730911585556,977.3073127921311,1994.3032181271367,1017.0284832444286
42.531606800262395,89.5337528437132,95.36166921216278,40.654384705014195,1976.000603409696,955.6388008183483,1999.9680809670115,980.923607778291
92.55236330771505,46.04317323064981,88.70978261645386,39.45107403718859,1988.3481805590004,963.1604153468807,1003.2876495241119,1984.0721987651282
88.84267077612421,97.52706047752821,40.8200248976582,85.0661746411406,1026.188239550893,975.3819181300546,1977.5116230812482,2016.5836634197717
95.3973343713227,37.829764620686916,85.43812417967405,88.08499137195794,2038.3319841862435,963.8741096231558,1032.4607910227483,986.1294463709144
93.04494258640946,87.58008130068792,34.7403405672663,90.15629412840167,2016.1652261684967,973.1743580555006,2013.6766732561152,1987.8534048103509
88.51185271663029,84.1537738321983,39.70511536069654,86.19774725552269,2045.933320576784,1979.5580255182695,959.6347306410441,1006.025099962393
44.31103789151643,91.95965592046133,39.211724611637294,92.61986693523991,1955.6605955419543,2020.5351959086631,1015.4164592624677,1029.044031687564
90.17561823222665,95.9533861218887,38.16812005321792,88.51341001529083,1038.5458325059644,1988.0113754856498,1976.6912782684801,1968.0924987568626
82.88981785527491,85.53852239103718,91.45356432416364,33.15879614149597,1993.5475099292673,1960.817590224564,1002.5555454391604,1991.7586866211634
41.57418015680598,40.38143265563673,92.05173583167752,93.73590974160247,1010.2433839484662,2041.7348483839721,1981.808902879345,994.85212147162
82.8813287794853,91.5132928774319,89.03124255668746,83.70989366534418,1967.9867262281964,1007.9624010169507,1974.688450742363,1018.7575694460053
35.09711207354887,39.5362869079471,95.42550176193413,88.90183155889345,1011.4731502855427,1012.7127646589686,1941.461457736522,2025.1624413454815
88.29594819737088,41.20877163584647,87.22223286413882,94.40381794795059,988.0590669540925,2018.7902440860803,989.7848954972187,1924.3977087714939
40.67176935489735,89.96363592595377,40.538458434064026,87.52472805233226,960.9289001311554,968.7120786833711,1983.8838860562528,1969.9849040861504
87.42363673291038,88.21326332233879,90.4986356366421,81.69786441469262,995.9890082439279,2014.8763170941431,1017.437825538972,2000.6144992225943
37.81052595837092,91.67851081757519,39.384233406954785,93.0462790154807,1047.4389305606212,974.2255164811841,989.431006195341,2028.2803903351294
41.40545935270097,40.31982620438462,41.28870678218381,38.52381547046127,1034.2753482577468,938.6538180426106,934.223749084116,984.5932911066525
41.146773380707025,39.32408364952178,96.53835719329282,83.69832006014441,1005.0277351857135,2014.4183132683127,1994.9783593172756,1963.3699845514327
36.1894674903872,83.88666297634096,38.821630716149315,37.06191436265705,960.417695293185,1991.9926374639101,1968.6219807497437,2020.1811826273793
84.89266873404938,43.61113375284165,39.74943377470855,89.87135275666597,2017.2483024279231,1003.0789131027909,1040.195416150552,985.1098040340894
34.46016541044745,95.07119611180774,40.68165513155638,82.49858106973512,1954.2853047477488,1986.7022309268227,1956.5658535576545,2018.1611450705977
92.14227672690633,42.908217685833854,86.42979922311507,85.58095946314415,932.3054141488435,2036.2626873019303,984.7313584066228,1976.5808552503968
93.14954906622269,89.11334556522624,91.77056843218385,40.806730945138,2010.563237527348,1010.5441937874241,1008.9945977044786,1023.8958089883862
39.979378878986935,78.9414370189561,35.88100782241976,37.788707894801036,2020.2208330905692,1017.5194282153021,969.2273838606592,1016.8987635729105
95.76528980699632,42.79047058453721,89.3097399851621,86.33538203667672,1990.440431567525,976.7802126886575,986.0104059833327,1933.3819921226454
37.88820162563428,103.7041377795627,90.4819795954103,36.168243088512654,1944.5012774113143,1940.661866369457,997.7840044919099,1995.5545715759972
88.26027168169169,40.21220945992067,100.68500476989223,91.08295003010595,1041.831851497357,2024.1859394139206,1977.222684950532,1966.9796443133723
88.64915682724963,87.40019117038683,38.526889262494095,94.28425260767851,2051.446017945345,1993.0465371349794,984.4091840379242,966.4769642001365
85.2519459376092,38.54313652907937,37.21512726682536,89.30146701850448,1004.5449094506698,1993.7815886881633,1990.282173668976,1971.26534570241
39.341093146444294,93.15668238830482,38.90848655949945,95.87216367298038,1003.7912102906148,1028.9830613665622,2025.804970891501,2014.3322140495857
84.18927566721717,36.98628035161637,92.2737255497937,38.364805577889605,1005.1967350602033,2007.3815255539698,1975.3517931799347,1025.9248855581043
90.90334614252458,39.16438228402301,94.20650813996647,38.570128585027746,979.570668681893,1031.439033359607,2035.180831882297,1005.846598329151
42.776007378880266,87.25131283250043,95.46790252055756,40.05168804347113,1990.809816465984,1950.746813119806,2057.43561728942,1965.4930063114662
87.28805076771876,86.19722479600635,40.486420441343526,38.395154026985324,1993.2534057797563,2019.258830582151,2000.0203570287224,2009.6359572535116
86.13296142470253,85.58583607461293,39.33539419206806,36.94501253132675,1011.8618785818813,961.6205365592759,1958.7166812802666,1026.9338647216773
92.76046048227613,94.1383703900118,90.57631032397404,90.56475583858969,1001.7993308244236,942.881849679943,1007.8217928906732,2002.9932406106582
39.29904741235745,86.47145680871915,86.27945995543273,86.75742594692751,1966.3677053035904,954.1981674388005,1006.7543768382468,2050.8954071604344
95.2790238831132,96.36105603538914,40.45629023978063,39.05713257491058,1982.2115669128061,998.1730254828756,1984.817831128776,994.4911578074434
44.15843935715327,43.178008633116264,85.77223273428505,40.64677951175418,2001.2677013105147,1977.297291708899,2039.0989642316333,967.5881498601846
87.71056220024155,43.50961056072363,89.48003585064998,37.15940522469671,988.9577320746919,950.5205254159281,1992.5546558305216,2023.3097964921399
82.64887911902686,84.11378767038843,37.857988893725064,81.84163343125834,1975.7506042067207,983.1469115739469,1979.6785869116313,1016.6703951795855
89.39366025795935,85.08436299311904,87.6845934407636,39.9408167941411,1023.5537021482148,1976.856535417471,2003.5046014764314,1991.9104904713597
97.02353761392978,89.66304215390062,97.47891392840198,38.79204455451922,2023.956670941196,958.2136770589118,1979.022387524021,989.2530596693302
39.388828344670195,42.10379768108051,35.13448677251502,42.25963598500999,1071.377437300405,979.8005383709273,999.9555336018201,1984.5984542785006
85.03813565250826,40.9242787201604,92.94088834912307,90.37503723710083,2000.6105474301328,968.574194742257,1024.272441820815,1040.042746266793
89.14426557122391,39.308708627488045,96.47218195133951,95.27046456016147,2036.2885557937987,1975.458567371215,993.0341859625507,2007.4024107280798
95.0405627184866,97.76793683363206,90.58213824996274,98.85557402181453,1034.8405441938648,1962.2587619905985,1006.4879614516273,2000.2758394729547
34.48673052013607,93.19846686557322,92.94080689299717,38.13150512938256,1965.487683489541,1974.6822535176655,986.8355715917608,1971.7984714367406
37.82947127057799,89.99373274124179,37.346684566217306,37.708183811436264,2002.663615855107,1969.1952443302139,1997.1113730977909,1991.7609260209724
92.37809463600651,90.52843109511652,37.73466945402461,38.431130214008434,2046.2847079381331,2034.6967973851147,1992.8535872595546,2015.257138641026
40.453348046328784,40.21543225729946,36.80779437702569,90.60482134108614,1024.192267632155,2015.146817416762,1969.5927848711033,1967.5054622352097
91.15259425603392,93.39761533149937,41.772979941506264,92.83453294795692,2004.9939132717548,987.6607860350855,1998.3289057712543,2013.9559796362585
40.873969240688,91.80204749288237,39.6228381526936,39.0019512028105,1986.9670964767918,1993.9155581956043,1987.4760127951,2013.161214890279
93.2948783330127,90.36216827643071,37.79041935565425,37.338028909450436,985.9970524468006,2016.4949029630661,1984.0084252064992,2018.254941757592
89.47354064180873,41.07245413466139,36.624724879587404,91.68381741015605,1983.749352756352,2064.1698371893535,1036.1121897423432,1973.4138882531695
43.23217511921216,91.6131150879388,88.33584339033929,94.53483031269197,1014.1210542627947,1021.2632548598316,1028.616503315719,2002.1290380279106
41.37383742344451,41.58453820706835,88.2964848108509,91.5786614730435,1983.8530202397712,1012.6775792791694,2003.4337400193672,1989.7896080531702
94.48653795101055,37.507268818546805,40.45838008165403,86.29746614414722,1953.2599812850513,999.5537786760965,976.5836986450836,997.9270047031855
86.21373139528588,90.99964668979517,38.876197830020786,40.54429544825348,2006.4051612388866,1028.3641774939258,1001.8467361272385,2003.9082180125972
92.82151230623435,88.16113988163747,90.21545189936268,39.64630141165924,2049.828966323897,1033.1881271550014,1996.6564098150893,2014.0186108004325
88.84442911389509,40.43650981813256,89.36669221168988,93.53022902020437,1967.0742612187391,971.8079857578989,2013.7571187844605,1015.6560418366114
40.91711523486123,90.86289167940672,84.40457857992739,36.25250688534356,1971.574643758229,1968.1007057488773,1033.1784917466955,1990.699502520379
94.99279537150383,86.2007366745732,94.51301903528717,95.47516676281992,2008.060043107546,991.911591115298,1042.972597192766,981.8718457748789
44.25788743797666,36.75155898177794,89.82008234524895,42.76537581109143,2000.1537488318465,1990.9065893361317,1970.3787823109526,1987.9294768050875
94.37699432264894,92.18234186433786,35.409544950883884,89.05742977661957,2017.1480129060446,1009.2115583850763,974.5612372271727,986.4378075765435
43.35326655246371,87.34610433085233,39.55319772023924,38.46738397880318,2038.8814842690003,2011.8904191798356,1978.0964534849982,944.2562038727442
100.44965379125358,85.15351893970546,95.48271332325714,93.56684075463826,1970.7030369468596,999.0254226056293,1984.3057908900855,992.9118276416368
36.81936396453578,90.1913607958047,93.89617072133329,87.70204473486116,995.0062007638128,2012.3848410175851,2038.2129429897577,1032.4123341964455
81.01191922559872,37.920625825143695,93.36645135299084,38.1971851146357,994.4407538006984,2014.1222908413292,1992.209063027746,993.3423938687481
91.5678727685391,88.72715678817862,93.46660110764819,40.48254806076544,1025.3601892301504,2018.9512318701409,987.1803376621997,1032.7050529207527
80.50744028864297,43.37441578587634,92.48716723279391,90.89731186287715,1956.507361398898,1987.8227163793586,2015.7241560844286,2008.9665743242351
87.17573033574446,88.160179290801,85.013118727971,38.99836069970981,1983.5319914622717,988.9556564150856,1024.7232685537901,2005.2441933286777
96.97725951836235,37.37343602471398,87.60201860727244,38.798358223232825,980.9401177487945,2014.305222633442,1970.4654377233892,1009.9340121587402
87.13717224706022,85.22387670058968,98.07495723899734,37.23844303549451,2074.834241775869,1028.0751865761786,1969.7295530186877,972.4399193841307
93.80938025599123,44.266072386823595,93.42239474813303,36.58589100184368,1975.0464633937238,2023.270457972513,1005.381196032032,976.287253789883
40.12261525146227,42.1010434077308,89.45769959762573,39.667578348267,1983.1656649531817,2065.013421228749,1016.6489607091278,1022.1779502252032
38.39834510883475,77.12911482008653,39.73092411636645,88.77215898323418,1006.8897705297017,1010.8765814602662,1002.075570522963,1994.4159520857286
80.97985393915828,93.30788728993188,37.69919446309069,89.47306084728073,952.815232149659,994.0998418833262,2060.7308975361957,2004.288601072061
96.26310849056314,86.3511035209955,96.48108503144877,91.25019557720152,2049.671685799644,2008.103344512483,966.2701019123936,1004.7993285060797
87.68270716222409,79.90577776211984,95.56318978087451,94.18948765926042,1971.4535374944612,1026.4854186103162,938.1318352780941,979.2029274077938
92.44716532282362,93.12927693561865,97.14645279060038,41.18007110338332,2009.8869653444128,996.7194542574496,906.5062767717263,983.9358912050359
98.84349488543438,89.80231631783415,39.73313674487429,89.99288060284162,1970.1353876207988,1005.0442591303645,1954.1594097264094,1003.0071910998569
38.97299487869269,41.0886595033476,38.71117027035497,94.23996858499645,2037.9895645612858,1013.375472489036,1010.1095164825466,1973.7003196456792
40.70770978825405,42.693719912910154,90.85427990832821,94.17247478361979,2024.617623019662,1947.8891417637878,1013.6313649661261,2034.9571588437984
87.28961475303825,92.1017961746832,87.60701115883225,97.0478233555792,1043.2195226430752,2019.0541161740937,2058.2506854445287,1987.3770232661068
90.0505706963484,88.3665002813625,87.78550366091491,40.98362052570951,1951.5532792150893,1997.1268491191738,988.796606783568,1967.6593449017282
93.46088714456789,96.37289826155292,86.8768020579726,100.70480264467209,948.6270498050949,1996.5725938502233,1000.5362452905881,1977.0936912681075
84.40099898423503,89.1875811265239,103.08661830012687,93.39938676821116,1926.737431822327,1991.31090211202,1988.390609964475,2028.1455318277347
35.22239506663354,87.6867924089499,34.33844602222902,84.369277631433,958.5584600772839,1997.6603171815484,1029.2693480334947,962.7281977682796
83.37200304617525,39.18011112113216,98.65752138097116,36.483171836705324,1990.3161038171436,914.1884671444519,1993.7995090757465,955.0151736036687
36.1342036175958,82.69589278601205,93.89663949765084,86.57453991150233,1995.7191967063002,909.5346265297335,955.7633953058426,967.8049060265972
86.83725646799277,41.75121585034307,39.049835137149444,44.70230671307394,1971.9822073952366,2016.0449275964186,1943.4037378807814,981.2861240779606
40.00002612502449,38.717780215856386,42.73811403357966,87.14517395586202,1010.986609020129,1031.9659111862898,2036.7306656011117,2019.496870968414
37.24971496683922,99.30105337935666,38.898884907200994,37.324274283515564,993.7905062269298,2015.4773400447614,1980.3722587702619,2053.9951788790795
88.2035893866633,93.6107383946413,91.19656959529904,35.494493460600935,1980.7716650673008,1968.1507583206985,2040.2951250299466,995.8874578386203
95.98105019399192,39.96511138779867,96.28641910023732,83.5828454843437,2032.3252280698857,975.9191977244811,1000.6027383172825,2020.522868786938
91.55779522538086,92.96960257134157,41.38165164401741,93.47010681528914,1000.8029911094882,2038.9191653759503,1993.5623203034725,991.5608975795834
89.65588501279959,99.42598630139709,84.88830475354402,93.55770869400122,989.0080972966337,1999.01995613924,1038.481206309153,1967.9454882530104
90.5250314185111,96.33909816175347,41.625047364451746,84.9960868385919,1983.7873789010018,1964.152307999208,1058.9531904343712,2039.8920655103834
81.41641041022281,35.10095225063792,91.89765143216384,44.78656845386965,1074.6618057336027,1965.1758975673813,2048.4644329211656,2023.4703615158844
90.42450022176129,91.03421869063635,40.59111043499006,42.78630477811318,1050.3362402709356,2016.3072022037602,2011.4883592498802,986.9306727347072
89.09089084011596,41.89465727941064,84.74839389350625,95.02612732107623,1029.7313593416236,1925.4783375461118,2046.1280039241242,968.4363089372171
90.15627818034767,41.216945639238766,78.07085359371621,86.51757283157175,1010.8497802229986,989.8204017885123,1941.3049193115598,2012.198055110319
86.23329631719264,40.77427078882643,103.04960152039502,36.92649565444745,2047.3361060051907,2033.783701844504,2076.1215705754744,2033.2622980375302
92.81696220515961,39.82279606467269,40.75596314479885,79.19095224317729,1931.76373953929,1955.5549149769859,2059.0256568107534,2067.6234998440023
82.79788770748593,87.50158238567532,92.67018156181969,36.388582144314356,2033.110258341638,2031.6498939781025,1997.794393901899,962.6049459815858
36.00769479280072,96.3656584263683,90.96019882999387,104.20116194195393,1982.0357875890552,1971.872338051672,1003.4604695315311,1963.7318831118096
37.82163677040963,41.66379629870602,36.33975802279482,90.24846772195714,995.3394823650783,2005.5921567380071,2046.4438649442054,2013.611914591023
91.27287822236899,91.02474175300999,39.1471163986364,41.00740032572284,2011.032424470207,1940.0160706770587,1968.7296460067726,2019.157869830048
90.75581725327864,38.76329238719839,95.28459746084162,87.53462238285248,1984.202672291549,1976.3337834097385,972.2416859412876,1031.8127248183296
91.15262194402797,83.67296262751321,98.55839702550762,83.27823091445855,1000.1909392397031,1982.8736788081742,997.0699973949503,2010.1624694371217
40.18570839804437,89.63988951990184,88.56805516637324,88.00893613137048,2000.9163629810887,1964.1199315587673,1013.7914148760403,2040.6452786709392
39.465781364878026,97.6883994480593,89.20564606842473,37.32902829440397,2045.6333768965965,2023.8766035830952,1014.5524666645521,2038.5993425728448
38.17726638541137,39.083975655910294,40.69877252525335,97.10380193229865,1962.1909949893989,2040.5767814987125,1963.48758546209,1020.1543322363059
91.880049990875,80.7972069484469,96.09753954288668,89.3195528923846,972.4412528602054,976.2084029338666,975.5470870779332,1988.8036519704742
44.162257893301444,82.20460928758988,89.6671349240708,82.26793765459975,1993.4391093814418,988.6032296013311,944.8688104456203,1021.4122075932628
39.24889172361745,41.26854432305845,40.3120227924374,36.7317479987575,2008.926048547666,1021.3643842704612,962.1115818067203,2021.0615717537332
86.04483512350443,87.26538373348734,92.71286507730939,92.22719312043239,2017.286348653674,1022.4843532367149,1980.3569228864783,2007.2225690834518
93.02303860560788,87.28056778144655,91.40792583805825,35.4246319276827,982.5689293008504,2043.793323589134,2009.9186865857018,2045.9264304151861
104.43878638102082,87.9422816031411,86.71725703029868,36.77289550213521,2013.8778431675212,996.1913047793037,1003.2645961862086,1991.1455412522998
41.49244400959457,91.23680033112907,98.81685885160404,85.98987948637111,966.5302470038305,995.979502724229,978.5004097296842,2013.0165641012593
89.62333123888921,89.5292154762319,89.6598322293789,88.52440795242566,1970.379402228909,1965.2518393987716,2015.5020720686875,2038.849885748042
40.443530236340386,94.00979238029527,97.12187425918805,42.281625200438164,962.9837859215927,1963.4981369541874,1976.1224748534169,1031.316813815888
96.39777854362694,92.28333436502865,39.190279320901936,38.665044975745104,991.6062688343734,1012.2848096555692,1980.7445603399435,2023.889121250701
91.90371077923257,82.9469651481037,90.6333460682797,95.515001777189,2028.5385749334678,2009.9252286683336,986.678056392344,1955.8428620924587
103.4924717882844,95.485653665941,93.47107493985054,89.97144428376157,1028.5852020840548,1005.0537901180007,2054.460943386687,1015.6788262406887
38.39836328767278,86.0478573099916,41.3143955722689,38.11632558977167,996.361274719325,2002.3824139012956,1935.9197555499043,1047.9422486950398
90.66565603417004,90.08581474412735,39.42062445628923,39.60734954697917,982.2977408409186,1946.918669576647,979.7413747389577,998.9230383110113
89.92900660314687,86.33865158064921,35.74531908618412,90.112448182532,1967.2637826159814,1995.9209885746573,1965.5341124553572,1976.5101850390502
89.57619353791767,41.06575461578414,36.292617372807804,89.6238733388752,995.9421935086775,1980.5389792549372,2024.3429388516427,957.6488628989287
86.60948303398578,42.022696160214984,37.67714770637153,38.25732451021842,1026.2207831092614,1050.2706541661014,2050.2374826499786,2037.909485359066
85.79129175090658,88.79324787133733,92.09952150692473,36.88514473627538,2020.6989214327125,2027.6560306739118,2063.419499982913,2010.3106521948812
97.21679765347453,88.07721314080796,38.90017725518705,94.38254463764514,2007.8002910255332,981.447190445889,1004.9798657657484,1027.907886613562
90.21990899992161,41.47739636130369,36.536099000152134,34.5865544990069,1997.1947856205084,1945.390564404807,2022.2613772438192,1048.6667537533904
87.9888639067717,40.40482730340135,86.76166725252799,86.54268967539585,991.4213472646034,1985.1644131336916,1961.7319274522508,1009.0942090323995
41.06934538118095,81.56129720854993,35.33204803045305,91.74567230389883,1913.1922330590362,1982.5022968714425,1003.8599243556516,1007.1384997066211
80.46948497109484,91.63076053286119,34.24683389581741,96.77214187528003,1067.5382954895183,977.6882064103096,2029.7350380972555,1007.6258355537532
42.55040486331883,95.2767934922722,37.136935522644706,36.53516028581815,1058.9600051773923,1995.7094587538477,2019.3499716706158,1986.9800181030062
90.5032239156848,38.64297221337488,85.96502039914367,39.099755383743826,1026.5492022280275,2063.1496110459284,1996.5520814223396,962.0551896091188
40.14677010906068,39.12086539158568,39.26778308006645,39.698641930198534,998.327210835623,1985.9004556976772,2004.7503217256146,1964.0566265295824
93.35657714221364,82.58701264203258,81.1253173275145,38.126602910734476,989.0752521265676,2026.3866932736148,2036.958547602553,1042.164005236983
90.07305283636147,88.25716949536115,94.39758642861668,101.92413457214509,1992.679181250464,2012.3303095880588,2014.3359035767203,2026.922174048874
44.47746525522949,93.65810272540227,41.158719019746314,93.39461423666224,2013.4782763841436,991.6719067724393,1007.9182156557017,1984.5467744547361
97.21765947656766,92.17509304475837,37.060671029017826,89.2369579156132,1017.0888610322279,2017.342275443698,1961.6803426547467,1991.6172106850306
84.48786179740817,39.171769014933744,97.61103573656193,88.32713926622421,2041.7704798134484,1026.8257198918286,1976.1414762526374,1007.527674007539
41.17237887517666,91.21567791617173,38.61819283568141,90.0748597420783,2000.4929800032908,1026.511961904825,1009.6085106856785,2023.7266894541974
38.607380304055596,84.0513538012062,96.2349018169288,92.0466415253451,1964.6162588152995,2026.6191121643146,1957.9914736009596,1020.6762575229073
40.46512367126401,89.33611613250062,92.04852777244444,87.95187923219103,1985.3679295946813,2006.2037485814105,1016.1833153581756,989.0505848191931
40.01228344031206,89.77538793488976,82.60816434103572,36.93249979860265,985.4903826114834,2012.4608914505086,1973.8585452075483,976.9212792902781
38.962072532280814,93.77404559612383,95.09739580737316,94.58641672110747,1959.8391377511925,1996.1866060418372,1987.1926313697475,1973.6972469762468
94.24452102444187,88.30773835702388,91.233011338233,90.72747068016909,1023.9582674854198,992.8948311968029,1992.5454848343488,1013.1654594821748
38.82500932352913,93.87054856519879,80.78309390402369,92.8087064023222,1039.4597475608446,1935.3360002876575,996.975269546022,2010.4514756660233
92.4970110571916,46.832723676324996,92.97192337205334,40.38379772483615,1997.5323594625054,1992.2801519610625,1974.6585798972892,1956.074445065445
35.422291556092105,90.23261867655386,87.6121770937996,88.11341040467612,2033.0869361153614,2049.8639157121174,968.397255034494,2014.5303710612425
36.46139610274106,38.49284838292901,38.88967073951521,90.59991522718195,2027.4351540461373,1947.564440632483,1995.7009919519367,941.0063295753027
87.65966603136168,90.48821664605791,86.4070835076078,95.28334497938702,2012.7644668879,1960.4402337366314,958.9539509114595,996.7144413673295
82.08120255865641,39.73165336125844,90.41476779256668,42.47863828675662,1981.4902027717142,1012.5661275772111,2000.7624297050045,2001.4556413404482
93.86118298594577,91.04722094620529,34.57119482228136,38.07571265546203,1009.8613952204444,1943.002125114407,997.592095561701,987.9453164144898
91.94985104169494,84.04370916228919,33.45452379685333,87.23853171671907,941.6697624035983,1940.8229209010194,994.3238140146339,1961.2535482331668
87.1744718889575,86.97971466253047,86.00669819824384,77.6213887943594,910.2703739826716,1028.244354236278,1995.3415359275525,1009.1823778369161
91.6428546279783,95.37879316696277,43.977303112342824,87.2155555265096,953.3155930437576,1015.2233737376832,1983.7641859513515,1007.9633688631656
93.17975871649351,83.58135203377492,89.25220759487392,38.67577462320908,1996.5811422319305,1958.7704947539448,1997.1617788676444,2054.7747296176863
81.90612442618242,95.26880342858317,84.30641265935286,38.57605399460659,995.5814089678263,1016.5492837189742,996.691744132962,1963.8239735849445
90.27072581566803,36.91359340213974,39.1829655410333,85.72706024017187,1014.1987649851174,2037.1436992395538,989.7619990605258,1001.3987176108974
39.02392967995537,87.43650046886201,39.52035334082419,81.6704080879738,1015.891146547816,1936.9159620919418,2000.9027653971452,1976.6171108354456
96.36732312937123,94.21407030684595,86.55993138040289,39.36208182491849,1018.7312795950845,2005.2200601844897,1990.2150995464362,2028.2646213989872
80.6504832639862,41.67924532324464,93.15956707708477,94.2261346024089,1041.83334455459,1975.6851697215684,1941.3492678242897,988.9751731995011
43.13268513940668,34.63256902996592,38.26779385078467,95.58436325392027,2048.933421804442,1951.6558279376559,1991.5859479008848,986.4336487994983
99.10129022720305,87.2568562964634,35.501686591801835,91.60078192655772,978.8404626307292,1001.1560895154353,1034.7346669721082,1974.7344797690605
91.491815064021,91.28370647942192,38.2984407214728,84.52176974048838,965.7147452072463,989.780595310651,985.3868877700277,1015.1884144590713
40.999692178598885,86.15542823762982,40.41142035421116,84.55788313771046,970.5314374763582,2063.0535340150573,989.7442607293141,1975.0393004984644
85.46715015499272,38.4076700684617,98.55222385964771,90.50360351159682,2012.3423879861668,2067.4991561022175,2022.3174575046648,1938.6564125490868
92.48933239079346,96.54749096646235,36.619947857335006,84.28768811780708,997.1526383446371,2030.560731102036,1024.4418969906199,2053.759112980836
89.53047669434497,84.03017590771209,87.5737647185273,86.55956430633336,1973.527085966388,994.7189706651759,1005.1649924987859,1946.2180402106242
86.36904250849418,89.2602157751231,40.80825107001347,85.44976836573274,975.547690528806,2019.0832099740046,1014.9520832219862,1961.652876648849
41.85416023088432,94.59519890874832,40.411377567946644,86.82953743710988,2005.9344034501717,1008.729372753981,1998.5685090990398,2030.1230904494596
91.30264330951154,41.18246618438977,41.04497579307642,96.200575782102,990.8839731666862,2017.4779200376358,987.2611808374265,2036.682867954224
89.06265100887819,93.02538592570427,92.06989776102398,38.132754525496736,2005.0539797788297,1025.1291107788306,1001.4185644476217,1958.5035008247348
90.50053334087323,99.05158946542653,96.02468856087015,91.55718205650845,1974.048727604909,2011.0027573029556,2007.4653925060775,1012.1847637101394
40.02391074853915,38.03427321519577,96.0699639792765,90.01006154589946,1011.1789224537741,2010.6568914432523,1981.8117453568625,1932.001612460781
38.067852365948404,41.0446875311286,90.61391589484747,85.89643522498159,994.8490306347783,957.4368378437298,1001.5311458714425,2042.2672751126336
88.606721533052,41.45221700034958,87.02173782527912,91.88990580785327,975.9761641006781,2050.46196529372,2036.4211382790475,1963.540067750255
101.27731350038435,37.360759618234866,91.72544116120476,39.37000373285957,2079.4360319589855,2018.2346773961558,2051.832259426393,1015.9028724196937
93.89912518445605,39.04898796331218,34.66407631591139,37.83395580671514,2037.658036084868,2044.5343537087424,1958.615529983739,997.4155034744799
36.630008980703096,88.14969663470583,35.99672444642371,37.730759628811725,2007.0395987501902,938.6222140137531,994.1721409809558,1018.0571932879429
87.24315978272362,38.40630873870697,85.9109084610459,38.737637412119206,2017.1733851987267,2004.3735628489715,1975.2422900976019,1005.7721569967922
89.2836434602862,82.63130868524219,89.20430276453291,39.009379416992516,1961.0292915070277,2014.9598728095384,1998.5673651504296,1947.6136791923554
83.54448008917215,38.78033427988105,93.88752065038194,38.055992975648806,1028.2138664606512,1992.1370931594192,1974.270152114824,2011.0711153227448
89.52531002808477,85.11968912833143,91.64911734996173,40.66774837127245,1995.1874592442305,977.1376897614246,2064.550882448254,1008.3847514665142
99.20032200477647,37.18675238046856,87.20761511441609,40.18539288984516,2018.3864888600094,1000.3659746953541,1023.3778906729497,1969.8516887184142
38.36394131520346,89.46564496593494,96.48466870731279,37.268698803921524,2010.806154578374,997.0016921076755,1988.879362649602,2047.5241050067425
33.874486500495436,44.21806307459627,94.18262251236494,40.90733403191483,1967.992476368957,1009.5377758270722,979.4077182829484,1974.0795867240552
33.6536811207002,89.60240920266332,89.51207701573266,86.05697203160754,952.4835405321362,1038.2220446071756,2025.7782034479674,2004.9049249411066
36.79229624167378,97.86985730196112,37.50492000725464,38.881761692988135,2006.0018881526319,1035.2911012132395,995.2305238425272,986.4822895920261
93.6684325094462,87.6563591775688,88.5588098129392,104.88734987059081,2007.6003970626523,1921.5295827658103,1010.2561413472004,2048.768639144581
40.16358248290521,99.76289028877085,99.80753934854567,40.61890263099107,1999.8547855225172,1039.2611854928439,972.2680462568217,1993.5887259906983
90.88916448319819,85.86537828355912,90.8132782016025,88.17510369480301,1975.4634543461102,1955.740446865329,973.0600558641602,1015.2292224194236
38.996825778818724,40.8588526121674,98.47297607094617,37.46042902703878,1018.3132425671961,1988.3899340346043,2023.256971701658,994.2963571703566
80.58679697285037,39.008547750823595,90.77089428349977,34.58424334657366,2035.263002642278,985.6921060142884,1034.4361095886866,989.5592315623715
90.72351979442499,90.4998920743731,84.86311325664374,82.52892029334723,2007.6844175579295,2053.1168266624086,984.7830933109008,2005.3997159097696
100.98819055817903,94.79274004753907,93.67025183472501,39.10230750162192,950.0282614717867,2007.0197136277613,977.13881589122,985.8302377925622
96.01087081509786,86.73905228379171,93.02022546933493,84.17312378164183,2032.137533981179,1005.4198067636488,2016.932957268783,2059.8145077541503
85.84873236689289,40.17793497152766,87.32032077789493,37.53764827884332,964.3183073236195,2054.529534812811,1044.1879987150132,2011.6883394019626
45.53472943427695,96.4883184783551,98.09937357123795,91.78010851801841,983.288469478558,2022.6652061957052,1045.1036946235058,2010.676177519448
45.78050678538526,38.023108266589354,79.97376483239627,37.006966704317534,1010.5842514095115,1949.8531431533493,2017.2820149938032,981.9973897146469
81.95989852432015,90.72370122087716,91.1247089116223,38.42936616444203,2001.7878309239568,1979.377831950687,1965.5899176134915,1987.408251194669
36.108995344652115,91.1749139142491,92.88853306767277,84.84366631127833,1961.4251205491162,2028.774587160275,1983.8737181185327,1985.2750483752047
39.05890604133363,39.661992025894065,84.04402865588492,83.33069349536451,1980.7345784995139,2044.9802466500887,2032.2495972522877,2014.107296415589
41.0027321277302,97.49255004322015,36.669659793602676,91.50988968595031,1026.2393326933466,2035.1308758197179,978.2544314138404,1038.9298718026644
39.402849971730895,45.086716032448926,35.43138132659328,39.778759097599504,2023.5724605612374,2033.0994716220544,2042.3295763195356,2023.5166344041481
85.43599879823732,41.87358628755395,93.17699701876484,41.26749631445365,1054.1801715808208,2038.8874386095838,1025.7227973748509,1001.5645724513088
83.68656627643445,87.5811963686363,38.9408496546379,86.32169149751434,1027.4629634215084,996.931990954256,1009.8150864831332,1984.9228007855793
83.08756849706204,95.19010323158759,87.94978404335944,39.04339436306438,2005.384860633417,1946.7560512410153,1000.721743432239,2020.137752033236
38.66389045527151,91.9790406683294,39.757614948448456,93.96675625632388,953.9825948708587,961.8517808698205,976.2927769068822,2001.687476606423
39.997111137124634,40.53467037322351,39.83591198775706,94.48151652240762,999.9767926758195,2004.281955735644,2033.6179561987735,1947.0914735438564
96.35744819675621,95.6120641074359,82.95699455067583,83.34528073963808,977.3696291569036,2043.9779395977637,1997.7521404936747,1023.6056316538223
89.10859538787027,37.63328161316727,101.0491188217465,38.06413747341925,2013.5157905174958,1020.7554366431166,2026.8480815574703,2014.7090481246246
89.9488195965741,90.00451268863101,93.4980694178939,97.04777522692167,2026.453621704648,990.8491055145844,2044.3168931885446,2031.070042435317
41.83744411111179,89.56775263870858,92.60935023182313,93.1995300127694,2001.868226447719,1990.6469555366343,2001.070226546627,1048.660212357401
39.8988126861755,38.583347201126756,85.6217169525649,91.28054765578412,2000.532482642276,2002.4062099832474,2007.7630242417786,1002.1627224053325
92.97208888586172,89.08992137080682,93.1181741214945,78.06507224611984,1994.507473912481,2011.0733978155592,2033.652752873439,967.479905712941
94.25368815746437,40.12946414847764,95.39967920044981,92.04862020977295,2049.485476192457,1989.7620345879272,2005.871908389745,1983.0652345382189
89.0335715146896,40.42369724272412,89.50265037480452,41.569313045233,2015.5628044996295,2046.3039498834655,1971.281678898652,997.8810300420373
91.84470979421069,40.213630921565354,83.75662776671841,87.12075299822517,1987.4143005939172,2003.7187663287718,973.8522024888479,991.6078063208276
92.47297407892772,96.09380041955481,99.63826713934506,37.08884994770909,2028.0205120170424,2005.4971259547804,2065.2786676810947,2047.0756230230093
37.43323214894346,101.44792540981753,95.95209718657738,40.81992293000033,1964.3557479966978,983.6073101216987,1978.0389912078954,2014.1501867404304
87.02818730299892,39.09393177142496,93.35743835739927,42.74334559379768,1013.8541335043976,1950.3133557469732,958.6284393897245,1010.5098958482666
85.47871306286872,45.06033422687989,39.736590385636234,83.23232651433625,2032.9847892100547,1992.7064121723115,1985.9903494347225,985.304136992625
42.99559462817582,44.68737575349219,92.42173059715304,101.8922395148237,1998.5983449902874,1955.704877849569,998.912928726364,979.1960296623106
77.37989084208391,91.32732762097264,38.19923970947572,87.86854714505814,2043.8377136933957,984.1218779401396,1000.4636994632292,1953.7199542982978
90.81645704611843,45.444406726768825,88.75320523720774,41.82035116235055,2003.0471394871154,989.6626444898786,2002.9620605422506,2013.6753588319089
42.19400512911763,89.93134350696913,84.58235916860559,91.71295811211156,2029.0745429168987,1961.1405600256785,1964.1123986659554,990.6859503711817
89.33699777761257,39.186983353996,90.62081376108871,39.63228134757482,2045.2547525992356,946.7946276416012,2026.4088017185325,1988.4379031636413
85.91211807158139,86.32588811029353,37.48322937461626,93.88740435368312,2005.9905033845573,956.1971908098094,1986.4926545501555,1013.5412800803593
39.625678001583815,40.982943005979976,88.02950598140629,82.56157379030334,2012.1878143682404,952.5593162549765,2046.9327027272825,1989.066100667991
40.52178666554123,43.432736314738406,40.46120569143497,40.18605905148115,1990.0597695811177,980.1403386951657,967.7079001623185,1978.822587863998
37.87316843034766,41.456404025471365,39.28180413796741,40.12980796708176,2040.2440847693376,2035.2984032017455,1951.717512355117,995.8369407922881
37.72348816756745,85.4346431603812,36.40033083407414,84.05320462574551,1970.0932781802196,2034.6269038297403,2016.9766033171675,2027.5773046020147
84.25820312481639,87.22782587490163,89.78341773001321,39.534109303792356,1997.01510819355,1016.5591903880393,2004.4936220626869,1041.9816538906512
88.61629844697086,42.45123928420834,87.73339466920767,88.41625726062493,2007.3636664674848,978.50611189145,1015.9749482475265,1035.0324393091378
98.91899172907122,42.0780847817099,94.57483167724475,95.72982634979567,1021.0096708765755,974.1192732123238,975.9134168063404,1969.2572019271493
39.3574916146428,39.61445488321107,37.677083047357904,37.446273484713515,1003.931326052451,956.0837927826669,972.9346895462361,1993.323476685073
83.84350639853633,95.6675632957659,37.4481945486372,94.40708233159819,953.603337965817,1944.0519117067374,2006.1403993798715,2059.457437782253
83.68918428865359,99.17154694035027,38.55474247435394,32.585794169500204,972.8309862360045,2019.7829180073838,2019.5207857642233,1965.966292539926
92.69328413559117,44.25267945905985,84.37827996535053,89.5175581319324,2018.6101731882957,2036.881984190445,2011.1081803690163,1006.9598557398781
40.21514044751511,91.54844499218439,37.78806663249719,88.74222332371933,1985.5034438525383,1984.193560425684,996.1369437971741,1977.229796173174
33.52928372133516,90.27246792529196,40.73767526472789,33.7576245952597,1996.661027905759,1965.7903595656085,985.5901727217985,1032.0162267583164
34.564619227628086,97.20059854171969,41.82604665099291,34.63574293912207,986.0100198120037,1988.8323122409754,1994.3295450495198,2022.2557129587472
89.92799559084284,89.21261792733507,41.65095721671646,43.289930262106964,976.9007186205919,969.5385803127475,1020.7477487795101,1000.2551734773813
86.92590389881299,31.932960172338213,42.39736484792519,45.537874124277565,982.9522753527033,1011.3108258297202,988.8786489874412,2016.9342576331771
90.06422368966882,87.88073154374794,91.62038127979632,42.45272604293967,1987.2336020479904,1982.6327589721077,1978.4024768722875,1025.5478032867677
92.35181598144885,42.069595069796705,88.36426589095693,38.10620556122042,2023.7520370474779,2006.4581511382862,1010.5389766675181,1030.178528021711
42.751407992779335,40.01685259756984,39.562135636522335,82.35642914588446,1994.2683456189725,2003.1082545406362,1985.0829208935681,994.8752070246635
88.50880154515546,39.72984692539437,86.47233845741434,41.19102117763631,1979.6865593155057,1033.3408888214258,976.485041281663,993.6149763691517
41.511316565141655,40.88842613032018,40.842873256161475,39.725489005222,1999.4510086767032,1961.1128670708501,952.5439648546264,1000.4048909392677
88.41088661607628,41.097802318948446,39.98842038835994,39.190732576763196,1969.853199300114,1996.7738080396593,1010.048016436585,2064.093859970401
101.19939965409475,45.15698947808799,93.08608699838496,89.89293492920049,2019.9056013180623,1969.182283467514,1995.6091350389781,1000.7207998699812
41.818196003582,93.64925326173568,87.63228526274082,92.51290042203762,1002.873375037449,1019.9091491976744,2001.0340444999806,2011.847353926361
44.08561759863919,37.99365818536934,36.15003857885536,38.52965699018448,1006.3400517514121,2055.8043772112005,1019.0815033296232,978.2578531348915
41.082123100098016,96.56291881225482,38.04917843097553,85.81222008471917,1959.7060410507493,999.9245037740945,1038.1008298307183,1957.4862069156266
78.5948001162872,43.48799705152635,89.04839922285949,83.47225978778508,975.8659936979709,2011.9703924188284,1001.1268944366215,988.9841519634174
39.911411489660125,40.06038190648741,35.660359689136655,37.312451597068176,997.6961533696611,975.7616600172587,967.1957609307301,986.9185589790645
87.24631716531557,37.4296983178555,86.92485181125807,40.258554700448215,2061.2497684971645,953.527999471692,983.318294681736,2036.8298298583395
38.44669597317625,91.74833894216584,85.86843601634152,41.57397658522906,2009.6704303649733,1960.5413197577616,998.6788657776849,2038.425587778808
92.82113170848005,94.95410488481146,41.88286553712722,87.76064236174321,2021.947767398389,2043.4240876668125,2005.0983936976438,1008.9418206053533
93.8731754968886,43.426682996152394,38.934926498869416,40.56711301467899,1991.9800295768343,2023.64440784697,1951.0760817865053,1993.3496161702906
86.2535904956673,88.60787054151055,93.410691348364,91.65337172364812,1960.2130446263195,2027.521828534937,989.1818630628893,1980.947173803561
41.352565890749474,39.699269641516096,38.904226201288964,98.1406488382853,2009.8966132056976,2035.0855112196198,1966.083499413413,974.8682790130332
84.96315312698431,87.28515133746227,41.16420152568188,94.84050117207939,2081.374785119606,2017.1079467774077,2000.2021831531752,2014.3235677762455
91.16821001924905,40.62650533940463,87.13751876234078,37.17246565671304,989.7189315311214,2000.8195710172374,1966.0621958857196,1972.7439834664883
93.9110357388566,96.01797304657954,98.4469107600219,106.83317920839538,2003.267906519716,1946.7503562313127,970.4920504174481,1028.7205950128914
93.68010527722667,38.891433782655156,41.01262011390517,93.72471870469906,2023.9798091711646,1957.6462036855714,2005.7720755044265,1040.3270470204136
39.200501443606676,83.43189958892766,39.992947731971455,38.410321466264364,999.4412100803718,2013.0115396742772,2034.3081858482653,1053.2953395748248
40.228192073383134,89.78690135628685,98.61249605745738,38.39224414539938,1025.1177630926388,1020.1818257546349,1964.6086413224025,1994.9202673882112
39.77460259936642,39.47123415997595,37.83397070302776,39.66635332489963,1995.0181511134765,1957.2865497241944,2006.2231892355348,993.363091510684
99.08268628907251,98.368922013899,38.30187925840892,43.03872783691476,1965.1535683428465,1992.5495883672202,1996.6981417335487,1006.2933715119982
87.22002984696603,87.32040152295868,39.410933646499146,38.941965260777124,959.3751147698838,2035.514060117355,1020.4593570117637,2014.2259482274853
41.32626255612205,38.324615598622216,89.50456973179226,34.58602376163621,2019.5243585702115,1982.9920992806235,2022.1477266738073,1007.6443463187132
94.50552928423578,96.72630355240496,39.48070129984326,38.74357682638362,1973.1417196949728,2036.4389461354936,1981.331871237839,2013.2120213459255
86.66383635261874,88.53803222040575,34.58859600218217,83.02278539058335,1024.1705022421465,1999.4144044279517,1025.1417326248898,1959.9901147339285
40.41385422533219,85.83822368814899,86.75308749578026,99.64476889273108,1022.3331311612383,991.5336748413788,1959.6384711762287,1988.4741640565678
39.37762782010897,41.05404334213482,83.38844254250765,90.27309789985958,1043.5551264795563,956.6920432914867,993.0712571232035,2027.4878529905368
95.35391804515675,88.46451711390505,89.00343965966216,39.0872544702911,1924.195568936175,1947.4096256930702,2054.2244456660205,1975.2142576941972
89.82227036189285,91.42734445256723,79.91318441235958,91.21912480027594,2028.9335088753353,1922.144412154602,2056.085138536186,1000.5921222347213
38.95182553093824,92.00029071702023,91.17208369811311,82.12039444429713,1975.4958290949596,1960.858215218495,965.6349358312721,1985.447024384951
85.20184103420586,93.80755340713004,89.15140954126146,35.450237480322755,1986.4934924909426,2015.6410219554136,995.3670929339467,2069.508543808114
37.299341408647805,86.43716615692867,96.52037803313718,85.21464848952328,1971.6555470952649,1988.7899237152785,1967.7342644289058,995.0451897090685
38.62987204326859,37.4703695704313,92.87011666443458,37.6405498183568,954.7866763154616,2025.7457096737626,1992.2154411703339,2089.0673837675286
87.51955120357336,79.8521203177221,41.28562476522737,37.729534918580214,2019.8312167503418,1012.0695841930974,2015.7587081998415,1994.841452008943
38.77309243719687,38.78554027895839,35.8280216900858,98.45273758894736,990.3575154505365,1030.3994112455457,1003.260979383791,2045.6790518110324
39.763613445457814,85.6271123657934,89.13606439853,84.51472640689826,1993.6033918613714,1971.075285549002,1999.159072091673,994.3692281977707
86.73111628705671,85.45623477455567,36.60248104467379,96.77454561339269,2013.0718731197865,2080.65490247248,1032.6129833268592,1998.5550409012606
84.40011289326753,92.41327430656773,89.84819642502973,100.43593227418877,1950.834619422619,1996.4282941501226,2021.3884639507817,1988.4158910418298
89.63724367774296,42.897582969835405,38.54952876492656,40.12019905270472,1996.5453391699614,1961.5111497534458,1967.390070712541,2070.0862004622295
80.49212020612897,42.526716769487244,98.00039662788674,94.18461451257828,2004.7841217555847,1993.13991324533,2019.656922250364,1986.5463269006511
41.06429676047881,91.87838811658165,38.47115903868175,93.40862685424929,2005.3463356434206,1988.5166101412003,982.1542473488544,988.4788098648787
99.25696377577633,98.33887798445612,87.62105419641463,85.33208042251798,1980.5166305998016,2005.72415501163,1009.826784732937,1036.6921924919136
89.80962186887226,89.16681150849476,36.426617630047986,35.773578980617955,1006.3482673110584,963.8453697814824,2013.4724909235351,1046.8603406988432
89.70792714963093,41.7235836910788,94.72355563938179,93.91672364403871,2059.4751465801455,960.3218870509817,1015.7765596029567,1025.6351603016228
39.14814413710433,40.407025532501514,80.37127249562134,98.21821621433446,1998.4179904563064,2045.5662913437127,1996.8841182989918,1021.5275779353346
94.71630185410083,89.14890864809685,40.070472591748015,41.32612442961035,2022.057880991155,965.32308272267,2012.0528565140128,1944.4536603774782
85.91379640305655,90.72249772982825,93.74591057236132,88.71513775028404,2017.623880364552,963.2875596041118,980.7028657764553,965.8650922845466
86.76721611665245,40.86287656211083,91.17709627449915,86.44833171560497,2001.6441954473871,2017.523433974305,1992.5067628013533,1959.8181585845948
88.82800623790986,91.75251044630733,90.38267309295996,84.78215379345119,1032.9576296564837,1001.5697789640693,2050.783205314599,1997.6204784916526
41.65185350257181,41.92690498994363,89.53542976198716,40.8363876548073,2078.6972677551666,1983.4016154727365,1991.3222128368748,974.1250893721572
94.39466334016522,42.42998801223315,87.11979996457023,38.49922968054213,2014.700332259597,2030.143702841832,2044.3125387124137,993.0631357899997
87.38022836327579,92.48943706829876,94.30048413436575,90.88712427702396,974.091445104793,965.5848191513494,2022.5305267867504,1999.5678025669183
42.25265249240047,36.7404680746472,92.66844616562759,86.57052876673328,974.2538490779693,2010.9555536455384,1013.818010579203,1000.1602089291475
88.02634665844187,35.08576171146395,99.80088197877015,35.729479696295286,977.7729728516473,964.6241265343173,1960.4176307322932,2014.190370557894
97.92959387719657,98.86973497493527,84.44629755941952,84.56151794647292,984.3516201728692,962.3032667591175,2044.9182459805895,1979.2919951254255
91.70425328538397,41.22521181125066,86.49400915298152,34.44483586179313,1992.002194324719,1949.6885291388203,999.358520167724,1017.8966444481263
86.12462842423098,88.7713960955799,85.63995345539682,35.411123246822044,1068.0577494869394,2053.2842185997315,1983.4704731520274,993.7462350113649
100.31921823189143,38.666064238960125,36.705562563400754,92.58989786758976,1028.513225056974,1961.8201866992983,1989.1166836677153,971.2181651462408
84.7026697306439,94.91954724315293,92.48088927166268,34.72115753977907,2028.0482106694008,949.0950501730064,1029.0496057074765,2006.0757071040582
99.53919551334394,95.44402327777182,42.723811891849095,99.16593031477674,2008.7396494455381,1009.7001389759664,2006.6340230007502,1013.2305737700027
86.8463924940951,91.07437329817053,84.5462932155266,81.7011565216884,989.1814361919987,1032.1525438974622,950.8977313393146,2008.8579976901906
89.06432684442996,39.78108237559438,91.9697604109688,92.96846042769877,1971.9155601709772,991.8236456167249,1986.4274488011372,1005.4770450330618
88.57609601298849,87.65740981358019,39.32099714913211,86.56734083277884,1968.3185576070775,1002.3725355516478,1015.9340536122525,996.8099625336918
84.0250815899239,83.56718064894687,95.25165228593501,90.88501958996962,1005.9047371010256,1992.6695872375365,2004.7334150262561,1977.4818826951603
94.38696928070645,88.28878440933157,93.20555448674124,88.88331303403895,2040.1161126247832,1989.0229626049982,1994.161869201366,2043.8278089416556
39.489601673045655,40.6217594280978,37.86703788490999,99.63717203872552,1985.0769064078936,992.3574548997167,976.135141301657,985.756278649907
39.6132087631062,39.09214940870028,92.34537172390517,39.31856570819184,1975.5784496157964,2005.09306855202,1990.1956700145063,1993.3767928169627
84.37735054207641,85.50433398018444,84.19905176282226,101.48769510182476,2017.2978774996625,2052.5679706442916,1945.9555130709318,1987.9266592243625
41.860432645294864,94.85230475090194,87.54246187439087,90.33859161053404,1022.7457605239264,1955.3400221281347,2009.2731181302704,2012.3988948606095
92.3979317249905,37.747873112984095,97.70724445593065,84.05378666520033,1002.8464011517648,977.7758855106056,967.0892817244946,1981.7096943134038
42.19216483261876,40.870717983709504,85.38023669304204,36.38349485581797,1958.462475784326,952.0247441971044,1989.5253775687243,2040.5434898433648
88.47139633711662,92.12651250716097,85.9668742802614,85.55878188421148,1010.7212057066514,1967.354372685511,966.5444528697652,1991.1137888339574
90.66143585735789,82.97410381545399,85.47149271994684,84.11870300536393,1951.5021408693847,963.4942402642032,970.7146689089304,1006.459247264439
89.19516658157887,82.71280251411578,41.594244998364,39.548860829676144,1986.235385153647,1995.0186056025698,2013.2790038660526,1001.1600405579803
33.346735103398274,85.82484569637542,95.4374371555335,80.45332363578687,2008.612059192738,959.9898497664019,1019.5281277034899,1946.4747327112564
99.79675891695061,99.08440584409344,90.08483983219561,40.44651616655517,2029.694967005335,974.7650625448366,2024.5872256854097,2029.2910693429114
87.4135647548883,38.909478302374545,86.65018324811439,86.5157697602883,1992.6203658980132,2038.6286618819645,1990.7793215608403,1972.5208330750488
87.18326965447469,87.93481371989724,90.92935328784709,82.30508105198899,2002.4608533946682,963.7008575129519,2018.057358799067,2012.0262138825278
81.8713145456214,38.268218896973494,92.54093692044536,96.5825207307807,1921.9985974117194,953.7354342927356,1961.1058735549043,1995.3873178548968
36.25078596507818,87.08306193492692,88.37836552993075,98.12662116843958,981.031549194414,1976.2015322417908,1006.5886371490758,1962.807368130755
87.41459102689383,42.54115231413992,35.09402567720497,87.79765333263848,1001.0037842950105,2012.3931313080366,2047.9861653578907,1984.6062829513442
96.23392549114959,42.38455989855751,87.14039777919822,35.30107622108099,993.1642297334911,1954.7414140059118,979.3782688408995,2027.9265977815612
38.8186467026608,41.251504845643694,81.9227334097128,99.45189602268438,2052.622035888425,1001.8612217768564,2022.5270714565754,972.0862840409233
89.37924020460268,95.512315280528,38.70613081570286,78.4026544027995,940.041988266391,2049.4077152503664,995.0930698033036,1961.9262278232286
36.19833463697771,39.790783943386856,39.035082744025814,95.27512094468362,1989.3178687865343,1934.787726495682,1051.7228768510338,1001.45806850332
37.43848914116798,92.3107831600433,39.23807571206103,89.42959824230519,954.4847588986208,1999.267930513213,2062.0777318771457,996.293984726218
38.701047760967825,88.26927545246076,91.5579605334513,38.07009356191269,1000.8106813309546,1997.5239594692202,1963.3851368219061,2028.7493667867839
90.21774075055518,38.857480431556155,35.728037281279995,85.12406995408297,1956.925417769129,1044.117300400104,2050.8587026837145,1011.5546385940254
40.04390666368152,36.381120531117304,38.11663955295629,36.52909589426856,1987.6664421726348,2042.150718488016,2033.5896895454766,1018.8224682798791
42.84668407862782,38.519073752967415,39.79877687787537,89.72186049639537,2021.948429425911,1994.1663760670306,1988.294711879482,2003.262274269605
85.38842955185152,82.74895588270078,93.18611872309403,91.60257769775794,987.7118240483064,957.9396425860407,1017.5853773086378,1985.9155940740732
38.13611170829152,41.64393382514888,37.82968814980397,43.293382748061525,1996.319045347464,1947.8006781896356,1005.0326114217363,1014.969936636593
83.96486594340388,38.8801075249457,94.95955373711098,85.51707931229922,2011.8004476843646,2028.0074748477905,979.9348144482998,1041.0191100272887
89.88605421683927,90.38657504874314,86.27740676654359,38.8914338542302,960.3069329273419,2005.4399626384102,1990.671305584947,1042.7901917402194
46.009076936446945,92.14936673666509,92.44262985482503,92.06319494864408,1997.7287377684356,954.6155796936015,1001.5691875327046,1990.8906181313457
85.44691300528208,44.84333968118789,95.5057927685012,40.2443631985612,965.2104069298032,951.6678974141007,1919.1181327480429,2040.1457048525463
43.500704179071036,45.94229571697407,104.1545970497851,85.93480426607661,971.4287972880771,992.7684375047772,2027.2849766454606,1946.7441477430818
92.86290873739289,43.26008270551727,86.5380035030776,94.02356921078787,2010.4797218183382,1986.2333715076425,979.3716328835211,1023.9534856361629
87.91719064670052,92.03271808918015,44.19319658476226,51.07466242401355,1025.095911529329,1016.578721643111,980.9090289613553,2007.8370596019884
91.41829567555656,42.97794820357213,86.56693154662719,96.96857124594536,1057.696657035777,2008.847793353152,933.8955911568024,948.5854811609045
49.90286046750965,48.82593093030843,93.65422563975663,90.45397485099198,1993.4710361744317,2010.886091697773,1988.272688058377,937.008585878277
88.93715139068476,90.66903984513691,37.28207193696141,55.04438628769395,1966.9696458824565,1993.0607141889577,950.7291552364002,2044.5294586097493
43.16732108354796,42.1838515037369,40.59005635904307,45.188278592743806,1955.1441909597481,1994.356286163052,1984.035602233129,1012.2868424159054
95.72933351106042,43.32351366162359,96.28877360299623,88.65503520556621,1015.3751442949831,925.9046011882715,1997.5561636734224,2005.5772214795695
49.016609205646816,93.81222873893795,86.09450436611748,90.82878126602947,2020.1559702935574,977.5278768605431,1062.1412087825968,1976.3593661492596
102.32406637996759,41.698410355476625,89.96862706429663,92.97837042945432,2035.8618781640175,1942.0941272740117,1983.4113487990385,983.9697126237495
90.95003290785426,85.33510664169218,42.200677072580035,88.45400359676994,2027.1920364981681,993.1750918348191,1971.4553400328314,1018.9054248605428
47.6850860451415,85.50842436134657,83.42680873767338,42.9239482038389,2016.386586048907,2031.465794679689,1031.9281063354783,1998.3871067150583
48.130304822040586,85.11769493884127,87.99962366232168,79.37317466707577,1998.242405364058,988.1015226951306,2015.9466154962574,2020.4912843312181
98.22607435638828,94.87523073162217,86.22190384882863,97.56640513320656,964.3785754252918,2022.1240293015644,1009.9406255855399,2023.4468685034735
86.93857757830666,91.59074816786188,90.36856938905703,47.06513841410214,986.9295949644359,2052.6377713819343,2028.2946363409517,2009.2910696493782
43.91222887580511,88.17602698042738,93.11192079487093,49.493921387876526,975.3822826911544,959.8538840365794,1980.634273067115,2048.6129616534263
48.96935617692346,88.30423125184141,44.703753951958625,96.66886184002524,972.2870198484954,945.2390996650894,981.2182982120537,1997.4121427975658
46.88741305809188,37.87200214189794,92.13939879974912,87.09459697341842,2011.4472179113504,1969.3747084094662,1030.9205557914609,2063.616385803266
88.7467666901675,39.97488722805602,34.70031963891482,87.39187534019415,1022.0429232495262,1997.6919534025997,2033.4618012747196,1018.341007339983
93.75139175176734,41.77059190008977,36.33284145152095,48.67429967286773,1010.5339059681341,2014.5807718856965,1024.818026743796,1986.5068287411946
84.6387532800943,88.93320066166157,86.04976962301227,48.949766383433115,1995.8804322931185,2009.6440825090137,1035.06735403857,1033.5238666381308
88.38958871780989,85.24255420730105,50.00111978969355,98.10112770713832,1981.6481711195734,1906.9120542136593,2018.9464853900304,2010.762096473969
83.06513991751609,89.86043884770383,94.38410798700887,79.60834716367644,1991.9239160515779,991.4755837958379,945.5685896811991,1996.998277381896
90.62004417176713,44.19741090323842,40.97391278316155,47.86686389616415,1032.823911904325,1939.0632858506012,972.4673243722044,998.3316959047536
92.39977157581119,44.08621834022101,84.18019749512892,81.38916607100457,1011.2043927006613,1942.3777591998698,997.1382208781282,2053.9385934341544
86.66474870407679,91.91074648903859,94.66706533724384,50.8795380846267,1034.7355162551582,926.3815955905445,1962.1226303952637,1018.066750136995
86.99756527826416,90.13021778974701,40.667267447208225,86.49073051091662,2058.8757616265448,2051.9627772860576,2018.1628801834183,956.913427113472
93.44802288154663,90.52790296235095,41.74049889253194,90.75683241595391,2065.2784882753335,1031.5972367365405,2030.6985227507685,2018.5072943566345
48.63465118743687,80.95529099916777,99.66480353229991,90.15392137117891,983.9560294030475,1972.2880595386127,2004.1554417215602,1973.2587266457874
48.008694134484045,93.16726131894498,95.26722672999445,53.47505402861927,1007.9030054939749,1971.5381908659415,1981.879579374144,1020.9386228069301
94.04805788604223,88.3171180599829,90.24329209980293,46.56135889355799,2025.2954523162443,1992.4053346255016,1003.4417453924818,1053.0202023844236
46.43698833459517,43.65858218647961,89.53377679311724,37.23268354618824,2040.9646125048132,1963.6980152024557,1043.1439033879444,2022.0353150036271
93.61972791931245,102.70910948331783,39.679795323126186,89.72779187614097,1947.9224964033288,2014.0044572788452,2009.9154197779908,2025.7584053157311
89.0764692158454,41.248740811755596,43.14996578130847,92.14461858544551,1008.720516758737,2023.3521727780676,968.5181448225975,2053.0746937314516
93.06341185753234,39.0941152735605,50.65650269145282,82.07043493489118,1995.4808857694265,1023.8637005668957,2015.006187420006,1003.8939981950111
51.0438613434621,46.70554677112956,49.27071654298685,90.28744670518279,1026.2500860174048,987.8769109056577,1966.304202141862,1027.1986361407025
47.24278440984301,45.87951812752182,89.83841876576561,47.67281677055628,975.2459572920311,2005.5413411979932,1034.4045087141699,1080.7175581061856
86.26348435510889,94.72987940640826,40.90674310578456,47.374945690779185,949.2483441997751,2001.0355492852102,2006.5654643345727,1974.9507103645353
83.3158590400423,88.39597285312287,42.08062916276397,86.72540893169713,2010.4760320047424,942.6324801271803,1026.5642669605218,1046.957013012743
47.881664248176456,42.31184545109441,40.345064334771635,88.92399498850658,2037.7724577916565,1018.7751981459426,2038.599226827645,2015.2436921912179
45.85807931779101,85.53051850086622,96.39701861312722,40.116606989391535,1988.836387714888,2002.004526903015,1989.2360396636543,2032.1843999872801
85.71654033596967,46.56471439698208,82.80507847576423,48.42345948970032,1006.4986599920621,2042.4733647269006,1972.4804320250682,974.2897367010744
35.64959479356685,93.5546618859636,83.38272427645788,88.58669078507734,1967.1078858926362,2000.2426564116836,2003.7337221480889,938.7070957908709
36.34411610132925,75.71901085084808,93.69638627035339,89.89741165204586,1999.3971890580453,941.4328759505702,1993.1199317870028,1996.721885165835
44.79390941966706,84.2201574181342,91.2195142830584,85.87043150835565,968.5558822880168,2029.3071247026687,2019.5948068699474,1984.475581939343
46.519624514084214,94.34351092484918,90.7774730968188,44.819817298678174,1988.291121684845,907.5846376817651,2006.8634664216531,2032.9081947572326
43.60874401488154,44.15829605796677,95.69862697474657,102.67407290132152,2028.5516281642895,985.7020391757035,1010.3933801386312,1015.6939183323439
90.76644186216856,83.92890557686056,90.8230168688824,87.10905623612427,987.9274162238321,1018.4102219512739,1993.839251084983,2010.9565626300864
83.9312796611568,92.26497855125947,91.24235923934295,47.423503495518155,1994.8550742628606,2030.036974615429,980.4438457426335,1999.3718680580134
41.19196809121437,43.23365791885894,83.4551375113743,83.28644974090301,2033.6939785551317,964.2153136094792,1994.950196966456,2040.3247216630448
91.24224769075045,86.14273905667287,86.68077743045113,45.73374888805519,981.1299109146075,958.5783499169727,1961.4663395242137,2006.9382987432932
35.951014224940856,89.197952440542,83.91532001956428,88.91121965289823,1985.2831361809895,1998.361732970158,1990.947949608534,1039.1875196288643
91.59586581449425,44.19734110138047,82.87722293951289,77.94684773767852,1963.395782278603,962.5211703338846,2058.999296927075,2042.3100204921827
42.423308539315684,84.79417562956283,85.42272199648373,93.23670005168597,2013.027314309765,1992.528462255256,1983.1135512636238,1957.8706580057517
50.50626333414951,89.85079984770427,42.49928735227587,93.88834713929342,995.4551910502637,977.2432653237277,1991.2858282181764,1971.0930629211564
49.97384823586688,48.116940070465304,84.90557570177207,92.4806512699081,2025.4772740129026,1990.5205176611123,2008.657023745201,2037.312058660648
47.83703095638558,84.07681278997185,90.86330085739576,46.37738821875645,2017.3715503580052,1032.7875177537603,2017.7435462452163,1996.113588675172
92.57021276434676,42.48520764393639,50.41272930091402,45.24343438328194,1930.031178824194,1975.4822085119824,1057.861684653219,1000.982892354642
44.60651078732616,41.258216995188604,90.42345069508018,85.45939941661277,2018.1046731741592,1037.7462545954675,2031.105869335648,2035.7512069488614
86.86439746656767,89.44318287706962,90.51665111067939,50.04131369505161,913.7660911354963,2034.7203255054726,983.1580141241142,944.3410913717014
94.45817493243804,89.3934913392433,92.79156541710121,46.645564199747255,2008.2157624163665,1023.8035558466516,2030.4800606724834,1977.1914650172082
93.5868994246006,95.93266644614548,39.984797090806936,46.443406576403646,970.6424390152525,2008.429141424409,1966.0759629041763,2042.329843180438
42.593504811354876,46.320008881148375,89.02524611288365,48.31042623915341,2012.7943040904795,1985.1424177584656,972.0875043149542,1000.2318638618574
91.80468146203701,46.34145006983887,91.37744983508405,86.02721250438938,943.8932390746368,2005.0025874694468,1971.033978098704,1978.2245925807758
82.83851482450915,95.45606639386111,92.90049604042588,47.91282898236608,2018.8053459761793,993.7118348016126,2034.0417089916448,957.3454730296139
49.85077539414979,44.370469423646725,43.23969160407198,56.50268047360281,2044.5588964865583,1941.0797188581266,2003.61138800392,1991.370184409509
38.72149236741312,91.4620715290275,41.8993824405626,88.1976082429855,1963.4626693844673,1076.8469791849484,996.7319434647575,2038.9536923120527
40.77762518843454,96.54512881432676,99.35452920504004,93.0598835019558,976.6445988392422,2036.9828588851683,1001.7554561711814,1040.8568504234233
95.04942277990733,88.19740675477786,86.5473976387338,43.0280525871061,2012.3193017220758,1998.9582951915315,1980.8075050330087,2014.1289074174526
44.830080851165654,83.17057842279421,96.78457474125676,41.936100366266025,964.3675004596744,935.8867450642235,1998.4555714469868,2014.5601630826536
45.82474356495799,45.22532998830752,87.5043244164732,97.70877783258419,1962.2349556808545,2012.1480947047442,1960.6194404552662,1984.3015248039464
92.15781749894572,89.13466248611911,91.6414539839523,86.75795833710146,1985.3364140021395,2042.2008413590643,1999.114475057776,989.944687908934
88.76655057268326,35.68207769059944,42.18635118930179,45.61924576932056,977.9927662489831,2052.3648769181445,1957.445661837129,1997.0075243264407
89.70942628496597,37.25381553493671,41.49674494617838,46.43986958084491,995.7557437665266,978.8140515095356,1003.7760273111434,1009.6353085342503
92.31985230978519,94.93200803002519,39.57170415649764,97.60580859992784,1993.4054847849961,2000.1834099358066,1066.4486517233101,986.6789047307986
95.08726584999785,33.90463241474726,39.63032870767587,43.3366740166841,953.7603132865863,1004.7146841550805,2027.1703354644021,2041.3528054319513
91.09948435938362,39.499535713689156,95.87900046364938,80.88647395229626,2010.8470877334373,945.2630475867294,1956.6760475224166,1019.5259638061054
42.65355050811977,90.63712002380204,93.39698098000225,87.80147456673878,2006.0250795499708,932.8196238982733,1021.1840415483996,1988.355845882318
88.62164301088049,45.77902646271215,90.84487377335782,43.51611772942226,1982.5064367308785,1998.6260707538565,956.7181674163216,977.6898164106528
44.08754276457981,46.386957970138354,44.742594315129985,30.387198494153715,1963.0647674553302,1964.188401880457,2018.6743288861921,1964.0487527946739
93.0847928474325,49.17106127477474,89.25766420150548,85.80837699657359,971.7162144191225,1895.3248200990618,2000.2828748118493,1987.084463312664
82.96136579500222,86.46864858528681,93.3116855759598,44.1647441288603,2038.1653668143651,1019.7719222389587,972.8411059932237,962.3277055045409
91.32091981064715,95.81129651706054,96.42544233734326,77.89607883439939,2010.6233578813103,2030.2762124978433,1953.2507636191951,995.0464308508938
89.87024359142805,88.98882852298141,86.8615857897355,45.53742996904147,996.779912112772,996.2154257714772,1011.0059156444368,1056.0632915994706
88.58592749234334,99.32210291291592,42.3078222094783,45.03316303554871,1005.958139363594,2004.207672938706,1938.93757226356,1022.8149310677595
93.31058942138706,49.196998564122396,79.63055882772417,91.18936416044411,1012.2466977142808,980.8886230891799,1029.6171727294154,2015.2729418035149
91.12260358543263,46.31995373753416,42.631987034959465,89.95359375675812,1935.4953403240484,1981.3046501934741,1970.1453861819919,2021.692286928192
97.08427628846789,46.74177734926894,41.793795787157265,91.94702477926764,2039.8082510105294,1940.4751951854594,1002.8171007883132,968.3483758692558
81.07612585149732,93.99613153950156,86.13806174579548,88.04523899940745,986.6107121211385,1977.5013550489048,1993.615808973852,2001.6869832141947
42.51127296130222,84.60481565189461,80.52473165643312,42.52660434621406,1988.6357384655605,1959.1388079838982,962.9061419972513,1955.0884452231517
91.8768303943622,39.102850965579066,86.78793178801891,40.29112978221043,2032.2674121559808,1971.6742369997878,2022.9657315661395,940.8200469865749
44.49960616240456,45.39180040394167,96.53839784873504,47.77360487136787,1013.2305325422083,1016.9045733146343,2030.6248816755635,984.2203747707543
42.09363478380316,87.20245716205217,91.14882151102051,87.53713954554121,1939.5833732263952,991.1472798728428,2005.5823441270302,1966.6177355784334
94.57088395460158,78.51148273804156,43.94288633776226,90.56864654812692,2009.3391826020106,946.5077616745876,2005.4607082423279,990.1832073734821
91.68630796594678,40.06585888180744,43.11704313911798,100.19546423492226,991.3170389867817,952.3512899878164,1038.725540016432,1960.981005628824
91.3602967262506,96.46118176980174,41.37927974146489,45.66270885615825,1062.430273657465,972.5675192998025,2029.0746948543328,1055.1415053802373
43.9411490951808,45.50183576014787,89.99065316093174,85.77002280734769,1990.644096732455,951.2587431040334,1957.6523354059636,2010.8273900863983
89.97316498553003,45.6821169735868,43.91738730432063,88.5126725022808,963.1554251845416,961.2123750420658,2040.865441418382,952.7428764798282
97.03085931910604,41.55464650347136,83.38698478211361,95.74046685303072,989.47316478686,974.5757676297981,1981.343494281952,2004.294588565982
87.70829073876536,41.857008001174705,90.39211992437453,49.596246003818536,1997.20793867088,1987.9637296077033,969.6436347671563,1118.5172014806374
44.17728126190964,47.662989934044035,91.07935124573648,89.87513487126226,960.8121324801178,2023.7849613636272,963.8110028552912,1969.0136623387496
44.141689309735966,84.6293714395345,91.36961326918579,39.749316422205254,2020.4743598682373,1007.9832936783614,1970.3701285894458,1051.6268798915335
88.15934472387504,44.39856945171658,92.68578246890088,41.252624788037515,1994.912329663913,2040.0338336383224,1985.5793187579945,2035.6675171300815
91.73175754984496,46.98815479547126,96.09371004948753,92.44684254145666,1968.1368636492327,1982.5041384929,1043.7689874812881,1002.1911943057642
89.6638688923826,91.36656858652897,86.57571349073235,44.3685406010825,2005.1292445580737,1947.4918517217498,1990.2327937185996,2025.7124219264974
91.11194406169544,47.89917948171511,86.95580329309934,96.81848823191744,2012.411643935418,1966.7059073790986,1999.7871573510772,1981.900105543221
42.51742175192231,80.64593204463084,92.62198001190032,83.2316269534709,991.3088767156274,1061.967877967293,946.844101874862,2011.2059370857012
38.93789917993314,92.66899372192262,90.79982558375654,88.74680180042152,1987.138716769463,1994.9518427578369,2005.5140583997254,1988.2972348364383
39.28056103230503,82.62949935151082,38.62112012836634,96.36678923496137,1013.1422312439704,1954.0543017324526,2068.885916673309,1967.4782634878543
87.58561063885975,84.02124434042237,88.87509819616736,87.43007887949842,2032.0992719033193,954.03699419799,1984.1769130996597,1933.6042441701097
93.05748826348656,44.85023217111973,85.53123809604082,98.87184645868837,976.7429306116542,2024.3862198031402,1981.3750576624388,1968.3650177127363
42.18473331752732,91.85336821085212,88.3265025423013,97.3558940383922,2030.3700491154198,1967.4053371811017,976.7410385718688,1977.0035413911041
92.75331084736919,50.25742941283079,38.280803014720476,89.78266414205612,976.8323309927266,925.6921567880579,956.5962155848032,1950.9175814434475
88.79063145125102,93.66697179412826,37.016129334544715,44.074240766526984,1999.2947873401595,1990.4852485291901,1980.3489655272492,1047.3162604260237
87.604651922966,84.31773342772256,85.81719172331256,43.143892677553524,1999.3880322803675,2051.636543226082,994.5887720082292,1004.4895156146781
86.34727747457454,91.27037034663729,42.26759487709061,45.32479669263671,2023.4391726216509,1029.560001321607,1998.0921996529164,1042.7708491904914
45.579589395204074,45.277920218516684,86.8565920445967,47.47276732327289,2049.847930071779,1021.3608227872555,2005.3757535749937,1998.946755408958
92.45457044760143,45.473220183687374,40.21409070458164,96.10241921629955,1954.6752589895596,1041.5326378785217,2016.798364952409,1045.9559031312433
45.460873433254164,41.74178307536074,94.60962622100271,86.6703180362438,2018.4187948004385,1984.0829867543239,1955.8061994004927,2034.2543781061868
87.46755346816066,41.926259328659995,97.1242604871364,92.55278639602358,2076.956566114887,947.8192446840412,1960.2333514871996,1001.1554058240267
97.98385081033817,94.7963898220677,42.18625298647113,100.3493262346177,1975.1023833468012,1990.5759996110457,1025.965462421745,1996.9665431438025
86.39212208927806,91.01866474253121,93.91725983977162,41.044643236639885,1958.5210229456231,2022.7527411432068,996.7379655222866,1058.7255344493801
91.4130338797868,89.99323441179588,89.72352393695124,44.995482758734894,965.6671858606466,1038.7000476433666,1950.578255719404,1043.7750625707863
43.23468512345103,85.20174534827063,43.945885885962234,89.9464800886808,2040.6784517752008,2028.3167266638914,2032.8699235991687,1005.9177395245825
85.49686471208226,42.968969157243,89.06711789296494,52.458734367675504,959.6599456467104,968.278965503205,982.4808355368425,1957.3334365114567
46.25654584461554,86.61178799744691,93.85600586731857,43.66665460326466,968.8298402756857,2034.884260819522,974.2999955404443,1945.9069982864496
87.17798354424905,48.381960195046545,89.18936042859242,85.14681433252024,2002.8540472223726,2015.7379625798358,2010.7631310359423,946.0790930116308
96.12088672188624,91.46655153169986,96.80546195725327,101.15996679789542,2010.4735853247819,1992.32385503162,1957.8940032060264,1994.2826864750095
83.33526146302455,93.68529242422706,83.00234814221986,48.011213960612366,2065.352815448952,1021.897409114006,2029.27768773665,937.4597350811782
46.43059664663761,40.96215259097978,91.19571889190581,81.3999975326227,1062.9567669122519,1999.0877093713573,2011.7993875359728,952.0031400328455
46.93571689708648,90.58036874245794,38.95996127765147,86.54856559992216,2042.2824123626851,964.2976379866625,1061.5701402705324,2009.172148350048
44.303962917614044,89.18154182036957,91.34549777971937,91.84170313742722,2010.5774917382619,969.5912661806419,2018.3705103751067,1969.831073480642
98.7106527871373,38.77386696968475,96.83979551806499,98.14202612679397,1994.8352857536709,1984.4001862122582,1984.6908642545325,2013.2844199037952
45.56606190842933,39.86084951286549,80.25577229544231,41.68647552966944,1996.0109064669684,2004.6874028634104,1950.4428296339886,1981.8469886394123
92.06672893514813,42.848283713468675,42.18053520663465,87.47314367351215,933.8300219517793,2038.490153756957,2029.8308706809903,2050.483000432992
89.82629480327697,91.60173701684157,91.19359468913846,88.98868564045131,2008.9611003416205,1987.6628571813546,1991.6428683581566,2004.460215670732
89.77367009483356,46.65020612384019,88.6561179403336,43.74907661483758,950.962661109286,1991.4073303642795,2030.5742557241372,1974.5078033524446
42.86586388232149,87.95216577024523,43.20056081998072,92.20839062256789,995.1147336773511,2020.5257596635981,1929.9525832800716,1051.7228558383995
95.0585040426303,95.42159619829097,98.0256241653714,98.80442859491268,974.3366600106935,2005.0614314311167,2004.1366147892093,1012.4622220791464
39.3311158098038,40.77713683938008,84.10661781144583,93.62994656581303,2005.4101330361395,1997.784021665102,2002.8451186299296,2014.0849914121286
38.8515643290184,88.79092045730178,35.10777528778366,92.17414449900421,2007.2574367652787,1990.051114520912,1011.0617379100676,1073.3373098697161
48.06607308738283,95.9800691580236,82.16393406283542,85.77943322857298,1979.6916467766703,1014.9165597805606,2008.2239797472068,1984.5692484846275
52.10976465388947,89.08692744551551,86.87756103280293,52.25123085025997,2032.698105750284,2018.764614417191,1991.0496262271558,1964.6541677204762
47.680638959774186,87.61463411848324,86.95391951897422,53.61976656089778,2061.8839680214487,1016.799312028551,1010.4285492686141,1919.7274157456784
44.90102773430152,44.3572892045279,48.08032468070645,91.36982372153561,2024.8408224546283,2001.1140381261707,1968.0875372975709,1964.0244033150593
47.94474623097837,86.08840999979483,41.698696698397015,46.297938981094454,2025.9368610211086,1998.552174558497,1961.1524542530221,2047.553403974426
48.46567721448021,95.14227746815085,91.88596364545845,45.12639782451582,1932.228748705196,927.707271721873,2019.4227649461557,1974.146652711864
90.63461974161272,89.64557821099923,46.20690102362671,82.51776510972456,1979.8532458106602,983.6653768969579,999.4154590873726,1022.4615688573481
89.34348670906098,88.091361404293,48.9282559039984,88.52534612434182,2024.6283948087262,2006.7844560668268,1997.4583730927734,1976.1693755012852
88.76251076402156,42.68481396888126,98.24551001461673,93.24322214484818,952.0891641278743,1953.4944554519004,931.8511146108328,1972.0115142211794
50.11756138857955,94.14174041443047,101.0088737520742,93.07484602728128,980.626677880359,1977.8892133278248,2012.4198223198616,1939.3907769984048
48.97021260921581,46.628491001448126,92.2845338875186,45.02467602174688,1984.6915192976983,1021.1365472613004,1990.173747386429,986.3892116774242
87.0782885643266,48.255695255577024,46.22971979303637,88.44304433841869,2004.0594086050362,2030.9253424789545,1999.3766259632148,1047.382823554945
89.41591914073727,89.20249457741897,88.71875433905353,93.1467557451231,975.2151167432719,1987.141028026268,2018.9084619218418,2022.4174041046654
39.15041987673954,48.77232033632226,43.67123981601337,93.84820017770473,1980.6467796797565,954.7904502751778,968.6412773291383,1930.4540609097598
96.44366675615203,46.53707105013293,88.72262383923,47.680993359498764,1027.3167183115215,2038.3160302266633,2080.4374792398903,1030.6343501616773
80.57620533710735,100.96296444626606,92.10180606997191,92.14161442011377,2063.59862511371,1018.7840710880289,2032.8264728581096,1998.3846950250836
86.32107774144738,87.32904693635462,45.260328053533364,87.75586157026316,964.5698964742959,1951.6110601769049,1991.7935264826663,2027.4864662106104
95.76415267861026,83.41212275471659,86.7472916457372,95.82769342544664,1993.8207072738433,957.8329148295752,2024.5119339315763,1951.5710203877036
85.11075553825741,44.93908262891031,36.395979222792356,90.2195442669695,1028.9421599726438,979.1396553769536,1016.2795387492283,2040.8513579955525
43.397322725749675,46.43809872011025,41.52030367773721,93.79015746019085,1962.0648188024436,976.0482457259351,1966.4037126709297,2023.918996345257
100.71998276080865,46.952029628248724,45.868319804281874,93.9990372487616,1931.6451828702134,2011.8117705769396,971.3684146080923,2017.786250952831
87.9029880271147,98.9290929167175,43.778209056739584,92.25632294217574,977.2335447754972,2001.1397194430313,1006.2157929454736,970.7688612583706
38.43799187931982,40.17603232241095,39.69147132264388,80.15459734406178,1986.187907883344,2014.253496862479,1986.426493352244,2004.1190009203883
94.97985028168844,93.26980404836912,41.78683028896436,44.750517438204454,2004.1389707941428,1008.6043099242754,2014.4328865675363,1999.5484288694831
86.75613446937618,42.45533204071003,45.065646644674466,48.1634983089438,979.8945318677258,1003.1092751445044,1064.8713567167724,1974.4223085169815
89.26940800995298,99.61311240378562,96.91221655834502,52.107408393482665,1007.278767842012,1999.1781292047056,1040.8543148300312,1029.3410100925403
95.49232161969306,41.44351567429783,43.6133596387216,51.27580912157577,1001.2344368286897,1022.0902702406906,1999.1387989817422,2021.4768977708877
92.2253438372114,88.31220484484167,82.40567771562819,49.5118454435411,1990.6101404847882,1974.8581935888717,2008.3223401692358,1995.2186741980158
40.41314840324589,87.6755905189695,92.43869624714884,46.297541082934345,2016.371783891669,993.3243501748832,1005.978212387055,1993.7048425662422
39.17375327015412,89.59571554873516,88.3863977015102,91.21665230431968,987.1253684795238,997.1889908441992,999.0213226540885,977.1214041619774
48.240994124549374,40.176740882459654,81.82045952424653,94.8393509551074,999.9979028552932,1971.2983383772648,1964.5711940826284,2001.6419748057717
51.43816634534545,40.925663352998455,42.05718611587186,86.73467592189141,984.4965599492311,1060.9298000691388,1003.5804278220712,2001.752979417578
85.66776916503514,95.27863743467327,43.667577029764516,90.28895465026507,979.3306469164222,1985.775939107746,2028.4828529598103,1960.3113305003883
91.22120318503333,44.81203350461777,96.83502626475591,53.416247906535546,1975.3067988041437,2020.571653499069,2005.1424494590642,984.3635227872023
95.42933197510956,88.70787795574692,91.85830114325266,45.29958856339954,1970.5788175195432,2037.707265642902,1997.1464641909542,1997.730721496725
48.28905865962909,94.51998718850547,86.810092582996,46.50975742745695,2015.9935370570397,1989.0565114270382,1979.7007495407095,2010.4973730784486
47.78533608782062,44.30909387417776,44.72612072725363,48.625803921666474,1946.3757582891726,939.9580738341741,2024.3594834911985,1030.1155647718922
44.7794505328072,41.95402456353953,42.630962821292776,48.27089294020851,1055.268312155818,2003.1553663321135,959.8693755076645,2020.4944487451262
43.44468627164123,88.37093069770624,41.43409393600457,45.487713015214524,1011.152403190099,903.6910601051578,1971.3211751462195,1994.9382959494903
42.4456321664635,39.29243604788261,92.121381885485,85.67153929136215,2060.346895024407,973.9338207901756,979.7493002605452,1993.8019553400477
88.67268310149514,89.35054908834204,39.27553894659715,93.72840782129168,965.6135242228532,2065.1844511335844,2025.5419083023162,984.2473855229975
89.72830624236133,88.58743475623001,82.85865558167245,43.51833300677513,1984.5245646844114,1012.7203876854994,2006.5502220966825,2018.5688797195876
41.306249883050334,42.426574008207766,89.81224578398258,43.40813126792684,1089.3784109518633,950.7613001799996,1991.7358066859185,2048.7418411099006
44.21633298952404,92.18146318034634,89.94475365215878,87.16478026385504,2023.5003658658316,955.6558394291875,1043.6050697203582,1076.7253537960519
98.35536171944436,86.31742404171774,90.79719987998494,77.53726123743458,2027.8593883354044,1991.6891254117468,2016.7099497441834,1984.3477036655318
44.305759338115124,101.39225810923882,88.08934983066908,48.900765600353296,978.8301600273003,2019.6963105512298,964.7957368052616,2023.5366717137113
93.92280082645988,40.72480382732065,87.12793645230732,95.26145276458536,2041.6678598595888,2002.1814143185718,1979.465565795898,2043.2665840318625
50.802823591868005,92.81652560937817,42.050346156672155,95.82932987755142,2018.392523843752,1003.9304453206369,1967.6688790453197,1934.2033526751125
44.396145055767036,90.51801727820325,90.93404666670372,82.54496514783911,2045.8595084971907,2010.0636551109615,2011.162294065377,1982.0900974731517
88.95707719851283,93.34131104467014,87.45587533193886,42.10787231172759,2021.3494856780974,1981.932823987311,1001.8243646703063,1966.6713294149072
44.20073325175726,29.358739134467456,51.314027881480825,84.22821142054588,1017.9957076003855,1984.426253217775,1020.0288985184548,1978.7597478980247
48.26617660732996,89.64994944825638,91.81994849198841,92.4848361244334,2039.0101014878696,2053.6518707229197,1974.153786731674,2015.454495991553
51.66285609557676,43.101658932324966,42.3827656899697,45.852408836227085,1973.669872305123,1987.7527738314109,983.8984028667696,996.7521755510727
86.83332118529913,92.5514180566656,89.03921513757656,41.105781699974855,972.1827850609214,2053.2668119719556,1013.5273077186289,1947.9952190804827
86.53296364934451,81.61873838689397,39.55585017365658,86.17508862123454,1997.0557977940464,1050.0154151360982,2059.4596977643323,2017.3056799116614
42.12389619758142,43.61939852310263,38.6236056436496,45.21744539721402,1998.3932232178202,1978.7706652724507,1023.7610502734622,2044.284866377696
37.76496962333735,43.399971962870154,37.84014867859102,51.82051672930733,1999.5010794281213,2008.96170913834,2017.261470834532,1010.3541127075898
43.61288932289362,88.86359291896383,95.95576277111,46.2685965361803,1937.7333503014754,1944.8637405864488,2049.5522850615876,987.0047943506618
44.92150774518856,89.58786770968831,87.4151181118156,45.48395602266383,942.6101583303005,1969.1300523283487,1003.2122639339068,2037.9138541505638
48.00815300017986,40.83164057615032,40.881264211973,46.567498026583756,1977.1175421148366,1012.9100910090542,1946.3926690447313,1016.5325593563576
55.8874119323236,89.53544353361278,89.30692352997656,94.10168227148768,2018.3751261554858,2025.2014668914862,973.3616833516849,991.5981994641977
93.87426279214543,90.4211536151869,88.60306910565261,85.66749243146383,1987.7854467448522,1994.6658252406858,1992.6479409858264,1982.2568430315157
92.27476177901927,87.22425089990534,94.8813607539686,41.818073698045175,1028.4605163086658,2027.720350601678,1951.0018964178357,2009.712011802026
48.35127054461602,79.53802046742452,94.65701888851932,42.64771819857968,1917.7280430199605,1990.5930385112765,984.4746045327828,954.1316300378271
88.40720344683693,86.50834964084338,98.73373377608357,89.34519448060853,937.503605027111,958.700460525767,1019.9639845545564,969.5999912645286
45.8746908289132,92.96823337488117,43.47184688499911,90.17259400232136,2065.791151914575,972.960549641422,1051.7949345553575,2037.8910230562703
86.74144605587117,46.097957169852066,50.732431355544094,43.32389989702188,970.492854574595,1045.166471496194,2017.4217987258842,2030.1564962160533
56.514276603042305,93.53435892544509,103.91178648767169,40.66698429900926,971.5876305086902,1040.153330524552,992.4636906775403,1995.752831976191
89.76170193627348,82.18870487556862,92.59106509314095,40.95259473583463,2011.770118110446,1956.9575346981087,1994.2328278932844,1012.0291269643601
41.83980709666115,85.8295899893017,92.49009428189814,84.92080379251391,2015.8307507943966,2004.562532508575,969.6146026640006,2009.0399053980582
97.81267310871735,86.17085103177658,90.94992268586988,45.56103940348061,1048.0588697346866,1045.7101700158235,2063.0921307024196,1994.0195941046677
101.56538394957867,44.590480032854785,40.7353938257093,92.56196666101417,1980.9958062099727,1015.7548333133398,2015.9184726452934,2000.2915617672902
41.90531296000831,92.5275927233035,85.24492669146487,49.404674628131474,1025.881488313205,970.3787175829787,2033.1353514551386,1037.106296648225
45.220917294792784,44.712949390722486,94.60500263661739,56.92969324572442,1013.9943742165096,1983.9602475915492,2005.4478938770385,2033.9393511277794
52.3725388236805,86.60030941334595,85.03930150194026,51.63518213159798,1017.6786830270061,952.6261643036728,1965.3901085090506,2027.8465714325162
47.818265664924255,95.4911529451305,39.13522414635357,47.50352758451564,2020.8528065526552,1973.079995920207,1953.43779112936,1002.4670817155209
89.90861987287697,42.16188912015018,89.15126046563937,91.7271033062511,987.5974939220848,2045.4076846589332,982.2944017299048,2016.9811946450845
93.57631018726673,89.35952701817676,41.41071423841376,40.546173385538054,2040.525773337425,2028.3922801254805,1026.713391351331,1990.0372294605863
79.72719630277335,42.390345794189955,90.47076547541245,91.01269976599859,1011.8176598729995,1934.223866702372,2019.950983967223,1012.1961756036758
96.28312491705186,87.61671339850396,43.168206843201574,90.73610610621779,1962.663531021599,1999.059288781702,1979.8998050547234,2034.2600938379887
45.34128031367578,79.35971881679406,92.26429379430536,92.58569653502154,1996.033904428301,1993.4338499470696,1966.4318140496343,2062.8793392835796
96.11455826094084,87.44573201874265,87.67769393789023,84.12871904022774,2015.6464569468276,1992.8781078419902,2036.5993192490957,1957.2749389596852
38.89987667227733,91.58118073969706,90.54901224911447,90.96994649327806,1052.0381605978228,1009.2766352650774,1032.9817985601758,1047.0166162082523
90.19933703254105,36.515676589488784,40.1598791592382,94.18974475332035,1029.444632322311,944.374335911549,2022.86216377431,1968.3356596163326
81.87920584661849,85.62372699820905,80.21639402138425,85.5085434753993,1018.1081569850373,1966.5493441639524,1948.6529312500013,2029.714761137015
98.19770623334531,84.78323505041982,39.507328578946385,51.47089050078263,2029.6453966329623,1977.490420545601,952.9404799566736,975.4582685861599
93.0262348115776,87.77892548682209,41.74491315356802,52.93361107147029,1022.9313979205137,2009.5080429985624,954.3475177383802,2029.517863628276
83.89142782800396,89.08645309793029,94.43138094325315,49.41261000009001,2021.8881929609895,2043.2071302928928,1994.6037781424266,1013.3106662375577
90.6478342900283,39.665704469535925,44.054929561662874,49.16064594501886,2013.7524126925362,1071.679117477139,1993.3808140874335,2020.9930919164626
48.70762512025796,43.29169733478908,92.00939870165394,87.79702370486416,1972.4944532266413,1008.7444797471708,1981.589660931945,937.2316757889294
89.33676604480333,94.56370617962388,91.92717753482236,96.71120121420525,2003.9896330890467,950.8444628440532,2011.1009178929955,1951.5752402260837
42.450533073919296,89.32761729918724,94.8137739790356,82.94190315366752,975.2466659134105,1999.4619796108302,1972.2164061021258,2035.1832310067982
46.42188922526312,78.14118839899527,40.889314117782575,42.314986253756544,978.286122336538,1013.7019176859988,1023.475434602309,1967.0151796974876
44.4049173235296,47.052001457802945,88.44407640827542,87.59901176494917,2003.1060150420453,1991.7331692102412,972.5094176295959,1986.942794363013
40.82672644682353,46.68756751186771,44.11730515897124,91.37907740298876,936.9988971894762,1070.4042807818241,988.7837707610887,1011.5072533636658
87.82120981295616,46.04947493413734,92.97969075862098,83.61185415977971,1033.4168993788546,2054.9119531617002,1974.9211464874675,1980.7673969255338
90.84860877163027,45.137004675626805,90.1184119792652,87.77251433355521,1042.2961418398015,2013.55589961184,1004.5274536567158,2039.170873837262
87.71061555145698,90.88352011493704,44.56391716484936,97.4094608542613,971.2488127082229,965.8542974682314,1975.0733268634233,985.9312905103711
95.35493411923908,42.694757968904256,88.97268873364378,88.71535912565582,1983.8860039687527,1986.6360955284497,1968.1021755366178,1013.6547758383338
93.72208174689491,86.66914205961531,87.79651045105842,79.6860456133843,1935.5772607243862,1004.4071256587156,995.5254374019078,2041.166480918243
48.50114262691224,97.16340465232898,95.991203051548,41.68801310962931,2009.5107382140216,2010.2991822446932,2010.9189317984344,1996.6853212572391
90.34136581337748,94.0696008985662,85.38129744331378,87.97187983372407,2047.6223968326092,1986.5015911524667,986.2029019724463,991.6480786071621
90.09332587625455,85.59701432999147,94.28990195656682,40.65694329938589,2020.3094239359723,1014.3770760238781,1935.4052598853755,2008.1244152650024
88.79519826317362,88.08199739880791,88.55405284585063,93.12311280714901,966.8526975360749,1980.7825167908077,1999.1923024251987,1033.406109245565
84.97561798459375,49.087039975984915,96.97442014098881,86.82712971862968,2012.566835975498,1106.7906755159584,997.3608428393688,2033.7410086278699
40.42121790206852,92.32490421169359,84.48352284290269,44.19521211269399,2004.6460253726452,1970.0122856034802,949.6354574416653,1956.3743065581211
86.68730476049957,40.237665188921326,41.17039075396531,38.70171826411301,1028.50558770761,1037.22777058748,2021.8819346917867,2015.4770309613575
76.00706319171162,91.10862845548655,94.46984818257478,38.932104339972014,1026.0941964459214,2030.5869725824107,974.2738117683322,2023.1075914688854
91.34132644837341,41.38095981026537,86.03097611897549,90.14057439854437,995.8874487994516,2024.8541360248425,1990.1747086678274,2012.8900534508562
41.31231220726403,93.58344084605382,47.19921422665399,91.26783725656122,979.7939167962064,1066.6533500167734,1976.6197084161888,1948.8537296816196
88.67724351673333,89.031982741245,90.91123778991772,90.9765746729747,1014.0838926360794,2009.4152283572894,1975.0891491365128,2000.814655983426
37.022025724188175,86.99545564404218,90.5877916502814,38.77489569636073,1007.4917870772377,2031.9189971543926,2017.2943988821398,1990.7152867440293
94.14360818207902,40.07608763809509,90.4135278831814,91.26616752731991,2011.2175667862589,2037.0267179423115,1044.6130317260481,1003.2916365608116
92.45463450569618,91.14028730230088,90.17477480410616,45.97427327689465,1979.4122103988798,2011.293223936107,1993.8105286379812,959.9629922508025
89.25395975755825,44.09559459643329,34.964945831652955,93.14563864284987,2067.22023419037,2056.064822356202,1962.3846979623047,2017.9568167705631
45.84830928363385,47.464032628048756,81.14980818345765,99.50449984640879,1992.172109383914,2017.2285557196294,921.9988766582142,2004.301663065001
39.615114928527575,93.90955364224466,43.121697217012574,41.55705531594145,942.8633759611405,1974.8953683512773,2019.5154303918782,946.5884153794678
94.88728816185248,97.94105633283309,41.48617317745196,87.37515971952442,1970.7011945051122,2007.9849648899685,1998.5840776463351,1985.1212405344124
75.26981442220638,89.03498886041776,40.14452749133696,96.37110694558834,977.8115481075947,2015.6110666061654,974.6972175824033,2008.7751675965496
51.58834497213753,102.39376650613907,43.64382349960653,94.17041828281819,968.5133756636058,1988.9422481743889,991.1287212534542,1955.3677616991804
51.129910897092856,95.24296054632056,45.6024866325415,40.52533993105233,982.293705043825,2078.553552342435,967.4193193377569,1991.4967443723654
45.90257325507596,42.486541473511664,92.96781367078178,84.68158926969926,1993.0331339303614,1988.0650555268244,2032.3494363320117,1016.8017369577415
90.03268898789567,88.52925880560052,94.50737198320607,102.18903484184706,2017.5561469377515,964.7267680558446,1033.464749677395,2010.960120658201
42.91880352169202,95.35981932134194,91.7124485151816,94.21605273939858,1987.8356288035848,1985.3537548596994,1956.0596811970158,1958.7272118043325
86.38515084765359,96.64779574603126,94.67903472304499,89.06112092475992,1987.1064105979194,1973.2657692271193,950.682864739831,1035.662266330492
88.94015598239139,45.696099752629124,43.44027373700458,85.64708554048914,2004.672543973305,1023.990895557546,927.1347252217331,1941.90404699733
88.69250683666083,48.10084852537599,88.12248848110893,88.72260830030362,2048.395153814314,1990.7353785780986,1962.9508626783527,2046.8805837446873
90.95002630886044,47.069390881890016,99.82885219321525,93.97079350670539,1994.5181076815647,2021.5121730166481,1968.2101864969682,1043.5568049360033
96.80280082465539,43.70846431505116,38.2523262184948,84.37915639112059,1966.2395669159766,2004.7145728275862,1950.6629252999387,948.755521294681
98.91346257726454,44.882906683140696,95.22657081674848,88.28064410453973,1974.9455614722856,1006.2920612957297,1033.159490671725,954.8888695437811
92.07324031097895,43.5991661688422,92.48131526201769,41.42750773397607,2043.4214234450335,1991.874526439938,1992.5290846083174,1992.2902956038504
44.553589092687076,42.96675795202988,87.58324604286113,39.44103643043735,1017.5362319691172,2001.662793202967,2001.651577629821,2009.1831586202043
43.31024788995515,93.91348540782417,47.95208681279577,45.197231101024215,984.5793382427474,1984.4775617617556,1982.7851374505105,935.2696130031958
39.439964943316426,90.84489057515371,92.76683352275401,98.61990231508847,2001.552304061444,2029.8098746647127,1997.2536164976402,2031.4444022261996
101.14292473350315,97.40350989293322,42.46506409201582,104.44942437625139,950.405843028994,1982.2706373929395,1028.215089998307,2012.989004172499
91.84881579571825,39.61944288092921,88.42059103980611,48.1921389213571,993.5764926160857,1971.1301752628876,1938.6533812542455,2022.9130777089454
91.9656134025619,86.11181610213097,39.24856256439351,91.68658310856323,1963.5541047469492,1032.068570763368,1997.1693101370658,1995.0292624358651
83.97428446429348,85.9070411462527,86.34185964867963,82.61480858078109,1940.1817610702558,2005.0545343900912,2027.6375484231162,2026.4710313137198
41.35220623142928,95.51565393429641,35.564135677998685,86.39639360815845,1026.3539981817053,1002.2302951462473,1006.3631902125153,1041.2047355437235
84.63335006537656,87.47208032360749,90.30389115987538,94.31372038179497,2000.4326511768902,2039.2144898327122,1986.9051453626582,1041.3484150911117
44.01838718119793,97.43492544418967,89.4508747390465,97.87679743578141,1957.9675806083792,2022.2486252759338,962.1460477359647,1055.1630706169965
43.61458569823585,50.66540842540779,41.958283092636094,45.14360611464089,1973.4056616521154,2035.9420592867637,1985.6313670044196,2037.819570148385
81.22631639303954,49.43371079903373,32.50608468267929,82.69850730491846,979.7365018399806,997.7226187937532,2009.0731255666738,1972.0565559447043
44.48742521885251,43.699628178377694,31.07322119270055,93.31749878072583,1996.3177049024043,1963.4359119786136,2023.7829006828485,1069.0466718877528
86.12227514908554,92.25454971196267,38.50624032439828,42.83391452085971,2000.2672743741236,1977.882214458619,929.679352578095,1013.489031408979
82.9429427600841,91.13368982839462,46.93760195093741,84.71932207219373,1988.7107874951132,986.8441482405524,958.782245214253,1977.441308166052
46.02329244107383,90.92129171268343,46.02708629924273,87.06351025887712,985.448508444226,977.8346476990976,2006.7751798167772,1994.760532457068
91.09740117414333,44.17782394445649,90.64579028914241,40.424622387214974,1986.973501018981,991.0586152011508,1942.9438280945776,1019.3137341021185
94.58579778609126,46.007962411896216,89.967284372152,32.338295712851576,2027.6368379622759,973.1792830899556,2025.8028634365328,1009.3651810891367
89.68941169212262,45.95667808714559,87.94978180671166,89.52986240416888,1979.9802578931778,943.3583864973352,1018.7038430570126,2011.640252667214
92.48443754027103,47.64011799993878,48.174179489456534,46.39494892636017,1057.639827395553,969.3879189278208,2008.5556248342486,1041.008630384702
83.194567108609,87.37113472622183,86.92816649566782,91.80691801702358,2033.1039815903355,1906.1825073781863,2013.996471165208,2026.634424059197
44.217710773457846,85.19426926545499,89.27672941641039,89.24041803720101,2010.906488211293,1988.4287962481374,988.5464916690771,1999.052105712649
88.57434933541136,92.53414382132073,59.68932910984468,90.31577342649258,2012.6609266267517,2022.5241461072735,1070.2830907652587,1986.040672525045
86.48297209088788,98.65936754857924,46.510241867804574,47.9058278875989,1950.0558298480844,2033.458259239612,1939.4580527035112,1050.4080076403047
43.56522059969616,51.93289624373867,34.49343210488759,86.10316804061507,2004.4732207260672,1985.490469656169,1027.5282000548466,2000.3155010928424
41.606788469622714,89.07386552785866,97.8794108603052,91.6802424017074,937.410326451725,1968.734762513405,2031.3237330234424,1961.7618751775253
48.56954321897567,85.88406371677304,49.11379023782451,47.84767626118561,2023.9405013277767,950.4240477671322,943.2414106734205,910.4627405448834
97.03008984956037,50.79346442106264,96.34402951032727,92.05180535620262,1104.3758060854977,2009.597944269211,1969.3899441807955,1964.8413329293628
47.86324947425642,90.64182555724429,89.24982412828518,88.03747646176245,1089.4245242940638,2037.1437330436675,1970.8154619130532,2023.6323005057475
89.41558127760904,54.955213840709845,96.75364730670397,91.66855201184644,1978.799612588099,2037.4157678434826,2051.2453945919738,1066.045713192294
41.681136608365634,95.85793253368719,80.51755480900873,49.73837741428394,1031.4435394671666,1059.0300655054546,1027.3211813484204,1029.1020774486997
46.25505527906933,84.75641308556634,90.45031143354029,101.1450415899827,1002.8055480877144,1038.0365525725633,1014.9458337680775,2001.5471338944337
41.85826644747332,36.5418907180664,89.07507484124353,52.29077035947515,969.3436264690262,1967.658987037693,1016.9747398244369,2011.316323156588
88.46310516622994,92.36879358530402,87.7044892652701,53.39048540925039,1101.4547664853753,1099.0167577776501,2005.7986217134855,1971.5114771743447
91.48485791475905,98.1253269781934,52.23259666303465,49.04318837356814,1103.65166045223,2037.2430407243928,1090.7319288998126,1084.6289888384802
82.60256131178625,47.954661759534844,82.45796959734,49.45024736648551,1945.4309208707837,2000.130748856427,990.6332836591919,1991.936758264818
50.114448828436,90.88246875723415,47.11175377213412,91.78117433596123,2005.5997323839513,2084.427133156344,2047.4015308774697,1989.8827772357151
93.77400982019142,47.65509190761067,86.21567653848665,94.48254933499496,2005.106584510401,2026.1552376889504,2006.2654860281843,979.0651620506789
103.40347107846581,49.31307954154186,48.571646287180315,31.137484990579747,1971.7381294750821,927.450531064623,2038.9012567199234,1029.12820238419
97.12305211972526,54.93154670720628,45.95488119191863,80.13653238315594,935.1851032521117,941.0312158488887,1962.498115042082,1064.2229204876467
93.74901396134464,83.48023426969262,88.90849629478943,89.2081342676346,2031.3499410138668,1977.7890305050632,1138.882273768313,1038.7192651668106
90.12708703398945,82.36421349193245,46.39719520195873,49.682471560447055,1031.243063005406,1125.3575972514534,2019.6266178399849,1047.3621102184911
86.49759300696124,85.93350818975296,47.5111277927833,92.30360650771954,1967.8708979940923,976.4028268210827,1029.222658473749,2007.1053835204586
47.884939171074436,87.06536401099915,84.22494474004313,47.42832837898027,2024.6343900352006,898.151445711296,1023.7768425487275,2017.0450188229158
51.317118829016735,50.006778116396816,43.549932421415875,39.98021677852056,928.8035502818636,961.4883988354934,977.751886110731,1993.6931945273748
95.75269107961249,39.3171575328726,87.30183526179385,99.84791146752667,1031.2216699471107,2028.9734450077256,1997.2290043166643,1965.6827731074993
87.30837586460791,85.52518763386766,90.52413943999235,52.88557657244323,1033.6757840285868,1010.9337475212965,1101.9588915857946,1998.5117715423273
86.25847392860757,96.62439417409756,40.87460042005023,93.23615707757895,2008.040411723883,1984.0509400228668,1988.0484122021705,1959.7207123467101
87.74281630894443,48.68655642907417,89.87073369348079,91.75194543825499,2015.2435527398322,2010.1929958169283,1055.1367103431999,965.3589230828868
90.38278427351952,55.64411129703216,77.97488003086653,94.60767696399168,940.103264796339,1970.9921480944859,1989.6125478940928,2064.0027293636954
94.38814803371602,91.24334157459666,85.64773760754981,86.83656484661,879.8651015119104,950.7343087937887,1990.0786277038583,2020.1309860719202
45.295438765449106,45.583482326927914,88.4513540582665,52.454855662019334,2023.39439651562,2039.300359073207,2035.4570901370246,985.1891789835195
45.308174215291906,47.423204494385274,48.03208057550546,85.39410461551125,1953.7864881072564,1981.3970011171352,946.4954738069985,1997.295377904297
86.26509189429576,47.48109872261614,54.42119682691266,88.83153444632866,1092.0561684777026,1969.5636289687152,2043.5838237368796,1978.5191853944923
52.80737254486705,91.63817394662316,93.4033414054328,86.86479921935477,2013.5687760917035,1986.5956774974168,1006.7173449392839,945.4731232517365
64.79139869289591,44.12879004493306,55.08769312912996,69.14617617526942,1969.8383132207412,968.5386676401254,1967.4325593885578,2017.2633988974292
101.76712690892417,82.0917281181066,91.08927418910733,92.48281966188671,1978.8948925844186,2048.639562347807,2014.5959026025596,998.4696306220956
47.66201355055634,53.1952124432494,91.36471075057747,56.760645337060254,1988.62938770369,2000.7028024148424,1016.7959621489456,1979.2775298433626
51.97692326009481,44.25324041494306,58.06489618955644,46.45501106421608,1007.7248675199332,898.3037258332179,1115.9632290910367,1933.1969931377348
88.42349091634364,44.730962653565506,55.11763214206448,93.45137496140991,2032.119483761169,2088.8650690992276,1062.6614512355359,1966.0011294123651
91.41459478059586,103.68532149331159,82.73024657669956,48.1622204862051,2065.8387207721235,1986.1201686825705,1972.153950661,2020.1953875823217
41.32110014393249,94.74196366190189,90.11693689068632,89.32292523412282,1990.5141069305257,2001.2465714315647,2011.4399382510674,1023.2236742253103
82.03715428036001,88.99394776634276,94.33219704213782,51.386529109279564,2027.0952474959051,1047.0908890526348,925.2415148265676,2028.8516851412508
47.116660653590884,87.312414836229,97.2067367675414,94.28298187617068,1989.9301081469005,2054.7401942812276,1983.7258124121815,2004.9884567518827
44.303590223554366,40.99953956377322,53.309388802790366,45.080161770861665,994.2514415506037,2034.095100585401,974.492068563052,1995.4257018310816
49.54880345927507,93.80994367216817,90.06495589254338,95.10396078124971,910.2778040383885,1034.2602019349943,2006.2888872704684,950.4130645800592
42.08579418628335,78.36191497295331,91.59044249891286,50.8783724792996,1970.796983469961,2030.4365225360302,978.1696840417758,909.533752154979
36.31900806624233,49.44791783067982,89.64377240480829,53.25741104371022,1993.4083414864429,962.0249787195248,2028.8481316034624,2015.2124332767528
84.76889455328386,92.98657783195978,83.40174816018529,96.63760489092866,983.6723216383004,1027.4186900864734,1972.860828120764,1021.938515132993
87.94832458791721,89.06829149063495,42.61730394382748,50.5841306637949,904.2691519110876,1989.913780664354,2033.0801447429649,996.2335823169226
99.2406901754922,88.98401920948217,45.68566644082604,93.16193535293941,957.091665090351,839.6113285077415,1960.9567027283285,2019.8004618174539
60.66705599008438,40.05617865800745,42.82103713050357,58.33359117322076,2021.9794274909807,2067.943561711185,2025.053616422024,1926.230514608348
85.32726123738114,33.20682170736434,45.676574130510154,59.018139057753515,999.3168503345166,1990.9670305445868,1993.2494403546414,1968.3931876650784
48.87390196588336,96.99931082664396,45.4571504502118,93.10678200534718,2018.697099685138,1009.7434537052436,880.0381779857184,967.8323293499128
47.89358726211562,94.84064055340689,86.62315691680368,84.67941832164753,1037.6548403954837,2018.3018846488253,1031.3588570529323,2012.7836257359122
91.67481621997072,38.83723538965041,46.4669575457803,97.46280102610211,1047.873846458362,1972.4583984879657,1982.355398844808,956.2903745590997
48.75577706901353,84.97033394395231,87.06053707206573,48.49034430203129,1037.4038347293958,2000.5511757342244,2021.866110942016,2012.8471041958271
91.62570447268449,87.93034646243103,91.50197130252786,93.51006986187109,2028.5514595090915,1021.966989078161,943.1425763981127,2012.4869143250862
47.1152366066368,91.87551893329412,50.20369429777395,27.071637231204132,2052.4061156249218,2007.9833824631276,1043.2041212368908,2020.514234663704
49.096008515286876,90.98796193033495,88.33580743595483,89.73435502961557,2035.6303087391643,2015.3202277943515,1969.4563537785014,2000.3826304076415
42.58007474922435,55.68653642768524,92.99500553968166,83.4003592921822,1028.295497633726,2024.180857618212,1095.1930751025473,1977.5282156630426
91.81805875010606,88.17910744607936,80.35580372991811,47.83269391236891,1005.1374783436411,1126.3625058481375,1147.8851656685742,1939.7497232512303
100.46478692342845,49.94382225291685,53.42622561270937,88.79147898606124,2010.21200833396,1942.1807774255356,971.756020647206,990.6127401450316
47.28514033794471,90.06418424820971,52.22656939999072,68.28801705213704,941.1692637356548,1980.2297894585458,2049.251315668043,1011.0940987253705
89.75434602753487,46.00378085406305,97.87702969569794,68.69050229143245,947.2860414018332,1992.3673712026969,1092.4233794028337,1909.2715422184754
50.11960386532722,86.92460432314,88.71053620927385,89.66621937669872,2032.5140301634253,2009.0026371474491,1979.2742199175104,2005.0949979342347
93.84026298543192,49.96985954618485,87.46114627189762,56.7661668071261,1006.9748404025696,2016.426169134732,1048.2853805816164,890.2846637705185
87.3207840160656,91.90753975009277,92.27844265975021,86.4050385370065,1026.5642383202871,2005.0755344833829,2015.0327735264195,1971.9223031964088
34.95694299292056,50.571603659748526,87.93674892037316,52.68581045936617,925.0646810291383,2016.219886914163,1994.2851160485618,957.9119365481322
90.02822206643825,94.60996815032766,45.923805202542304,87.45572276167432,950.655776452016,1999.7589405294586,1026.0174776234728,1950.8759804476065
46.96163483884813,84.9946773848355,88.2015088346191,41.89440668960961,1006.9813362886766,1044.3807012581412,2008.037123336601,983.7978714825072
84.54252368521546,94.14430009266307,52.51069718111121,80.47141445341389,2002.93318069436,2025.2614649007928,1982.7024171899225,2007.909338022162
88.3614287797019,61.16232130966159,86.47661444507598,47.01806280548659,1012.1112060166315,1061.8756733353782,2019.2679815231145,948.6878384027771
96.58952513831622,84.21713014540912,97.44836528978175,94.25012281690651,1061.0517171575011,2021.7606018864287,2005.8079334870288,914.5305758032393
90.08549091868089,41.948956719221954,62.64415962855024,89.26892445331843,1076.1918239767479,1996.5486643432891,2006.4990706740687,918.4982326108558
91.68218834201154,95.22987077091378,87.16335644462514,40.544696789232844,977.2643694056804,1957.3683081904005,2039.401112413769,2021.4447049658797
88.24689854107737,99.35175428642913,101.0773998675512,92.0105570467846,1985.8028404788718,908.4650421757276,1082.772744370834,1989.2283346879415
46.65796512088181,42.716918785995404,92.23318247926895,85.99140487141382,947.0588425720185,877.3238979953348,1981.0397668749292,1016.9299586419796
89.91389744699562,48.89592915356961,88.56031605544179,45.780103168844136,1951.5581550990976,876.9133909672055,1989.2491305571607,2025.817881567846
90.52724387808608,51.82030625201168,91.93604470814145,46.700734952247316,2004.400992148037,895.9606597579543,1075.7139198615089,1072.2617238921375
93.16566589908021,53.086640970051405,41.65847521089077,88.45487882322819,954.2495630341118,861.2411162305104,1959.4921759208105,2033.7766727571466
51.72801222102791,52.533057213844245,86.248511094269,54.15851038739983,1904.171491568737,849.4430326234799,1999.5630372652004,2011.2174605197852
97.81281489956206,54.59263670527217,52.34094154231844,89.74056351891782,969.2896200503303,1935.2647726886396,1065.4048556298899,2006.3627065857163
95.39782508189832,60.87672993073808,83.24378298362461,51.64894135712898,999.3860851398006,2032.9783709061894,1969.2578718557384,1997.4698069392568
91.12609391775688,87.26061020197756,46.07572744839706,93.18294240283764,1998.4098461016686,1997.938017272401,1085.9330363291713,2018.7981164709747
96.04330660043448,42.84710428984526,95.40021116297342,90.59917787131317,2002.1738843118267,2000.617504516005,964.3002405047082,1990.6212022850837
88.45926964912582,96.23642240902451,86.40701845557494,94.22883009612076,2009.441881555251,1973.5787683875183,1969.8091446687674,952.2902636873134
