TempSensor0,TempSensor1,TempSensor2,TempSensor3,VibraSensor0,VibraSensor1,VibraSensor2,VibraSensor3
89.52026620351043,41.6558716644955,39.96832485242401,33.69382714037218,2026.4439567761974,1967.4646964901592,1995.1967304244693,2016.9596743693849
84.2858615680189,95.55342207138231,40.72962290348475,85.67939449875342,1972.1988659990773,999.4556410156514,2028.7031657887842,2022.6301235452095
82.78136581397125,95.77761298436828,87.40486291030548,39.83179182723386,1969.310835094106,2070.5591868284773,1027.141350141958,996.2384211891306
37.29214004661649,42.80147916443626,38.27392031238452,85.29289513020798,1995.1898367074377,2022.0404894432281,2059.0627286149765,1014.5701131474202
36.89839041306094,87.91309447224606,87.35971914134991,81.87073507773594,2034.622662853282,1015.9967628454856,1032.3616298165948,1973.8726851287297
38.343536649151694,91.76272658758873,42.527604754187294,37.04975749515347,1963.9731896678807,989.5953084587514,1019.9082195352519,1018.1733213030845
40.208514863652795,96.68981966214525,100.78002731160751,35.03058887381951,1948.68771440713,983.2408808449518,1995.7942239401452,2024.8928396940194
37.24183876176427,94.09211859573146,89.27841773011886,39.486804537630306,984.4446806395906,2021.4297036398013,1956.428071966576,1021.9920764191711
35.80705796035216,91.13303938516904,94.94921013320604,39.66817741895066,2008.8929855924587,1003.0755928056033,1993.6718151773073,2003.1445951063215
38.37777020630853,95.82629472099954,97.00190056052212,82.67177497600764,1047.7112353940856,2012.8116560149688,964.3528639140179,1998.2050198789682
93.55299775558305,42.818343257862665,93.4561515074062,94.9924497835775,2002.98880663032,1017.8005866043648,965.0574320111598,980.401589677617
92.49803371540808,89.12245144275904,39.63929394106198,40.38330603121943,2018.4558751386326,1014.1223541215638,960.364456292938,1998.6031353168912
94.26136452023647,87.08204341715522,38.06864715991762,37.369598038506766,1028.1599224603226,2013.5833711343553,997.3641865507112,984.7479357675418
38.10926282303013,92.4991549226452,90.3478920267407,35.90424913653888,1968.7207084055005,1987.2329563061753,2054.7691215654527,1007.2076384686696
96.03391737931601,85.22851130224979,39.00147618045442,84.95685355651663,1965.6855124522262,2031.0696773261084,1977.1610089619492,2007.3755626187144
89.14101920049355,90.3633950847266,86.87264288960218,86.34695245348874,1004.7495545149166,1981.9771605942128,2003.270627235386,973.8375804964867
85.87696099155951,85.12831057062215,42.631740514701676,98.0987745057797,1027.8834401627514,1993.5151158584852,957.9759025058211,965.255355789749
36.19147977731791,39.14072819263383,92.46907284351146,85.75375897991353,1013.7395730430707,1021.382602550805,2024.5950685192088,1970.0860977610566
37.296665036467616,89.48885057892001,40.13184885174465,88.39878854282375,1994.9083900985922,1045.7662644638117,1981.171424496486,2017.905036988167
100.45589398898213,97.07946409096668,94.89794419022168,40.64385991563789,2034.4757133595274,996.6475983617881,1994.7356783698328,1018.8803487952157
38.4454604163208,39.60159178236672,91.55630795691334,90.15054605942726,2005.7283846589469,2033.7633318711096,1997.9849209958136,2026.7534172774428
86.19377324778311,42.06020926366098,89.11316000034317,87.66435319840856,1006.9443122090528,2034.604722957075,1014.3408462283977,991.3211391443858
41.00853598725722,88.90355164589425,96.51851846553386,83.51169909580094,1997.4862220298028,1014.302373943993,2007.005950928576,1983.2435360988334
94.87348157704157,40.509974162709696,41.52284427438916,82.5476400030728,974.5725094215924,2047.908997397671,1969.8513189536982,1000.804316538504
38.57514764944872,45.73391792854662,91.13117341459449,88.93037078027474,1039.4878860642673,1970.1166328403374,1965.9376084126156,1981.8868482744065
36.0669473060359,41.46786764171833,93.36065578102333,34.88874217349462,1035.4764748863965,1966.1730221600121,1028.1913760461548,977.21475841373
85.02616424785556,91.82026598053328,43.155873137548056,91.66873270746483,993.087176818048,997.895508825216,1001.8387996899272,1977.017971079567
86.9576193651418,41.42822181590497,92.98792908651438,40.4372867209607,2019.0087496129752,999.9100584386802,1988.164545690206,2051.1945405147812
80.86447403798907,95.5586377625909,45.05217185899768,93.50832077418441,2004.8220520896757,1010.7624337108039,2007.6193191826023,1969.7751434276024
91.09546622840955,42.89713539055329,43.4258417592456,93.94458619576464,2016.5774910111843,2014.638356864815,2035.7720759497292,976.9997190080917
37.60153074844063,92.04751937325453,34.2787764935035,96.239865373706,2007.7683135876784,1990.6425070247083,1031.6442867557846,2030.2807840824023
88.57579475514615,40.45379086937092,85.63086971261014,38.185488408972375,1022.252745644878,1021.5132008062262,2011.484340167696,2023.352950956197
37.32170683055952,87.05240392631771,91.1525287412726,41.433208067792194,986.6241291009791,1007.9641080534798,994.5416356104338,997.3288437605916
88.19123741867347,40.17698061408289,41.11135044837083,38.66287376939724,967.3834938309294,996.6052690893148,975.5854774507474,1935.642843961406
89.99990468955022,87.52941930281385,34.87553975401245,39.29822445712841,2006.1510012527367,985.3275859576569,1981.8657500380355,1946.0110758792962
97.71811913807875,90.84519289305108,32.781104833310856,95.72692576452458,1012.9879962948064,1960.4207869987933,968.1052085516,1025.4840854172132
37.8281874271615,84.30626417884046,40.59420751398001,84.6161863317206,2003.734961902908,2041.5646223946114,979.2633569096528,1990.6220277457535
88.75217279679174,90.9732820446915,85.39449808224548,94.04355529151572,1951.4371761512862,1027.1709687982668,1024.4915334126838,1003.8449599436252
94.1449110588297,41.56739252622664,87.90115728595926,35.4858425955238,2034.7276877065847,1976.8035515443394,2044.7974936349917,2017.1111148962161
83.45940019730203,41.847891481005064,92.77650514992779,88.40549316451215,1007.7980534193016,969.5284193405705,2007.8894126589637,1038.015705896656
94.01429359798236,93.31436560310956,91.12495697523184,89.17014032724471,985.2698594825866,988.3848487834148,956.4433433535978,998.4487609027432
93.60799002957485,43.78544009352744,34.844450604989206,42.41475608136243,1984.4881238662194,1010.3947876348179,1005.3197194148727,1007.969405412704
85.50370215142763,88.51800088831254,87.48199892016733,89.95927886736646,1997.5856665506028,1002.8325137213449,1042.0345448126945,1981.4791296345347
42.339403217774205,42.01014958448601,37.681723940711244,85.46225706542812,1012.2388150731754,978.3649122414859,1047.3660570504903,1035.9448267078703
41.32758524118084,86.77254808677544,93.99181246039046,37.556915656753375,1988.1580314067855,1990.262234670136,2016.6455966028432,1048.2624591063898
86.84393487033961,75.22633308813867,35.23354829799106,39.15400843067692,2008.0611290711859,1967.3687102989245,2036.1129541435907,1983.3807389269916
94.42486027371919,92.42030869217459,85.21264675547161,81.04202724177095,1977.2686339391478,1995.2960631586125,1999.81606913397,1970.3624441894412
83.5697757476588,87.67552594675568,82.37595881056914,42.075278232958865,1011.8140404442131,1009.5866140641012,2005.1782439866806,2023.4938566530145
37.90819033859307,39.4450585327408,36.391853291440725,86.4367540525284,1008.5369035271101,1998.0603154433738,1998.5576116434927,2009.7747286309582
37.31068104175854,39.724961319860626,38.43758531864327,96.5770980129413,2010.443666571738,2009.7337710249105,945.4363663172511,984.3861345895634
99.35928420823261,94.62047616373273,40.34767713444387,37.7165357639943,2028.1024149009322,1998.9024919356996,1997.8404381677353,969.0964013268755
85.29590158530799,42.99898654259003,81.06569455957228,89.96729047606998,1998.22036176843,2039.6052879013776,995.4377460312145,2000.1373200922612
88.85782918740536,93.571987556346,37.45896823604638,45.05774805097583,2006.726808889859,2015.3731049180822,1014.2629258202605,2024.8772070840453
84.92192827483004,97.26061541978336,36.84762562729891,94.68385880710822,2048.6689368456996,2040.8615594304613,1018.6235739360094,989.0136055684204
88.24915072990618,41.812470271087804,86.64151113117896,34.3270987475144,2013.5614474907086,2013.3077936749023,1023.4886508122061,996.7257732566411
41.38074983552086,42.607038442715776,86.8974061986168,90.90683376552991,980.6377615065635,2004.7228523791068,2001.9659559186239,2032.211562652694
38.038546336747224,43.181014275632144,40.84454466265686,74.69856314225139,1991.8179653940128,999.9065753975815,1956.8259661702423,1939.8984137282885
92.59501017144832,43.3169747358769,97.014863700859,36.22037932123848,1054.8905932581856,1987.2951137089158,2021.5571238783025,2057.1111627718897
89.3890779341522,89.11447719150752,81.02922638692124,37.09852464025521,1982.4262101206305,1970.3659986802816,1962.185865268592,2032.383206306214
87.67373230460095,43.5518531366263,90.10059181812795,37.20126965172961,1019.040784216774,1937.969076883188,1996.0427246098309,990.2166029216226
96.54144723511556,86.91699366499869,81.67061142161756,32.764331500025506,2037.2653955568335,2010.8876590577001,1996.7344501805687,995.5074744733506
82.97160239933221,88.4125650166257,77.69530260988581,93.38386647204791,1000.5679098647515,977.528674610483,978.393614516159,968.2216949813023
94.5656233898933,36.34140899328128,35.078563701585615,37.909165275768856,1957.9959933986954,996.1407426346252,1039.4917740216742,1994.786617748029
37.67333396096428,34.76581546773998,93.97330684657776,84.63457608166675,1970.3323608600674,1005.9612875937694,1968.6008281339375,2026.8338457458012
39.0215243845071,37.81751257376707,85.72636811478296,38.43930628168795,1973.036238577776,999.9264081061713,1027.6611758828687,1047.1059092846315
83.23504298334086,89.36349743462203,39.08068655977572,38.83811163432864,965.2947364075762,2000.8988175574218,1016.6651421428091,1024.2246858057897
91.63319589134359,86.16164836239764,42.21356445736046,93.51969498213326,987.0000774903469,1003.3270412583458,1998.055804027904,1008.6242264962026
37.53755535455343,41.608588876062505,85.79655382213588,87.34492782309404,1017.0004183232538,1001.7897265652836,1987.667853858622,1023.568653321866
94.60971639806007,38.268385498444175,83.34566311928678,32.0963477867535,1011.744269498754,996.3291475804948,1974.7155872090052,1969.726327748377
83.38118077314512,39.03972040993315,92.15490775133331,89.3557636538797,994.7529465556252,1024.3102783470201,1964.4649930085245,1034.7087830340947
33.23114342197809,42.09546610165941,32.847185984427504,83.69010587308625,989.5146297730831,1023.8924759092977,1956.5005019047244,1988.201725803935
89.15622886456686,84.279723273305,89.30991356068226,37.30083059852362,2035.6047654416598,1981.11348358195,1030.304935150204,1014.9249440719836
93.8123217336059,80.46178395803882,41.28965457159911,92.06780365887008,970.8903084313763,1009.157922084948,2015.5563474710798,2005.098187046449
36.309872635125494,83.7718152848212,90.88105517538746,93.83487614940019,2023.6806322188775,1005.7018693496534,1994.644193508675,989.62518961307
36.50164667577297,91.88264963972796,42.02533266283649,43.51384928609566,1995.0378339812091,991.7258332092856,1918.5971361123827,980.6288710928441
37.296981214308886,43.40974094169299,42.810532209815264,37.59798994063654,991.7799793884287,993.9683478154034,1002.2209020797214,1980.2183328946128
96.22382634973357,40.784607194958724,43.69796310058648,87.15962511716832,1016.010401254781,1024.2947306990513,2007.8397531621806,1021.3272119485507
98.77069144807993,40.20684059833135,39.188907260973565,94.50656764708086,1035.7145705603957,1018.1601611563732,2046.1251503775288,1022.2662102320013
36.26995481838148,94.20900453183032,38.239069042037784,40.04704037632315,1968.731747813518,1006.0024876660377,971.599156923879,1020.2596951088796
39.73301429863497,96.46307909997665,37.800730349010934,39.50930200724582,1990.0180370643884,1009.7668777753155,2006.1112485773208,2044.6662010616367
97.38534759776726,81.48444841059799,39.268951520398986,38.286611875902565,1972.6347525255271,1992.6452560065404,2008.3106094886716,1992.71453790153
93.47320084847763,93.87515514160737,92.3571026896659,35.439678091350984,1995.3489829267003,981.6382400824593,2012.7954651085936,967.9682107107708
41.86930365965125,39.3538982248114,92.73731905998002,86.685299146449,1987.73898543839,960.3018971347185,992.7507290810584,2010.114066023804
96.53506968403974,36.04491231336659,41.96038759976194,88.44408092125437,1014.1491694007332,2006.032421467984,2017.217569146872,1013.1947179498463
36.03811843891408,97.721161134984,44.13698785929729,90.35007838468313,2048.811547853518,1024.6587046812579,992.4677441057,990.7128850275376
82.83709587206859,89.13893270826122,85.42068190003924,30.128363690031676,984.6671645712469,983.7368764314135,2009.6733994553279,973.9868256321447
96.5639474021695,39.83999121783732,38.612840488929194,33.69843468556576,2052.5946581420912,988.7488838224242,1048.8429532160094,979.3985549029678
87.04255723695884,40.79463901954939,48.597423923161735,86.44673029763804,979.6345050135976,996.4748841475785,2038.0978177618395,1999.603064007
89.39809512380909,40.31297156594164,52.67606139416278,37.9797655080594,991.1186188731158,1978.0199660592232,1014.5515464651764,1039.9587289227136
91.61015598615299,83.08451473965063,87.85462991882565,38.61796765994994,990.9837532742554,1004.5988419652156,2042.2183773079546,992.0954131099343
39.156177837275266,44.05296721119015,36.740661872119674,84.40386663712422,986.0680522962375,2041.422296535238,1039.3958709114174,968.0666328748573
37.07807116914021,80.7974645715212,94.94180905671985,34.561057707892616,1003.9896416810266,1007.9595086194454,975.7371392437766,1987.6981373971846
37.56930947450325,38.373261316199105,39.548794264659605,84.80922052577384,995.1973535095182,1011.6911237069664,2008.3138712033542,2038.3568686761996
38.472963127485585,38.748061919017225,89.60785315087239,93.7817982301467,1981.2276164864568,1028.6910834951057,2040.3593576484318,1948.6647442273083
37.540009144364944,40.88848491042744,38.62578983827266,89.68336085996894,2024.7331766393088,2001.423718763484,1938.2394852961306,1988.8055430070856
86.87122421483063,39.99637087870413,88.56228297076454,37.56936986698197,2002.0949321804048,1997.263940294138,1931.9424547022415,1006.2492512538761
35.37816244319196,83.34120681090776,42.62102661468636,36.63309813080076,1022.9585319108894,2006.724891600992,2010.998573171578,964.3911995089627
36.893796552544494,93.15214936783482,39.92039339785518,94.3101252907073,1978.8216107929375,1962.377201495992,1022.5523772406643,976.9074479147628
37.376385131190915,91.5266855732393,90.19847487499786,90.53155866406723,992.2808412318798,2030.4188030404669,1937.5670081628186,1051.0532861544696
39.104030544805035,98.92235622775179,101.0618434500192,36.82316729533156,994.6016724928677,2026.9829583235075,2028.5249358639142,1072.560371282284
37.34383736611788,42.14855275894401,86.66271174807868,33.25695749760893,2005.1876955043324,1997.967450767079,1942.8152965933034,1014.0123201433777
89.72164204733063,99.55302164731268,45.1935727284487,94.24138012267485,1983.512017850044,2011.9416862507833,970.7984490795354,985.6573662868527
38.83513037473414,98.78784213511892,43.38806100615892,89.91516838933363,1999.6457250638866,990.6594620211531,992.8414051810186,985.6131732338772
85.87796627677137,84.75407328949302,41.58645680593453,90.1948783732576,2056.308348786037,1955.2044525453323,2012.4084358495995,959.6856670624175
41.646314186809484,87.69248641118979,93.275222833254,90.61382105486804,2020.4160410967102,1992.933131512097,982.0949345268751,1947.5376045265675
40.61647286148974,44.25553523953148,90.4213227012159,82.83316728155634,1000.8737775588368,2032.0576690566932,2009.9537192831406,2034.4106722025117
93.73166006717594,93.7204945702443,45.38650503026868,90.61596080892512,2007.2912149788226,2031.1814755922762,1970.1972534991671,2044.1403914003859
39.22065395113877,36.71876533164897,88.43005851382277,40.43358500681114,988.361968917731,974.3982739602998,988.4449161575656,1959.2782867389892
90.13135731251538,88.35358772012121,89.66746892473672,41.75896665919379,960.5498208410415,2019.7339927440057,2031.0343671268927,2031.8476794412534
94.33333088198066,38.921085127296735,38.679817123199555,100.32842367109049,2038.1944182859681,2017.557027712905,949.5490821180438,1960.52085273623
82.93349322559655,98.35354404425361,80.2174974636532,88.67775942327546,2001.4186121856455,2014.1051512786391,960.9278448248022,1935.3358184358342
38.3289882356849,40.30935771573216,41.94634595944722,90.13149877578552,1985.6538709534084,1962.6643492645926,962.9734318463932,985.2891514405796
91.24395687865669,38.472184787700655,86.81511334787255,28.82063727276425,2017.4021077017217,984.7885861922692,1982.7371249657795,2043.9229856962725
88.23187018622856,91.30344641565043,86.27747604640832,90.099405166984,2006.6683008781272,1023.2860163525872,1988.8358958200013,1981.8796288720928
38.33501066064491,94.60509463103885,32.281314454361585,88.67737214976017,1971.8475313690358,1023.2700791535653,991.4529217434687,2070.48529477813
37.06959569676059,91.89922423841014,91.12787204790344,82.96175475336034,1009.4348504137397,2047.576198222661,983.3783184712445,2006.4145633931898
98.66407857927209,89.89259309579283,87.3837275992033,84.86475246360665,1002.5835983689358,993.3029091228909,1968.775262599219,1021.1093616974416
90.14992772173613,93.17087912669713,40.0232514184647,92.66928720394537,2011.1469113339192,986.3888891189448,1978.0904071913524,996.5143275343394
87.18482451838891,40.844310753127246,39.54801012598822,38.04196332684561,1023.7044792841541,999.4650887713982,1002.5227350983193,1983.0492335109518
37.08905273222257,38.020702629812675,40.131014125903235,94.8368155667482,1989.4933499061192,1975.471077894932,2031.913526449574,2006.3325670106642
38.434490690920036,90.71798502187369,40.36179640540623,37.514759889970904,1977.316086574364,2045.6234865148479,2022.2752202943925,1984.450419660483
89.61332764856297,96.10261605613788,36.70888703566996,90.04900848469633,2027.3726533717133,2033.4260164459495,1993.4136696315597,1985.7062091156229
41.936976914752236,90.07047246318454,33.71761202831499,41.350827732880404,1995.0565461746785,2023.099060482084,1011.8155497466544,1981.89011371901
37.746255670170456,41.3183410397714,35.86593159570079,38.78170917309153,1903.425113079295,1020.8854612698377,1030.9617596695398,1020.7361611976937
88.94044637241076,39.711979293545156,87.59381216801847,77.3823759824462,1982.6955632965394,2017.5093611161456,998.4312717088089,999.9768374562063
42.49976986574771,99.33140335057922,88.18040660482514,91.33305368330741,1013.4240800996199,2025.4253049477934,2005.8765133963548,982.5913758070911
40.73618869890268,35.77320191061411,87.8632930319067,37.094142405871494,1026.7893677804184,987.6577422966611,989.7490585405551,1967.5277045458122
83.87780100120311,37.67172402285003,36.58356978121236,31.12572049455241,1025.355069274276,974.0463975493128,992.174207550632,2040.2312220207252
78.15037210420053,37.77777478516762,37.876652120295084,91.04544678552939,983.9326662467728,1005.6047915341023,1989.3048697289703,995.7102046678012
36.65339019907135,84.83539282397919,38.86707193452955,93.31008646929568,1993.6417287045567,1008.0427061991713,1965.2015518136172,1980.7638891113597
37.195213592577595,91.4850543958029,96.83953246004594,92.08129440518691,1971.9769697419629,2003.0635513753102,1980.27507897035,951.789946297492
90.11861761145317,94.11895187054643,86.08906741450521,85.0687452966132,2024.3876464437876,1951.392719441571,1969.1660572806188,2005.7602150902153
89.5804697280319,81.85316717417913,84.25031264756308,91.40459766003075,1985.2301845939164,1955.7009922010225,1008.747517977576,1980.8962844155806
90.2822624824963,42.44954264564655,97.67452503880094,39.052420116604004,1033.8459641421177,1030.5158873759829,1977.8791643361492,2027.771183828692
100.96321423475722,89.77043548885484,41.33310579927002,93.20322137480373,1988.584287782362,1982.9429599107245,1032.2440965913238,1994.4698939378552
36.63753499339997,38.61461794833034,91.21431885423118,90.3007013565478,2048.7709411161113,1031.399722646159,1936.3578893758895,2057.56037222987
98.57483954208696,39.62466200892048,100.78378057609653,93.32399951012843,978.0955288315648,1957.5838267877546,1054.9221975830487,1978.5310965562849
83.95368885107571,83.61177122193166,42.66833558861623,41.91826201013888,994.7103937099772,985.3328805157872,2003.4400316785786,1005.0357470401209
99.26036235837782,36.89609811560143,40.25238809482936,38.1303028808218,1990.22724314898,960.2539808817287,1975.3037494678847,983.0381493700781
89.01679752124161,95.08368125260867,82.08069219529034,87.45906806922093,2024.5771122210233,1990.392697650124,2063.4155602316755,972.9920078851853
41.222077912665284,39.68908702439015,36.29180675520833,92.55494960993252,1013.9056794025453,982.7178557060424,999.4357221214575,1970.445788294596
94.90408626645642,37.608770271501854,89.30296161078083,37.84454115669949,1964.0861661747604,993.2649735313021,999.1725398475903,1012.2985082296155
91.15661271625024,95.17839915659523,38.392763946700896,91.35919087410252,1947.9793412982385,1014.3478254142162,2020.6961144459972,1017.8196705006051
40.39351363314664,84.44843347197843,93.62989919164089,82.70919026822956,993.8187730310626,1977.9858786095765,1011.7724518896749,1008.3725456659907
91.52959181458866,85.14798532222686,89.23224087615826,85.18659230357963,1990.392859950202,1981.1926100010382,2003.9639620394096,1012.2214154842931
85.00341350421638,87.88562235641041,37.68817252091204,41.262239367321605,2004.3463817515435,1011.5688917007915,1016.8744139381951,1965.0359137575117
90.09294098146412,85.0842747467191,91.24048984862654,86.82516316423185,2006.1578621302565,2029.149935481934,1996.4277754272525,1996.831136783795
86.47913376477935,39.50928388687818,41.10519691621782,39.73541423466348,1000.965447628587,1020.0542160536909,2022.2058915672362,2053.813332951774
90.33747517194465,41.00497262803612,96.03350843086335,44.32105480007459,997.0651755827917,1942.0836519143193,1985.599065203704,2033.3161875908504
85.1680184007129,95.20258709468814,41.01644249179305,41.858354073774194,1993.4876927832352,2005.4829192063073,996.5921881767158,2002.8574070166867
94.80452382196545,96.8171081290364,39.90746317188938,90.08378685781815,1982.5613939793418,1967.929680609156,1030.4250343154322,1961.679797050885
36.96562727192668,87.17265714908808,39.9093238340229,38.97586870553773,2011.615984046071,1998.3926786524182,2008.2323655235668,1984.535894479135
88.43760976729823,38.820009861203445,39.17147611568008,94.08626038382413,967.4756898035912,1995.9201419868289,2047.0497472746629,1974.5555123086651
85.41663899712317,39.59266852979898,42.3512506902416,41.38909572025317,1973.7758706115249,2028.5379442430835,967.8966939206626,2040.4678126405856
37.19241884801438,90.27941850963687,44.22096449812758,86.53477649965701,1944.452259579276,1997.2874064007324,1968.5546816363944,968.910761273708
38.24827704919565,81.59631532332843,42.38376335672281,94.79866835693643,2026.5703057185713,994.4484974832699,2005.087115420433,1983.224975385547
90.47919846306152,38.05858042775236,100.11526725083218,89.56903477768554,1994.0466921742247,2017.5638566214725,2036.9149332576774,1969.4156655294037
42.43589454684741,95.92152288864591,90.64990653939383,87.28354868659152,1973.2336468773292,1022.4052462302375,994.756916894415,1969.542837063276
88.0012711760517,37.99344850703136,41.16508763453282,33.57341049383737,980.3112412759529,2032.3833996785706,974.586751821231,986.7339953532694
38.34162166766813,37.813810023574504,36.776112832853215,81.54865849325869,2013.4301172684877,1016.7280776375152,2002.6690682202643,1964.2411606519095
91.80355074436687,90.97803060871438,94.18458590145045,40.78968331995132,2013.5480146437042,1002.0903456727275,1987.7686823782583,987.7187938864389
85.37090246200282,41.915560454992494,39.09692544266345,94.02687254647122,993.7070626383429,2000.5940641409786,2043.2164078407156,992.4983130936944
40.34027951979403,41.51050169243144,39.86675434391101,38.10885129901379,999.1777110188334,2010.157332092563,1026.0511311612158,1970.3333029447758
38.53002006621031,40.1024527079485,81.21369841531813,88.69215921760664,1983.160673339903,970.2315044800678,1017.2475822846561,947.7849799563212
90.00179920332386,96.6920000960367,82.90156945986001,89.91091445059106,988.6974183613611,997.2545758861627,994.737879558729,1997.5273436681405
36.228688553489704,43.39426685092022,89.13740576130864,91.9560590139318,1038.7422252891015,1015.8925093274729,2011.2515984530385,2011.889770386924
91.28890874072408,97.6780062028664,93.10702722797507,85.88858782639605,1051.5863167799323,2033.584201612342,2025.692281235349,966.9873266691661
34.96334973436505,81.02607599400493,41.90602900782308,38.624886248410476,1991.2115540971577,1995.5834379783034,1015.699543163256,1958.4031173820788
35.815327100250755,90.74658220158956,81.11290316846028,37.97889317749774,1978.3571316406787,1012.1798870544012,1004.932761828421,2033.8552619349161
91.12665206458989,88.16503323804432,94.89437061076676,86.9967780248614,1941.1964559028893,2004.2781413925359,987.6788781505641,1995.5865395666701
95.19229388176623,41.168092189194766,42.413168635265805,83.64398128220273,1973.9383270805927,2059.485417483464,1980.7413129061717,2005.7076674244788
98.42395284712974,40.66260234912895,42.04245208520575,37.512713649387166,2007.8033853883326,967.3848265989998,1039.051714139804,1978.6415817400587
79.59493171423547,40.58481321384032,37.4904437332049,104.05380604213582,996.7722234246214,1948.7903797246215,1023.0168211801167,1030.6368312597376
38.48626525679532,39.922830676421924,38.64061730428335,83.07525383351097,2003.7721114017347,976.0584010426805,964.4986544796488,1970.560988375638
38.42470619116241,91.36727416906436,91.55292351642707,37.88840843135537,1032.6042544934203,1015.8091847772,969.1887713246001,2029.9468296250404
36.37939130961429,38.59927287903602,39.146058136678796,36.93291896473213,1964.9713234503831,1015.5364432458381,1972.6792757215271,1042.896416270898
85.01851742208021,95.97296307538129,89.90595152289349,34.97492024763794,1970.047736680054,2009.693493548616,2014.8830824826084,2016.268253681641
38.449208520282696,95.64957976948301,39.85977357843475,87.47473233683333,987.1962048280902,1996.6393176028334,1011.0039334825548,2052.1382868367955
82.35493715438948,91.7068721835702,79.97633086978655,37.528625369882874,2008.3647783016283,1005.1459321649425,1961.7105027084324,2063.164488973739
37.137849221323094,39.664632120846505,39.259449658929285,39.300714771540115,974.1268180473428,2021.0882383734302,1018.3798627600844,1987.2484816179033
91.42826177148446,96.33819283543775,92.08742651042934,93.17709375019815,2055.8296601884063,1004.8533634564931,2032.2570102694096,1022.3967164867438
36.49147079011341,43.21697291638024,39.13572727624705,98.64667831097844,1972.4027431285463,989.6753219956336,2014.3117313407922,1986.2154558646812
97.39629991490604,42.177877587042175,39.025427801705206,37.05695746986133,969.2245239904655,1985.4769012143472,1029.066560301408,1992.0657552365935
92.34935067925176,95.77910796352359,35.74618822836726,36.700097282533235,956.1427156229508,1941.0499050837598,2004.273982340903,968.4163247442501
81.91996303326715,41.72132528354207,90.83708987060061,83.59078024826546,979.2548299772263,994.0571734316613,995.4538408723491,948.8826243473399
35.809882061592674,91.42741125084177,43.73475638586548,89.84483914075817,971.7041321136101,2003.4549960424847,2009.7390770780394,978.0028271170218
86.73690998613097,88.44665046744007,89.47253585530282,35.65122679470887,2004.3023776948612,997.7616064890631,2029.4325526111766,978.2781386658185
92.05635589135525,41.68973295409905,40.408311845627345,39.54128127146303,2060.080192469242,1013.925626612498,1033.539574458072,1971.7143318062786
86.9316635787178,37.65507686521202,86.90925164811489,86.88153570732688,1995.3113871006615,2007.7350472431597,999.7782625171176,1977.990926957725
100.62316715260685,86.84810964927345,81.43499743753674,36.65618509376933,1020.5736280071203,989.739165954705,1017.4151554905824,1996.698098915075
35.99243155360468,43.764814884038714,32.93417109410297,36.09081312779128,2012.7071284022961,2019.5459058897636,1064.0638526822922,2052.799425669107
94.75938612271298,106.88011217143402,35.82929042099835,29.526275127269642,2024.1328047545899,2019.8887579331838,1993.5802290553063,972.1347651026374
91.1766526045756,43.90887112446136,88.15787337904459,35.225255381716686,957.053093427724,2015.5904332246325,1023.6689022908578,2031.222561773635
87.1238457737761,95.58795875788503,38.70985470879026,86.73983572411016,1993.7001630109746,1003.2311623527612,1955.3966904638032,2097.0985665590924
95.2555165983829,94.2278153236569,39.142866628501054,90.11774754570553,1010.4271244947176,1991.669676292409,1008.4919099607782,1987.0182638500637
39.79514823492836,42.326688532762816,94.94203204555019,86.67116004646569,1990.3966462097558,1957.356210999644,1993.5989628080288,1999.8944814713157
39.74126306247297,92.24514110916144,90.76672601309366,38.93789026888355,1034.2223242946009,1011.9649768285448,1002.2197514365041,2007.9870502202546
39.382977156801054,83.90619888574709,86.1190583815577,35.01041831838039,1011.807764805124,1009.7564155578759,1016.7954218707685,2022.1234731249174
93.55298911745741,90.40238041549864,89.51243805723537,34.05400208912761,1007.8325951801498,1007.6914404241772,1007.1532449572626,1974.3258577485065
41.17674169601489,92.16318760760487,94.30160964095548,93.49225546244297,2041.8538678935474,1024.4589140700195,969.5762564183738,1982.7511494453495
39.95376928926553,41.42058148423788,87.23950056243164,83.99790232906969,2031.2733704955024,1004.925419621972,2012.5854574070568,1006.5045955243102
83.9306070092432,40.76086366111754,88.85111518488372,88.88397746837167,2002.744334573121,1963.1918412212087,2011.7494591746845,2008.231613152478
36.740859890347096,89.72891024325833,40.80383080406532,39.02692180788876,2004.9383207878043,978.9929337511956,1984.4678705723052,2018.1376288648403
89.59662444751348,96.39640290717618,91.7085502010221,84.58979243995657,1008.2025974102862,1903.320361537222,952.4659650607082,1007.7870998106578
91.3838976266842,85.78188384603583,40.46088990294838,82.46392434701332,1009.1681002853034,2002.9284658796312,1975.5374382106397,997.9885075188593
94.83028219843803,86.89350594008101,45.64802896711605,88.86351510685105,980.8527563097293,1035.1911969945245,1995.7823738711595,2062.578393257699
95.18264113753519,90.87443107333209,92.7228735901514,93.425011617098,2088.1490501126746,2001.289807219561,1968.285403272092,1978.686134104154
90.90297629690811,88.71127192514216,89.88826995406413,32.390820890794046,2005.9949447591341,984.4984086516711,953.7117696791719,1997.3368622323937
94.62043513526088,84.00506982605481,82.23016854314551,32.64406909957731,984.7553174745317,1006.2762346874401,1952.0743883808625,976.7159309804141
81.56444041269316,93.9937159245037,91.6459762074537,35.4256966969281,986.0509453477002,1994.7176170454043,2015.7557771877157,1028.441858883996
40.561293119342665,81.0732862614755,36.58597235269639,34.46068246650605,2008.9250089473408,1971.523190409435,993.07608191765,1035.847649779037
37.68626543126295,38.378704456067865,40.58664277855125,97.34565045794625,958.5987000350557,963.6712443054905,982.8110871158476,1029.0799280683486
83.99532217131926,95.1140437751533,92.00457136531692,35.882897649140475,971.6644860707283,1979.388454506097,2015.7812887484042,1011.7395906869001
44.30828074928061,41.98936274130623,44.428962071195684,88.93116965196938,996.2726989258049,997.0177706121797,1012.3612699200228,1002.227453641854
41.88067378879506,42.40782991285125,39.675378357557875,42.73580123773359,2001.283102459165,988.9829209892814,999.3669177945562,979.9086127587274
89.89091370097627,92.92736097486035,93.30045581041976,86.91936389927429,1001.557957285523,1004.2167426171261,1989.5354995409248,970.4131944012905
93.47178522973097,95.06254722411737,42.17644764832328,89.59569942651191,1961.9551708242614,994.7876881144837,1018.5023743158022,967.3482025644093
92.39817184950306,42.97921007407586,40.83867400270441,85.73443416114657,2027.2087501238182,983.4726689856258,2036.6747518476109,2012.1316892249295
94.69240911714132,43.56239119231065,98.4709911988092,34.66366534304353,1970.0826686043674,1948.1616604620265,1013.2291101856028,1005.3008026980845
89.94268667830892,82.25134226658983,87.83324473615478,36.242621120872805,2040.2525272157893,974.0469181723557,1019.5904795131098,999.8550528035552
33.62869050306466,95.40089648423377,36.204615205238724,86.93875237837477,1986.4077547816464,945.6847635250479,1983.0557790740593,2009.3839810602383
35.140522367170846,82.34458375429367,94.28827075798473,95.89175089032933,1011.3300716155709,960.4394042068122,2067.655990338544,1998.0714216533204
89.90562487163153,39.92909593341228,91.47713097066563,41.148523120644256,1976.6673267793894,2041.212327845721,979.8126708512467,1020.3985261105572
38.67609683137249,39.92669859491764,42.43136088997162,95.54841042996125,1019.0081575346551,1025.1038230446661,2031.9553206269527,986.3066520450686
37.77924032748391,88.65131662869064,94.02215720674941,36.32890698645378,1996.300673358746,997.3112966772007,976.6906496916317,2020.129662323505
38.35214645464252,43.64104404187022,91.66260830691718,90.85023977799123,965.6621228690519,1955.4531645029342,972.6259532213801,1934.6396044477133
87.1118725793085,92.24483808035869,39.35355804873134,93.32561423741826,2016.8122845651392,991.5401918113494,1008.726111904093,998.8467489337377
37.50994255825256,92.63321415240586,98.44603063275697,85.98331942071654,1024.6234801308574,2090.439650011614,1041.7482054673364,2029.2214402884065
88.73586838671696,89.20170101754168,89.04830681378134,39.874097997930264,2021.0746946899078,1966.7726329320126,2004.7245974086288,1978.3381334341307
38.609641948044455,102.00144311345659,35.94927008409961,96.92311250867685,2009.3917407603428,1030.7832695541324,1010.7223801660675,2043.1293545711733
91.93620042273115,90.91293911643918,84.89541517548093,93.40869278124399,960.6393886128467,2022.8397622795546,981.7616366566311,981.8351883373557
40.722133195621495,38.4887475088787,39.302281021882806,85.26797383770187,998.4513554427467,985.9759057000692,2056.7820094289277,971.7846924843684
98.18283657799952,39.95559912145528,36.404788443775374,33.14406871169233,2019.699231930386,1011.5166031848471,1982.3234003294624,994.2127770793468
78.45247812479428,93.91111155807049,32.251707494613825,90.39910876616685,2023.1516402293007,1991.2343534388092,989.6407000301455,2025.2316391960105
37.92979356521957,42.06999427841137,88.61929565672213,95.9002991485428,1016.8529644731877,1973.6267866852716,1987.7821839601809,1004.6722087855578
98.04622968516573,82.97998557308786,40.91459235838015,37.71426509365535,1020.5025100663939,2031.8790593771316,1967.387147748615,2006.562246188576
36.000872306170315,38.95677813086154,42.37161225876848,36.92174979493801,1000.125924076624,1963.995519884434,2010.4353489768612,2029.3724462758537
91.47743781059864,37.73950537183492,85.60071779432528,88.89530282437649,2013.9339955318924,1985.472924711252,1990.1373629946308,1010.2270523714524
84.4927396253775,96.07571651135012,97.12872190056306,91.56363832247008,996.301515167289,1032.9888214102582,935.4806016947464,1015.5023776397768
37.01896260300848,43.2254679657115,47.303046984032406,35.45354964601994,983.2525965481577,1000.5901255094361,2004.0697320409313,1008.5457145591126
93.08600368995634,42.150076757551105,88.10172989755286,35.34589307617357,2031.4371120140606,991.1639167509145,1953.1478939586298,979.1372433953682
39.037399025124685,85.61276245935942,93.69168831602995,40.03944120588092,1007.9171090782129,1005.7043569910446,1017.2057707018778,2021.656710110776
40.114224640693934,85.47169172113784,85.44522886923042,39.92135535250425,2023.8540045804675,2044.5887998267308,947.6408643440868,976.5799526349588
97.18698942860962,82.73604263828744,98.19213940555878,86.64166663796765,1981.2931330592712,1018.4715978211864,2031.3934169962458,970.5419333196669
85.33004812480404,39.20966329996749,35.176977363925474,36.86787060317127,983.0237163862008,1022.6638366487838,1985.2948532183693,977.0731377934615
103.58084533151086,93.07498655197665,34.07191260253626,36.80861028819986,991.2065727593765,1020.1041928672931,976.7169328013108,1999.9916829577444
83.6909593775991,94.10892163186008,37.02105489996524,97.56048616454912,973.7431165947537,981.3066542968379,1990.5625470229445,968.8748275421192
39.65162153068191,39.77802673932642,92.50985728642637,89.44586939438307,974.2204796383539,1966.564794152383,1985.929170879684,2018.7117999553686
40.86943944317052,41.39978055856028,86.87637636984273,88.09768540979452,2002.6237219101454,1994.7635839930097,1007.6302196071829,1983.6496858879166
43.76744818101645,40.603625169962314,96.55691791566429,28.50182122174133,957.3080632971469,984.7665910518664,1946.6015137082557,2000.8293654436468
96.16033716666426,42.03078729398985,90.9804463043658,31.888554102168587,2026.4150711669997,1976.1905744121223,995.705116425481,976.985041600014
36.698811647739475,42.264407768314484,39.15315730820279,82.44073681663602,976.6268350434727,1971.2381928271882,1955.4626432865332,2015.5072404287957
86.53822382885444,94.28961158561799,99.64030106791263,85.13715311733709,1998.0597002322675,1036.2378107757002,2012.6502523272209,2025.3944012494626
95.77786850891691,39.91127137427475,34.96937430719365,82.68242653665614,2008.5781683710657,1026.7292499305263,2013.8069066474386,1961.7745790183465
90.92071019446942,40.278042279422095,102.4625168135444,86.14451537778274,2008.322995775136,997.502884725254,2003.6175641858183,2037.1384730725836
39.27777655900645,86.61522261903053,94.3554597188365,36.979668329492014,994.7042684320654,1006.3977339069576,1981.8300545494046,1010.7210160992977
92.43377542016556,83.91123423975387,87.36526886755695,35.9202760915403,1025.1464905017565,1953.4771112438655,984.5391713899432,2003.0446450598893
92.87625317615569,91.1210202177519,38.51795371597311,95.8691050994119,1014.7034766007996,1025.714507278684,2020.0839110471304,1982.898062149892
35.205982737973486,81.00914013434195,36.165905606794844,39.60312229947738,2001.5255055982666,1000.5784380109048,980.3417306554543,1004.3201140941578
35.85647462030666,90.08665991138109,36.35326396663994,97.97369439550783,1043.3178064601652,1992.3087759790938,2002.0336120107856,1031.3393500723282
93.71907528855718,81.64707742451813,41.10660552414625,89.15301135170762,1014.666299610883,2001.9082709281872,2015.6890911622947,1010.2261047299669
92.173948328334,90.53280890215781,87.11997286198564,37.54949258889272,1991.76694128504,1025.5765945025094,2018.6535096167925,981.3232013919469
37.827282187671784,90.08479697845526,88.81853374680736,85.99948247356245,973.6959483283956,2035.4535327586864,1984.960893427077,975.9542985238963
87.16989549187784,90.9363775789981,35.58672955642379,91.47665429611108,964.9756770691172,985.698045720384,1001.5512950870268,1008.8019682057242
37.38741124624947,87.5970363994531,37.384430453977146,83.81720017442848,973.5065221227737,982.3408763192934,2024.2948403618675,1040.7119087880408
41.78566081956653,83.22157947286428,94.17009960687986,42.25793836358124,2017.8077048529792,1014.6060467508094,2006.7441114274063,1027.7768401958924
42.141064090227744,40.62566901531803,40.523087128780176,89.73594999699088,2026.0657324575898,1003.2140315109452,1952.8899337109283,1986.5013291894213
91.49782039664215,88.93186762709317,41.530151283167456,80.30787001274827,2014.981104531891,976.1570484937995,1998.461141874986,1997.143851683309
86.22286048972899,42.40355620325232,89.11872806931638,90.87161647800087,2004.9749559856778,2029.2565746992684,1992.4343451346228,962.5089290860567
40.3080081255587,95.85083678809494,42.92848422081568,36.59177725147055,1985.473737323507,2007.2769112150395,1000.3644942757203,960.3576505029436
93.89818416444835,86.21535335308084,85.14803921611424,86.856769996969,2024.215630490267,1995.512046457098,2002.5028071702575,2005.5702230635502
89.44516088732257,41.98131139708334,91.28706359924047,38.69979399554584,1971.5037160141958,2081.3381683387456,994.9043262163415,981.3352963825384
40.1581805704549,39.87203454245954,39.08157576658071,97.11932259759746,988.602275914342,1025.9304691142443,975.4627089196615,1993.0280321332314
86.41888888769242,83.44925263803769,40.16724371242441,96.60651710615186,1010.8934063745285,2077.95643359034,2029.9777367269214,1004.7502151966255
86.87727048680705,91.75844592162088,37.29151464008561,37.79402855347857,1973.747531754338,2038.4377593531285,1014.5840581872648,977.479915549422
96.66627857724852,37.96306778576259,35.58157170918989,90.56948036301289,1009.2851733413905,1004.4073307657,2005.1837295733199,1989.8451109812668
40.0133022501345,94.93502691368408,92.97750049450214,86.17637452152191,1002.0922524635313,1986.7529226452448,2016.2450643736174,1023.2942171162459
41.11255186557841,91.11622758184767,40.332503896143386,38.709908922151584,1978.4916076982186,1956.0579672139268,1008.8590673589446,2017.0687730795323
38.979706637649144,41.05736545565729,86.95742105969556,88.5015572520496,1031.4377278498605,2019.923145556289,1033.2193845970046,2044.267265319406
35.47548245352353,85.40880052585199,84.89590430969157,87.36979222755811,1021.3747947368565,990.3255396151951,1977.4664912641322,1997.6995337905344
33.725481907069536,93.44853708953421,36.40033887197121,79.66583111751837,1974.510490980951,987.3323405188219,1038.3323119302604,2021.1528779958794
90.23435513916382,102.26008939209804,36.497879239128366,86.99797441269575,2044.393293689,1978.9395614073085,999.7481615851304,1960.5892655359626
39.49716660777996,97.88315292602951,90.87565646136328,89.66339338585755,2080.4804036426813,2014.5203958318034,982.6518873325529,2002.4339533248597
40.1216783648978,40.856093982757045,81.46779066125175,77.67312715427305,2030.7375262178991,1021.029382124645,978.0504486705353,1995.1984374998347
89.83961016003926,39.21588789840776,89.0705605719702,89.30802311452729,2040.2153776669581,1975.5557009650543,2021.4935286792795,957.5866421936773
88.44174291005515,33.600853964718226,89.951478098402,92.00494057081032,2033.0259591366676,1943.7858212819017,2023.389790039863,2031.1293110173551
91.12152622127158,34.71767406064105,99.24213615465372,34.5925392972611,968.4870913349762,1002.7834032676149,2031.1401499395697,1983.9101041993092
40.632243779554585,87.70169210678871,95.51761343551867,34.28577397253683,1016.9699364892031,1006.7642350751953,1958.2795968271191,1979.6280485957975
39.17988351117327,40.81894203667926,90.81243628457362,93.66394613490783,2018.4439079856836,1021.3808382761595,2004.137847527216,2002.1340318510495
37.599697523523034,41.42156179132018,41.88210843439603,44.165922160821765,1983.476706324184,1039.0257667146052,1992.4328612225804,1014.7112279637026
98.11324070649543,37.43704593020918,39.239581835845925,42.80636406360234,2030.5523731011383,2019.5689692448764,2007.4092947551078,997.8248900777887
33.366327383610056,39.63638183695045,40.63678069382238,38.49199775528153,1005.12819721129,1009.5754540727419,2030.9458580605078,1994.2431179104078
35.87960696886638,88.05759842901912,40.13179858265545,38.523723995856145,1999.0938809008671,978.1307779913311,2033.6787312767567,970.9184110399781
40.91072633301869,90.80556606046542,87.71325876197325,87.8670986495905,2004.878240855297,983.1292073486565,2006.6721837485438,2038.2824624022587
36.51894858290045,39.748599977377644,38.40627084787502,89.28654271058332,2040.0183505911812,2013.0237546030673,2009.0432244037936,985.8615925054901
34.493568730048636,86.3484141919667,91.92504399836565,40.20147854426702,2009.7084679713814,2027.798595505144,1998.664556444625,967.9611483780193
86.22841447200916,86.43274687123315,43.45378576129435,86.64444080760771,2001.4205775265486,1985.4270100130896,2005.6794307227776,954.7967907437628
94.9001866061256,94.22639535532365,43.37596397236786,89.18671582792301,981.9655638277886,1035.6026304030397,1026.4629786389341,991.8912203855165
37.66265936073599,84.11394152621553,36.81712833100336,41.22883291888972,2019.914258174286,1976.9046444452238,1028.101581606982,994.9344040831234
35.9288829068701,38.470157132044974,37.67825859505811,95.17468397574346,1014.5858011378541,1015.2049024281712,2016.5111554104808,1959.3524140077486
36.07637375322737,42.120343867003506,93.35957063724956,85.75155617672641,1931.6624952138195,2039.2136050491195,1984.8828365674187,981.4866580752473
84.1156660147033,40.16549861234223,94.5889891368657,34.93723779270809,2024.9422620662851,989.1178885518119,996.533712212032,944.0733302015174
85.99179086868153,39.171006228774324,89.72943855018887,92.29147537670521,981.062543579523,1000.543504472774,1004.2056330598372,962.1092343048687
82.69895874536464,42.28818755963517,41.449846983955055,86.02274358774336,1970.1313509696704,987.0430020757562,1994.9554071141556,1971.3495828721016
42.55754288931852,100.24787754586686,41.578746392962884,34.26741720310608,2009.6476472053528,1955.3013726404272,1006.1327492557365,2009.2795121845616
42.35516567444718,45.14706920768991,93.04191329492284,32.49309493456643,992.0959363600264,1936.5883719102878,1943.8442516704517,2067.9299130618538
85.14525967933635,91.17253510093627,42.512587287841285,27.144718782386995,1024.4559794476208,2059.866952096161,976.0558974159936,1939.2867173603497
41.645173766274546,40.22863043041905,95.62999358821523,28.337558015578573,1955.4516522290598,952.344286291112,1957.628999119144,988.1702176805064
38.92750903469825,94.42328825194375,90.53352315541528,37.587938266331086,999.4056273371916,1989.9742274322068,1016.4973126382743,997.4039157572915
77.79923974732723,88.61529643555625,93.037750833707,92.16608242184171,1014.9944702692953,1000.0665047011455,996.3131881454973,1981.8175853765395
42.55686125371549,87.3946915458292,42.65593685711687,88.81101046477977,1001.3075006513501,1989.1636942202604,1019.5817225760957,1943.4729697126393
86.15236192279268,41.21086091818056,37.6427745805927,41.3412332137333,1983.8653901186185,1002.0572111156853,1999.9958046370964,1964.8987803107134
41.95829194285753,38.856482237240186,37.85593304655642,88.29040144030327,1006.7959335117234,2063.5772955328744,2012.0362375182606,1991.063432435118
37.79193368039927,92.22019519311985,82.68142935295731,98.3748954003788,1975.517078348797,1983.678806267514,998.1363553336586,999.2481342326995
92.22864907214607,84.21203303854358,88.150802619128,40.11274714021579,2007.2858281509173,1993.790057520844,1960.7006453925576,1973.0988452744193
88.51151249292174,88.9153784011639,34.31993937414256,88.48356662472305,1036.2697233924432,995.4242348598352,2026.9601952735918,2027.201187763739
82.54185068465662,91.5449941590591,94.27242311900605,33.98689549937967,1010.4779403907681,1968.8386393868448,952.2962368511554,1953.6403921794313
95.95949970524858,43.32406292955085,88.82690341005379,86.20041069404941,989.23407643465,1007.2035135697113,1005.3977519528298,1999.1755632300801
86.24433227117325,41.53239772644128,44.51598960002968,86.19967132523189,2003.7476792735931,1974.8504788785267,2032.4624278548822,1981.1189626542346
36.59935700195577,86.41380178495825,94.38477114610728,90.61584529662493,999.2884781363919,2012.9378541599315,2015.3343913385165,2001.820736847825
41.39059725393461,38.17292821620286,40.31748362242834,31.677342229109996,985.8071897926418,1968.2804027756429,991.4937237269901,1983.4496422513257
41.80824324018265,44.254456902182255,41.87578593527027,27.824970412191604,2007.8477891965906,1989.662741485545,2000.791555977835,1970.0487091069767
86.269914672844,95.7589929435428,89.06939691045498,87.80567195812836,1992.9119873847017,2010.1060876889876,955.6749048361394,1044.5056955741777
38.78388123120877,96.85807722925341,41.22038713643007,88.64686338204308,1948.7096019825797,1994.053660665327,932.0772334084004,1966.9921462687194
41.11040788584223,86.46941400681261,41.25045023963362,92.81971789197101,1945.085030455382,1028.8217791596212,2037.4194021236988,1032.1390916849557
39.4374636602377,41.999351920583045,41.601110220202855,97.64355212999845,1971.6771009030358,1988.235456437767,2018.4350230805364,1960.500999557379
82.7504854120446,40.13767836037862,44.02735908600148,82.80620625344295,1006.6369708854763,1975.9039195491139,1994.274562028403,991.1048672313541
38.40410195074506,35.216367197989705,89.57331995270386,84.40785516204203,1002.0351367389587,1977.6022049909739,2023.1054846338568,2003.4066813578097
39.89913448220282,38.26096265372526,89.98746476017098,39.09965537187723,1990.8218828550553,994.6817993244445,1011.7596062316494,2006.3866718420795
38.07607787965037,91.01444214258552,93.53269694194822,36.966708059562094,1013.4511700114492,1959.7694832331981,1000.0864539112786,1958.2207255270378
85.11241562556054,38.40881530746475,37.01177689850438,96.64550919244522,2009.0361062763752,1987.6050334121294,1959.5085825507533,1018.4838849647313
86.80114898807298,42.08977969701671,89.04860897375822,41.56884253882627,1026.0487874379423,999.9048725850951,2028.021683929658,1013.7585468333706
39.98211174090599,41.77234314618342,41.60658267227447,97.8209723000014,2019.630849363476,2054.1797243805486,2041.7075018154162,2005.7254777675764
36.839921229879664,40.7539712834721,40.36811940490132,38.6007042662321,987.8607338247236,996.8651179213716,2000.7361334413113,993.3698944236703
33.86075555024535,97.99426800385382,98.96799479080325,38.452238017459656,1989.2799461456068,2032.0971122039593,987.020511756084,1970.8174169381768
36.005632582512916,80.83816381679519,44.48184814995595,93.94595485014631,1024.7784916809087,1028.6389154091914,1974.4160980204665,982.1927397868378
92.36280793768384,87.69341940827665,43.529784023086066,40.14627376716167,1022.5509425731669,1013.1602578673103,1009.5359179129996,2004.715992208876
82.7119219256202,40.64073250309771,85.81006271495067,84.8222464568777,1020.1536698493737,2013.2575630701867,1985.8140569414602,2002.1067482239548
40.76468670536434,87.83680584257546,90.63650140196619,35.33684100523571,1932.5346279225193,1009.170883413813,2071.3205428849387,2014.637923057649
89.291575142585,92.75095829491765,96.05599454385442,91.13213393474643,2000.3709676323313,991.6385119343206,1955.241581003173,998.9683546260665
94.57255763739154,43.479453016941804,36.335692930348856,88.59279541420031,2017.042752345267,1999.5969938331245,958.6764397772138,1026.2641624592786
39.35455329058365,88.00851279367969,100.28575430038718,38.10790178619434,1988.1693331290137,1012.7820815589114,2027.936018616467,1024.968944501511
86.29996845610172,42.39913323088011,44.15801373827341,97.44725055159407,2022.9419016558745,1020.0779988343971,1008.709576787128,1007.5967169998146
90.22381123596551,42.38279961169346,97.43203185285887,32.853823953385074,1015.467157058277,1009.8324291439258,1019.6094863564235,1970.1936080435432
89.64614739529259,43.0510831968284,40.41688773105354,94.36854689435565,1046.9465173409453,1042.7546100280892,1989.9463898502984,968.3227174969005
80.24159633363216,84.17911029069299,97.49881454450417,36.41956833061968,2019.8062865993409,1971.2512057590532,1017.331553690738,1974.9896591280874
41.095012055127064,94.52667122688091,42.00997147595071,36.13296332320619,1947.6746680552344,1949.5092372221895,2021.1463265765144,2114.8280008584275
40.431019776478365,38.608979757605134,40.55091168085842,97.9975385714901,1002.7364837660148,997.4572445919684,1983.190564447115,1933.0611793953449
87.86779897159491,39.989583603069896,39.47381057233441,91.23356429202057,2015.2185917617326,1956.9096388744608,1998.6862114882022,2031.6002561544599
39.117350098931055,99.2116263157443,86.4042419298102,36.06453358438215,963.0661315464869,1990.047144972342,999.0031079109804,2037.258069067413
100.64846350452883,45.13284680067305,41.19747943640414,96.0968151168554,1988.7906420776671,980.3768918503986,1991.6253252403499,1003.8181254717133
89.14557390114409,44.884626846857124,40.918646625697136,82.28434830071944,2011.1966641397587,2023.5763663743812,984.665771704601,978.7557291570406
89.1787672341892,77.26730209104794,39.11474824480179,92.6958561272611,997.8840938678673,999.3380441987667,995.3684228658133,2025.1888360894568
86.69021698349599,82.99112102139695,89.62579559243228,83.8098811381019,1955.1589219626342,1000.2578077814346,980.3511379535187,2005.1127491562847
38.930445096653315,83.56342787884577,88.41664830674851,31.44502714506186,2047.7201193181866,1937.1326898194461,2034.768943019672,1021.9373496713366
89.0127181010245,90.47776971745161,97.66494684422622,35.810763316151,1014.6271306762426,981.8769250484733,1000.5626382053058,1016.3030318248668
35.64896180368413,41.19246685738696,43.395917969070815,91.3373954552881,1061.3227982380267,2023.2230255189982,2029.6035687799308,2018.738261179462
86.00383181196293,89.6375297293625,82.8779531983553,93.05577782352287,1983.4477628284149,1021.5934230961388,983.3095575596336,970.9745378492196
38.759978731325944,42.42398842826313,39.752695777252825,96.6188496182297,1993.9579698278956,2023.97142217994,2023.2998329423478,1017.912980524296
92.27706820113694,95.12342988987814,88.56270001719747,87.23242436296,1019.9313101559328,2022.3432463735603,2007.1818613909065,2016.0114968921098
37.775280140405734,40.50775511426471,41.59351734227212,83.43028364482855,2008.4128461690173,1014.5483687313169,1982.2406223425578,1956.5585701300158
37.928248780473794,94.24498710494993,84.79119977381767,89.20756491074249,2014.3656128946636,1028.3942531200987,993.0995889156713,1039.361934826985
38.449260459637735,89.05460859896357,39.32832632630339,37.98834098274253,965.9668455421764,1014.7972951159932,987.6208945302526,2007.4965400052051
38.96910923112261,90.57953880719823,87.53779684280242,95.24414210634653,986.3898491310961,1009.3427454267155,1000.586279878047,1001.1452996079206
87.72117599543247,80.88888581581116,40.99844902614936,34.24025610711166,1024.7821362696918,2006.4126088186538,1998.4507307666681,963.7999685234336
39.28817284039957,39.7184334884224,43.431941958899564,87.31287563249793,982.777026636059,1015.6298673199051,2025.3430144468543,990.7781162910101
92.09407635262869,80.63067272519805,43.97146427153092,88.40084286247372,2007.524759575568,978.8567329088801,2015.9941717427398,980.2670623056426
86.8893447067687,87.31923375375358,41.81812263477986,89.59957417990262,2037.3253713790286,993.7827249512264,1966.383856484414,2015.5190961653932
39.14512251334953,97.15283050081433,38.590740435654666,27.33957213652552,1961.8202718737411,2008.707797453928,2031.5216258562675,998.9113597206924
92.60141030004006,87.68910452211051,87.97419565523597,35.64561809082804,1008.0809505846785,2041.9690094574087,1963.4641483759733,2029.2448421261572
93.58855805512874,100.68449020926735,88.63142028851712,84.1715815710996,990.6075380517766,2025.7762599948503,1985.4842561108105,2024.1647835867568
87.98728151558292,43.09316248163663,91.31255698482052,79.92438176622784,967.9041381408588,1988.4890896287673,2008.9756163467232,995.7428674596981
94.95888318872417,94.84630316694671,94.18674460037322,79.73197080325173,993.0331743243032,1005.0893554097947,970.7028042352509,1974.3703289035539
90.67896613590226,40.95122342822434,90.08011184550328,83.87010684034594,2006.9380338383535,1020.555143375449,2020.1112099077689,1967.7792988457766
35.39815704529511,84.55036564205523,96.01562612615555,90.4769409628806,1981.9377935869966,1007.8103944752079,1019.6317186118677,1987.3997889479522
94.18001658700658,89.52284097515154,37.63844247198868,94.89748589941266,1984.925746465402,1002.462555357778,1010.0884964826444,1955.912608927146
91.85744850459484,91.45481347278375,41.0088976800094,79.52115210883758,971.6357594066039,1014.9483467903128,2017.4773145712281,2055.0557827907433
92.11278666374211,41.23354435685938,39.073342659958016,97.83000550846869,993.7782056273762,1007.3387103468397,2034.995561245598,1028.8537112497681
97.34238380922464,89.72081436058625,94.61452089941523,89.03776985748836,1019.1916449046364,964.0390314142167,1956.9504359724335,1992.4022892610615
88.04657214636326,42.50259219878975,91.3308137480289,35.96560302957715,1041.9656007650863,984.0932640628873,2018.5009374500862,1968.6550598776914
37.868803492148935,44.02598837192487,38.24175988622483,36.16283289458685,994.2698799728992,1960.8640072267335,1027.8960886700745,1006.568474117852
40.519942930756315,87.65871716328178,38.91375454904767,37.015736344057544,2060.055518387361,1957.689699012644,2009.8449553690284,1037.9763341530204
88.61285826363535,81.51489059464147,39.19839755474527,90.30623497015364,2003.208423772228,1990.5988711871582,985.078197221922,1992.703302825973
87.82360139182191,90.02959891328851,89.39557523849113,86.05989798524362,993.4683861748122,1976.6519917007981,977.2009756617931,2002.1718534854087
88.46977385863443,99.8875550640546,42.62124698775401,40.08761539552063,977.8931268092151,1040.934443547332,1989.2691115651303,2057.246029951498
38.72672534125857,91.0706985796345,93.70304243424778,91.50419676455432,1002.275717122784,1038.4562379591262,974.7556251840335,1989.8926783436698
80.97265118676171,40.64763263912779,33.8391884748021,34.137416746996806,1011.5612212926821,1977.5280071003258,948.8504274804798,2062.039640838069
87.4753835327264,88.59733460721823,88.02560543546203,36.371961551245846,1034.1210004885133,2028.9910052151681,1967.7231592567307,981.5925640205755
42.77412808547799,88.83684736212058,93.30891565236931,83.19377144286258,1036.0866362463605,2008.185023989567,1969.1718066834503,995.5093420529649
94.50564541297234,95.02513310555527,45.76472411054695,38.35102143775879,1997.7354480369424,1974.760974607967,999.4204592180236,1954.126983179487
98.37507132137266,84.39191253033543,95.314611027013,39.478067925883806,956.9302914369213,2027.1713260294375,2010.5017439386309,2018.0244671140003
82.4516548210707,90.23542574645158,37.83224531726434,37.22526650451824,992.2575137485148,2092.6335814250438,1985.9231185923736,1957.4143317986507
97.30771700360638,87.8439468390414,39.72172694332556,32.513953179694184,984.345056205965,1991.1740870639878,982.4701060304455,2032.6282091856126
37.159066233349634,39.82491069459936,37.36485016087003,84.45716562242679,2046.7316928740831,992.2380449062837,980.3561748082237,1973.0160377150212
37.36678855017039,85.66942389361058,37.86312293388278,36.18462650271872,2049.357601747171,2019.6673732633283,1997.6066688634287,2001.0969389946101
88.01971833827173,42.32199268651516,89.4281695826535,34.97352430258419,1001.9654222282209,1945.1546410306541,1990.8522226463297,962.4598745628864
39.55328934214029,88.77727195403008,42.00642316504134,87.1610886489488,996.7807403006807,1019.5998522662985,2018.5865182386658,974.9312958925066
40.0576075478788,41.81744370940689,41.1199979361772,86.00470974096001,2019.2569893451314,1005.7946927076588,1975.5558944267602,1946.6105285433587
36.73154907146011,87.64506742393735,89.06601979008283,85.21039538602024,1989.8971508124484,990.6806080881986,1017.1182826419007,2018.092061503064
96.76204095415818,37.03946990873641,35.60646046468351,40.10577711917105,990.4763314522123,987.1853228893538,1015.5164963805327,961.6108655936252
98.17818536687732,90.21694323806324,93.97694841080929,89.58711118282203,2025.4302008044433,978.580708546513,1002.7976429448796,2047.5997536466211
96.73475350658393,42.01940533193666,85.16851073436385,98.35078019634916,963.2509436936435,993.8018431205614,2015.139279559297,1975.0059435957862
37.040511079123704,39.197348429242574,87.91071099637146,32.55568125120483,1011.9695526884307,1977.3159100477314,1061.3237130283283,1955.5908663419225
84.00954278990737,41.425767742891466,88.91674140394858,30.39000291106298,1037.2740219334682,1001.2099935008976,1997.2699603146148,1001.6739619049656
38.68692458805981,42.38967421450525,36.71429667616425,90.25736323040557,1004.9384220298091,997.9237567542425,1994.659155161642,1989.5766477589316
40.32695087580146,44.74857000732497,34.4868189523286,41.622459094544496,990.216066069949,1018.994286128656,2003.4723896854637,2022.7948661746782
82.68308818421153,88.64920611740678,35.71102910498739,87.65071481510572,2017.2381238533505,1997.7347329600075,1036.5094146100614,1981.745863994144
91.08877332665323,39.542128413095995,90.92790409888605,39.52203727481948,2027.5610797950294,2021.1805317539788,1018.615084101976,993.4841136731136
87.68814133677533,85.07502671491669,39.227844823388274,89.90797166627705,1965.843522756142,1030.56238314721,2001.2850273438546,1974.9145535470514
84.98513323078946,90.00709312399924,41.049113294154196,31.407048746246723,1000.0016236187497,1004.4268785797943,1994.5567062996192,960.8719637367036
97.63158531557016,88.43084634618181,39.85248586300996,85.4032363626543,2014.9194085448567,1991.4155303793286,1933.3426773584476,2051.7140371795745
83.47266043153604,95.12342256810187,37.149441627906974,38.65067239485085,1986.423936923354,943.5853398699901,2031.8277736975595,1010.5037524485709
41.263369007935985,42.31041455496495,33.84730593346075,86.81637689133339,1997.8185607058037,985.3572546731095,1001.613855846957,2031.8923559159882
88.32564894290385,41.21393187679354,37.562282991074795,35.73388798981861,1989.673719283803,2012.282730411818,2061.9342425907535,1973.6099246947779
38.57925314389996,43.245324394060574,42.647016703888454,95.86999713353522,2031.9732597212953,1998.3692906168355,1973.8089978841056,1939.5808352886588
88.82278987059655,99.72650521867787,43.45644103389033,32.68535519713373,961.2713449207774,999.0581505029834,2025.0019863935543,1965.2627685361401
86.87114633807873,40.91795166395467,93.00610423456082,33.4260168287628,970.7200693895262,1974.493109774086,1979.044340466302,1982.8439268188333
37.845673989997366,91.59825933774313,89.18296506896368,85.551997700474,977.389651240258,977.669083659536,956.0024232922158,2002.7020569616054
95.81723102909193,88.14812075731794,90.62445407062667,34.86555147036714,992.0398732076258,1000.8234672488798,1989.953714088436,2011.4508912411832
37.264499081664255,41.06728384849028,84.23039563436095,35.846515299094214,980.3028230341354,1014.2943613929725,997.5607910187161,1946.618038389459
83.21751623692376,40.93000842923378,85.5790075837449,39.771138534407655,956.3059165796144,1005.438006732622,1994.7918183463628,988.6232001369824
38.40244787976963,92.43821850430277,42.427994679850315,40.44425147819799,2013.4495986752286,1005.8387845637376,981.8071824895726,984.5400081505346
80.73751635729316,37.87207103633519,38.45375384496939,82.9280680644522,1044.2864833776641,2012.65554532448,1000.2006728450738,974.9917291094677
91.6653502424056,37.61139510373859,37.07813706928063,36.495433445038486,1010.7926758532324,1938.5859084470112,1005.5185508540947,993.3617949610191
38.627581794201944,94.34793001810527,36.31967684383777,36.14201733035219,1984.5932178120306,2025.8709628636752,1994.0852551708513,2016.4004757641767
39.35892677884077,41.89473848149136,94.16732450213648,87.10011602999404,2027.876074691269,1947.124299948096,937.631904192903,1968.824931838466
89.51110489948368,73.26856446192443,34.4773308803628,93.57036556403517,2021.6141917179696,2022.913970744053,967.0937444809949,2049.0463478111897
38.48411295455602,91.10054052674704,90.81367520059979,92.02826182252012,1008.7913728892275,993.9476662643954,1938.8755903165652,2044.104018391991
92.38404815121002,41.52438206044422,87.16562278244388,40.113993537157356,2007.0668284400379,1978.2586063229885,1054.498896994716,2003.6802343069237
88.3265937822161,76.05023461929757,38.05635231542898,33.25085645128199,1970.4950932304719,997.8191487597651,1054.6236261817232,1013.6965979600724
86.2729843094701,41.671995123411754,89.89178211601131,30.885007480299247,983.8157804170688,2029.080309026662,989.4420273137807,1008.8514907280312
99.231657871912,101.08631967215226,91.20729657336041,36.137814484806356,1011.3839331538211,1017.8140553352061,982.8265222865041,1941.50689200023
37.77709300778715,85.83386230653906,41.268002043777855,35.8918590755939,1002.7187080726308,2002.0110725445845,1030.029146537825,2022.8191091430529
36.098114823847126,88.92703418266791,89.69194219665611,36.433253724735444,979.3743834181023,1988.0427800183354,2000.9678158447227,988.7536666119213
33.18578720217815,96.5616370763446,93.83077774702042,94.23507420205124,2007.0796479246014,1007.12830735229,2028.4971685445216,1955.4843339705517
36.32463126864612,41.96920052010334,91.76136809003835,38.1893860161316,998.0874892196501,2016.9338389878696,1043.6801777452729,1984.9992952397856
80.46181632417415,41.900092479694635,85.60735090816829,81.21384646620791,2011.951539361163,2047.7377401125789,1967.9231842545387,1035.1392122536727
91.11072865703805,81.10837636339423,39.29831247945263,84.91483072427187,2029.0721510199987,1979.531087145715,970.074560548652,2029.0303509532052
93.80388184834149,98.6440074863019,95.80195221418566,94.4646648567195,982.4616865434275,1988.3318877440881,989.0865765699882,995.8991981589224
88.76444176033655,90.07309963636337,97.41481703428664,84.30770228562687,1986.8971219231075,1009.7562394135498,993.9025134421648,1004.2307520016956
40.707508892593765,91.53994101899475,38.242924007260285,38.45962513602119,1999.2978053045001,988.4412371016233,1013.8268046044616,1005.6955488235542
85.36066652587685,86.8457949695559,96.13050673648509,88.88657705136387,996.4192187536128,1972.113982488386,1017.2391020700568,2016.60470213515
85.83280851253417,45.36051203445034,36.70582023113246,35.39893939240955,1005.0437849867592,991.5161493319342,1049.732023754699,1023.4783508265182
39.898782602366786,38.35802005331854,86.55937585361238,38.496804268427,1982.497454976372,2079.03578671627,1046.3096641537925,989.438078082067
37.851067980199524,94.68417720260574,37.820332851227064,42.74655709991999,2064.275772147361,1994.4233491285897,986.7483297608433,988.6865546804519
36.916232441883,89.6281790062899,37.984479363893314,89.68832715613769,1015.7480484565529,2039.3951251185158,2009.3641691125272,994.1728200360224
37.0543556504316,94.08143144304171,92.34468780319433,37.734479159277704,1992.8422337735353,2011.7520305109447,994.4228437406666,1019.2884530891744
38.04052307082224,45.85407744176915,79.68625373330974,94.03480298112137,1029.0638158829956,963.439770092576,1026.5216863181086,2022.00688254048
38.32758316131921,89.75731007408507,43.79287151193408,85.85049889344732,1967.1114516725722,2071.656033890109,2019.7913649455431,1970.8747773062098
91.0798293334906,39.72733754321658,89.93215801123829,37.8331436159724,2027.3047298087597,1990.2384392505212,965.9295204798851,2022.473407183228
36.82446964231407,84.60877853341829,40.048343336462196,90.79502174041492,2021.620636364354,1988.0286592218777,978.1238647048758,1984.2066024731141
37.82745122138596,39.8709234667384,36.484629895821044,83.50690659812363,1009.427169336671,2025.6619648247056,1946.3461723674836,983.7287909532822
91.17432995476159,96.81972963049701,88.16878383500217,91.54233308357654,1025.9607191972548,1000.9261668721838,1005.0130130981734,964.4468972870188
35.90028884478648,89.59009366679871,99.15174102442829,87.84475284086821,2008.9151491773239,1007.2058221906522,1012.4785387039251,2015.4311449873774
38.981380646602986,38.716065680239694,41.13499872135087,33.22300069498207,1016.5602293469607,2017.8815038616087,2021.9236568823608,1991.660644979439
36.588756375770785,42.49476004301634,90.35397365263665,36.688757475444305,1998.6891327856702,2035.2018127065376,987.1690139789296,1951.3363593578017
100.22045493868285,42.975529370848946,85.71744819349405,48.38437975508174,984.081640918253,2039.8291620848602,1015.9949057449671,2028.9144437345465
35.40805143000787,92.91134240119685,41.287305952335245,49.2164710202012,993.4493484410286,980.1919994038369,1971.5386671780461,1000.2397195588223
37.47789278140642,86.9747874759915,91.33721066755464,49.22817027482062,999.2649438991505,974.4003977411021,2005.903168582874,1989.1845358453538
80.39714974064513,44.291630892844914,40.63221017747043,46.38321425785625,2023.9867867111043,1996.8952396125517,1017.4629955975704,1002.2419569811859
97.44985470255361,39.608676680503535,40.541864746962105,38.30916543176049,1998.3995774323573,995.1951434832102,993.8326113567998,1017.3646095111246
34.37685805529692,38.95678984970918,92.89565133161008,79.85847272047752,1959.5673930390851,1000.8887926936641,2004.3707464043575,2019.1479305174364
83.72932316174044,90.17505530768543,38.20125067213179,38.04455256946335,966.7375650634513,1999.0366508930088,1000.9619252575249,997.8934619476688
84.7051817265424,38.47612019820315,88.869096487105,37.548855163203214,989.3319913974755,1959.1028085782834,1050.99305822651,2029.770343359368
90.15742944853237,99.66732506957182,96.10172332743217,38.73291455419256,1969.4890315363111,1002.2680110098629,1954.7288561817033,1028.550930051947
39.45629003395433,89.01891016267176,35.50740470170102,35.791325939067626,1035.18131751098,2002.2589094758384,2012.4814451683017,1034.5072017489924
38.65761273220628,41.201483830283244,39.69187925188966,96.14942356254542,2046.522001999928,1972.7017871744276,1980.2627438958825,994.3328305898193
88.00541423186314,39.16931204216868,88.99632450683092,91.20335374488292,994.5694465608718,2047.4693761227184,975.4849460027303,2014.7660667305336
38.750421592563725,92.95526411579863,95.60796024277063,98.16467668682598,2026.7818615607048,2040.297777168124,989.0090159717276,2020.6830219434003
93.60981041776316,89.25589533898112,91.06901238908459,92.12338325096052,1018.6251113396534,1012.4930920285576,974.1217616618292,990.3094016348721
89.89222072510239,43.36578351971426,87.10778661792229,44.26706946787455,2020.2334744158234,1963.4469289929739,1021.8863319273557,2001.2732110140269
88.13985448662343,97.76918621234937,89.86211799520834,39.93957048067327,1014.8702176678332,1010.939108880314,1001.6996341935342,1003.278282409746
90.13317002794446,97.67765472670013,88.50725700606597,37.74563651279024,1963.4529139658803,1000.2016668526708,1981.583386404268,1979.262323681927
38.19390588033784,41.691155732215044,37.08158155913736,39.094682349868535,1989.691303809463,989.8766029557867,1011.8323133636586,1993.1316913239393
38.213749787461325,40.73454098207656,38.227930256705434,79.32518456651258,2015.2787045624339,1959.088489452942,978.2226750785903,968.457109691811
38.911196265513205,84.70647026474705,91.62473151451839,88.77562659071033,1042.1022958324256,1979.383053600644,1984.4549249745958,987.1320539490235
40.04443235398645,94.96897553099144,37.51270784101537,93.12486132063249,1972.797912529943,1963.9413818604771,2008.010867944729,1950.707180446028
86.84418008531908,37.140988383090125,38.7441730127343,40.726037086281224,1972.4750544117949,1986.2580698946444,1997.3068698301265,1996.0931559144665
38.66250562395206,40.055588208330576,101.46002565669502,42.30890224376742,2001.3722503318877,1953.6876654527289,988.1038291139612,1940.3409494442483
41.06565046869066,42.538245837941176,92.01065453026693,83.40057977771254,2030.1659151810256,1001.8882429157273,977.0611389346003,1989.9413427613858
41.34504604533117,39.80683589989238,36.59926084974341,89.8032732646297,991.2562026927067,2016.227000002163,986.323480336503,1024.383491993009
94.6301702212846,40.52796475779449,37.57061089047753,43.2882058607913,997.6262322191087,2047.2363339621045,1012.6668107208601,1012.884051419836
94.0211815757671,40.73061736192875,88.1264307142989,92.70446845810946,1013.8567944884273,993.420994452511,1028.3420379754416,1017.2242685697228
39.43749836513909,96.96311738967141,39.10839608544387,86.72025405738023,1001.0506617821497,2015.2059758829635,2031.0796223098682,1013.5434816415811
85.90990883735702,89.69356808493961,39.94588927018589,33.51797045119365,1995.8938706166855,2003.1160343447737,2047.5400746306289,984.5883840541869
93.87962295659305,88.97654816430314,42.27498790142597,36.88938633147802,2013.4953054608748,1049.768884258127,977.4082065892187,984.8722085429704
39.639508552821596,40.22802854233289,43.36442113597097,36.51024691307142,1972.5199110481049,1944.5213375916696,1998.6674249618727,2037.0780398007596
89.73891023019817,87.22901802057345,80.91207235298052,34.53880733576675,993.3296318253786,2005.9053599364122,1026.6970883944805,1002.4680123812998
39.289973505100406,41.78265321416162,39.193256149717584,38.13903370514655,2033.719821746378,2033.1218587971416,985.3754008868301,2014.884968218626
38.16952775590509,42.12829852576422,42.369942102467604,36.83842092826919,1964.431737898406,1027.8947663260797,997.188685072364,1039.1101237800542
81.14267648325185,85.88825514307575,41.783229096208544,34.62515845949022,1963.4531077915115,1022.0713315535711,993.0094221884356,1036.721687913536
87.75684079241984,95.80502108169583,40.63587082212486,37.549627519858575,981.3999809508134,998.4992648589056,1972.6924841113907,2014.672261481857
36.20325433792287,37.938701129236115,83.27705220922391,85.9709320827039,1006.9219325874702,1010.3581292799413,983.6263802041863,1039.7644063715916
39.66984066568143,40.67018787096596,89.12321135467812,79.55946893577686,1986.2858701291113,996.2588182078905,1931.181804533192,1978.0212578271485
38.04961948710183,44.909433163147284,85.88794942943423,37.65015963147022,1001.7257072045481,1998.5778127169442,2010.2359096021755,998.9987952568554
93.2252401770493,95.14734483826025,88.87337816264137,90.66424167533198,1996.3907166024665,1020.4513699951029,1964.1317580410403,997.0871945252841
87.75084986560718,82.7870100755007,34.44597399160067,104.2582068894727,990.7406962542709,2046.4924322286736,1984.0106085525981,2011.498246453127
100.76269371745258,43.77611996591497,92.17373499216934,90.21434476595502,1943.1651279171977,1997.4368879808503,2011.9444346792982,1999.0489163608104
37.816737960211164,88.31527152477918,36.01212643137262,81.32734485164053,1977.0060506353773,2028.3411091783591,993.7058359695601,957.5785419076578
93.2315988406295,38.86913772876766,37.857398738391,33.878875205532154,1944.1542085388235,993.7062476916683,2001.3250141456942,1980.8301724297035
92.50482398483342,84.89439700331273,39.84016623843424,91.84553682007686,1939.6813062742372,1018.5070165927702,2036.4193156811384,1011.620663619107
35.13591960128771,40.49323858596938,98.07946735311312,39.88089098480939,1028.4334783008476,2000.9606700423758,2038.1912213390679,995.6409839208505
91.41599868427704,39.46764205437265,40.669780304383515,94.33411203690902,1991.7164017072369,995.2347053251316,1017.7527568544791,1009.5616067826802
99.79998308667399,78.84580886327423,91.9918739144144,87.01574351883352,1990.1418266173182,1995.222831366679,2009.4031433262423,1026.566190318651
80.45015361993146,41.76619820553574,43.87680857132411,94.91484417154587,977.8876641837878,1940.8971594033455,989.8468330690661,1020.3074713580684
33.74931013719457,94.95210763405946,42.79297344750729,35.64225610812182,996.9990559189584,1958.6956462920589,1965.9939425206737,994.0225976898507
92.93672586150049,39.112152607934235,92.61611705871331,87.16325933703828,2015.7571989461896,1010.2749491202866,2038.4441208687622,986.3585209001955
85.95958232743008,98.13673413804328,38.31620856286476,37.33688916065158,2012.571211217497,1962.8060995778992,1036.557887167289,1962.5448290884333
37.65091552979892,97.54354932670637,40.202474659000394,84.59119172993651,1008.4243450971247,987.9079843366408,2011.2655110683982,1024.3573552639054
37.38156083122271,99.1078038585321,92.0083824818419,36.14488143787199,2042.3108912403145,995.0687813311029,1988.3323838735112,1068.1304242973242
90.66129830490804,42.08087308844228,84.28998006656448,90.51768282235754,1989.5471334851661,2057.410907613486,1062.8882100528203,1006.606155869491
91.88434626079827,40.493042152467154,43.45299827068024,37.46124495227788,1048.6041752951196,985.8745359582872,1021.218086855642,969.0091120072814
37.73351505899769,40.9944237990412,40.15836095812969,82.27745730304025,2001.0878619133616,989.5151631800368,1992.5413647150224,2011.6668852417974
94.351771897883,85.29993612167529,89.7949481206196,88.17032284144068,995.6642568760515,1018.3530153460239,956.5929955141355,931.3385666985607
90.91996651892757,91.01636828665279,90.24005949971445,90.26314312476146,2009.075369686353,1981.7379683530596,1973.5975828873259,982.8668714896113
41.89806321405693,42.885695196100144,93.08148135326894,94.71157023235108,1017.7499622919574,1951.7803683544357,1004.045885412834,1989.434341558677
79.4241776307708,103.17108760038786,40.106017556322605,38.19885599890108,1967.2798915620933,1988.8962036777557,1014.7507188828195,990.7366014660163
84.68548707986812,91.26126167343573,40.28022091078307,38.07868223616741,971.890711584989,1015.5798502028367,1996.1952948556575,967.0301006123427
39.242812265054255,36.79887015401246,90.3531165522664,97.2687641410743,983.251201927166,1004.5159083423902,2009.3665512007885,972.9252082839098
39.13599372652205,41.389105436566716,40.88451745737383,90.51972399846393,1000.5546867900016,1989.9641222868615,2012.8686065303739,1002.137872494395
88.34476792430237,99.93554498104939,37.34225155693535,39.93962964515707,2030.583494155842,983.4695396361872,2011.2547733155154,1996.4696595305977
97.90416241905174,83.86461809771866,87.35262726892135,87.22857134938182,1017.3208373763341,959.1467454999356,1992.1305406471165,965.4270484815155
95.1469502282957,92.77091962360507,27.479007948758,83.51769669141943,2066.9596664242877,989.7330082228294,1977.1929303036793,1917.9556980376324
31.301390969943945,94.56729642255226,37.25881206077631,38.40091841419054,1969.876443258794,1023.3987021759627,2054.990609555189,995.9010189542605
85.46395818205752,39.17797141610099,40.564646679696025,91.08676763016362,1975.8053994635395,1020.5352290268622,1965.2943600874441,997.8242012463613
91.94029729848502,43.513243244053086,39.31431210990693,90.3207119048792,965.0028434652975,1989.4138074610617,962.2104894997441,1957.1907548940897
88.33885691420082,45.00260801928181,89.45176351390506,40.59509575838906,2034.1730899322615,2021.883295300214,2059.857906051938,1985.1615410405243
88.52312582487829,42.38445998940409,84.92506886872809,40.9208920240374,1982.403744551311,1996.119321705353,996.0832270234109,1951.2238992555285
40.32076809979671,40.77791852690186,102.71479842205106,96.37254029118996,1982.0478132102814,959.6875610345941,1022.3252231987939,998.2050045008061
36.893753119315264,84.21403772908756,37.0529166574088,31.09860218531627,1031.7688816362868,1941.0197989388205,1021.3879555538629,2019.9592530423265
90.9983868594355,89.11025523677881,40.95650127277748,29.998582236718786,1975.7799032475716,2011.7806540844565,1005.1650777473585,975.489185427492
91.65889438883268,38.53603834666082,88.44816094186963,35.0481988554976,1015.7561180749988,1982.0604142365182,1988.780528745339,2007.1383230605857
91.73793907523257,39.361799858264696,88.94983451276681,84.2110441789076,1938.4357452117338,998.4060773308463,996.2711158691825,1981.232164898016
89.91189857897825,42.513145468594885,39.0822130242426,33.43456508419546,931.7790284079572,999.1373505082,1983.7111490498296,1027.6081049021627
89.8438118005757,41.79328912408127,84.55358695736047,31.831935086853477,1974.1288067669686,2022.4055109226306,2064.963334382758,1996.8575278155274
39.68093486817624,41.11871059838356,83.76869676440938,34.675823200090974,2038.67530265644,2001.5395854953151,2015.8308185917938,2077.027113266028
95.719295094132,79.69162355959875,83.9585602178363,91.10684205829405,2028.140231979214,1032.8952088848,982.0287342486863,1008.2011140217871
96.54854975224728,83.80354138839564,92.53770838146559,81.03864717412159,1995.8834217220474,1028.344231771277,1036.5489477989177,1021.9763453748814
89.64426002021857,90.59664983316142,95.65416375113013,94.02315573475734,978.6332749378377,1976.651091373672,1992.3069498966097,2009.1543051692918
99.5856652386094,100.80218268795463,40.657868612226764,89.66489423601524,969.3785467539824,1995.9650858745536,2007.638782890103,1979.0601438768597
42.179624114534604,41.8459359033011,96.06814681030123,44.610492401704974,2038.42587232868,1013.203143712883,1993.2412611977734,1014.9465959787216
39.77452497000826,90.99108092517905,33.996589497179436,87.76712305629269,2017.6335729172072,1991.2137580492565,995.6911076134901,1994.252238876716
39.005454426416165,41.37783433547048,92.2648189959526,37.851701130098235,2031.3542233386138,1978.1390254795276,954.7427125027328,1045.5388816879954
89.05062524891217,85.2013061014054,46.19757161326186,93.71496020981901,980.7978017609303,1989.3891030996795,2023.2678851016337,1983.1867302375526
38.53885893334203,47.5143326908055,45.187177747736065,39.629731884074516,1018.6579939709497,1990.5228046150366,973.7358338351539,1973.9071321775189
91.78291379073534,43.569135103921084,43.1861698566945,83.9003150137704,2044.4388825702276,1006.8796419696217,994.3654749867985,2030.127735238973
38.767187786342184,103.31787279262825,43.01870781591079,33.34150283299223,1922.7761911771918,1950.2882424262186,960.5357722899469,1969.8469283176773
94.37634445762987,89.84276157889008,89.49253911561426,34.44785876078434,1963.8371574696575,2000.0716451195133,949.7336912588744,1000.2744860851066
91.4288231149876,87.93118448885812,42.78789589637393,93.83395143348842,993.3407739364246,1001.4999505440205,2001.6961313676748,2030.661821787805
86.01015598493143,92.92539044695236,90.24519064992025,95.59644490262701,990.7645236354845,996.130378832853,1977.5481316940684,983.7128150576261
93.61462165971592,40.46134865289223,37.939467135875795,43.066321030291846,2013.8079815487479,975.0736973935296,1002.9903238455902,999.6356057678894
37.85016976589846,98.91040566283797,83.52505857854048,86.22781804687848,988.7059722536303,2033.3056229015042,968.3325239408691,982.4750104358932
34.355893987531616,91.7544386347867,91.43534693761362,83.00365667907298,1015.9858882310579,2007.8204651897067,1983.1337361307706,943.1944542363653
35.86725891032292,99.63592581932919,89.34657687479046,97.38255263136541,2054.5484684136813,1001.6686799387446,988.7414581966643,1967.9666335740926
36.552630927476855,93.60613831330495,85.50245579637674,87.09907226502844,1973.9638003476584,1005.8749253976114,2009.2613647273797,1983.2822733945923
36.97222760620117,91.98594470821003,92.95481115307817,39.33147519281867,1991.489836028382,1016.7593011292349,1995.8111870552189,973.3457299662839
95.53078934345014,40.431803650427454,97.33383781489668,87.97864071035595,1041.918220827372,2016.5490266948125,1035.1909035855494,1961.5178149918036
38.536832431390806,88.56384419335853,40.83579547660102,84.77547525057436,1027.2941404600836,1946.7703117704966,1982.6452451769492,2008.2306732869156
90.48553065085036,40.58569459100699,90.82612936275753,88.03377893473768,2003.6047087644542,997.6805974603634,2017.815761952906,1007.4291336936712
38.276314007464606,88.78732359679039,88.6150840106701,93.10580170228079,999.0351447720094,965.2033573876968,2011.2968389898306,1012.699563405328
36.90062607002861,94.16027930060926,90.72638754714892,90.2049705306562,2018.4275666450608,1997.6669605182626,998.637735734309,2015.7734274951883
38.20586700541119,39.366758758810946,88.18144866721647,34.70552225085118,1004.906319057918,1971.7151251537969,2002.3591142549483,2109.3122455944467
37.671508546066,37.499225650358916,38.73869575322117,38.62070566120776,1003.819745762929,1992.9618613436044,2030.8633693159845,1924.749885594907
37.90038240416722,42.98923645309605,36.6297619131868,92.4119501242801,1964.0104288085465,2017.4935086550408,970.7224492443186,968.5679785723314
102.19299390652101,96.7646918478483,40.409274138734276,37.672986335324396,2033.2311203441482,2009.6065422270678,2023.620895128275,1935.9207186350409
89.44654789532699,85.937691714886,44.79366749839178,34.11977340212698,997.2180843296032,2049.392629961763,1971.1673100221815,1018.5054697771632
99.79359780828622,93.7231428412528,42.2744113208616,86.23888403598544,1990.7123360716482,1031.8154646232801,992.3124285240597,2034.9356801197891
85.8333002394172,41.99973537351323,39.892766135033725,25.299136458288373,2002.6922934602505,1996.896000683982,1950.6085944433391,1045.2395681937946
38.529756742832305,43.566501795204964,90.90017206575068,96.14684664106107,955.1268302025869,1039.9025682564297,1012.8411470235366,1989.970596524829
84.51983713447312,42.04493320235351,89.40463378028156,84.04846975553762,1991.7085921652304,2003.0234821542874,1024.9420234229615,955.501603086273
84.00777069020899,88.78862217220367,101.6106170647783,41.50182200103295,1010.8042328106292,2037.9196800418288,983.0786580231127,1988.8719356021263
38.0237756969608,40.73850272750755,41.40864191591737,40.82683338018226,1014.8755761255372,1008.9303429629239,2000.1718049866906,1998.164113464336
38.813795808706956,94.00243501400386,83.10972762322811,38.509828215829685,2043.8941036301894,1978.2174490366265,1005.6605578737987,2006.334550364645
39.2619450062666,79.78526692959046,91.45303409702278,38.06013525991655,980.3193478973161,1012.7226474707061,1047.5602385472018,2014.8801461627233
92.27505823665595,34.8526406887095,88.54480104183683,37.676735251529905,1018.3750509844117,1964.6007417566757,2054.1174170378067,1008.4841041356781
91.99768430873975,87.97465676871425,92.6031887063069,78.91797923602876,2011.7567618467685,999.8556844376492,992.314005645861,1011.2375820079467
39.051288401855686,93.12779388805306,84.95154068661142,100.4127350002733,1976.3321737659148,1949.473241794404,1955.1895600844316,2022.9666445745459
84.90610524982098,85.39377649147386,76.49751237740927,91.584877732031,2017.3712409222408,977.0152490907303,985.6798251114055,1039.6016435307058
35.69968561268214,93.25575635758253,94.76487846964174,36.1470230765527,981.3218011631259,994.34320614072,968.8831210135987,2015.7518756093625
39.65206747861806,91.124597059887,85.09622757278453,97.24818885331521,969.3920855500068,1039.667047868408,949.626095894853,988.6679744088021
86.14216399018866,42.55323734737011,90.65157296616742,38.292877527860156,2005.2631350736126,1043.0323026734739,1951.4637540091815,2025.3446038302197
35.64758308630507,41.764795810778104,98.4722139287529,89.01012681025865,2031.2491395651664,1992.9375841013325,2032.4249632830592,2009.8665613693865
90.38899074904742,90.46932041619223,83.25109037827775,93.64340951809507,2038.8699627924316,991.4739031737781,2045.2589906863982,1999.5945435891178
92.60287826386364,98.11721652782532,38.39904382949026,41.388311054167545,2004.9290725954643,1981.8745727800438,1007.4311651994316,1939.1579415675017
41.865546150006345,95.79777263919027,97.1578611451946,43.13761414497314,2002.5527404098057,985.611076842842,2061.239949503568,1022.9929785215787
40.29154641169255,86.05807942608644,91.40399382189527,34.9773961298655,1003.5912678738509,2023.2044517166398,981.1374876559919,2007.2271901933468
39.50845207759551,90.65696494548541,95.00773756499422,89.474025867633,2004.4962952271308,2037.7485313401232,1999.1007083625097,952.3705067514763
39.68744948539869,43.36082207728778,86.61145912836892,35.318703422147316,2013.5217412769857,1009.4626113768597,991.7400501714144,957.393156758149
37.95242153006681,42.21325147956941,77.72435222769572,34.40639277136535,1945.425508617993,2028.6359607285065,2026.4934089593633,980.1108045317061
38.45709950080917,42.65330747208051,40.967583829514595,39.839495693366054,2026.7550579763974,1042.2870159282877,972.142540241379,2006.809818874618
31.877743821990162,97.99410331385029,37.99558953622156,79.98308711093976,1020.8865059823556,2019.1381393917736,982.6137587559749,2005.8009160591007
100.3205758475763,91.44907763632268,41.23237441592456,42.622074753755626,1978.4603679049349,1935.7569432855528,2007.9350763095852,1995.2271692731097
35.54530370656085,93.12028757110414,43.20334605775871,40.58105594141895,1003.6169109881039,1995.6962025353039,1998.4421533086695,1006.7872079552884
37.21280806518058,90.4705571654489,45.3382837580092,86.21049375440428,2049.676442793448,1032.0057797454192,2027.3460340329323,1989.766952261115
87.95898083706949,36.84851390866621,42.036344790427634,93.53709059110638,1982.070698700467,1035.731520350003,1983.5071571495887,1963.410165515233
38.0899224348015,94.55570992166506,40.445239352576806,35.58379957341072,991.8610927791844,1017.9274110536683,1996.2729743013476,973.3714477565122
95.70693613926896,103.25628126868095,87.02426696535831,38.23195979834864,1006.7025727600919,997.4861269285857,2009.5438264441184,1987.369137157168
87.9058255730124,81.15509072897545,99.41909930837902,37.717405934071095,1013.4250150093696,975.7859837953183,1976.9059227011373,2043.0241963669523
36.31568734846144,88.56932504455673,38.89594710422212,83.05675014660808,991.987426560444,974.9498537613088,2006.5901795818695,2018.5591894796935
38.996218588242684,40.46258218804189,87.53299631933173,91.42422174244392,964.4168799489162,1988.3604412308641,962.5601611582061,954.8454057028694
41.135160568412644,41.22259738746979,86.66719742737347,81.57399361449336,2054.1020503797445,1999.7136508214076,2014.875236043705,1945.991000508074
90.180597668348,85.98794616446315,81.34587422111213,91.45789734897014,2000.722794860699,2023.6537820602175,1998.4487187808484,1017.4700578933248
37.900723734091486,40.80446501522232,86.19128206499762,37.548503670727456,996.8881113430882,1017.1393329167774,2002.813546841425,2023.6143885960494
95.09644568000792,95.51359220443645,91.1010286215771,98.82473330834351,984.6218452588514,2016.9693299578043,995.3849697472897,1983.4890808491748
37.23701290295418,41.58011508221182,85.37644293139613,92.39800598836212,975.0069456682127,1966.589873337726,1971.771400646337,1974.8953208590888
91.1493885439293,36.8310724253664,77.89656933567287,39.63760674575563,2004.9562495326047,1920.1135901254986,1999.1754218276938,1986.557144257938
37.08961213385557,38.17224629788139,40.09601885454066,40.988894179936565,1019.7854493622868,1006.691986119577,1018.1517335711666,976.7347937990539
36.782062458084184,82.05219141188915,39.03400675879432,45.41265967449504,1000.7775367299295,986.9300576477989,1033.5322559066167,1965.099708107589
94.57487078675616,38.20121387996289,37.75235622742585,45.99581965068123,968.9271652900052,992.0622939861548,2034.717875857331,946.5454792072965
101.35888999720737,40.00134252596122,40.78949804681797,78.66609470416576,1004.135136054161,1000.4500250605888,1981.4649382477378,1019.3316685230731
37.56492348168815,90.58832183562862,41.78021470706348,36.76732568417275,1989.5632562756832,1030.6258755519439,1977.3360114261202,1054.5198649805975
86.26905145027287,86.84342379817471,40.545975584350884,41.62117295481809,1012.2770270609808,2033.2668263938178,1001.2612271349687,1027.1938547392735
91.27736128832477,38.34982410580347,39.77190809900553,89.17770082665734,1037.7436372103525,2003.298126393691,997.3427607411247,1029.7894312497283
38.94644872587262,95.67041715169564,38.12327740233229,41.923344000665665,1967.0906482721932,2009.1947388590463,976.8240035142725,1962.4574017723535
92.19119291207495,95.84529900707321,85.64963226768312,37.052995137437904,994.3258652593155,961.7152373356264,963.231570547616,1971.9458333739487
88.16294946454741,35.92315577895371,85.79023638608923,35.26699812114184,1983.7856584828328,973.899850497571,991.0601954928202,2019.8554757686084
83.91981503275507,88.0805227667399,38.80944256408142,89.50757745846376,2038.6133684936524,2025.9259021792304,2035.873737845571,2024.275880158871
38.58383046287706,96.7577782522006,37.66127956277677,91.06963191644553,1018.191123679805,1011.9123716841618,1036.4777551591874,1946.6335305864138
91.75789344246267,98.22685230409179,86.68936537564122,94.03704879926778,1996.85702330768,1943.6426298125193,2022.175940541343,1960.3899240182388
41.22460353546157,90.6881990101732,82.20424182492077,37.70284939754188,1993.414610219664,1978.4408835301817,2011.7225538372868,1998.8591516612375
37.4557724022942,42.39406196370413,36.861611365171164,93.8376800871708,1984.0463877799775,2016.2725928028572,1051.9876882191008,1983.2699292458933
39.39989948616514,41.46094668660393,41.34758983732938,103.14728496703394,1001.1475801249812,1931.1568508573166,1027.3306908330744,1009.76047370573
92.2440717021465,40.609910899604614,88.8951782329452,42.04756469842731,2024.7786786953236,1019.1574114314712,982.4764997567477,2024.1766385944031
36.20661615680778,41.25503254814977,41.712908004409044,39.95175025778232,1985.5936606239466,2029.135482036459,1977.2024364881886,1976.1581018050233
37.40628604895251,91.8144975960581,39.41756337153711,88.40894509220301,2013.6596283901986,1991.2838521479546,1052.5649634450747,1995.009894797993
99.26697954880741,102.24043013221969,38.50152841804342,97.60044546690087,993.1948875251128,1962.3783743863219,1040.0304436392648,2053.1672716726894
34.24061728575152,95.64226489850262,87.76912912034747,89.93809324991149,1929.9287994556173,988.1180872946557,2011.5272911895497,1988.8172655450214
34.10380832758653,43.854755263811526,37.870538392281404,96.84041693296874,2054.570997981579,1009.7641267254819,2002.0717897789414,2019.0469277709656
37.96949635307473,83.27266465246399,79.69538765185385,78.25844590559151,2025.266636422747,1013.9143739831385,1000.0119508591978,2022.7064897724329
38.54635958990747,87.37701878798796,98.49509086649039,40.85539734692652,998.7647339574095,991.4964999951732,2019.3735851540193,983.6678120767788
84.06592549445071,41.446978055393814,91.21507270517671,88.7720719519165,1013.1516214405481,986.0373855697816,995.297686741503,1994.134610562346
89.34082622893165,42.744819125073505,86.62784357318286,36.994945579688554,1955.6524552771907,1959.3880350143618,1964.729986647299,1036.0512546233344
95.30782151898421,91.87602915658039,85.66760162846361,90.38406322799462,1995.5476613472624,1012.1323630560606,1991.0638800667762,997.1882004425536
90.21466814203083,37.33289361679749,94.05922783845757,36.29326964036889,1000.4068643953879,1037.5293514134758,990.2285701617802,983.4652738536203
94.7752275330733,86.90491982083245,40.05409025917733,39.67421609938183,2010.5450457664863,1009.1463193465637,982.1979911458902,974.8871958130953
38.3638037062926,90.00282401716555,87.18632492968952,42.4765167665535,1030.3180353950181,979.1148708721375,953.7514247472068,2038.2345409769334
90.03941887038755,91.96579983943721,82.43810850821538,88.73653822480918,1011.29535594107,1976.4221272013692,958.7074957439017,2004.1666465146795
85.52056645868467,90.75679348075644,92.63462935924073,90.14261038256691,1011.3611575308355,2002.2142016743867,975.6227469814389,2020.4856616847953
92.78790596119975,41.12269865545654,41.26180087017764,90.3490931269244,1007.5255454972238,1923.986176498435,1999.441409726426,1028.5938880366814
85.81117900842352,43.1670128510659,85.99622958903669,37.84240952212683,1000.443591879585,1972.922022303676,1972.7055975984567,2046.049878486668
83.08683690221521,41.06886312136457,40.52502674410823,39.56028312066252,1996.3091256889752,2004.507801550697,2001.2391733207971,1024.7415881445254
94.76435445112928,38.703981601297365,95.10633837054041,96.43750141832771,1974.1038345865304,1957.6439763885605,993.8650813838332,968.0554011374959
40.774427018838,93.87074197063191,33.22316922188345,33.04547993566001,1011.9789366675079,1937.8177796378616,1962.9661966852987,987.8994324560275
92.87365726103185,41.48607550146207,41.80026662890327,36.017432424678724,1986.802212414492,998.4959088254262,2018.2861076328477,1979.7380443023867
86.35156203275189,39.9094714909841,79.69803092471547,91.48317236790751,974.9740411923594,1970.6164632303364,2013.3058485333356,962.091952098637
39.68482441261315,83.21387103462887,41.103970162339635,86.84287574436392,995.4247718393628,986.607343554919,1958.9023843862117,966.1006008623231
37.6688123069554,96.03961588524686,91.63993359895413,35.70089499914603,2062.292629083302,976.9608736921916,1998.6002237057285,973.9292225207607
94.51757735345505,38.41066154146721,41.59530062998165,90.23450163209398,2024.2883544024749,997.2232257584424,1004.0784935166835,999.5504434282011
90.64098570518294,92.82114402664119,84.53223172272186,85.23190198188463,1976.2593319890118,1008.78216906971,973.2153681150791,1974.2714795735058
34.37784857257539,40.111500885939904,38.32900625689963,35.690261649263114,1023.9873311044041,993.3675787933003,993.2275486159203,1001.5143348728477
101.39031788844201,36.28343724098248,94.2145709520897,83.67427472468427,1026.1369471495193,983.4178705893942,973.6391581260368,1980.0637073196751
41.439786658566064,82.88420728197569,39.26627035557248,91.39967418266775,1960.7573872576168,991.449715678662,1973.6053662637419,1006.0079083818353
40.422138070165474,40.35962551284462,89.63573251679108,41.848162860492245,2047.6758683788155,1002.3859832326727,2001.1828599343164,1980.276020144474
91.66470384542784,38.87000736048267,77.84378435405502,40.801038859392506,975.6855272812995,1988.7974668208333,995.2590555397359,1972.639209434686
85.13018691752862,84.98021956961463,84.32340148129667,88.78932908759303,970.8194675041751,1954.218324608961,2013.2352549244736,1987.4695997871902
38.82209652089078,41.024341675920596,90.9497346905819,94.49422210406469,1007.0911532385321,1020.8077304149821,1991.1899670326197,1013.3316534592982
96.27137565449448,96.2854349203564,76.56442073333957,91.60938775976781,1001.6166378698551,1937.5964043659394,2020.0972902843987,2040.990116697554
86.5212391151099,41.919625774831374,84.31323259711003,39.880559253665965,1000.4985498160015,1938.6490543837292,1986.1254320581843,1983.4863341379462
87.67559277870393,40.15373569007842,88.44938310247906,86.72440532894225,1013.522133822408,1998.1504293031414,1944.670073971492,2025.3504996501556
99.23718443150786,88.68001226662858,44.59714885822527,94.95445375742766,1998.865793132968,2017.361091818515,2077.751541958942,1040.573302192779
90.38223941762146,90.88432421975668,38.23867737731025,90.09637080604155,1994.7497936947639,1980.9563021060187,1994.1374773265197,1962.4468847143894
96.7528396969915,41.523072111214496,92.87551647044513,34.963814629253456,992.2547106609723,1018.0211082658968,1949.1080562905427,1013.3133305577117
87.68320202237425,41.72400804052694,90.80623522314349,35.4943716259956,980.2062010031462,994.8437279727275,2029.8890925009043,2065.248814780158
34.47543986458534,84.13725296329436,38.697111424176754,93.01224981198106,2024.2136271890417,1007.6525460799695,984.3806237223253,1042.8419588293457
37.18732861086544,41.28143130415559,37.76355798456449,85.0778814296623,2040.6067404631722,1959.1438642170815,975.658967263575,1043.1936820705073
38.596196997996,101.40414460606513,36.572342671802645,37.429710401576315,997.4537083072175,1003.3160265987835,1040.5360871835016,2001.153086464586
84.3033174520323,94.56851012052157,85.22535378398916,78.57079475465224,1005.4493778767401,1022.6546352061416,2006.5628313434117,2047.5386820191673
85.4930244359438,41.92937159918356,38.231412880806644,90.51408289003454,2036.444006145373,2037.520376798918,1001.0625405102656,991.353064266219
86.34217602348782,39.17993668279213,83.70538781918579,91.87846334122285,2028.9086625666966,1977.3518868691006,1987.370665968808,980.455747795908
38.07794503234566,93.38867342177282,92.93465910503343,38.176814533439256,1978.9349275576149,2027.2579765430528,1984.5533084225033,1000.5662585314603
83.95308141602567,92.78455448102979,43.03106610223529,38.628321162570714,956.0291733115826,2008.6809685417477,1954.309776747617,1965.2045641249927
37.3958737559052,90.10550217749442,99.18209625536173,97.39744006329884,1992.4504972131635,1010.1661108409196,2019.2945926945513,1005.3159033457348
91.13328696410528,84.87211714055445,39.07935689319365,92.82481006417058,974.152596122694,994.0470146180917,1977.4310871572711,2022.5981866842474
35.102487178035844,38.010280266950886,38.556110638169216,38.164050338527,1932.7709403310425,965.8166417384703,1980.9491887622105,1975.033952205328
37.63136777887445,83.1555945626907,82.0171190560134,36.9524646882131,2034.9273769278334,2009.7962599629893,2010.1749636959426,1982.4166538690854
91.75349262214371,39.33424430260085,90.13584485421092,98.42339320964834,2002.270822476168,2033.2723004624236,1962.8667009799265,1016.7420794063603
36.11105877176885,96.888465281162,35.52042998653956,92.37681096734725,988.6236993916539,1993.9625001498305,1015.6949862223769,1961.8188668380362
35.62697025996067,84.35158844885004,90.60790288104907,91.38588567707123,1990.590511481879,955.5554249294064,2062.9278401896263,1000.5803214027655
90.52592797745565,85.04915868918985,82.61341928536065,90.6071124877191,2011.108435311541,2050.6969449743524,973.937664490589,969.0855553442464
97.11974218450011,100.54797662392849,94.19828604196744,39.22723952689635,2008.7289010101752,977.7429851769886,993.5269246802436,985.4832348928592
88.48221230689535,41.33270465462601,84.4428340326282,92.5124031047385,975.8652142893995,2062.9788252754183,987.5708532857291,1026.8208520029943
79.274999420323,42.08903718090686,44.32493234186024,94.56497740254554,2003.6640498163188,1031.632786249361,1986.3745439074446,1996.4554463853672
97.61927551059405,98.83011008377004,41.49095545376227,91.8337259903469,2024.050395854502,1001.0843387481666,2001.523980743439,2009.8617628237241
35.39513681971448,84.53654214471769,90.82595556061531,95.53607554242835,2003.42117157243,1025.9849735873363,1024.5262949678288,2012.9923536673875
36.330092000682214,87.34828338482525,36.2761784088284,40.005108227067694,2063.099291389754,1988.7859709730105,2020.6423111426427,2035.4973898103012
88.25932796479255,84.06714656618199,90.8720756862847,89.10475344607207,1002.0423993264519,967.815665216544,2015.5297675066895,1005.9694946081515
98.40550562334312,84.40252310519116,41.10830639678822,35.775005899705164,1008.6329417809375,2022.4538808337518,2015.9040525597788,1934.5761452900633
89.74677190693919,89.36263363348998,93.18076228781486,89.6720463205798,2041.6922095008867,1006.7280878493603,2006.536765626153,1036.6606798738842
39.846630086969995,94.14104044450859,86.95824327383313,101.34825876713515,1999.290277684116,975.0463658126821,994.3201482649147,1055.8996991208678
87.23217788866664,96.82267537097746,37.97093111645155,95.31648487242597,979.5183954092045,989.3724244635454,2005.501898623838,2048.363343512401
34.67407813457571,38.18133538603251,35.86447645045129,85.1186628060199,970.1668280175279,1014.3173483730958,1938.5227667511804,1000.620845478375
36.661784666846145,40.4616420242728,92.6827407118686,39.86345448218927,1974.3323798971646,986.7585544183439,2014.9636124962212,1988.5750521161162
36.6952870313956,40.411154782320324,97.01411070654896,41.81775564261547,1007.8633750307506,1004.4456302517694,2021.7168896956712,996.2028555984136
36.319763600416486,41.502121719755834,88.62432145596505,95.48604344212481,2053.1991995496687,1978.5980953369287,2020.267922644291,1984.1039330502622
85.83881816279349,43.6606486297476,38.70163419248313,85.38699862347325,2006.7596489038924,992.6588930346655,2047.0092462805828,1977.9980404954065
36.579557459513396,80.86882235292408,91.38774881727396,37.708146244909955,979.7157117510367,998.2768276171531,1998.2969136128222,2081.5711870796854
90.4155023004681,42.152544946750346,92.43485957528809,41.901248963827825,1999.9026618323385,2013.4858810632961,994.3127802927172,2005.6502064437946
35.233054212155835,40.01514463409433,91.09673928990492,43.730650298599514,1966.376966045286,986.5182078438341,2011.1499283213936,1945.0524171025916
88.31675103450975,79.08306187515691,42.09978993754757,42.895258903475295,1999.5865910854538,991.7926037597924,996.2140523009534,962.6661829625909
39.480859799962715,88.70425371799617,90.06419560820054,90.14067905361479,978.89401867635,2009.3459171623888,1936.1920858170754,2007.3266912705383
37.38817114478233,88.0747780228652,91.73697601929156,87.24907417878094,1034.0482872876319,2013.724670898442,2050.0302410946133,996.8555712380414
89.327685078085,82.92782644335112,92.00981853141515,85.36248332676143,1990.8656653941723,984.4818069492599,953.483171792861,963.6464383471542
37.95631072186585,40.3517008760403,88.00754115685336,89.05978810515742,1951.6713774502537,1967.4486309157446,945.9116036070603,1998.6443189483775
90.8273692736161,40.90564849621502,33.20932817817008,43.916670954209685,1984.6220151175123,1973.4879319692889,974.1804672161313,1011.846895686644
38.02864825963629,39.88107531159962,41.680688175040586,95.92877006688981,2022.4963742557593,1957.429534472092,961.0609403363026,2002.428991616154
95.42034498917555,87.09969589267328,40.57625658534375,24.754443659539305,974.8386417307747,1028.4319414241752,979.0895823815065,1972.8484271258772
38.91250964256416,41.05121103119366,92.62540919370947,88.22188614912164,1999.7673560216415,1957.2479648134374,1974.0314979539846,1988.548573308197
87.27566725326578,40.11106601578526,85.84745006033046,90.92580777837605,1962.3913859921938,1981.293502825584,978.1670555757808,1997.9957356613133
96.95635229534837,38.332348685082394,85.76484220349126,88.24951103712876,1954.0211039789513,976.4479867610571,1988.5989792893852,984.3659881257265
92.75994003534508,42.42176093749724,38.19052352207734,83.33565297794455,1993.3786050270883,1003.0174988819915,1007.3769860059164,1989.0135562703938
34.974820215000534,84.82764552599532,39.119603346217794,90.13010877533227,1027.7130830638957,1994.5076627962449,1950.240162746076,941.5966175621779
37.06348214154631,87.9183929323408,40.83796141160643,92.88456318404046,2005.191301013168,2019.1011534947916,1969.645854482831,934.1761282958702
82.73017953593742,41.59023180084807,40.49012516592349,86.7772422815704,1984.2154838151016,1012.014593157613,1022.7427764027524,977.202373055186
36.83286426164506,37.93962683908446,39.515314108995625,90.77528197168547,2009.9777524244548,1014.6274561692381,2022.37487034477,2048.66021068117
85.64903131961805,39.233383592416274,99.31100280706723,35.44006197481036,1992.2832590267378,1026.6147188973237,2019.660538881361,2046.6764580559895
96.54897950838281,40.80742888912164,92.63902055517339,95.32736287666764,993.1807120136915,2008.2080652175773,2076.604858854441,996.2617834188447
39.72754685278878,86.36501899875512,42.07747278923887,37.83569599952624,2036.9964901808946,1987.2913389267155,965.7530959716772,2000.5706914331226
92.29917593878113,39.716487811845646,40.92788659487683,41.11223432869211,1030.94978900061,2039.290789164959,996.4956717010557,1972.030627166422
85.10989836527439,42.373015168401935,40.91759416209633,37.6273186135695,1015.3653843603988,983.5819699596447,998.05597576851,1006.0190960421031
79.71568527927703,40.80724518654297,40.19661516369081,41.176035770490884,1006.8981711332195,2016.2196146320505,2022.9539468130645,2015.4561314057787
36.99427615350058,100.47195871341066,38.80194870988164,38.5194019712054,981.6208666685959,1989.154426833799,981.1986426460955,2000.7945394892154
94.38962993724702,41.03158582535592,92.59808082250835,33.58846697425605,984.5911207448589,1001.2211171587464,1016.1226571029322,2011.9842915999823
90.14465369569484,95.07809679584524,40.51755733157445,33.368765744710345,1005.1342789775906,1951.4429824569665,1020.3151239010422,2022.8251621898617
90.8577888438865,80.85663717290211,85.84499175826424,100.3950595629323,1986.5794816301066,980.7510837697196,2008.9550595479936,1973.1542744665478
88.86044509554776,36.27734459748964,36.90525407637469,39.661240910662016,1983.7354464136097,2018.2614949746971,995.1671247275316,2010.413499541335
38.401943428457514,40.03010740299849,39.98296020019609,39.289829486545244,2034.516097047536,1970.9316793832506,1976.0085948885205,968.8079443125467
37.62034440896437,42.89255125667255,94.60656254023127,83.80941071500135,982.4139145283344,2013.68163972811,999.7732769133812,1962.749188025799
96.30975807395849,90.89927523109831,88.46937737765332,77.22387476112988,1988.574875747708,1030.0184267016448,1021.4193161816213,1014.8908816543927
87.8090602712958,99.16828201556267,93.12490796588965,92.4409893876743,1970.3353358885502,2098.1178953555745,1954.952975082498,2020.7963385008222
96.5832598575866,42.370775511326734,95.3390371767097,36.252023205906255,1002.9158444568054,1978.9907085395494,1036.8214638508462,2007.084483404899
41.58850579967401,38.83119287689533,95.16644502699837,84.28167540553001,1959.9808759980297,1963.858979302894,1983.250043301502,979.2822534839395
85.7876408293051,92.25592740888519,40.74579605145993,41.69523213591488,2062.3976207128035,1029.4157790950474,1021.2366727741012,988.3130432377002
86.36695407179172,86.24741820910431,36.725464856877736,92.75711051823147,1955.1355368397033,1997.993236196386,1957.2689893391303,2070.2135898486176
36.091917447546685,44.17820534415648,82.12073001809725,91.50503231199039,1998.3623466759118,993.3020371340142,2001.5607082565457,2029.2426043912228
97.24618817905153,80.98716326542707,36.93196709067291,82.50445633471215,1995.538120636706,1007.6217366943586,1012.2961093085994,2031.0966202590837
96.05091538665742,41.03154205455397,96.23258339297278,36.497867418128834,2029.62674953933,1898.2027056952218,1009.9344122700552,1016.8424612336216
91.57436947451815,99.24949391741808,43.268080402650796,90.16452009779906,1042.971516251066,2004.7242695056643,1961.3579177134986,1955.4869060236422
39.851909310592575,40.06600041329044,39.82126440165137,86.01700369082809,1000.5568773441107,2039.7740213454074,1027.2272005820175,1963.1487794472146
41.46343727819386,39.97994074958223,91.76861533408562,93.15305443640044,2013.6625979221092,965.6863777491767,1012.5822663963609,1999.8408391644052
88.77736225996274,38.58993825819884,35.82632741564047,42.13512033919437,960.2436656569225,2020.6206032157684,1927.364528365945,1025.5495805223327
33.00521693607044,42.029756259141905,38.404813316744765,34.32313676666901,1982.6567992322286,1993.2227435751859,1995.4087236349649,2006.7284542189864
95.57830930593572,43.89567721068106,36.18345409679512,32.4665243244049,1976.9215135662503,1007.6202917770095,1020.2605953645233,999.4657865326008
86.56290649365941,87.0338368925343,98.13159402722312,91.99191683188515,980.9011602456226,1953.799151788228,1940.2374715552482,2011.0960793432314
37.46346445689808,89.65888694489178,44.43730455725918,34.50381223486313,1993.0915307005416,2047.7548935420718,975.9403251929843,2050.489990166817
38.1694688414581,40.37637944962091,98.51657833134297,36.27576414970007,1993.112299770559,2009.3432249261905,1979.4152820456027,2036.2081562587666
39.50943694820312,41.716012178169365,87.35066545106193,36.78400641401848,989.8699106786669,2034.5700518530878,972.7177685751623,1976.7318483315792
41.112427568659,85.79459156040005,91.28085828611017,30.69214933049057,1993.4435751878038,1955.8059602730996,2013.5819191171754,2017.747966215446
90.14922603756993,81.7698853266549,94.64020769769022,33.695178791990045,1001.2436405138453,1026.7797421626017,1005.6621923473183,988.1568758489059
81.94746018438941,39.78504792118321,85.32597159240109,85.20245532205294,2007.2112857485115,2014.7183662220973,2010.09257213935,2000.1047716250648
39.52896111371828,88.67641188622927,40.928424260325656,93.81568744453696,1969.253207078981,989.8372998161849,1009.0059940834203,968.3130725723067
96.71461406580906,37.68122837000205,97.07050166627761,40.43826045404906,974.5284486059013,2019.1959697270484,1987.8425464477693,973.4602412217353
39.606441999052755,36.97164521495367,41.10509241618386,95.03208870820248,1962.9277034932793,2020.0846355223296,2001.6311153750912,1965.0092244707178
91.50487396770467,36.82309308044879,82.31775689102462,37.01671521822867,977.7886951104913,987.1802061141759,974.7056070565477,2035.9003520710285
39.9344218277728,39.35547862240578,95.0499447888727,40.17627903617328,1951.5208942726342,1000.5445065496748,979.3703884294607,1989.6556315346809
42.32452431616887,93.20680375135262,41.82706296341972,96.1654328911083,1014.606587213576,1985.612415142244,983.5287801123459,1990.534030697707
41.33951444167998,37.1898015442224,89.642751908351,100.17115982163074,1990.1606370160935,1969.5491288978662,957.0157353654042,1005.6041629587204
90.898758438855,39.277713726379574,41.140517524897575,89.55520597611088,1976.2008935734907,1006.3329111672747,2051.8318654840064,1010.8041626019149
92.59895740162135,85.75455117602192,86.71996524370505,33.86885319188441,1036.5623071831853,1952.7759354051411,1009.8840004765327,1974.678388081997
34.950487514416906,91.81979469884295,40.35159778133159,40.50382500309577,1019.862634214001,1995.373187666944,1019.0170428025538,1973.2717520181945
80.38886784440784,90.07514678464761,39.78001789212047,83.50835540379248,1999.6635684561797,1009.1394210816577,2029.7203429996298,977.4034991806427
38.21554277368678,40.5911854352789,41.99989450852287,82.62037561286623,1983.2967328565023,2012.3909325533482,985.1296754502746,979.8772331959202
39.73910563449175,43.36472947094201,43.32583927316181,86.25183534575444,993.1342821533581,1981.7706576319272,988.1539807913646,1028.147758542959
90.13530029856854,40.683757103370944,42.19151421016973,94.46448965991169,2008.8290692932273,1003.8261616505017,978.6034102086368,1949.6151037285222
87.53125562971279,40.45106731178805,39.027481942171974,35.028369692913245,973.9219381174897,1985.7914807463737,1000.7387040061401,1028.2088200099647
97.53228558603595,97.6305886262341,38.07740420117317,94.95802473027105,983.4330002254469,1958.2881786276168,993.6692594036831,2036.7174615791994
38.032108427894684,90.55621041954788,84.6041167676404,86.93279639019552,987.6072515802673,997.0379743364592,997.2158511036746,946.9729320856711
37.21773091741012,88.27151928139575,96.94061933529709,47.36674697832187,996.635895773564,982.4158179256801,2044.786632828623,963.4369603245632
38.854498320377516,42.34467439158675,87.15730058792347,43.879741258366714,1996.4359145933906,1973.1222250685903,978.90655534599,1022.5260150020556
89.32053513114981,39.494428191471414,36.40813950198641,40.721937503129766,1001.1258053965685,1008.7732973829593,2007.7513730917892,1975.907898812907
98.1166336836671,94.2379604093562,42.5166706843785,37.91199797565436,973.2650287305361,1004.0518525032614,2001.5973580928953,2033.6994664761587
37.122128568744834,90.23251243924388,44.29317561418489,35.542736401855734,993.9364764915543,2019.6069081653216,1002.7743466834237,1993.5067713968815
37.57205328569483,90.00633658652394,43.76395821561,34.24363939204471,1038.584019596035,981.5780155461019,1999.4357575225229,1985.1056227839254
35.4403839238729,94.3320422929132,84.42548308329663,98.46954916813165,1960.584439755995,2044.4852178053318,2017.2877600335787,1992.433091653501
95.7446565290409,93.57440614087938,86.34390940510896,38.17505205484447,2061.6157397377888,983.439165541032,1976.1209600493144,1002.3304564118203
40.380940211733936,41.602439049067705,90.36798193169687,93.22434976111853,1008.9770277787367,1007.3202685575407,2020.5070795524225,1028.5448743534432
79.74170337858028,85.28042448976917,87.90581494093128,36.029170847166355,2020.8323829623778,1973.0488034359707,2033.7920943780025,2001.7135315473138
32.94686856314628,86.64041608646599,85.24862438074128,103.40398831538157,1956.0514801350512,974.2783139545463,2030.3728262042794,1011.1742579386544
38.232107277900084,42.76625392144682,86.63848362200474,37.04746384352803,999.7208050729382,1000.5601330623878,997.7439594683397,1980.024907738275
81.77895524176367,97.77252336835899,77.7590356329477,37.95122009637998,1036.2944168193226,1964.8082395569725,2009.0008375045036,2044.4609716046236
36.17017872388185,39.824714236203114,44.174555190131244,88.46575022452386,993.146035933139,992.5735534839757,2041.6814667951082,998.751586863993
94.53410195424863,41.92540432983086,39.8918449245764,87.38523322149643,1983.3850752146845,1998.3196708449263,1966.5710110879388,1963.5212630418741
87.01666265413152,38.15120046077083,88.90849324865658,36.023517803864706,996.0552067241067,1953.9460072072604,2032.4213883272546,2021.6802782887582
37.71371227185139,40.427209257461186,37.43258918044337,34.34940417544929,2004.7571456012963,2061.406037510789,1966.3706763465354,932.0227149266519
87.71149461710617,85.94368868970226,36.267152412974525,37.15465643868529,2027.2036431774818,1006.2231179848445,2015.8559064002523,953.1558189303582
86.86117924129583,40.50696631523764,88.24830759641095,98.46245533244661,2001.994184245236,2010.603631976278,2009.2919512325404,2064.791411205558
91.03719029397932,42.949239935261105,42.49152789395265,88.58849909161589,2001.7925226466689,1999.336613261424,2006.9502728034977,1968.0977408822762
39.63070336089409,92.37733562978724,88.33641755069772,39.28861195393125,981.8191729812767,1001.7315091340693,1970.097391789844,1997.07572222504
36.653220960491716,94.96247319375261,90.65513982268791,36.757230758512335,2065.5771495908334,1979.3439472237526,1005.6862925933171,1943.6473327626973
89.7485193059061,88.43541646051513,35.89864756848567,31.981989057091592,967.3721528047496,978.8999954731022,1018.4999057576108,966.9994206454098
85.78398339223118,97.30005376835257,38.655135073426635,93.69415355749528,1996.5638447398583,951.4778006962755,2003.0332889022068,2052.8683497002685
36.456933151116445,40.465210034915145,36.668410255282424,35.48159355804543,993.6331866559931,971.905117014908,984.6367065665763,2057.3966952125343
37.10013973807362,89.20861244641365,88.98293489772794,35.22019354902161,983.5960025981788,981.5143224432458,2004.5453042606118,1998.303638280775
38.97936097681088,98.92805687500244,38.29942150152821,36.36317582619985,2029.5715791869275,2009.942718290617,1973.0602667554813,2020.2445306592524
38.755157841748925,42.06181136666311,91.06366180485188,40.594257373998616,2038.8799346023875,1999.4052619719398,1978.491880612918,1977.4129347143498
92.9247536961738,42.78184638910375,37.95916503689463,83.24550333088428,950.6106943571508,1968.5601099287367,2030.204167805308,954.8263672036392
91.92400532989443,40.192620227971915,39.064971133109545,90.76367697891105,954.214478618575,2037.7843714724986,989.3142346323482,982.3182343944566
36.01266264001007,39.120478792178936,39.451899134697356,91.11298854620155,981.1114884418913,1983.7587160022106,1994.9179034784281,2008.089575632257
90.24231160879326,40.01630814864352,39.202754531768335,90.75596739046935,1981.2392568916644,1995.9787547842986,978.1856727170507,1959.4319021252272
37.26143348059995,39.33433992138771,89.66913766917871,81.1332527212132,2041.1998606474697,1971.847478662712,2018.7215803169447,1999.5090022630238
88.06158483602651,44.97472526594625,90.57631333372464,38.98918276597198,2030.311304909403,983.8299062986734,1924.775211707573,959.3570648428354
40.114083220776195,85.42420856159343,44.64565128427749,90.33644217515192,1032.7238279395517,1007.3977713633315,2009.0945694952181,1998.091085556382
37.10346685791666,35.40497818134433,87.57649020269606,42.40851241112818,2035.8952016542185,2020.0493710346495,2041.823378233584,995.2939465793618
85.18131418472827,37.418609043476266,82.0795040941588,84.92197519473663,1987.4116125648538,1960.4117822673434,2014.6511155140572,1991.1932753398412
35.865534013416145,91.01550835809802,86.6452768415826,95.09226080247775,1980.1122880062796,1998.8972983672245,2019.2506932592573,1973.1906029233235
88.97928495955823,92.59275856046375,84.91855489380028,96.40023831007696,1023.205099597397,1056.7137800069827,2023.0340063955812,1004.5431919829189
94.44263735369498,81.62196876702075,39.59271398141566,40.22361848024817,1029.6537913322497,2045.5082875554951,985.7143483077741,2011.2932948077091
93.31728309270815,93.1489531976395,94.07332673345212,87.36233411323971,2001.9280280932392,1013.6158676806059,986.970887558222,2037.1702906535454
36.01269619106886,81.93686154156218,85.43980787586753,94.49179188475641,997.4079813652991,2011.6940703853488,2041.4994498229141,960.1560261032187
36.053297589325474,90.25605572958312,93.30569737140318,36.67867658298796,1974.1495334858892,2014.712475239986,1024.8156726365744,2007.5297638973175
79.26519430086242,83.42879541774539,87.92103297739772,36.00770470365211,1995.5063300594882,1987.5750479732285,2008.6557579945422,2017.7220531367923
40.195017900114436,87.05177781852368,89.0362695036551,40.261478709324905,2015.4130932833764,1002.2099732779143,1997.372825607789,1996.632807193264
84.035594555475,85.89340183697341,101.24420194425542,78.33020311074839,998.6295358965156,1946.4672218481574,2014.8806492691876,999.8254045054402
87.35989926240028,92.53568411685679,89.67533364462265,33.92213820843004,1011.5943203529428,992.1158293938843,1021.3513822102711,2025.8379440042731
37.65485541108694,86.04921743960564,97.77474929464897,37.40874074707719,2004.257438834621,1962.6143900844938,975.7116271699225,2002.7139514414087
40.77545657677034,92.62979718118012,42.46412003507139,36.390746903641585,999.5617307461747,2021.4756348312408,1963.7864963790253,984.0838213378972
88.62032888211408,82.59186021384127,38.55047982815927,84.17565144486831,1964.4406340759401,2028.5221552765854,1000.1417001639652,1000.4903118388024
37.62850597819257,85.06479818672254,37.84922843607359,86.82586143694982,1019.0372699232337,2016.8004349280322,2019.1034187763873,2050.321853672368
35.905983714775374,42.186344356432826,37.86446113521356,85.67677021095314,1002.3900057156034,1042.7750541815044,971.9813377299836,2017.0211994283625
90.55164489872155,40.07961200617874,88.95357002504728,95.33861019511721,1008.5270384592554,1020.6388857631152,1988.583180652079,1997.5534661414038
83.97105762677413,91.02775864525343,97.05763144755916,87.06149421595083,1006.8108406147398,2013.15301809735,1024.8705460749306,1022.7432487725487
40.981117607606436,90.16612600507594,77.7947747722863,35.624244283898825,2016.7862760787104,2013.3789161708487,1981.0092606943012,1017.6030043697799
82.05210448009693,40.05333688824258,33.38959974892641,96.01112193706471,1997.1728560868742,965.9968962743444,2025.4681138394499,1016.9444908802718
36.692535494943,39.859029772417436,34.21184559310247,35.7090888453394,1990.837949805433,1979.6279530333709,957.923571298134,1012.5441614672598
38.374689248219276,43.80673344657197,92.71614782018877,91.72254473027921,977.0538718242383,2058.538261722343,1989.03062895174,2006.617454058483
94.34232539913302,83.21195387907387,86.44876035861091,34.93410478698864,987.5087938658935,993.721227758328,2021.325707040649,2010.5165609775836
86.565191454312,37.89235754940684,37.08225843714493,36.636444804117545,1013.7694747165801,1941.421254350158,1990.006231589389,1973.5279531214326
96.0380459831076,41.853891573921544,42.391520753653666,90.21946022550445,1010.9448460698346,1008.6404739547597,2017.4877463099847,1012.7232508281932
37.574464901759995,86.82160000264672,40.660403180294935,43.2480125913645,1002.1207742217825,2013.6720867045306,2011.7699551841185,975.9997186048926
41.00056588021453,83.6960213479357,92.79485100649181,41.42388997313521,2058.2093238551347,2019.9494377029623,2023.65374034072,954.6936909120855
85.24645833877865,86.20894938993156,39.09461606076029,88.98020973548623,1981.5402691354677,992.7116329599169,1983.1166517785696,2005.8952798729033
86.82755136029282,37.51417229024746,90.11178576278547,34.09180215698409,1025.577287671647,1976.4271556112594,2041.6928215667283,1000.640326271136
42.36379223003405,36.11425676957619,93.21081935615597,86.16065443047168,1999.1080232670452,1948.706807907637,2016.2266030037756,1986.7285268119713
42.33294079813396,95.27790430855178,35.78583898260536,34.86605458901127,2017.6594859464462,1985.0879377657159,2041.5010649083852,1979.3077640527981
39.99672700217417,96.17198420645526,85.61146924044552,90.91387679758877,2018.413415219371,1987.7561468770105,1999.6020074242647,1961.858392531427
93.26984904433375,41.01755468702098,40.175412016586705,97.37361779669351,990.1502936276739,1960.4512726974503,1976.9003662916462,1024.8266613579995
91.49662456202928,91.35010147364912,40.42398982022786,38.76512043459073,2015.6104360639824,986.5802538964278,958.4650237562533,2021.0730286747248
93.3011925371576,94.60514542483288,41.573683605254715,89.12941299736676,2028.2098334690775,984.8600137790311,2003.0091769687012,1988.9568585571126
90.3596810032386,91.0063960043673,91.82767343482091,37.05178197055426,999.517807286046,2075.716734159252,1996.6223033096553,1002.1873936758577
86.8064033460659,43.35853276126231,90.7881821165238,79.81484102280942,1989.9629672472524,989.4654903088482,1990.402099121881,1018.0325067054232
89.950621372488,87.10916175925853,43.62360724685166,93.37577177714572,1001.1312137782782,2007.4816110993268,2021.143282467242,1970.481416959961
89.50573276489722,44.091810998883304,40.06362926883364,33.22417898459653,2071.887021656457,2008.1271105963947,1004.2146414642935,983.348948620803
38.08231241375171,42.55324227354918,38.94778765692239,86.2208730025317,973.9203940256868,2029.6551078003095,1955.161619839126,2034.2245272391642
91.43157406121233,39.65583544954231,42.02424963682813,85.49412428609783,1982.683935083553,1993.17900179821,1004.4736951241773,2027.1713578422402
92.44322333000422,87.02018602406334,91.73602355370754,41.60881553585257,966.5787678061594,2029.050010537666,1971.0866385985926,994.0419123693575
93.8774718647286,96.93837379309473,36.788858956527136,82.86709361148604,1924.4593521010752,2013.9216254207204,1029.1870448263146,969.7997776586349
40.93377901835159,40.660586447771806,39.596806597150994,44.69008906649658,1043.7197997065168,1004.8476753633045,1026.570288754649,2030.9379084758223
91.61977537060892,42.43330363495036,42.474813076136854,36.63246518422796,1012.2792718593064,2003.4900176455146,1006.6663684538441,1031.3657689734362
39.0048775975455,84.55481453900745,88.07087664100132,84.44918161475455,1982.0614773899738,999.249106098319,1930.1626953179457,1945.2085146899246
40.033028581875186,40.913894045453524,41.46472052927201,89.94507126226932,1995.752736092452,1030.564200447014,2034.5988873360363,1014.8982841393218
89.07084514283747,90.30945558312123,43.03657811336076,91.02484195335487,991.1387436954777,1034.9906801130714,1980.404283986996,995.99402790098
36.44128727813327,37.40062878912438,97.23884126254715,42.88146749172493,1968.670025365876,1983.185093938999,963.4244422853066,968.2400582857258
35.114185082777624,87.60088737137022,92.72350063864835,81.89078123810543,1002.2843934798359,1935.0774033163875,1990.0018958403714,1981.8146827932244
89.77965004757847,86.46988507205016,91.21012893892828,89.24724321322893,1031.366366752226,1002.6020504231329,980.6653223069538,1981.796436934272
91.16220482924483,41.50127324334088,37.625289813925825,93.57244964423427,2017.3075189917677,1003.9494609386834,2051.957526469708,982.6321404123328
84.55064721381325,91.11982231235287,38.35624789607826,91.55280287709174,1958.6262637811667,1983.4013238418192,1981.4954636717514,1993.5056839274985
98.06168603275242,85.45749350564076,97.94661259233371,91.63922158454577,1003.8989876232126,2005.1160202581316,1978.0998819701026,1941.5080310277704
36.32935285396938,91.22321234508,34.34499927196421,36.822078756175586,999.7526972528582,2003.3101730025828,1996.7633942274745,994.432873025452
37.6260597291801,87.41261488772156,36.75234487680399,81.07552466658193,1971.1244745160595,1973.0347580361606,1975.4268267847174,2006.6516266337076
37.848107947285655,89.573173194624,86.45239380092252,37.4199136044482,1011.7335205777873,1024.325036936618,2028.6064815392047,985.8249238090954
98.68815402936397,40.384116647876496,36.09620469816916,80.75853670621741,1969.919028375288,1972.496404766601,2017.0866017212707,1927.4656093855901
37.58547745703977,38.513433094032294,37.79926710003657,46.10720447846515,2003.4590261004646,2026.2623321723784,1021.0225137706605,2013.97485637374
88.36277302324488,94.53220900081317,89.39708730305979,81.37184757950419,987.1582214784614,2034.9496540912878,1037.381531850369,2023.4038426897857
40.50905684395572,89.52570641430955,41.33426787865312,34.04733503798715,961.7732757827807,1008.3235692709196,1968.6217130406271,1944.8860538795936
84.95561392427834,39.41455417073246,91.3346426836389,87.34448556122949,1963.827802382987,996.0910513856879,1951.589693837875,1982.3074158696274
92.91241768559703,45.1121624144654,41.651656440314085,88.53296383183297,1014.0744658816261,2005.8598662767383,1975.1776004697758,1930.9646503004644
35.616089449232106,90.10063803647186,95.13138503472797,81.49884009900535,2012.1658922287097,2009.591362134297,1948.1652634324873,1980.1250710575525
37.217080529905246,92.39040835997257,48.28821001802646,40.146257111254116,984.0453983493958,2015.9187843929653,963.2894512287972,2023.727991905768
91.02831808843048,40.38695683889351,43.75080188438492,42.00151203497542,975.530663168201,1981.4165719516675,998.7730720674283,1010.357723166067
94.70700785673438,92.48496817489766,89.40688422222556,40.064869265136736,1991.8077521469754,2024.2949271125883,2015.2648690642022,1990.5653554260232
40.151212347853004,42.98668208727652,95.08138127723134,42.61095758137128,1995.563438081327,1917.1775790982015,1942.848358701047,1988.4546049768746
85.28174483532118,39.92175284835358,31.70772624328545,84.06722194206651,2022.909675367788,1990.5124901823706,960.931939897321,2011.700988091619
95.6721996092373,41.43472283598151,39.62051121485857,88.36396074477564,978.3523691961013,1930.4161702847962,970.0146941978301,967.6961890696394
91.83714888705576,85.56144785415563,46.1619973162621,44.29324390466034,987.8176241124086,1995.7545510567945,1015.8485387352757,1998.729041808676
93.646224337896,46.1412651400984,73.81634781742147,97.99123949896324,2015.3347925383923,995.3162121271737,1032.9905026548472,964.454039298055
93.59099890200173,91.8609291519939,90.27361561881992,84.98225161633742,2031.456112972363,1013.2804818114098,2003.612702520366,1949.6806885683634
91.5678594083051,39.83022224795069,40.946348748522865,98.3956932515444,984.7495349030225,1009.7587026220946,1998.9227071443274,910.2759966927547
49.32182888464612,36.68967248156079,46.011726288149504,43.58038542051732,995.8010688516599,1009.1744595013179,2004.385798406159,949.9616719429516
42.52347845618383,36.04916965788074,81.81203355537735,88.14610853498343,999.6859515619692,990.0604054411831,952.0778520546614,2042.2079538943813
91.49565744409904,35.86506010131264,44.26050448737374,46.69197837337066,1003.4744271409868,1996.9797983974256,951.8708273255945,1916.4915064932663
100.99762531901649,33.77059544192103,42.754080697684884,82.32610481364071,1002.6645520909522,2053.979543667199,1001.2046552500512,2056.4735004189374
85.25389171804905,88.94329681111725,83.1280013458556,45.86516375570908,969.0397850773055,1025.2241993578632,2001.9321637823211,2011.6534453238578
96.92757872822108,89.68978072875277,99.07058145574668,43.03179105785199,2049.275850303869,1031.2057618776987,2017.0881829859877,1961.5783042976927
90.43869174695875,92.75868697232514,42.17953736122713,45.853203068658615,1017.3554557274751,1969.6254351100167,957.7403615263363,952.650884909338
46.79614825742941,44.75764253560953,93.7591312380339,46.85164703517945,1036.9927737528183,941.7249539973583,1970.9408012324207,1961.6900145217912
49.77432663614543,40.64101751344987,85.34589462034994,94.5003235471793,2000.7383229559405,1996.6594941771402,2025.0774221752524,1991.2712182989776
94.76457710897122,92.37625944642429,87.42165394612276,45.570787568640235,1970.377431979124,2062.978392439499,1006.2012376777899,2033.5976655969007
43.84004594894396,85.78429006855755,48.60366104945007,88.42585677082879,2003.748728805741,1044.5740554654674,1022.748860325068,2025.010004298438
96.64390250302063,90.08058472730312,87.45275796743893,47.38372960678388,1027.1302040726857,1997.8445811982522,976.5495838160903,966.2749422222042
88.33880022090557,84.80379306428677,48.68502969225551,89.68055114867772,1095.5124128122038,1956.9315249719416,1971.5760282628544,999.7794452841063
97.0194688923024,89.75362401851525,48.87427604398799,91.69474464105514,1993.9283840125038,1056.2436278815453,2049.4234932785325,1066.389939063337
93.1623670189576,94.59243831956321,84.13966285548673,92.74907492647573,2024.9234063834235,2026.1124187478938,1023.3056624638775,1038.985845486375
46.669390861381025,87.68231172089472,84.37390983690496,43.05155393108947,954.7661539514701,1059.3608227858253,1993.8937560976103,2003.4721579248762
89.11244039868541,39.469051024341084,88.92112220481076,47.087087403910274,2038.1442331042417,1012.5626665371035,1959.8515854497225,959.4666809269806
83.93589895904125,39.54948593022512,97.86243065787446,44.430194156607996,1048.5939853984287,2002.0207337413735,1047.2490316395938,939.3555658572269
83.00324933235444,90.61408556580149,85.7488500162019,44.92663465135913,2064.3509440403996,1996.2746307446669,1016.5934700799226,1999.2607088671234
88.72405180103118,90.01130621772441,87.07022855574763,47.89930422799161,2036.4715242519592,2029.9768716774395,1995.424849501065,1019.4368320814448
86.57464149107707,44.05585115082433,101.62492510983094,91.0257453315193,970.0632389407425,1048.726854496038,2060.421825602976,1051.2620452949427
88.53242242580367,94.69391374195077,37.51314810091051,81.233133595691,1997.1275626766449,1993.0244895922297,2013.8246408360008,999.5341562450205
91.89539066697542,43.282526349163724,94.76732570339436,41.108679290162655,1957.2512088664155,970.6108536685458,1004.804509989777,2057.8061400430574
87.72051971288681,39.37787227038349,82.64039265805901,84.85334983337583,2005.5940053825313,2052.8726302220025,1968.7391876746221,1944.9270730931703
84.0764486682587,95.09277859334934,46.743969852270126,90.41098827359157,1995.9819921132187,1025.0585689002874,2002.3009405305406,2039.1129525361125
83.05821247511372,92.94303437984755,44.72956520845469,49.29476335128321,991.7140594337427,1021.3172426498743,977.9390598193718,1943.8682115112754
82.70725548543338,41.947657258398934,44.718116471474175,89.49889486036298,2008.7209239012939,976.4511243582187,1059.2091917167718,2006.898708907195
92.38123191532183,87.02218342122849,96.16408589085754,84.57788339725755,968.6375118009973,1972.411577084525,2018.7684761198918,1024.748140233949
92.35096090078277,88.73529794076455,46.46793533193582,93.17193105378222,1031.7536444312616,1959.6727315421092,973.0147920464568,2012.7490806383194
47.45105647590655,83.06207278502373,43.14932304225729,48.67084110819668,1999.907334046211,1994.195655970975,965.012111319068,984.2412712025966
46.599542802964805,88.48965906864794,39.50740955215693,43.21909313090638,1991.469810216507,997.7765102303495,1013.1682054260474,974.6775258193062
45.31352102661892,42.62063285695591,84.30315930451853,90.50400911447419,1049.7036163250125,2015.388258469451,2005.640766405174,996.5534617499902
97.0532840174272,88.04640525981853,96.52227265018581,45.18437123208887,1006.4542420527185,1973.9725265068037,1008.3764133444522,990.1225234878677
49.74559020665656,90.31192831512472,48.58236090537231,95.19970149271944,997.935510533973,2020.5403805771891,1009.4498204593333,978.9535943959698
90.42291048546106,87.39694880041344,90.57932277534263,80.11170867961222,2017.105965334154,2044.7929479608008,1014.2447957034462,2039.3611511944391
92.60811748295282,40.88473719942249,42.38137074957709,47.246889010524654,1015.1172501822356,1021.3439823086518,993.8359630419102,2019.1406310222433
91.57899971600159,40.803467209110735,92.41345221418264,85.68468521985267,991.3020939585463,1994.8662102890958,2071.7431730729054,950.8751496352154
88.52485334313033,38.68516984148566,84.3006552328878,86.70951946293712,1968.322919781566,1064.8139963181952,1995.384258202511,949.6598737495792
94.91585427616103,41.16800865045276,46.627581473700715,85.47350168521356,2010.2779383924533,2030.576967885761,1020.5503092334944,988.1546681119548
39.469839391659235,42.85488207839507,84.01427830240232,91.2880029093135,1990.8360645312473,1019.0070798689547,941.9602719269017,1971.355081460159
92.27057838922772,35.74136492701197,46.15254897541246,84.843384071553,2060.788490257026,1007.3517696844549,2005.3484690940852,2000.3034991432578
41.36101000397767,38.0345586352226,91.03376436974847,44.632976728146986,1968.74208175462,1992.0809428248451,2004.4692782377117,1991.8677462110077
42.056255509504076,46.07678604276279,40.234030444728646,44.16365287157328,994.1069796874559,1049.240839486162,2006.58862745234,1038.377234663626
39.207780936387834,41.735918558505496,94.52350195012569,90.54628072093321,1930.3254676224265,987.7626832686419,2006.9620026023429,1006.5626211820957
88.75490625902815,40.342302971865564,90.95050057610827,47.615331601287465,1073.3755025140322,1969.1376680836524,950.9613361241222,2036.6019876188097
51.97792993348013,41.982372883629495,42.67273102632252,85.22372051550325,1016.5345127250921,1955.0253690447325,1992.183756075377,1020.7738681907731
100.23906547276931,89.96515362360248,87.20593147117978,40.34548545117395,988.5804959245809,1047.3253711826253,2016.2490572835243,1066.993244409267
96.77133641441402,38.43387943955686,94.37102795762038,42.4290126381955,981.9808792206602,1978.4500292112873,935.2419335905349,1985.1414363978208
45.69268903512673,41.41251989854816,48.00886991919457,86.76346943411056,1995.856054867235,2009.5384625345846,936.297205837046,1030.0700160443207
93.03853531085116,91.05475971427495,47.126824535472366,46.29796205727498,1939.6272513781373,2022.2676954247218,1978.1892167341966,993.9486363599158
87.3768009918818,85.29800611848368,41.76403243762257,83.50829035895613,1952.8014961043034,1014.2351195914564,948.1286735340518,1978.5794033907378
86.84263002290209,37.45885114201216,82.55620898891749,89.65703781180815,2014.9442002889084,1980.8442793533936,963.3751349909035,982.0207585814992
87.30172144786724,35.66370648786837,85.41381282840145,81.3293121627238,2010.3419781589794,1041.3715059091405,2000.4607854358871,1013.6415274488681
40.83069300643419,36.17978890320334,45.07559428445726,41.40687726162954,1063.100122692062,2009.297173985558,963.0187531377289,2018.6311234931948
91.3154168983677,87.47756720588987,92.10233612508249,85.86490712810267,1028.3078781741888,1971.6875992374687,977.0790094545345,1009.4993836993297
85.33709753437336,41.90280807634742,84.29583788885289,47.70671632358899,1006.2036157766677,2044.0072944982867,1982.2768206645696,1998.5898002826518
93.68171525213455,92.70015556056691,51.0057053530828,92.47382802960918,1055.3587212032403,2005.4656087967749,1007.3840113913536,1029.1896450218962
95.44343775760206,84.71476307547293,46.241662114644804,91.68529084617579,1054.2240063513575,2000.7703754484057,1004.7273705414805,971.9242969601185
86.61328954012194,88.4780844029952,94.99226549598406,49.72994798175561,2045.507130137908,2023.8087495417692,995.5190857805597,2005.767300239558
49.751545185527505,85.88587601326817,44.87393540086247,84.88014023297943,2009.208090719522,999.6556007441455,2021.0051163854225,984.3600951587096
46.30725537966501,95.86606152229675,86.51954845433877,85.98254849976426,1995.3297229243526,2010.317105133332,940.5806430530425,1011.4982641227881
43.176193843998036,45.392492109470716,89.55372951647546,48.89372172832378,1981.32966542977,1968.0205411368152,970.7407884099026,989.0804770965392
88.19876013689073,84.64015099016834,45.86168747355039,44.878149220033066,1042.8766221103547,2038.5800847770922,2058.6388194342667,1002.3192191923885
99.24347477345145,87.58082933853898,44.64622118227552,86.472437395111,2019.5164550284892,1971.3834400439407,1027.438618787528,2003.6510306853056
84.4562716133977,96.41771685638346,93.72924035421084,94.6864198794083,2038.611375001052,1999.5010514051323,1023.5505207773585,949.6540416719987
83.68236631915084,86.99110571593816,87.62731282157259,49.41205945884606,1040.243330755056,2032.66079515157,2054.1203463685038,1000.9955804714941
88.55751033877347,97.71189864745337,97.04506877040681,46.065263835424346,1982.295727843888,2025.7957703070738,995.1563280232326,1017.4061802626354
81.04621303050943,37.85530873385667,90.66232342478726,42.389201569171995,1075.6493696613036,2005.440937859952,2003.8860223818658,1987.5858923269104
43.76180716939066,88.63171145567718,40.14166816449902,87.37665545036974,2009.530276086304,1983.687696862984,1011.1261943096695,2001.4450069722734
43.17029232959336,84.51562148896076,98.58954044323418,45.92901436542813,1981.526680783129,2021.8945060724727,1993.727942810665,1008.7694369318795
46.367698784503105,85.18539130553481,47.484992930232295,42.92158391537076,1030.247224793306,2007.535928118915,954.2594556404063,972.3857472839527
46.0185217698278,41.54902734065632,48.51423907009619,88.37620718196324,1998.358729117297,2050.830435459648,1987.860318333972,1002.8405000466691
93.90303413725265,101.73408978661338,93.97709216330213,95.76954991318665,1035.4484930539688,2015.5510144762713,959.0585129445774,1935.345628172389
56.55130780596258,41.31923405891249,81.59164911631703,85.22596885553111,2000.697677102298,1940.233699742017,1955.7233422592387,1959.4485182504864
48.03481592992153,85.29214150750258,44.99191062532452,43.33495008817937,2025.5937758723298,2037.558820486194,2005.058910201098,1990.326400193093
96.47536572368928,96.36159136267418,94.30583516294044,84.77563511584624,1979.521918407024,1010.5432154386639,1985.5669188401243,962.0774640508059
92.66918860946964,93.7551461568759,89.03580160964269,45.6365205863195,1964.3288275318657,1987.0803852567308,999.021915811296,1948.5134870818138
41.20645875654186,88.10216868206783,44.89290451620526,96.92251649596875,956.0804934071698,1086.0914091983254,1009.6695606445428,1011.0862338742512
87.05172156959625,41.97004319672182,100.22272906373183,44.48465380294736,985.6839976189458,1064.4316628472175,1945.6749117881038,1959.4363730044888
45.35024238783109,43.64196770995237,96.92352247757535,93.27691719374198,1049.6146376042557,1029.82300413057,966.6609400889882,997.3287686734899
92.95386706644238,42.348242425118016,90.9051635462027,40.770358826734864,2064.2797587864366,989.2409977721177,1028.9572962983148,2055.0824950804295
96.00802805490744,40.58778532411188,89.16036805699689,43.50160288174872,979.7079252710187,2029.9134121863085,2006.796104287051,1044.5566075560714
83.37544685368866,87.1954170300059,82.09903088002133,47.39903340201147,992.8032660935523,999.6076011749869,2001.368003348671,1010.412564302105
91.82998908208538,90.2107749119275,44.76481864447191,53.686604909428524,1983.3593803190022,1029.1116796392978,1995.7887151439925,2031.2646238058112
93.07249764945784,88.64249318593963,42.98725677541428,88.49119712617136,1062.3778383863098,992.9905825722215,1982.0072125312033,997.8822339456749
87.73816140651176,38.666724155653384,85.17827506259667,44.9200033939362,1058.7895773268147,994.5137327897235,1029.4209964239187,1009.048297802929
41.795133644504304,38.384180172712846,42.69605919206741,46.59349908839614,963.150825043899,2015.645707327139,1028.1841369642875,1026.4917795567264
47.964492890322916,80.3307704222617,85.41991997360151,82.19899782531856,944.8906861561301,2017.4118339416789,988.3130767152595,2001.945347959538
90.08912869656292,86.85402039063209,84.32628804811382,42.319218312443994,2005.8859338277875,1960.7446917508992,1017.2863106162808,1028.6457853972381
90.27338139602563,29.86645218237299,51.05505122233781,87.30739012072357,2045.513443023656,1020.2100500821447,2005.1365462113047,1996.0543600831054
99.00254311972763,92.08374653030842,50.99773629563421,47.54796628608514,1006.0047850054619,1988.7923965880316,995.7695262787679,1042.653708910609
91.09932076736621,38.50916778222114,89.60436363018609,48.51869636775824,996.7981741978834,1973.1769484171339,994.4592861116421,2055.268550468963
89.45898243531914,87.92405376454889,43.66467723657193,50.21607336587798,2038.5397170778601,1039.2378673732292,2001.444152226142,993.9153347651057
56.45258435340853,39.338004284047805,45.957940671939966,99.91151359854949,1017.8283850166679,2040.6248693038008,971.9844227911956,1027.7914610664766
95.01255104939631,37.498481849264465,48.220913409207455,92.18282684887228,996.6199487030383,1040.6825158725687,990.8153362537346,1943.459260782051
34.81031594012248,91.04659007007892,41.49473702327553,41.71898840783628,995.4489067488641,1053.6106545003427,1004.8413003343577,970.579366248096
36.476201852390204,78.3506874178436,39.42664661385623,86.90220573745916,1959.958693547027,985.5943647134803,2014.598866215729,2026.8015227374735
90.0325975121858,44.63014700313762,36.44475911392826,34.20627330137476,967.6443033375115,1967.876085762092,985.636603458136,990.0038535321087
86.86375565504453,83.62057069894949,89.905962206356,37.196796251000336,2038.5001415826932,1003.2146453973237,1022.6580336406067,983.0856612167688
42.168819643176036,38.723392699950125,44.13362301432665,85.68499664282906,2031.0186622946253,1025.0480845624807,1008.4426865628257,973.1169187510707
91.58540023864043,88.89673235790217,90.58359697059852,43.2634629755022,1958.9705745583265,1031.9281326564023,2037.859152812764,966.0381176316914
90.76096347321236,35.8950043717456,44.48657757201437,89.39006638353403,1992.3359101165722,1962.9978506614564,945.4944697846056,1977.3480290935279
92.16758290931656,84.19445479838546,47.55428557005385,90.69596384430045,999.48501505563,986.3328409070807,946.5219842517099,1012.1689449143788
42.40644872133086,94.04630464399949,46.66602652638653,97.67868856248178,1043.0781851451159,984.0252327794883,1976.5433680453916,1953.6884540370093
86.20351551666494,87.19009276893978,95.95492154589937,41.26101865582794,2011.655526817829,1005.221002016873,953.7029028521541,1982.2644346440845
93.30352363093901,89.4880253066007,81.48712114299619,85.02558553000772,1999.2755802287327,988.6800645724381,963.075795043856,999.8121122957607
36.62369753380285,41.693625914571044,43.6841762505603,86.03335221408514,1021.2523171870157,2015.2515500075585,2061.639577838442,998.5417930296948
40.789486332754436,41.40246456081453,100.73728567631092,88.4343829044176,1053.1361970223575,1987.9938277435094,984.6634796518958,2008.991788617615
82.4843692444409,88.14512456140312,84.42207531759075,45.953104557610345,1068.6264865210055,2038.7667036078792,936.8692224022735,2056.6527836764503
40.87242275928844,88.50447665190963,47.970231833865554,89.71169485620854,1986.768953183753,2026.4758879060619,1990.2978873423417,996.0964111775443
84.32512811537164,39.58100429862159,45.93100762780774,45.419399564622914,1028.835484715002,2023.6319710810956,948.2048576903021,967.9923802476098
91.91210667415515,87.88119309640518,91.5300622571026,87.73905277642345,2033.929618472378,987.3094669806768,991.0316611243326,1949.9729501221393
42.259903720430614,85.36635766786122,43.14549196405425,90.61658290659854,1957.2916962910904,978.7697256681719,2038.2808285693027,1030.57959984413
49.82158763955438,88.50885205206419,84.49186841905754,43.82681172034799,1956.1921904270096,2002.7127372539317,2069.4902914457352,1017.6418550302274
85.9851097513326,95.32374774870021,85.65641564193763,96.46519462622267,1956.2695482999673,1995.5983050892235,2010.2250406411483,963.4599275144755
50.81705906101173,45.035206145344226,87.59387973977249,97.6212704891847,1036.893887781407,1999.9838891842237,1998.596074206888,2013.2148703499768
88.66040465419734,86.69967698302544,89.69208203935435,87.69522038213607,2043.5231012165166,1999.309776047015,1996.5017002840164,997.9601909032064
43.15128380120508,85.75458251393019,51.17208712300247,82.36685696636468,960.4213297263498,1026.739527208802,1976.785019762773,1005.692213589995
86.56040244325774,46.49994455912781,96.14135235928524,47.566234180900025,975.3293480806536,1979.3137266235017,1009.8126337633274,2018.9195849984899
61.21740057571459,98.31255984340643,85.87047047263125,50.85698720109604,996.4940721210385,2010.735328737029,2036.4511170560138,2017.0871596798531
85.77686788120262,90.68191664907579,92.4732356335698,93.84283509943455,2019.174116299352,1974.800158496222,993.123230884014,992.9115455740163
44.62762369591319,99.19830954387947,92.81637929231124,46.4845833771104,1019.2505550693426,1013.3850754306663,1028.2787536574501,974.852057146239
92.60043372580029,78.56529292614988,90.14083403354239,96.05592035808154,2020.2124070297134,2043.5778427728617,1976.4270819099572,2013.5382101166406
38.35768183773618,34.38530023765959,93.87054146293515,45.236516607981756,2005.7632443280918,1020.911893001346,992.1672598052575,2037.2523776824871
87.34381523716395,42.16773183801219,83.00055557976057,49.26652581056844,958.3323581903433,1002.8198331049446,1980.5776292234173,1004.3399997151266
50.28619727754725,45.719105739911086,83.38631937268681,90.39170606197943,2005.0000067212386,1972.6128672645916,2001.3210183874899,977.5254608361665
82.80300658629812,38.214455216343694,91.84245200537235,51.832550724750476,929.5211624407746,923.5443719700261,1949.8828241634913,1991.814801245493
39.21634634253223,36.43032119573269,47.161924401363514,48.8025195784423,1969.5319383432884,2017.5251612212314,1004.4450858657824,2027.9276544603974
84.67951594697351,94.2701868289232,33.69747750111019,82.54633987643388,1039.0394677172337,1989.2372548652384,1999.266226093276,1974.7740062095127
48.54990940013807,44.85462679408497,32.89982435068702,91.2678947071913,983.2128588347163,1966.248865274909,950.8672455323014,2066.601617920759
46.4236040889338,47.37482744515568,45.140641539832444,86.22041393412394,995.7293449477638,971.3985737410596,2020.1726276037004,2020.7796803984704
93.58046461482036,41.767557245536054,94.25448825987542,48.223655393756566,1994.9812446656808,994.1818061237332,982.1414877499261,991.4272113731507
90.19922801466494,87.0667510790634,92.0744862722016,44.82928383720291,922.4199544205803,2036.0303924182635,2002.700908686689,1007.8817649886967
46.330631550272976,38.699721322616014,90.46897019902414,42.83249577886215,2015.0703969072388,1044.7200737288936,1998.5457601049416,993.1596288283499
42.99154632031287,98.75957993042184,41.64707506854715,41.695245832153326,1037.317643253412,999.986047742547,1996.5718182474618,998.1739447499604
93.33864449552449,80.02120257842179,51.047669644646604,88.09994921973667,2028.3757443736706,2001.5724004109393,2008.336073015603,1982.9337641471486
49.93411309793655,87.47853634265633,46.48724969716203,89.55464486861165,2039.5289193013014,2041.402380034975,2032.205050955244,2052.87537110374
85.04894388937335,81.4218512239444,93.59570169659216,93.94256033348177,2003.826706688394,1993.679919030726,1978.8484455207433,2042.4011983278874
46.33026700197554,87.4504216968074,46.081489776157454,91.11485271002931,992.0390551445807,2023.00397749156,1984.3757134995785,1059.2953096391875
44.62543356146001,37.09236915465338,94.31203598455423,91.3033878275874,2028.5035638090148,996.8970139101737,993.3950556229008,2014.781200494324
87.46520080931357,89.61212234502031,92.32537625371911,48.5521778238813,1062.2214960802041,977.0469732108047,1998.0961084700834,1045.2344876455236
88.3973139722148,91.25890554311823,91.87991364208843,40.44103553011195,1069.160647538243,1956.4891750631332,2000.398524403043,988.8686476911071
93.77807214943391,38.436802095835645,38.683856938221524,41.492432060781454,1994.167053521757,2019.9401755939077,1007.3358976463905,2021.3465812333816
89.06557845466627,35.26865897612005,85.85484613235147,89.92017932818267,1977.6319786725167,1994.0406223372183,990.7306017630226,1942.6727639361857
43.83903559804102,96.00277371902462,87.53633105658893,87.77837074111574,2020.307327071041,999.9771735266659,1003.3621332266982,2045.7933375732164
95.89591740229172,89.69177740136054,46.327727180287894,87.69383606340328,2035.122555201191,1994.6784307098364,2025.787136168358,1984.5869390727412
46.07742120239365,93.18932703223054,44.684190503083066,85.98090658089485,961.2349006656357,2000.3962900395927,1008.4253866115685,1019.5397992152567
43.40261290733781,77.09492915978974,89.55867052028806,92.74303513825627,1981.2645033412116,2040.6322314964036,1985.278632979035,978.0835054960568
45.19992187111097,39.02100999459739,78.8180792799682,43.68709176663832,2021.545527083672,1904.472258257568,979.7626054522577,958.4293173621422
83.55270154605381,36.526504925425485,93.10192225133402,93.26021767405973,1019.483875048858,2033.4815374769782,1036.3374531642332,1965.5812383943799
84.11926361561805,41.472428535741955,83.29214249831156,85.42028935806424,1986.3608772600235,1971.7533698668494,980.7041207139471,959.5186773244856
45.49351004971325,91.67999636794542,90.73870061094388,42.467683439294085,1038.2535150647705,1995.144475286789,2007.3000831674506,1002.8077963089772
91.18551856046825,40.3316112919227,45.35774661414297,41.8145152469519,1966.2762971115765,990.2091886879593,2037.492094835076,990.0117392656031
37.98987625408785,82.02408898592054,41.86893965472909,82.49441895367313,2051.2816929027936,2003.2164293352266,1972.4813281510683,2011.1224339336707
99.36428483437044,44.75403909854539,93.72456439161752,44.675799430526894,970.1853015352765,1962.1950287819138,953.9394830595038,1019.7201324355575
94.56995660849753,43.50045567724663,36.43271516387287,89.2317655408025,1949.7697715282245,1003.4400435755351,2024.4105222176095,2017.015835947105
89.43093787513355,41.11396842452878,37.911994160926035,86.99999988013117,1970.8166305043803,1012.3620763452151,2030.5558420453528,966.0897146323528
44.55077565331953,41.66831734589761,47.46644124473586,47.38402386785749,2006.2222541581384,1995.5054107065232,1043.7642557046229,2003.5558092705767
40.06204613450609,88.52524084435069,93.35747191893718,91.45446950794538,1979.6280360162698,1977.198155809436,1964.013541244406,1052.7121739335057
40.34043986917425,90.18110054810877,47.48460854738441,45.467867802952284,1012.0056909439988,1997.2774324288407,2020.056394598191,1002.2518307883389
96.44827563427842,87.28676885686846,44.812800173837985,50.71303877635325,1008.8691265264326,996.3734229368886,1002.2665499980714,961.122870784124
51.51463358511543,93.63633866886893,88.12367814754462,49.03262690624986,989.4276873257272,1960.2384480795959,1007.6272216621904,963.9649764080818
52.20307979783214,83.674430932255,90.3309167646945,49.501584903642375,1979.1104308223776,1991.2583654639884,1998.0158830054856,1991.6330433019411
50.99426269269948,37.94497119271796,90.06064750231359,48.71654085969709,959.5536560347516,2014.4384958642795,1008.6346764165722,1001.1135894532051
50.244749288165664,90.01616577082636,99.61883470430823,87.37084316609402,1988.5052367096753,991.9805891082747,1892.1842339935533,965.0853962600868
44.91487064258942,43.87367641336857,85.8771015562475,89.60587902682917,971.8504408760721,1927.8363230272287,1982.9692443543902,2005.7194683107268
84.37889762549116,38.96874001649107,47.08561671945488,84.35302929795543,1951.5547038882632,1027.2782603574656,2058.1905982135786,958.8604434856902
42.37941257092159,85.34587119966403,51.807250058943985,43.02322596492013,1038.050652453392,2026.969343208423,2005.740820916697,1956.492781333378
44.257282569165724,49.02449151583383,95.70913439553836,43.10713350065069,1036.630640000843,1952.4389150370803,959.8535453632865,1013.5653697676
92.0660955711928,79.60333672935616,87.77611304929275,97.64894023935396,2005.7165405600076,990.6438482542246,1936.8312097604912,1011.8859264575815
87.61559186248317,85.22292954413008,41.36722405947722,94.51049086701885,1983.147485200219,981.6177871374758,2050.4228604423843,2037.8204941933511
83.42887733676328,37.399909214832064,88.21461545002529,91.86745390776791,996.4507315610576,1039.0941673856805,1035.081302435927,1022.5968215836546
82.47353391700705,38.686316648194214,91.51898406119598,45.761672488940214,1970.6731341558836,2025.4118884966786,1005.6815118135323,1988.3562527122851
96.31598151418102,38.21082184908821,91.23199922037199,41.05422439225475,963.3823319383645,1947.5075860468446,955.3991536412935,1933.5802704643638
48.39802276980576,87.46739344977064,91.24597705633163,89.92411053026561,952.7859275853687,993.1183514465358,1015.1076846716182,1997.8727367637077
82.02858076127293,82.79262299176276,90.32984477796967,85.35312482804909,1949.3897501240758,2037.9310926786516,2005.5609097181737,970.3972850787877
43.30949744662483,88.05435586426734,88.60339171164554,89.57994866611014,2015.127196159724,1021.5415969210912,2036.4571670142197,1992.3244245042515
88.7874945064418,85.77120399562007,89.78533558393384,46.762442880557494,1000.1261309559693,1996.0060093721395,1019.736428716725,1976.7096575433443
96.42147672636297,41.90398052418584,45.70675401902568,98.8238551911705,1036.230817334394,1977.3496671994283,1977.2564686924825,972.3783263320092
89.11805039665037,91.08384916572962,99.89100955480627,86.67322340332495,1064.0683644697338,1956.1802607424931,966.3365939514542,2049.136832730304
45.105766851778625,46.673572888119736,84.87168542975925,48.40360435886744,994.9511969226191,1963.340329979166,2021.343982510436,2049.6109031827004
49.99027765317625,92.37569706716985,81.05557007258116,46.26033690274252,993.2960455443065,1979.8163446446968,989.128132562098,1017.369097273811
81.00734697759339,92.97358447976511,44.96032059980768,93.57800437190818,2051.4114046680406,983.9648505851043,1995.8283899180383,2001.0603843290146
75.36485800034801,86.43933877026635,95.1292841512188,44.44263089159398,2009.2542610696821,2008.2769751742119,983.7469896405033,2028.278697288646
86.60412118875956,101.83527299841865,43.827633153895405,97.14951077113514,979.8202503052081,1034.4489913794205,2040.7671636414466,2022.4059576196883
38.12705909431086,90.82678802441741,46.56697791142716,45.59438273293716,977.9222715628047,2004.2564985125166,2034.7944575676022,1007.4720339935272
54.8216932801912,47.40145019089803,100.30078959458508,45.157847516153026,1981.306079605247,1960.9351093029375,1037.8286885678112,1975.0668825694418
95.64930948675212,87.16344725344032,90.20937264886571,45.62347812910772,1033.8639752243685,2023.902799350146,2012.8596398544498,2051.743676537148
46.35582833984941,36.44572628774273,88.31730942621526,38.58767393543219,2012.4243420717762,957.9082129646911,1016.6266514934114,938.8056827643231
83.13499996166557,95.44040901557713,86.66903359539361,98.17708390882848,1004.6721388840829,2000.416123725029,2035.5305150861425,2014.8730820857966
81.72560197359378,39.151362841292354,99.3096280573995,45.73328105042217,1968.063745856545,1008.1314437566268,1967.299679105033,1027.0903466862683
50.969897240646425,89.62177614694727,44.28130041912789,45.60110151659031,1059.9890076395893,1008.6573185097668,2043.4787892897261,987.0543743220405
87.50632579585597,39.04369027790062,80.1888391900915,44.643924046714794,2033.798920526486,1003.9104802982353,2023.7277999848982,980.4823035650725
94.49119345414982,44.03599657061719,47.58493536784903,77.14781410250005,1068.3282141379968,991.8471638298909,2052.146943381239,1959.966815248892
45.72261046262156,48.789058288303856,46.95992288199086,89.81987212161894,1035.7339666334751,2009.2657034885583,1049.945990588866,1974.0471315545224
54.47710810396562,48.433361740886724,95.64203311959815,43.877820509204746,1064.5420924531022,971.4412875173566,1942.0604378559194,1992.1459837194777
51.588828531164204,93.87232911994856,38.34023748358176,91.5637932619232,1981.5649087372421,946.8151832444083,1033.4176357741494,1998.175877218616
43.84252425150135,43.3198107803564,38.70554402372743,91.63718432196433,2046.4963119447127,1966.8419648466772,2008.7138613085258,2000.6016783923512
90.07386274133768,89.86901336647313,93.74013373704258,50.62161308924857,1008.7047495942873,991.7857035412367,2032.0390837136858,1975.731101761396
95.85724601294376,44.05589309800309,48.30135696691326,93.4170208307135,1993.4480635302252,2000.3007624959034,1994.6258043416494,1994.0058048236585
46.90634424668535,89.94601758278003,47.40294187507355,91.58943478038127,993.7187358873955,2082.815400404375,1036.3662792654031,994.9003619989332
51.79748487526652,42.73965576646877,43.810183950528014,96.08853011150255,988.1194143355117,980.1563153445516,954.2515332149464,1968.1217055090247
90.79970562080166,88.54520337626474,46.81710664401843,48.06834197796491,981.3923516151999,988.9604511130713,954.3596491552616,2005.3629870172856
85.6890365436686,87.76233480686543,91.189281644618,89.63278664340324,1008.576673122913,1933.6862785689457,977.119278649772,988.4392431032763
42.10799273901284,88.6621951286452,49.29391777089425,46.65679352769418,2005.4626640701467,982.5669168765473,963.4432152149506,970.932154726253
88.22544509074427,90.87039295662898,50.35225200297656,96.09742393089155,1988.0328034782103,1953.5018667501988,946.7195929993113,983.6798813871528
89.57221536052892,89.77768732967012,88.79769750489665,88.24212831644044,1019.9502717336186,2007.767798339324,965.210085816161,2014.4672728760168
86.79461735782345,39.19306653387459,103.89486175750011,82.55370310595555,1041.4060863283123,1023.8666353254555,1987.8489416967248,2017.955337503975
43.266161244715114,86.40551611254105,93.41029359051397,48.22365596548093,1982.163842274006,1984.370496649888,995.6975035472914,1991.423506647438
42.94986448739567,45.58270877586915,51.82694058708398,48.499117135076055,2013.9692690194183,2007.0213197041433,1051.5893530728072,1952.4886964239754
90.00631677576514,39.158768648675995,88.10522153870575,89.58653259266414,2023.5823444641856,2034.2277043601841,2084.7697713939797,985.1470171432535
43.19495830871305,79.76850367776129,87.69423733163204,43.06884028971145,1009.3690919782832,2036.182979301519,1932.4473925360105,964.1947486322845
96.02924454655307,44.207641220126604,88.37923592849147,88.38207347266679,1958.2512170435734,1044.1374307507758,1052.8910225068078,2022.2851949631972
50.93107431060546,84.37778876639777,46.62511015265738,88.40506142528885,1048.9401943159864,1027.8474050442635,2012.602753164152,1955.063104444474
91.74544876586924,89.83971543427951,42.03036199821845,44.453474109061645,1045.5643242100375,1997.2113777684451,2017.4153758432778,2052.022627506956
85.29984701073452,88.41317255097614,91.90457013670307,44.68345115998302,2027.0537509847709,1014.7787640686638,1936.611551449357,2007.2234205039667
39.69814025182151,49.37498153001512,89.8794095749695,40.34157306846274,1946.0180852489682,2024.7857989715021,2033.571122352533,978.8981536041038
94.39856968221036,94.63671716450008,95.88224968398694,90.55975683764174,2013.659612802735,963.4524022230498,1994.2100904917654,2008.1538723969034
93.82314502682418,87.20836290576996,91.99128832570577,40.72682153406859,1006.5101832433555,1969.6088627293984,1026.6657608937032,967.3859237743472
86.15718184291788,96.95968087081718,91.85385156663516,40.61358906744887,1038.9031100288487,996.6862910006496,1997.1118044179084,1991.924792515472
38.10182190689805,89.3505201858526,80.0215201238994,96.11031449543412,1971.9803957376635,1016.035428084036,1026.3921925692625,1003.8355600626687
48.27214753865874,98.91134078881532,84.70852377929893,44.76084530575446,2022.4247730930354,1979.7703319919005,2028.860815079976,2030.7062252453688
50.942731568349444,90.54157436276704,44.3785575421785,84.6822373188464,1953.371353295413,2000.3231930954369,1928.4047404652504,1998.581020923314
91.23023924060452,45.41220496275409,41.1591256473626,41.174164738182974,1022.3806767136709,2054.5263959117055,1008.5147412361429,1983.12299220811
49.99740986405844,86.25636005150884,97.37571965517142,98.64602960973703,2010.2691836517338,994.329308906227,1984.9047884611323,1043.0127731313319
45.98333945574977,44.02498814516626,43.86831749687958,43.85729302897278,1034.216013125609,2061.592819616235,2004.5044693774855,2012.9148168887766
43.448144364908686,45.208390853263786,89.14252480342084,86.04804645220865,2050.9620933786314,1997.1668012251218,1975.88223697426,956.2601774731643
50.83879300013977,42.13517301968882,89.42189054342266,89.35207120153675,2000.8593224584358,1971.300215445969,2013.5480259450394,973.386541417432
50.71106908776304,40.747392125293764,46.3880873174497,44.092118560324884,2024.072604855767,1040.802383028713,1976.926740938919,1038.896653421133
50.27657047164425,44.695350518261705,44.62144542601094,95.47015743512014,965.3038957894412,1001.4873340439265,2020.5444370076648,1985.526259850341
46.23976259380966,90.66181191935934,88.23006823991098,90.53823977367492,929.452896061579,982.5996090360926,1976.9340228636463,1002.0271290644678
91.77567310474198,95.55150904478776,87.12544642730585,46.44645020768285,988.8542377580607,1008.0011777347643,1011.9377414059326,1008.6221839580644
97.29300626109232,40.92588540221417,96.129789208314,38.88528043557413,1006.5542853638865,1950.0159229762194,1023.4943611639607,1014.9725778379525
81.4502589208729,38.16319625833937,105.66307841588609,36.76931414674294,1979.9624258870733,2042.4087261988443,1005.7096911598665,2010.3891886960664
37.580593944879794,83.75023754614382,38.78951540230872,97.58919529689088,2005.9710773076883,991.4585086338684,993.6605722232653,969.2953210037047
89.71582737297905,86.73023935240641,48.13940038585967,51.80686243786138,2010.2054027236068,2059.441751359694,1985.8014373471497,1965.463426754132
49.20860962629026,41.484839827688305,49.703396460501196,88.72588477132349,1056.2986088476687,2010.7021543391743,991.0890544632223,1039.9736878237559
43.33725494930984,95.67570484819636,85.72513217787865,39.263180881644956,1986.7629438383658,956.6601984268511,2041.5902833580913,2027.938578419872
89.48903437713817,42.02605340851541,96.31187777349461,90.55392797142873,2055.4037744230395,967.0551167892022,984.8685538142644,2007.436319021528
47.59004785544681,93.02835677188847,95.41142222016667,91.60959657482566,2028.2214482317959,2001.0198027486888,1019.9059240796942,968.94359655651
52.445493758589095,88.1705461948547,40.94278033398317,47.77664368660541,1024.8643361339055,1996.5697400064143,978.3632297313434,1987.3176780162828
76.77967691597864,89.94034651544347,43.20200742401697,89.15465400324759,947.8407084290266,1995.6773794326218,1966.4566423625868,1943.4439417993035
47.86519850994904,43.16874290659918,87.02314729159666,91.55104944475713,1992.7210044041758,994.646111430381,974.6543702062793,970.9605256256834
89.50536762388305,85.91676731993564,45.19955649372854,46.635197379165845,1933.280659331078,985.7452186599314,2009.0640094777623,946.6188174569761
87.86300384754003,95.80668116962082,88.56445434666826,91.80515483613365,1028.9836798806311,1047.8580971559015,1035.3903156845286,973.1855492581442
88.54979949120114,87.01554760570684,94.83536408731221,43.434894422246494,972.5671134749388,2016.215560277889,1013.9657143026415,1990.1041476130288
53.06501588330819,37.220603468457085,46.78983317661263,43.43696794361082,2053.484288395212,2009.45948773647,1033.2192525290384,1974.7063299401
90.85022127094233,89.18453055450165,48.790479975373884,91.77206255556554,1978.7412253470382,1017.896238346186,1014.733930925268,2016.4901332145596
90.71108496775862,86.72090421381169,85.54065845064189,90.72230691950898,1968.7554030793701,1984.2975397489433,2013.4793789958883,2027.6080107724554
93.09106248102003,44.423089732251974,97.93737507923959,44.850674582970214,2021.5450630760936,2011.7183981114867,2006.2374306947015,2024.0757882631378
50.816217750642394,41.47456485636237,86.75433409579821,86.70992147966669,1981.8495513569817,977.8351504120278,2051.496274457683,1949.8831332478817
92.49858154757626,91.98975538778707,96.08771236225103,86.89526284209119,2007.4118315608227,982.3064038677844,2021.2297529418097,1006.1818243384197
90.32774030739778,100.28244369857534,42.03166593177576,91.19962595111357,2034.9149359223293,2018.2834585757953,961.2128303813162,1945.4045402236777
46.19408044234285,93.97113172967819,96.06501994630844,42.22579403156058,1003.4262576972682,2007.1441355449904,2028.88816312376,986.7358249698445
43.565332551349215,96.96683960285246,47.995745495769455,86.19093234012526,1058.3233056781767,1057.045578024697,1907.2942197005684,2005.8259460498928
90.32891117842914,88.43078223298049,87.32741945852227,48.72040346131979,1040.3563148117873,1996.4170393625209,1953.0632920169796,1052.827080320058
34.78338429587298,41.96453595728438,40.439783825431505,43.95480148547193,1979.6393712093754,996.2726559598433,997.3275148000884,1953.8046770765552
34.17456786452523,39.34970351622056,43.60862307520919,80.35076121123639,981.6129235551816,1989.2288952903116,981.0373794270857,1035.2975614003744
43.858653913546206,38.185591449184656,45.2132074041276,88.42311865304202,1022.9883639792827,1035.354521618921,2001.9344404468986,2007.1855362617307
95.68228411094664,88.63731975872167,95.81766070997797,86.98115025844506,2015.8627763271952,1941.5561151877598,1996.3634773454462,1986.9072955412364
88.9468582447443,40.1294163225426,37.79762178100128,43.817483373596474,961.2945660962582,940.7291699244967,970.1441704384274,1016.8624903389684
90.78314960926863,36.01709990979998,93.90543850691195,79.21512729165624,2009.3956298412638,963.2515696329899,969.8922223019763,1988.55384521569
93.66053814223244,37.98267453304373,45.08730230354663,86.57711039288694,1084.0631067668835,1941.790687465878,986.7262101084957,1050.9831613232268
93.00493382266748,40.30769856181077,45.508062990215805,93.3167333937844,1972.4276798389105,1027.0463479901305,1010.6492071510763,2004.6710144920567
89.82819527593308,88.44681653510511,38.19018242776302,88.55608570992717,2033.1438242746704,2014.5358962938317,2033.3313536251515,959.8522652164418
97.5737923762984,40.95543602851178,88.55980113139648,88.07816481737848,1906.5880081574978,991.1388807516939,1994.5188963194414,994.6569212545653
89.67078177342104,92.6220353995814,91.71299413244066,36.30052824847116,1979.574071910033,1955.467467636473,996.880719764262,998.6713648772052
46.67969156687316,46.67118461121541,45.813641640157186,38.23023567072462,1028.1470763965572,2050.0171641171096,966.0243584375542,2025.301843390468
84.01214898588674,41.586195948524875,88.17376437517619,90.04407046642704,2007.0166308994274,1940.7398131380928,2039.250325383566,1009.7099379593485
85.98967316765598,91.55823445289326,84.86074575927992,46.125660808890416,1979.2136219105441,2010.6030283921993,1014.0731216643226,1971.1469385116734
41.53696646294296,42.36061298470739,91.64884656899531,50.22785210119611,1992.450799362173,1969.6497695107778,2007.7532927620905,1033.9085233415387
49.98798306117824,43.49972338627714,91.24987043676941,91.72885232166321,960.4958955427,992.8644748270144,1032.323272165545,1983.7820410045574
90.94936703818566,45.146940222581904,100.13296921576726,44.63297195270098,2012.8256426659393,2033.5776456262406,1994.792959585236,993.8863587421743
48.480788303333995,42.84218843485901,96.1987720449478,46.16696214211882,1942.4598781130476,1941.2498492693064,967.9318285640071,2072.1729696980055
47.39310505781166,40.461813908298026,94.66036866438647,48.70613228027297,1041.4819110013157,973.6453469176008,1982.9523907123623,954.272282382499
79.75275729859786,45.97517857521629,46.517601549694724,81.05763208329864,1992.0407869452497,973.3648673507248,2029.6260090647822,2016.877996379953
85.99054763768822,43.85866800621881,96.9887730935613,47.31091196077307,980.503608751616,2020.9988860301544,952.29669500624,1974.8034142498207
48.21484745579279,37.16620435319456,97.4348911507272,47.24376179183866,2020.023503186708,1968.487784214325,997.3405987470031,1988.8413682003547
100.21279133985692,89.97512499827785,46.58950113617024,89.36249207209224,977.7876035911999,995.8042596520258,1958.787938107459,2034.6214633499096
87.05502744136834,90.10157945039751,87.42880053179158,45.483638001657134,1028.1476440853799,1010.9736881894764,2010.9176683736407,1020.4306023880491
41.67799904862857,80.89105339845905,45.83714715644845,46.92915880142658,1029.2676115784338,2016.475948139227,2023.3554807573373,1026.0547554137013
37.97959618366632,91.63045545914827,91.60014105557707,86.40374379091537,1030.2780714411454,1971.6556976648053,979.3489975879882,1959.9004861673031
37.70345508542893,41.97924032392203,90.32833848227159,44.23997021921331,1024.857849425541,2019.6234271634435,1997.6014428455665,1923.663685711055
90.72499177973792,91.99724008005677,83.6890679066509,91.46988168576135,999.0576072433656,1972.3378597624355,1007.6977267821649,1983.7781691727682
44.41321906934355,96.45023205770137,83.561113033267,46.398801998712344,2007.4960615138095,1000.6577592398623,1002.3329406029302,995.7742688421984
32.54348546076607,89.61111857191253,92.50780194186633,46.005525970302294,1007.4900408406969,2007.3482390823528,2012.5599080899617,1994.5937041948216
36.69527982555652,40.93108378316255,87.58467595361022,85.53657948324647,2047.7263490469597,1047.5008708622827,939.122074224076,973.6654317333048
40.05220636863717,34.68838433601961,45.78505615428059,50.41417567359011,2000.938045173168,2026.013606901563,2003.8511512704602,1976.8320898374216
90.17301805930366,35.152124568416994,87.68300632055491,50.77295049614294,1020.3406461747309,1979.6575333658382,2016.4082183215908,979.029676551278
48.451498050818,42.03377173595512,85.87300911818168,48.95593148141053,2070.835480833075,974.1454754791387,2066.948332082413,1980.4203533917937
89.85834314523949,84.424780292659,92.45821195513446,95.78266378263999,1983.015784912378,1020.1117258047689,1026.8102680585623,1978.5333350311107
90.9734293608559,40.36492087263237,41.66021925512523,41.06976213900446,1989.473957786281,1012.5050706249684,1999.7419775417816,1983.1860645165748
51.100938929914,41.344949740792245,84.38429359276292,44.8873120406214,2022.0959057228636,1006.1601516060382,1947.2005604355973,2023.945270602318
53.29527271704025,90.76334852439246,37.7716267120599,89.15967410190193,2053.2029703853855,2005.8645338266947,1989.7044988446676,2055.7331935786433
89.74864318449558,42.17488342849346,78.44801979900478,88.82683155825688,1993.2122640486866,1026.339649374843,1025.537219733642,1985.8494180113544
49.642450955326225,92.90904480493417,84.16092105574278,42.19944258387739,2032.2927768916297,2009.9790339183548,995.8609214814061,956.5231449115281
46.48659279497933,87.27755881743221,94.2414406079303,44.067307933427884,1004.9287594063562,1033.2151395527367,993.5035710366303,1916.804536412926
39.60167353428686,97.16652247391924,87.65904379487208,91.68374632337836,1974.1868083817435,1991.6022859392197,2025.907767039431,1991.962146154968
45.014973691259115,44.36386260708824,92.6317060368764,48.101287080848934,1038.3595434458402,2039.2740597960587,2045.0538852028983,1986.8901917368173
91.7010196732474,42.372958339505516,87.98246757470334,51.50372451533943,1059.650503763526,2009.718722037807,938.9492360285402,1001.0158670370035
46.558671016002336,37.85194439099959,91.62128409628673,47.4295958788513,1056.0838810701348,982.6470637603354,930.767242411552,993.2558717836869
98.30948307414363,97.2867674819185,44.29605052543346,90.92127159072042,1997.3991244524377,1054.713172821134,2020.0477046108924,2006.547508524708
87.91386324531695,81.68914109791936,90.75850443411353,38.6194648355875,2022.5268228430662,1048.1193506233312,1038.1715594673678,1936.0619165743997
43.62663323712282,92.30110390520842,93.5922755552224,42.908988974009354,1994.1447386433026,2021.605800650259,2018.2851703522022,980.770214495964
46.714882940988026,84.89534425696952,43.61502876185491,88.02026103794302,1992.154586162372,955.6969149559798,1999.0608425155476,1964.5634102251934
45.571907263992244,87.4658443341204,85.14861126080999,40.27684301719778,1019.0406389399484,940.1115559390926,1012.9979570982501,1029.164758484558
91.14349908037408,96.17578382714204,86.18038512549415,39.75701282966814,2037.6278074610261,968.6438231577209,990.3375434274735,2007.956565120527
93.66393056128324,85.80865078511773,90.19185306787433,97.49586791079597,2061.946547929269,990.4458053186969,1960.82220295474,2004.875139130862
40.647938675594,85.79477694321184,55.49328048259986,80.44672328256458,2010.5937092515728,2051.431450208624,1978.74307013733,1037.2453856579923
85.01603539162573,41.289291735691144,80.95682830894015,44.18519771985703,1080.4465947442277,2021.921478308513,979.9636622874732,979.1761054253984
96.76268827052289,83.76778933965443,83.59086505432316,89.74787293888903,1978.2892390781913,2019.8766091188882,1020.7526183341672,2028.8528401710023
53.2201178805677,93.54834052505399,47.461640486003105,96.77750497332367,927.1096141403523,1974.6394291927097,1979.9393385753594,2017.7611373293664
90.54121025259099,79.33999999850667,93.08848101845213,79.562047923521,920.2526460803214,977.439728357859,2013.5718008209722,1961.4818761755964
48.950106856341435,47.748633619717666,48.132552538167985,81.02954698608599,2023.22574333546,1009.1996883295483,992.615527917942,1036.4548365938103
50.82521438055912,86.96828473771593,55.02393341734223,47.10220072141037,2026.9973680670448,1994.979789000307,2013.87421725382,1939.0174540425853
52.4774438645741,43.27901241518679,51.03533038720024,49.627077897480405,1975.332686063647,1002.3147107906013,973.7761804114585,1005.6256361561592
86.24695243308553,43.16259125739012,93.9265282526944,93.63713645481468,2003.964599322925,2059.1718389168714,1959.8355263146482,1042.0291812145485
44.5539629466285,42.98925968823357,88.3021460751183,46.14662821223777,2030.9790987694253,972.5282577605788,986.7133479389796,1039.553357955021
46.317229832029774,40.540879541503394,83.75886813302102,42.45488301457422,970.0433499363297,2065.869916776556,2004.389193103567,1025.9429684472107
84.71828951969569,36.62797833069854,49.10796508691729,89.3925025183099,2016.510887823531,2006.191880152874,1015.297002853274,2012.8217337179044
50.42969877577122,100.33809597609175,44.82969504190281,88.60032546805797,2024.3372079145618,1012.5776728900582,2080.313694047785,1014.6375526674644
86.98394757299047,41.54757934190941,93.64628609238397,47.58078742697107,2019.5799853574229,1933.6283765094367,2010.4003956512718,1967.8978739659824
88.8413192660744,31.988245195175725,45.83731292576165,87.34460216676285,968.3326576459821,941.4380440376715,1000.9972471472166,1022.9243083679735
93.74017291199551,31.4148556765694,90.09087402991638,46.740468344854094,2011.7042080588324,978.5906043513901,962.2679689749577,984.2503951005253
99.29866951763671,97.09734854369619,80.67842830750955,46.44565959397949,991.4584807412703,1036.958162228447,990.386518964609,1972.769545302362
45.449035130599796,41.50430008487797,44.40682742177977,83.76295827544942,1014.6293817304831,1968.43538112542,1940.4678143145784,1004.1549558612032
46.468654052265975,89.84602715165946,84.06826861172866,44.10517619875101,1040.1487950248465,1013.23108094947,1966.9208723184802,1983.077749909131
89.54836483162138,44.885623005857454,46.05515617488928,95.09748542064627,1029.2583972389903,2068.482669243669,991.490658100256,1998.4675986367108
43.40909377430623,42.738123275780495,93.74176023596195,81.49449548687345,2006.4480822857506,1977.0669549857805,2001.9000554836214,994.5393465757654
46.77405696633403,93.84484322836846,47.154040317778744,47.427249364085114,1983.1291981659372,2059.025029591723,1986.5242866977012,2053.680735640169
97.5061972611958,41.889382916435565,46.42403753367695,93.91967457966666,1032.094890155924,1041.6937822212803,2046.4776619252088,1950.5138639169177
46.692704557288046,82.32037130447767,89.23848369887962,38.62457698903944,1031.0949980981745,1999.0326620406279,2029.988039187422,1993.6194811447365
49.55242610937678,35.135825892848956,46.972263367773365,92.05101138773144,2013.5229717559166,1976.1748889953478,1963.1205574025917,947.4703349803713
54.140112008156805,40.03703547073546,93.29658952021985,89.37203689190191,1012.6544280898968,2004.0005022856005,1985.6289412909782,964.5709811261006
57.697330376955875,41.341855905433135,87.28710795051317,46.98253855754975,1985.2274790112513,1957.1931178332713,991.8712248730296,1991.46693737929
50.799395321408,39.42593774070072,90.06737205657426,82.49392262818706,1977.3124253729122,2016.069002891553,2043.2575247117622,950.7767000855533
83.55148319541283,42.13010942332269,92.2783890619761,92.85054987881955,996.9456349438046,1994.557860296625,1947.320613574093,2045.145881548849
84.19323895057293,100.08155546745257,41.61203371119926,96.01180292100143,2020.8469637056605,1004.5321710309704,1052.9399106093906,1997.1218041947645
45.99205316450907,88.97448675408016,90.48183611316372,94.15054203175293,2008.546140669801,2013.3949851655061,1972.0756941868592,1966.2940243465634
43.17632713408058,31.944494303162184,89.76094139079375,82.47349402814324,1990.161931511835,974.0302246652966,1984.6342851899003,1967.4903729599525
22.703012856588174,90.47904245924106,90.06659319609021,90.46349329433919,2003.77833161414,1996.366979726886,1983.3431650310279,2029.8144948622705
24.08844619262063,45.346830088744355,44.26773178422539,42.81187245920907,2023.0043089873254,1995.6023585125213,996.5508115150708,2044.505426859486
85.76162703974406,42.66363048192645,45.72200560933472,92.6426927323868,987.3905394538145,961.3245279852955,1006.6527688729266,1998.9484533513344
91.15667872108641,34.26411491176992,86.91091163208145,97.23399911033188,1982.8188451761525,967.7433638413665,1010.7170201621225,1995.5829109005513
88.80459353347742,86.21378194151444,42.46954831518892,89.71616501472322,2017.2565352433783,946.471887794334,1009.153025940037,2018.8977460697643
88.23583027594192,94.42706287518581,40.503833420898175,89.00088300874309,1938.6855878457454,944.8012667195576,1024.8226217860133,1023.7181717528371
93.00828764290296,87.09502897457568,98.24408610051286,92.20795603724608,1983.695787591856,1980.5087924507386,1007.3517499751326,1038.2239394149985
90.93961108315634,43.55948351913224,92.54139857984508,91.60488653410411,1976.5845295734655,996.4947360077823,2027.627114886734,1012.3326781531234
85.56975385591852,43.4569841836818,43.66096454828764,90.43038369667998,1007.0822862432799,2028.161332148147,2029.7082755748575,1939.6392284464357
47.93790909911696,42.90090989401624,45.77941935123438,53.058729000109444,2020.7445611512042,1027.884695300646,2013.5528583268797,1051.3448291614845
91.73207990157552,81.23198266770527,81.42787950418534,51.53153468641436,1009.1533640335831,1000.7407512188139,962.7003998179059,1074.7717163572192
41.23412411304542,36.62188523024402,43.382516191222294,44.50343322879799,1994.978671163303,1019.2552511181557,976.4654232244409,2006.7147043474768
87.03322392919209,38.828700518610745,87.05739323401492,87.6296674266533,2062.359798253087,2013.1055986219033,977.3218525880676,2012.7976840626748
46.221515381212,88.97736781342562,86.14489264407926,92.38509328944315,968.3663720926003,1022.9185420581312,1018.8006456268472,979.7797672398792
47.0636550083679,46.13789172573446,44.76676408331792,97.9638004217279,976.7493597740224,1937.351461005927,1048.5307710318314,1061.4048019599722
50.59875198498128,41.00111465009968,86.8537250182364,94.14387352789315,1003.7463293869826,1044.1258798728365,1989.527517441513,1054.9723290151687
48.79750273591307,41.66043980762615,84.37916337296352,48.66608975581583,1988.3261197908832,2010.5729837310998,1037.1499452975627,2021.0837402792145
96.69205640222813,41.67108428376858,83.16342856962667,90.86604023564111,2036.912135924402,976.6896832887401,1975.2684971913948,2024.7739593349652
86.09459526365946,41.2987608649658,41.27030593562432,55.462445898115114,1968.3350433626247,2010.3343232073883,1985.1446495902683,1945.1638090113686
45.93541352580458,101.60598585973206,47.04796923993245,88.97092989490247,1957.2940482785643,2001.5797237515953,2024.6692113520812,998.3917588479143
88.34696275560655,89.02601373473753,95.096519721047,88.13657982230454,1047.1703669491276,2039.6754221151264,963.4424726063652,988.1910981069856
92.5143392416268,46.566185135036584,96.30643023257564,86.63508425877022,983.1331986432034,1994.8507267616035,990.774820291658,2046.8633249273018
36.271791811706485,42.41829672622309,45.00036039393875,40.83502913466239,2019.3415001452945,1994.41004794438,1000.674737534293,1065.1842183851309
98.35028552589081,38.68135210088846,88.96077951417926,89.8653653628187,1932.8577690357831,978.6867627952611,986.7562492749098,2004.9130336213016
44.432187992969375,41.08997507939643,38.74643301856793,87.06260841213322,973.6137396726389,1976.7612649702655,1985.683821774715,981.8483457020338
91.69191747335377,43.04977310055273,43.834135962272896,89.4913997647149,2028.394928830646,943.7502763954094,1005.6016494060791,2024.758343561877
93.36783322270975,88.32076709383195,85.44200382684727,87.91677924602818,1988.253641388406,1992.7035180066364,1031.6454943061085,2049.172430016092
83.6100656214931,85.35965819286244,93.73693798234008,49.490259907167164,1995.1180451763346,2027.5489382109336,972.3216915278763,929.8940241555015
88.03011712037392,88.62330067119717,44.85261997936564,52.72741718428014,1040.2279309800804,2014.5533557670576,975.9543815077561,2054.69274330593
91.07871118745871,93.69952975015852,47.03009567313529,47.12976005971471,1011.4967859167465,1003.6173392954665,1065.8976949977166,2038.205920508887
45.65102120782262,43.99524066179871,51.869309548222695,44.842402331170156,1979.508129875764,1959.3832753520637,1042.1987718300193,1002.3176836269236
45.313582017130784,41.515382469764674,54.610075597719884,47.062568111983836,1040.953441484835,1968.5291374483445,2012.8092534300827,2032.4660128713742
46.596444739687456,38.921824167035425,42.818215954043126,83.46247785000679,2022.3348418894632,1038.5876024803356,2042.3733291089618,1985.616753623076
81.54888276127491,88.98853801903881,89.14523198034266,42.25816879971368,2017.206136791253,1002.2448215618006,1994.0006740320641,2008.1825264053641
94.27931491244124,43.057911278642,87.73909273195706,88.37049901230662,1030.3365078820439,962.940292580095,966.5891366942815,968.0010311459332
49.93946258038929,89.757449847522,94.36161600817546,39.03418893264182,2018.699789057342,989.358192034384,2048.1392452952605,1963.8749262468573
47.51491134267232,91.72282619642871,93.84214986992782,88.14121549794562,1011.2979997677376,2009.715943380302,2029.4490858664215,2019.8445289508895
77.55022387789106,38.13500841686817,86.52526611831485,44.64185515854162,2033.085599333484,1980.2736462467428,1985.7582561310314,1024.1349251074887
51.69265779344039,95.03685557828048,91.62450560715297,85.59091000781822,994.7245008446632,1001.002865481058,1986.7104255694937,2051.4458153913038
42.7275412240279,34.74206511060493,44.21200936782524,89.77676775383371,969.6719203645689,1005.1109569921537,1974.3233684312077,1026.744915293863
98.66228873022897,86.44959922068225,91.22805452882098,45.613826231228984,2039.1387836689528,1044.3814249173074,1939.5970734665711,1020.6899592183136
86.02924587645894,84.91423319485064,45.59606532646714,45.854106279636966,979.279740468079,2019.6820841308643,1025.855790064152,1011.1900007386713
43.28305037578278,88.52421775497746,87.39515053890175,94.77178425911669,2007.049385208885,1038.848994573047,1981.0552360763747,2031.9612033654985
91.8344494392959,101.00567373262982,46.04696868792084,37.33373933454758,953.0894809042322,1963.237682907481,988.4956155287027,2016.2106347252939
48.69177140372497,87.46505868315957,86.10346945021696,97.85166116667615,2023.6356432899029,2035.5334172895132,1014.4697095659894,2052.323519909008
85.10073651401832,95.59900055990305,85.74029414436728,44.24879970960745,995.0451543248665,2038.8713220176207,995.1806670938572,995.2740643390241
92.34807821655002,88.83744426026061,46.58987056243798,46.704432710013435,1977.7290033414215,1998.8520432367404,1996.2748051170918,2004.6855742682649
50.56459294880805,88.24918230280798,44.077594581145,82.7117990882993,2008.2666320377973,1973.8732850920594,2054.477600676398,2057.5296247343276
46.11321551266978,89.83970451447887,87.16749069904716,85.21803215701904,1986.3031188279729,1038.0329198640734,997.4859904796353,1955.436216836624
94.4856382110726,92.88676330769793,47.468580608224826,87.78093888481249,989.3102710560281,1050.7993639364663,970.1817179683795,2007.8084866794513
78.93097208373791,41.53407396856315,94.13601247723128,93.92478096857198,1967.820098386852,1039.7516544228472,2020.1252059851283,1013.6291380545467
94.24409376025663,101.09457223411702,47.96240299379399,60.62311936592312,1970.8684999659765,1010.6278123922973,1975.0115257378318,1010.0424874651687
45.82837208719295,81.05793876678482,92.87532624460384,49.676556038933825,1972.6922680701905,1979.16278921435,2025.6183476684541,1055.2698030839824
46.65767290786021,92.15030082065357,35.16673378021845,40.97015527284482,1031.462660778996,997.4624459710695,967.1269092202015,1050.0027500461556
44.402736579877484,78.43350773151424,29.49871991204867,95.75395937008459,1041.9390507050614,1002.4656012052175,2028.8647071080652,1989.0974131996043
39.35383340233834,88.92851951149103,38.340147251385424,93.57082921728261,962.4602037285622,982.0410168771311,1996.3579060632585,2007.381975241481
86.27365527565674,43.26478629832432,48.51659097393334,82.50898046161407,954.5045351057303,2041.1871260486464,1035.064367534359,1069.9301581422333
48.67392756323609,91.1541416595947,51.38959773784582,78.14472229077339,2010.7217335790303,1993.9504401471468,2036.8011598899657,1050.6739445614471
80.20530964241408,91.99279991532923,78.8602715906381,51.01448352959548,1037.4806348383033,1006.2472599939068,1997.539985897226,1991.3679021050596
92.93077244598967,94.57739243627472,86.11729858730261,42.49477703105791,1051.4079387215518,1066.3945608657295,1970.6312049631429,950.0950078673238
80.03143686476201,87.42455569857819,91.58284477921875,43.8146818855363,1006.9407320861905,2026.102757542271,1015.1329979988329,2046.5296070875092
86.78982665230346,38.0205868006546,93.82590257451191,48.03540576129603,2044.0853137129022,1032.39815923253,983.321569973986,994.3341271695158
93.00811134995924,42.45285674547972,45.928685832779394,88.22058933628956,1026.1833056706064,1971.5809944904056,2021.3874239984668,988.9126995230338
89.06638096055177,88.17678036446888,51.089167247417194,44.72057754750115,1046.9288961979005,1014.6530441760365,1029.6988735042619,2006.2635483881124
49.3318589757601,99.3302978961888,101.44916879039776,91.81952033132092,1995.8857437412696,2016.3076183835435,1936.7670027501385,2042.3107916823353
47.16097277123887,89.7215185817263,94.08791966567847,90.08193613772426,1983.4451386464289,998.0172127949877,2008.7229611166383,2005.3315411041722
41.97835452640847,86.79552728161133,45.26696876777122,43.33973428803659,2002.906074284212,2013.3119346891713,1002.9058760728799,986.645035036696
89.54748394119336,46.5483305330074,84.7581188882988,43.46619511001042,2020.3799160623896,1002.0288348797178,996.8860336001937,972.5069466277287
42.82465908100562,46.16161455393964,50.63941707131963,45.82602901742016,1038.4898109207859,2012.0794578482216,985.6109410561883,991.210916574215
89.52367734318781,41.88013378446851,91.74127344934057,44.87509652186162,2037.334137386794,1985.7992917392762,1966.8169544202185,979.7938656838448
33.34449610575501,93.93934714642435,50.74280094192044,80.99335904580676,1027.1635133036857,973.2544383849432,1977.7602782544434,1971.2932790543969
37.5385352896378,93.25149433709004,49.102360277295006,88.80513254664197,986.5017127127365,936.9910592032503,1956.1313938998073,1002.3376241433998
103.00324275020554,96.85251090297321,91.84665385290772,47.6251256538348,1009.0971255496753,2035.558838099175,1048.7610150501898,1005.9625508796381
45.66661543299794,87.64861340564936,90.45174238516086,50.11041013515065,2041.120613961998,1964.1645345639247,1998.0018984275437,1012.7775322089544
44.84605715136583,97.60291456101417,49.28791695223886,49.88606163841605,986.5692419664442,2008.008542768592,987.26952924663,983.002817997465
88.44228400414687,93.71742637767449,95.44049259337741,42.0124566565367,2022.9527870526638,1976.2509910537594,1976.613531361517,990.647648464173
40.007427945558675,42.98093351460844,93.16205315832163,100.94090865901661,1028.298706158859,1025.88181041153,1955.7096383502771,1003.8458856124641
41.91365614296824,94.41791756157815,87.74489907672668,40.47738619926067,1017.9760594707452,1030.5204608140011,971.6986947483294,1991.7323706495984
42.93369120321732,99.34186236886471,85.74907105168923,47.587549554257265,2016.6578529517542,2012.572909264655,1976.2410666614048,2023.1340014759655
91.10130893604148,89.54874991087696,47.445179858282934,87.97634863573478,2031.1423495604038,1996.3223177285008,986.7597794024067,1024.7074244002172
88.33821185401503,100.13160164275877,87.87785221882999,93.5339329201323,1009.8148201220325,956.4198577919977,1995.7265685151415,1006.8786881365361
43.46513293888107,90.93946705357173,47.12308405623947,87.47755036340118,1056.6119023339606,948.1197695425385,974.0511196840835,2022.3877890996039
83.02075518062536,85.9513172234134,91.38682267665985,98.37954008613542,1033.1235875401474,2007.707481450993,953.1046414213986,959.2790704075169
88.72715429021393,93.14591255668915,35.23711135288482,94.17206752864715,1007.2113648410403,969.0805696229171,943.8847451840318,1010.58426319962
47.27447095375264,37.69145528533323,97.18212140387881,103.84327791948078,1989.6590581656847,1993.719143634722,992.4559856883081,1995.2446353570217
51.73218037544895,88.80593796119042,89.94069009375882,46.88919803892563,1980.452941858903,924.4869409886837,2051.9284631360174,2026.866303875942
50.57468255787492,42.29558204711631,89.44148750825985,94.71871991298633,2025.576776195548,1966.1744815799057,2014.486012911005,991.3221133608333
44.0717679681092,45.104878497241685,95.68712735945236,88.14804434481783,959.4625064503322,1950.1862177012397,962.2689066177326,2019.6553783462261
91.80470160457897,41.71305517461301,50.00095168998469,94.12674255870854,1999.8693126110104,970.051805647199,2014.4696158578593,1976.9583707560664
48.4815427454476,88.91344431086526,44.26917153433607,89.48966575110379,2005.0494122451908,2028.5722541922923,968.6315981662128,1931.327574764428
105.18369839272238,39.76265392538565,84.32675502351775,89.15814655542383,1990.6552191724206,1027.249812050517,1023.6674842001462,1035.2617959950057
45.636205375191395,38.57544245761324,80.77774466593883,89.33167428676298,1024.78448186598,1018.2222986400452,1997.7575450117015,1954.1082005989642
42.531603878714016,85.13867658933682,44.420007469531924,96.68172234892471,2007.2984680352006,1989.4723381848275,2020.6418766171394,2005.7167729766004
40.267715033290685,39.01763275156739,95.12676777234803,93.70849926520927,983.694017525586,994.4404710159288,2012.4718740937387,2022.2100360142356
41.22947120475667,88.69038622052668,37.97172568891345,88.1923046072615,1984.2966255231092,2051.054779533231,932.1423430576732,1020.2388479001017
84.14844147235323,93.92259268331274,79.46371729737166,44.29215395022051,1973.1606175334846,2008.57242106179,1955.2782685520472,1019.5819364030979
49.25159361518038,36.87959981707443,43.36562379173671,88.52722164898425,2064.2984146860304,1994.9607659356436,1997.9308098059423,2022.9493108372515
97.69448379336485,87.8161233524178,95.41931668214043,44.02616960220584,2002.8849676811128,1050.8737474797165,2004.6001610376993,2032.2162701090697
47.61276887956453,44.052606514174926,93.45734249065535,82.96291150620935,1033.7209031876366,1983.8406518282811,1016.3243404486697,993.1598034188196
88.53075299773154,89.01975371301089,41.93264221112781,85.08809141517703,1044.6467193350495,955.7213202583339,1008.7912256065931,2002.369152857635
45.42029126626527,88.87042536827349,45.52133626625822,86.84392175697843,1968.3387409240686,2000.6344045166154,1025.986744108671,1979.6760139336434
43.41156053799738,84.8204426144039,44.29891923108247,41.451113640474276,950.0929738228598,1033.1393440046577,1970.7731088625974,1061.1716232000929
52.00768184878339,44.76962689561314,40.028500151349945,43.44678777991447,942.443865484807,2019.346719836539,990.0931384573325,1024.1750215670004
53.57947740078967,44.08641527601211,83.24399530193767,90.51027421117662,1047.501071898883,1974.9210131735304,991.290810912182,2023.373080836398
45.35262402672339,41.22514027472742,44.179542282837616,86.32510731974891,1989.3069429859095,1007.0260236040192,2060.452746884846,1990.731574279775
97.49504248681014,91.61151034615132,82.66532492850492,48.567690450233684,2015.7256066350471,2005.3730291916704,933.6551736631367,1024.8151570387886
53.00783002912226,83.33533026978624,88.84272475278858,45.04590289902676,1032.672093319852,1993.3955348603074,989.2121752887175,1042.4328502486874
84.4351895528368,41.626767554541374,89.39784954231683,91.47152536998391,1961.3313638031282,1953.5544682070158,1015.4967660921287,2006.5827137316328
46.48401264377348,94.26229223809156,93.270266891485,81.08469817466747,985.9283422367864,1034.1162643247098,2008.062553196329,1965.8068220226621
45.70779694179276,84.72383847622199,45.654535315408175,91.34306042544914,1014.5310635359313,1999.1061162803383,2028.652009691348,2018.7481140165362
48.021405918499156,40.27115311426563,92.85806723359667,44.965730030962504,2066.068598822676,2013.3612976176455,977.6947302292324,1032.800416101474
87.37302729904583,43.52254248959255,42.57552220795242,95.15779015652272,991.2974927551047,1977.336705985953,1982.1491792412514,1967.5574837574777
41.69420527658206,44.398339150998915,90.53316915317338,94.72844697110992,2045.162179354293,1933.4975989052546,1989.945345242817,1957.8581177842716
89.7233837718756,89.0291781228469,93.85412383775754,49.61600564070239,1974.7423873443047,985.6021773611558,2051.826029445076,995.6873673466282
90.25033392371655,90.7718075930037,84.28499663853121,82.44458617434606,1990.6251304373704,2015.1466667561363,1987.672312053881,2047.444266600794
97.24797455659053,90.82849577228721,46.999225351484554,84.62868864295577,1980.443203262745,2040.599171588676,979.7864419329194,2012.0700671255731
45.975467418282285,89.15324541960173,88.52902857560312,89.81192822758533,1986.738946464466,1029.7318414771485,1009.8305408459224,1010.589409245772
93.82004851665938,47.20321884448744,85.31886201789905,89.86401569588095,1971.3296370963774,2009.0537834848162,1042.4557400767117,1995.5989933319472
94.34370665459846,44.27660182908703,44.16341811981812,42.36142539055665,1043.0195658536686,963.1534122036819,1968.6349879094992,1991.1706601850512
47.962281349792015,80.59327556864186,89.39650748278744,85.8738075386979,1993.9509283938598,1978.4738989388602,957.2095022547752,1972.260850609519
95.37846602245364,43.89028277916802,47.97974030930128,85.22540268066034,974.3901038057909,1986.6878145920011,2027.5237229470501,2038.429561307039
39.278293186777674,91.61711958056203,43.52847607056553,44.755567900226765,982.6139772343258,1967.3820934752273,1998.3191985242438,1973.3628688384847
93.59335622817686,93.86048384924655,92.04543844831716,95.24114617226066,1965.7927717596324,1002.4083038403478,1992.183887800747,969.9199587801602
43.217237326331194,97.84688942218473,89.96453992545946,89.81802796752706,1992.0931188903535,2028.7283662542707,1996.7212346408764,1957.353428078812
48.68947773683385,91.91625725940284,45.6609864528164,95.5218321476529,2013.690206993743,1965.8721648897329,1997.9729554591618,2043.9783035280889
95.64588985571076,43.31153933581453,95.42926201984336,88.84427812960614,1990.78974126881,2016.1147654675294,2024.6081843213815,2025.5550707519626
86.95624922698087,92.13563362291235,92.55767113010789,84.52071490422625,931.9404253768753,1985.6203897670068,935.3099335869183,991.7332769407604
49.344455966760385,89.36941795977265,42.52279357548334,90.38023514640453,1973.454897763971,1967.4013552111833,1957.7328446845277,989.8992002230491
49.67152510266385,91.5938745266899,95.65340839814853,42.193432196723194,2005.334160791586,954.1933563254449,1019.9124810575418,990.0326838956715
43.26561001562927,43.863461226450866,49.47789590723093,88.98848592344497,983.9363881003447,977.574453629902,986.1214125311626,1011.6289391693322
45.1249255354908,87.1106655444914,85.67600138190211,94.4458313228227,1983.214495347087,1043.7479952931867,1971.5426226915013,1026.6385969852881
89.78740302146677,93.66690244198784,89.65565587234295,43.62127186765835,1032.8110681237135,1978.8097600976205,1072.4215927146583,1984.4013225173424
44.033860634206995,84.02339667512418,84.19539500208792,47.97819716243384,1941.4252857546137,1007.8641084995471,1964.7331815406817,2018.9153467094836
91.65744116870857,95.14719776878056,88.37099137259514,86.88691864911657,2033.089459379071,2007.7971524158324,1009.392517256422,1954.7846471063347
44.701252120446746,36.31707779914556,98.15153891433198,89.60790075308672,2040.024282928338,1024.9128683085567,2038.405781114118,2038.5832825030704
83.51865877832809,87.08424702704156,84.67831922913798,37.967715897671,2006.5988994294457,1936.9435005112707,1027.8107673310124,2040.5777974158864
96.46091679180674,42.18591143844559,38.484906965428735,88.82160210426257,945.0955113935954,1981.8856035226722,2034.1458284625141,1982.7331401065067
46.57135757047306,87.87197853245004,83.0405552978534,89.40297674501726,966.4476636964268,1999.2998466582676,987.3633676965339,1939.5380638339868
83.409433831264,94.34631460300567,94.81454667253416,49.67773003456323,2055.044743943806,958.5614859168812,2015.6394992847409,1971.956147872677
44.75326813278753,92.87698429514394,87.54552906073009,93.68653004221828,2018.4849741340329,1962.336789434147,2007.695156552219,1996.8693684732925
90.23110844518811,91.59010068671725,92.03767032817542,49.54041426873905,1002.7377470420361,1990.3388521351628,984.9761718484572,2007.4429283642648
50.735669907870474,39.64862302020626,47.81769263300309,40.40322411518861,998.2504200868589,1996.2983420155663,1966.12098520455,994.6893403134103
86.92129084400905,39.01137698026925,92.48446816671755,89.23025792756982,984.3749738592196,1996.9486180145182,1010.1619911145051,952.0977170201487
46.969230642829686,82.58645137247724,80.66023321940852,49.58959097037542,972.0672889490555,2036.908903875413,1998.6449288194342,2017.9591951460661
87.15578936378627,44.53081463140575,89.96324137375552,97.99523379409413,1996.6481527272774,973.49437507054,1979.2409809333112,1016.4357614261623
91.24293935234512,88.73035514528938,41.54069326184151,79.9382521659774,966.4233113898508,2012.0336971685242,1041.6999970844165,1009.8329263438821
44.204500745731,42.75394616817165,34.33245586176605,90.60354824740648,1063.9980146752478,2007.273786907269,2035.8813628454543,1029.0909751700146
47.38527056223094,41.09159398841619,40.764374018628125,90.4277946757108,1999.047981176746,2001.2640371827315,1970.190708299946,2008.2198912152944
83.52234971286052,100.77747131055045,92.25865005936708,45.854067639016094,1952.3799824077855,2023.829096354186,953.5168550723106,1985.243762678043
44.70388790720817,41.81926211083415,86.44627835911545,95.47978066465853,1972.112196236814,1015.8271346660936,2000.6630702049313,1004.6646246315897
98.14459619248838,89.95406740028993,92.22593418574667,45.44332104945616,1975.9564938043734,1997.1019664929659,1090.3919199417883,992.0059707720452
50.851163156758446,98.80105647332043,52.14804140163058,50.517816988922185,1938.8995705912996,967.2075639785035,1983.9472391419074,2033.4554234328311
97.7049107362749,55.21199205369073,57.648196018979505,45.63191592225982,2002.2928110464063,900.0696693059713,960.2313643663241,1995.0109407443072
95.43593563788922,86.26081453580832,53.272652073684895,44.07262025858124,1990.4149909961493,1998.8778954164286,900.2977380380348,1087.6491390417862
54.10266944270261,46.00278871306794,45.040385925654334,92.88941111211368,2047.526175183798,986.6859904900302,1012.8250195678586,1974.4063139840255
88.90774888662216,91.43921957288819,92.89611492258766,51.33128758109902,980.9715644697061,981.4683292755868,2011.1230139781362,1048.659402085522
54.48891308977109,85.52462974441148,42.8592745045072,86.78558198338546,928.6250278445536,2024.6362711916488,1985.9646403433383,1959.0658037489961
94.66627996677666,58.335802798550716,80.12276793068916,45.95499973651385,2003.3826552829285,927.9337326913346,2096.588762332424,1985.9392812501233
93.28122332905994,51.5854390642656,83.17062183308002,95.65631262517373,2024.8034556526788,2041.3643052899229,960.9599443398456,1038.6330472182963
46.99550007754793,91.4635920809252,30.930862713509878,51.855792073854666,1981.4889363493876,1001.6271369387695,1037.4260692868315,1999.2477299593515
89.49060552579445,51.27974630818282,86.56156108817264,59.54919696165465,1976.615098961799,2001.8362434365915,979.8556258043909,1990.2546311368897
77.80846687975229,100.0308748525073,99.21119086807886,55.43098183864282,2011.9324838430725,982.3741781848869,1071.0902343239022,920.5379782967578
42.702096968269075,51.51312629962388,98.24796142552859,95.27563675298158,961.1171620842699,2006.4693092087946,1173.6803436207147,883.8718593302924
98.68711212085401,96.28083073395729,94.18917313447649,96.36804291819985,921.7726638486356,2040.8179400961392,1092.2103828026488,1969.9140840642606
84.7196151966607,88.59696757129166,101.62828765729681,83.53060774169035,943.7844156867536,1955.2799748282546,1023.888590979984,1989.9515710712458
88.55433679669484,83.16738814696362,85.09025927830609,91.395621243416,1954.4305919452522,2023.2032441340327,1992.7052964843924,1982.6140273768694
56.32448567231228,99.236145888071,87.48091436292175,89.78446602624423,975.7658969000404,1073.5338336670247,2033.573185980182,2004.1081668930763
83.83905322465996,98.24071682929605,39.66272287603661,90.94600746472794,2025.5587738042968,1019.2180069704079,879.1914195255977,952.0544449200277
86.08289580416215,83.64323174993582,91.90283735887641,84.513629366664,1086.482566855871,994.9059591946534,1978.0123384090646,972.348932524689
85.49975137732932,93.63371848228618,98.71492416943039,94.98642566233008,1970.7652679397092,2021.2421193920409,1035.199037410174,1000.5014653231062
86.22662992201465,84.22514964531919,43.7135795656304,87.32292264362569,2006.1198229270826,1995.253963663962,987.150772621104,1981.9867268588032
51.77267960801015,84.61897042681306,38.17157594124862,53.91479627260565,1993.1247024729037,1106.3330120835942,976.3128390399891,2050.190189048597
94.70483456799441,54.502446650535404,44.96184434308702,89.34014341082752,1962.0402468400566,1967.4385228311794,2043.023594106482,909.4319336439
95.98100623269282,52.93187684587093,95.9081720694222,95.48795990401366,965.871333960222,1098.8966406871502,2037.317041541649,847.7478974663358
89.97102530126948,50.223970362769535,48.50411697313355,57.79054133963998,2027.966223975163,1121.2990690458905,1994.4326701726513,2035.6464419650429
57.0670895050891,56.04111318834998,50.174394042176814,42.46921777807424,1960.8482398597732,1112.2217897188325,1115.285236157711,2001.5790299325643
49.29057304770495,51.96578514317656,46.732015921386875,92.04391084571333,998.9389572698346,1062.056577177769,1012.9523109640174,994.4940488994662
44.089515024651874,41.9005104045021,88.11720059017563,58.09088649583796,2019.9406330456407,2004.2196624776882,958.9509825113697,1995.739620142125
86.59466026893759,30.657833405910125,44.70068873977693,86.5417988300412,1082.3732262099797,944.0295973029735,1049.8697811632303,1995.9321385671772
56.610170627195814,85.62411574949647,89.90895833824207,55.854431460256535,2001.7799379229907,1003.5522058268514,1069.3820925139776,1038.402633325824
83.24703649168032,86.3204778952038,44.057202179703026,55.648044025345285,2033.6149451354147,991.3145966349459,988.2479160567952,2003.377181644353
47.25593798024178,51.805568113309675,45.01825713382128,91.0533552866085,1025.2702598345377,1966.4646154184463,962.5981529493662,1981.4482246014575
85.21871592451528,90.21820667425747,43.24931496149241,57.241503816866825,1995.7726830121978,881.5416051647309,2041.5457757185081,990.9632636599631
85.65424889542926,90.97462277158063,42.632196265475855,64.74172950525461,1103.096722716755,943.3637107260123,2004.212820621762,970.9785956168057
95.38937219012301,82.99063872568637,49.98005286847005,49.30472739777749,1986.1212076486008,1003.0501633722411,1066.8426945294257,1053.5684437709983
92.35539201825902,50.06896604254039,92.39068811278439,81.86387693261881,1054.9273238410653,1026.4477811752347,1062.176275626449,1080.578348866538
92.14370250184349,93.33545110581193,90.36641945734951,87.10361246600206,1095.059189622425,1985.6009011240706,1968.6599985612925,1946.8175894126953
46.01318189626876,54.27423127443056,51.23927213947377,87.02250813654051,1152.1566292301256,2003.197847557677,2038.237719245922,1991.1888528278087
46.68949171026829,87.26697758762523,89.60279413128737,86.43572869762667,1999.007589662138,973.6680766538875,1072.8098137506447,2032.440797424315
84.98793010832783,46.91408604569703,86.01715555220224,83.46353526034787,1987.8548950974323,970.2371680583398,1136.4417693374794,1116.8888833621959
78.95745967143623,56.369887132474226,90.72736259028876,54.64252717552008,1029.5076024630437,951.4340099201517,1040.4432586506296,1984.7659175457022
90.14224444292209,54.251790490407814,86.82060913008996,90.18020641745329,2003.8114550532716,1991.5356813989306,2011.7523738197162,1998.5105360372763
49.36818761636276,91.58401008762982,45.672958335129266,95.51208464823742,2005.5242861849458,2029.6497027122746,1107.2750848383907,936.6422001103708
58.226785417121334,55.47152296828826,95.03104365130902,78.33099348826332,2028.279985914699,2008.6635225622267,965.9749251207296,1013.291072859507
57.26809088502354,88.65607589427373,83.26678063445387,86.90455671454481,1997.198387845443,1033.7562378020173,937.5340750118914,2014.3269175543219
56.17216353139137,48.13781971326194,85.58059405608765,49.74028296596162,876.5365976457383,2003.6720504559746,1069.9641382323973,1017.9196716469721
88.49796770425779,44.61712886066207,47.7022554998144,51.67316581976793,1937.9487171057665,1980.6620119849053,2000.094084883122,1989.994802253244
55.17808782705099,90.13946091061887,90.29570668470372,81.0044973432187,2006.658547865057,1022.0610717702505,1105.7163419360793,1022.0406415708549
44.7973191396701,91.55281453969853,99.84269456845234,94.34611016662689,1034.3682254829032,2001.6446407399624,1016.6400337561621,1985.4491595418115
94.5920560522644,95.97273695661448,88.03273369184599,90.882393546287,2020.5766677896697,2010.9467998808439,935.2592824176861,2014.1729391614062
87.65219606223724,91.41979362551484,86.75389732785278,48.31548506271258,1987.4144590469798,2007.0914155948274,1056.0512053909886,1953.0684456720242
91.21561773355204,42.00128225349927,97.51586593518694,55.599908309613255,2015.244977544304,1034.922350817683,2037.1190391031653,1122.3905333117877
87.72231136211624,85.2475389855837,84.68513498529477,53.121194921410876,1997.4839172276133,1029.8783234466728,1965.0591868790273,1032.896425908613
97.32158723217549,85.62949090581706,92.70812735586463,88.40736064645976,1036.0899847501337,1969.6111664418033,2005.2206394822365,2038.4765533950253
92.68070838023215,100.60313179638125,93.87929639752338,34.12641874227645,979.2989944733833,1949.6088885237978,2057.1993530893506,2039.5815639969169
96.51756384999966,65.3700329611493,98.11484998404153,86.51932324458406,980.1586513926077,2014.2525415729294,1991.602307730144,840.1803007214091
86.27119656218093,95.74708605703582,88.79545170480212,59.89878538408189,954.4848255107241,2001.8336801766513,2020.1426822180033,819.8295531984021
85.1537028790271,64.73212772504333,84.96633958441076,57.58877931456945,2052.636718085338,1962.4295298153834,1995.697195413333,2014.2256146739828
46.00886151594048,66.25234133202132,93.28762617732458,49.33701926433568,986.5805118903237,2039.5237615781543,1017.1120279661475,1070.8787412747301
56.70570057632277,78.50011467988743,88.76048622519521,94.81285870677722,995.2745080165511,2028.4224579048448,1970.5689601657875,1015.5810266573344
97.96250048518452,56.66711703182484,90.8259156891338,97.71800724940937,1025.265530550726,2014.2952746263695,2074.9494799500026,910.3118609066391
51.88011609179811,97.08142826521214,92.21871411845187,88.71410995769784,1999.5559257061745,1077.8908290216027,1997.2583813646224,1947.1939747282868
89.95054772353554,79.2928096313555,53.15612261975804,87.27051522231356,2025.1683543825357,1958.2073216636459,1988.8544541771232,896.4885246587789
47.43202175241539,58.64346286492364,52.262576418421546,97.701830370905,1004.3925989188083,1987.3658281303149,2043.9652899368311,1034.0221228553255
95.5516931993617,92.13231177176047,91.32244924870552,83.24520170751097,1987.3903495984873,1986.6182975875777,2017.807765108233,1990.3653528147913
93.69341911529925,90.10437666938323,86.66159746551487,91.6143893538282,1985.045755189397,998.4542252135277,2004.9301340549912,2030.2078801505857
91.50937311328966,59.09564792869563,88.09908325431198,87.69739885002272,935.8985594777238,1015.3759985289753,1982.3317100847928,2008.504954049887
47.990241193008835,55.05833512130529,91.55952074615494,50.51061327577776,1060.7603026496126,2011.2992701001558,2039.8070502573714,839.7941673748508
49.215900479853694,45.303667304266625,97.27582195917292,47.835736647483756,1151.3917824299829,1085.5143373985452,1987.446807364286,2055.736939210661
49.90246711379416,34.31037034060824,86.11477865209791,49.642947956018546,1978.8556085749594,1170.7012374728251,1982.9359996430037,1999.7852430070052
52.601380992793175,42.061940846823966,48.351156843161434,86.39110678746913,946.9952332582238,1113.5492593155118,1974.7676941950808,989.7919643820524
55.97280280944124,84.28094190221803,40.19083699319221,55.38729209592583,1041.4145771737922,1993.9196363401975,974.4614722532804,1986.544127737117
83.07733921944221,48.209191913778966,37.2935410951853,61.621269802541974,1092.1213418648986,1984.594988583953,1097.352187811659,1043.9665222931953
58.53456214007966,52.126984325358336,86.18367055730384,57.16241706359223,1995.7299241128876,2003.3371474401836,1056.2806395357743,2006.9401996793372
57.87531884455026,99.67279481262707,87.70391221996553,102.60562559924628,940.2699101152714,1986.8759832842638,1029.729213297091,1019.190142721663
90.98795930437379,49.24543499123404,87.6474758569824,48.77388541464106,989.4474294655327,2052.4351247612326,1988.8754529676892,1985.2713043557144
85.6919797487953,46.0469310726813,51.69710157938978,55.65723515092387,1034.6058078475153,1982.3525584458653,1984.0954679982315,1060.561688241381
82.63758864288246,53.31388522549203,58.18511569789143,91.32104378870704,2070.4622977151876,1964.0884424720305,1976.8655012500399,2087.3307002038823
87.7691526929725,89.54752375044761,84.6974520879954,88.9262611839684,2041.7614542199526,2031.5898527568327,2021.9279165056244,1124.3746174770947
78.70474862924121,34.59586950897173,42.21657834128034,43.269173916943245,1994.6264073400719,1961.4833198404187,964.1303902416696,2001.5243098585945
95.11415286345358,43.89473164726401,93.17266456471633,97.33719850119611,1963.7444598911559,1999.9296069790971,969.9430132833965,2004.2569203936594
86.5899526003414,49.466612427176145,89.65940966958756,90.8756287963769,941.5264156746434,959.0791610706806,1055.5237018432833,1975.2847531303928
87.69001518688195,88.07170073105135,95.64466870272157,89.01099034944478,1023.690949994501,1991.605749999043,1912.0530374646573,1977.39389762725
85.91237684166089,99.0601607055326,98.76066333492868,89.19953540168726,1115.6870719021474,1017.1191557566315,2013.7351958701288,1005.8936085077341
90.4304399118627,84.09991283194351,46.679190830726014,80.67584806831107,1080.667361143273,1047.4996322963123,1014.0030840846928,938.2104182155485
46.60564904668464,53.09866802399729,93.77004693371799,85.65310985293557,1957.3973484092392,1985.2896973865122,995.7802905650358,1995.2445659958125
48.6063323522998,91.03113859432551,90.56998011783247,87.19794919031284,1092.9578345167738,2051.6158988134553,1971.9126596887445,976.9868277761299
90.59299432094859,44.70415180602762,45.66155476455542,91.99173684499571,1973.2350246851586,1035.816062819314,2022.6077543724,1029.8845717390716
44.73330657206006,79.17256716384766,92.35368500162325,49.18724611930094,2007.2874533685415,963.4660578175019,2010.272393061988,1011.2743497076707
90.34798743032303,85.61830698911382,94.55577532598524,51.147882063635905,1021.1719176545282,1066.2729617421837,930.3623281566984,2003.7712917805147
56.85419465261334,58.490310711738374,45.16595138677663,48.79171939535286,1970.575213956729,1055.2932053358104,1969.178221066853,982.1440752817327
89.35555826872093,86.60444435763507,78.00503672113874,93.30290034318955,2012.9392688743756,1004.7074983827313,1973.824894804759,1005.2453690774889
88.02463808461764,88.66012425172721,89.66011067806635,88.3299075622776,2014.3744697982568,1975.405067179308,965.8151663299211,930.2867301076302
89.51885804998074,45.769767773998495,95.11088382469578,35.884952962618556,2027.296153266176,2007.633252974427,2001.097654525828,996.6718883711044
89.48141491400787,92.49242816565454,85.68857783574332,86.70866405288156,967.3949758601044,940.5282109384274,1988.6901826072797,1991.1434329951264
88.03019183893791,88.03335412820856,93.53006489198052,57.9087494018045,1026.5438229876418,1973.6903528505788,970.0681080852811,1074.1936268021996
53.923129908972854,54.641353559272076,51.54833723009368,55.3882785443747,1987.9967631058769,1105.209295245233,999.8691554187003,2006.130647690083
56.70684564766545,43.49638508098394,40.60611731522909,97.23535413558453,1978.8328773537844,1992.0084457434534,1974.333666694878,1153.0001849417113
89.76640460804836,48.537487643359626,41.158036832038164,53.65931770079473,1996.6426506580592,2044.975444742338,1021.91622158032,1147.8481225663445
42.85312170839813,56.02047979503476,89.72449503886308,53.91186887219173,1997.7142956192256,956.2829306340595,2016.4689734250828,1993.3584499028789
49.550149732906384,88.5604778492665,87.2451744540002,40.83996707243763,2072.6279602787686,893.4650541530932,1963.6099313487962,1994.5843052823632
86.45261459419683,92.34724700786175,89.77610435534606,37.67030702811039,2033.4754076903075,905.1531267021195,2044.81003027147,2008.6741118183077
85.71457424739869,87.02172050388238,87.80047639730331,91.26399141232551,2014.7551081083495,2015.5096505099784,1937.8136114666954,1016.9438650844007
93.49729903968702,96.39425520977811,53.39137403715995,48.84052110439273,1007.9831103397644,1033.7370660724473,2009.8239503032542,950.2694591570015
52.812622363408735,47.71936761837129,82.05538253041276,45.491781512600745,990.8921917117711,1965.1825521638864,1078.4163783922818,917.2088350562126
