TempSensor0,TempSensor1,TempSensor2,TempSensor3,VibraSensor0,VibraSensor1,VibraSensor2,VibraSensor3
92.92384779422324,39.07664460682096,41.3302337778183,93.50095494944635,980.048124748791,2007.747030412734,2042.7785254831138,2019.9443925894325
79.4818661931448,90.82143255625137,41.76514204745936,79.83987100359862,1972.0584632366476,983.0236291446347,1972.0761289648424,2001.4157262360332
41.148288737769235,90.55132272033042,42.673466890025594,89.32854849239487,994.1912917695804,1960.6907675627083,983.1476273817873,999.9971032418821
38.66139116275212,87.32940093606531,88.09701688842881,93.55787156530265,2009.023209292421,997.1096380567346,965.226460354601,2005.8456385875372
41.77620905299757,89.81617436016235,41.152177002268346,91.21909624092666,1966.4021770711142,1981.4784869732919,979.2926559421865,1977.3310401358299
82.47484621041392,81.98515797925621,94.2912870514636,92.57892051366828,1010.124823785705,2009.9784461627683,2037.5584613979279,983.4378510124416
97.9605564899935,95.39387881480697,89.92817115349037,41.78247933428288,2002.817842957082,999.7110087691794,1996.481862494032,1032.2745753361603
92.95430822193507,87.004411313733,89.56379990303145,87.52643599548793,1964.0730209244382,2025.5838009783954,1001.8165600751856,1987.798998567814
85.90543206932244,87.4787977933429,42.99238087466219,39.87355297176838,1001.7258573765738,2002.5055126156258,1990.5750480006143,2053.845551380455
97.15647943491926,44.04291340131245,89.1842968015706,85.22332873257743,1999.2914258831988,966.6654204330516,1992.381292502635,1969.501685360357
89.739448247664,92.76229203191026,41.24169591194495,42.79351511487667,1993.7032108361987,2009.0380854347347,2021.8395678408017,1022.903173454519
47.12055930369146,43.33061233171824,91.18067926159287,93.7922468900485,1012.8003242354223,1013.1597041251053,1958.114969787633,2004.7171552638345
90.1688006796729,89.69246975906006,45.00530600312463,94.74150297315514,1004.1990616572364,1985.6014206304624,972.7743361216883,986.8422559969956
96.07069580412895,94.89008334803623,89.16339347182719,36.80562081250733,1949.6958257550093,2029.2736833831268,984.3890652783004,999.9439748066504
89.76778679769778,41.95857534428987,45.63560202766174,87.52542662531968,2033.8801097045807,992.4625258447032,1973.8267803313904,1987.4060388168207
38.353663541179145,45.52614056444587,88.48035028399697,92.11870444162032,1940.5212352284536,2015.6846127712352,2022.266429120859,1007.9940366037317
42.51065131431429,45.606294835428905,84.68371390835667,87.20861630506317,2077.253654162794,2026.8671235382576,986.3256431559016,1977.4073767312675
82.99832702424376,86.62346410524187,95.82271619231021,37.90389125204871,1997.4212947673304,1987.7395218368497,2017.1681936310117,976.8720999669273
43.65105297296107,93.10508308987818,95.37313490820792,88.6291816706333,2016.1530448699689,2038.4055925542243,1956.5010087865787,996.5943487246772
86.02990073092627,95.71694206896113,41.59678863533959,39.09641853245856,993.5271301249373,2018.6744137656551,2031.238951835652,1970.780120252114
85.15776734063974,87.0721336190413,92.98544552099709,41.50729553093054,2027.535626283438,2009.4209056138754,984.8780290542484,1976.0921819036703
93.76983395720684,88.41551446890077,41.83712444704664,89.05519019946472,1006.2885612406607,2022.4850888192839,1984.1208022644373,1975.644106295631
91.45913055563624,91.85554980217974,84.42412147314623,84.38440552293453,1987.7616400451138,1022.6229061534107,2026.522311242252,1983.1397184226448
39.15354757198088,92.5754477788432,40.30042758360046,79.5570167851304,988.1252143409336,1990.7850428048314,2041.4610908231616,1034.385630458817
89.58634738424536,41.32675580810552,86.35635517271771,90.0400043397138,999.7963246351394,2000.309481544743,1007.1419816000541,1004.163985227257
104.68470784046373,99.13026046645595,91.7903850746598,40.95989693640894,1984.7209927527178,1026.0894936868908,2070.156346749412,1991.1070244547766
39.146625113720134,43.462883029844136,94.79443036854889,42.47673787003235,1991.3255765701776,1952.6968151403448,1986.8249235661542,985.6810546066652
87.28096394366268,90.49609273190295,38.723074737699136,85.69024405252779,1974.077554543315,2023.6116851391957,1939.8824032306045,958.4477428240083
40.693056132035665,84.9676569674913,98.13529020178427,99.43932119802997,988.9467900749148,2033.9546478591217,1986.7538906443874,1993.0270241157004
86.354051923298,37.944534902746454,42.07586530854813,41.86428235403628,2001.1128328057962,987.2778481800458,1997.9626539290625,1010.4594736711688
94.16712628238439,92.00879518649865,90.725213754165,45.165815267899816,993.1892819110507,2014.5809143058198,2022.9775826045661,1985.1044019200067
93.90091308241945,40.88250111078242,90.42143572952119,90.51539748763048,2020.3523770318577,1973.0537383225246,2005.6668331803296,1974.8580828428387
94.88849835564095,93.6556623058461,100.59364179632644,83.11954999539707,2007.7953780490548,2020.8047234814605,993.1094524475748,2011.5996754283947
42.01371993139763,44.46479917651108,83.33072168782101,90.64383694549171,1979.1751543136743,2016.1645425384777,1970.6255432775108,1965.35917687437
90.87056331674253,44.021616058039015,88.17755807433473,35.72988729584603,1984.472455325301,2001.4063975899537,993.4003867910343,1047.0821897210285
87.07504114384501,91.97560734460058,42.16550578539008,88.69062975233363,1991.9779194692446,1038.8081872763019,1980.590372085973,1016.2871023596279
85.49753512725651,94.32847793439655,41.6582378043764,39.895523903215164,1994.772016408203,1020.2968431416892,1979.7480306887066,2001.3656500643165
93.03804806591621,89.39480773353856,84.66523816710271,85.77757141886396,2030.0373222304333,1979.6621248505496,1012.7509111749669,1974.7050431944854
38.87079795010504,42.3601389238804,42.11105604056378,43.51934510164622,1998.6428149332546,1979.8564408703767,1021.4273433807452,2032.0033351693862
39.052743141265836,81.96039948314852,91.8714608078049,84.15462841361429,2006.1136943478577,976.346649322655,2058.555234734437,2060.1745781048858
95.00668980593369,47.38141195818797,93.35942769389335,38.275342057918884,1974.7674759402687,985.0355823628834,1996.9927768891391,2013.728509521113
91.30383796040935,44.47354783518322,89.23903412919341,92.911562723071,2004.869144145638,2004.9362137573364,2000.0791754747859,1977.3219149899219
43.534709751168826,88.2293504158865,43.79177178243346,34.749640541729185,1971.4949662075926,987.9299036414142,1988.262189896243,970.9481756656787
90.22369653697393,90.84083023534694,41.23331512713132,92.69159344795864,1993.1143463327016,991.5030271868236,977.6591167848208,1997.0444632777326
42.65636433413704,93.79255156662674,85.93223092674418,86.48418628497336,1016.6188789766077,1973.5842225870504,989.7372686303172,1967.697631029616
85.57637491711093,91.78969159651717,39.64610943605586,86.23077305953433,2039.8369939040256,1992.4471369463388,1967.66877303769,1945.1761169029098
77.85008902662886,42.21238381227003,100.75864797155958,94.92004153717508,953.3529968498538,1969.1583318140363,2025.676824301904,979.0776311422155
87.06387373101725,87.43912081434374,44.59470003506924,38.201138954311006,1998.1036557344,1951.252101673035,2026.6789127500776,2043.6408057029753
81.82114175315935,92.38631621141423,98.94784124197145,40.78063367627307,2024.814232773557,2020.7503573375934,1994.2691407432947,2025.9343482513766
85.64962216508684,85.43857691527008,93.62407720264197,85.55828563172591,2009.3941565160649,1988.7928777028624,2014.1091265149716,1972.6162368544963
90.76360157749994,94.49993268515831,43.39370582787002,39.787094857326764,1948.2705941511795,1985.017981406666,1997.6889496824867,1984.038732164223
97.06814924620792,90.72182581766249,45.54528066452403,91.80313341609117,2017.336164470334,1984.4348101662845,2015.1096646948265,982.9201127513334
45.242851612081296,90.99510613021901,85.34711186333462,38.6460870346735,2040.1907200521669,1007.6683775686784,2006.0811090551308,1999.0977413414323
85.1296522047366,41.75261089792929,91.64587398754907,38.52710943052837,1998.61195390331,999.9386728872717,980.7093212636958,1987.1928816386187
86.50833368126351,36.50580529896625,88.3378492028574,89.28037629931565,989.9455098719184,1949.7793150397586,979.2054532459345,993.5906280309979
84.14129650063657,89.5805112486462,39.93384270834571,37.58257479480336,990.1026864934732,2002.8637082721475,1945.679219773567,2046.872502001837
85.85512621519224,90.48935520639027,93.97663684423969,85.2986186768279,1018.6759204816842,2011.0540919005134,990.946061261835,2007.8245123312806
41.126448634970515,86.49732052499779,38.771679177627504,39.999751316972535,1958.4602616034788,2018.9815991995797,2034.8431297734778,2008.8664539697593
87.74434761307326,90.9682847991737,40.798811109196144,86.72337428646566,976.318931756223,2015.988581986162,1986.1947256805304,1993.3435742141626
36.87715283388985,82.73344432511146,40.800430481598596,95.00279090738651,986.5751447695912,988.137092048669,1953.980332041115,2005.1060477669507
91.81462038523047,87.53956204712213,84.85067720636057,100.09849796151502,2014.6738612253127,1954.714680990241,2044.8583604401954,953.6000311590483
99.00483121365671,83.98405099268837,43.49865977626322,90.96449820593439,1985.7131919416809,2009.4778888938597,2004.7873468942507,1984.3088765682346
82.7125968776059,82.04774031534272,86.7249506177337,42.0995124107829,975.8721982086543,2006.8120047032464,1026.0916901787837,957.3760711542913
89.76827756955858,41.719135061919445,92.67994593077746,91.48591715794143,1987.3373620958573,1985.8190570027662,978.3624774887285,2005.1391959023258
40.68182713166949,84.98917952987324,46.559595219143944,84.78860127572578,2039.6939412246854,975.9603504730866,1956.39555571615,1006.8702311096706
90.75863191175804,96.7527318630467,47.44719125065565,36.255460143821495,2028.95761808088,1016.2000897374223,2019.885099023358,1983.6310511847641
86.85350303736519,89.19712764853543,43.947672555346514,88.6726919717605,1983.1763619786245,2013.3466948179264,999.5422244147303,2008.3463586650712
90.46612565476343,47.074178853123726,43.71873267465011,35.95719432385408,1995.7993372159237,2015.2654133612664,1981.5205180833568,2032.0136818795595
88.44124246163648,93.51237749232422,46.388276917083175,87.67936781442552,1983.6857691142102,2044.089142699813,2097.8420367537656,2047.621469619307
41.84474319715174,43.93100456220957,93.40320181512851,84.69125743178179,2002.3470590595182,1993.6444909615527,1019.394255606853,1969.5566454439283
96.20242550170715,94.58439046118458,35.96025320792423,82.56663590994232,2026.771552627099,1966.7447152958255,2033.0860207918522,1999.4773272701696
38.14852276315385,86.70677033341077,94.01309883107702,90.21900577881951,1965.8518755257646,2045.6746325410465,1987.0708571252371,2013.3537497191605
91.5968430867574,39.293248916621394,45.86248224759807,48.527771666271335,1975.314739066545,1942.5029338813179,1040.8695962216,1045.104426862893
86.62878204196208,87.68606375185519,99.47495207242066,91.64760556634238,2022.469130122171,1006.173805581572,1023.70040703051,1940.1795741973021
92.75564090982377,96.29216353398812,80.82534231701817,38.384242597633516,1939.0145263478992,1002.6710390438261,2011.084689498088,980.2497367897381
88.49584033541655,41.182584851807455,88.50653555418803,79.53169584324696,1997.8720229312262,2041.4109864263237,1927.429451506302,1947.0530182199407
90.01761050495985,99.61417793050421,38.82760539887312,86.97903751150687,990.9228757649421,1972.2564392839404,2020.9868143925016,1007.0038024116267
95.11482455931257,96.0035322961173,99.70750753947095,86.39242272260654,999.9657383196629,999.1751533077147,1959.0426069450632,2043.996585030536
42.52040108231941,91.23283051696683,41.36648619334618,82.9303256889953,1026.0199546937172,1993.1659902221982,2013.6310033117818,1989.5891567647127
90.26972417047196,84.34021282073302,82.9863823239311,90.22415701731794,1044.5717553497334,2009.1521153839835,976.1664650039174,1993.83642629086
40.3447538388381,82.76133408103627,90.90755449772476,38.09073358262036,1008.8198122245203,1994.8304798115205,1998.2778763145636,1002.2027914920667
90.21031847892452,93.29466435827723,39.28322011442326,93.05733518482671,2003.2416901118868,985.6840843642265,953.0860810651504,963.16423444272
99.49767948571848,44.16954999087846,39.79971922508405,38.28740836575598,1000.7720418043955,2005.3583369775022,971.2666354952089,1967.6762914292676
85.06865960835239,42.886744630572906,90.46263171975758,88.25363468512373,2008.3721237735683,2019.6150976188287,1988.45764065898,2036.1513919298193
88.22915357926726,42.61457068631525,88.13707438577767,84.66031485999943,992.0363011709132,1056.6380269121378,992.8384360026618,1062.231874466393
36.23361644571966,87.15561227689402,92.60678582090476,37.1493976204806,1965.2746589520405,1974.2721127889627,2004.1352751565723,2004.5188106817136
35.21925729701472,87.81815330951976,97.57189413849012,93.01564703601409,2003.8647901410482,1972.1682682197193,2045.6181670835929,1987.3109328639368
91.20549289479483,89.87622384894455,91.92942341838152,84.56308131288584,993.7361269665989,2010.4400742160426,1954.0265764768515,1007.7387480572038
42.64905157010034,90.84950964258313,92.8524499579438,85.17325266320837,1003.991309085655,1983.3975088407958,2021.8876056986048,2025.3882962853309
100.1614966350376,92.62796609975166,93.55984381771188,39.21976436516404,1932.8711534864683,1998.4509198810342,1992.049297344422,2002.8576917016314
92.08990624594777,84.36116051467174,88.17894086627497,93.89069153319889,2025.7718580447581,1982.206474096957,2009.425409075382,998.7739657112506
84.67641469327194,94.18232434870698,84.9133439255037,38.95168417184234,2075.0789576110815,2034.7268080637305,1996.935738566366,1000.4656348536881
88.3523323893371,80.81963604125244,40.59371053135178,80.50831501250417,1947.6148191868142,995.4320385033566,2012.9955515556426,2028.122226374117
41.673699904686714,42.252147479034406,94.65906030030075,89.57789897327552,1997.2612214531853,1016.6974590089269,2019.6579949065356,2060.9137731326055
42.29282221270358,91.39135035388982,91.26696592519957,87.55885424713246,2023.3244841070941,1996.820290378548,919.9008884744749,2033.4527923712155
40.452208142863284,88.10905333990608,90.74210743351684,82.25405445879422,1963.4871114173832,1988.7786694525905,2005.4634231111713,2015.531237178397
86.38852409543722,42.13935217373667,90.19225805926628,99.06631408915287,1989.7257454322632,2048.614662547211,2043.4625612272544,1965.370877475808
97.03104267906548,91.73871447431769,84.20920555954322,90.86740959182593,2015.5896648193423,1980.8849187066105,1960.4267842471488,1980.8579233529297
89.28645319682336,46.83954034936703,40.83938543305041,83.88642524491793,1985.2423087931593,2019.1058787700997,988.4452012031127,1971.0394964205082
39.75717630340604,86.8558834905353,43.88065548657343,38.48249916361371,1952.6398150178904,1935.2443470566693,1956.6798798709735,946.5269743579018
41.98823065271836,38.538445976087786,96.50906546027251,39.19188859632536,973.5297210124126,1988.432043407907,2003.1679691945042,1945.5381662053921
84.45432577486798,85.03712392417633,91.50830055727137,37.70599771706571,2018.0775491938548,1021.9344303948875,2024.3838774105086,990.6717826989484
82.05862987927792,82.96726795040297,94.63603673646426,92.99780305703085,995.800754324689,1992.817026881977,1980.7533204369026,1996.9452109834367
38.007493999240936,40.74690044086355,87.29404633690832,89.16136007282411,1994.765967676706,2015.3941345313235,2001.055012745348,1972.0183526118851
88.13183592885737,86.99180480199658,88.04961259726053,86.13237538996373,2011.1833425170798,2059.595577675865,2031.6922694639838,1000.4461754445726
83.0317811452417,94.25728459307423,44.22464461405267,94.73188360182193,1000.1004300689901,1020.4012949305377,2019.6559984153819,1001.9870968028636
40.78214069612364,92.21158976423547,42.305958795998286,35.831248780191245,2029.8906789818398,1969.517810754652,997.2433124874608,2011.9763164659475
86.23427141943385,40.98462189772157,84.15864607727022,35.40851489340308,1989.787152410624,1984.421682886453,2004.7640863007075,1933.0761133474173
85.63442220959425,41.61871559205578,83.5688903685463,88.75897755503294,999.99114770257,2001.4489098950698,2007.1221809711133,978.9176323241745
86.30964344352579,43.604464272806,37.33216789195292,91.97877064272635,2001.606714024378,1957.4272842648045,1023.9894796555387,1968.675396837176
86.00247016084047,43.06028322108786,44.79584287430671,35.80164102493903,974.7127128331742,1974.1672416419503,1997.7707650182058,1006.5867249291132
92.79634991534962,40.2045326465652,46.02396355162915,95.50994569742866,1973.625118527346,988.0491469607282,1946.05230949498,1967.5307757242272
33.37102747515239,93.39541847014867,38.387875262986654,89.57823839616582,975.4958873966328,1991.8677256282842,1941.520634295725,1006.9638927054912
39.816121415763234,95.19369449734755,87.50249812277468,41.13155522871267,990.1955966636011,2009.4448184692067,1966.8621069062756,1998.4316599713072
88.0611551856214,94.34576708383732,91.64121104979219,41.39319163015996,1959.4638886509952,980.9700674120229,978.8593855562725,2005.3056990672267
98.13807531184376,41.164364922629844,37.362383052850724,87.25201986615313,2029.3747700459871,991.8580639985016,2024.7368255944764,1986.4488213947222
82.14308716348229,89.86029777434634,41.36073284830867,39.51789955305811,2013.30980506192,2015.4350150781963,1963.0877014372552,2067.257041720988
88.70313262892154,91.79685095513507,44.50498171516663,97.41617147662946,2045.9707423824357,1022.0807447750326,1978.7793481544134,1994.8610929064746
102.09473939559986,91.56127882529827,87.68337189126687,43.502924408989685,2003.5602125912803,1955.0699089066609,1973.619311633696,1002.9181935674658
89.66182313097497,93.20140313580892,45.52678437898781,87.89969918401657,1973.4914039471073,2026.2655279346748,1992.179796581279,2018.046165302764
87.8211342310413,89.8730914920988,42.34340085583661,37.57911069566457,1013.0664455660607,2020.0469501291693,2017.5829987654322,962.9182448791513
85.99936710824579,91.5620651919451,96.22687442599316,94.40724869595348,1951.0343568640642,981.077664696595,1986.7526514747306,2016.4410514828207
91.74508284150197,94.81758945138355,43.96779892265542,83.8521763101299,1979.2448372483775,999.9619749330934,1992.7426015758597,2008.5453420689914
89.56329515564292,39.20270961574802,74.88176957796597,93.0481526496493,1033.66522043016,2027.6901936761087,1044.8864009898616,1987.6282811859323
39.22523733062274,41.25055105110889,40.1012903894987,90.92277693166074,2026.5620549168034,2029.9976879094775,1048.7656635450628,1001.0267478242414
39.1485285411493,90.42221234878626,87.22234206658553,85.39372781981578,1034.4747684845083,2029.5614123835703,2002.1803589853773,983.2327117130122
40.546690288221754,42.97990584580178,85.92538119859842,85.67053908269258,974.9156500566744,1984.6697534213022,2050.3540192088954,2023.2314886374647
89.80334682379271,45.66826567442182,93.40449427809706,91.65270114316233,957.9904682844565,987.2033565777922,1988.6999888877244,965.9722305831883
92.41931998986989,43.49884944332463,92.47656124369443,44.86566702461013,992.6618845535052,1951.3117171806268,990.6084096412173,951.6940357796666
37.587073540188,91.94896343605379,90.88924236702101,42.36725362893402,992.582551289237,966.8448850482018,2010.64810111154,978.9227585931848
37.617772596001984,84.52338521255462,40.12363086969231,37.931268006427096,2003.4220573048867,1957.507860084418,1030.4751620437048,2005.817773125143
38.31004365241181,97.83659450229275,93.5247219257535,91.53954646270375,2018.489324727758,2041.1703307764897,1018.6925013607852,983.4238415796806
89.00584765197635,45.081383697831626,95.80447697765224,86.29420679845877,2025.341897570564,2012.3098172468303,1056.0018758793908,997.3999099187567
42.19839271318089,78.64687000752754,86.9841054470824,90.66866149806414,2035.154774808361,956.1072994282692,2031.0552794077241,1986.6054722381632
87.54756206280217,44.59979925170403,90.87316348331943,88.43529565883678,2018.346819946306,1955.984353720783,1924.957757821728,1993.8948970008748
39.614168877877425,95.12049513156612,43.61769981623213,93.8650453682215,2014.7469050634456,1038.8084934327626,1994.2838941532314,2024.3904845601949
92.64610447671575,87.69443070662399,91.59540096334011,86.91798077843502,2052.378100219021,2017.8342613309705,1015.0116934537309,1959.6869381222693
99.05830974104609,39.03313014590246,84.00071933660995,90.02068950600548,1994.7188591232634,1033.671906447555,2006.3522288780603,1967.715633193758
38.77329053596319,86.36159742318809,94.54657266490898,93.48430576801064,2053.1018522514046,1990.1435427494682,1978.0029729667747,1969.805159871612
96.57619920680423,88.27523690575154,43.06849866847759,88.69439257053762,2012.201641578316,1988.1398013690696,1985.6813599964507,2007.7792248267815
89.50371884961709,38.889173249862324,80.02297228989306,87.1272768056395,2009.246377329274,1015.9621603536546,2014.9293676121808,2013.7327568270562
91.37827114830473,41.38189329736743,81.77450823918255,90.79827308226449,2048.3933980157267,1008.0722610296771,1978.9787285745251,994.7386691507315
36.626929618410145,92.80550606936758,40.61499164063963,86.03204364002255,1962.679152105082,969.9879946857004,1947.0736149797492,2077.1239872672572
92.5733870950251,37.601619360281106,97.15707753257692,39.38164086318672,991.4684766396585,1966.8728180223623,992.068044862426,1999.7124147615418
87.94428336101141,37.624062762202286,90.71781018995212,37.557468018350505,2020.3372754072059,1965.0936616513864,1947.0499265993978,1970.551851255389
36.62061202310586,94.55198333847285,45.537734717224055,88.45341106200098,2017.24695189807,962.2945285876818,988.0150877417484,1010.4114991993044
92.2371377449319,80.75757941564575,89.62828170396332,92.5953094251764,2029.9313930968897,2022.270612517259,2004.0489359724622,994.8654080455506
40.42967221937356,87.64809846463137,42.893971877855336,99.21241989933738,1965.0377166712024,1976.7118511494666,2009.8226536359082,982.834015726286
77.51340911749172,41.389435871798725,48.69258856701701,87.98300472795664,2006.1819862083325,2022.2873516250604,998.4175058581732,2000.9157318799355
92.96667341356581,91.52731015727227,47.712734761557414,97.712884285808,1965.2026086033925,1961.1654520414857,1966.8194427590888,1983.5293723077318
99.13452007957602,39.33692570191126,89.14372095918043,93.68891555581709,2027.5558523148195,1972.9305380772691,1020.6290934830192,2038.6272353249265
89.46127035046055,86.30754097123125,36.667450126255524,43.957062298358494,1980.7266874886798,1962.3078511978747,1006.8348790419745,2017.5966058692886
86.21532238707114,41.28797385295133,87.62411233771812,86.99818939056851,2010.4246008781738,1960.9398100619703,1970.3315185615036,998.09054753086
84.29776982135338,91.92165452065524,92.19850331348613,39.27255957138699,1973.7153380531504,981.8419252377766,2053.944544984007,2030.1208495638073
96.38511751579031,89.36471283138609,91.01304357917351,93.88152778476491,1952.6725173787318,2006.8214475360862,2007.428552375683,1030.1497843978061
91.09553988854377,93.25116466180737,89.99529674224057,41.49226973530912,2029.4430066587984,2021.4540850249277,2018.1751203669016,1004.3542384882674
92.45060008163206,82.97173434081472,45.401542342244234,88.14027193513049,2040.0714103204143,991.623473290017,1958.4090032861216,2032.5586946577469
37.97978197537233,45.31485682762342,93.6995156481318,84.88996072857486,2002.195900907456,1982.7498616241369,1946.866948035742,2016.0677162022666
89.22948295616817,93.43344282193242,89.7654250876755,90.29145646185926,2003.9034775895277,2001.813226280463,988.8327322437567,2017.9905533565286
86.504408154311,94.95633432601782,39.65353964772213,38.500229098638144,2032.3611871111764,1930.035317945867,2011.0997803224693,2016.0535835790438
87.33261237074375,38.11528915399445,89.41830334887364,86.77181137067772,2006.1830081556802,1985.174129511349,940.248959109659,993.93452756186
91.36803688161763,87.13057054562168,89.58781548018592,93.03700467949041,1954.4505946652137,1968.366960382471,985.2214729554938,2001.7742828394464
87.61666810952511,92.38561950170727,83.16095515856458,94.29755128362888,1986.444495519616,2019.9173807472594,1963.876674878332,2004.063422934254
82.3309212465782,90.75420817579882,38.40817359692191,91.87220941374441,1984.5702500161524,988.6882006730652,1992.5545837907532,964.2356301325722
37.25499882404741,77.45135599680583,88.1618328119681,94.18363651492773,986.2484644465846,981.791188692868,2020.3301641155426,964.9617434030138
94.9918622248735,48.89284899056243,95.74960049539582,39.60410216185487,1041.2128402138387,977.4348342263166,973.6802859086846,1977.3871018716993
40.42466191415323,54.73601520331724,41.1049750630705,76.35501080890947,1952.7398492619718,2015.09093205057,983.0640470498665,2019.0172071595243
81.69139910290528,94.91895161045737,95.45813499568241,84.7098189800813,2030.1764843791716,2017.5185683183915,1983.276918676851,1985.1173793053074
36.853317988948575,41.367286162048124,95.7983080031577,91.17877779288959,965.2631092542817,1006.2151442733614,944.3034398293141,1050.5367573819863
83.60104389020492,43.26697274617598,94.13931551604658,89.95025076072993,2019.7454636536477,1017.8668365701078,1988.2160718183695,1961.278941183334
86.22361234729493,78.0933617534213,88.54886716477398,86.47652306575881,1997.2117288718725,1022.2541632343612,2019.5091288022231,2023.6070805553152
41.95612503069799,88.86092446453478,89.20860755154418,93.958760810276,1030.4626265590698,1990.584097229987,1995.7925292664002,1016.3758788678399
43.75776017057231,37.60453449888239,83.80835214740061,35.92513775151672,2005.6995429628744,2039.9970352800858,2005.0671148749593,1959.9864094676632
43.07782049720643,92.17222627146828,45.63314001843135,37.04416418908926,996.5174441680526,2031.6019963955957,2016.2272494993517,1998.3878735796015
87.62037301266231,92.15250475846706,41.382292596666616,38.6135205121338,1958.597822720412,982.3152085199973,953.4973107813812,1942.3903530810912
38.92338645135651,42.698942850179776,89.56431053295928,40.37211996094076,2002.9693656020652,974.8475471035251,1023.3145821920214,2023.9047316422384
91.82745129680771,85.87800494826472,87.38265693392216,41.50464412642994,989.1471255639134,1985.5809430769,1993.9928315951697,2040.2013018595555
37.135660804870895,40.28996367955011,95.72089349410741,96.96091634935425,1987.3636406786097,2011.516195819989,2007.750311905199,992.2829436147055
85.91660996311673,86.75440681447351,90.25343807196786,96.85750961806761,1983.595882709332,1990.5335378327181,1990.223557184961,1962.4220550479429
93.68524460965392,93.15377992133783,90.83479415745566,41.17419166430096,1962.660002145188,2004.8610832569952,2029.6480846076954,982.1370712303769
83.98470952621533,90.08073473794595,86.33637259413301,101.84347963837355,938.1021556782358,2020.9154640463648,2006.6826512837526,1977.0666213716634
36.227306810661005,82.88477336080115,86.0180492507232,87.73330585406958,2030.7489325669262,1003.8707959631889,982.9737880763391,1934.3917229524693
85.53382810354358,44.82355458974321,91.83416425432685,91.96262958648676,1015.3021471161426,1969.8040902101302,989.4571129199373,1994.5947299405623
40.394314858419506,81.5705017494768,38.747164581105864,83.10674005085424,1998.6686451326818,2021.5116038639721,1948.7040713064503,991.9459408910299
93.64090300453316,34.09066950236458,88.67582131426245,88.2330197801158,1993.6773846257317,992.5226524356477,1999.3797285360451,2026.2170031374
96.3832021414003,88.46810515807303,38.75157789289933,44.10158172454628,991.2096361118495,971.6553327536642,1957.077555175523,1017.8852898533144
102.19900049171468,46.553318093314125,41.63520256107115,93.81898722485107,2026.5741962287573,1964.5859718746053,2013.8034735744516,1939.6408095825973
35.732133261046386,97.28712445676422,84.08726900402317,42.348615349287535,975.9598782715525,1006.1828093767654,1969.4563138284877,2002.418058278247
38.90222345178301,94.91006697749876,39.57345087940039,43.64697335388557,2027.5655404714946,1972.9578109444456,1979.0215616010476,1016.9928834922439
41.50256382708474,96.25227017369444,93.41204590857471,86.9406563666176,981.4113955267678,992.4314231004507,1999.0908624605358,1001.3479338457462
89.32796486372509,42.00053697773728,88.55868108985838,93.7767875592423,985.8423550705733,1006.6981490098385,2024.9378903602124,966.7264266397731
87.95110799245795,92.03736574575392,87.88767523876449,84.24368033757155,2008.6667644703518,2010.156615915887,2020.0586664734146,2007.912232559152
91.78478702870389,83.35043967852518,94.67137104197306,40.90743877659593,1020.0105854249862,1969.0590612599112,964.9459509825555,959.8819369085604
91.19023569082403,41.872459148644936,94.99278076565888,45.19158275511731,1014.7578137388155,986.022096434348,2000.9324375810977,1998.4519330549213
38.42933253193181,92.76956099119671,43.742310743558264,93.05957568274854,1976.0055336112327,1011.0568263049088,2038.4612804013157,2035.1269154246659
88.64063821312055,96.31699187176937,42.82697716815859,37.41072647139342,2042.8484466629902,2000.380933723213,2005.5344344654854,1002.6316963307379
39.041981941443154,85.44417009939619,40.4939594457377,85.79354797501581,1005.644268005507,2031.941130548283,1955.8373993669547,2015.816230990168
40.70211559141018,84.39531689040541,89.77307101512135,91.27678994857939,2062.660333376311,1988.5580854629236,2008.6733771132451,1990.3060175115297
83.81434738794634,91.76236596573746,86.50900072177828,39.899820040424245,984.8073429208216,2014.1002266411308,1982.3486616075927,1016.9855566862323
93.19749692552017,86.36259203111376,86.57363336437898,42.152818207793075,1960.5934031075283,2086.75898387975,977.4779136836244,1036.084560704705
83.65610299781717,40.25201781042822,39.64806247880088,80.87286119970013,1009.9250509763607,2041.8377788597115,957.9340813494798,1992.0048702995791
82.51767973844967,76.89141093286136,95.04124926073696,87.90031482912278,1957.5717791919747,1972.6583955395542,980.8792896119214,956.76410759519
94.28168112946506,84.51499556129912,92.69198505801873,92.95119690052319,992.8688707352637,1950.4750270584407,1006.289670850915,1950.4535424890337
90.74897604226719,90.10527152312952,93.24557458213015,36.99782581473511,1955.5795591487483,937.391390292786,2003.589109553479,975.1444755333612
89.73109728890093,93.6600960806036,88.68766635639356,42.24077943838779,988.726324487787,949.6539443678846,1988.70744253665,1012.1655672761103
94.36373182652551,41.57182300021344,86.72217561561537,94.14130817223564,1977.7032609010769,985.570935968424,2019.6400062220578,1020.7972450997031
87.51187932089402,90.2518508462902,86.69449506175684,40.64304763048251,1968.3313668970031,1987.8325999824933,1988.4601553345547,1004.4029243790552
92.31451442220178,93.72245800660647,45.813803443489576,93.79553543216544,1002.6658054319813,2040.0159563922684,1012.8564125642519,2002.4578252319295
84.81815660840348,42.580137649047636,86.75882507104853,84.61425912319064,2018.823238330011,1960.1987523272792,2037.5025063505045,998.5368909812702
41.55451489047097,40.929310209229726,95.77883208508072,48.381457136146956,2001.575826578713,2006.6499826128038,2006.0673975070702,2032.3251977837065
85.53312721078005,94.63917859842437,44.15556364594824,43.961765413281015,1966.1412031008006,2000.711201311202,2004.317007373436,993.8688292192054
40.51713361401727,92.6974971884965,41.357726863434024,37.11457391782233,1967.951486876513,2043.5668898830631,2003.8877772212331,980.0719734211325
91.02895890551112,93.31520661233667,42.88802007620202,91.37989278131268,1990.335653307364,1961.9803810082856,2007.1146910340194,966.0348891800995
94.60948982452928,40.94294737457244,43.79306908068595,89.38681104416564,977.6867377820524,2018.4583854015395,2022.441126784965,1002.1559504561692
81.63248726336668,88.78679402155599,91.36608055762267,87.2541667183998,967.2692410980985,1987.5435652993683,1015.311463646505,1998.7896460038764
85.20312893081731,41.691398583314395,81.54867343120439,85.66599900696919,1994.490639809877,1998.3602186633188,1040.0114950865773,2005.44931859343
91.62873506091286,93.67848713095076,87.45430509238399,34.81929490395996,972.6684953220604,1985.9739881534297,2050.6970511887366,2009.812873036203
92.06129556391028,91.56385246006171,95.99626997612242,86.00609751940132,965.2198681962022,993.2115333370767,986.623310415869,1004.9305600799744
44.62310838491695,88.18690320767293,94.02470248896422,93.31624095065332,1005.2523894857225,1999.3477665182033,1968.7147735283859,1993.3536953155422
93.75749870663185,44.266097927590735,90.47792067586656,41.39366350605785,1035.3541918829617,1954.4631865069884,2005.0999566855348,999.2545213521785
91.67245533256164,93.348609001823,83.55681260625964,39.299118146288066,2025.183535494887,1970.4208153754596,1012.7520002328447,980.2766163156748
39.264095649538966,87.73631835561478,43.90483432200738,38.791647714538136,1016.0246437734188,963.2737976287331,2009.1782356170834,982.842620009629
88.0869121646809,87.77572899906873,46.903442759425346,40.382688598078865,1960.63976914315,2001.9871961607328,2097.14874228704,966.4565683832045
43.26892158919895,40.07797675630465,89.72379747093774,89.6996592522426,2005.0492734735665,1986.1664490982982,1985.9266528818896,948.2155244022547
88.54885534699265,83.70269968323703,90.35338570327539,83.40763498421846,1958.2783793668923,971.0934882118146,1010.6175287913383,1980.5571059194328
84.59638048007217,85.16171994974599,84.07952800648499,93.98485883468273,1990.716056807542,993.2047947126025,988.4090191917519,1976.8859664227
84.69374757776838,94.39409945224412,79.5619779400586,94.37467018817117,1979.6958956574924,1952.8705248491892,2009.1776279917613,1983.0663635495882
99.80495835328966,91.80351494159257,96.23587773316459,87.36653382946412,2002.6791296465005,2017.6465542747974,2033.4434568601964,1970.8538896634423
38.445081395964216,91.89414544807407,40.51204696641716,41.890291059624914,972.1685680563702,2048.088790110991,2007.3062365586811,2034.1618425880824
84.23499397109705,42.97975624320226,39.83682215419127,87.52698103759754,1979.8289641599833,1002.4175129602286,992.772027532764,2033.1458621082847
41.68083212228194,39.969908277839025,95.76720288995553,80.50432709612525,2012.8149314018874,1967.1319430332817,1014.6270425813714,2033.025964955284
43.224933180667165,85.90409855498089,86.29737142441458,88.87123296059397,1998.29160798115,1985.9201717331794,1025.2106952036868,2025.2331169419347
40.20490683209957,100.3929773504919,84.86364485245909,43.98429029180789,1970.7585855538607,1987.4004340297308,1927.0912515575767,2009.4210349688153
85.59250017003407,36.74876840572345,44.62360432713008,91.66584658656608,979.6999466952202,1994.4745486895713,2011.1333848000227,922.2258898494805
82.71410486083498,38.00227194871134,87.4279849926119,40.42780417838624,2002.8094427127296,1983.3756115610256,1011.9258676593003,2021.1916786257725
94.00335951398218,85.6454289454473,45.39739857112875,91.64857568686277,2023.0550074548098,2018.3973898037743,1955.8490883624572,1984.0420562159327
90.39590006514058,34.28117613970937,46.168311554486145,36.38124294164269,1005.7555766006523,2053.6735896297646,1984.4578502660875,1993.9421534554526
40.610842932455824,42.313795147836565,98.31154082285224,40.74142342099971,2012.9004448416565,1987.7855307499874,1000.7288944087775,1999.40618483686
101.2939292925279,89.34474465830014,87.29406188414738,78.35172920703235,2027.428834598538,991.4877117101021,1995.4187036864873,969.3941376706504
88.23295273337163,81.4479475873513,91.35397284293683,92.91335458967048,2019.8918242328875,1003.7102830907972,1992.432836541416,1985.7136139358445
94.42537669982748,89.62591978073965,90.0551000971355,96.56206987509252,2016.8108068174763,1022.4186908547358,1049.7306201685424,1039.8919540626962
79.55350870364639,90.3119592933888,94.42377330410947,84.1530597443257,992.9691526841106,988.6655350526817,1021.9082622119645,1980.701331610953
35.3138015786386,91.67747486414339,87.53275974375597,90.1305977538589,1989.5628886817628,1989.3433306072648,985.1441562411042,2023.9191048272726
88.31641801750415,43.82446843607562,41.5002731308046,89.05325264618882,1956.0073530089107,1992.6643403408118,1983.7099280529246,1990.8287359859332
38.73338129717949,40.802668416115694,89.66935645411588,35.43904332254711,1008.7950657113056,981.8658513363315,2023.536002723725,1979.3695448262379
90.29645172368123,84.3523705408921,39.08563817270707,83.23627342355758,980.0263873976421,2031.8565605747779,2019.8692617230045,1964.5991042399733
98.25768497113755,89.13636268492371,88.9041868413603,81.04024403381749,1988.9461939231442,962.9936621966333,958.6434425171898,1008.4857469675471
93.06199312060839,96.15842347084464,40.60071846794578,92.57403873891802,2004.238174357748,1957.4179742583112,2017.8101078350894,2022.1886741688786
84.19403145587228,85.36004476506403,96.68823176077721,44.56463165844582,1969.6724166955967,2029.9252041000298,1005.1708907978777,1010.8995915434282
86.71658807608803,84.90634363216651,92.14424973399343,89.04365874869129,1007.9130517309846,2043.0665201856377,1978.8351043909897,2054.869350182064
93.75109239701295,83.52428837775177,96.68538121024177,90.3218928767673,2000.3524310278885,998.0388140363664,1000.0867280324226,1002.4110834106586
84.47430486861789,41.73965816288556,89.78526134292854,90.87954028639788,2049.878675462961,1980.1228291336083,2019.8760321187112,2004.817464574836
98.32461730594002,40.378240717795265,39.475479023405214,40.014906836773456,1023.7620484498841,1032.025713980599,1977.6210396851902,1974.1758631519672
39.8706534494448,83.81763108353836,97.01757729378383,94.48664967946544,2021.8881140385542,1997.8637536042286,2034.5328342114592,1949.3567131490745
82.33362741700287,88.50907035485211,93.17994523837461,86.69845794764784,1993.1015464320749,1993.611067009769,2015.6387987663863,1015.9079263784902
39.812907070066814,88.4310452631747,44.208611384625755,37.25991203298925,2024.5714755504346,994.4672163106102,1978.1960024674158,2033.3071013988053
90.92455062215328,92.21529297509359,83.58680930749719,97.97895309390907,1000.6205798084068,2026.696107450719,2018.3876802207221,1979.799503208212
90.52423034741297,87.6450373493193,82.45441360865571,91.16890718722506,1013.4244796199526,2034.2374401954746,1997.4698744567613,972.0450472802049
83.28205001929948,37.390579929020596,44.24520543214703,97.2464229506486,2000.2272416498854,1991.7566327697843,1950.6452399278166,2053.7528856696927
91.31801700234107,39.37344592500445,79.87445972299561,91.88586822797588,976.017777766774,1988.0920426599682,2021.7146044716085,1956.8962090607033
83.32052727913,91.8885611951394,95.83381476101009,87.66581797286726,980.5243001877568,980.4259930532356,1040.8394654723625,976.5562696246004
90.01949456394706,95.61046040213671,42.77976673981861,85.80872401268729,1966.60104744258,1957.5027168950419,1951.2961092340333,1994.8963334225268
87.42817686415434,95.5945119266099,86.52813345289081,91.60317894788598,2026.5310781608964,994.3569223238371,1973.976390918578,990.3842631466255
38.60893268520883,45.9489940621992,42.96987359811909,43.00652843432359,1981.6138827685247,974.7896351815929,2007.6074100538178,1013.5035432281696
99.91509760774487,87.93320160300635,44.21677559046286,42.93663715110203,1981.0246293156765,962.9164952298788,2009.5530814094861,1043.3407515740646
39.84583932295209,45.671008089382156,90.53607735788066,91.6290916732179,2038.0864679250917,2027.1706910534217,1989.458408246521,2012.2345267579517
95.69843874703291,83.68238238437907,93.09207218068359,86.71105747030849,995.019821972455,983.3041385812019,1988.593767511056,1963.7391192305342
89.46312456875728,42.164836668756976,84.95655569311145,85.57913419296564,2002.5772058930374,970.8186420405567,2037.5267067443979,953.4062832740099
90.30708951748717,43.3338499790337,89.79806756940205,39.41278686218861,1003.6575690575277,1016.1093256357648,2005.050702306087,1970.4189710140693
86.63267941593378,89.16257412372393,89.94365303941098,86.57729737877317,1990.5480919146928,1982.6161702036388,2017.3460865857242,1931.5784671771094
79.64329948964672,93.13693756288886,92.51504860262051,82.15612707880715,990.432391964808,1001.4393466146952,2020.8125768696755,1998.756585629497
93.09528723980328,91.69366729593759,83.12109966593869,90.688045340089,974.5777630998526,1974.429872281132,1974.2116842843873,2022.6529848698788
40.901461787031494,37.088950818489465,87.40377737371107,89.46103824267735,973.3158875820507,2055.2825080425605,1998.2096316347272,1027.2660361809633
46.1665816981361,47.05144686422936,45.17739620592086,87.83026959535432,2034.4083322241343,2005.185697108007,967.3361862300501,2029.5558435533128
88.94935174609085,86.2286471186219,97.61172069814488,85.30793398544286,1999.5649482157703,995.129812592279,1990.2813214683515,1007.1917704983966
37.490295286196485,98.39244613617679,88.78963092310747,37.52340874396195,986.5986333614417,1940.8952685147997,1032.5838414291259,1002.3901427761004
92.77563222540724,41.51770229281398,39.92777430778605,91.57718967120496,2020.424518327119,2018.8234179753454,2004.216462717717,986.4032624474086
90.60114059626945,87.62761274246357,85.40405977115829,86.05359348987953,968.9420935314863,1980.6650555388148,1974.0510848484123,2021.4592673491775
92.00174398345642,91.89219070438742,37.109851805702085,85.93245748893057,2033.3120176951059,1978.4655045262625,1944.1700790390312,995.6336014920155
93.12150840266199,80.38576758302018,86.23749104884624,39.25233885964266,1985.54641740351,1008.3150154230091,1974.2185431544115,2017.4381412578712
81.4665952501003,42.660416335979875,39.19886217384629,87.28563966805405,1008.9441833597675,980.7902785008937,2017.4643963696303,2025.3858436573316
37.11463321262528,40.43746721062141,93.75941311830462,39.2568821776818,1962.0455586787016,2036.5609480631647,1953.7138799161896,2001.7559201329589
85.4300649724371,40.28099030921757,45.55414555598166,40.902533451699554,2029.1690085524733,988.6256364272779,991.8088538875807,1022.9048263868949
35.95561955360938,96.31937418959664,48.8481212400916,36.53660811242992,1981.7844431122858,2004.1820348823278,1993.187661524094,2023.9063721120856
36.420794329142794,39.998142129014795,99.9755205322427,35.596573677308044,1071.1010944368836,2012.0407115376245,2007.111024009518,943.6955453705423
90.8416792462742,93.69088291498626,90.76955753778262,93.64342934250107,1921.9604370780526,2001.8670664261222,2008.6012463443867,958.8281635842402
95.11938198316524,89.61861446398542,83.25574274855435,89.71523641398579,1967.8537375840888,1005.1439526151617,2033.4966239847545,2000.9379690988212
84.94959303114669,92.14138962578355,41.381662029536514,98.1739802938189,1983.200048864173,1991.5096994947746,2021.2143262030497,1003.6866897084137
84.57986080638281,91.79988699628838,98.12586329528884,92.38475184828516,1004.3437887239679,969.7842839887289,1996.9167990499338,2021.4117275583524
82.64837585346801,40.790677071559955,84.10773335546543,92.66484564560048,1994.8061776343268,992.6671283578621,2030.9601019635766,1017.3926208610492
90.86216216714003,40.892680215239025,40.22513124225298,84.82672860181458,932.6393937820874,1060.842377597673,2008.3477346044078,992.5343628970722
80.90198941524034,94.11413917945227,38.190280528164045,87.71631974237864,962.9177315402151,2018.3327774497086,2049.7140107144287,971.8709622690503
89.19949656427836,88.34740508608684,88.82178037354845,92.2979743223336,1001.9176961077742,2031.7875824937546,1013.9296415934863,2039.4276020358689
39.02459801035922,94.71988308272525,95.66271941396771,43.86140718133441,1964.8309156470152,2015.443929230861,1997.5227316876246,2001.7264114073046
85.2555545325561,100.6925713629684,89.05264823607936,44.36104339857505,2060.076815868161,2013.6020910180569,1019.4922409068104,2038.706568253939
87.60077169298016,98.07950097275597,88.61714769496159,89.05163469641475,2024.7768977720543,2020.329339652913,1974.4111667127356,965.8496716794743
90.71074700366809,94.89727523675136,84.68674504563882,88.83908239545225,1997.4883529008466,2043.760252220686,955.1899525561039,1987.744217836691
46.26034324406819,93.35299477978133,91.12803516013821,39.99049691289787,998.3230500489836,1978.9476661087122,2028.257390602405,1002.3097301405857
39.625596988017385,90.83358478411112,89.8576246058413,91.52495548043383,1010.8404656158862,998.155806924249,1961.5243388527192,2050.3798029798154
37.80205943563572,97.58876606902798,37.6164480282644,40.17041843090009,1013.2809651065679,2085.8826480470666,1964.1888899776668,2003.955556309215
92.801154137079,100.02084061151588,37.651895854351906,84.12217783519684,2028.1094655899194,964.428487970895,1951.2947001839873,2027.7094666058163
90.50299823308367,41.10680734944646,91.79888284496319,95.60512262795069,1022.4131874086623,1994.9385401148297,977.2641058855108,1987.4289834759127
38.036261954832455,87.99509921977209,95.88257058540366,98.06362926651401,2004.261180183825,1950.650774546442,2009.5680503863775,1018.666003370327
85.19095772478182,85.64655783425313,41.26963643877515,43.191516696694464,996.9462417606545,2024.9679724088778,983.924566475765,2007.2207180466705
92.63513524331835,86.7422508257802,99.11208854501116,92.53970491117543,2049.307100479897,1006.5386474192229,2047.186608459935,1001.9080515213752
38.309755281034455,44.73990005855135,87.55429745824874,41.74195292674894,1996.1727307919452,1959.3218464004,1974.657648357144,1948.9378593424829
94.07780909658051,98.08671564155856,93.25136359668447,43.777284699874556,971.8372031808663,962.2638361609681,1960.9623905623737,1010.7772764561603
86.82262836722298,91.5623469761462,92.43840678632166,48.412669650833536,986.8506457401054,983.3250687987686,1991.5726051238523,1940.9530293187483
39.22533133659384,84.30933148684976,40.25225663423194,94.65914619309834,998.8642405363237,1039.8642349956197,1980.1935066117562,2006.5911915950965
87.39972877621861,42.02660389114031,90.74441921523155,90.1057668041001,2030.0210553607867,1994.8070239633053,989.553537387498,2017.6697941505495
83.33936690505776,92.73174226862157,100.04049108099717,88.81948111363157,988.2105341159743,2013.5888003085206,979.1725724913335,2080.0167775343775
94.30157513349543,41.85980684183285,92.79114680001322,95.80904539041346,1996.0868947983627,1996.138022859889,1991.31263895877,1970.7450020922095
38.03357258270087,86.02847844967755,92.01993540185485,93.4320169336253,1006.5612237356896,1999.9355224329374,1973.087619444249,2010.6647547137293
88.41345202335489,92.52697501523444,44.869805256592656,96.83246857058252,994.0324429457738,2074.055626890703,2028.4173034153075,1958.1550116620103
90.52098294849897,90.9021145282349,96.87189061391243,96.79339132672068,986.9178182868397,2013.9960971332375,1965.2343776439886,1003.1965591909752
41.66837972275496,43.56718970808622,85.71368665488964,92.80644034391064,2032.7579885555258,983.8094055452088,2014.088206222002,1980.742833649877
90.7446231722406,83.70243749245112,92.20171853441072,38.75150779600973,1943.3506018301978,2037.2711359518094,2005.9031064562632,1990.5164042332333
89.28186639604075,85.2927259950872,88.22389444066829,84.4063575265476,996.9043923811726,1952.6297645743582,2023.7857683287946,1990.4751016290475
37.9029246558231,39.45874559448785,93.14481560807953,88.19781130882158,995.630276497844,1991.8160032490696,2000.7405467490614,1972.8308574556836
94.53363950714032,39.60793073999392,47.279823027526504,99.68622517153266,1981.428211615746,2056.7848190761224,2044.6841121750924,948.6216389834369
88.61320943003307,96.16221866787922,97.50642923617512,85.0721484516301,1009.3004914652247,2028.2731555020955,1028.5549074170847,954.0491186379274
39.242760021347024,91.93731859476951,90.25096130472744,89.53178662559021,1970.866655208008,1994.6975373402508,1968.910713740953,988.3874176030224
37.51775860205515,96.14365822116913,94.7691678305896,88.40937411226106,2044.948196313417,2008.2221968176787,2001.6772997030625,1998.3936632605514
83.0875777916311,41.576007944519176,90.46069356359949,93.44703559586348,967.0954128234474,2013.0331788818212,2043.6223507992495,982.1274843757121
41.594768781957555,42.00906484634828,43.84121658375958,91.7156830961561,969.431307104928,1951.9594387339375,1970.9654113424288,2019.3378215709336
99.44394260378597,41.59275812583983,42.46117265047151,39.0314100500548,964.3497022976985,1974.4334938597444,1972.5867243127502,2010.2280598378677
39.08417652090722,93.24182580216772,82.35087109119769,94.52151378121336,1973.6609403331165,989.8820860237084,969.635814067725,1972.381651791814
98.37950692970836,88.1893720675325,87.41441795649729,87.00352683420294,1008.9224378319578,973.3406264386824,1974.914423220095,1979.8011484390283
88.95394050871889,84.59348143723652,41.44824251600777,90.989564900317,983.1013347404839,999.5594146980554,1966.3717480398625,2045.546262805499
41.38336736595285,43.49068175440053,87.82641511148967,89.8341630097401,987.5111858219858,1973.2907877610985,987.768642233553,2031.2940952879474
94.55469858956599,87.76262762521674,92.54642935302691,42.717553162118236,996.6505559936152,1976.1323240287618,999.1477599319749,2064.1287252411757
84.81864290433082,85.2481798017194,100.01737056094879,93.52473552123365,992.5924524311963,956.8845459642948,1996.062156618024,2008.5115842037308
39.045084026047164,49.44333698680686,41.034905011948055,40.598963096388246,1984.5137043369803,1980.7756937774209,1019.1645595416081,2041.0203821165464
37.43278123026387,47.443714826159336,100.11341620806684,43.06787913504375,1992.6056980011283,2015.1507755269713,1037.755425600832,1957.2348581206127
87.19385930367288,41.89611770464148,88.83863320507733,88.86313503631445,2053.013140488237,2014.296076800745,974.6088238687207,1002.6992608085319
40.378312400716865,36.20303852937025,81.62076420914754,87.0898593965048,1005.6870156660448,1979.7347569896542,1992.5878581478414,1000.4345236014964
88.36089611734077,94.5727471989911,42.09357553946251,41.16553225180578,2048.0093637223754,1999.3611506137026,2055.081620121173,1967.6749856976317
94.33047926364418,92.49167614682958,88.683859297042,84.82411479794705,1982.0001360222525,1017.4562417891227,1981.4677995504157,2008.8214415474845
85.63003623163965,88.82899196167651,79.61115299266415,94.40900880819265,2004.2186833042372,1011.7202633762633,2003.2688144362467,992.7706917446181
91.61689716756791,101.75035240315077,89.98453612647558,86.59556913280753,2017.0694654710826,1005.0782101279142,1001.3339300477077,2048.20964260008
90.94844454502929,79.27343936073844,94.15947284662903,79.51942260567232,2007.1066872881518,2002.5035681589375,1968.0263608704342,2022.4719634407384
93.55395873411136,42.128991801305254,92.78078162354225,91.56060584871896,1981.4792110608137,980.5761277901097,1954.7625158593453,2034.3362398359086
46.89776911740904,88.53024233470995,44.87418183424931,90.4766553951856,1998.6137228412233,1002.0775540878124,2013.0257807116584,2016.4307492851601
93.3248153437826,94.21876624729335,86.91872686756322,90.58365927464384,2039.159162883846,977.8320821946417,1942.1642073954818,1023.723327528742
89.23027768156606,91.76201858655531,89.85983503874535,86.38377769843669,995.5646026217435,2016.7141069665802,1978.2814408238914,1990.2473218341975
81.38660352579384,83.73992655711962,40.33336451566802,95.04179885134397,2007.0085757065567,2013.549527040575,1983.1519550024393,1964.0750299694873
95.51997236511308,44.89431868053789,80.71737547444495,88.21860879447951,970.5015858613583,1978.4674303523714,985.0296922685322,962.7967589298233
85.5552615893122,89.6846781847762,92.89902772491557,34.58162311896385,1001.2615396747376,1004.9474393167566,2013.147024429844,1921.0459642786254
81.92183943028266,87.81804534977557,91.68861196962553,94.73180017407688,2016.9410314117504,1005.2761639908379,1963.3960206876482,1997.0572011738034
97.53554833138179,88.65376404842087,39.983032162242196,37.15852170493694,2026.6490239924267,1975.3717091329313,1016.0903372795412,2008.1779642366334
95.68128732349973,91.97610898385079,39.30168308199232,87.38929870062846,2024.8096928511084,2011.6116281610377,2029.2791808137367,1999.6351789332973
40.70320635446349,37.983411515509104,43.57700342524336,38.60191040924674,2008.8271196467322,1994.9861513208568,1989.4496341072252,2077.8622482565643
82.15429566501638,79.15830565891908,84.5254616126737,96.24466554402036,2032.2284362651149,977.254172845074,973.3017110586482,1003.4181827843701
92.82117743876637,89.48263085616189,95.97877646523602,48.879214229365346,2079.2031948634185,2002.4394837626066,2028.8855399031243,2007.9398317267342
89.4124252290343,89.61789941232938,89.58943651665903,96.60711113615488,984.622836223695,1946.9344551975116,2005.3143287077003,1990.083171169984
39.09500638006298,89.00091669582302,96.63152306216678,94.62561224519625,980.9421741217398,1004.1395580215751,1946.9797631202755,2004.9639983788636
90.99271251351335,88.34444839037336,86.16876670199868,35.49625451019369,1002.9614671356112,1024.3213634439269,2007.368281770435,1994.5416160665995
90.51649724505641,89.06897876270226,88.89489589908453,95.0261456457809,2008.2046631404262,2056.9302323654742,2031.7665828454678,2022.3841364115513
40.99389095903892,80.2737788058586,97.43549211166724,93.45504522750467,973.5779276418103,997.1772819266007,2008.0528414408523,1006.9496153152
44.35854689286018,40.579884626415854,41.5527846278048,89.70187321078242,988.6577527254299,2009.7545106649807,2005.8373627919755,1021.3983135907223
86.707943158332,42.80669948267435,92.58116898725478,40.80542295316329,1976.1511571518156,1991.7402035914301,1971.5355743640753,2027.3795208809959
39.15626721399373,81.15851672923681,100.78787077279947,92.06792250452715,2002.7697466904424,982.6801252525107,976.2345094656605,2005.0879653090092
39.27463711311449,89.38618955879951,93.09472318986114,98.54472068591286,1003.8556291367672,2021.051306073769,2060.4644371318423,1994.6084883230085
39.4195064569647,103.5457881747518,90.15753023603774,39.82932534704983,2000.3137245515113,1977.9821430669617,1980.4792237851193,2013.2499087944807
93.58442146383858,86.30929087065824,104.18345420681291,38.14335567474077,2002.376568364321,1003.7502464623635,2033.018730072846,1920.5477414099194
90.58345822477087,39.37568614757881,86.24593963892289,40.94596694862118,1954.2065065772667,1993.2107290265483,2029.747176912031,1941.4731766964019
96.65489242741862,100.17958296179351,40.447656195927,93.88464673034636,1001.43604571142,1985.6795069477264,1973.3318814062573,964.1680225417729
85.69963194758216,93.96577742460705,40.28130857611412,90.185547282142,1064.8322163694725,1026.1674222722809,2041.160016816065,2007.168392748602
101.34251394523935,92.36669341994602,85.06023575305224,100.66049686248671,2013.2002838111455,2020.5333464221753,2001.8646283537776,2064.19786545699
87.25052209032185,95.47590152185606,87.7529762357469,84.02722745370832,970.1404705434613,1977.3900068870234,1981.6730875529413,1937.9716930304344
88.37597572078164,90.91180365198406,87.26309851913253,87.46240115439302,1003.2192379923056,1976.66212318379,972.8037470745211,2032.207282170477
85.44847739173181,40.94187160721805,38.81344368166454,93.16276666531486,1046.7916793588793,1981.9407258028207,1966.1690148554715,1962.9054336126833
39.831518757796175,97.05326470083972,42.82692000377193,82.1224025951212,1988.786094181651,2021.052264572848,2018.0038596450927,1974.1461096257083
79.60612578330472,39.08831025554062,93.31487031089148,42.81683374564332,1961.9038213112035,1984.1707412887843,1975.070092068685,2028.227413877201
93.89179156531556,44.37538871273067,41.62888937074327,43.27653663105468,970.7695551195021,1017.6847720677972,1982.1081893472824,962.2780935255327
32.84525283823771,83.15012380993248,44.10358816486483,90.44483744153737,2043.8562094091656,2041.618077404989,1045.759028576973,1988.5566523768084
35.901898474018864,83.01142012227875,95.57896416266517,88.78602071677217,966.4582149866087,1001.7571035028034,1992.3208109377567,941.8325002229672
92.32190424523952,40.38907026271121,43.66315908818319,38.209497661850676,1972.8985046887703,1962.622475851848,2020.9893559847221,1995.8277714724247
80.08636742831519,86.40751398375538,92.62178946398716,36.1540022875747,2017.6801711438354,1997.1750937995735,1010.3435894109006,2010.6652143597205
82.97088330118336,45.036448666631195,87.04556524776284,95.84250074228692,1999.644636282609,2028.0940864518584,984.7234406050609,1969.057620379673
87.76933605409684,39.37304708909093,85.26187423844961,90.82301708090199,1056.7065005170882,1983.8206163465845,987.3447938540141,1982.463197173869
82.66470579220841,90.09729763398784,93.00400709406007,91.93619027780198,1026.3634759326335,2069.633016090272,1964.1877128469544,984.1700937226136
99.25297247213719,93.14395516830496,88.30137162714307,103.07867433415744,1967.2957650487522,1968.6426370221902,2013.7927919725664,1983.6654250593308
97.09237051718506,97.13391256753049,86.30013412247663,41.28876537819787,1995.7442105882456,1970.5069491443046,2016.3669702830723,1027.1460297978513
85.64953066303633,82.01195165312195,42.00519046561944,32.848891642541574,978.4591312581474,2039.0178673768805,966.8321075646497,2013.4297772493744
43.383769568156545,45.425134056973526,81.64024617377967,33.264977207497395,1968.0576979121165,1014.1568838706293,941.5322991427274,968.3339343096354
39.2555250654341,85.71349752766433,83.64114041068021,87.76774892367618,1992.634985685399,996.7389102744335,953.1114728584739,1929.6310053788775
36.981260494991304,44.167977199884135,91.31890693608479,86.57870849253077,1993.9656475686095,1952.5950201613423,1979.7117719229188,1971.3267474145248
84.86008936151251,43.25076612141448,92.29271045117649,91.69809437149969,1999.766085942975,2000.8166371692687,2059.8632549624253,1976.6628107016766
35.95637499491828,86.50496574990036,42.945958588487166,82.35776201151,1024.5312715372343,1003.9386398675456,1004.3622698062727,2003.9092202929735
84.53527101914928,85.0356208124192,85.65026698367522,94.09964903087302,1995.1058031609946,1007.1204961921514,2003.4616829236677,2019.8692347118888
41.11945278068781,93.62587713290006,86.30212870006014,37.79702049487903,993.0522674160482,2012.822984321275,1996.755304128817,989.590987669129
96.63240923704831,92.99743610781306,86.14743439245677,79.53168758853019,1982.416290119611,1006.7177436562042,1955.0765966654144,2015.477009135791
90.20088986443567,39.35847327253735,85.54970456549245,42.10565286612062,1982.0375328238626,2033.642307311616,1989.924298217186,1996.9430269402267
88.55207016791906,38.41949745836321,84.38649104195024,38.36760040536021,979.7269133539901,1929.8651978804608,1958.2317611208239,2003.5795048692166
95.1605201004714,86.98898787494811,90.01279418711074,86.06944424273338,2031.0417494201254,1949.9650158461493,1968.7212819383835,2054.576029923969
88.84329911782088,43.42585782118596,40.3136021344136,33.42542224311272,1979.1152263646761,1986.6091477588373,1990.5257794069653,946.0866199074189
40.70417527610654,92.64733358387994,95.7909987269421,36.2675395713401,2038.1842193913972,1006.5530517057784,1975.7241523771593,1003.6042183375
89.60763457090646,85.60345841992273,86.88030736300374,39.311886960928845,2018.9722744198045,1022.196807903928,1955.099563928973,991.4231913922677
37.657845344514726,44.04427440481526,37.82229713097526,91.27159542779482,1957.099148180818,1993.7214488497393,1977.4626171244242,991.7461911044622
84.57907887120919,83.91470305885835,82.13634514131819,39.131905596695205,1990.6847228879521,2011.1262707099806,967.6848543364235,990.8761331031619
89.71478967926488,82.70556926260466,37.732379647018575,43.471338420918606,2024.507763397009,1026.5917926087645,1997.1498146793579,2004.97196668914
44.620923656000045,42.14381195336004,40.26300423563586,82.75045102994497,1957.8458576731286,2002.760669904944,2013.4630391696985,2020.5038449831836
93.58484786663348,88.9386302129349,43.10552185220397,38.99805813670615,2019.264992351569,1975.139997511958,1019.8959817241382,1003.6471940010117
94.94783041715253,97.96488901264128,89.71535941866955,38.42735936448911,1963.7128024393949,1973.3906688135505,2049.8670230585344,2058.932120226814
84.96724820207935,93.7133140580654,87.70028380755731,93.42268017620506,2009.4701935751305,2018.716015007889,1021.6913535263882,988.5602717070408
90.33046820720524,75.73065450434937,91.02764414777023,88.3569554673784,2010.4340808951258,987.2924796813547,1027.9305956066682,1991.4454403049856
37.08971387897837,95.64390871655819,92.45947659062465,39.83537118896358,982.7185982881787,1003.7218642631806,2005.6072029929257,1970.2087225518005
38.68562206528864,86.30372487278194,85.22338739590559,38.984008451789315,1975.5111893974254,1991.8251104363837,944.3487331809686,2030.2471872674485
36.25110699111027,91.20470221386591,42.9142889695559,82.44065972694565,2002.4556351971942,2053.902554857396,2005.2968733582006,1007.267239330868
94.88315534141549,39.06679571129989,41.98748524119408,87.51462426007794,2041.8254451613275,987.4584890632977,1998.9108995616682,1988.1393690825075
39.104992720590204,94.14979527148094,93.15672700183048,88.24266740261744,997.8347804251199,1005.668677880486,993.9209238403272,1028.4853896737327
88.59433339998732,90.71966144921228,86.70304720921305,82.42993023574547,1931.9642679206984,2001.3581926716683,1965.7361299375561,2000.7213101137224
35.36090230825496,42.6729846839788,44.43259680885946,82.45960576601517,2038.5691649102175,967.6934750576083,1973.9289120101637,997.3393531244069
89.58089429735664,91.28235171552573,46.51163107385169,43.47576177278428,2029.517118496079,1951.7204628035622,993.29635162889,996.8574878011873
95.5582335827194,95.56118598063303,83.85371747128517,92.89878706167707,1925.7855373524383,1979.5664486037922,1021.7443563976387,974.1802113245321
90.54767210668558,41.57584100061895,96.40553819470666,91.07905730084849,2060.646100210479,2017.6552005112933,1969.1133008288687,976.1449687014608
38.04249096530735,86.91059819991088,82.01153275878721,97.2158507096575,2047.2498459604822,1978.8326986172317,2011.703207658104,1983.6896830837882
39.97004501988816,37.05361384744455,96.86241101877691,83.01067667517181,1958.4975337008639,1970.419918347054,2046.3859932644177,1977.3106875831324
94.44466009096703,81.6075368947075,104.2267459173068,90.69110971171537,1996.9294170347664,2054.998909661905,1954.4498364628796,1999.4220143329485
38.667359491765794,90.94879293259284,94.68202507070059,32.041440074457746,2040.5715747625065,995.6957833587159,1947.2065290459655,1049.9987838814782
37.66296410311067,80.80428556397166,92.10698683840945,36.24571342277102,1994.6182289770472,1964.267869961228,999.7980047164513,1036.3729291647046
87.78393280305542,81.5491527181754,89.93962095239814,40.16058666326499,1042.8172170670694,973.7171022250004,2016.587651188824,1992.3707445077534
38.808800235034454,88.0942761957746,44.36798484869507,87.47990682438453,1994.201018107356,956.5501565251432,1021.8082523366684,1968.5413682656804
39.56059356661399,41.36760390093178,90.41960124803747,37.68732203367014,1013.1514986420252,2031.5294026230392,2008.778953902575,2023.1172891765211
86.11480858963668,48.02402200151054,93.11983633227405,32.82246556367256,2027.8434622952475,1969.5346168795668,1974.8261291125198,1968.6868074269814
86.34684335057366,102.21945106116029,92.27207397548815,82.08781476426981,1990.9856473288755,2036.8446842408143,1981.7915657133592,2013.004661712529
88.09303276383771,91.50419906005206,40.28808991973817,99.91926005801237,1967.0952248372998,2020.234859793413,2014.3422006795931,1890.623595919961
41.72748795224478,89.19419393496327,83.07436805509687,92.14560357326458,1988.288309427257,2020.8573047347227,1027.1562900450272,1992.2385620657724
43.25456523684166,94.3549156796667,40.083330502169275,95.77237357014826,1962.8933577518917,1941.2216808101857,1026.1412543595306,986.7392727189056
95.79654237718911,92.27409301661892,37.94738862080774,89.54014405401362,2027.278314923507,971.2606215740127,2028.136275049159,996.3604747758378
88.02381537616202,39.88584100343109,85.56707126839625,83.37010311563948,1979.080001571696,1000.9024906207285,1022.0732282772647,2057.990454094778
36.398790208250695,94.92972657848887,39.23964243482179,88.14812144170324,2008.6156485615318,1945.6714580269995,1022.0695583006617,2001.968398982574
91.25009205793731,87.19216792140219,43.87552712050577,102.91264926840935,1003.9407634507593,2005.8740635831323,2033.969795725543,1976.9515133299474
92.88753737635373,37.88456227977806,86.33110784160388,82.4776919107172,995.4403953954836,2036.9908217201378,2046.0320900140905,2021.3225398225902
97.73520977132989,34.87324615647465,40.19489800213621,33.29474328698427,1995.7893364157726,2031.971899854267,965.4909164593727,1008.8882586847728
86.38029481610579,33.56531936327818,92.55988516167456,34.157466047096946,2077.06305491912,1027.0211600838006,1013.0680211548516,1014.0940236861884
93.70277355994267,39.03499902272917,41.52215727970051,41.74818550216751,1034.7162223469022,987.2016196095711,1983.5112943817542,1938.3375424061817
89.00795000187196,90.69185427774629,40.80319094340173,88.83062747471884,2030.7373194633983,1976.1463151521766,1989.024234127634,2026.8964491572567
37.32631074605275,41.92325636428599,88.6241621767433,39.031199027240014,2023.1909104607453,2009.5362111450427,2066.2640796125206,2038.9921702103707
39.193902813926954,80.75554961799637,83.49261987586588,94.15535356004189,1000.2490046081831,978.6116067166754,2069.4692506312635,1976.649902081901
92.93709183589108,40.966203908790845,91.44301847385057,83.82752657957762,2072.897319211496,2010.1721274586935,1005.5518965665092,2042.685353141694
85.56900735724963,38.64774304147939,87.08638822921803,90.94294328502957,1923.0629640187346,2031.3290937353215,2000.8408240579527,2039.1241781260437
46.49297571893274,88.83925773706085,90.93777623203074,30.875465627464816,962.2916826523068,1981.220189637091,2013.4320914472028,2026.020271962285
88.28397211602392,82.9061621796757,88.54017276794518,33.24019371120298,2005.1339678542292,1976.6050348823314,1978.2861638898185,975.7276207617318
90.2677629463997,41.516053204649545,92.70018810549512,82.63308959964797,1998.6768158432194,2044.7783054250247,2009.0362688161688,2020.7936102215697
90.02457213157085,39.71473400729042,93.31538764864021,40.250656600527876,1992.2126839924767,1973.0548900077083,1986.4853504312566,1961.4030901324181
84.11780650202957,93.832752913128,88.6209349170747,81.38184547155616,2011.048001437639,2010.4987133443676,1986.059027148268,1952.297625578136
43.40264750886381,86.11037681718186,89.50935388428263,41.02156172473172,2031.4507653315923,1987.8061405469984,1007.6726081986018,1021.170006909565
42.33190984775486,90.54249366107936,87.59511892616577,95.6361936813769,980.2355018932873,990.1970605469368,2021.4306293458153,1949.234520313735
92.87991505801648,85.92621900409551,91.70732670415518,94.08512099939828,979.412366690738,2017.2033986355982,2041.6256443487814,2044.5533490045286
86.49567290425966,39.71928740645507,40.84353023768124,33.25893145323154,2025.4983791828927,1983.6749225325073,2009.3045609023886,1945.965134882815
90.49671639154468,83.92256882173953,87.54110943158956,35.98514393671873,2027.6036068185135,1976.6825708739027,2033.2262076756556,1024.0525565994253
42.385004306365694,83.89415453298605,95.66598759033933,91.040494154903,2026.3600117115966,1966.6616491223429,1963.876172313336,999.0352418092004
40.58304151606305,83.32094936574667,91.01265218078964,91.6581497560435,1969.0365339769912,2008.2150665991398,1972.9479312654496,998.7412560995474
88.14675681829108,94.29208614905833,90.95977400705391,88.51267062283605,1950.8336180281594,1007.3167969964064,1005.7024239899333,1017.9257328253218
98.07457699554446,80.26093672130027,38.23844286114476,89.77639456690538,2042.2812353276745,1026.1136349462815,2007.0726466450383,999.2328209016325
82.85567627649166,88.43880128265349,98.85715588253504,85.7320199423948,2002.5163347411703,1008.549272522785,1962.414662123744,2005.5667686170427
84.42478634351708,39.337991093606675,89.68815900514072,91.66314336560971,2006.2462691055453,1913.3764810490059,1981.0731349317323,1024.1645566316233
44.62093193036179,89.78821491194863,91.74192818025296,93.62549043144139,986.9639200059303,2010.5423103215644,2008.87028402989,1964.803456414541
92.76545109240399,96.25368622426268,99.02207120769307,40.300491892139334,1967.4672035550354,1995.4312036551764,1997.693303688651,991.8300065938124
86.16152439844203,88.42009142158741,91.08602440154675,90.69844408624195,1947.9957489527376,1045.2053225398658,1970.973199767179,1965.510306056375
87.10021392498827,44.36065087754737,44.592425317212374,82.24623969683302,1013.8390400923544,1003.5163953886625,1015.0479891280787,984.99941051054
90.39260401452016,91.8253019059063,83.91059041040477,90.97489034940361,1011.2412489463464,1976.2660369513937,1994.1589219440298,1991.6052660054625
92.39863855093688,86.33738251303706,95.0279730812353,43.80935890870444,1008.244301404958,2020.9513508000866,2091.817424265277,2004.4247579375033
94.12297257223462,101.2407643591069,83.4277952023889,40.57599212131994,1025.9901206781624,1986.0199512676434,1952.223974816471,2052.565247037824
42.12747058584016,86.58705193106006,92.10755874524362,78.64424974372011,1020.0408305410729,989.4937036364408,1039.6466113757858,2000.7174027991919
94.90504671680358,93.49195140428388,42.49131458540732,83.34596764351325,2010.8926850926014,1961.9356143011905,1986.3947004245488,1984.6384096965294
92.90986396479154,40.19599121994085,39.2792189925826,35.4120028601591,2031.454867384334,966.3155631143322,1983.6230716588666,975.2021538211052
89.79928587423109,89.92927268060788,84.9510860086727,92.18861037771262,1982.9297629227383,2035.7873459877271,1974.1017935982745,1958.4996290222573
92.1612504073582,89.84036119813136,97.52600132814602,85.76785280945361,2050.792528853871,995.6952771728534,1948.472446616771,1009.9000326450547
87.29796021317613,40.98884643111964,89.21354318943014,87.59313458441939,2053.3255473862864,2000.769189838832,2012.3964754947033,2049.551910144795
90.13372752526367,84.45939198486377,42.624623451746686,80.26725194828299,2019.2662418011935,2008.3060871364892,2022.302382977679,1947.293869838023
90.11698332102307,96.61605068212837,96.49727960190431,84.16273545213988,1018.7272942400859,2007.5734417174938,1976.985024326117,1965.2772846474127
100.16172031846436,40.321131150209055,92.1540456239625,86.81125862999767,1979.3397908686716,2008.6514046069199,1000.3804387238806,994.0184382023153
35.180637618590325,90.51105273530189,97.2021958345962,35.781232548366454,1991.1240181259732,1011.8538838332142,986.5060446641683,1988.212776159524
87.91440012866431,42.767632784912315,90.56693612924225,36.52076157365336,994.4037753897364,1973.0187442214822,1939.716347910211,2023.6450812867915
91.11464932159502,40.63388089300294,39.734677298122264,91.99319760642838,2024.451608623775,1979.460779014619,1012.4137701882103,2004.1106880836458
41.40262131544853,39.09924184776097,90.0608086953237,85.21903947742199,2022.7005770300884,1960.2906236188821,1014.6203210392433,1012.9093440809596
93.89365147827792,40.07867791428192,89.2055468101872,92.34434157946433,1018.1589650123187,1005.8788230567895,2008.0880101348525,2031.734420568441
78.42610679470404,91.70342052833082,80.58577457788434,42.48996161592163,1999.6271525348227,1988.3099762295967,974.6944038403642,2023.5524383151896
100.70857728256344,83.24576863444207,89.63042471178656,45.02365168790842,991.5181428686875,2002.8720345591507,2032.282375607239,2027.7780570637071
86.53449909374294,43.14903109112703,84.17533883898645,48.318517099622824,1988.6846415033858,997.5525852130336,1008.0803479152421,2001.8829894929468
87.5163966572525,96.18063954723358,86.15364853287558,37.91499840644124,1048.051245820101,987.2570827899854,1966.195897935635,2040.5491472341876
89.26788261621455,95.96937895814486,41.66951866414628,89.77971378537502,2042.5814653487928,1007.533947277165,1974.3274061986483,2045.2504614797872
40.49338915726274,92.3522701354494,93.89520222225477,81.40980720430728,953.0965560275558,1011.4587703405762,1998.7628715628427,1001.2172126277619
91.07608717895359,103.92919931232335,77.69413060869181,40.75717194750528,1940.4108676761452,2016.0379892759704,2039.1943952941497,2022.05854216111
40.70798447005251,40.74028945929963,39.99102200237007,94.30412145389988,2019.4555554592212,989.407889287314,2037.4028714803676,2042.6639986707416
41.93741203015586,90.21342263157523,42.75992924889183,41.7002041443998,2040.6499741665484,970.3832954638341,1980.6369710959948,1007.1237502240044
87.62248818908526,87.49274019174369,40.50305367055795,41.66183556870163,955.3261473511177,1005.648370216906,2052.3759069477283,1993.938181880501
84.73317920484615,92.48018866499412,92.93714877242448,92.59736552197442,982.9671954419616,1979.537514952991,1970.8706523303624,967.3492133909932
38.397632088969694,87.69845043857615,88.88144973827039,93.51927523215207,1019.4503199138433,2028.2118812730364,1955.9092415207576,1991.9809510940859
92.48177791908289,92.8085510122194,41.039876331932106,41.29114347888353,1957.2564054958407,2008.0578342570686,2051.5810727595413,1947.3990584812977
82.45514875031468,82.2599069754087,94.5462083704747,95.172574083823,1987.4650403519954,1950.9036618340701,1016.3936756902499,959.7272527420198
41.63579110595144,88.71180190543791,78.70470487339722,42.08992730846636,1978.411917445075,1964.1939584402398,1896.5760973457518,962.48866225194
39.940996495782336,89.92177161532528,91.86468273298745,93.28377635744563,2027.921319806341,2046.7793546076907,2006.725167594575,993.3149419788665
94.21319324325822,88.443678031601,90.32714686962032,93.65425100158937,1995.5209088334873,1963.3381996954256,1983.5153181215953,994.3641183773656
43.987412190776595,94.07775155894457,103.14514023726124,38.12731073376228,2041.7517448854715,1999.5363340643496,2003.165855332407,2031.3719651352076
43.43742715315928,94.3260632537675,45.713047006959286,39.46112215343078,1014.8295888779971,2013.3929873260486,974.1826346049539,1066.1573619990722
80.25836685987488,82.6596505885077,92.18189162316209,93.42847715305987,2010.1838853396534,981.7964324892837,1994.5395979694724,1061.6182357290154
84.66530584683385,88.20804979524144,83.3580427961777,91.00515797383699,2001.934218985377,2037.9857746799478,2049.6441238941234,2062.182241002406
39.587206540636686,84.51677078220813,88.29971617559067,100.92070078524367,2004.594938343485,989.9330222465418,1992.6790923527722,1982.5380410753469
84.31760078469924,40.09375950104362,39.19334131032534,94.45593421276232,1947.947099043389,1914.5468799404148,2009.3390230490825,995.2418269784139
43.025035151700635,41.55738303198693,90.37872760135858,37.26584607294348,2017.4523575381536,1020.3580372796441,973.2372018002725,2024.4264104767349
42.82696588808705,91.59314885239546,41.603206560912206,81.28701577552476,2009.8106986859568,1023.6229762113085,2030.932679475075,1993.2044689304712
40.119055864536776,85.8450236689031,39.33639245310742,39.186618296473746,2015.4913677386646,2002.9443661703206,1019.6201114454369,1994.7833216476981
88.34292831641635,87.72737331266515,88.51732132516938,89.1999762816278,1002.761821555767,2006.9418119802046,1954.5701570291124,972.0762668714394
95.30194645162945,99.6418530319997,87.49458202407195,83.8077983606319,2012.404854795486,1971.8377608819542,981.6189038412708,2010.5919872307848
40.028168419627825,86.99539425926253,42.51666740843166,96.00230911231695,2010.865015252186,1000.5419834280206,980.4709261692767,951.1846004023023
44.179376650441014,86.5854977163739,88.20701558378492,85.52171139328738,2039.3035190884139,2015.120051732287,991.8555818330601,1997.4811607070214
94.81070244741923,87.80972668669855,85.11154780971883,41.360730660110946,960.9434220424629,1998.2063649113009,995.4774816756692,2058.149505190204
39.44131872149188,41.74867024727604,85.57696528405386,85.65100064368671,2003.2508395605887,2001.8713704721968,2043.7985402962295,1979.6573323577861
90.61160841666907,87.6913465783401,39.06080183280545,97.6954319116177,2003.2702121248376,1962.9992850739575,1016.1208153363013,2003.9481972707708
94.3638638721149,41.79487879206752,83.25922637800352,80.7595644490565,2062.684800559823,2001.1878375089825,1996.8415532943327,2018.325884272692
40.90932610239109,95.50280052135372,46.90840044242012,89.16285634681334,2006.2647379040825,1030.362803825469,1963.8131054662747,987.48228832974
88.26764218763223,43.23685650956941,94.03697765564232,98.93754142466913,1978.3613572375082,1004.8542018166619,2009.0422846208248,2005.9722088292363
91.319550280583,91.08556586300932,94.58774607102592,84.26623228643602,2006.0263908422025,1966.3557407350727,1007.2352829020474,1978.0688532055153
91.10615582173216,37.95991536017537,89.8349959537027,92.4112132382961,1979.220529919788,1958.655918333976,1022.6655750435687,1961.2741420073594
88.06278291948952,38.759829483950305,44.201139709009816,87.92502412737309,2039.0412159216603,2024.6994351125493,2017.9731979552753,2008.2186158181717
40.485343838291286,98.06021695353097,81.4439285619878,78.53399452388855,2006.6081900642898,2031.3325960373109,1984.3353231663436,1001.5129316304226
36.838637239089664,95.41510295362625,89.54936629400211,95.10143198925752,1989.5089125089223,1017.1002462914792,1040.1001760770287,2023.0213951299754
89.00201784835303,92.78216311022163,96.44393243903085,92.15726899629452,1986.486637779866,1005.8614218905947,1994.2460432090202,971.3002381885522
78.72522272407448,40.24589500319618,42.26657364178714,98.58563111588563,1036.9950645591307,1972.7949117861772,1969.9214549605933,986.5368203751331
88.79999375856174,90.14690508032406,84.71514875196193,88.644454256337,1017.637952957487,957.2470082460104,1016.0641612170812,2025.4754208894544
39.99859818252753,89.3667811346104,41.46618464148901,41.23524575648672,2002.799471079045,2031.7909604793979,2076.1697761184573,1017.0129366067848
97.96218647190159,87.43348388350852,91.02400760971182,85.31169565932656,2028.7326515744137,991.039902074637,1012.3391051374924,2029.055080847031
42.59535784754867,38.92193611382595,89.68187429106128,94.75121761494725,2026.4583281264825,1011.1149658260326,988.240756860321,985.7078504804433
92.4597925843658,39.37974174155449,44.38828976843753,83.08969417203436,1939.152623431958,1996.189508195187,1939.961989142601,1991.3637996196794
90.5903819079364,42.829180024350364,78.92574639757503,36.229382569444,2008.4328425710692,1950.2155705787561,1967.1631204598805,1989.1339224805183
82.36598165286462,82.80100927714945,39.971091259155216,38.57424149138609,2053.8715918579996,1025.0945420568548,985.4616143471404,953.6931922690685
90.2230364014226,84.91816784620335,96.53927571517531,39.268417233601475,2030.9036809815227,2037.500859754091,2021.7051132224178,1012.2646826828801
93.74849678897527,39.97146363995182,90.61559386915337,39.73917282574348,1037.703225943565,2021.329572900405,938.4412776842094,995.9957558106527
91.37918320542647,100.19907127322827,86.64926000412352,92.23492594959619,1941.8323623768686,1946.856120163812,2025.6876603541261,2046.9489937319197
81.33172883151883,90.06590607206627,86.2623991431265,90.46411424029634,1940.0543045650913,1013.3302320496459,1932.9799466709221,992.9666532467668
36.72477224553839,93.1530670833799,89.38528980872864,42.8153815042338,1982.4463741025186,1046.1900772793997,997.7754141538246,2003.9012615125473
93.13933800358654,87.24827630738058,87.09424006014832,89.5102583172637,1988.769427900342,1047.7321375240326,1028.7911988931291,2019.2171408028091
41.274550952930085,86.84343810596457,41.1603732405151,95.14682794441488,983.0860310051244,2018.6227611143424,2024.2381142719166,2046.1882099368752
39.489048813656,90.09592474315886,40.338638649817355,91.13266433506654,2032.7079596262129,1974.2923101329307,1985.2662324475748,2024.9848545999937
85.99070465245175,86.91110988243418,89.62728432115715,88.97636817240354,958.862569731736,2050.8403047477987,1936.1457082942813,992.8837080113074
80.69999617374106,42.642048216565286,95.45366058710003,91.62898537290785,1981.748230074131,973.834237214234,969.1113741347779,2015.5723581826985
95.33643395649595,87.661204803604,90.26841170797121,88.124955469396,975.8280004797604,959.6779493366839,948.5163093546557,1983.5011921735145
80.08434473168109,43.40396090139292,93.19831490348862,38.45708325224074,2044.5790009957307,2014.5366470266615,1975.2629071671954,1990.672865876604
86.3211292280538,40.31880430217378,87.85110104384101,92.00142170452514,970.6767675046285,1053.6776781962135,2000.0726675755602,1011.6810964969465
43.94007838431622,91.81077210185636,97.96450423495183,91.74531064116107,2033.3822815437627,1997.0770039386368,1981.483233982979,1997.3902961619774
87.60607510043288,92.22322107141062,88.55483066249576,39.90954342117695,1981.3862108890023,1012.1914715185601,2057.883294300129,971.9596455633425
89.665198866916,40.84456709712445,96.41099927128127,39.16450323612002,2005.0578586793986,999.1741059590689,1976.0661881329006,2013.6001799940282
86.85971606381732,88.87430811545163,90.98912822364954,36.40715342225971,2065.8469019150793,1011.7700454291664,2013.596227254735,1041.6121956719762
101.21442905909024,90.38501910815708,92.25675262033475,81.18341514809977,2021.7598677973024,1980.9252133162709,2032.0028636549118,2046.5761807890017
41.727272952874856,92.35603905799675,86.14363426478735,88.86515453045237,1033.00617277653,2063.5055353909156,992.9858197265376,2003.305176494633
82.1391801077751,84.72191842673415,91.96699467333448,98.74966624314288,2025.9192750214868,968.8715561841931,2044.1023458086436,1998.5455291520889
91.1594065080029,96.71747519452481,91.58265753308943,84.25114024916712,2026.1605957802587,1969.6607861131436,1022.9085367604782,1977.9199831658102
92.06620197741194,39.51621191718695,97.83203693319767,86.58668762500982,2005.4839951160782,2002.8784669115394,2014.3605847294332,1003.9108231518005
93.81956244506671,89.71170623837426,96.74982309139801,84.75264120055219,2022.8342104576093,2054.4990456341566,1990.29647249265,1986.850158592946
41.25051511092997,37.00975453646891,41.565094609101024,38.2062236479735,2089.8184332813685,1988.2960049297244,1969.53829936264,980.1638203058772
91.6204759601234,85.32828944677966,89.67306418221223,33.43483090327592,2046.058222214036,2012.6473814981712,1016.1822451678231,2037.790379677185
93.15007910934257,41.453499547550365,41.17258444025701,36.79346544857789,943.7097905043706,2006.3774691564406,2019.2419783098112,2020.5273158313357
90.29337629746642,91.49004617866183,90.20799777489079,99.07811111324322,1009.652890231564,2027.7003859118847,2009.5168043297635,1941.4153810311805
89.8833569198206,39.86034477221375,42.714047493059326,86.07238340559475,2015.0915831852667,1024.3756431094114,1990.714817591158,1951.999477573897
39.24596440363599,88.93883283239376,98.5296179447069,87.78386571697659,1006.1575410580738,1984.1116974919876,1995.8610011460028,2003.603500103455
39.73922314172755,80.67675976957155,42.06554600152921,95.59069934930173,2005.9250476561117,1990.510124902282,979.6053395589115,1027.9255615546754
91.06503550043932,40.81133738947184,46.26274546251007,32.04465948620648,1008.7342166445771,2007.71502353108,2001.135266029445,2003.802408028355
91.97496408678529,94.53055797630164,43.542173042897744,102.80371402956023,1043.1641100441138,972.6006955050418,2034.6362707591354,2008.9999539264327
90.33264508686936,91.00527846265197,101.81621804568832,88.30225500330128,1956.0112791840681,998.8037749375137,2070.711647626558,2016.038496873428
96.33533898639591,43.035650476902035,40.092527068623305,90.2762796757839,1967.2069159275018,1022.1363938275855,1001.9488693844834,2005.1378149612708
92.75470794831456,89.41213932564915,74.89215174362657,90.36820949998697,961.3155795489613,1983.2013263179877,2011.1060377258232,1946.8357821113148
85.83952036220363,84.0035846230877,43.764980830673615,42.5254209214081,2010.844192540301,1025.6783472291609,997.1738828212041,932.9048343746473
97.8363381681733,86.55171387686174,82.40884023850089,92.7972482209249,1051.45404762314,1967.1072752445962,1011.3549470714587,1975.4338181881265
95.71188237652555,42.46580849522668,41.19308709201788,82.0210509578246,1030.3146732934056,1987.2600784962883,1954.4970877503345,1986.4022414193942
94.90400142316804,88.23434886028076,36.281449240728485,83.61237515349178,1959.9261597700367,1989.8445383705264,950.8232981937288,2030.441486316713
79.13588935782492,90.25366107681899,38.83555337570273,42.26880055344319,1063.1417232076842,1024.0249175010124,2018.2654513281418,1975.7797157739535
93.45023233355921,92.01156897339811,89.20175294675319,80.02175199834852,2023.8570504556644,1974.5220028161305,1986.6448743181113,1989.5497339120172
41.524727052442685,78.81604745236301,88.73797362710593,88.42548755795005,2010.104801218832,2011.3358916052775,1962.8512925275963,1982.0001048268725
41.120974093413224,86.35257995057546,44.234858356742976,88.96732786192699,1890.9653143508096,1954.7862433096834,1022.9004776852465,2029.2558606314246
92.25059026641982,41.36375042759542,96.64373588679437,38.00200405756009,1023.3120405097943,2028.2972068862289,1032.3306870751048,2030.1454536234637
84.75564209629762,84.8923995596882,41.973945228138895,91.98186707392199,1034.5213974794492,997.8753061685945,1960.8905147354149,992.7278776634619
90.11993163148644,91.66862475503952,82.40149200535387,92.40387883424695,2016.002054251144,2023.5108284264275,1972.9539661315173,1036.0992349370958
44.87546545498426,90.01168406144603,95.72983662236882,84.19295434009132,1027.7223703256047,1953.8978161373739,980.6804655705431,2040.0798710544532
98.1535713417247,85.41372004421959,93.58198177885498,41.183440014376785,1974.8522909145345,1036.7975994044714,993.2011600657669,2056.7407350067797
87.97636561839455,84.61040784971975,85.93561848907639,83.90384934817268,2018.3533500792482,1039.3845532118462,2043.5143252803161,1003.2121587925973
90.92030409583639,43.130785283753795,94.52129306172982,33.44168241796994,1999.4672743708334,1996.595205968793,967.7476940382219,1967.134282919401
93.14121940062147,44.28831031136991,40.117989168194896,42.852952422556285,2021.2470521236885,1975.1972847695197,2028.9148163184127,1979.965924304265
91.12340475623401,90.7900845170912,90.42841924476323,41.68574967869519,1985.1461412855322,1014.9628592724973,997.3153804595013,1997.9985832055302
84.15669647512284,92.94703975331821,90.2889689952246,89.0149915956024,978.0892597867498,1999.9871742707596,1976.8539890494155,2003.8917686209406
36.95364199386957,85.92741662099012,92.16328901661672,38.62624308246382,2018.860697249999,2055.663411213281,969.4201314831032,982.2374948935396
81.63093313889868,89.74251089874238,89.58187702748124,84.90716449839113,2037.469873900065,965.8907938333441,1973.8490644316983,1984.030051745017
44.867565742639165,90.20313089973035,45.678413083088586,87.30103556858231,2017.6145227966795,2048.3926052359648,1958.5345621680506,2015.410917184077
82.4287062522711,42.116812010749086,93.57058289570679,92.0045802974846,1992.7697098585058,1935.0860454336507,1994.2929165736055,2007.1312490691748
39.29330990847838,85.12976553110116,43.91974381880537,36.828011341435314,2029.2974582740271,966.5538315684291,1053.5866555900348,976.28300888336
91.36034675790117,84.40324521500251,86.25309231708938,91.5518009876188,1973.0245139158055,2003.3315874213195,1036.6516283162596,1991.3493598853552
97.11522164602144,90.78155825946482,40.137755450089074,89.53780026164763,959.1959160004735,2034.943398236708,1007.2581725905261,2010.2157206322927
43.59781446067743,82.3542123839418,96.25796732796296,84.23051135699176,1993.9100410849935,1992.1839790200484,1984.1439247680257,962.8026800576994
39.96877974665774,84.9793841053128,98.64135147576889,37.56709308496282,2024.6148201218111,1007.4869034256635,982.415807112774,2002.6180889997843
39.28623477717241,93.91280855433261,85.60750532471258,96.34557727748087,2086.94802943343,1006.1977436496329,1990.0321245563225,2031.0268770590994
93.44388994293861,94.35765311941486,92.24673872828359,35.80209971202723,999.6396571998864,1965.8593042205366,2010.5405254989319,1997.2875256135594
84.65927688448978,82.79346339105996,94.08118964399225,91.43621821629065,1987.420589205802,1987.565604982862,2030.163235900845,1951.175795608405
95.5264523256136,89.85429489815587,85.74850284265705,36.96539242361228,2024.505286896314,1996.0562089388575,2010.8191820995153,2047.653118525517
82.60533268935002,85.12231982233963,83.70029713842536,39.6928474443621,979.4441217936896,2049.7323743105135,1042.4494267160474,1992.1602547057578
88.60388437011164,92.58259883204914,44.285047892829844,82.50967395638035,976.2155686489009,1968.136961819529,2012.4317717333045,2026.3458111461894
88.98562921582915,83.50482498469805,91.1249707308034,92.00176543857928,1957.3726184793788,993.5763863452262,1021.837331130351,1974.8966181221701
83.90040306566247,96.29506877142909,83.78204643910257,88.66786595410636,1969.4029068241946,1013.2103398105205,1962.020346079654,1980.9650888820468
85.67743072032808,94.0437387813862,42.38903345704962,95.85098100050847,2005.552268711411,1010.7153219003192,2035.5545986280642,1005.3020993634541
96.05776988137755,87.58130903764675,89.47548357776552,38.4121688062088,2015.669171081214,2004.1325611551442,2044.17161726622,1966.936404335223
83.4181061617981,91.70832574071883,80.90331402195355,38.48798498589106,2020.3684909843284,2015.924964385688,2024.0625710094448,2000.7942734981448
42.01381340662202,41.35486075848602,90.0575055462765,93.58019667212125,996.290912722178,2001.8929119667569,2004.5990012692064,980.4418734760951
41.652108312732636,40.370536163061075,38.66461075649467,90.81692516993982,980.8549462343321,1002.0671369830386,986.9290148289485,2044.1747691260687
85.68809330307658,39.92137828496605,39.21696105264072,44.39420151139784,967.0973427060294,2020.687074006358,978.4313592134431,2006.153415933941
95.13139376960375,36.30841984493183,38.248088679399956,41.113479592324346,2024.6358310557323,2095.5600292808517,1995.4320397520291,994.2857202596358
83.0718507832176,82.97186487668574,86.08670223604634,96.2915183626055,1043.5997342088053,1029.1851285639787,959.6189354071428,978.0025014320032
88.20864537548987,40.095095487130514,42.54914024231492,91.23515097974656,2001.7050151491565,1962.855544836633,2006.720181955806,2000.2240513944973
39.73025754365722,40.93296242470342,84.88684515121165,42.01011611933599,1004.7454931653574,1953.0939722302894,2031.4551671851723,989.4205567838073
98.13913312664121,40.402248331537336,41.350323186613814,93.58451291898017,2014.1397874474712,2031.822980199395,2009.5342411771705,1998.369085292754
38.043122401055925,42.08044599887724,93.82051176433657,84.66462279004358,1009.0238851592817,1007.7918554336565,1972.0451294292377,1983.5734814622133
89.48130322195456,44.157100725399346,44.8045023574814,84.29172436643739,2036.707354159792,2038.8453633398815,1947.2463044864742,1950.7841709734923
90.39900383058708,44.38409336288524,44.09514718456059,83.04280646662916,966.1065528758727,2027.0646155544975,1961.7236275142232,2029.7327141109388
96.3777737952201,45.572193809638264,89.4910278252315,92.72648058758175,934.4550712563671,2016.1262400111855,2009.8432459787837,1024.916699156775
89.00355726382587,88.7568088940099,86.14809490446767,84.2594515452268,1957.6439489115005,2002.7833529650156,983.0370682985297,1984.9677659700174
94.1011780365014,89.64270934753972,44.994204911087664,90.51977190745711,1988.6358336121714,1976.9512610540605,1988.4314039385783,1971.5477606703657
40.488820417092285,83.30827777476347,102.30879547235266,92.03021973718478,1930.8202869443664,1977.6272777179545,1957.4050187832786,1995.3626787761202
38.357227391088074,90.62538046479618,90.41853890894838,87.88457982872457,1949.4912411848493,2040.195056312774,1968.2584029369407,2000.1799822696755
91.89814062301558,86.20222047575987,90.93485234043439,83.88781174027886,1953.3279706707142,1997.497966633446,2002.3320993482073,2022.2531208965588
89.370905958852,88.39099087538065,89.15799852542763,91.86811083808458,1027.8786743797295,1005.2489377160823,1002.2290540430608,2010.0136744174195
32.07244414185753,82.94587712037021,96.53109205085079,39.927923972286614,1985.3292778409268,971.9918926407158,989.8356841522384,1981.1312743346803
95.62262657654179,44.13653793091211,86.67773271357137,90.32912547059404,1979.8025998274804,2040.8460303776715,2036.3672700401733,2025.5077157964904
41.29416029815363,41.78741807329749,90.11965973785213,82.82051431520242,994.3975729650207,1991.6506262239598,1020.0393541713238,1996.8142990821184
36.885342535518575,86.08512722492054,90.22293153722407,36.54214744556023,982.7446119785411,2032.2198102733241,1032.6119316571628,1976.5011707302606
37.22918012253116,40.51057340203117,89.61989722236255,90.33038464128516,1993.2118985641823,2007.103078505622,1998.8352726863377,985.88767122937
88.47779132465335,44.79612730403076,95.01328463946858,41.355090372340136,966.9195964561873,1017.5511378846734,2060.2040759935276,2017.693888590962
39.657972498334445,41.92276244565123,42.32188730896817,93.89653672284098,963.9168499303219,1979.3144575928577,1030.7184286087506,2022.1990582923224
89.49785181777018,88.39266438874017,42.86611261631538,41.267007979502445,1987.073368490834,2025.0118738258695,2019.718922692158,1006.3264818751404
95.97038579128265,43.59026643522235,92.11833377043592,40.90209012829908,2005.467169827149,1015.6618799898979,2026.571113740607,2036.5112619589079
38.385783770431146,91.32477000909249,90.9439554586042,91.09705956408443,981.3203475944376,1032.9925224252493,2015.6336320368125,1965.9875677715822
81.66580679167336,89.46771386477663,96.82387595530335,40.60591274090517,1960.243956997309,1034.2044811245823,1011.7735128582601,1949.920187987611
86.80252349128845,87.6193053478803,85.04756076347057,91.90859118438816,1012.324038782037,1981.776268420732,1993.8248773182859,1968.8886356646865
83.93315128402412,40.33656669416864,41.79948631169893,36.886337965746776,2003.6797213332252,1998.1236442796662,1963.0581939364274,1919.1876470516174
37.833711329957964,97.28862070534059,86.49465281269785,84.70403480328278,2010.682647794605,1987.3424973868769,1968.1115752855744,2023.65409374893
84.67196558765185,43.260027564349656,40.28905452446191,39.96046437217166,990.3409919495352,1985.7380630930813,1957.3068531541142,1992.9716076813584
89.40948064435626,87.71138797685406,38.84620968718277,40.84357556948416,1990.9350679977995,2011.5839065124019,2020.852922113204,2015.0054551696726
39.07137972810398,92.25969277248672,41.13361050955376,86.78586255621109,1983.3291059026956,979.9069626482844,1977.3896718303295,2013.6632278420766
89.34570091590905,87.01057302945448,42.28957925950338,39.93450652930186,1963.0651685794226,2026.3857564711886,1008.000315903584,2033.434665158031
40.82719200014899,88.22063722533103,87.44744768887689,91.62252412640646,2025.326518905292,984.2915278123809,1982.8425069294058,1991.7405599668941
38.595806094055035,44.674798688349384,94.42066433765004,91.40361135785179,1954.705162312584,1964.824828265568,2056.115142442199,1054.3335666110536
86.57580820975883,85.68500392805599,40.42871900593704,84.40871400815972,2033.6076345257065,977.5340249889302,1956.2122738954317,2030.6068217100806
89.86286629370316,95.86713178544234,41.22560415570885,82.69263232005028,2000.955529636986,2007.7078375764042,1972.4113795237658,973.8296275348752
86.99930643720856,98.56532038373396,41.691294727457354,92.3972656133692,1010.8268414687736,2013.0340764747127,979.7522547039478,1956.124110499784
91.343014811668,88.6183158806546,41.237640448310174,97.28422167737222,1982.765409074898,1020.7222674938755,2012.541521629956,1956.8312822685969
94.7848907048867,90.07301544669912,87.2088277787304,90.51369253693295,2027.349743045001,990.2509797944613,2010.0818311220605,1004.7537818326464
41.85188987625186,41.623878802614925,91.55693175604787,89.99054206864756,1946.2407940118806,1974.6980189728606,1968.1902632476706,1951.8703955735746
97.14277551276626,86.85331222612982,38.818137635527535,93.11746220458033,2016.950226529764,2011.2240680329226,1032.4602951112172,2029.0709917154581
84.39838818099861,98.41236215355254,37.62459192837839,39.41829267538962,2027.5468129198114,2026.8904381506736,2011.308694567347,2065.8160877370797
91.99417973988336,85.53490856223824,85.00216202265726,95.53577177616299,2044.5718399293908,2019.144049165269,1021.0449301916623,2009.4951321636415
86.97061269334077,93.93545592482549,97.78351669594133,87.70321386469459,1961.5747515838277,1978.7213645753773,1974.2569942742343,2002.9398569858197
39.59172460049249,88.0247990290839,82.90457572620195,85.12870141446672,988.8786579242419,1004.058851143395,2017.4471782529993,2045.91639030706
93.69438802109909,86.76599944041382,89.87314733005796,88.69506759160566,1026.9968249861724,2025.6450873071783,1942.9979150122367,995.8581488599052
87.7533681226814,84.0941015209926,79.7994965937329,89.28751299755301,1007.9276790925951,1966.438046426741,968.6752353473651,2024.4698512576445
39.18301465324318,90.59498375492936,40.166756286164,86.41179854431888,969.0079777688688,998.3725706311986,954.413042243272,2029.7969686088832
95.47828467213925,91.92294730683962,78.03480356443083,37.146817516300885,1964.0046094760646,1019.3519017436788,2021.4941039789405,1990.3723419005346
91.3158023931073,42.415130086042815,91.75544268488314,39.272806260930466,981.7916077037244,1005.679363447782,998.0411699392187,1985.9532797402928
42.00408031808945,85.99533417353243,91.59201060333478,40.79625258359251,1959.9373535932618,2001.401792657752,1015.0384213069008,2020.9066116553417
42.642740137184134,84.90239885596068,91.32879553085294,91.67590774575848,1985.5293993483601,1000.2148017540826,1962.49740427807,2036.0963667616818
93.49139431578212,89.3334256540808,90.66387946661668,43.08534162578247,1994.344291633003,2013.6623845626916,1021.880594661412,1927.2568339511088
87.46568655850218,44.32851162285962,42.88414354080801,92.19165523798998,2011.8971517136342,2030.9736673239902,1998.2911585995712,1997.329535606313
43.46737033287643,96.61930202019246,96.8376140417517,96.6505871594124,1999.0972182380815,960.074457267383,983.078730345672,2015.5773259957882
87.96454972238293,90.54332321077412,41.83258321792354,82.08753017096797,2016.6382024599523,2007.8873903096835,997.3266272723944,2015.2142345376105
80.04012393150734,43.91904545857942,86.44951604677689,98.10582388391119,2035.6045763577797,2009.9054870671514,2016.528792771955,1011.3647966156913
84.46943071633562,45.039565478444246,78.6763086754403,42.33780115316483,994.9477146265767,2014.534259037343,951.0704986104707,1001.4514084258631
34.641976168479374,86.13047134375634,93.96606433725377,39.77804090042494,2019.9147747789495,2017.3517717396983,996.6489143244387,2000.872301501384
92.43858916632657,38.509513264875764,92.07452593008905,83.41890366248022,965.0063791057935,1946.2501895694006,2007.4612886560833,1986.8327666394591
80.57898352406009,92.26287533947826,41.71161608344225,102.01071838538098,1986.8252541471695,2031.2525359752103,1963.5816069643374,2006.493226751473
89.40479095382213,86.94440066310335,86.42207218959311,36.8403519796898,1970.8520674432918,1923.2216732773677,985.3329668449467,1977.0687879918066
96.77549886770736,90.49859878189272,89.63132060110044,101.38858423737128,1003.7626239045976,2003.0843653039394,2035.6702079943555,1955.3779418955085
84.67088728756259,40.78748119810463,41.37624829221471,94.06004347156404,2007.3253293405241,2040.727762540186,1994.7797406688446,1977.2042215342449
95.85688014241221,76.60596772070035,93.06946709350258,96.95265620953839,2051.540886267216,2043.1037810415296,2000.0332349263576,976.7394547182466
88.65120885032175,89.94831741362475,41.94141254750644,93.03129350555032,1969.1692749134459,1047.1527387064139,2000.1660973894673,1996.6053842354365
87.7935573142122,91.7657651784974,93.4604427095228,96.20748963513374,1011.6635348692619,1953.959063684414,1987.715980007363,1977.6458539905855
87.97471744191694,77.10710048199151,90.84736697722515,35.347287860082844,1984.1710618780367,1041.6014661486304,1999.3563657585953,2053.648768272024
93.71186728137886,83.86235563486257,84.37885021709349,92.50388011406291,1999.8284474873738,1966.999026826169,1979.984008824654,1996.35899423815
84.32999343717454,39.308897974025896,41.65935535055265,83.49523810685275,1024.003987844253,2005.4691216251135,2022.16850631259,1000.8230099302291
41.77661976330435,87.42314613622801,42.444386083788125,45.44515507136835,1968.689950652632,2026.966399717571,989.0667298476881,2005.431584214618
88.98761862281786,87.1249811413855,90.5556152461083,83.71268596083704,1013.3664840096567,992.916821511043,2058.9614179441587,1992.115935572344
89.29431033481238,90.15481642484093,33.35990524474043,81.8896924522909,1949.1714351543685,1997.7466764995618,1993.0419390098396,1019.8185080758442
86.76629220443252,96.98236160158132,88.47287117282124,37.65985687316213,2030.1183847826412,1010.2839859118081,2004.1827999646289,1983.9176738048832
99.51234810970766,90.33035334366969,89.93623815870559,36.55552440562168,994.8400506236221,2023.5402989618804,1995.7155113120673,1990.5977209119028
91.70221067954499,47.48126985994014,39.321061577306,79.2226845711031,1987.8884007506967,1004.0876943995268,1998.876623088257,2001.3926027722907
39.78449037183789,40.54415102102668,40.74746354160382,97.11808301639076,1000.9596540511413,994.1402223603146,1980.8110498289936,2026.982149246035
38.72468516395192,33.87454690355821,40.97388770525325,85.58445437643067,1963.3508471969694,983.5580142186299,1995.2000245065349,1007.0029143657079
92.61770054083567,90.42542303134354,44.448303431579944,90.94024134906125,1037.9992790463477,1992.7114386608139,1961.603451863792,2001.9813222183727
85.93528367664995,98.51817693519254,84.71902437041116,86.51281352028388,1046.474150934312,1999.358601098486,1002.7751286399199,1977.0777452992945
81.4425964462179,41.65292710724607,89.6741366746436,36.69832572178666,1976.307087549322,1977.0612150191998,2009.2038303260103,1019.6163177755714
41.542143267908855,77.48098935048222,90.90429874609924,87.44699863070296,1961.8898999977032,1006.2853301213712,2004.4242460156786,2045.6291600343836
91.83519545488457,39.78730246169279,95.93632327521625,41.220052925558804,1945.7404509223413,1015.3361456588245,1992.1558990785543,2015.9728648267135
89.16603926350069,40.55023477376119,98.89779873153074,94.52441747368816,989.3672069082642,1031.8194587766818,1977.844101126389,1934.9977426599116
90.48989734105322,83.58855375709604,39.61542626821071,79.01375079453581,953.8142374307538,1011.1226878211548,2023.5104879842324,1982.053453857163
92.96240715296081,87.86721650178163,40.65705854370567,83.36507743083858,2007.1026581827912,2015.319416870027,2042.7373046012194,1984.6582440196344
39.69650092526268,90.6071352307541,89.91004100207694,42.29350618533899,2034.5422520882223,2002.5079528560982,1036.2573591298483,1959.732425624575
40.94832938411351,85.23667723320271,96.17347546004139,100.01490839373875,2011.8959389139902,1991.8325185131744,2004.140443971104,1994.401064663346
89.93144429661697,90.84715003650113,85.54743157875104,92.06836218216246,1991.2796638320883,1012.4159489489361,2014.6461096249986,975.7388087119566
96.83503667421579,100.28386773217005,36.13152194975271,90.51161401124197,2029.2753590161112,1023.2838776162477,1032.7272199929716,983.902545598844
80.70684768631911,82.27542064901053,87.10936251094132,32.774521461886685,1966.274373644602,1021.4045658245798,1989.9617931717507,990.3306702612302
92.66584863300787,91.44256050006015,93.38599750321221,101.92330432473658,1932.867500192768,2064.239218648403,2026.579677951985,2056.716144924667
88.7383004113928,85.47569773623783,38.63600769571946,94.22266331927278,1002.7598525254461,1960.8618878645855,1008.963987011434,1966.8262820700602
85.98263326318968,43.50041343773559,84.48216283543074,82.13774910657305,1028.909655172812,968.1611522796363,2005.7840758520124,2035.5119587889246
39.01764938635752,87.76771373819398,104.05009938851711,90.7614218321703,1984.1475412043517,1994.178903179375,993.4290683748486,1027.3958209004384
42.561994956789384,90.44636574806775,88.03458713454754,86.8612625127688,1978.8400439541215,1986.3025931919733,2000.012781294484,1030.3855983213398
43.74346414845991,81.42839981753198,88.5499216778578,80.5758804879384,1006.8225081373373,1022.5681400046266,1007.3267435839725,992.1687994413312
94.35447741051159,92.5735534909269,42.23174279624914,44.00163044233796,2042.44543805091,1992.7267610114327,2038.7320957628287,1975.6097350461544
36.655009198535545,83.34736595696336,90.07273692874465,97.22738864698256,1996.7296867684308,1003.1343291077236,2000.2736920523946,2008.987822614546
92.67929711102606,42.714047132650066,90.9516369700225,87.00361842673941,2005.2590525560506,989.0867214989371,1997.3320164782067,1946.831118099229
43.414134515346845,89.37424906224936,44.61422753854157,93.90307759032146,962.3964216985822,2042.3049518340906,1968.4754901255606,981.250069568765
89.43715992043471,93.03722961144682,42.78013137121624,39.21180521115248,1982.8099729301978,1977.4429734246187,1989.485202194193,1005.8948873620122
88.97825124934192,88.94366948030064,89.06558312017964,89.84602380502774,2032.3009888498107,1999.399962174881,2005.4534971528615,1027.4857090608402
82.9241001207006,93.62081632489094,87.0430861007579,40.213161247064164,1993.8213325046138,2037.4806904493987,2001.7849094965552,2009.5318678772408
91.848421000443,90.49952362337109,39.57479911020336,39.48890666006794,2065.7715694549497,2074.4968653951287,961.5318257689784,980.8725238076217
89.86582638296836,41.46011500022601,89.01638773139695,89.43343427880966,1039.8970982854926,2008.8262574204184,2039.4345705493718,1027.5169301238188
102.18694514844404,91.36919467486202,91.49912424632542,37.75812606310801,1983.9125887710572,1960.1623734795614,1950.2542847446832,1997.466024919946
81.54706653445585,82.86352349316681,87.2461251134101,88.30516339717043,1978.6596060986367,2031.7396774402744,2001.754740046957,977.1839895235664
43.74461056105544,88.68234646818539,94.32495788081927,42.08467101046652,1035.5269702655503,998.0748233222349,2039.677190066114,1988.2546546767055
88.61616866857507,41.25354216606733,99.73737827539466,86.07556120614292,1980.3548185483608,1975.8965314583618,1022.8514266961884,1996.0838698247812
86.61841771395979,90.6783040064886,89.9055355686935,37.09331249627505,1010.4043314931396,1995.927890598378,1922.0171572546483,1000.7734604846032
41.62008778782754,93.06156136898498,94.67674743871731,38.8307482086237,1986.9943043094445,990.3087535250581,1950.7349067149823,970.8142397636816
93.16190567276908,89.56279683767245,90.8045727267202,95.15780860288524,1001.4940538332897,2032.5577830606383,2002.9772632368183,949.9716573692936
84.210346396393,87.56338854531587,88.86080437885859,94.4875180970515,1967.1832717202533,978.4757306169981,1994.929888471533,980.4491939203215
81.43412577057173,89.2921208973408,81.79350187701253,96.90477499823112,1979.7402840569175,2016.4404084696935,2033.0100926230011,1997.7372799276284
84.97419852717714,92.9879935353897,92.77624037970271,88.1715936269047,1992.8577309083887,2004.5412854376398,2052.3897153356647,2013.2234073340885
84.51289399475216,99.62444932427391,78.9348507537589,75.705911640695,1962.8059860563073,999.8727276986467,983.3658942501677,2023.356473972011
90.0092677248731,79.07804635358629,89.75461205051703,93.8893078096402,979.2539315591453,2016.8282015899786,1967.6456587835187,1004.8615749362866
88.55366750574974,92.32454771649466,94.5994451641295,92.43833995934678,991.402952284822,2004.6288319780188,968.6915960945719,2000.0499702625425
90.3504771591048,95.52031007627478,38.916587327953714,82.68111615145217,1982.9302627189381,2017.8152462422372,2008.888672334221,2031.1567185569654
89.11968935821587,36.96088840188747,86.22542535384501,93.91800856523335,1975.673081332329,2018.0837241435333,1980.8243203965376,1972.5253335426037
43.42808964227318,39.43112128965819,93.44756968657128,82.52320101228152,2070.127160864625,1041.9536271389186,1983.2919543004607,1992.1132502375594
45.170710433503615,41.1337504868622,89.86477531166948,93.55987553345686,1984.6894642527975,2052.5802016833572,976.6856051423306,1015.0398470334028
43.242789614643314,92.61747772620895,44.29747213465876,90.43055465131819,955.5894639083012,2009.4618123443709,1991.3618388971704,1988.577497626434
88.95406723830878,84.4381827889108,100.87649070679059,85.48247935624825,1989.0305843611231,986.0862622337969,1966.0528510726394,1993.0417476416937
83.5766791981056,39.91118900178212,89.81960309478252,88.81542982103173,1981.5053649928263,2031.7428232842387,1998.9681370955964,1960.3055932802713
86.60723016797995,96.1286011054203,41.44768293775715,103.92985829960547,962.0811022751789,1982.9819975781165,2002.1234592268092,1994.720114405842
37.25701804727832,90.91011694568353,89.32099045198902,89.3790409805498,1973.3093542210556,1976.407904646624,2022.0513508564704,2033.9723833529163
97.15593589307225,90.93221258293694,94.36525682975109,85.35353151791605,1957.6661150352725,956.2929179898408,1008.4084698526125,2012.6643726983439
90.68262685874973,36.322752529398045,92.74528805332895,92.69428046260954,2015.27984596882,1997.3835087890407,983.3425885010491,2018.1687308163446
90.42821432948948,35.63662810918182,76.20295991804484,86.42771231857304,1980.333465683836,1000.7750279977886,1960.5352930723407,2006.477402450114
40.803263422632774,43.53529614266648,87.95024709717062,91.2801474903802,1037.1449316209046,1030.3558596045873,1032.3589490959976,976.0458925246598
89.37225406046868,83.52805913226881,34.93663820056547,37.548478357710316,985.995411272753,1977.455004913064,1971.2899631645905,2030.2478081339323
93.20506782282446,89.7115734967225,89.73051104332599,96.25371113948752,989.1568741895293,1940.5556908819153,995.3108927472035,1985.9574070659412
40.49564198957103,84.60714480373386,90.28946547089882,38.232641603534105,2018.3874215601224,1012.5420566452462,2048.380590638888,2026.223171110379
39.9045073499569,89.94601834999816,40.73331412934266,84.80036057473104,1978.6568041008766,2027.4307264475087,1005.3197429522827,2020.8605207526514
44.47569386553127,90.1565307037422,98.91350198468457,41.04281024788942,1985.8561225169128,1992.3041338886733,2022.7675920041627,2038.5369383301302
83.55735901684334,94.29335812926732,89.79127054393271,37.41234777265649,2041.5768644753782,2002.5076083747435,1058.2549050953853,1976.811513940732
88.20954248808236,100.59261633696948,42.54471827733998,89.28313472996346,2044.1123291438169,2057.8693840837295,1963.9177176592354,2023.8913881865783
42.20231311257081,93.80168393136091,83.02784657676301,86.41384793702835,2049.019308693218,2009.3478353826674,1014.8611525341701,2026.1397643565463
89.32775573329775,91.41157681159862,43.808548407711655,88.97313830380978,2031.5329764827286,968.7548696995877,2005.2704878632198,1971.6486112920222
32.327546104405116,91.5590909368318,39.194407821522724,96.8922817288873,1983.0685419613917,2000.2418942895338,1954.253575301054,2039.453962100861
83.8805585383594,41.354992985820324,92.49107319934313,86.44252766089323,1967.484832286345,1993.156285099821,2013.5019806930204,2059.7504053860725
42.74830297005465,42.906021738797904,86.11128982389263,92.01682597115426,2027.665360927064,1941.169145091877,2018.1586412154631,972.1968060401417
100.7163802724105,89.38439600390694,97.97632987715474,92.21001513250432,2005.5945682247661,1010.8531783657479,1969.113000212039,1953.7021871667573
41.28406093807652,83.21913272418499,90.97350779778006,98.70196826512111,2001.821661442777,1997.0175877841434,1971.1652850058788,1985.9715663579618
83.12156778334742,83.2084116957911,42.827181752605725,37.56382436115564,2023.0594876009015,1029.6984758700435,996.1545090179156,2052.9620272380953
38.58305415811664,41.08106242510894,83.62514308839634,33.49975766952618,1993.8137973950136,995.2417572114994,1981.3761224530613,991.3712118255129
98.41051223618528,100.99170043699532,45.07183852803749,90.99845024249059,2000.179085325218,952.0915723242564,1983.0414444256564,1996.6890795390775
40.07366825522351,92.78383985012724,44.1954106187797,98.16696418708308,2014.8272223139109,2007.5034591217925,1006.4808425991971,1959.687104079626
86.45641914976594,85.6929889646001,84.96654300458947,100.93966683579612,1988.6013727559712,1938.2929155781164,2009.2107071160237,2025.586053181016
38.7479042543512,91.12587968806244,85.28670253959334,91.02485568824562,1967.9352898979835,1999.1238256610143,2029.7807438545065,1994.3033106037005
42.597896769749624,94.34880810960668,39.58432530748009,87.52014408273673,2030.422223378897,1979.5019625621467,2002.9765804806702,1033.207417154638
96.6260983924879,92.86067396715539,81.59269986460038,87.3273824194318,1956.56991015573,998.7918150933391,2025.3491798732998,2018.694571836286
85.09925060635479,39.924596836731375,93.61456696346627,93.47881679966339,978.6565451615384,969.2957521892149,962.6697668643133,2043.7443533740295
89.12650587219112,87.52289786509822,40.510408238127326,79.00606473403796,992.7160287766123,1958.8164988601284,963.6726821207849,978.3015635711847
88.86545986001707,41.97405519285649,89.42181322443041,88.92959652206204,990.1504167314555,2008.1867501168895,1986.6203105722034,1974.69914382027
93.3557086853594,89.67242624092911,84.76723239140479,41.58483362533329,991.7792905733503,2012.8981847409743,1975.331471611553,1006.7051933858376
39.58720352364652,40.891288601799786,41.81150462277898,85.01715287648214,1985.2221669525306,2006.9219355521639,1993.6468446494657,2023.9840313548516
94.56437474072915,88.69301174042519,40.33900810088933,94.05344551303045,1027.1537111526218,2014.93245577886,1994.7158812492908,2034.525432359626
83.53638841026863,90.310057566982,88.85628950326888,87.65557299496933,2002.1678229171123,1961.1333004256464,991.31879122174,2013.9988715937527
95.80390169342841,79.05891460767603,87.80655614866717,82.30788822154092,1014.7136180562803,978.8957263367337,984.82013462647,2019.1866808307057
37.126491017724334,83.23829045445461,89.9304636797351,36.12303764105081,2034.0790743636044,985.3572664517127,993.8451064465385,1965.254648415964
36.830561479585946,40.45602604039058,90.76573447259454,92.37878697079402,1959.5925169768677,2007.2445489314873,1981.2290592442987,1962.3935342850284
97.11101421764906,87.74428966313367,44.27467314639374,89.79738569420081,1019.7130140882862,950.963149362582,2045.9185395783622,1011.7522956806415
90.30178391215118,84.64981581497817,90.69973674485189,91.6369853699648,1040.0790481274762,1013.8273310583934,1994.4961358505818,1007.3053531692192
88.42893080803661,41.46807919921525,85.99036169616737,94.83839977603563,2005.4189413268894,1032.2437579611737,999.4953195054252,2081.621310516299
87.60123245936656,38.114133026878214,84.00912528680297,44.20391791478933,2003.6198409883752,1014.8671956217149,2048.0614253086756,2011.0384793212863
83.83130296027535,87.63022169587205,92.09773588318507,93.43994538081989,1984.33237787707,1998.7228243665788,1994.173332392768,2037.341383976325
97.90661907136716,39.012438165546634,83.47032697717731,85.01423618203528,2032.572108144522,1941.933106843428,974.4810838543942,952.1917758172135
98.64252549996132,42.53783142313846,89.23489165782138,79.42347413539112,2006.6525977462618,1008.3822526940555,998.5852659125464,971.953973588925
90.43676796455453,89.44471115024638,88.37503967835777,88.75707725706509,1946.4195502742198,994.4940284597063,1003.4877487904873,969.8042162216293
96.2027671483059,93.65606869150217,92.64401605905998,87.88169944519595,1981.022983209395,987.7070887272437,1948.0376812213228,1968.6198456804768
83.14971573569218,91.39865861385499,88.45221442658463,95.33523540133237,990.5112471018543,1972.5161433728188,2016.5118575350316,2008.6062044966047
93.84875260020047,39.53582342313058,85.6831264482456,86.01903179702727,1034.5570428367942,2009.8332134452673,1961.3439275314006,1977.5762682185234
39.70546342927,37.00380325647588,89.95374884074958,95.13173490945329,1999.0657256690401,990.8986164979751,2049.4833233619543,987.5594360324575
87.34829916763847,83.57559630180731,94.0973966110216,93.76513118380916,1987.102231581951,1003.0443490610223,1979.1406445982288,994.7991729465074
39.726917405745894,91.56867079183178,90.16187390070041,93.68397306735244,1970.310120137631,2040.9613408881191,2005.2381273689402,973.919843925587
39.09634670312728,90.75974232513038,44.457195871244224,93.59241446488188,1010.9623872292276,981.0631720405647,1968.34320227316,1011.8864820579479
85.21436000470119,98.96070836578858,91.66238886621808,32.92533509202997,1998.3675437201514,1022.148172153164,980.0381230777464,2049.9517073401576
93.74022950815382,89.26170065160254,82.25784295797236,35.49090458811587,2021.8719770670625,2012.1250756252498,2005.938260856898,1988.0438240741746
92.78637601237733,93.54877855309759,91.27939764203566,83.18782808726023,1978.3223988603718,2020.5323350381893,1033.1849464052932,2027.8277560896304
94.87592206125713,43.705045345668,42.33468765838283,43.82154847211567,2006.1285610443679,2036.1552665256588,2030.0795641820725,2010.2118040504793
90.02431341600148,42.46267061732934,94.49423211808202,91.0037285358636,998.8182862699252,1982.4400772807035,1022.0190013125144,2031.2405818213003
101.7104188561512,42.25884417162154,93.80671179483706,88.58500820148659,988.2601445262169,1002.6561621359142,1027.40994151142,1044.7964209090323
40.620420182332666,84.48876090649473,42.72567991088879,91.64950601717307,1997.162495294194,2021.6382040249678,1952.0665168445737,2005.1190441704491
95.60938364019168,92.11366635619436,94.42537624115495,81.15735220619094,2005.5520092752356,1008.9402942083944,1015.3250567120615,2030.2420728335048
90.44055570472577,87.39184077517609,82.5702762001882,85.76795538312705,2006.5517508663268,1964.9865948943411,1963.6565630186328,2021.145533962471
93.9156033280458,99.57599017905594,38.23027481059304,41.011409075526004,1978.7708919240426,2023.637063426762,2049.714392120566,1981.4670038883444
83.73079026519706,92.62475708694133,84.11534309335048,83.8813057733416,2002.0270303616544,2041.3763206070223,1979.8627075913903,1007.8235268155538
96.23863842714566,90.36420302781035,43.95509757683342,40.64734144154859,1997.6803513114457,2010.395666844978,2067.502666958279,989.5256304880887
89.28778130755033,81.73723120173906,45.926783444655285,90.33485131732301,1020.7283763238487,2018.7526157248303,2034.3599712601767,991.357255332485
94.6947583419682,41.34773945473236,92.86470415470616,83.03483542289034,1962.8516536101642,2015.8143420343577,2033.8389247907025,1990.7956694242796
42.33037599277756,43.919295683726126,93.07291810042892,88.21152033245565,1985.3133383883867,1982.5696632801266,2043.1825163352821,1961.4793960725588
89.69442631043825,39.93856519887507,97.88636331450893,82.54186432396952,990.129413969283,2030.2598415305692,1011.4555231186761,1970.6904277898236
38.123025641062526,36.4692379402603,91.04813885189564,87.50757318217832,2002.4919267302064,1009.9565277646891,1988.5116476949954,947.6816545361723
86.95729705885891,102.14604730246475,82.97647988468152,90.7336925675461,1033.364022210252,1986.7129371520941,1026.5765117451288,2051.655074573784
93.4365238803023,89.6423832763676,92.79558891639157,39.45578050167388,1028.7476780164543,980.7015774361888,2024.3872327409392,2011.902166044601
43.969887535874705,39.31253593554817,43.89478496291892,90.1674044680219,999.2056932250239,1005.2339833901203,2033.432008960076,2022.0375788958754
95.68842755479837,95.95930427633773,95.90371742495037,37.48981392148599,1983.2239759917134,1000.9707592895088,965.7698053690663,1999.16318524201
86.51787935771935,37.399219199157685,80.01756305667017,83.58805356811548,982.1700141350323,1970.9198276425684,965.6939722276414,1971.4097006445625
89.31303910259527,84.3528058095592,39.18822004746472,81.89910303564436,2002.6533146668207,1029.8076237860932,2003.86848427542,1990.4538168061224
41.7457203038277,43.86663143156537,88.24231186951639,40.52746703816426,1968.2868928285282,2003.9317120526619,986.8755933306242,2074.812656017321
93.94757897561719,94.3641086480317,89.16034515979415,93.51111338159218,1013.7565304700875,1971.4300861141332,976.338862258519,1970.8228794275396
40.24933028436617,94.68129734204713,90.47437885068537,93.65705740409335,1990.657054322696,1984.02975837006,1018.0560238814479,1944.7091233518445
95.35222129837445,92.47490031467365,90.61248957280785,103.01586868774442,1993.68220571797,1979.684637127543,2018.7355492343486,1978.2835674076332
39.31099464333245,90.84991170483295,35.42050952511379,90.94250072976794,1981.4859761206794,998.8317104892136,1934.0770611575517,993.9456145751288
93.96148052903276,43.15247902333821,91.72024354680768,38.508232986160564,1979.9897143143842,992.5513374860043,961.984023119775,2001.5648972955232
38.355969304425415,43.941100127845836,95.96985738609533,91.51435140398151,999.9008566396924,2037.1107382717091,2048.7397133590493,1004.7528053594474
87.54975781377686,42.293078752135685,91.57827059620156,81.72991049743824,987.0733589390136,2022.0777587658686,982.1032111707759,1012.0314364632679
82.18918090073106,40.7707808998628,92.59422674444026,105.97346813004997,1985.126528731336,976.5982230074458,2029.8258086677101,1970.079631278465
40.79914374093458,93.70760467235861,92.08716447405399,92.96425184199548,1987.6880188371933,1014.2766275503005,962.447538875346,1967.544396484179
42.24774778757776,41.937526424860735,43.36517935340811,92.58293208391066,993.820467933216,1918.4201269400128,1018.3569251464837,977.6555666401974
39.001060957438646,93.24563798209111,94.27406764671005,100.75871796069657,998.1526121010229,1995.8490991757071,2051.920711405635,2009.282188544058
95.92849490257916,90.14567497274126,99.51760478480374,41.10804524630877,2010.3369030703213,1039.3077879025436,1958.3932880168563,969.9062100495712
39.20401177780471,91.45827165704199,84.91981568159434,39.3174253184035,1947.7351770230177,1955.1665956936217,1999.6133657561986,2028.0823040945345
80.01833843561309,42.79911067503393,92.40484970912257,85.16152993183687,1987.3744821004032,2043.8782982921423,985.8071496602377,1993.7765641298042
94.28992875935414,89.68644717945837,90.02074116147602,43.602096459519714,1963.0802157564854,1983.2818386617973,976.9190050472203,2041.1839718351516
89.79781858021934,85.70226788190088,45.017758692027684,91.68697817842781,1002.8339355538508,2059.6754933366633,989.1429967074449,976.9081759441286
96.92028247370249,44.222203288766636,83.34298555746044,44.314438485210985,985.4248125236506,1997.0244020228938,1961.136002026493,1002.7197274939699
44.746173776768444,95.64232379910618,84.26196212814108,98.12359585564661,2016.89657951401,1000.00397604313,1015.9172245897847,2017.4794097463305
92.75567746280707,42.45838990513881,94.04626669682239,95.95503835970692,1952.6244786259267,1986.4705128262942,1005.1184981692026,2048.916593748386
41.11403848614849,41.107498136028305,41.313757187734716,37.24915207736497,1970.390711362219,2003.9156790642407,1992.7839721191865,1978.104574098745
93.9840370100703,41.11520721623708,95.8694162348389,38.430953433020896,1962.7377200275278,1016.672070740063,1998.1358425809085,1974.658101753699
38.651381949066874,41.48509254597529,85.09671684203138,93.08702229292383,1007.6142133970466,1973.3067986608644,1017.3198135297954,2005.040864714334
90.12511494567451,44.54768410481729,86.74241476595492,81.07934478279671,1988.6537099001177,2009.5239907373477,1004.9355234877612,999.2861888909445
40.112656144992286,41.68138352549176,80.87676854193862,35.97104081196582,1987.990185349973,1987.2170819039598,1981.8596690554473,2014.886938302662
86.24802875027726,93.20482281246846,90.83883496257997,36.35931599464291,1966.2720365434604,994.2716915066233,979.9186000141144,1966.3538535317953
44.740470676383794,89.6804437114705,94.55586439881137,95.6735323715776,1962.7512472843123,1036.8329551207762,968.3881428991369,979.0105967501177
87.09528868830783,98.71656630692928,83.41160888811808,90.66035583538809,2036.5280045500979,1000.8238881261773,975.9700359809317,2004.6077057921332
93.15723457244611,43.3234283768508,42.482542212952374,93.18630805358816,2005.6138062885598,1013.4001537963438,1987.3532577968342,971.6013867268945
97.62129792639071,40.18106684659212,85.51544986034745,42.47213464003262,1051.662808872823,991.7758859946634,1986.8958855052988,1994.40539225007
38.7877069540104,90.36566787293837,90.14482615285452,89.96126970093776,1052.533914488335,2053.7514683229147,2021.0892760320396,1998.0775027892491
89.07076860889846,103.73021454860721,91.4316456773652,89.80957839282844,1025.2357701918188,1959.4340616295854,1948.0429737592929,1987.13888917024
99.45865851371994,44.51629694647728,92.09666952998849,42.793973437691506,1041.9990488825724,2035.368299847821,2027.4077381420677,978.6656804734671
38.29495927562458,90.1287760733032,89.01606299490818,41.66903911184701,2019.8562935615535,996.9411742037122,1993.3814488793657,2017.3110923026286
94.1463463166037,94.39773903513647,84.59822052063808,90.85479771533234,1003.8674094268026,1004.6726146294343,2045.0551744386294,995.2116347617093
96.05566437063499,89.661286101771,44.37934377775727,85.00236458890609,2025.2806286500388,1980.6910728958326,1993.6823600930704,1957.1901418488364
38.984330796852475,44.796799299475936,89.73295880454094,92.2103179684612,1985.3286160194825,1989.2611332763745,2003.812174031598,992.5421540216091
91.96061456566368,90.55346997242657,81.05623462122551,95.37746959809822,2018.483317141237,1008.8593885689053,1961.45486461599,2018.9152381830802
94.53694101234969,87.21487258099724,86.50202500529095,90.09950269196925,1966.5316438408881,1951.288516330773,1993.1535649900331,2008.922170992767
91.6916099065997,99.05146436168607,36.60226432649875,43.14530698150989,2019.1776368493963,2002.412229997908,986.7490015317449,2025.7787434346862
82.35733656914931,85.6727933577535,97.7123562792058,89.80499972368017,929.3002119335436,1975.011477801339,1991.3360533040036,2003.0954645285412
90.12501481703491,88.13735718792957,92.26271289975266,90.23555128384724,1990.0886449176878,2016.7370791359867,2018.8703206941852,2012.6860787002122
91.10568217249725,95.55997380994714,39.99732907339188,93.60034926888541,2034.52240952208,1024.291065743387,985.1171498861443,1038.8362995921875
97.02298192944527,96.46089131292828,96.1576632768527,96.0633729316971,2056.7901176148503,1955.7375506174747,989.7888456828524,1021.2000282446822
85.74971711108819,85.1040353376911,44.415283687320056,87.3185069078197,1998.0887820408896,2022.7971834883701,1002.4280331061129,959.8018025505916
95.71569938836114,39.61272217596442,81.35137059599761,91.28612008494802,995.4808247633914,1033.9155816864784,2042.9667995583836,1984.4022334703784
38.60770197460805,42.93435667437002,89.8624900686259,41.39961178185843,2029.5374666842756,1977.9777134698343,2009.818824710019,1988.6778083870922
92.60291983013985,94.65346579114926,42.33917316610486,41.57837347033388,2002.4822883355384,1005.48315710584,991.0598586305562,993.783192369881
103.98990376945905,96.84353185642536,93.98942479709085,36.42276069847367,2022.8368581199084,1994.9951939285322,1001.9868171963969,975.4618663852556
41.992281295454816,42.43680179179982,94.23871817502494,91.61810881100989,2024.2532432250869,2008.477381072096,2034.1987106255835,1960.821719803405
42.25324214968616,39.189589045405626,42.401798421932,81.9064939275771,1968.9744452828006,1942.6572545472404,2007.226132836809,2027.609452083842
84.83263922379726,91.74041174314698,40.27271402576331,90.18456185661184,2021.8444649016772,975.7361007239514,1010.4262204282091,1979.0113097960066
92.97595291572519,44.15112128654286,90.53501010750442,76.79458648804314,978.4898329736977,1977.4425362188638,990.4843491566485,2009.667065229951
42.82742287347888,88.37356176690602,90.48095190393468,45.85594196033395,1986.6239321576074,2029.9509650040648,992.1640496524773,976.7195276591492
89.42863926760756,88.9763373393996,90.12128659069603,46.641701421256094,1975.4098474213038,2057.0474487472566,1024.7132830482306,2000.6017648578975
99.4276329645018,80.69962901904779,87.26149172916467,94.18974126925801,1030.3366099117559,974.514956733153,1988.127945715171,1959.8988710818194
92.06853304328546,41.29285129941019,91.75786678764695,91.45376367651964,2041.6563290284562,2005.2043807920468,999.3312791770938,1941.134011757856
85.96780208068888,86.56433297266938,96.0023930519532,38.61714046577369,1973.7399290291464,2014.2733953032607,2006.5566044715245,1951.1797427685026
86.4343635724707,90.1439628895235,39.23827227191222,35.2782731959353,2016.2402910994454,984.1822857447592,2016.7874864345363,1971.518398721108
84.17006628689961,95.39739935564525,97.93384218705712,36.45081866437285,997.5054110400888,2016.1025688226925,1030.3075993421355,2028.3156986136464
91.2925356213906,90.01192413011482,97.85194350997719,38.98187042018706,1973.1296635542715,1988.6048111072434,1967.9476361384895,1927.438657229234
37.43811605114088,86.42373052666265,41.94804062429895,82.49491801074589,2017.036946998242,1959.6000289025778,1948.8031804542675,2005.417676141745
36.17807421725831,41.60851596860809,41.22458123556477,92.41798600819078,1968.5228663689543,1021.6468712486919,2002.5196833615475,1001.6254169086367
89.03200778928749,89.69189800331529,93.13279369596785,98.0461738041746,1953.0402569401285,1987.0023898515972,1006.617012109243,1983.5120969035954
40.410099227719314,38.61802978173347,37.186548608102186,44.159408003583295,1980.8875946196558,1961.7701731978768,1029.0086224398688,1990.6270274296019
38.981560679439156,89.67385858907278,91.06621964929404,77.41775075742038,2012.8726339403618,1013.6280728016804,1012.3682839511199,981.4123078874685
95.09110818123955,87.02132839753962,85.2845325330227,92.06401847317645,1964.452142039033,2019.4753205088014,995.1550783967248,2029.6711357459765
39.87784955550781,88.2764211709401,85.66731583275879,40.94242873624939,999.6106696366799,2018.8079007733647,2036.6920160806562,1980.0180845138575
42.2566663384256,87.61533946918058,86.0096356488237,90.86439974770614,1987.3853157638875,1018.1603868952432,2015.159903502243,1999.4393847856854
93.80263128149127,44.03526562462477,86.23535660202025,91.30533163935918,2054.011542274526,2064.43656574454,1022.4655354676952,972.9603379311218
93.50434539533931,37.77024302105774,40.27754492176617,95.18383591175649,2023.176066158831,1933.4789291410293,1014.7326468419323,992.6928186189871
97.24623692097319,91.56749643525542,95.21214586295774,38.14094435216185,988.9415618696531,1997.3569896507454,2055.9443062175214,2008.5903973262325
90.30932203185375,36.640494659441586,87.53608948435989,94.87921648216225,2047.6972817213134,1982.7122962803098,1963.4591002011437,1977.6454321089257
35.98011216811662,37.11299960813236,88.49675630056917,37.069345318934154,1990.5031312518188,1975.3483563244838,2041.5069371806887,1999.559152728074
93.37765523036404,42.6445425772099,99.36942448232361,83.31238307838036,2061.71593547114,998.3671799874458,2006.5812883628316,2008.649406007597
91.85502657820277,92.67685763758296,87.60451598938829,37.01178651020982,977.6911641208012,1982.6252588208777,2038.130909931855,1996.497088807612
37.0041955041812,81.15581926449256,99.36221851362377,95.77659921638099,2038.8022978334127,1993.9573122682216,1969.5677997713542,2035.73922590759
39.801999109648804,86.97381391061339,41.21229250452451,84.62029997150158,2005.3209237576712,1958.655552550318,1952.2112991032825,2006.7863327347964
40.8260173336576,94.57555628386122,92.21057481594507,92.48306729928812,997.6181169843989,2055.8411221667347,2055.940173477776,994.096961515306
92.83819745390964,87.16612109630118,87.64525796562259,40.0209927631736,1942.597156820443,1014.7425654912565,1994.2171193708816,2013.430214304498
40.18172098447382,81.72034909515075,90.39316790747898,41.83385701328672,2031.9313333769985,998.4874488259703,975.4904420654059,2097.8728899400976
39.56455266721066,88.00585482050528,90.46246113951018,42.90410822697045,2026.401264003022,1984.8183799412686,1954.8673282123386,1991.537445267109
92.97936138443633,38.7884936070569,85.22414349690784,42.39085848369734,984.1952503311556,980.9097605413805,1015.7026820568274,2016.5016885833136
38.497822042519374,93.60085645285623,93.96728124831746,38.47965228768817,1997.4021467172586,1994.634771899465,1979.284934076259,2001.3645075589334
83.59498753899965,99.08556802491027,95.84183565072166,86.72147156303521,2041.5308759554152,1985.6829524746963,1982.895317556343,2009.234580734406
93.96333751221194,44.5850791625425,85.30362339645369,91.99579820142782,2015.7897524691518,995.5468587258019,2048.1016372707973,1959.7104789833143
82.7303154757541,43.97007724995825,44.53946388899709,38.99567548625936,1976.5749111265525,2013.8424435540846,978.1314293527666,2023.768897825492
90.40107501641988,98.99791336223129,91.72783750201029,85.79763433906645,1953.8786161032685,1939.0609554277967,982.8002512226356,2059.6273299976738
85.02311520677948,89.28452620664137,36.73622161571018,86.02092430622035,2028.6376090934518,976.389152884113,1996.9528701776824,2056.475248872933
84.7408335030329,95.21083422563468,35.1562140953876,87.53326237430919,1979.1575162320203,2006.9364696754533,1965.8672305921643,978.3814927065182
94.5653348389927,91.71259092547025,94.95407282646227,83.9906098567597,2025.541691557889,990.7129980769844,1992.7951663432948,1001.3904503560977
35.943906646754,42.55256184368413,42.242585026890666,96.72399614617859,2013.1657877026644,989.621819759928,1002.6141958560158,2003.8049902697135
89.22887947404452,92.14883692856485,94.13878695023656,91.30869823077822,1957.1067605565956,2030.9782597159785,1963.3807085858975,2025.285142428222
96.84234427512995,95.0270214025903,96.26282250431701,38.52865911327039,2000.7376189480442,2021.1242700191467,1002.6839018719475,970.4076653112238
92.33824174586292,43.46959825375915,86.9124805250314,85.58560438567898,1955.8347420540185,1041.9764146753769,2056.6346837548303,958.5194063766894
94.90432361963602,43.87972122031985,91.22580536498168,83.7159996861898,1984.6620065815418,1999.295444854519,1019.1763394834679,1965.6784735477795
41.72049929683475,87.58337380102425,43.0317342174622,38.50893542969386,2006.1357714641788,2025.7813068794117,990.2297463075324,1995.2261586409938
94.80546610712015,93.25328611153593,92.17924143581264,90.5035403708473,1987.373321161218,982.3374706519846,1995.0928695869022,954.6419505128845
83.77712110530564,91.67276687695697,91.92243321065382,99.96759164293718,2001.4982457570839,1010.1845545822462,1963.920398979149,997.2128291650781
81.62443319338887,91.4106052094521,94.334151157953,41.515931526429696,1975.3631675234926,1002.625550263627,1986.1026441900005,2043.526129089069
88.47105538558264,85.63444040691974,43.79236841165408,88.79289123676834,1967.8483069198132,989.8641417194053,1015.8374954265886,1978.0778048649206
80.34591093831565,91.21471059574291,41.7632134551834,99.03910905341179,999.0168610211389,2034.2171913902787,2002.2841394440345,2035.5397495269028
98.56261039957391,44.563391265741004,43.07866074952774,39.61880957538182,992.3788292817935,1002.7100560054016,1969.7878307895396,1008.4188407665827
91.63805614367153,94.85992197829302,92.09202688778437,39.92065872451029,1000.831272428829,1992.8069692634006,1958.6812937377958,1969.173229737883
93.18066724173627,41.01315009464459,41.70595907710608,43.263457013091525,1973.5466696828528,2001.178588285737,987.515340104681,2038.5026048587965
38.07862047399536,92.59023605712166,90.99223995265338,86.82897644825347,2011.131187364702,2009.8868257384413,1965.1232465094986,1955.5505081267493
78.75072042181783,85.64504256123693,90.49688460883371,88.57355634907603,1995.1436758661744,1964.8457799467187,2056.624854771301,2024.9432528487857
87.46657834213086,92.9323684956614,45.39174622075934,93.90483869777604,1977.3080875249802,983.845882844547,1998.1807176617276,2036.1917966889941
93.38054697096598,92.78789680299768,41.83014324536951,97.11082469399938,978.3228593258973,2038.696240889389,2004.2013779698134,1014.1249933212075
82.40359120505875,39.58065421663092,41.772350415245015,90.29187991315193,1996.7905872416152,2018.1618850950458,2024.1239689734998,1975.3901433487079
83.4443444892969,92.89388380802636,41.83648781267834,87.18126968053696,1965.7400616557468,1026.890967197934,1950.6947384821674,986.3063465312389
88.38470174555894,92.56922087506888,44.50843123641033,36.06879869426498,1958.5465659858548,1974.6704310953694,975.8884902052271,1996.702599529953
93.55497088469751,97.20915383707084,80.58750182948418,91.71603515553494,2046.5296422469007,1063.5974421254245,1987.928458529145,2003.5973048951166
93.1357892611081,85.82961321718658,87.74234329794552,38.437347252713465,1012.2102992310529,1068.2426313945653,1990.830683544061,2007.1979431214104
40.34313391462743,86.52926098513205,40.70948714034873,90.23350275369292,2009.2199861075467,1968.6423853466108,2048.8966023535904,2012.9251978064278
96.03045168113609,92.58954638684632,39.375539809636116,83.61951925536484,2006.392957454603,1967.0097305311976,980.3530179632239,1985.6522773724437
99.8706039171202,88.58267388147341,94.90953149492324,96.02922431827953,992.6891303645818,1983.9899342482104,1982.061163874864,1984.0346247295513
91.18681801406267,42.62437148588495,83.20866609030206,87.88612558929056,2035.9106265043818,2031.9726966954215,2017.917839182108,999.8711535022665
81.18507679707432,83.76956834538306,92.43085567689855,92.16865414426009,1975.1351887593057,1978.824715555512,959.0363397769486,2052.8660188606555
92.78037376467752,89.57147531858475,39.74028461255276,85.94077333446984,979.2371838873154,1003.9797828143259,1975.8692236309366,988.5570948643569
92.11546891150915,87.68678428967542,90.96910751958288,92.14518359454509,988.0554742580854,1022.8125030233566,994.7494461879735,1996.3103744661607
90.78031021583183,84.12607197708965,90.8587052350758,80.77014303727825,1982.0662812203182,989.4273658899087,2008.5838475889027,1003.3533474191288
91.61723118566835,91.14183972292471,40.22151166468279,81.84852742865047,993.7614866457304,992.4458595233539,1983.596157913122,2006.449843681498
35.35027762618507,40.4131989381727,88.91933560367269,92.38375963631267,2024.1235339459668,2035.7796025305363,1016.0423321836101,1966.1939323520232
37.29635570029036,83.58207633365427,42.22573442202703,41.17979072913523,2012.3502083511148,2001.0668940101784,1991.3359058000233,1034.578123669316
84.5170411338658,93.81973589884716,99.26705776323071,92.31139087354067,2032.3669498305828,1968.0280714293929,2004.2291563160993,2002.0300384477864
90.18884882867331,39.44395256983316,43.828354355931936,48.41923578791852,974.641673338047,1970.0635280008155,1965.3619960862534,1928.0310643616535
88.10700461303976,101.27265867926504,88.02513234283727,43.20959089090364,1007.9701255365073,2019.9637340907905,1982.890012773192,2033.7998371113786
83.83842015844509,87.46452674312965,43.9037389472445,86.68438250285186,1009.2455323582618,1980.1254796226629,1992.2208638879554,980.1359633688176
92.54909618371501,90.24140115607888,84.53012800487109,40.27762023929026,990.6305013516742,2021.52249104867,2036.2616162854806,2022.6913133032647
92.0731172861472,98.44214452535947,40.80219778435284,38.425168046096125,1982.9345523200116,2033.776463485265,2008.4344211773703,1988.5696471207345
84.31584234916659,84.04595975413412,89.28396234638247,39.90043820466987,1979.3550553266366,2001.3610555623018,1990.2775270176155,976.8553152561058
84.83265212630046,87.57211673582067,87.88859803888303,87.08096254596666,1999.649838139761,970.0933915153162,969.9265081817089,1986.2408830426166
103.70853821575221,40.82228582063552,86.49911087055297,89.81259877214931,1004.2068256841951,2003.4500187827741,2064.4712337091187,2017.4911618694111
93.88397614104855,41.49192140386219,97.93230234824534,87.35776729136666,1966.6630246616712,1991.999247549304,1916.1828278872056,1966.1110779009987
97.46196387043993,81.9780041735692,46.87521903510538,92.87135110409825,2024.8108379689686,1983.4963674302678,1945.574788519618,970.9238617934581
97.99152475638873,88.5963208034321,92.52733386260348,91.87305792930118,2008.5371817596535,2069.2923840819176,1961.044587928891,2031.2310384382095
38.92546918393501,41.91299459108216,88.1342630683664,86.72680358405134,2003.9787658449236,1998.2818156895266,970.8065741601888,2041.107896088362
88.33098008963529,80.63812719817486,89.93211122494965,88.09458526411552,2038.9533714603206,1941.2955602941818,1962.8879809816317,2002.1384179709382
91.3613249564575,42.35593227955097,88.94016536093991,88.98676842954556,994.3008362130554,1963.680530162765,2010.7469750641478,986.8751985616293
40.866356041705565,39.995861553278374,89.0303168387867,83.33183914315927,1958.0055651797934,2039.4000407779067,2044.2799812340693,1968.2083739939371
96.91573619950051,92.73042274924252,81.4224945263484,86.47032090886705,1953.615289802303,2036.3216472170473,1950.4149634160417,993.2593676244078
95.25541387265814,90.43136641317159,43.91814902355108,89.25778985157027,2002.6997784242897,2062.8362872655657,1992.8704927081214,1040.652120462733
39.30997967572878,94.61941726053195,91.31047465964676,84.94554994724174,2009.0641476710039,983.8714814488923,2022.6671320107703,1028.28830910572
89.65505103961857,87.450651567687,85.3023908734791,89.02084084574328,1016.1738727558977,1998.7051625096087,2032.3726948458043,2000.788558861053
83.84842143978273,39.37199903924679,90.11979932714465,98.71651266431292,2016.6752987125979,2022.6513433527778,977.9481232258624,999.4851865379991
44.159367080235896,44.76137039382506,50.40206115433385,90.5599512382617,2014.7251599529882,2017.283092138772,1956.993669845205,1991.105364289484
81.28203915293497,97.35938955283792,51.971028395162946,96.00956643747057,2008.166333830703,975.4377807193754,1067.8313827548768,1983.0702415140354
94.34707722761826,84.52602775677413,87.25656865061228,48.933298589671075,2052.105452515934,1007.1994622674234,2017.844617058259,1983.700829539341
90.63951300672478,86.42162874447217,100.07935638007956,48.20195101942936,1965.9035642807703,2008.7638241268512,1903.790177425588,1993.5117551179012
44.69336106228273,40.91935560038418,76.33261524972708,93.12033217542306,972.1689321355178,1961.6535346800306,1995.4879632076274,1053.224053497905
85.77104113362695,49.620480021808476,93.68664270663834,42.63549734084041,979.5297940696628,2001.9327859136085,1976.5277160452777,1025.724625916066
41.271322078978805,59.40671696818869,50.698383270951936,83.74711209629571,2060.731760784782,2009.757883613949,1917.2883006915083,1036.2478324178646
41.513412443034895,92.31323217259957,88.7715282089056,93.43779734306277,2021.8803805191221,974.9636173018885,1049.025576753509,2017.1188535689637
86.65164960812511,90.30776113251935,84.95218673832109,91.64169681558262,1002.4978429829715,2008.8282088562396,1013.4114957511964,2010.9180926512422
91.95195033592371,85.1465906391857,92.2584782050814,89.80017734549486,1035.5923191221095,1940.1714189787242,911.4829824773014,1977.972411188231
93.45078038279918,86.85021230775067,87.18159745901022,84.89224743667539,1960.1956610144082,2032.8884147023005,1988.3623627004965,2015.1320997996381
45.72486158548814,98.4532216379209,87.83006064813806,80.36329615789496,2053.650686022175,2006.0674287227964,1038.3190647123995,993.8557691166454
86.19275035667042,45.08630669348753,79.66741870331276,93.3755998047773,1977.1223491010196,2005.5165060308586,958.4995819471314,1006.603171239474
90.10786143339658,45.97961911647342,41.56013260974182,43.013822327520835,2036.2484897637985,967.1453893582463,954.1725683480263,1998.9652519704593
87.24126851921025,91.07889214019754,47.19956878426578,91.71769039200842,1978.8696803235202,2032.4443112753918,1997.6311991584234,1981.3282427651366
93.29791614906895,44.39206010476879,43.25007489280365,85.19872076316275,2010.007120209157,2012.7707932938251,1014.8235211732808,1979.562840460688
89.62263426318746,94.04092501529507,93.63938856440501,88.87887977158128,1987.1721945359595,1975.738644370211,1011.9957860640906,1992.3715581471365
45.58582236586257,86.31813401064285,98.6908661147741,41.172580502514066,1018.3676321447529,998.3937578918731,994.0997305340729,1967.723135371155
82.35292924214058,45.274121001127526,46.901538514651975,41.03160164986954,1016.7119271980641,2018.301137765219,982.3336623021822,2045.3924296686823
47.05411174171595,91.71876192381323,91.02874425077823,94.74876196221724,1982.742464704534,2033.0468976372056,2021.8767529614217,949.922969091707
93.90920416885436,86.94838334176896,97.46376013888298,44.68580138507518,1995.2161512794228,2048.3381722905588,1987.616679539729,2023.230284100357
48.42627475464765,91.05242829774976,94.60178414191998,85.76471495315843,938.5167998517551,1989.414345672101,995.2847405021588,2042.08825490658
91.1915278688281,88.04499400458873,88.6937844395481,79.57954540645066,1964.2183155345756,2012.8259029673777,1972.7765386584897,1031.4017099274888
49.29180913248036,85.53871951805104,86.44237653226129,36.1448544787881,2021.0564421035904,2008.4616624244582,936.1493973512706,1996.8591870414093
81.06376204342698,76.1718438468751,95.58830274841192,39.239998814930814,2029.361068097673,1021.9689265542175,2025.183106234587,1977.9025016087398
39.38412534949842,49.508142909773895,90.85803815413014,95.9754375096964,1007.328735898464,2014.5108187975388,2015.741595158569,1070.6846773872444
45.03290338759377,79.82987861035849,90.35852069449038,86.57022272064695,2030.0719439305303,1986.4454000020828,1986.1300827263067,1055.483015137807
48.09738105485182,49.56720745798544,53.343756386615254,88.48481967036346,2043.138000931709,2007.5344238776415,2016.4469828947138,2034.119673318815
82.59010022343094,90.1999373471935,97.59830106015777,43.28986757208854,1947.7813926938288,1980.1935173767833,2014.196412657149,940.5353549657348
39.10822720800551,95.43961723154715,39.27690471468081,93.27689198295748,2026.6258796838426,2053.679994248375,1044.8123840838193,952.5078978007468
97.03808471774387,44.588575801044215,41.54648264369369,41.60511546563454,2024.4833583127559,1043.481216920111,1998.3768574917706,1981.92406011077
95.19482586073914,49.41652354484315,40.030908798127555,39.11769877752833,2012.2934584100562,2011.3767151143445,954.0297663068272,1963.2909309628203
52.599334241256,85.36622700119169,90.02297656000285,46.868588542537566,1979.4148971422942,1975.9269244613156,1992.55401709088,1074.016017034905
90.223526921322,86.96952358167552,100.3392011827445,87.4181225763011,1018.0069312691081,2045.7894668374886,2034.4444593355554,1972.5190898911185
86.03622773884075,82.0261063571296,93.86349576132133,95.06588156877223,2051.0428310757034,971.5981233068787,2018.8759454621932,2025.0263325455815
91.15150201346482,45.50240756415135,41.03771139086078,86.88910563092804,2024.8911932865606,2047.8998847120604,1017.4433398226561,1014.7717474634785
95.89730920517461,94.71781801793739,84.60075374446532,86.06696861204689,2039.5624280617296,1985.441261226148,2001.022949076367,2013.6136102694868
42.07152584012953,94.7416927566318,92.53191360993236,45.195335795794776,2036.8784016857765,1971.1025694855164,2021.7465661226033,1065.3304674837889
88.37900512634273,95.09056340852638,38.13650249859813,100.16711021059972,1994.6338381213197,1008.629185597085,1035.8995178802252,1062.7627814949296
44.748815760340094,87.99138287279678,90.54615063821488,85.63423025795296,1953.3335562731638,1982.2231251290593,2013.1165975634208,2004.5072791880418
87.70594676047311,37.223189815902295,88.21326602241797,39.43305480715128,2020.2234965024772,973.3636482449299,2031.5479867377242,955.8035744984863
49.96329220523826,80.78717036253977,96.85059888253726,82.08454651320675,1983.854551043772,1976.5135971856319,2027.1355161825338,2015.8413770180612
50.90160920170851,49.039438315588704,45.301045880324835,89.11002328267331,2039.8312413535157,1995.2825328661163,1974.9784262471403,1988.5129157137865
89.54892593028373,90.71314903145682,89.40270491942876,50.56300077648915,2043.3190022546826,1995.6935475713722,2028.630976127698,1994.92655496585
40.57398159392806,85.4544337509746,96.5815868874321,99.7796157245533,1995.0815746390422,1996.053787826901,1956.7599238846442,1997.7609491474627
85.51321178510015,45.369894667574926,95.59544594052666,100.97443098684407,1987.7792388561036,1984.1207120952959,977.3937172472544,2048.225624919521
39.96133581756132,44.65229114591895,88.99856506816927,90.10977936859194,1991.8435422716627,2029.3974582630638,1993.4594036747214,2010.5334949536775
37.5497965925592,83.97750355938439,46.42540420528129,93.468924663056,1009.9406363024825,1979.0113664319097,2008.8650935312874,2006.8831979340664
91.56217241831335,45.75095659756634,47.803845995462424,77.27946344733863,998.5536020888708,2010.8462007048597,979.0034799928017,2026.2703401257636
91.69493745747273,97.01968731010649,86.31383804194971,94.2843391587945,1973.0954905825736,1990.2511259662722,917.591912623504,1941.889008803545
91.14562933309142,85.9982211961545,41.13275857257048,98.33882103947829,2008.960030071011,943.0322332075789,2010.0352356565666,1958.901462962028
60.695071080506786,86.01325024523662,89.098881446478,83.8607014563118,1981.8651639554764,1972.282817133876,2001.2037099766596,2010.5668397989439
84.51348416140965,40.728311439232584,43.18985985584261,93.09224063910547,2038.4789997735425,2007.3971957259225,1970.6346306734615,1981.2623465527854
98.62514106615055,92.62446242537608,46.32837575773787,86.64928870455657,1981.7538038843554,2003.1763226551695,2013.128706956426,2012.5538061532736
87.37627822852353,54.33323890059427,87.42475868157419,76.27220480513157,1998.845766396669,2009.731948522818,1977.7518476903108,1948.2969441054368
85.81797289127041,97.54221386380186,53.95246257935245,88.89835012351004,966.8439628423407,2044.714016742984,1991.727504752315,1000.3551270730594
51.78048756737986,38.51772814780653,89.96870834658526,80.0885953057819,2013.9918300943932,2014.7181518742975,2067.0135148788067,1010.630988015486
85.80357062429806,89.86090275638404,89.4765867276239,97.05275113539503,995.3755400742994,2002.5488948300144,979.928325590054,1972.9800185542952
42.94150294822765,103.10963360728573,51.26272390091559,93.8621191099439,1977.3957406060588,2055.4424489246976,908.4213727492352,1991.6370231249027
96.73105641371956,93.81087493305748,88.07137262591868,83.40200084849165,1972.9297975279235,1976.3171601509825,922.090958561354,1988.5403927549805
40.194493281349025,89.49148399469,84.55683287451654,94.99281006800855,2011.6339834030036,1996.910435902642,2057.8279350762914,1051.9641440118376
85.87508422217596,101.24441256269097,88.1963828369037,82.97894170818574,2001.0527225822348,1013.2509126126054,1947.3790523996881,2030.0701677760023
87.12205171688917,96.24079807154513,44.872411231071766,43.66238689060319,1984.8813268220754,1078.7811680580564,968.5941726496385,2012.4654180479336
89.26686813867678,51.04278324588238,94.7123598310972,94.03572230172666,2012.9111849480792,2024.458806910398,1996.2443152088265,1978.435164556207
97.90777868264391,83.10282961682029,90.33630020681943,90.87605315789374,2036.6265257766615,977.1035989758618,2051.3179445104847,1987.1021673156715
94.00757276789776,87.95925264744696,88.03630190006899,96.43565189776749,2079.142337190859,1946.4753449105515,2033.1104670012908,972.8151175134932
79.38893184316956,88.41135759453407,89.12075780809398,43.728610466742126,1011.9036127942538,2032.9536879685456,2051.2427314918687,987.9998398059794
90.22134771441118,46.31025552537592,101.12656347203719,100.90491805305513,1021.7378667474229,965.0122391280582,2006.098622139863,2014.966565798029
41.51316078224872,99.94194281159433,47.727483867134424,88.78859273607308,1003.968814117491,2012.109852101913,1947.3114049256144,2007.940352159425
93.81347643879674,47.00736705440673,46.81238545471909,46.95708016279599,1007.448885097536,1999.7261429360915,2005.827429831566,1932.88250276077
83.58794174865295,82.78890622344906,90.3364413385924,88.89431688163253,1044.568037119288,1979.1489804015762,2023.208357545466,2014.8607463659332
47.24774490965242,91.61007903674425,96.44020868371278,40.73465385538198,1977.2228966724401,1988.484205254511,1047.035925106784,1997.4172551258987
48.21898149455413,90.7486160598607,50.53782401700142,80.22336879132229,1998.8438008002495,2030.8334901643277,2005.7610643189098,1982.9431169406153
91.30983263780371,93.32741527028361,47.29427640966476,86.17745786890089,1953.7442793987034,998.3692976987057,1020.7475118504656,1983.863356576668
94.56908752667684,83.96008049966048,47.395470013751904,89.25744266144216,2012.5520612706393,2017.8951017394384,1072.389053937665,968.4895356221289
84.51432434583064,96.37876043108014,85.69563440320098,84.6062716194487,972.1693184101555,1977.1559416901434,2034.7062673856137,1990.9626815349766
46.75186613528097,95.9761981024817,86.43494537181186,97.25411169480928,978.9884114554277,1977.008969280534,2005.590520453787,1000.3471688389423
47.01875091626104,94.15617650902998,98.60126591875932,81.01896587576739,2029.0320102713442,1969.9762189070675,1037.9733579979295,1997.5577302716022
44.77487347465964,88.71666319532598,94.93680702573988,83.08718935080526,2064.94633331092,1034.655678382809,1950.7926332744132,1984.1036732299897
88.5094391788426,86.06572720973051,49.87033899776411,92.0333231632945,1963.1428379344877,2067.4009854102633,2006.7949190014556,1977.5726652691844
49.95733039410749,43.13670784181734,93.9715865721021,83.38159621634792,974.5249273017052,1979.5571308161389,2001.7956377130588,2070.611122267371
92.06685949701223,86.03680213327499,45.2574119525624,48.84701021858344,989.6367764339511,1976.5003958459004,2036.0282625632233,980.9737499227789
45.47535212867302,89.90494893165027,43.72101564756622,87.82738489264503,2054.3262329629465,1962.8694884802253,971.2108991769303,1999.1905106023212
88.83128144719767,95.60368153245952,96.45668144062122,91.9094107235246,991.0788660351564,2039.7142308479563,997.2758549576654,2003.360595574143
50.10272599360298,44.37387080367152,93.70930643002112,84.43296986838268,1983.9483792989838,978.5175298893964,2000.8791180501798,1921.365635433561
92.96738497727384,89.17102171305379,87.60645154783123,92.02276215947705,2010.2476674004579,2019.7856405593197,990.9297259073899,2059.129310205039
93.24838701267561,56.73868491741697,40.27950052560321,77.78263825594041,2010.8158951449743,1974.2103312983031,1981.4602669183942,1060.0146676437798
85.11316765280326,90.93331695568018,85.27174711706007,43.48960423430246,1979.118801813371,2042.0176489694138,949.0443222002633,1022.6526159976586
87.7896687861728,99.46503964757886,84.93786839065064,90.41210812231404,1944.2394466124476,1995.2748401302206,2016.0096698482246,1984.265975423731
89.37704753700592,87.383785280704,45.63823357289237,97.2281734488931,1041.1400328433053,1968.9914640928653,999.4728370647599,2071.665839335137
47.66511959731761,96.77956243701061,96.21918491017082,91.23737699497227,1006.5383629820799,1986.637244055448,1990.6214723404407,2021.8644115421923
43.51493372088604,45.09007912967779,94.66760192552857,91.59581661850707,1957.779044641751,1960.5493343015528,2059.951208027865,998.3922682691984
87.31865290171022,86.26961044999597,93.70202461436192,38.133072831777554,1998.0547444709166,1971.3790394395162,985.6507547244332,2000.286439898084
90.71701956460736,97.33903808018451,50.78343120306451,83.51252475611881,1012.2473057914924,1961.6386456702362,2026.4170517695893,1038.9063127643535
48.74324031148545,94.21066614230587,50.57370114793227,42.893560588101174,1001.7001416402684,966.4131492918627,995.4732759297435,992.3643164241123
93.59708753596101,89.63753998624787,94.02353827759768,90.39351881984994,2017.9777679690765,2013.958149480101,1988.1333190822863,1997.8717854951922
43.71180728583329,90.73536499286946,45.351011921938365,44.91004252634874,2022.9735888831328,2049.9219867625,1003.3325922408549,2043.2190052044725
47.52205685567631,47.0179933731628,91.95100181522496,87.32821156000696,2011.069851415812,989.3037232524059,991.3550248031228,1998.163551748107
48.595806186855654,92.11972245293563,89.5770423676661,87.65502817805772,976.6312942121951,1057.1498385253728,1979.9369041414907,1976.7129633790848
88.730576030606,99.02329582479231,45.660087888369084,91.40290032365746,1942.7577001807783,1033.2436870616934,987.5095292133863,1979.4528522572427
96.17802228510008,89.3897086536638,98.65817547844296,97.85643643230883,1968.3711106448984,2008.2987629472714,983.9170397713375,2022.9231475188608
43.33571355132224,45.359468385956156,80.50441637911815,98.13620942478381,1987.2243846449726,2030.017768849719,2015.07675437947,2036.3999351349958
41.257757637506515,78.82608633482732,89.12105134090913,99.11064247535309,2014.3630695824968,2016.998624596206,1970.1911520947785,2076.1876539696486
87.80268061162784,48.08294600239721,94.95390453250435,94.5167809344936,1011.435301983593,1998.7930920463025,1041.9723109077313,1987.7550082958887
44.86930537195164,90.06878881151836,84.04781042271878,83.0385357850785,1999.8555599178378,1963.0324955450699,1058.21580126618,2016.7071545809488
91.94292688322432,45.93586617778002,44.4852144274172,87.29268089369906,2039.0683915130583,2011.286879169422,2021.5872535231886,2012.8288671444184
43.706411487783186,48.84686520291034,88.5430985261722,46.58752748703391,1985.7297099973998,2022.0260875387069,1027.9423375730848,2033.270530567906
88.79339372030897,89.27400840918773,40.55189400147039,83.68259495032265,1945.3097915742924,1994.2960815966146,2032.9522390885045,989.4217066476444
95.5455487836204,96.4988368014768,94.88227476651724,91.71372637662337,1936.2975340799067,1063.4715553281776,1962.5581658531191,955.6700330514068
91.50994870306286,90.32495766980504,85.69540814169802,88.4565322348104,945.0930189086587,2037.07668802728,1029.3629478786606,984.551437522345
93.7699297621082,92.51556675390127,50.72207355954157,94.47147486995723,2006.7841504983633,2018.3548430788367,1985.63152765809,1964.494712119672
47.45989801148382,85.82364922033887,45.43687860911368,44.27690229856946,1998.8669305532808,949.2725310989595,2055.510602599822,1048.6852732478806
89.39155256390562,90.93147478204324,100.79872600963857,91.57886064060312,2015.6346863642323,1985.7440349405983,1923.18488361571,1993.1305006470884
92.31174153709712,94.66881445245481,91.27279468053976,49.56588607818403,967.1279612405532,1993.3340679661753,2047.175896798047,947.3260143757414
91.0990951370075,57.41781875191653,83.38500061291948,89.58563020483223,1965.7765309288775,1053.6522747917465,1041.91694414606,1996.19261763113
45.65441532246379,89.1377341364183,89.96247956588279,86.43704465814244,2017.5996092406747,1978.2286843638894,1003.6741394481367,965.7358208595344
88.27106576834798,85.18310551276421,45.09428666028021,93.0241339110535,983.5891303929586,1988.0688431049457,2009.2515892747163,988.8835461711672
90.57648855933921,90.96976651599961,97.04638610091484,88.20336285110105,2022.7619481551137,2003.1000050729194,1980.761327082066,2030.078158970058
47.20611142745291,99.87773939963729,89.61255961274813,78.64342319223965,2004.0277740836998,1990.6017803679858,932.9775489227527,1983.851489809869
42.70340760982809,100.43296238136793,83.07983325432726,94.27202250801125,1994.1737701389393,1018.7494766146926,1946.8315004974227,2001.5707460153767
93.87492294836069,90.07747082626375,89.84956147640766,40.763978571209464,1001.3908782014938,1014.0445454309518,1987.5714413948958,2006.1802511535382
89.38904972390289,86.51916522993055,85.01918080810347,93.54022481737758,1022.0648182357174,1035.570299263285,1022.8968277862592,2027.2997177769153
44.15747929230784,92.81977871310667,91.19045949556649,43.61846152197978,1067.3297455071558,2029.179540093846,989.9477776991317,1991.474611174281
42.926346905005644,94.90005774759521,48.75000287954251,89.91426637441522,2042.497672270592,989.5621987033425,2011.1633393555494,2003.2615078833958
90.94945423166871,93.72089363687043,52.4116785712756,45.61953223712089,994.78456711276,2009.2562585728267,1000.0822901576189,2000.6307861946084
92.08135675835481,86.88974309213252,42.02644528815563,43.77955711558354,988.0253868641411,1995.8290514249738,2018.0652019421875,1029.3771784238372
44.94122969541209,82.20828343996553,43.078902185044356,82.84278073546477,2021.4177895120401,1951.458561726798,2031.4078301570373,1956.304682003879
88.96210732059461,92.72084565393547,82.76102994107966,48.96348084243046,2037.8779559464554,2001.892589534318,962.6956984691374,1968.5936443386295
92.86034065694784,88.27880006302385,94.36920525114049,91.26008267983208,1974.7941244011952,2039.6289118775896,926.7204075370737,2044.6649654570288
53.858821181161524,51.59569152285715,46.298904043007546,90.26807781123725,1982.4575981199198,1977.7023488253014,978.0672628193206,1972.2402272682984
45.30475449223233,87.45904212751392,100.32927920997061,97.95549465098426,948.4828159648675,1975.6916484767537,1985.363629228659,1983.0829919487244
92.43966606158128,86.221709341633,92.35991590683501,87.6767530891891,2009.564777091161,1955.81396601095,1948.5302179361126,1996.5935466717606
98.74085023724591,47.30270675021089,90.75112706568058,57.51149843891346,1986.3700120497356,961.44776941137,929.9092035190286,2012.6976303962826
96.92042635416045,49.524053345753536,88.14386021319551,86.51469586977055,1976.7131538042756,2015.9917923914024,1952.6815826195482,1976.7119948104134
90.46998107558142,93.64737811294533,51.41522100208272,89.23839383103368,2015.4601618655931,2009.3799544680332,1984.9127681971756,968.4560608473025
42.17376060255201,52.55526445633933,89.00179416132212,88.23371541078977,2056.1633696199406,1095.2882681456267,1040.0836873484536,2004.8422450109797
86.81727179367728,85.18485565159706,95.15785567728818,66.72123823292418,1948.6786769444184,1990.139890200419,2044.6048631568779,1013.6025107840724
92.47209682385096,91.03100936813188,94.80789122551559,59.67242912241704,1975.8741760348598,2020.1029643641111,2018.4491563334655,1964.0531789832303
91.18451249293364,92.80983332635513,84.42340343766925,42.58478211036089,1961.6727996800948,1986.6396820331263,1986.2740489928858,967.0919211459466
91.28896475136825,95.58611703076903,47.71448225712264,97.19140101896808,1036.9834911757575,1974.6955107451904,1936.967770738794,1985.4955428583144
100.0450955751988,86.41493957113997,46.92538815652266,65.13746036930166,1006.2179177464172,1977.008146151348,1152.995566836632,2037.1429209362407
89.23362267608708,96.175804798587,41.556552482052275,96.11407153440778,969.0861920317946,1022.7896650906148,1999.5429763638654,1995.4504382935397
50.28024247901112,88.63673478782752,49.453806344859444,95.26277366662937,951.7266409205145,1064.520841827751,1981.8515728495736,2017.0947802105698
88.80161320325982,94.21725422067644,99.1435721331466,89.04685796257486,1999.9234981456286,1100.7019813893426,2034.009701724278,2003.959489020951
88.8823885823657,92.77086566091171,59.031185198514734,52.05902104761522,1061.5987528783394,1995.0330797909521,2000.4855644949628,1983.746705816279
97.04566428085185,93.29315593216542,90.22927168132394,90.31482027249393,2028.525610969924,2043.4995239502466,1961.231975956867,1017.3079252186374
52.31578443596143,89.72280643963215,88.14963329925092,49.279286496523056,1977.3917755024704,1026.188496777228,1036.515449489355,2004.2011959656907
92.91587350148808,97.64119938932117,49.88766499892937,99.36674057927945,975.6978344968727,2015.2229376322546,1981.0605538334962,2015.1616163808915
86.6792208269527,92.10765332628802,97.32962407371485,45.97202593264994,1082.3373174205906,1976.7849672204768,1023.0374805692192,1966.8742760461246
59.41498332955848,44.92336864979714,83.6029214646033,46.873279862170875,2014.2062093693794,1953.8871974795231,987.8047952721444,2035.6838670023767
68.70256114031659,43.03632394228468,87.9599558041997,50.89303820321824,2011.9228517162248,1990.7628350557002,1991.771344962475,934.1100417762423
91.49680609406056,98.25805525441774,97.6228037926399,93.45106778575878,1060.80374151096,1947.9500564300636,1055.9472980518178,976.8791552997129
88.92667648801834,96.7224468616205,83.68216307885515,94.53192154146785,1998.3017461644715,1978.493456301016,2033.0359085631674,2022.187152456423
93.94065087893668,90.36257806106248,91.13034124402708,93.01302107790049,2014.7052675230004,924.3865842940429,2041.4986432182645,1027.4603177186975
57.01663484812576,56.11344400498307,96.91059541405735,83.90098017003994,1972.8481096070602,1979.8412797825786,2009.902713369217,952.6202112674099
87.08499549477413,90.76243570811836,55.77196719405515,48.462007538061506,965.4389844421412,1983.8545339489674,2054.775905634661,2048.1186181786156
88.79851354958289,95.42401254609628,87.89459324752148,99.227338274478,1978.7559423878847,1992.426539483146,1123.6651492515712,1978.7351964771572
51.23547979746734,53.74624578631992,52.24329564243594,88.7455407909998,880.8476255553709,1931.3979593226056,1092.6293439988874,864.8723143393255
92.533897453223,91.54607723613661,90.23790105093843,83.41277248280056,1054.7955028899937,1995.1631864418978,2006.9539022738345,1980.3189849554321
58.36536193653704,56.694958104081,62.94832173101604,89.80826575814342,2007.2076673153065,1969.7387905685748,1948.6383627906444,2006.6196859324305
92.86654825827965,60.863384007990476,89.52417803605252,48.33773938524298,1138.2769482920717,1990.8495387490025,2033.5414756609553,2008.7733666102738
94.13934862915076,56.951104450451396,90.32743615620522,88.41282228614901,1977.9848924791613,1996.3040657361544,1077.91947335867,1989.2837701376059
46.01541318577968,47.484668269110294,86.6832152962744,90.94552908422062,2038.3130657140644,1999.3686423491888,1172.8175584896921,1023.542287847873
90.90182476064099,47.80036916933996,84.42778463607897,38.32371108886787,1004.8979332242776,2034.3978137938282,993.8215860052911,1969.6818613318953
41.772245812592345,83.74529665379677,81.62691913772277,43.831608678162056,1069.8024739369891,991.9516507921553,1989.5665368745438,2015.1717268569237
96.24195229625114,90.43814014368166,87.96434157022979,91.78167550122366,1990.8162720954442,2041.9596784027776,1978.6578029451125,968.0284579293566
54.26262775932204,87.74830750011745,87.14911012784157,87.82284995737318,1012.2569173795212,947.9941708391054,1963.0030503157939,936.1773946800724
57.89349815416355,86.73878442506766,59.99320478700342,82.82730372370236,1002.1470099497757,2020.279886118788,969.0189752889335,1958.2066333345142
99.12451309920506,90.16632106585087,92.10753889236445,88.7229630537075,2015.6957298077423,1072.789340136117,1898.3976158357239,945.4083269093281
46.987820135638756,88.77023009924345,49.93672064947629,57.34291103492192,2017.0780422557445,2011.562487301044,910.7612560222566,2014.0687260076693
55.45515222167015,94.1549116791229,93.39068895031534,55.19829154247276,1081.8800370443223,1975.6686496114414,2036.172443419721,2002.3394103491457
89.82574645906647,87.5128635203447,51.74214120392227,58.33027267293352,1022.4456707679581,2056.161801854169,1994.0198215743378,2034.777422915331
96.66778638499493,84.77937650976035,88.01596208249661,47.48416948056468,1981.2893515738815,2041.1827636278717,1962.4942757961721,1057.8116181731248
42.079300192594296,53.15412428289976,62.54309498161005,95.89477693871488,1983.9641489441262,1978.135402768026,2029.4817533777102,1993.2716717103942
44.56488346436682,88.32263199528954,82.5616443413285,95.74496009926003,2032.4114838427715,1941.9552910534846,2026.4626805395258,1965.7092022392321
45.55382215631851,84.73850306605138,93.4048807855904,94.27499989510952,2009.3416814204204,1963.594611319584,1121.2781850182278,1991.8419955709064
80.68146191546836,62.234554441715304,82.66032326598466,93.33549175084543,2014.632025037912,1018.8872610444014,1041.0649842341759,1073.6633427276452
59.76670361619197,88.62660188444647,47.29373503480765,100.42506047160153,930.7869933003813,1992.5259543126174,1998.9179173874943,1061.9343497633001
96.92320454839566,81.39407713320281,99.44788051014879,55.31067363721978,1971.6251374468727,1983.5108777070611,1998.1375501590737,2028.0730061381103
82.91535555889047,98.77632631685654,100.36419206589483,51.14227998394452,929.5005110442133,999.1255442982931,1986.7019148678337,1994.5136687513414
49.75539238230388,88.662865145191,90.53770222209944,47.66827483407917,931.9313507898012,2025.829617572376,2015.8206935545265,1992.545883911971
99.77237174598099,44.704980770344775,97.2088766284993,52.21631086790795,1978.2931492103141,1986.9834226632686,2012.88677067843,2036.5915214173142
97.05072137849709,48.65294086115749,84.16473163911822,48.652693845357305,2033.7874941248836,2019.0500446327558,2038.7814674453402,1950.8138807401353
97.21920381725259,52.092453094126384,75.87531753393522,49.56516010754536,1966.1143561446743,1999.2844785603404,1983.6743509334235,1017.700020458002
77.8928220342298,47.51962406880046,85.58869782910702,49.79002197006435,2005.6773457356962,2024.5759391935176,2047.8055223359258,2026.693493574641
94.35562679301336,97.87699360651894,99.13137916835689,46.226243827474505,2032.6972237743737,1990.657636188467,982.5444920590852,2003.9536172881426
90.82373146554787,97.21816080226102,45.25197905979563,56.665894923944535,2000.9008726506734,2014.0134428018573,1998.1349610833397,1960.9827313951025
88.59975610627907,91.14588145317767,90.83814960451453,95.47339012210782,2021.7061948682654,1984.227719957352,1998.6815770092114,1951.7083849535788
88.67465693715755,42.78135583104698,58.557660419507656,86.86619526518922,1014.3176098846689,1966.43859724544,2050.1512776261084,1100.1749106106352
41.70018912154686,45.43787381160507,84.97246350725364,58.203462553915536,2025.2267296754346,1989.8826519480265,2006.3768000130617,1055.3702939531145
93.29701388363901,86.57688897028285,54.40819531487807,93.67637779688947,1043.3185657888641,913.1202535099801,2026.709939502074,1019.1300185997127
80.54668367965223,58.12937281167096,83.43779849566761,43.59268444111295,998.590603281763,2006.499290277834,1037.5171088571547,2012.4165367417063
56.59076519568041,96.53486928267839,89.54099598369875,91.42180746256427,1957.0511855882198,1028.423529320613,1986.5338398109545,1070.2438683150694
47.0685838786667,83.66897029778268,90.12285182700695,96.0472479210001,1081.0794384717658,2024.9025860482639,1972.4089773985634,2003.6895045876215
80.00394131523628,103.50745109090482,86.94298949669705,86.26235119481746,2016.8411127814734,1993.3978407008774,2023.8452327450702,2002.9443770010453
81.18429094039095,58.117803029713386,88.20119027110574,51.80342724716109,983.4472033769675,2062.4847211732995,1027.3233126512937,1981.3038380260637
91.34678599465784,63.79710866344615,92.51979952930778,86.31842181410175,1933.4174503055349,1083.4114289061138,1972.4944419307635,2021.9528458820566
91.04720083577081,89.35900883269498,49.024463812942216,85.94700503678966,2001.8666003321587,1995.05160724896,2028.575992131549,1988.268722872806
56.60391917432155,95.03039420237988,91.62730391399892,57.546813122763886,1076.7306515196942,1107.770806924564,975.3195410207326,985.9476608141958
57.47957951889171,87.8377567024578,87.77709135963119,89.8162471027558,1133.492297290387,2020.3537086506258,1052.4504661181932,1993.6186434754657
55.80299300130765,54.10694634178477,57.624165829795736,89.23815901870195,1979.2685042599398,2000.9967265741075,1987.9435248824043,2034.9729986656325
59.21618285032159,52.64574652623618,51.58645527562484,87.87779957588121,2020.6068099473157,2004.980859151591,1972.9060945436645,1992.2343564744099
100.21548227495546,86.13970576443359,55.01023930100013,79.7742436349411,961.3622312129119,1943.1744744367336,962.8599619085387,2053.1854348180404
90.61670213780044,49.53001549590603,82.9511605354298,98.62083996082677,2021.0933508585113,2009.5633526111699,931.5911566371798,1981.2474056059832
98.9644236074101,88.58207965680359,53.53458230713704,85.28900251980174,2040.6805814336449,1979.9763810560614,971.5147145016203,1965.8323374179076
55.447170645804135,51.45667255904079,90.69835934697049,62.643554126443725,2027.0597766292935,1956.1291364761128,1976.9003403626407,2026.4555710510542
93.39780517611436,57.47120916142176,85.25821879905062,90.69594691237081,1930.9575899808274,2017.9435497318145,1987.1182667281332,1954.6869939056182
91.68026423821323,58.950078150379895,86.18439154615871,46.60338427399937,1951.314781237816,2016.334667998081,1996.2199505569904,2002.562438585257
47.03262927134986,85.51676238236018,100.1473970621519,96.28573072669704,1963.7738214478818,1974.7542114926628,2020.855855374641,899.3906387188367
44.55845895899455,89.14529472986496,93.20070182512612,86.1220316582569,1047.0520975746676,1968.746019022367,1991.524560749897,2059.0599524101726
81.90849678886684,55.929028455967575,81.78186910402768,95.23381774213303,1985.2696025235693,2008.7610940972577,1983.7664432832792,1076.59076663088
91.53062749143044,58.19100744753507,94.86813617228144,86.3301625525085,2004.7242555132648,1033.7632733064538,1015.9116269225049,1097.345465029719
93.5579652526095,85.40323590870454,93.90190927189778,55.88291628913178,2011.6096361333405,1967.719622685089,1948.890281903017,1998.2612284401075
80.49011845193246,54.06744430346364,92.03877743833894,88.91583598525148,1025.1908784441298,2023.7573706952178,1050.5941997800217,2046.322725512733
57.61054776839343,91.98685170171763,89.95098664795083,94.37309012274777,1969.2653470757157,2029.9549855694738,2055.7372002018565,936.0078816383851
90.6396964744763,48.3454163432565,85.90713347422094,52.17721979150872,1069.7802114708284,1001.3485733938574,2019.4205172136478,979.4003908835639
55.70466956027623,85.79551815409803,81.39213854777213,90.54067495604662,1970.7076083232491,1089.9823903858114,1999.1852819935775,2018.368244720488
92.39438954982755,84.90806801289848,92.14944181560021,88.43629560856844,2012.4753041081378,2036.1079419372963,1968.0970501920453,962.749192939483
