TempSensor0,TempSensor1,TempSensor2,TempSensor3,VibraSensor0,VibraSensor1,VibraSensor2,VibraSensor3
83.18014206174696,88.25151246865573,90.11522251828299,90.36178725494683,983.4329115763742,1987.043011101307,996.4726316648391,997.878428747124
41.67748185197506,40.972206922263624,39.44768612266289,103.9331725955587,2003.6057606605852,2047.6269976845635,998.1550014903908,2021.0759123238277
41.80976858750532,92.62933944930911,40.07047700519965,99.8623990983678,995.8641045610649,953.9473061015694,1994.9874958446494,1963.9352354040454
85.81546186824559,86.59322138664466,91.90351212390357,37.37557991106001,1004.7961696874803,1958.0338967079192,1983.9191584677378,2025.1021990359827
44.26574784533114,40.530734668838534,89.7866334012356,38.974820432252415,1956.3813227611138,1008.0922905294959,2017.985276811975,2054.183142684575
44.54495243644821,86.30706206869276,96.92964806779992,35.52521375931775,1995.4682757154887,1978.7746820191767,1002.6342733459263,987.9640037744853
82.21089407131822,91.3613546351352,87.45539763176227,33.04763646131482,986.6464691861522,996.3217364912102,1934.8940585169307,2009.1342787563012
95.66463464634053,41.54543140862181,34.666715588324735,34.42296195992068,1986.7207455705807,1024.044417509193,1940.3498634278078,1016.8956797181684
40.75923370433412,99.07642770984273,41.62562785269031,92.9528288969094,999.3838960024141,2004.294625646554,2055.8504085516197,1014.8597107662931
41.05447835101691,91.68048108599822,43.155936037756845,37.12843258945093,1973.1455484644262,2013.7424095520578,1006.9118866533779,1996.2328340724116
40.95250141896183,41.1234632967945,85.41367702126401,37.81282046837223,1992.6317156006123,2040.5633184767291,2023.0502817921881,1993.5521610664118
85.40829109788615,94.45645785273534,38.35781474046218,38.03145345849226,2054.794796343763,1002.97263578991,1999.500320988904,973.1750425387957
89.587176661701,101.2682227211305,40.347065490031646,86.80763797839911,982.299540172399,2037.897425028978,989.1466138829649,992.8117812337689
39.61951216202918,89.91045637613009,38.17765618862525,86.42677048842779,1976.3068398960604,1025.3816515335232,2016.0903438588016,2003.251068636658
90.28575908377205,90.89288105543234,34.84244847255542,36.63528789364716,1934.2419338142843,1008.8080898819383,1018.5337122702183,1998.0038682315537
42.16187384800725,42.15030917882885,36.45306867571238,37.22138454304625,1966.7378278233227,1947.6605890458873,989.8956593664316,985.2904386759346
46.55617036811826,93.05412361095442,81.68810185466879,36.112775779618204,993.8857661498567,2020.265240161235,2004.3090248964281,1935.4259048598349
42.17132240735366,44.434175614797574,95.80913271367346,90.30086134790938,1979.0410484828546,2024.1509939030411,990.2431548842735,2027.9286449498593
95.43252053516083,40.56790431227678,83.08166794853406,35.915334479672865,992.5302323819959,958.0074167628725,1968.6419244423553,1993.2264572387453
99.06791036105821,41.22925619765137,88.04894108850408,34.14122176308581,994.3739091963073,978.2289796124169,1006.3417049704799,988.1866638770268
37.72623916641423,84.73288343792379,92.9263177891616,31.612871014932637,1006.0161219190813,987.7396807925746,1971.8902726819456,2062.193406147548
39.04452819340261,84.83299337316429,40.36008610845894,89.09789549282385,1012.208106892136,1944.7132995522231,2007.8153418274876,986.4145422402629
92.00785427867115,43.396609647251225,97.00998427759862,93.27831786520115,982.9234439249956,989.5615607351883,1983.0244703142596,997.3712553912949
87.44985862884575,83.321219425268,41.14805067012206,36.42004766390823,2011.87782280067,1990.5426571646544,1983.4522431900323,1018.360708074506
39.874745266975104,45.48807749615055,42.26948701370574,34.95533204281743,990.3532449971028,2015.7038559807863,2006.3285759104347,1012.5833964583521
81.13696368292005,44.842458294581434,42.0714537283444,34.80466270921157,1987.113612564968,1014.9030976864556,1015.3909079106202,1974.1205269254997
41.14508571160353,46.33184833469184,40.94125723760583,95.87690156135326,2044.2660442972624,2010.2097466465157,1030.0726930669753,2045.5956926188262
41.487591443726835,91.84835133065562,40.446304063188016,38.92748722075083,1968.2265599551429,1018.0892018831271,1016.4537500299928,988.8234466059077
91.25886940750125,84.06376082475465,89.00005483560268,38.24119545794922,977.8745275543994,2020.479614323231,2045.3707713734573,999.9788656561434
41.03691269274786,40.979202505839034,91.87149462271036,87.105918190766,987.8330027210163,1961.6617448061763,975.915709671674,1971.7019394489528
81.98777587154859,82.9557153627397,40.701079157470744,95.15924565421561,982.844397780857,1002.4006456968028,1990.1185199801107,1986.0632757493877
84.20560621343847,81.27665931618658,88.0376801557184,37.96841572641817,987.4057291903257,2033.403733450049,2002.292328612685,1009.2560957819094
83.68430785919936,39.909950122555685,39.507855197232175,91.28273086716108,1000.2447958863625,987.0250101043232,1000.9697178631272,2026.086170480227
87.5998315527327,38.38407755839706,86.20508716293283,32.978602264496814,1959.6755873480586,1004.4722194217577,1018.3390053674115,1991.4673825976906
96.14796133925614,37.13583930450645,37.49356668492359,33.40293918525445,1042.4313326447154,1003.4369660880633,1004.4808935564894,1984.1374368704428
90.26991707428984,36.19927757562547,86.22256874994154,88.39288781899324,1030.0979074644606,1976.4569159309012,989.7820734248949,1006.2084964775189
84.48446015254815,97.60165284061354,40.048399278345286,93.19037394696272,1990.7058740122532,2023.9374564088648,996.2998444565462,992.1229212118428
40.90569029756824,41.234503751462434,39.8988400694358,36.5786570578814,2033.330677271815,977.7109746397558,2026.51842002446,1984.7570171882885
43.15119279202988,86.52807762683209,83.35051585551192,33.40708276958578,1003.3285649667873,1010.4931934531633,1973.719748631552,1973.5866264361844
88.15980814235662,41.061418447928254,37.424942294435795,97.50615759699606,1031.1584724080087,2010.9914514820605,992.2914892168326,2025.6042921728124
36.90409548566615,83.3939795259898,91.43416709338665,35.218899785020724,1028.6852315392473,1006.111348970752,1991.9577007920227,2015.1417276320271
93.35897404043367,89.12997575311466,40.135829933642555,85.84951768911202,1008.3973417861735,972.0876930055658,969.0977937651796,996.0278780170765
81.51966420050022,41.85072426074575,39.361794479984496,85.0851876141941,1019.6175731789123,2047.9362437034938,973.0899776558166,2014.6300052783724
89.56469469362129,87.64434341435177,39.79369404443033,37.536919091546885,1001.540116753505,986.5416609618771,1001.3718611920572,2029.681559445643
92.36526191921459,43.70863467524718,40.147620250312436,99.49661486061741,979.1362254272624,992.8771503438602,1012.890801236116,976.8514894637617
84.370212391836,41.18924208118501,39.77654151324414,37.71099941689034,982.5047277988763,2026.2811803864884,2003.1800457339486,989.0259987448889
38.262646654050286,41.17556922416003,41.38303278720578,88.14192728955481,1979.7174718764127,1009.7943124439729,1003.0088068975872,2004.049949043689
42.8471221701085,44.005059706987005,40.28012895619385,31.820431606385085,1035.3630447271878,2013.6603688433925,1019.7967292661453,1985.800232280033
44.41515229908421,78.88198972542,41.886636564362405,90.26877423497642,1040.330420342037,987.1611170040092,2001.7234145608863,995.5742052778317
39.84355457108171,85.421158422801,39.64237216187682,88.11656524522253,2012.181421561388,1969.5044840111339,1001.4539585351301,983.7850149842802
39.246061433167995,42.67300068151029,87.74352912769734,38.098802028275244,1021.9003835904819,977.840925321409,2039.0148793492642,998.0864589363439
39.69634775598331,81.57090476535495,41.1044955910106,33.04800769765733,1026.164560527976,2028.906365736696,1978.2348553955874,993.8708473780539
41.090463647456744,91.95890013539866,88.79055494486018,35.01491268931706,2087.4635462710157,1970.1167241380897,1979.02826586018,986.7337905882968
86.66600314509296,96.68968082151208,36.934940607572436,91.09189469648736,2024.6168642665039,1991.3472963568154,2040.7982166956415,1995.3274967005177
43.0300412648333,91.77090609883267,80.94198365588522,37.605525810733965,1019.7496301149142,987.5524533418334,2014.8070552179222,1990.8106566454899
86.45796037102984,95.9211573114749,38.99120030675791,38.42648856872626,2025.830740252975,1974.274510307638,998.1033601938932,998.9381918636968
40.96484800889315,95.61322432437684,89.216814688686,92.05676626479186,1985.6762057089365,2030.016936736921,1014.4533570434937,2025.1026536507097
38.51537980958935,92.1472061984443,37.70218156735608,91.91814104384406,1024.824040533619,1003.0004017074876,1013.447399936198,1962.631222097672
37.51057280894442,39.34859910640871,39.39193159823218,85.2518905982871,1999.2262682369208,1005.2490029322574,1004.3761650276522,1960.6404870637662
91.26723757780286,39.96041135143361,95.42981018555703,81.57624784605126,1027.4661199781476,1006.9818555002969,994.7321148075339,995.4351236858145
93.6985335716276,44.86038623767632,40.52865637565027,96.72515385606351,2021.5614428733884,1015.181694417907,2039.9342203312383,987.5716554656802
44.76716906458121,89.57618935160149,40.44769190972842,92.56876700151786,1003.3111565304367,1025.6495869241344,999.4282427483121,1009.5896145994188
97.2917409554478,41.637676172745344,40.891119733463036,34.44098512713373,990.2532700775321,1970.1008978216669,985.6352754681506,1997.948464602473
38.016396340669814,42.97589098925917,89.93115197574333,87.62503672830921,2039.0247201727093,1018.3630774898156,983.643838479609,991.4328635179922
91.09791868479459,85.17249413519947,93.41596558107244,41.09867037746868,1001.9068963704553,996.9093087859878,2000.0046299790513,1982.4388867045484
40.18730100231376,86.86364432663757,41.86096641899982,88.2924638713863,1008.4323175562681,1025.5591208617552,982.1908365247336,1010.7387043919591
40.88243471751697,45.80702719588464,41.896481168543104,34.099548578235925,1964.9770632757904,1906.094461179064,997.4251094957856,1003.2333058805166
41.56756266382912,42.816919703214126,39.10740507075916,35.026507758958616,1988.864761776578,1004.2133795471202,1980.2192241065545,1011.287530621509
44.834296786254896,44.92880240824563,42.542072340714874,90.47162868334978,1005.1313686127066,1011.1958867152047,2007.3673550991807,1968.7774297872775
84.87354410018028,43.279560269147225,94.55744199606089,91.7595104524324,1001.2686333828483,979.4017506459444,1989.5670939017107,2027.20482786285
81.07610371303329,88.61554737635122,84.30263339227317,102.4957302463227,2040.5306103906373,987.3650140883303,1038.6302929547728,984.369136492714
83.02306449679675,42.88704497710641,85.30446928425498,89.40765458526585,961.3419425457403,1986.8169496714092,1031.6800840899061,1992.6691470936596
40.057372335578826,41.40254083038033,39.00879507659282,40.98033789069438,986.8327435819597,994.8324775877188,1988.5841789043513,1972.9677570356168
96.14110070172575,101.84584309854822,81.35864189172622,36.887936157067706,992.1957621855464,1961.5585292147766,1981.9747966792124,2009.8631486466966
44.07655589107003,91.42822157741298,34.618059365703644,90.71749805076735,2004.4351279920752,1956.9814889031545,1996.9266284605176,992.1175786815394
92.83443327830442,40.87072050451645,40.909691572375976,95.67979758370208,986.8571466284476,2019.5198756159648,1978.7492990761762,1997.9420413058967
37.41966126008374,42.576305746445556,41.36662493141844,92.46194852421094,969.4751900481078,2029.1761507030621,2013.9384912243456,1998.6071804008013
37.58834639074874,89.23424743657978,33.483868007144864,36.4734569716269,2006.9696748398485,1002.4855338954078,925.010617465225,980.2190179328591
39.72996357933637,98.5310426205503,83.54195161805843,39.6725358528043,1005.2497439870031,1014.6191157120572,943.7432980666899,997.3899951508429
89.1834338480684,86.32220669661095,92.96129527798439,41.896018991233305,1001.4287793150694,2061.5117867672143,975.2070809003087,1027.7245149804905
40.28966867084213,91.31364699565592,41.33037749959949,34.884898797800474,2058.1946495636034,2010.4405680863304,1005.5651072663426,1927.4754011419589
41.8379200132861,41.64080614239171,38.15447630863133,29.308340390764517,1018.4059204228649,1983.957622132745,991.6547593648077,2007.1914542507843
39.05174234981264,42.19113402171671,95.91083193656824,40.55444820461223,1016.7730386484086,2008.5729067643263,971.7777843930307,987.6499051020169
85.74724850055523,90.00782095151098,91.0253811863038,45.889923539411356,1998.172007607047,1013.4888384048577,982.3679318585645,1012.4014469687863
38.93090202257198,42.922549427603975,42.600131565731616,38.9648129042623,2016.5842775038643,1006.172978574937,2049.587154816491,1956.8121814552337
45.65365789769115,91.3726115414841,45.02346377435417,87.67060487770459,1920.1331817875566,1997.873458845332,1038.6018537238806,990.8881913315015
43.09125721549498,84.69563258316394,91.35308497332075,84.87596266200624,1001.8693107709391,1037.3462299195553,1010.1870581857489,999.3385886831616
38.76370009046058,93.81362111474131,36.45959257339068,37.719078482748166,1010.5784776327394,1021.9070707158098,2012.3969804654841,1011.1565449618803
97.51625617426905,41.56813361285886,85.60690861964709,36.83435242162988,2081.419767589786,2005.085611693003,1010.6651159388539,2013.548920740762
42.07815129642263,42.29889705296608,90.91350176815128,91.93754993457439,996.426805600378,1027.7478894213405,1014.4344637148467,2021.55252020626
45.49901229811498,46.96333604971667,86.76449895159557,39.439786415673105,2008.6046207862162,1031.3227569514895,996.3891086554042,1020.5614576610028
91.84348684033549,44.80611740881912,82.1159530079197,83.70629414832823,1983.9239052560445,1968.8709962035525,938.5646661882031,989.407914941821
41.056181617763755,89.00125724344451,96.69296875292356,88.94988797828405,955.5329542830343,966.6125531897857,947.0079555509479,1957.762959005485
42.79095002536097,43.62764741711294,91.60374936711975,75.00731892120959,1980.906662475345,2001.7719973511778,2019.2660253573715,996.3893913296134
83.50617953179919,78.64456929358782,84.00160728382752,36.12282260265539,986.5614676545931,1014.4805724449934,1012.7601617945177,2002.9622247340726
40.397462404162745,41.26937764678715,79.5001861440432,37.03855848442583,990.2071112279584,2033.7527969701962,1983.0862066951438,1022.5914292005552
82.45636595757739,39.81147508507955,36.238071745313476,39.95677894172921,1963.2616827718855,2025.1377537226756,1003.582082673812,1007.4518488886148
39.705443486529155,90.63646267691495,100.70617743537764,88.41983508777044,1034.7482946216203,2020.4704914054191,1007.9375640413756,2009.7603849560574
39.11120588650238,89.3867687730341,39.107255264844596,43.72125430935024,1057.1005413855785,975.6615242938907,1011.8649748954462,1993.8843983405832
92.17254174172751,43.65375963320018,89.71857339010147,91.98751494201075,1006.9738616347482,1997.840447535062,1976.054712538389,2007.343867454771
90.39685773559847,44.77900865430264,41.53574170381082,87.02502346304772,1962.9244693517437,1983.8784113942602,966.5350301850599,1005.1801559137285
42.000840259621924,94.97134219844175,86.2150968294461,38.4168312402261,2052.853066193864,1028.9909840071673,1982.8830741637482,1020.6383972953649
90.02009676023609,91.96106419334184,37.717053646705146,37.62838796581863,2036.7955827631552,997.0322800328994,1018.2721500917035,1006.740256662098
40.68471919381122,42.313044218080805,86.12062249952557,37.20960024962912,2040.0217205370918,2009.610444642874,1982.5408202943345,2030.529293489922
43.00948206644834,96.02113120706954,44.28639047688279,38.037817973860655,1964.7168527063852,1012.6017520130779,1003.6070841073092,996.00876937014
48.46187420292004,86.84858799760794,98.88071405005196,99.53239241498366,1003.2354481717521,998.931021828427,990.4295911850677,2008.7279779535697
90.86312023685836,88.63529156149427,38.19574759465489,37.55147591666004,2001.931636979287,1943.7375211812616,1980.7127526356257,2019.7645031894428
42.55460497273478,92.07560072746887,40.42511623752126,37.73769240120412,1011.4752379739087,992.9827728465389,2031.754397535269,963.8029565358094
93.29698436038099,43.64600859885239,41.37272914623037,92.05553837767819,1039.6983512927288,2020.4105478127158,972.4468434868976,991.6101504727253
40.34438706391258,86.17468170883878,97.98623211101945,93.7584316382044,1022.9745019379518,1055.6854193402996,1962.716817969236,2033.0678367249182
85.80488358531922,87.62821288662906,39.09257057261373,38.965672359974086,2014.0132650425126,1025.9246026686546,2021.9681912461187,999.5146972092703
88.58122961826344,43.23944567119489,91.33997803302273,37.640519360031114,2012.7705926048077,975.4156907429483,1970.8055327839804,1992.003068781728
42.40714957299211,87.23087986317223,41.36449598104946,96.58761012453319,2030.3724283271272,1030.2604242103062,993.2436303418797,1966.2695626335908
41.718763953503895,41.97970872793947,41.62489758652313,92.72982123342439,998.5447874270334,1056.5344919122635,976.731305488962,2000.7230557473429
41.98202627602649,38.89672869657723,40.08718267507027,100.5134383946622,999.1613461386869,1025.7531136629837,1971.7863775307928,982.866204753502
84.7229672626883,89.50153704159382,37.87356501548795,33.32503279841078,1009.1760199287696,1014.5792670434648,1963.8840866660141,1001.3717591293762
86.33076646695552,38.2963295836218,39.297082425178665,93.41255495911332,1967.8029336605382,1023.6907641764012,1998.9685965552574,1963.5352982529912
39.053007595693074,39.38164765350375,42.36110006993062,92.67631164253507,1989.447139670832,2023.2832269391747,2040.3776238408475,1013.8485839498867
89.60403092716417,41.21718884030051,97.34240181001313,84.93841921478077,1015.9951357947182,996.7659114715682,1049.5141081192487,1019.5559893744346
34.32284256744789,42.68734634148447,41.2648253594908,99.37696716932173,1012.3058406072234,2022.458403079183,2014.2075484447957,2043.9235557381119
34.500197257375945,83.32061477239779,98.3583892679558,91.52314198790106,1025.0000881160695,2039.651152746439,1956.6171210222421,2020.466261294573
74.04509347458526,41.29213168861714,41.279117443716515,87.81656172923752,1008.350527873303,984.4779050822642,2002.3247787222804,1021.586278653281
80.50029899141636,88.12737613504248,39.85170315614383,37.8870656884457,2026.962184466566,1988.2679861766032,1001.4991837849545,1019.3595125331823
83.15805307854521,41.51520254384956,38.793240659110126,36.96326228245483,971.3549229150362,2003.024497332126,2027.0024827769266,1023.5588114744714
91.46920215475797,42.373662591229206,38.888818766604075,92.45137152245229,1969.1428664193356,996.2729303821138,979.9339263844138,1002.9943064322022
45.24126445350099,40.123421876318794,86.04189461641514,34.27982422935466,1010.1949419177126,1985.4430651582297,980.5245529140566,2009.7366255017673
83.42354966773803,90.30562635671602,41.50435567818953,34.069755514481585,1995.5384279523873,1004.6280071488065,2063.470805026966,2029.910187653638
86.55864319965026,96.48800525923298,93.48308309801371,81.46004209919074,1966.3312436646352,1007.8716131760403,2009.9926227005833,2013.107007181575
35.60810235090091,43.886856990435135,40.159985556566504,42.10744945679225,2023.397938975864,2041.343321738145,2010.068803717677,1012.6797357308458
40.48878933841076,45.61426221478125,37.11319964865575,41.21788815903574,995.4273138429653,1022.7168567572392,2021.9888119467062,2032.3609590947663
87.53528172879702,44.84343649994997,92.9272436420971,38.53100213051634,1004.5744516239533,976.5794760754409,2024.9160953945843,1003.072406155158
38.717527822154935,82.48274125552796,84.2343734189616,90.53850777265664,1965.8375245811485,966.1028794207045,1024.698906207609,1020.5174412154428
38.69486459767246,44.77902947686717,89.91567996438275,39.81762074181184,1960.853586394978,1031.2835724911101,1004.6215679062748,1027.9970850344193
36.58253478308964,48.29108460967682,91.81760985805127,85.27492041420018,998.0437189527429,1043.1751540062135,1004.478103162667,2003.619442630614
84.64440207929178,50.960694560734254,34.396931273425224,40.882344669324,1024.5518376826244,989.4468855937159,1952.1240555744725,2005.4190316644224
98.78151999884341,46.36551047444479,36.19394623263122,90.92390951514832,1010.5592300709382,985.6822732834569,2022.3683667345854,1008.8275190871393
38.98849441329233,41.972002472117225,94.66608048476397,81.05390200416547,999.4098719447547,1042.3857563383963,996.1666730845217,1969.2316498928608
84.08830123989912,95.07838668101775,44.35445953656634,86.54551732798674,2009.5751453446182,1991.4016715574612,973.5068898857646,1010.9129366370884
85.49265710653015,79.73719395108004,42.478258666679984,95.49940993792421,965.3283084609546,995.4029586855189,980.0517046125461,1018.3680522025923
42.039729891449326,41.84226737197798,38.88819546081888,35.57592562003422,2009.7747569676892,1027.116319734252,980.4042802119952,1986.583526908221
87.5624577048714,94.0541041728913,39.183369543003195,99.2176845144662,1004.0146347314476,2044.2185391241098,998.1428774083515,1964.7296244646282
39.21555898152094,82.91451670411182,39.02215605634685,36.42369761771433,1006.5727790088011,1006.3391302058632,989.2820257032463,1976.147315893679
91.40980876152095,96.36840897182248,38.69208600799905,38.9609205807287,1915.3080436865346,1982.3666030899333,1981.5353683971966,993.1778920792289
40.26761581280432,41.53044501258255,37.513523577714466,86.3517392279429,998.9099152771479,993.3348736362838,999.8807061813877,1964.266183833227
84.96744883328297,42.38881278068695,39.32785655634848,84.99138540167577,1975.3563878509337,2039.9718584050972,2000.973395776617,2028.2767158476029
40.53150117429308,43.07755747586193,90.18056887948286,38.301841599056225,1949.4068069856007,1941.8308348563405,1992.7102548356213,1026.9103983847513
89.95847205694984,83.04610330733051,89.08964134940791,87.4506451289246,2023.1109201584422,1044.519745892247,1976.1317338498025,2019.2663912250357
45.71661080174239,45.47753345221446,42.42612930382834,85.38498524985575,969.03401615503,1983.8194020900291,1030.6721521150205,2046.0336368281785
41.65010931871011,89.82527712116111,93.75748826056748,41.32858578288996,965.143483439111,2001.9302319202698,1993.4755316719124,1012.4971597544835
91.09698399602475,90.53825061488914,39.36131656851726,43.439684058203255,1017.1502752579293,1024.467836676397,2075.463437622523,1915.025838688204
85.78465290963388,39.763884238960344,96.04874075228392,42.20595318711704,1991.0644378949255,1021.1920302541869,1983.9893106342874,2058.97704783063
95.02885857971633,40.005148681993205,36.25756906362256,90.14658963583952,2041.4495294560397,1000.5550361801802,1994.3955069396798,2000.7189977663234
85.71918356241129,44.53925475527632,41.22413477027261,41.86249221409957,1002.927557274149,1022.4060009102608,989.3412685479203,1956.286055421776
93.0630749493072,45.69373955106485,95.20258081625882,39.88296994682574,993.6176841230559,1028.7850250223262,984.9469723549729,1971.5434736411728
39.5331348694113,93.06735099922977,40.24568453791238,80.6501016505309,1003.2491079312226,993.5097538352102,969.7358262735087,1011.6010211003329
37.26632426200898,41.45886867502334,93.11198437583971,40.11685319359491,1006.0307822448269,2023.8337142316834,980.5673207645971,1971.2883876327594
43.02345740250966,92.16836060130959,42.42951845991519,39.43102355507331,1988.2979156744088,1012.882245429997,1008.4529368741423,1968.96153080824
93.1249521014121,99.85313939900615,86.01822308220143,91.41687499164617,998.5116366861026,1000.7141838807167,1016.8495646716855,989.5733377139078
38.765493268101835,42.219682964582816,40.31054860635345,41.34223922983211,2010.9471941637821,993.2275073669318,1967.701648853135,2018.2248173087023
90.41653452731883,47.755827298782464,40.500845461792835,82.52833978166078,1020.252850146706,1018.8888694512365,998.9144992316483,2004.5241595843604
86.91019108570903,47.17924702803746,92.07370083986471,99.72032219329677,1988.8378167728567,1012.267481473272,2003.4619967157062,1993.1601492565396
83.54861862895524,95.06018267077738,44.439162306229306,36.20663153601116,1987.8419073908867,1995.6950822604292,1000.832767463664,993.0059589269467
37.64206730717544,43.48155768702226,99.31678999975547,92.57789661702444,1002.2025858907034,1983.762968154533,1963.8709710084097,1948.3168689259348
95.92387171989755,89.93135836599023,37.90486406350938,97.55422574843791,1992.445141708925,971.4523031203927,966.7689468366477,1021.853312924578
38.337361636337825,83.21460724199646,40.38925341410674,37.90223662069337,1987.6004999118393,982.8741063519865,2036.0826731402042,2001.6081870757023
38.80644155458677,84.63626200450871,87.95344268245337,88.88923087015137,2046.5596174756301,1016.4737803839241,1984.4940417841879,984.8264472241593
36.6093554825706,89.019411851904,38.267446923803234,92.52755102453352,976.0453043090151,999.1889266582998,1951.7806980999155,2026.1300054367077
39.24493054488261,42.61381488771929,38.18370523979465,96.44125847706634,976.8504663280194,1985.2004878130952,2048.482625199376,1018.2219611583732
40.78381982779395,42.077066758008115,94.62024361077981,39.742964860346206,985.5702844763451,2005.051731191542,1980.7274413292039,1015.8329042224857
86.06340673611498,97.21119027477593,38.770314157530535,36.19287313200496,970.0392841775883,1997.2027334247325,2055.0832564981138,999.3712480883601
39.4995816764432,91.8212897089258,42.05049196896947,94.17872367170061,1955.3867318662446,1014.0852416011653,1979.9888879630475,998.928166319019
91.17130411393416,42.159909721147514,41.92797270837413,37.84099209705803,1007.1423321261183,1019.550853972434,975.1879937897836,2007.526655889686
98.95643002829036,101.29949196783406,38.429992568459184,89.12703548863341,2006.9940084991651,1007.7819878197681,992.9069736700653,993.6196813231195
38.18351045998235,95.58592077566873,38.29049175690575,84.94476227463936,2019.0613490162987,1980.5842932926125,971.0827018185455,999.7408535677653
96.16889473779317,49.61780583058486,84.94136427917304,94.89582084947918,1997.176526532571,2016.5517971285565,973.4277931651934,2021.1303375807574
92.43347418132089,84.21253173128719,40.494502962522354,92.97232880014002,1004.1608729582786,1975.1939814894179,1997.5936698013218,1994.2512805050799
86.55514376888884,47.21741701012591,37.37751616421477,88.59828138369848,983.8497728408978,1003.4121322101087,1922.1314157427742,2026.6145680854077
40.87232350086117,45.30941686349618,89.23899869872736,90.19674933456903,1957.849991869892,1004.7890340779618,2024.7623275473986,2002.9301985148134
89.75210217272992,84.25322744295715,37.12121251958048,97.28254008072716,1967.9402075521457,1023.5964989357415,1016.2514294396674,2044.7409326998804
36.01098998952627,41.13178575128864,84.57398959888826,90.2447298431141,954.385616194498,1060.0174488998248,1007.3199333704407,995.5801743873095
40.110389847132126,43.080063618408914,39.805609241076944,37.79993627198421,1992.5989144838422,2003.7823487777307,996.9824457772279,976.3056155242826
39.80294466926394,98.39533189871409,85.37861785192251,90.68008100473524,1988.239337722574,2020.2000304384824,985.0849469301406,986.4396348915943
36.63212915286098,38.69975429331866,94.05638198845861,76.39108862139068,971.3981393456207,1025.8391305612222,966.1906720762711,972.9916502970409
85.56911430908777,43.7464849222783,37.67805174355685,92.80671438924382,2025.7633891652338,1034.63715915109,1973.4287526969285,985.229149110085
89.24687598329476,45.732583452006175,34.75114708058901,93.64665835266159,997.4425819910894,1015.6424681769274,983.2468823609886,2015.7748719268968
38.0736905299093,42.87808475954968,95.47848980912163,34.8344681295409,1989.96744538566,977.0370069971113,1976.6920117030527,1997.2899128734678
91.78419710237192,40.3798836505304,42.62832631954265,34.37827365870903,1032.5168450520664,972.1021657892829,989.6825063979597,1994.6738856142545
88.32558552873144,83.01214471229653,93.58766409964264,90.84239433185498,1987.53845225953,2034.2802848464207,987.8135805513523,1018.4562493915264
47.48530355601932,39.34008275159189,40.366601114465276,37.60616207463323,1991.070448334016,1008.6055775809804,1989.1193564166172,1015.546406960942
43.73320921323128,42.304801402625024,38.45660112202525,84.36457869513956,1975.437155123315,1067.7176398749446,992.4370557945563,1013.359673375533
88.38352035555366,89.35642289343755,96.08978535609252,92.18228354182993,1990.2847774753861,1074.3498342323055,1009.3613893576332,1012.8698874202051
37.517625180595076,90.8677334673565,40.001134857080594,35.20866148217418,2015.4032069707657,1999.201922260499,1932.2823680334702,2001.8865313514948
90.91446420476251,43.08234468315053,43.80907568503774,92.57418351928784,1981.9803304078528,1964.890514060426,1997.552856428722,1008.595966339823
80.7749055416883,91.12637347239307,85.7944197190442,94.60916042907492,1010.2100869791934,1032.726968491269,2026.1106642551442,1006.3437018941625
89.53883807841602,47.419869822772974,40.40684094535869,40.68634448473678,1983.87564444314,1045.0142593289302,1023.270493648294,992.4601884999829
93.78465371676668,41.004187693360315,93.20700305649387,90.22911827284086,1012.0282479721002,997.0691278332763,1037.3696168347092,1957.1296828965324
87.07347382543233,40.723535281990294,88.14999619145867,38.448917636958456,1002.2057994723714,2002.2088115092095,1020.6477261206712,1973.7379486064378
100.57128149996204,42.98666467799275,91.63995163776525,38.83065607950916,1981.1213336557237,1982.3527751860179,1009.4673016245566,1944.1485927677904
42.32020234103684,90.28366163127275,42.545911112658615,96.64564285600055,999.3194998715871,1010.548049713806,1959.4201136514116,2001.9573234721204
85.15860833497781,40.59697370144842,37.6898389757375,88.66197986347429,1017.0417458499448,2017.0277621061148,1021.1777464640581,1024.2240881762436
96.6624771933865,88.13461220277745,91.6452241545298,94.91260254757783,989.8672965379888,2023.463849716407,1976.0723753193715,997.5549360516211
88.15842875905417,81.57117202530537,37.734515323045656,33.574094400374676,1989.656717927041,984.3238500845139,2015.171151901431,2009.8850646521585
81.21286548640309,95.59037883725009,42.27731979458765,93.69027791867991,1002.0193718015809,1974.3516212370994,1985.2875676480987,1003.8802013425011
92.23179673141286,80.18916885115988,93.16074234130598,98.59195541671922,2008.6493698536742,1008.8697854062723,969.3821724686213,994.4195679223074
40.028331975986035,94.94502206869997,95.00551806179361,84.23768120128145,979.6506929646075,985.4885554550688,978.9397054077092,1006.6153435538038
89.27140371892801,45.68093704706496,37.61527638898569,88.9416690258619,2001.6843081639106,2006.2590013896559,1990.6071134059837,1973.3340030402107
87.33207678970874,94.05843797765817,36.915324247981886,36.26882709557651,1993.1387476972077,1989.2663279680864,2025.5829723732184,989.7842049101455
42.299649944785614,92.95239995919651,36.02800834596203,35.47540392048024,2019.158275017049,1016.9848011547872,1023.4845948385175,980.6799183532864
41.540668385898236,44.339567579873176,84.68879174489773,87.94098662865905,1976.8708048321416,1004.9186121596055,1041.1303647088903,996.0222010090058
103.35578556042162,42.05612666464992,40.01800824807638,81.97192080832224,978.19109805521,2012.203028323702,1006.3945330536634,2004.3592231395673
93.44976547850212,82.76913058961846,40.62296186614532,88.89493146123647,1000.3845893224061,980.7999939925254,974.819963242405,1014.8662320245859
98.62375009405866,92.22501551771785,42.68438961080672,34.94898885545857,989.7337693701227,2002.8761363091523,990.4798650548696,1021.079096208965
42.01492408202836,84.55002871076515,90.01662595141147,35.20438568251119,973.98266870645,1965.3742010056335,2019.010530082348,1989.3074073455211
39.8208432259282,39.75645225512669,48.70219108323055,93.17681665509888,972.5634531786857,998.5959071295649,1943.4029290412598,2037.276122978085
88.48240576110761,43.38983392587443,44.53559591669756,90.86792999271572,991.7177786389976,1016.840988664203,2044.0222078739666,1024.5433869391024
87.81756706536635,89.02059884233604,44.42972135870648,94.87677763489955,2030.8249333456351,1015.3465992273404,2030.8904790171403,1991.216772643572
35.12886162280568,93.53347782417273,91.15012426813291,36.86765014917876,993.1620317085166,994.3458033397849,974.7767475819466,1000.5540916553241
89.22415782388144,38.612129844252294,97.92718946147346,35.834862164812264,2000.962472614232,1984.4492006511587,2043.6608859832745,1973.6294742707767
83.61664903023811,44.72128270756412,90.75478631980243,35.36102545626027,978.7123172061397,2009.41719901662,2001.7219907586148,2046.312685071425
43.85906278598054,82.96577580483336,43.89970865175538,38.09479424109634,995.758373868774,1998.244341294738,1024.397212975945,1021.8276204807062
40.94570657623633,38.28153820857752,93.40853900307773,91.14616237706598,2024.903487632535,2039.403558939758,2019.2684345290816,1011.7134031979781
42.12638350809688,40.63621452456867,41.630426243103784,35.90376410986467,2016.5619806372008,2001.1624959760982,1033.3174466968826,1983.5997348645533
39.94363834413322,89.56015802376065,91.9816760669092,102.15520008146322,1017.5310672492742,950.1988873706177,1996.42827317255,1975.94078276741
40.91182685349797,88.60453658656951,43.58931715012081,44.053389451871425,1027.4466417479543,949.9646557980767,1979.7926872896471,990.4261486229789
82.30165565202984,83.24088888773102,85.43807331374053,43.02919027636158,1997.155388838242,999.4243217450604,981.3024873915517,1004.4576058587195
38.80404307418445,42.61384872187702,89.03693688960001,91.40845596963004,1013.2866761684313,1981.167643796718,1007.0929518475573,1971.3062690630984
84.78461342847498,39.899787319321845,43.06544255898544,89.47178969122413,2019.23800450488,977.8003543698696,2001.3918545036993,2080.507288893754
87.44736122831485,90.51426333323988,82.2158096397498,38.12634506805212,1001.370750067912,977.916678972879,1039.746012625366,990.9086660494393
91.88892109071718,45.16827271922064,92.91150447422983,39.97196831637609,1993.2050305594234,1950.7883053440648,1029.5731157047937,2023.37883227486
90.01440395612062,40.36056259031889,34.87141689974155,41.881371704914905,995.0759874928592,1993.0326599182004,1004.9709446088868,994.6264220236976
92.96110095101136,39.71228569811282,90.4276072297825,100.1554760086695,992.713715640365,1008.6608898310423,1002.0390501918828,1004.5430519439103
39.77565008250333,84.99674777732812,39.61636828665725,87.82306307154452,979.290503174504,998.1791386039747,1038.6147452595185,1014.9456705373798
41.47634596976344,42.66655792469597,76.33211942143748,84.1299485788006,994.3606338680042,1983.7103363294977,2030.6826311006305,988.5256099772786
94.81200438102357,93.90533191583009,92.85476770329954,35.41847588470337,998.708681834692,964.4667567563596,2013.2340248537182,984.189536537761
98.95021746678431,38.0054075877532,38.865371382886565,39.229615443784105,973.91726121189,970.3739339764581,2009.3274422245074,992.630933067322
44.613990452216925,91.61934535008449,35.13944876522815,88.95954057122911,998.2145767991173,2035.1199424448978,1990.4512366445679,1966.7168191269914
39.1042313020471,40.26715654189991,33.59692253776905,89.54491730828892,1927.5301694980649,956.7208288982275,2008.718291367015,1988.932184885998
40.38932419980977,94.11956960667777,35.10712908477461,37.28925533592209,2000.9531382413315,1992.6275173706142,993.3135892449873,2025.8418458533804
41.95970274114792,91.50039253333472,82.87383584831916,96.1234013027601,1963.0305793225948,2031.9217476687115,999.1731820540758,1015.8357503680613
84.07348115738563,44.28368007221161,80.56696609629347,87.43491664406966,983.3934303907968,994.9780749538882,1008.1790457532278,2052.539402725807
37.835244333796766,43.814027036156105,97.65256540021204,44.68654594755959,1026.0327995063565,2021.7568716280332,1007.2042375181195,1936.9851157893133
44.23605200784607,44.31811523954222,38.25911801924295,44.24502353980233,2082.659254478753,2015.9925711717879,991.262312581061,1016.0269202420513
44.36518114946803,91.16821097843466,36.849620083988576,91.9067393558273,2026.1057994322157,2018.209397844252,1028.2290901141114,1012.366889473419
85.29374413144419,101.57944757870033,92.13769557446693,37.780443459251636,1970.2611991801834,1009.0083735981137,1024.6640212620655,984.6061663581747
41.526334305415,42.25924912960491,39.9340762491333,89.52214734356404,1950.730106661289,2011.672366767365,1996.064499807439,1991.7237431896988
89.61340588307029,40.05778381762743,44.135551771422435,38.576739481587765,2016.8776407976504,969.2922188615703,1027.2822248087602,2034.3440953933932
36.99250682949815,38.66059172049656,92.15841033968914,98.35905157693009,2022.7274745235923,981.7602077233253,1001.6438912910814,2033.820513644038
98.43132861155227,40.52397785630194,88.02130982187539,91.10009118318486,1001.3019016367987,2033.6602675723923,1983.2950280466289,1010.0326190142805
87.82880378002577,91.11206380772296,39.53784025822544,94.84436496138267,1011.2478940823598,1977.7169409443475,1029.6022847348377,1980.5587426170346
40.46266937630683,45.882840348154694,100.04940742483757,86.86551098780262,1918.7468421138112,1998.597043436774,2013.7125186307514,1022.0303855998886
39.287967957754304,101.61697969633556,48.28275568466796,96.79303915766333,1008.3375357916805,1028.4656772936514,1947.1742185366857,2005.9340164290284
36.76807325379331,42.517863470817346,41.89479658463105,96.73185220098935,1016.6266999264566,1975.4634633830374,2023.0245072591345,995.5238018085752
89.48199367525189,96.5438507079393,41.6095117467226,39.855857943403166,1964.9686952015347,2001.9337638932193,987.2066255144877,2037.4109050294744
37.72022314176877,91.41165551114304,99.57327437028637,85.3691872943301,1011.9781711058831,1989.1615622931834,1975.8049152072283,998.759190672244
42.19250566631834,40.810699110730354,40.23209769871912,79.87757909027538,2038.746435859186,1991.954598588616,998.1956737804471,1981.7152609022644
90.81346001513444,39.64667037887111,39.15408045759345,83.89402305960073,1021.8071112123534,1001.0910711079298,1014.635191844745,2023.900817820791
85.64768070419956,40.59829636357743,37.65109706777814,80.89898449419384,1049.790540488428,2025.1417207825455,997.773229677799,993.025597787464
84.90282270957978,42.51376245173965,37.887821295027415,97.94215050745221,2024.0303220481924,2006.5159725471592,1917.744453375087,991.8417038949297
39.992540574180154,88.1539171277942,81.46429338929778,89.27670523484419,981.0072995284381,2033.7120349534969,1996.9617496606722,983.315623827833
85.64582324913742,87.05252767024653,48.755586820188135,90.73296288717684,984.5967218824419,1023.286341084553,2010.4759108903966,2015.6480715893315
43.874537510366864,86.95503770306951,95.33022791061084,89.94796406519987,2000.841211197719,1037.613567763283,1977.2999786190426,985.4432463840187
44.53582073312314,46.75424720952924,92.45654999750008,35.490944074437394,1001.6207260927054,1979.3824261263235,2032.8331730147436,984.6442051188574
96.23959237336945,97.77371966870615,89.72369897910637,89.26444872654817,1032.6675991406496,1037.0221742718095,976.9414995001862,993.8051961013582
88.97900415420335,40.57153002651364,41.65718441154595,40.64216389749969,1042.5400862767615,1007.3202535440473,994.4926898292135,1990.9345083264855
40.588786551814565,88.34030484261756,96.47153219507946,39.5362121647165,1007.7942635727329,997.6157208617776,1976.9887167240686,2027.1041887827503
98.72407699351639,42.512316208319206,39.643593340607026,38.27115105332198,986.9026125538162,1993.9176662715515,1006.5661131653102,2002.3988272582635
42.900562235905404,92.27468154328126,39.97298896955486,38.47627377151617,1957.3915444160282,1037.7357536726815,1990.6522135005512,985.2930005580739
90.26982786958209,44.45836546506017,41.43845207512571,40.68598340110566,2046.172680597091,1012.3504248762295,1990.6540059082895,994.9941267588647
93.29613547193308,41.04518766891346,88.86864665710371,39.90548700512221,983.0560424622192,1971.243411026225,988.3561882694044,2016.5311509910807
39.943926152733184,100.88004862478893,36.23022491719517,91.86528977424194,1953.4146756245564,992.1027548859047,2025.835254767343,2021.3174399419743
39.256227510495464,42.45672222573741,38.01149366540979,85.08375416978505,2026.0549148938828,991.5063166305404,983.3555237841055,1007.7099517631683
41.18634616634142,94.10037400254824,37.35551561136646,36.55637765354316,1974.707941732194,990.9277214290589,981.0715548836372,1004.7029969576565
39.90473657503716,94.09186042775704,38.391191359537245,38.4379131335363,1953.4567730059587,1028.8502358277658,1964.7951962177965,991.3503643171981
39.01373817942627,101.50506425118091,38.366539690712955,39.62395854647458,1972.749376604801,1977.90199995188,1008.9125537897246,975.9095903544696
36.32895007447027,40.72933278339785,99.34919889776444,40.10842206157214,1011.7267890105868,1011.1758754297971,1011.7328868461241,2025.616427957096
90.03189775275573,41.54556658599553,38.158725655616436,44.66968380831656,1994.0225114332573,999.1674162614552,2007.0322004831596,1007.3577342507549
94.57678354291312,93.56083478183075,96.28294147679945,41.653319222708376,1939.477054155608,993.7754121289797,2037.2070318731542,1000.1247505120086
95.82297650020176,92.18368519642733,33.22447410574115,40.29919465399624,1948.8555996709815,983.4662268598827,2020.041825034527,2068.9212583624767
90.8434057111354,83.73111502289262,36.19816137276575,39.04337300047855,2029.622043585857,979.1879645923381,1998.6942440081357,2017.3649601433215
42.36937760489158,92.93863919462976,95.83957537300027,33.607029410042664,2026.5486218590038,1023.7410723397301,990.5004463185253,992.9517855835054
41.49564266221657,97.04851646707294,35.55361607166469,85.01357538000941,2028.3544438534886,1016.3532501219804,2001.4535704548282,1970.3204597078047
40.91887134300089,43.65884034237209,86.82442709048158,82.65166325156648,1983.3405478625475,1904.6294683987983,978.2271143515688,2029.0964696237438
41.408274792921375,86.95059351181219,39.248416719454596,37.38398415440116,1031.2660672296586,1018.2470335258265,1994.1798145238158,1012.617579058824
40.79677835516234,46.79540680653707,78.5247183619407,90.12398174578863,2025.4617634442457,1024.1120000559365,977.0497226233119,994.2313067593964
89.86722679424366,41.48189212541482,40.06610020332333,41.044761816670466,1010.2203317035036,1979.360753132489,985.6381898191512,997.1840314541714
89.22649048801412,44.32070570714628,38.221041853129975,87.45729190778647,1986.686211634479,2026.9362611875517,1959.9276973816231,1004.8749121897881
40.38366049586368,44.32114292733538,93.80783972880855,92.29275333309312,1022.4302997057396,2026.0621454691,988.0418502240091,1942.899188814356
98.58227296083867,42.29048645146554,39.179946415667914,78.58866342862626,1008.1897025564833,1015.6938428570669,1003.992644399334,979.2255194089262
41.14564186068189,43.69887743107668,89.81716483272969,41.00534719640473,1008.2093468500216,978.5475398006588,967.9286623604587,997.3369514065034
40.63941334793151,42.69803140307623,89.89489793166433,41.493543637985546,1012.6218838361142,1013.8694498183202,965.2632788923922,1019.9853623568708
84.45986830877405,40.438073026580085,39.87146953766192,39.93152205010884,1994.9081698413888,1008.6942337240381,979.039779442635,2002.6340264821536
40.30336533539346,91.32174304792761,106.29869161149325,37.236957895724814,1000.918148546617,1990.313691716503,980.8799517923028,1982.431790521584
91.01020837135093,41.50887294345512,37.56139563039174,36.28476784814449,2026.4542776857675,1032.9623049969164,1025.918821151068,2057.695928093035
93.7717889740268,85.25753313126094,87.21521711593228,36.139464176846246,970.4932708812705,1052.7310433650346,1973.9672365319666,2020.011456834764
83.52088787749972,42.27161855698863,43.09629643886237,90.20295753583544,957.2292837674538,1937.309254426943,980.9359650749334,1003.1633913423539
90.61898133886572,95.16481499709427,40.58587642239727,40.94232510234001,1941.0050951132778,2016.772658466573,1936.209569406761,1019.7624387879083
96.821177968608,45.09500653720356,36.326632496592595,89.88115992106073,1005.5007501172499,953.555757263458,1014.8378932813068,2020.6379680752068
40.71989785384318,42.32119604692179,94.97932522579018,84.50734340386335,1001.546024418711,989.384122641578,966.5013933364482,1001.3439588378171
43.00402929625393,44.433003139063814,87.64496536021643,43.008603739825816,1003.6035553398098,2019.3961674764778,2022.6232178595874,1946.8711377529744
91.74846725191334,46.71595844876933,88.2856302894763,89.33050043992804,1005.7047703043993,1969.4756991900574,2039.930931000429,993.2615153524472
86.68458993972928,41.45077654148637,92.25500391176169,38.82655794879625,984.1256449411949,1008.5245277638066,2000.2904230214585,994.7413846618715
43.06432021918772,86.53687767713822,92.89181319660483,97.62121312792854,975.1118957602622,986.9584205399401,1995.5571709616304,975.4812732286623
87.51570517293281,39.080565566909655,39.23305950276277,38.09103401306193,968.3179842342353,992.7738443496087,2015.1945240369223,1996.2819994874433
93.29663331282863,41.1077884082592,38.57430881432755,91.56159093946476,1990.1476274698541,1951.0196455479588,969.5730556874179,1012.0315329445593
40.123430307775294,43.259592097329985,85.36376978474985,93.15663217646002,993.5064117244935,1006.2965888070462,2001.6411131377486,1002.4054030653746
39.08720077428208,39.964864972715475,89.75199034085857,39.457620342435476,992.6735775113732,1993.1825642769927,985.4318981743992,1002.0512360417947
85.89079646992988,38.86700383925859,40.60150900361034,41.52752311801146,984.0523141056303,1000.0733173565212,959.6505744494676,1002.8896828910288
41.6293834788821,84.56069137198811,92.39923122053771,39.07013602429425,979.7028882796242,2028.0772423518706,995.2469118695333,1002.2799807038589
41.44470252697741,92.1549399404705,95.23189459418265,38.07657582136767,983.5138286492949,1015.5625848114041,1017.7658907508977,1004.3224090817819
38.68414799349088,36.726774893483075,91.13455877807358,91.34129878483171,1980.603227912008,1992.061960062267,2020.8193520522736,2001.1561968432204
39.43206210677836,81.5799763053851,94.00843996786294,95.09202699688812,992.4201466138819,1018.0676284443546,1961.0040756827661,1994.605596402468
38.3961371939661,42.204913593333586,39.72192881932126,90.3182281973923,992.4037426451308,1033.4240251421224,1949.4643387374376,998.3843803296472
92.10338862251072,87.77019891211017,43.13037411944195,83.85279299928106,1013.2218826950497,2042.4472028644077,2004.5466128965552,1018.4536128986841
37.46689847584213,39.57868659529932,42.285122934833794,39.78936140292527,1999.5843542186617,2038.4805416591587,1996.7172170388242,2026.8895450536447
96.30911961839388,83.21847992442183,92.93973799962858,91.28184657846771,1965.1493951907278,2015.3818693207145,2011.4884286066801,1961.5285249660558
44.83052793504291,45.48345417703976,37.55189191279106,92.420983781241,1006.4679034031049,997.4904386195103,1014.7706897326577,997.8535244807366
83.74747132523221,42.42545519101505,39.55217955551788,95.62170175774207,1027.6666433156304,989.2470748640648,1001.4858822314841,1004.6187035704727
86.6300457519125,42.571011032186135,87.25924584250407,92.0733969498794,1030.4255832855179,1002.4139895207152,1991.1051413818502,1011.0966542165804
42.43722672287993,80.98521207799332,38.923172401803676,100.53090880379122,1013.6712539973375,1988.7863727434178,1974.785631419058,2001.787053712136
82.53488279333274,43.228467178014064,35.47658866425772,88.8924483660891,2008.431251315205,979.094229616011,1975.4917327858532,1965.5482209636245
43.69542417832265,40.8946549266516,76.61059514015312,96.57936510258222,1987.8808559979705,1002.5417584941599,2001.6499020147335,978.8913172760398
96.08066535592764,38.733393086556106,90.75077151195876,34.419737131446794,1004.9363855124477,1021.7742916427064,2005.2401962661966,1992.306939980662
87.69276290219112,91.83294167728052,39.626332362878316,89.96497041533586,988.4414238072945,1983.2639496836491,2020.6336565042436,2010.1959908362098
91.72702485084085,88.19940373900302,93.11264314996573,83.60220288009323,991.4233116496869,1016.1780737576767,2025.8946310990898,994.2066462391377
84.42968164739403,45.69582805873267,87.38671974243047,37.87011997069207,1013.3595360778154,1015.1796440749738,2037.6043180916186,1021.612441326753
36.35300247752204,47.43527313921463,40.404318097792796,95.16151613451805,1010.6874090786665,2026.1189984155035,979.5800202814464,1027.815732555394
37.849710148691706,40.137773843023254,90.3410643691815,36.604069016922736,996.0631350571922,1010.7838616753065,2015.1131103870496,1004.3726880989561
43.25758732320051,36.506995241658515,40.01701532071854,88.42189134075046,1997.6034039540075,1038.544942258909,2021.2448703854648,996.9068614604328
82.74061057616807,40.34639776334777,39.99793772960513,35.60550476978521,1013.581896047842,1974.7310512393315,1012.5079301528992,1952.6054189400318
43.07443245127992,79.64818591146974,38.37523481734774,35.277739302422475,1018.7021845851782,1997.4543639075998,986.9210416289701,1015.7783449298195
85.32570828656216,88.32182063345819,35.48447582591888,36.57689416510836,1008.3168478635359,1015.6947063004375,1961.903000654983,995.8513529214333
98.29084743792484,37.573533609661226,91.12812826060232,40.74946448852314,2002.7974824099254,1984.9342896409594,1999.310947863147,2009.0288846810238
42.81864210219537,41.01180741303406,38.881850386335714,94.587437643133,1990.882734133625,2003.564586432819,977.4511404421457,2001.8265559742194
43.765273371845055,41.48702340091037,81.99508249370817,39.39836151413069,1973.9944588859107,1972.727423069272,1981.4626294241477,1003.306553045087
90.30424216158676,41.970840235919326,102.35494201333407,35.82573802849393,1998.584194446697,993.4685600877468,2033.6937625591568,1017.0897048874872
83.68429764523916,82.83835319424291,37.22548498850564,84.37698131563378,1995.673331800357,1035.4708586877268,1021.9831967538669,1017.833303771235
85.51484871903479,87.0471280723436,37.997833030598755,40.221888164396205,1014.4681247401238,1038.4274070633319,2020.407776167644,1025.1265851709456
38.06790125186974,88.28439840654492,37.83274012040925,41.81950515701219,2020.6634992433897,1015.5320674455209,1915.0829147240763,1017.666780948111
36.51599399360316,42.061478053625066,86.92007334757082,35.00141269072278,2027.0060630152932,1037.430500351547,2028.097039434392,995.3233432968643
84.47830702420319,43.11693991140243,85.42621547335823,88.83414300813999,1975.3163781155033,2017.97597531223,1009.4022144847128,2000.0433427549483
38.67546378133042,43.585197898967444,44.3182581188575,91.96801907228061,999.1314867639796,1978.0493761987443,2001.9098559926672,1010.3506339480339
36.91981850628327,44.87720015350233,87.88332469069773,89.90701010290344,983.7085315281781,1011.2625804791264,1932.1355675575442,1031.247248405071
38.68770451471318,44.66184942015215,35.57726897369077,39.42145417046916,992.4201186155067,1983.9412863397986,992.6425216861651,1983.089937146082
42.972321654755646,40.98683792293284,46.98993609100011,88.77274303217082,1002.7947821994504,979.9653055299757,2014.2525257311527,2021.4696043592905
88.15320615521296,38.986320382102534,91.4278152324378,41.440190243107615,1005.4576958626296,959.4553923585897,2024.741054492114,2035.0335185750205
88.71385036197962,85.6083173642887,44.35387207804446,42.44621801240622,2007.2169435596531,962.4781478198121,1001.687787461957,995.1521576902969
80.5029073939782,40.11718742280039,35.44770674888581,39.59324402729254,2046.4605908879485,986.168963405033,2045.6664116002144,989.9170115326339
86.4572137975963,42.12645156256279,86.35643625507909,37.99276205141571,1974.2437371621622,2000.765042153251,2003.4596320652706,992.9993722104064
93.84547694551671,47.47109489748789,38.27167881970797,86.8592881476004,1006.8390907411286,2051.7924498038706,1016.4610589104346,1014.9623212463603
41.96267432075928,45.87127814886902,41.76804080597327,83.64547065745529,1004.5654015596986,2034.2205082158753,983.138976535763,999.3544683101992
43.61132174919089,94.6763081463465,46.60356599881738,39.42532110339023,1004.7531860785589,998.2446649712772,975.9768116074631,2016.5293754368406
88.88880109596835,41.154933978705344,86.05274521163578,88.35820974132184,2005.857780912869,1977.9160211120468,956.5034674952313,994.0601735569336
87.06836719281576,41.19797083713365,88.61246103736818,34.188396982909936,1010.2657828947861,1012.7201977016432,975.7123540066564,980.5470397533868
45.50111794269564,37.903838145696355,42.612819276995026,38.457642386798206,1041.8546030305947,2007.4736582100702,999.1372034492342,2025.11732274914
44.895816610017945,38.43299704004022,82.51794583797887,40.0930806432052,2015.998912755145,2073.1184112815954,2024.4344112330843,1014.3754253397021
81.42394421572452,41.08037540901826,44.75473570744224,38.11461361056571,1994.2113061206135,1019.9565450142019,1006.2128205772816,1947.0593795545285
40.606795975026486,79.97178827958477,94.0585644924395,92.96343679652243,1005.6215008261569,993.8631123163575,1005.6586809034587,988.8947026992937
95.17859626843342,39.548992089450024,38.13125911489291,92.45345960708124,998.31435331956,980.0230277793646,1012.9844595160118,1001.3328257967815
39.651266898957836,32.98473563363896,37.68835714661819,89.30464771529124,2007.8839676326752,977.0631755029792,1014.9704429457182,999.0978369092591
45.60137388019203,32.84731431664155,34.57725154445642,39.9684526660529,1980.2293543325693,955.2423579914966,1998.882838771779,991.1162000524896
45.12982459322358,43.42713665760952,37.810655147784914,42.62125237379587,998.6955606036752,1950.6299966958534,984.6198945735462,994.1630605848779
88.31417053633884,44.91630302398456,103.06102318564925,82.46567928343205,1007.0361029921214,1017.2616177549974,1995.4214639064005,1985.9589784169111
40.489735684941856,93.05442199947012,84.6085259863635,40.02827747368494,1008.1538914803955,1012.7483706918705,972.0735271405534,1004.2296928807959
40.285750131087795,41.08631503854164,97.4416277897128,38.79329412745347,2044.2461392057976,1017.4467957037652,2005.389190265694,1935.0741446814109
94.00895966698624,88.06320251781004,43.92095693938886,39.97065650182093,1996.0815925766965,2002.55120350106,1010.5696225252755,1967.6894667155577
40.469273397517725,86.03198157181495,93.07875703045008,40.179544196532305,1022.6018362930733,1972.4408183298394,2012.8716750540511,2031.3962806153688
39.27218550102218,40.32023196687528,94.67855113268007,38.2359655504244,2038.1064732260393,1961.2268820099607,1004.5390329897914,1027.0714234794305
42.19457223243872,91.6497172786081,38.69686854203432,37.90019171495651,984.0649159239194,1968.2701664139704,986.3919735781511,1007.0689725764568
94.3914064302386,42.969305101178506,86.28741656546488,88.53181900795312,975.5850197137811,1974.6650371016092,974.3544731020572,994.8041745009764
40.4750078053209,86.68930252398586,35.59789145811074,89.07228782963305,982.131119153613,2002.269745573174,1969.4844053262773,1993.8102054109595
99.80270787940859,42.091129931805916,95.09378468706237,38.03515073585368,990.6653455086816,1018.7146659027171,978.201538047553,984.9124021937782
39.4380171818641,44.30970392934891,79.1824660407947,39.24482553415355,1998.7449384087654,1033.3482418466474,1005.999381077511,1003.4588713802382
97.2319174258996,42.07682820855081,38.62110009791286,88.47203640056718,1004.0650393264602,2027.6135034156848,1000.0682419603082,999.9523363645854
93.61081245651407,87.95649987591426,42.34251159501737,87.69418674903773,1959.837252449963,2034.999283005989,1009.321666171129,1980.8379012032854
38.98499224426467,41.109233880510075,40.05136459499893,90.80089499961316,2011.5870222224632,2022.1954907484137,1004.8374468885389,1000.8875682741855
39.88142993846056,42.63878156201133,32.24926721908773,38.2202704355122,2017.5579784724298,1038.3079304529124,1010.475833349489,1007.3330116086559
42.13141397440752,41.3790984259787,93.05697984298918,36.04144516385442,989.1409435064205,994.9665864722198,1013.4491421846219,1001.0493371520199
39.15293003421421,42.820822192382415,94.00088401434161,92.37558065986222,1973.1952165260432,2043.5097844540662,2086.898108879138,1009.1173202569539
37.898992143301705,45.25823885474452,82.3462114562408,89.41480830947728,1981.670553649565,1012.4266151118879,1014.1996785669212,2025.8832811040515
91.62126374561487,43.107345554639075,45.31966729938888,90.90242080188256,2008.2253637254682,1028.524196189513,1000.0342526069549,2054.8665211717275
40.702512557478094,43.484062210121834,41.6767326007688,98.8240512781712,999.4386847389709,1031.8366511211475,1970.702067668399,1962.746675687921
40.14641570595481,96.54266910150452,33.68704605665411,38.87093873417227,2050.05376341824,996.4407386220063,2007.4164167222186,984.3268832193544
98.81507575990807,88.03647827725834,92.94357886168967,36.66171436298159,2011.8425786865268,952.6650399425306,1991.046489104638,2015.6358600895398
44.76442956344124,42.12141950922674,41.087894019440185,87.87813654160516,2017.0799142333274,2031.5369595442712,1995.387141704572,1023.7202554305243
40.15064427109186,42.9864321578247,84.73279979781188,38.32608659099489,1944.839848689781,1036.740962975659,1019.2111489689057,2004.9210021897998
37.999518437180726,86.23224596158555,79.37755984859967,35.8611587357157,1978.441640398039,2008.1991594626677,992.2186667222248,2026.8006360607942
93.30732908063453,42.4370822837164,89.84078451004707,79.58787116446722,2015.8216176877359,2031.4001917713279,985.1496765787252,2024.700516742952
82.63988517461459,43.20612052029299,42.416512127138255,98.01748721853674,1007.8516208070105,1996.4616627484866,1974.8139242533346,1982.6120730317068
39.923020350281064,44.08921811497328,89.10604611463555,37.547859017463296,2014.253600841655,1008.5384033310054,1988.1710059028653,1015.1449011881369
41.1423803207811,43.489082757553305,38.120104692873916,35.54443153294911,2063.7746703421826,2021.1042029801033,2007.7043513424176,1009.0765906080491
87.5273757221984,92.45838197457883,89.85785666842438,38.047515523880165,1998.2284229179872,2000.2344539309481,2015.9494310552163,994.6659320328124
90.62395005439114,42.73247577494179,41.03553849447589,39.712227221678916,1973.7017488931135,1998.378259266556,1021.1856651907119,972.6862180043938
45.79595744484736,40.295884785151756,40.43141848124214,38.99351142060655,1983.3962052988022,1996.8983372224804,1027.3030264827944,1999.1859169308989
81.53328476952572,92.65159409844983,39.75811308871232,36.525778709351954,1015.9098774866288,1008.4373900785474,2009.082696755249,1011.9994500393848
101.37123856201381,85.9527823640184,88.80161005565456,92.50114881733306,1996.830836289964,1010.7645894761097,968.5018315682063,1938.1959779420442
46.35132252914759,37.659150085560796,35.19387772079021,99.81734365845962,987.9134365580489,2051.736938462666,971.977498924453,2023.3776255556418
42.41497986290304,37.348167852363055,35.69420047341839,37.831899244216686,983.5411017643398,2001.486240232357,969.376961968662,1023.8330714900981
39.14156215496209,40.92587793247395,38.080844699488665,37.555047519013016,982.417711020325,1028.9373977774794,1977.7236344852627,1998.839001876391
86.62838161774488,41.95686039438964,34.903307959306055,40.56762612234181,990.9866494429676,1008.2521831972126,2029.5575080973908,2007.1427993350821
93.93471225527507,94.20086921587753,87.67153353077458,44.06784386146816,1002.1345052735674,2065.5983955950146,2053.415721678456,1991.3503512369934
90.70944353197704,81.85121170887717,41.82099854231799,93.97703302294335,1972.2468757858273,2005.9638325840654,2026.27513355529,1018.5200832919095
41.00894792910856,82.32318961390487,40.115559962131755,91.00097064913842,1990.6396383252147,976.5521699004878,1061.521396553561,2022.379778382282
39.46104163229416,46.389953747638685,37.986026487010925,86.44452987368156,2001.793984496806,965.2010519082933,1973.7226462345643,985.7960605461155
94.59873618266553,43.92138505441524,40.72682783493185,39.85535259605804,2030.2836464347654,943.3281421171141,951.1374457992374,984.8508908735354
42.18279909083858,89.12657069583615,42.29001290350861,39.062735722106495,2068.3169301117705,960.3585602665826,2020.3182379046455,1996.2273714396517
40.915052825964466,42.0258720592859,38.364004565656614,37.76072257492781,1015.701340078175,992.2165237847162,1998.5894196704403,1991.3508644044869
39.29014735969153,42.39692675843103,34.87432441212387,39.37373618743608,1021.4761818290453,1975.9207238145655,1031.8790667583198,1958.8587913738784
97.06127458816438,92.05738883102565,35.8952782036491,41.77430471583142,1032.631826023886,1950.9844007558918,996.5674597848894,2017.0148889449847
41.022021847798456,40.26709508170437,39.09167137167341,94.15709255554997,1004.586055189581,1980.4930641405053,982.1925854609135,996.4545789768922
43.427438778342285,88.05393947801657,41.05447790099136,89.99561968077396,994.9332336128818,987.1009667671715,1980.8888724432702,1002.2380525633724
44.613100665016255,84.12131109774617,89.0423409136692,85.02665410063574,1014.0177525173859,2025.5457182273713,1961.3553687226486,994.8795176171922
94.78205487524127,89.2892018419447,37.80498796372315,38.14050815899753,983.2346115499629,1004.5802873888351,1006.5443004151928,980.9974125241883
42.69265758310094,42.03417241966393,88.66795590642185,86.1054669001886,2037.933629487445,2014.7000200368464,1984.489489937434,974.6686662862486
42.19924059641233,99.46162442353457,42.72045094363234,39.941550539542206,1021.994993456452,1019.6121921664258,1027.9306478048534,982.1596757209379
89.90335166395029,93.2207613840813,41.53307776183527,90.02481033517124,2000.7105330668924,1018.5773048119545,1985.9063376770262,994.9326599205142
40.88695960636604,40.43972821513249,37.47387115967963,37.83047861251009,1010.0137082333963,996.6132959420293,1028.3189078376076,1013.7311647399048
40.26187626391179,37.23632058340443,90.7207383786018,36.15885591079623,1010.7562992632024,974.5169815722895,1019.2430621325412,1930.4188055751965
90.99632376629158,39.24879085491823,40.02192907129215,38.022965943005545,2044.3071044360806,1969.1241021958504,993.7903520857934,1000.6374766252452
39.30027558962481,41.367580242718006,38.597472212629306,39.152152944723326,1009.8453295461566,969.9477752328156,1006.973981684897,994.2286635897008
37.43294567459682,87.37937711186301,39.389226526064604,37.739471130752236,983.7691580304792,962.570401225046,988.5313935115306,984.8154909344555
89.53051194495225,91.10754099297071,88.74903139365448,36.341591200788386,2030.8774732590182,1951.0305475225878,2005.6729310955984,1006.5717176617701
40.594897964774546,42.04979862352148,97.02228339078576,89.09166542942555,1970.7849941017917,2014.744244765992,2012.232114052305,1005.4615006743229
90.62388436984173,98.23592264094921,92.91029547378176,97.30191840630228,1000.7753208355211,989.9069290139421,2044.2205434804828,1997.6513575898707
37.15940818476501,43.064179940211105,36.2904087983153,33.760268229817825,997.668972370185,1024.6421037824039,1989.9490338040264,1017.4540601813492
87.34449723236557,41.76827331266986,38.77536782100374,36.096300339923914,995.9037772670463,1049.7355746694157,973.5629081610421,986.8476563971076
38.102104916192076,45.45321134243552,38.34763421455588,90.25145083352764,1957.0946679593674,1004.9980925783359,966.2692922119886,1974.0249849552965
39.09065064702051,43.786223786279336,83.01664265803205,39.91482202729032,1006.2453233866462,987.8168171556526,1993.6264761092602,996.5538070246314
94.19179808976271,44.60688907473596,87.31110033704157,38.000105251701,2011.649787739563,2024.9837677566852,988.1643659524478,992.3233401114924
40.09879718387842,45.6587872276871,94.31392139002772,35.466689450528946,973.8782596928392,2051.424607477811,2030.2027490862579,1965.513223442352
91.82269009842831,96.15773601381316,42.565298240378425,88.959603707331,1992.4909816705904,994.6662065433532,1012.0135229273026,1019.1466041702802
41.45959345487374,51.14797108645878,94.6528969790137,37.72590495724915,2003.5306330391415,2010.2338255047123,2011.873010732473,1962.3489317599938
45.18370975649945,97.11734216749474,40.62629574687891,42.18048013581051,2001.9494971941715,2001.9302752551366,1923.0113197921169,2030.7119295119169
41.0150713958386,40.400156177733365,40.71538751773474,41.095748959439035,985.0451474783993,2013.0125458639789,1038.8077418727971,2011.867928559342
90.12282696088671,98.24337044757462,80.26871941893975,88.6392428289556,2060.1738499824037,1004.7999576940981,2011.7785429112516,2009.2086055661466
41.08099328638182,94.26997328870326,39.27321625503591,37.416522842722145,2002.7354832598378,1003.643183057864,1028.3199210422204,1961.0044065043928
90.23570134766528,41.27245275318799,39.13388358346674,36.94466657602719,2005.3198188446227,1003.0093827490016,1956.285099321165,981.484017514466
85.02792632608687,38.11307629537417,94.894100992956,39.20938995485392,997.007231765665,1967.5541138373635,1987.130380218061,1979.8266567378955
38.45107057657839,35.90488646783431,37.95925510175956,39.3805357999386,2006.2402974007414,1000.8340533132863,959.5920657447521,986.153918077679
40.803891950256954,39.88142002661594,36.51382527117068,37.418086198649206,996.4687874964286,2026.0704199901088,995.2759717804093,980.3657876127785
91.75540209634987,41.517187545743354,36.85551799769733,87.45260846866168,1997.596967290281,2037.6859681340438,1026.9330422921055,987.5943413862774
82.9575796451065,41.84897475047985,89.41072521332181,95.32026797493816,1991.7863456920572,2039.386551857938,2011.660090204579,1935.058704886065
39.066993020635365,90.88502485610039,38.166615860151765,38.05952398802917,1967.2682719835004,1995.0288701859174,1975.791327796798,1916.018814030374
85.66734529441595,101.85788839164121,40.75110346207042,42.455444060692905,1979.267350555175,1044.3178038462024,961.4966457453588,1999.8631449517027
94.47114888565835,88.20659305361967,40.50073804813428,39.21602880376439,2012.7455181538496,1990.2037523158663,985.1418312734722,2037.4658869096727
87.84311410988897,45.404925272087226,41.73748647277887,34.87106265803985,1001.5806921651249,1975.516809845183,1963.5411656092099,1017.3971457580925
38.467521457097746,89.92112238519171,89.59425177948886,37.44916367958182,1011.8131871604007,972.8100366403365,1008.827158369699,1990.6669688771929
83.74186100618624,38.57202058912178,80.32914668918889,95.43652696014394,1018.8379753386178,1972.7447190622831,2004.1754215304989,1000.3123633257362
40.978230187985076,35.8441687831059,39.59950893857865,85.71408964080047,1004.6300457073829,1051.3525291690148,973.7444343588829,1963.9820780431257
43.600256365251354,92.72473190747816,40.34936089662171,35.49939645198186,1024.8382091532353,2004.9761537017998,1996.1868021574046,990.1025112746659
45.53775843015556,42.00062895437922,87.74566762072931,42.45707893913174,1014.333881028808,2084.7392153763203,1010.3809193373115,982.9014475146013
42.964927699091696,40.188380662302194,85.67148568236345,89.73182821524969,992.7038253670971,992.8507999364227,1983.9555672408135,1966.22444359515
95.5657774322161,40.51940171348157,41.46556013784873,39.639097345788734,2035.5016186460177,1018.5161879820673,981.0455048693736,992.1081236314378
86.63358856300306,41.71088034832685,100.34898900801716,95.52083332784323,1022.6344657867446,1988.4370323431338,994.5968918535407,2028.700217832923
44.288083513998714,97.24337399590559,37.67615352449384,41.57502643259679,995.0866286484802,2015.526246447756,978.8966249334201,1002.5994246859786
43.09006691758826,42.55757632568586,40.69204684658541,39.213994380366785,984.1519371788105,985.932367249362,2002.8431189126363,1962.3132737668654
41.090681892733464,92.66654612963858,37.98163901430818,86.67876237739956,1992.714271204905,974.5361789114089,1952.8197986401622,2010.0887761269864
41.923140231165604,42.35738090400173,93.6181395941466,90.69548698271927,1006.5949800470435,1010.6046345389053,988.5072920725883,1000.803340630495
40.382764976423346,90.71894148004517,85.22819882649385,45.70582190472746,1041.982077193144,2009.9239071630564,2027.5156146287936,2021.2981281350364
84.8016708954027,43.416133317699526,39.64035110276447,41.84898316788947,1997.4022049314644,1988.929571413982,1002.0907028750996,2046.4549875460093
43.61503902570237,40.89305221049355,87.97233072792042,41.44355436025066,1991.3218052800664,1005.7656250012371,2012.1819218597095,1008.2085526246985
41.94242928616862,91.71641175368038,87.83180625642385,38.45548095537755,1024.1294528521928,997.5960844341996,1963.9763485987876,1003.1048556960811
37.64914414346657,43.57675272020063,91.15688183817821,38.11817595443874,983.6283862597202,1974.4882346351083,1990.511475373747,1014.3514037061027
36.54984400228772,40.600311523605754,41.3070123124745,88.75632382290978,999.929783882837,1000.1011467844173,1937.4183864184154,1011.2172468126964
37.62200408452421,95.77517167770758,40.7352511471523,40.89491787321971,1991.982213839203,1958.6880288411899,1008.6556748096149,991.6944645998692
39.21641068082939,39.136703046763884,91.47254653654706,37.812249486656206,975.4256230813342,992.1861831145363,1006.1297290046582,985.9784618035878
39.915887258413456,42.14630221793588,39.81217231712323,38.382531657741914,978.2515731406595,1037.0866547689088,1975.1461914041713,997.6369515204171
82.74427846691678,41.6685899685738,94.7008554588124,80.3423286892291,990.0010550577556,2035.5723842441716,1025.314406546812,1998.947948168758
41.93913365966947,85.47156827152469,86.99826437796219,37.64901565002788,995.4136963817052,2024.41600347516,2000.740600776405,1969.3812612459528
83.76861614402091,43.250638876205734,92.25770436138451,86.35070246296206,992.3827473503983,1997.1373014609846,1023.7978088151181,975.0330396681229
38.70389851180447,87.26581248087031,94.56358467169413,41.69033865733257,982.0773116450417,2004.4883042596591,999.5425189916172,1973.5189449869733
37.52784033267274,40.802139633271835,41.01425475412345,93.2119635999276,2019.6064084753943,1028.1874126623745,997.041318034042,1007.8587222606095
36.54274468889358,88.92286921376596,40.69118459286821,80.92041162672834,1014.6188246012568,1000.3804766719747,1010.3848693653865,2013.649002345716
92.33107295521164,44.06617555194363,38.60151661554329,40.81064244692266,2003.8195773955813,985.7327116676943,964.6900474840511,1015.2857402231168
97.51892862072344,85.17983796399596,39.34980184087942,84.82676000305602,2053.130428897458,2035.8547204661947,968.1482463481608,2020.2850055940987
84.67966263149418,91.37133422447758,38.450250454000326,32.41934986379618,2020.3129731355323,1943.2997937092648,986.7506249728535,988.1441696355541
93.1693986867078,95.28312070883848,37.820330661615046,92.13374538328551,2002.797845561973,1981.165364028768,1983.98304608076,989.241282575339
99.89623716718035,43.40870949168581,36.710653038251266,33.0230220248963,1988.4703468813482,1000.4580534533566,998.7781115649229,996.737723041974
43.822927223313705,96.94120361903325,35.13619102697143,89.96837166170073,2016.5380814140294,2014.141851841534,1038.7295955471,1005.6428405606536
42.276867118975154,100.70840242587772,37.53462669496821,39.24900547617048,2026.5880540402732,2037.1954648394537,1956.028313400595,1001.0835420429739
40.77322085867582,37.96510541711158,38.06801177440819,41.273430004504434,1021.4913296435677,1010.6523880228692,990.3269002927923,1967.4883911307732
42.16016325832409,40.2839520472801,91.61468922203677,40.12897346898636,1989.8979161736304,1014.4090979954497,1001.1262720024758,1963.5815189265531
81.86334690685942,40.332171706978535,35.99681972592386,92.68178216483459,1010.083347728262,1019.7689631019593,2046.0077354269918,991.7296269668881
83.66048213460155,41.15321238651952,94.40035043516156,36.570994743893266,1018.3935547301869,2040.0101578083595,991.7354168828947,991.7147911651136
96.56894782624653,92.41423781829556,43.02302936120757,34.141002605856244,2001.4102679817745,1958.9001402176718,1009.4391767335951,990.3858959522154
39.31255536522794,39.94153123177682,38.42627124896633,76.63299224221646,1955.876119699489,1007.4076359642756,1985.0724716600073,2011.9372100894818
39.71750230624576,97.07186739021408,35.86137423570855,37.32103797865561,997.9629705304806,1019.1270643068116,1989.6480412289966,1962.1165625150327
89.26330955392179,40.55873969918957,40.885756197626435,94.023835754555,998.9146996891618,2006.6919449971424,2028.5238117978247,2003.650261191526
44.24829611463165,40.68570107558941,86.04119119547518,89.09601592924281,987.1609486764436,2027.3721465869978,978.7194469518396,995.4968064391355
88.31215972764916,92.21552459480965,94.1107851045523,43.61333440602313,1973.946130771333,975.8269475653175,1018.896471838188,992.6061504832878
91.30160987807461,42.61627555642241,41.02699973297415,39.19039991501461,1997.3446955110849,975.922327541193,2028.4077795913574,1003.3046955738178
81.31695208772663,42.16240944245318,42.81830081439551,41.71561815290226,1005.6952298745888,1010.747748932212,1998.2995451969734,1008.970021158708
89.45915767509267,43.56095061259552,90.91982731408987,40.447845571582334,1977.7850947636919,1023.2423739030148,1003.2510379299686,995.7585161177435
41.684580072849755,41.74169254401997,91.4783551953431,39.304790025887186,1980.6789474880575,1010.1729168294773,2050.095366835826,969.5037673486996
96.86089294517019,40.07799879146178,90.23736436842495,93.66661078555425,1018.4125121687736,2017.6754116346738,1975.03101680003,998.7249548626231
84.30738581247503,41.33035375283714,42.581140578668325,92.04762122824928,1991.2826703890491,1982.9536382801612,1036.8486951395637,2000.146574188888
38.080229995123005,41.4977663358902,42.241531297164656,38.81699003018916,2006.76347950148,1026.945228751928,1983.0292635393255,989.950933171229
41.687186323729705,87.66995389019405,39.18326940138509,37.81095842689784,1001.7653749488686,2027.9758135794884,981.8079621751185,999.9327838069887
42.28774961528407,85.32963839502531,94.46584578945149,40.820156768260105,1013.25688125683,1036.5912848227376,1001.9794299844151,993.7531010963421
40.88396892426323,92.41476037555276,44.18768555997171,85.49077403025541,1013.5985101358449,987.2135340933539,2055.344068130087,2060.325630667371
87.76274799162069,90.17730407175968,86.67843888329496,96.93885219856382,993.7739105331505,2018.3373049608763,968.2819787981131,999.6313400167382
90.67441597867787,44.32662560458572,96.21555866961798,38.99701530463388,1017.0741655555765,951.7868495840007,983.978763853316,998.2971932520941
40.919505457390855,42.964339799628725,37.506859278962864,90.56664384451011,1969.7076872917635,994.4663097118126,2030.4250540266373,1990.664741894415
44.896067269524934,86.86295481050031,90.99112843322419,38.59497982687034,1029.9302862722568,1019.7591711065095,989.8463843841268,1978.8094158202919
45.695326084416266,41.68661217165226,89.65868795496456,41.602703437059304,1992.0795229512587,1945.8740704540398,1988.9988060834694,1985.625105541513
40.30174651327033,93.51296848449574,84.86666989895495,41.18158878433752,1983.4262839928979,1000.548751583729,2027.3820502239034,1024.07469069697
89.43361993887348,96.51096650946924,38.76066240595429,94.86152283165376,2006.808992079249,1934.7420004171863,1022.4274917103494,1019.6570357126222
87.62777255885153,41.55138322817996,92.71628858219199,81.72251270865422,975.6684487725238,1014.8824006611387,1024.682860439651,1017.9977026436708
40.08175669123085,89.38096883029225,41.74043631522592,87.27827467460037,1002.1301533776175,2009.5711069369981,1016.2620218089667,1006.3654861667428
90.09612870806532,36.194500732616405,43.47276695974337,89.62178954275701,2028.4668335538063,984.7757403647577,1957.2603168791038,993.7653699446671
91.20737819119357,89.37446545301758,83.32695509760734,78.26501916100872,1994.497855352898,1010.7557509540677,2030.8452324928535,983.2694586841676
99.66433774775851,42.2353266501957,43.66554938115007,38.3003968089555,1958.0781710618076,1018.6115535333398,963.1103097384052,993.9206938766308
39.79439224417587,88.42872276835084,80.75298953747868,39.379179510457874,968.3573575199957,1982.4422202056903,973.7275210967421,2008.1367883240919
38.85269790140396,39.378325736164406,85.55587127119693,91.74681036008909,1947.3067992329925,1983.431778769856,1979.3085962285943,990.3965219728311
91.52941008531117,94.29273799323852,85.12424264707604,86.83251097306794,2010.28012219498,1010.0812606733866,1981.0952902972556,1001.790100124501
42.64047856783942,94.13209101556153,38.970785010634096,36.33612034167892,2031.3422812316678,2019.239593900465,1955.733106395333,1995.7694767471726
96.245833417459,98.95886428040743,37.96838103179107,35.79294325163916,994.6948477530702,998.4480952370309,971.4070643763534,2004.4886935430898
86.89393328040859,92.60551521590789,90.5808064191046,85.78277810653312,1013.3160596091527,1016.2291483286734,1981.3533172457714,985.156139345177
43.26748209531797,42.85109639368817,38.97590158018197,39.84354393836191,1020.973216729205,2022.8055361002332,1954.0734931539635,1016.5503182606351
95.87810165643216,93.05537864844601,38.433735767845434,81.26139480783375,1010.0844652890744,1984.658427484392,991.1000728614486,1984.4745021040708
39.34353292209687,41.37177121082405,38.97203213310752,35.102297013962094,1946.8913675667418,1029.4751968234698,2014.5842436015603,1018.7579763846194
39.135678550002226,40.995093970364955,40.84998903753112,89.30292691442246,1987.6061244099626,1006.6745065052894,2041.535770706696,1022.4568906464112
42.03498892853078,39.62362070526721,47.23902989455908,37.4231853837766,1973.2547378780148,2037.5671808859013,1010.737050499203,1013.9414628758086
96.1365390107996,86.5181346086781,77.68889815467561,92.85644445918743,997.5261968155847,1041.249515293297,1005.1374527148724,1987.5475928842752
89.82353879928596,92.33070637233193,83.91284766048616,38.29255856677764,994.6027326054177,1955.8977731910013,1996.09783971273,1011.3930897378535
41.06442199995069,45.22140854665945,87.94721173172012,39.01925250162344,969.1992186718893,974.4433260975911,1985.0876503561103,2061.1774612453655
43.23604967378344,44.43774293483998,36.92011302663133,86.0423466892806,2045.6853365135703,984.3765517091824,2018.455621721481,2019.618655054607
93.79153193016522,87.47221450202366,96.60454239854992,89.28907128332564,1019.7358979445816,985.3170387331678,995.0239620587297,989.1004147688645
90.16722638897156,80.02528503019911,94.60622971304616,36.86846452535423,1019.0310573049566,1998.731788974964,989.2268716063666,1015.3669114562831
38.77128163676406,38.95721170184524,42.21446267507264,85.55152954216169,1026.5418779959384,2039.5133303361547,993.843000640996,1045.7973911420163
81.61829564785532,42.81548019302825,100.32671961029403,33.31827931294287,2039.3412619227488,991.23639250883,2001.768890681088,2018.785602994963
90.95086673846637,87.34186902689345,36.34957928828993,87.53963099148183,995.4251990409155,2019.3031025305334,1977.6279252743332,2006.9108567823912
38.53980376790158,86.20383194234122,94.89644076979864,88.3216631138302,2007.2582972256077,998.7868967562165,2011.4827414738504,1985.5961082903427
40.60866726441689,89.62084286313012,84.38604032484741,94.9939908295324,1012.5648483187881,1914.9644556515998,1956.465971277708,987.5770263752676
87.49680290886317,85.84702701741736,90.34525126848135,86.7941055319763,1012.6063222704495,1032.0649050039397,958.3787175296613,977.8582735392629
94.0745188383549,95.63111131625563,45.691606023805846,81.86974675140074,1028.108883115857,1008.9837837832687,968.8913062686156,977.8043158334447
39.8372314940366,42.636529117365065,93.88188056202546,38.36089364597882,1015.5275140165024,980.7380016387951,2023.0844737617542,1987.4091128488583
90.36417438532253,85.44855711465138,87.99872811485939,83.42083531932975,2016.1921892690139,2025.8909160705655,1971.2184016426604,2018.860110880198
93.13776710841779,46.79879708377733,39.311169358603905,40.928513571331436,1010.5429997245847,998.6577186456827,1011.0202227896241,2021.5774658300804
36.98024500736715,40.61701952245537,82.66729072600702,39.84205511720155,2012.908197005233,1026.3702896514715,993.2469381343074,998.3062377348269
94.9896111463337,36.39648023862164,81.76336014121513,38.83137486805715,2048.273230481581,999.3862896260198,1000.3783450338678,994.9124445484994
38.86783008766532,98.62608692696092,44.01163812495999,38.466103466062464,991.7251576586605,2051.4265525435762,1026.75006269041,2042.47797109884
85.80108499085252,44.869497330167746,40.0478811839632,88.9075268690686,1971.465937549884,1028.1796759198867,2010.8935117502954,982.8871367063642
86.82158575050738,79.20051625620124,41.82786663847588,90.92875924319358,2023.1494203242662,2020.083119258088,2008.7077748242689,1986.7550013698442
98.3395729737474,85.26083122065073,88.38402713253966,80.90415784477577,1003.9008899141791,1016.1355308350086,1975.867596816208,982.8884939966279
41.17708115063877,42.2690025397156,38.21066191618034,89.3776794346241,1020.7945324199708,1017.356245754142,953.9948868136769,2013.732596422865
88.32289549696574,89.08415901883171,84.75015219888712,86.29958973718611,1025.5338015383786,1004.1170849847224,1997.4044375316785,2007.6053826603568
41.2484940972328,40.861321486597866,84.99228983185401,37.11416835163976,2017.4236185213938,1004.4605932260224,1031.3618323927344,999.6237226271745
37.85190271609428,84.74184489769465,87.36338278750159,35.728664395551846,2006.828850973968,1031.374635821477,1004.2904730954476,2020.4269367493337
36.5757317102352,41.813361994416034,98.89409987326361,35.45169739961721,1925.692170755309,1013.9769625539873,2004.8485973604827,1985.4735112853227
87.97107815519696,97.13812122272513,94.1115638156934,93.11703569489485,2014.9900478729812,2000.0789149030522,995.2059694885088,1984.9756730174104
40.9576882670836,44.81884050626117,99.47544069167802,81.9841198313186,1007.5086185533206,1968.5852654901605,2020.5918044388873,1996.0314044769186
90.180349283892,47.29802295685666,35.60534853782179,87.78502366249552,2011.7088655643752,2067.555242070266,2082.1994653577854,1007.4302572242179
40.20910650718149,88.00394912616042,87.40464604901779,38.98370480393629,998.9734976276056,2043.756537964802,1012.8027892879268,1973.3586571021658
91.85790412992587,93.04212092589076,40.2392015133966,38.70038129923243,979.8090315882887,1003.6971069173615,2063.144280260842,1001.1189367990166
40.1761026570696,41.30976922426906,91.09076053918031,38.95798993014058,2032.832321897726,985.2688492502157,1005.4852892800177,996.5875428104298
93.37873852951958,97.62946074634505,97.64536244592152,84.78579369320934,2079.3572941138304,2022.5638109642748,1962.3805396926778,998.4452086755646
40.62646013750491,39.29136169620622,39.20852407983042,33.66616513689331,2001.1214737126077,2011.7725192776422,2005.709357303996,1959.3478303504157
41.078867054500044,43.28219859378366,90.82417010362663,86.74674537311857,2007.7190441227863,964.1213705343905,2024.6248825963507,1000.9950684293832
97.42730379753652,89.49851027397833,40.24146144833561,39.08687668593739,1015.5629074315937,2028.4343046903887,2011.476496035764,1000.0450759543805
88.4010231538505,40.10443657075774,39.1120924688657,90.62739225213451,1019.891536279666,1017.8055372421891,983.1098889824553,1950.8710498627388
42.98096876713059,83.97619011956225,94.05648660351893,97.84874227991901,1011.7963265651349,2004.908463283076,2003.7903003992776,2046.4328840684052
43.901327096829846,89.90430399597604,89.6533972762923,87.61921411476719,1950.5644978182986,994.9012894723238,2014.1188464796337,2040.523828909318
88.47313993208947,37.681806908347426,84.96019707270665,32.45430293242767,1014.3786567372952,1009.4598492734665,997.4542164351648,1005.2896685898481
86.82160550119706,40.026127211816146,40.77856218217104,33.52027135251078,1982.9067842248628,2009.7474058610435,984.8700375581243,1005.8278171011066
42.58627830385217,85.19333375431418,41.71329504026326,48.87377267221259,2015.6304089871014,2007.8145999463513,1003.1852506885295,1012.2772022736463
39.5119636805249,37.81482664118246,80.92001328179865,84.86606017272476,995.291783252103,985.0087387589243,1017.6325990868072,1005.8310778635167
37.718949562523726,36.75891363863403,84.7233761576659,36.76052736667914,2019.4528990590227,1003.9980834099651,1013.3479104162427,990.1216634155742
38.61769087580025,85.2120636001721,37.93189664630135,37.848500378953275,974.9462859440941,992.7032324067685,2011.6078420854756,2057.2617040928635
40.41456332103037,103.66407785345527,37.96658012776041,85.00991696720718,977.6984155957775,961.5593409249818,997.7689801402946,1006.969987414
39.05028834633784,42.480054126671575,40.47047852106647,42.90660976689462,971.4116125447068,1971.493203022303,2006.3534136145217,1006.43724828354
86.93093225353117,41.57165015706754,94.7351579832948,86.92832464931178,947.8679515533729,985.7077877612951,995.1674463960205,2001.956478238042
35.395115477867634,93.62107727592948,40.66959352207496,40.00092886033328,1988.1007329151116,2003.852422796223,991.9189294367748,2005.37170281534
83.45010482769338,93.06967701543103,95.38657363520886,37.917373261477174,971.1520649887248,976.7475013345605,978.2246465552837,991.8891361789365
92.56512442596232,38.86089662351606,40.48868785051615,95.8157667696779,2002.5975064021636,1961.5984715171778,993.2823347142173,1964.77642354696
39.10516877712706,43.622327695433,87.4395452682132,91.31266265709169,996.7657895127292,969.6498819032633,970.3272152940565,2004.6935296517227
91.67930487090264,92.75257904448306,94.71204972861594,39.37611863799441,1975.888830553617,972.056341494156,979.2084764951564,2029.2335916155864
44.21520696141067,40.39777575531935,89.66182907897515,88.77204380108354,1031.8888937690117,975.1486410457946,1000.1842297765293,1960.9608696613238
90.25585738284826,89.806247678451,36.04736122555727,92.09592788873762,1030.5760038706906,980.5115575603027,2014.6008424197091,1982.4890467220655
38.982086244929285,91.54784398306978,36.58491073723484,37.11346419071765,1014.4160244011999,965.3185602376245,990.5383137873569,990.2138683221237
88.55512259224095,88.27320359649558,82.14986958152548,35.62563858582959,1993.7825963647922,1980.8592818736383,1003.6859058276707,2042.1862493395442
89.73785531123502,42.05615699224656,38.81873989091633,35.963902135917294,998.5222685424471,1004.8693460324887,2056.5839980347423,1017.8958626721528
42.91842321555786,91.40383843096336,38.38924910788529,38.839723268092214,2034.5307835197725,2009.203375583448,995.8668626430178,1026.56360435836
81.59522298525788,44.764816106792324,90.60412192100468,38.07226518840995,976.4343578837843,971.3663446170077,991.9202296060138,1017.5844887275659
43.3224983920786,85.9033903133235,38.67870580719725,88.65474037677832,1027.0685106734036,1977.7880228486088,1003.4935850214032,995.641341944031
44.74947136249444,82.23437944554296,39.195911557144555,92.07934955304214,1989.813437827903,1020.1246347545085,1000.3371051506599,987.1701348382849
39.14986367445266,93.42454370075642,39.215166931114375,80.7776374782048,977.8299402772512,1975.1703442672986,973.3136470685683,998.814759589812
90.27067668361676,44.09045382702993,38.3969027208404,94.87324783611764,2046.7475865964088,1002.8398763061655,1969.7326837045655,2039.6215208386416
36.71469704564258,92.71554200790408,37.38859819292735,90.88465303295808,996.5647705675342,2009.3198174081613,2000.8021357722148,2027.123812018333
39.691437237604674,90.01408389317584,43.964802276477236,40.52272901164102,1981.4410186313314,998.7494369662063,1964.12397901403,1967.888881993773
88.51507788690614,41.96953731284647,46.07783858657383,37.90636722515306,2001.9464161568976,2051.3219572331554,1030.3988223799363,1013.8182484160468
41.757415647550204,43.14250530340924,86.73334891920327,37.52548850072422,1009.2386790258902,1033.4305852899201,2026.5193522419293,2002.8663552710873
77.15728219235099,91.73824318946883,41.78608805290337,36.91680922518643,1017.0511922086548,1038.8761197960625,992.9744234046009,2044.9345452206985
41.55603300772177,44.268543683162164,39.17536261844616,34.81574111830449,2019.822332997926,1008.4608749584208,2016.4983076826065,1007.4229145384757
77.55898058407368,44.22392238980914,83.34849096968576,36.567904508888006,1017.36733552556,989.8824353928725,1039.3210038139625,995.3674356124459
42.66879796562759,88.30722523614078,94.31941086275083,38.4642542963508,2039.2422073052621,2032.5215801586105,1980.6982102955578,2013.0860022997297
39.53907476810669,41.53655665087133,88.17096044289438,42.79931687463274,962.3620323139551,993.8106003995485,2028.1264312831865,985.9942039501454
85.95983202142415,88.01269554513242,38.47007337877893,43.09097400264399,963.8407442658145,992.1112379640613,1994.5281483041756,2012.0818352662395
35.95705431227218,82.90622525877649,93.69070593863256,87.03198202043673,965.9350417344094,989.9947221009827,2027.1384039890102,993.9799310512967
38.46371722423804,92.63764419515672,41.11009635184374,90.74046102899419,974.9045793974933,1005.286340373033,984.2003657368812,2028.952696574585
40.55850283083023,44.706851112877516,39.23079968510937,38.77132790885162,2049.748721552474,1041.4109916745554,994.2027697662395,1963.5658725506787
40.20541112067736,46.559739888438486,37.04370272002067,36.15332861619126,988.7245896376025,1033.2955394507103,1021.4450104530733,1014.0819019818886
87.267677979099,42.404089905106304,38.78023956922773,37.0931834750157,1010.8265582894896,1038.4772085660447,2027.8786122767037,1996.018530349535
38.78947622343317,40.71663881494488,100.08144475540252,89.23506414484315,1033.7771478679476,997.3551891527056,1015.8040713906842,2031.4401551225508
37.78426408971984,39.887544223299386,87.72105798923008,90.97805776500007,1019.9279656551188,976.8894900567918,2005.2638282195853,997.6196194416759
39.204464735540995,42.11618672738933,44.61535647407873,92.45594442354553,1947.4180326275384,2000.1492515876175,1989.3151024409628,996.3061728299181
75.10829656314218,42.303768392904885,42.35781840723183,36.37265243224303,1039.0794262027212,2033.27392109078,1021.6919990968315,1006.0908217775825
39.0691912679429,91.72923173389923,38.11078379163723,84.47465697325495,2034.018982006881,991.5169910109262,1011.7358147943962,1009.9044979816823
40.23277439390789,83.01559465576776,39.070881389189665,36.447440238988506,1977.518956048181,959.5588410920159,994.4215168955625,1962.977596592573
97.3966645045324,39.57214210911006,41.833268212058925,34.88811282334623,1994.50805384036,962.8682693935177,999.1142020719936,1026.3383882447442
89.38345704013362,88.387020732427,95.01614713638162,37.91165294303322,1018.1918522164908,986.7496268039228,982.6218003188761,990.0991711774718
37.31578252127737,98.82922882258143,40.9293620486531,41.924649731242724,1985.9583612145775,2043.4189338323054,1992.3977951387374,984.8932245084741
37.58110133205962,42.46205922078923,41.301549747711704,95.46370401453598,1039.4819919792776,2065.605616054212,2011.221967235154,1008.6613029684095
38.833512806284205,38.2027607516269,39.4240201561377,39.280927461015736,1038.8582329160847,1983.5126495232034,2015.2282508860949,992.6578104085995
95.45960371205622,98.95150609502362,39.719800085374516,76.88833809974288,1989.0952693220895,1012.4196233035925,1981.360206895895,1979.8226910486574
98.58935453045291,40.70827970342711,83.25673942462203,36.30467230555614,1978.81264274847,2031.6570886973423,2002.6818812203724,1008.0790740153695
42.12420975472517,83.4711583806839,86.31740549190339,87.55567418208253,1964.4637712475496,1977.7500736512773,999.2098635864966,1017.1459089170016
88.03681961677027,92.55022955857301,93.01359709876247,90.24854277794289,996.7169143154317,1042.3835693258657,991.7518561245472,1009.2125577949491
41.675528509405424,87.9895922593841,36.568331086033105,38.94187826056449,992.1931493363566,2011.04485728004,998.7820807018359,1982.3907895947207
40.62152355105868,44.624460366307474,37.49077429939025,80.91665254089769,999.4312441521512,2004.0187752257232,1993.1608063193382,1003.2405661212631
87.97966924181407,45.711656095657396,92.85514207810203,40.31235022379075,1998.7546653827717,978.0811661908801,983.6429043239141,2012.3474721853784
90.42326486496741,91.0353728021053,40.09829645395416,85.0943909781194,2048.112514593173,1001.7085869564067,964.8724898332589,996.782403762538
94.4834625042055,90.78058919683798,86.9212738115904,37.11555324005684,2070.2592648383147,1990.0905165064212,1988.7495047995035,991.384185000815
86.51552553133297,89.66023417878755,39.156508867332946,94.05687395394045,2074.1476043747716,1013.3119751742424,1031.8671052436098,998.9286692474623
41.329500106721085,91.01447485328855,36.63152850035675,42.439197877997614,2009.268854757277,1988.0740607887428,2027.7384976311962,1005.7249386171798
39.33030715340985,41.89984521746153,37.11752070383466,43.17045118045435,2017.239542338617,1060.8624760493221,2026.3547174260477,1005.4614836369593
90.35424632747468,86.91394052685548,39.663205878499724,41.76075811496145,2025.2503439213065,2067.631226221746,984.5861913779769,1011.195336345475
81.92690272826967,97.40045529979818,37.66720152153462,42.0466554285789,1014.877931665525,995.1369533235111,1999.5430952979243,2024.6833349985745
85.70223339190407,40.28265869538482,87.46224339354163,88.11070290120531,1010.7406586490738,1011.3795357726335,2000.8646580234144,2002.529408079315
35.146012045344975,88.34822226648168,35.816276408173664,90.95565198047989,2025.5197166684825,1006.3283764731968,1972.9699068097623,2021.333858917968
33.96487103592014,43.83032712621107,37.39511280482002,86.62403401676166,1014.0708803551105,2033.2833102657532,972.7165821639438,1970.8538192778624
36.77309219423462,42.42807544908671,42.02816714280534,38.535239584059696,1019.998467416342,1019.8590358399131,1015.215377734918,979.9151957568259
38.66464872455846,93.3701297189242,39.60884181137155,86.36836992940636,1025.236119904214,1982.0961411954818,972.9097057743248,984.7829860456044
94.64598241047717,40.0919476197862,37.61749057794433,94.43285862013516,1020.3988065615451,1986.3032449288203,983.7631783163401,994.636400085022
43.87016531597264,83.9795061527431,89.44215019863812,40.536454492111304,1019.6866224115383,999.0637522285435,2030.7906801003226,2002.6785160784837
45.60845500320427,41.3681282546646,96.83179485875536,93.19946918398875,2017.0608443911135,1931.8397934680406,998.9070140321294,2002.6279898577197
42.57628443629591,41.14422660477189,90.41645993862036,43.818683654758274,1986.8707359181142,1957.6507050040293,2035.69469489127,999.7371531830597
100.35454702637223,36.17004234292661,85.28222631246959,46.00200148997345,1988.8483492485116,2036.2911292213068,1977.1945261141327,1966.7508317786994
83.9384331569322,86.74974773378707,83.43127112216769,43.148810664126344,991.5331546688521,2049.4042336597317,2019.1438283653324,1987.627855709788
44.01777899540831,40.66071679385081,95.77499310582908,91.20394036971369,1004.3749746799116,984.5571503681315,995.4802250287075,1997.6447930966856
89.66000270812917,87.4114145536631,96.44530115850299,93.47528136107539,1992.6089687241852,1038.314724893523,979.098198400136,1002.9787911038716
41.31803288937495,43.827023464757715,90.06778424648682,86.92456357101985,958.5912905462769,1981.722526463271,1017.0057418416295,2012.3479616825912
89.99349283839973,90.95338169506766,95.79248992716887,97.36757991798433,1005.5872980874201,994.1954438182494,1001.8292009551155,1979.142693699194
40.68589964921228,44.91520774282749,32.9974128578534,40.539947861458984,1037.7147119372153,1971.093295499343,1984.4103081572418,1989.5189992033377
89.97987468827695,92.31322771824858,90.8569442146414,37.37279114106437,1017.2861309112118,1034.2317740307356,988.6388956617578,987.9737454950389
37.30333725877986,44.72302862315796,89.08813223300136,87.34793133798073,1010.6547263300647,1022.963316749478,1962.2338601937,997.3359819711198
38.2310281481891,42.8197130785876,38.07040657056919,35.72169907702437,999.1156836226914,1969.0652048248974,972.661873753517,1986.5739379062568
91.51012905417629,38.62155603227943,83.17227928665976,87.83419397519796,1979.03954753838,2074.666643635889,1965.1691708724886,1001.6980221220995
39.51339341582028,40.23537447886142,38.578366843092454,92.32725823050627,993.6947270095106,1984.3832444600323,1994.4145713620655,993.945606271288
40.499172359971624,100.78523954421257,93.22246566248151,36.95332038878756,987.7729243181778,1987.9468811771644,1003.891244059463,1967.3473397010139
39.61306566535876,91.86078129427072,39.64223511283927,36.361510611977145,973.3101823534193,1948.5269713892624,1996.3371144560288,983.3500776670019
91.75288821318168,41.70876531108605,86.11138146662694,33.06602240208822,1999.0559834301202,997.5199614393374,1005.3488538097,1989.1998719502694
41.131686460420326,41.63693989022109,36.07644711857051,94.70714620515658,993.1261501209428,1017.5291861705443,969.9342252602758,2031.8364625035495
41.435662697640765,44.28911206220074,37.1345619852934,89.1520861506784,1023.175138383806,2049.733153149713,2003.082741098612,1989.609006830492
36.97256024921471,43.22304743935754,35.50110172983719,89.107310675691,1020.4639830883991,1007.9548770770787,957.4042981108323,2074.8610883008723
35.05922053150704,40.34843117620915,37.5830965916721,41.3943919824859,1007.225444099193,975.472292947724,1963.4945600103865,1025.0523688934989
40.90304129897671,89.58272882235005,41.69931554970954,36.027575961718334,1976.6928094211405,2034.0995095970202,2003.558786967039,1036.5221375975193
41.67578815881849,41.25568512552866,85.31194356933884,31.55428515285852,2007.046085293546,2027.1855619615787,1021.3634919510998,1990.496309006583
87.11891044185563,96.01969307693054,44.57540322049829,33.90157170415416,1011.7025937260498,1013.7974551579608,1015.3189538604424,1966.60612869128
92.72183072206471,93.1322862915748,85.14279127365921,39.46488146505344,994.2697093364361,999.2425139249835,995.764473928594,980.3077178412257
41.33567689319109,40.49687526529536,91.19994791998676,90.83633706959526,977.1088044795915,994.1582901014049,2068.4230446998663,1944.5829389984979
42.650851338515,41.01114436476696,40.055433107392915,90.77845100955908,977.4893956813866,1987.8446717161944,2053.114028124871,977.5516287681803
92.07407569572307,43.28746109888567,100.30059169546729,40.624216692487245,2002.0293330969077,1967.6844157447701,1008.7109862489883,966.263106504486
86.64393964173115,46.62126248277727,86.12317119828258,37.99192603739554,2010.378984336629,2013.2158187651967,1969.2715990340532,987.2389137081924
36.8605117918094,45.30168856806512,83.08535915131678,90.91293643922015,1001.9385814779233,2048.8818505460745,1000.2075222012359,2060.247569906392
37.77789975821983,82.49809786196093,43.499484727715824,35.3925714540567,980.9715944203181,1040.7104769840394,1974.5185564339658,1975.740404646762
41.23386310151959,42.127488682931016,83.34077911431056,35.236321724819305,1974.7985617081983,1004.6525711784136,1003.1508330099541,1989.5964260368366
42.608635834907986,96.38713163038202,86.84516915253404,37.37881120482319,1011.2091990143988,1007.7676362912521,1984.7094637802702,997.7947740220022
92.87291124093578,43.894913410829616,73.77399838078468,93.10262609748686,2039.0789381532238,2007.0244637315466,1004.9688541383262,1000.692668436589
44.07659948954232,41.25721931334877,40.14766865064104,94.88670685556272,971.5482262908113,2029.5493039596572,981.2203057580067,1013.1486119841863
41.99436501260086,40.688558034208285,100.3523383002362,43.89027439093756,2068.3607246340475,984.3860201994235,1994.1734301958634,2044.5243819530128
40.14517998093373,40.14545359841053,38.53972840130461,43.58171692753265,2026.0313138340036,1015.2212698280152,1998.5579494392975,1001.2162890870745
35.25174730304926,39.19022182185231,39.418669824352406,85.14611593478818,985.7298413242975,1991.8897705100653,997.7499710683143,2008.5056375783865
36.14043021017409,94.37743221177483,83.38816266077471,37.30252393152735,2015.3561026459947,1976.713395853986,964.111369748865,2018.0454409318272
90.28755485509569,43.13831312416879,41.058876512595134,38.8598904104218,967.8662052905063,973.3308536282443,972.8000795190885,1976.3521611232734
48.35665493520432,41.64837333685765,87.65270458552658,43.04889843307901,984.0776439754738,1017.9817680660285,1009.3834982367607,1914.7088523046548
43.781297780721175,40.70823800780538,94.3315301443688,42.27715200256683,1002.5035342879464,1022.2225082617442,2016.2890826560465,2008.6014559474174
39.8453115673767,94.00355231258966,39.8055014866338,38.59334420950616,2021.6643875030534,1009.1966204966443,2006.9425670044086,990.92301518676
95.76130314197195,41.903332994313075,38.966837882433126,86.83616692850751,2036.8076942199827,994.2092922305484,1984.837229120974,2000.8849192743644
86.76482799175432,86.87914342235749,85.79440562955216,84.95608679699215,987.178692835594,989.1738529562155,1027.4225808710762,1977.1592554809347
91.13671893441501,94.09415147042094,38.90249566894623,35.19912669369319,987.4430382478613,2005.208981417857,1992.833922279249,2022.0251673492348
41.076756428023316,43.59492305647335,88.10229952394361,36.093762688735694,972.1727344483788,1968.1687268766805,1016.8947986673999,2038.5350092810988
93.4149872060167,43.47001683977109,39.554208860082625,38.81200733702492,1965.7660254781747,2021.4366968057543,986.8572108610828,1028.865298122332
91.55146594344316,86.23500573854531,89.95515887010023,41.97096586463503,1004.9568292788017,1983.4073992146343,1988.607829552541,1034.5780192554582
38.19394293787513,87.6248643600283,99.22770638080469,90.67725841981351,1005.9132632577837,1009.0551399890712,2059.207163945919,2010.6010185833438
41.85995924451562,92.37313734832364,90.56967412684611,35.58581211657034,995.4770228867087,986.6907402133737,2002.5233140871792,994.140192077489
38.04936368117262,41.54193150919012,92.93504715169635,88.32921192311002,1019.7304131519047,1003.411706564373,1033.0989503293904,996.9990754361907
39.00512454429443,41.839945685299384,93.68874492883246,92.18826007598625,1991.6466041210506,2007.4152255875645,2023.267766011081,998.2372432632969
90.56284875499796,88.32523770528127,88.78011893675261,36.329932158031085,2006.488714500179,2013.9681971636085,1017.6311162866908,1012.6030348772151
90.37012852014698,38.847320924609576,38.720006212079355,40.77825335938722,1927.720773678919,2036.8095789602496,984.984935880149,2001.6009853458079
86.38411206435313,39.30379201025211,89.99094694935883,84.32414147858776,1940.6297202133687,2016.0501794783243,1918.2063950974261,1011.9031692190599
82.51670944603238,41.54142433444726,39.9844485574619,37.1820695294112,1960.9731523328396,1978.8851249030943,998.1807203073051,1963.294048058869
44.34847566021023,88.9540932912209,86.60119920256876,38.44892471548327,1013.477171552033,1040.4814920846798,1005.0327191848974,1995.3940126433022
42.022860600154246,90.03948314408036,43.33305009436321,37.00875879722701,2003.6680666076993,1969.2824028818459,987.3936662736237,1977.3391974887672
40.02323229896554,95.38578176077266,85.32221978647544,36.00525453716013,1999.2471905065522,990.8647122474817,990.5396308819772,1988.3038376286795
89.09884925929909,43.03319099784174,91.68586900843056,36.06167218578817,2021.5580661343238,955.6945094876145,971.8591759699716,1008.9504688284245
100.3076250145855,43.808014234394335,45.1300767496477,85.82344466169914,1002.8390633331576,993.1030005605421,992.3190310509551,1009.7052272193686
94.18120309547115,44.8177699990158,43.20735822139977,39.310456537418474,996.6754087716108,1005.8250446325891,1981.1649151076283,1004.695630007107
84.56039221405238,47.2698370548121,87.43798089527527,79.0294860026441,2022.3355720765003,996.1195468566011,2024.5525374152485,1974.200368212819
93.8203060472809,91.49318767752885,86.18479965292279,38.15403887731227,2060.485269450327,2039.6834128025405,987.4765728240566,1975.7805217289679
42.52072528734117,42.12530416343215,84.77910360386454,37.563741957877205,2051.412095242524,958.0177213002607,2007.1714777798643,1002.353848644141
40.23792119732124,93.62248499577791,32.36134226285845,89.75711513639224,2017.8471700648747,964.2850904955592,2025.6850964594578,996.9262904258965
95.20566736692284,90.93234150001571,34.293719148347336,96.3406571263513,1963.5060638470138,2015.8509046902873,1040.4339761440622,992.2333679357978
39.751404360544996,42.685819003708545,39.244172190107214,39.52679239275139,1024.9654591819583,1022.0878539883474,2019.4707935744584,2004.8961007119801
86.22101781114004,89.89769731344936,92.3560922824649,36.2382716326947,996.1495798610017,993.7369321858812,2013.4932093390244,2024.6527097610824
39.46219270844131,45.5393539324985,42.42921700515078,32.60565859652469,1957.0151860895364,2023.0961905483014,1021.4706181899601,2001.6053383624637
42.07685795110619,96.17893190455128,93.94494546171273,90.6997905111769,1010.3043358729165,2078.5170735995007,985.7202812256517,1003.4611119355714
89.91909850775566,43.41015801896023,38.68218040087545,39.12823472248043,1003.2021483114861,2014.0643825122465,958.5468533422629,1019.0914744134235
39.74658392123526,84.11401152394586,40.78550798472446,89.85159622669315,998.5666855117905,982.5505820121161,1008.198526227378,1007.6465212165479
88.5186402516264,41.51893599260994,39.94334143806927,91.27351344400046,966.9498549763196,994.584236370489,1913.134899825208,1004.0008453950849
93.97896202458831,95.25332303576259,94.16429547683836,82.92818335724407,1925.5692849865623,1003.4540114035551,1004.6768040554634,997.2127754585154
85.38144531763605,88.66008144959623,85.59177379733393,89.9591778402981,1024.3830499683593,997.7484591033588,2021.142586978274,974.4889668920031
88.19932652313621,43.60381508466618,37.8278115458059,37.187084965654726,1998.7873305336627,1002.9809862792384,1011.95714298599,967.7213039610081
86.0770233286071,94.79914567605984,41.017032413080685,37.73109736814071,979.8240930900638,1979.3228829421491,1027.3439439446877,984.4878918285514
88.82117762750318,44.33655228047765,90.77780131559494,40.88617774462125,2025.6203207481772,1022.4055492034056,1042.6127568463403,999.6267341001646
41.255327819325885,89.28994751189609,88.94546629842147,93.25111588350816,987.245814122994,1015.8464068240614,1010.3623842784757,993.8012892171121
91.36009650408499,39.09289110667109,90.43844569532453,95.16404292483023,975.6567737061864,1997.4228412182185,982.0846149617637,2019.4744570007963
36.70486362378982,41.24557929062854,36.999118884399934,94.681670784812,2002.1491854641533,1035.5850122415932,1990.7815929026706,1982.542982694571
93.70267235212033,88.50820671033715,90.64194734091026,83.11262479835275,2025.951492948614,1977.10575678837,977.465913080465,2006.652995862662
41.57339974162865,91.87666130348401,40.24804420694722,38.335712295022816,2029.3527949343281,1976.9757355005136,2023.0586483531547,2014.491259262526
40.04683951777273,94.6188442964399,43.67873477004552,36.969713353751004,987.0303328445368,1001.6626770421481,990.6905948269389,1019.4809480809608
86.67399636708856,45.73645868827008,90.39086511229034,87.48673141009783,965.486572378241,2021.8444033133133,975.035188706747,999.9859509623798
41.74778100552786,49.16960267886111,86.48752734651424,40.30435343909996,1945.2321785422657,2000.902274660334,990.7621513164622,985.029873889096
85.59385165021169,46.61492997690195,96.77404388583895,39.5907311232899,2046.9791713346667,1035.755038014963,2048.483750620574,994.8533764625611
45.36730399008303,88.6011815449392,80.78533573644752,83.8891944117716,1004.1603008867933,1029.0541723147476,988.5157344035933,2026.8596615349156
46.015073003859975,34.279875422823,92.30621342712458,38.51166704419541,1020.4136744684995,1017.301961802591,2051.220219696049,993.6222481003608
41.972567689057875,37.27004777763116,96.30512122544611,91.15490068824585,1030.6809504223875,1952.3329043424026,993.5581164432517,1002.1086109681056
42.620857974557694,40.96676517907129,31.597643534123822,97.575092008312,1991.827227142724,987.6344849635017,1015.2468729410539,2012.4952318488313
42.37935242316412,41.12303432818537,34.42741020514999,94.27382333056734,994.0987908164586,1002.7683996868038,2019.8460845098166,1003.3254345746218
40.6878269478942,42.1967971972598,87.1369200879326,86.83340553621623,2042.742867342092,2011.6478007300293,1961.5545622266,1945.4888867628383
38.08307588485083,41.87744933846451,83.86621613577675,92.68111914418543,2013.1186970332878,992.5729262479301,1002.6619466529594,2025.2485039187318
41.3208293602588,43.239858721550085,40.1490458173912,37.40907648544423,982.8707352633177,1024.3463415608394,998.858299289044,999.8796645767385
84.47054102149119,42.47223139280179,37.38329659570175,39.85126888781537,2011.599176544832,1012.743817630731,1007.1621421217728,1003.0139134936958
39.79121704055375,38.04729257636606,91.19790138225949,36.82399392166323,977.9152237691036,1009.3383770936359,1971.5157440320017,992.9338988965725
41.06981691269465,40.497433598807596,42.84052151301475,88.70849694029071,977.8442679520224,1013.1867014811321,1933.6910088497598,979.540764845349
43.75464796655144,37.461613453506715,91.04737378392505,94.38190574602724,1003.8518002253621,2020.3845250448796,982.9627147895862,983.669086142537
38.8589204895909,34.8744724031186,39.90340001795191,40.77370215326762,1020.1395958256621,999.9600466538236,2089.16055005587,977.9573714674605
79.66510596156043,86.61298396698204,39.956816902846114,38.14941511505242,1014.4571330400107,2002.7333522604172,1979.6239905893299,973.9087886876871
38.51207708588892,87.90298123454085,89.76070595931952,88.60254547760856,1982.7200381325838,2056.018171059306,1003.3474906049714,1957.847507623886
40.365405039172146,100.3096269437968,42.32924865931709,39.43691114562526,1992.6321671934572,1016.7971264379757,1001.7957121052623,2001.2877802420062
44.08474265528089,44.13461759514696,38.826978245182495,84.33531504456252,1984.5060237866523,1021.6969511025694,2005.8563638068374,981.4181800290994
40.33359579297778,43.32005609373801,43.281602354199016,91.17314659318215,999.6258553151622,994.0454955277987,964.9785545558141,1982.7412470469317
38.85560832404859,40.92373100813039,44.40654524780508,90.42623413719129,1975.3896915239593,1983.5332668583815,976.1716612317125,1982.4963509743907
39.95445942423821,43.54704671614597,39.57424747801906,94.76058455515393,988.4276911629898,1026.0291759812023,1011.0560789768699,2020.9693208240114
38.42572632650076,87.31423086375804,84.02389423274467,39.51273739356408,2001.5193672502917,1993.711284683737,1988.571720863429,2028.580766203535
92.81425470179103,85.22458669178289,95.99538200887866,40.95845001627026,2003.3071440522733,1005.3437769119316,1991.4597582641147,2010.855557208002
86.55413115998687,41.485405517207624,92.06528780487857,43.480176710690166,1012.9778431829113,1005.9449909498114,1020.4507071000107,1014.4973387482646
94.62062851679306,43.46317853695932,83.25025598884216,42.035130345360116,1916.8716454777732,1019.4984271548997,991.029629394701,1984.3392271730784
39.55030275917583,45.22227739000295,37.477384239797594,93.76710784359008,1999.7793572337264,1981.2139504651118,1011.7481514618589,1011.246486896333
40.701205333298134,94.01137203998705,39.24313407686057,41.33973410960686,956.890470886477,993.1360240111803,1000.9638592562536,2009.263893977522
42.183146979316035,42.62717918932849,36.80339179380198,37.64538448164184,995.35811061555,1013.6800420686063,972.865543764479,1946.1977793696417
43.84178002130801,84.69428535929895,37.18837591338674,83.91138456509424,1014.2465111368518,1035.9685741197427,983.0901302579397,1986.164675074474
92.34864147665122,41.88981164258506,38.87913543626328,36.171842698631764,1012.2741193669833,1020.3985226930805,969.17178381053,1014.9276131968614
94.28681810027625,82.99720523671857,85.78806218824053,36.38229919375544,987.848605954488,992.4857531409975,2011.1520935342082,996.4395475263752
41.28123752466209,86.41827252512175,43.696248635963556,98.63235845291761,1997.2758652293355,988.9026577557072,1008.2067756277067,1924.8294485590434
91.21153439035466,91.75725271733269,94.9225324400264,38.92002830144014,973.2367886869181,1001.8336350578575,998.933461865498,2042.844065205454
41.4997052620237,40.63819234446109,40.018831590036726,46.48250466645821,1995.3499657901448,2011.0798989853918,2016.7445734555454,1018.247210927908
44.44463381925506,86.54839536650579,41.170964074847745,94.1542194020707,1018.1139990614486,1977.7162501554037,1967.934368136314,1012.5103996414791
42.80874987098999,93.59959041266956,98.67006651678618,94.30856871739623,1978.3365749557254,971.6368623379968,2029.0168224538866,1987.6976741319936
40.51067526309101,83.79993001940281,40.49732261286499,37.46854926035972,2024.8042433917287,2010.4495882996484,1993.797264922814,1013.2824393117253
96.56282146064416,43.06157468688636,40.84344066256631,78.17171970010367,2019.2405324106446,2045.6029495461612,2005.2965918866105,993.5291597782577
44.83278410050691,39.3231348563755,88.49795675563551,36.56891349115752,2036.546818804577,976.6233536546165,1028.9928042753631,1991.8953919798391
88.94699311572498,41.79966333386174,77.1697574558808,36.54059572362415,997.3888595295896,1974.2590010010376,1981.6364440487064,994.7272251241627
78.43446991161687,42.82191918721792,34.65660579560469,40.78763370547721,2007.86034851255,2055.701562141685,1958.906898119591,2006.0822513695778
88.81271504230438,89.12222722953308,37.02435161613597,96.42576934836129,1001.8171727555707,2022.9807409448467,1020.1795515819141,1016.7507637638446
42.94470437661141,88.59351024365512,36.070804695068304,41.750565072298045,1006.4671081673607,969.7376426029896,1028.942731933464,1014.9130374995065
41.34997832746862,42.64863631940669,36.71351931116759,81.46236203473924,1005.0946491265681,977.9301759668473,974.1979827677128,1007.6827676008782
86.99434511325866,99.59781215402613,39.13673482979942,37.18691080215141,1019.4414207932123,2034.2389424393714,984.4043715423935,2050.727329483084
92.71199627859076,90.32142284058588,41.65001993221935,39.35456850643983,1977.1540784552305,1017.5863102888611,1961.681571533788,991.2461936984496
43.64648160733349,38.80675846449536,84.90353112764409,42.15672474817523,2020.5954805633194,966.3339558704947,1005.4741682523056,983.6720299277936
43.044703224740445,87.07342877498806,41.967292448475156,95.63851209750018,2014.1697467507681,1971.115782591457,2027.1894679766954,1991.0821702234912
100.51795537296167,40.928212622606594,85.32630885273792,35.914615743711394,1941.5800515297983,1014.9949489553021,996.0635822840404,1015.0127927439883
41.048231226547514,41.1389543276197,41.572672622979965,30.337799801976008,1011.1564507329182,1009.5871513830741,1005.2630034386706,983.5263046376591
39.408863184375335,81.56894772769049,87.16732156451131,94.95106368190781,985.6453778487339,1026.2219215158404,1938.4896353405709,1992.886982764738
82.69880487757185,39.5167345386347,90.1757557598583,34.271027814526654,2005.964071250974,1002.3694529166723,1001.2548749121361,996.755039223562
39.11477096162659,43.41836349107545,88.46557843076395,37.09571686906776,1019.0077183887688,1984.6431289087361,998.6483194605248,995.6664833207396
83.0700678779525,89.18487546513614,87.10633815154145,91.631547940842,980.3908150844245,960.1754789120372,2037.3333457707795,992.2315543620897
94.67075923025635,96.46018059209497,91.85821042926143,38.02032732287843,971.2313666833334,1977.544885359174,2024.4224787971273,989.4263323671844
86.81538075486367,82.28054972318975,88.56541305849176,89.78758681956717,1010.1337464009988,1003.8068435419593,1008.5954388312082,998.3856861301085
84.95957087554972,88.79266193865787,40.11314482646354,38.471499400632936,1028.6625715747232,2007.025131280721,2004.632989786685,1919.1812256968879
39.61783275843786,101.36010074710222,86.88721583716054,37.88546915414685,1011.0850019391053,2038.4852219874415,2040.3275697824122,2031.798630401396
86.62117319312826,90.8661698982314,91.94939450309471,95.96176340885475,1941.1066738127445,2013.7137569440358,1010.3096392882587,998.8155697434839
42.73637523682566,40.875659080955614,36.43647202868121,37.27882969783523,2026.4775391071053,2019.6440023086238,2053.9370053138846,1001.1867106289255
93.42585070756319,88.70601040589946,40.29189568148596,35.05461739283894,2032.106743594952,992.2772287163754,981.509174737057,1972.2129300306676
40.08473139126474,85.92083470433438,40.57185003903702,41.14751943063521,2010.8307713210327,1938.9997727191849,1000.046009877884,2002.4829788969614
91.13904484778995,41.973970313156116,90.60550104551757,90.52343890016515,1998.976828361941,2036.3775975199144,1971.1403096103143,972.1213508932435
44.639143134532574,42.081837150238925,93.24242027090713,43.69908759546042,1952.3870697325206,1006.836688191725,1979.2910878896773,2031.1809860828275
44.5367515518013,43.45980068332635,41.10825528565449,38.40400395246266,998.9477602093484,1994.138879556582,1971.9712719261188,1995.3361238634352
92.66292271174748,42.056188609324515,42.279407348396475,91.05618351138128,982.6929958997005,1041.8862762377053,989.9648790663326,996.3004394411146
87.8381647532417,87.34207265262572,41.3264498558068,83.66085733900096,988.0198467933003,1999.540511141075,979.223675458489,2040.2566207853527
83.95878131250443,38.355234091096044,82.98850158066946,39.30624139269341,979.4348567359161,2009.139004771377,1975.2979053686593,1993.4681335006999
38.75110658053317,37.935230511834654,35.70298907376845,87.42024095449588,986.1164696766198,1028.7142318557433,954.1735641926446,995.1030234197731
90.59352556286369,40.88508009003225,34.07664974833878,37.483177295872224,995.9760443271141,1020.0695669863612,975.9844354263946,1007.9454592608477
85.5359866194262,46.20709893839578,98.20386943964087,36.89026569610493,993.997576709031,2057.8309694657173,2045.905508857152,2058.303287724475
87.27568680037962,46.277897139723194,86.86448776593281,34.626012101443074,2025.2801397221394,2005.459253354858,2000.4374442271355,2046.376040868109
42.58346562611665,79.26104724644571,87.38144755683376,91.44580370276734,2005.7107989158465,1997.1634134947938,2005.0467782637443,1001.3121651140657
38.92684538132937,38.38274594870424,35.8482460364043,39.36799318016632,2007.1653462797483,968.4189387635292,1962.2520067928879,2045.319827885195
83.14421562907654,41.1488002150097,84.76048276953297,95.58678046836914,1010.8610227606008,959.0806224231769,1975.073567073649,998.8613700892832
40.239904598069,88.13708953286324,93.97715430008628,36.34910761079301,1949.4319072590492,973.9957288369408,1998.2763802673044,994.2120580129942
42.754518553058304,46.21737363234345,42.333394616408256,40.42827518918731,1976.1522109755579,1016.4806967769347,1003.9544736613278,2023.8693722102705
45.02956418358448,46.34266945054865,88.76789157039886,43.581577066721174,2008.8622825565417,1035.0706388068722,1016.501724560727,2002.988405302554
90.49438838646763,91.09107788506432,89.08593172039332,86.99009565397382,1007.9170372723713,1015.3396722767967,1988.719052338131,1997.7665649619912
89.6178757499968,42.1710350306531,33.76545164834129,87.35885533619778,1030.2202421652737,1037.537713769078,999.6782558528805,1959.8087101256654
88.61029215297089,91.26904340837886,84.3632809231259,91.83876544056719,1006.206704240547,1953.6726197538885,1011.5525750113019,977.2366885595493
91.76246134696281,85.4013620733099,36.9288251511143,93.96890761459335,986.7049446466796,1017.158474344784,1982.028523130642,992.9468943875945
86.57845329601706,43.27399326711513,93.43384457894528,39.68661183742324,997.533440280637,1978.3437702350225,1979.2506936642671,1984.724227961741
37.46607369982182,43.3031419183352,40.56815155291302,38.10993179403718,1971.6271305164435,1981.1001283004275,1005.7661280543857,1041.3768695851145
78.83180632730577,90.6636898629545,39.43214280184797,38.91528667522864,991.635330506222,1018.0787260168295,979.8770795985049,1021.4635293930961
42.912858941029455,41.09644202950777,36.55477355238087,37.93971279654618,1993.1921377710744,1042.992387960056,2044.3299630631586,1987.6033432098397
87.46609454188656,93.19248989569847,37.69808399880675,37.18060830768964,1016.5161098532014,2031.850406288433,998.4119390904211,1992.742044379044
41.53684141352386,43.597001752400914,93.43887343295779,39.11568554243391,987.1119375384726,990.4838013749145,1978.2226707486354,1010.5580818259846
90.01909114681285,91.7154344106983,36.64050516593191,92.05163673429516,1999.6903506085728,2009.5476939865614,1976.9128473204305,994.1747063633775
36.07705337422819,44.9113175243258,80.23733868695545,91.70378822056834,1979.6932335151005,998.3036210338853,1991.1370604604065,1978.002381220082
98.58044635513578,41.15957677844124,30.13837217133257,35.55690065424198,1026.3944452572093,979.4809418507139,948.1352515003168,998.1632559892635
39.485640960899545,86.91948015053771,91.31468391975632,86.63635560618974,1032.1421294727938,2014.5848456913022,1980.4316125782866,1005.2593819644514
89.65870183820981,97.36405570469839,40.87561101144492,87.93982682655017,1002.4676380080264,1953.6592217969255,1017.5647693072453,996.3097179391095
36.53115737281111,40.94841919458963,94.26596205128006,93.38921183889323,982.6457182738125,1963.0442548279868,1010.4657226415361,987.6412479598059
42.84684128186424,96.77100154897221,93.16470941598357,40.68653214348103,1996.6050260475224,1012.8690496936454,990.4489330899949,991.7025053798128
44.85975650428291,85.70538788294205,89.53694998982049,80.32545589703328,1957.0550008453808,2016.6075336420515,1960.4102871980344,997.6565285538036
40.74511557066246,40.666637842761304,39.12861085542666,87.00031743271036,1012.4633304855638,1048.1896068884002,1962.0106375556734,2012.279774477305
37.16540709774765,40.35817364951701,89.32736478494685,91.19663598090983,987.862634305463,1967.4605663553214,2020.1305565836865,998.1501895657691
34.96890591439219,84.8162071262717,93.94626250551451,39.70086729792074,994.3373397816868,1990.8308729269218,2028.0710478714293,987.3984562492467
36.806228080462915,43.59438215115745,82.28366804256791,37.53094480078123,1004.048658558657,991.9365712364922,989.8357607043242,997.1989664089506
89.2722821138134,43.93274566863931,79.16258871902171,98.80883463358359,998.9183391766114,979.0330369735098,1991.326686965378,1011.3277305099696
97.21747089284594,41.81094334662379,97.46371285104313,43.67190000315082,1998.4659377392513,982.8193448675246,2017.299044203022,1978.6832902557205
88.42009688618566,41.3314313026937,88.65539713626148,41.31061335109857,2023.8478888747838,2011.169150850552,2013.9894871982565,1008.4769698822157
42.83153178750208,88.11063473696596,86.40328222803717,42.7475132877493,1006.1732422542366,1014.6825571336472,1970.4220496156322,991.8656512193546
83.72361496203366,42.017627414335024,94.05954751922937,40.29355592360128,2051.17033857614,1021.4943533593125,1992.6405658367833,991.2336962760509
93.07667299559901,93.36051375351099,87.00388607994422,88.87093482793397,2028.9213163934073,1004.2750437051156,1995.6007727988713,2020.4005469882254
88.21354912672635,42.185743109534904,42.406109846202504,91.20050233569287,1007.114386269369,982.4501687633359,991.943078570838,1994.2312982862372
42.45422465615992,41.86700011563792,39.481538016694174,96.98653341102101,1004.6370192211273,1980.1263404504955,986.1178174697105,1918.5526957069612
40.96835604789078,45.35870537847258,87.57723585289722,37.08784526714018,2021.729988184149,2050.0053953692045,1964.8048071466123,2056.1219975622935
40.65707661220914,44.495971185427756,92.49575399327698,38.240874425779815,2057.2334641370485,997.94467781795,2010.2097555807584,2029.9312886615946
41.86510496315141,87.13620812264314,84.99691077421438,39.08064127309501,1971.6047205944276,1001.1734527697531,970.1467333958708,992.4721092063779
38.708667140670286,92.14654779815706,89.66495501531223,42.02738817519851,1029.2340969706534,992.5484797320739,968.0088177088994,1960.4257073353253
38.9896408760564,40.87099542982081,39.53308576949772,91.19712783682252,994.1617057394188,1974.8915250281693,2060.4245325970105,992.579569174441
91.80381594858336,76.48944467724375,38.22574411059337,40.514993858041564,1004.6395100346447,1022.5815186338493,1009.222706988468,983.1550847221805
37.98165393893102,37.85296888824125,37.65962282030271,39.73780017175126,2011.1990621706084,2024.3819725606197,2030.42708273272,986.6181889819377
90.64107127470123,44.86720799553924,37.15130893651114,93.78718634210003,2073.3674440410873,1015.5656390832645,2006.2662175361775,1962.4305610324216
39.5510314467129,92.29786669669933,38.313597145650576,36.7982322162054,1004.0370105626558,2044.7445655308227,2006.7390825718414,995.5154296356677
36.49854172922376,91.00583176150248,87.65501324085767,41.09374604926241,987.9146054665734,1016.986977280654,969.248997708577,983.697565211841
36.08529734298043,41.49027024057898,91.74172149607337,38.97528334349124,2010.1709233157528,2108.2018008731698,2010.8098798589563,2017.010380911932
42.65717864601211,40.37338321667656,37.403771657514,35.62197754024026,2007.3532321585537,1990.799698540398,1993.2480092074734,1009.6666129938126
42.09425209798731,41.358015316334544,37.32701120965925,34.15259285577196,1013.669008023988,1960.7297622556396,998.9174948790878,2013.503182526161
38.88858975460883,91.92092902517311,94.70070216278842,36.138419020527564,1033.2879986776584,2025.755042904851,1995.0314795268932,1017.1387680956335
93.50309821590544,92.76932569382927,39.007708901593055,39.256467507273676,2015.5797075989144,1007.5007451083412,1014.5025052910178,1008.0660476386843
43.626442892267846,42.88315078430495,39.3825103575122,35.99554782741763,2000.3956115265244,2001.8063057458944,1010.8865581058935,1968.6591171007524
85.13204201244726,44.131729796577545,105.5143217435296,36.06540967921938,998.0195296038703,1950.6931814540292,983.6395951647115,1002.8807846335126
41.38974275476967,43.49114938926933,89.55159580475807,40.507819754683446,978.3633188727281,1040.4308140632284,990.0281096657677,1982.4137990803986
38.30413633335205,87.00231651126833,74.08265935816252,39.29245063512675,2041.2780032189487,1029.248619745767,1973.739863424944,2002.9509776720533
38.72051601914637,43.86280819875992,95.19170292766307,39.085854670907985,995.1481606138743,1998.6620452164284,982.1373961133595,1019.189037160115
84.45854663114768,81.73548516113148,93.22761908373256,39.209612673269056,2013.0063820926136,1051.5118758055,995.5074120240176,1978.2833370864566
40.47130999008316,98.1497493155232,86.93680739000074,37.454350634493295,1024.5430771024817,1969.1703765181464,1958.1781488693307,2052.967430554255
87.32483223562072,40.03034360098061,88.12576997542494,95.54660556293457,1996.4960251425848,971.2427824247882,980.0492303953646,994.3411455680344
40.04402504322364,86.7434188905554,90.58466939641572,44.71167186485503,1979.2825138436701,973.3320301718134,972.9856774544462,1017.790527136925
41.354780054271075,42.655686887131694,39.272831104317135,89.35757258239457,1001.5351348428552,1024.3589662250627,982.4124929457917,1025.4395619823176
42.48281443000804,40.749178940220645,37.930669588875745,96.17152959272836,1992.6993748974803,2000.8276277069822,988.510848104476,1998.8354703888836
45.227525291703095,97.04364510720825,40.26631240992132,101.59490997500711,1022.755617155522,1012.1656925233269,995.7317689597721,1003.4825081398267
42.27836434364728,95.76957168673172,40.34712214731404,93.39238714537971,2028.2151268584096,986.7567791217253,987.4961464557323,1004.0552181611847
42.29908802035327,43.65757801379485,97.48736962766152,35.374655144624626,2016.9191233212753,2043.0483170825803,978.842288435691,996.363528606214
41.95466530907013,93.70644713513657,40.395228585802776,93.39388999640616,1001.9879402297922,1008.3076387439227,992.2574882881912,993.2493345702861
42.04106991405857,90.32114057304564,86.40074874957901,37.187842771426446,1015.9127051961425,2060.220314569425,1972.0831289571047,2043.7765223049996
43.15635003684061,84.93559823816723,92.17564754470338,41.841955710364445,1967.1096871478594,1970.64536895755,1983.1144849138107,1972.3366455896992
40.88916458430097,93.83586543334218,43.03397937058628,93.65902407283136,1002.6665289585771,2014.5172669853036,2033.881566336831,979.0660377342319
42.82354522922654,40.68979916276675,98.2777011585921,89.66694000577003,1991.5676631064161,2038.3810623093666,2006.5146296495784,988.769347653852
44.140401333516984,40.508576262530596,72.44964768881567,40.59808974388251,1990.0221124413542,2012.2164097421519,2009.2988065210884,2015.3997766986668
40.650373366393424,43.218980673999155,35.522141635206054,87.9335923317167,1015.1644846971184,1006.3959086719697,1927.719031276806,2011.0383325013343
85.66084424936886,45.018117026903305,86.07354199841673,82.90448207118321,1017.8554421334534,2028.92551043928,958.0981187161,993.971370198297
91.88468551106266,84.93560695249747,85.63611963250844,81.1949765599825,1031.5317806353785,983.6300093934426,962.6609862818593,983.4764381552743
88.31938913099225,39.554522778969556,41.37705930355149,87.83832267864062,1013.068985714302,1956.1418221983438,2006.193392914756,2022.1563202531206
99.606386382165,87.84124119321842,87.5708004361366,89.11502485412844,2033.5338489701082,2004.6959497627072,1983.336973172646,1965.0150150443724
39.39387032158295,42.2751340470283,89.33794346414312,81.34175848902194,1024.0389333905307,2001.7545164993192,968.5630337989774,2009.4984276539963
40.60529127446861,44.2694821453403,43.46001813708051,37.54003735271499,2018.5839728848955,2012.9442608416377,972.9198722769947,1951.017846630639
86.01616503817753,44.537190291731015,40.83406732220265,89.60396941937131,1050.3662116919845,2047.395818611887,1954.4331264234634,992.7727942606198
39.482467999353545,42.87192828836001,89.34483473824565,85.96762017081384,1039.3047530169197,1986.486617987225,975.5541556525769,996.2906676630321
41.41523924767356,91.17694738779076,39.121106571677686,42.51864683448073,1997.2970063228122,1979.2357563462315,977.6611119552896,1003.9606808862691
92.5567733864133,102.25921938529055,40.616021319971175,96.66427630774338,1007.8289536863426,2051.4389531015577,1000.8349729238241,1994.5017624566449
35.94250558067067,42.448122968730615,83.90686991546943,82.65857441657401,1005.3007641137287,988.7846780846346,2040.6239427881833,2001.056510566679
38.37618499194795,42.98776242585542,42.57003049454736,41.19011932937957,986.2500571833255,2037.3466525500974,1965.9132752509395,973.1339924560525
87.83257955099623,91.69650165639953,85.75320234708641,91.3587879819175,2042.1567245933777,1993.8624910557648,2009.5783820734266,2012.8724202511112
82.78252762680106,90.01134271489987,39.43491682832164,39.33522402883773,985.3513382119002,982.8100174149663,1019.0953933300291,990.2664700478352
40.428386551238376,43.04648310846271,38.75879413813253,44.86977717769072,2038.3697889671291,985.3757351443838,2026.0997123306477,1930.0922061616773
40.78358537667549,39.82962453403618,35.27979916735613,42.579852048171155,995.8365311732457,1018.9506119976782,995.1482107843728,1943.1763188657364
86.71273432750574,92.94655656793876,35.44251396915357,78.54521417480245,1006.8636766545767,2034.073650718939,979.227673741504,2010.2684403425328
92.44643096201521,37.91643165209092,94.7623223892133,102.05970698628435,971.7046229909977,1965.3496442765277,973.4918039621284,1971.02647917853
91.00150660249594,86.6952023264164,83.20370345465103,90.95057312260967,2010.6677559680631,2020.1828042192913,976.586112744685,2012.943355306343
81.6134113100911,42.656742852791716,93.29674708173852,88.99280318567503,1002.6074141600403,1004.864214361163,1014.1518156754612,2016.951010928301
87.59981941173805,84.56873991899712,41.57527592116679,91.87235758839414,996.3458272984867,2012.111396487416,1985.225493039735,975.5050761496493
90.8793303975181,44.717167093613156,89.49457378007855,37.53243559666873,1005.9440188692694,1996.5723605555083,983.6278522632283,2002.2986638793705
39.310197035324464,43.90799022240521,78.66937888360214,87.29806416819885,1014.2151799443932,2052.0653081725136,992.8043349331344,1012.9469217966441
40.93419197485932,42.8984231608967,36.554384646623824,38.54147052698286,2032.3500097974165,1982.3576893990637,1001.8332807572787,1014.2655139343644
92.28893859237826,92.08835406711653,38.957633881550386,95.5704764409594,2036.2209601644754,1987.6278761406743,2014.2179760134675,999.7375706463296
40.3766441454255,40.717630343499565,81.43384210849467,38.492286887263205,1985.5918375079466,1989.099024547526,1011.3533937889782,1988.8134701331053
84.80487860467292,87.21483392286186,84.40809239675082,39.09154338893713,1916.340921934141,984.0750106871533,985.9718034999664,1000.3896877518566
97.53842484479301,93.60008155928057,88.48983482568883,96.39194814306904,991.9693851807398,1969.5745137768422,994.7262606746447,2056.7936681571314
89.38475902439374,43.87740296611823,36.71101882966973,41.14543324150961,2004.2405209684757,986.6952150866173,1987.1713932635907,2044.9400923889425
41.48308460680363,84.75684532729977,93.78183075952406,39.14587382288883,1002.7342739729245,971.2482027284871,983.3239952820481,996.4112257415854
41.075333460568984,42.6116789132684,35.7036384747971,95.64438823023909,1011.1723639202223,965.2664831987611,997.1259490978352,2032.5091499644761
94.57411983537993,86.93970147766755,97.22829471476707,41.34052385672616,2012.0748513231365,1973.0639737039037,1004.8778432733136,993.2511756304712
42.99826558342744,44.68921546208588,38.88459993537202,97.52765984133495,1003.0271406240686,1004.8551375325735,2011.9567485949256,1005.1029241075453
44.33817891617399,90.70922078098128,38.93131552484755,86.09906306906356,979.221726516177,1968.510399895547,962.6907985742632,1935.3305159138704
40.10822179668829,42.607823442015196,91.56271244888252,38.737777495832546,1963.777483455126,2036.4099353295294,1977.156893285522,1980.3981866999998
39.57949185909462,42.177565860508466,84.01211265053676,36.58592114940831,1006.1912254278018,1967.3784195981239,999.0894562130054,981.0162058314395
40.92764512935328,44.02851678282195,85.6288787860673,38.76961824368866,1974.224682191216,997.5999209198258,2026.6234913335024,2016.8307589341985
87.08860916618976,45.24945351401822,36.88646676361308,38.02420283981214,1986.8807465761308,2056.2836742038926,1974.6907139158475,998.7451983603517
92.1384169289511,45.13695383267539,38.067354624245496,100.55043991807041,1992.5307340703305,999.8377868365124,1032.6906393117129,993.136666966317
91.89465986757777,89.15512394785584,90.7637541246036,87.682370155219,989.3576133296332,1997.9343126595418,1996.194449306863,1014.0624140111221
41.95913142876693,85.93466760273965,94.16702563963624,34.79056179374462,1963.3728515585856,2017.684955938054,2022.9351537575465,1002.6842494954371
88.99196696965335,45.19932409673556,85.78102307425554,95.9347788013491,1017.9442400598916,1965.4897746176964,1955.69744938299,993.8560500157255
38.52587332528934,89.69090106909371,84.6968701587639,40.268139378199095,2035.9541277074381,1914.8426074476688,954.0666092621311,1014.6495749454243
39.37774511227816,42.441979206098296,104.0452353258493,42.361217821579416,992.3026747929441,1917.2735491086437,973.2014519204486,1973.7393045458205
91.75476017591203,84.74173088865734,38.20278386593135,43.49818984547643,1002.7231117892021,1014.2907669701426,1964.9122216848052,982.1525415274108
39.3229903781675,96.67764836626756,81.12435110900292,41.32138847179769,1022.425769508511,961.9955257106724,2027.7279592562288,983.9672939001512
41.37079739792449,42.61044390501664,75.50893936574619,92.21798420002622,979.8379132527045,1977.4060115728587,2033.5882401131282,1984.743956708357
37.70731134093639,42.1024253539193,42.13420807510008,40.98248265382102,970.0248807468515,1011.03779917551,1967.4116934679948,1932.47118854094
86.0230328248409,98.22566482645979,44.00297780833381,43.559472732402526,986.1995001512931,1007.5103632376067,1001.0610139497385,1001.1056681302298
83.14913887777631,91.57174453437429,92.53859689434213,40.732192144718596,987.4955712941226,998.1082417634977,1957.7644475925047,990.2805993317243
38.63827674808468,40.17061675242387,91.3657958191848,38.81511571791073,1974.602800602205,1006.4162696848123,2018.1460113117123,1000.5913329184135
100.43662684616609,90.12373932994578,43.09167083513562,40.580714972572274,2003.5044176347456,2000.8163605501377,1020.0220096597017,2054.6525915610596
36.487865955825775,42.97724972424599,39.58184354677937,40.64291182032171,2025.6273157964263,1998.7684984524024,1032.2087683589818,2017.962338825687
87.95450304197988,89.63427406909635,93.41740158118732,38.72517338419584,1008.200910597375,987.9013126869688,1004.0309067282594,987.2242261965041
82.42547978245884,34.6650589219272,86.50935257365249,37.02158233396672,1003.1361341717054,1961.033155820665,1983.7553432983589,991.6098070348439
83.67674054540052,75.50379029568747,39.88502779469699,99.8131471902872,997.5177138780062,1008.2007116739851,2010.773067805061,2013.8615322291648
42.72403378581562,40.6064420463353,39.50207920118301,38.6887227119112,995.2858616603164,1006.492081373586,1956.6745832199608,1984.457414046437
91.17283795215329,41.117214913104775,38.3778344325109,39.815751144418286,1969.2527406765382,1014.4003567187413,990.1149601049726,2000.0550341583291
89.92161094108057,87.90696912123273,38.991720114558476,39.26606216467468,1006.6677170970228,2020.3833006529646,2047.4733145302605,1004.17608510993
94.47011850863909,87.05939409484105,92.35209504901329,38.832471899955515,1017.6429223738087,2012.7752218946853,1016.7211973032715,2002.0357993379362
101.83654008625365,41.7999033126421,89.1278814897862,38.46725980740594,1008.9508743620281,1012.3928010079978,1007.1791935462129,990.4774832003757
42.64496970519711,41.28306378020132,93.37930354503466,36.69500076906674,1002.9145127518209,1940.0103651276454,1022.3492801452908,1987.0856782108683
87.2811087367161,92.22039773042877,45.38420581162374,91.25396772881852,996.9666382706264,2042.8508960066986,1039.567371997453,2001.8144223842853
37.35642624568919,97.18304065055602,88.76707384004712,41.511295100762936,1954.8983347712024,1002.9163338628628,999.3047791013278,1000.769701198242
34.92660017028453,43.83118487217657,41.08871995596158,39.878291333775124,1028.8066446839102,1985.335867055759,984.1051990640002,1006.8227783160462
38.64569731628821,98.88034584503501,92.12009781227309,85.62480133631686,2010.4568720126629,2010.5194632102462,2036.3488197334502,2035.3884327364808
88.97596711821974,98.01100770160564,38.92007222606372,90.64882762167822,992.5641060583707,1001.923159262927,2010.2563661514248,1005.2910240372995
93.53436818973033,91.89290081687611,96.97773286091198,39.391125650322095,988.888079157553,2016.8856143421579,1001.0983140452302,984.5134413914084
40.039710973981784,41.07663270647825,41.463937595651174,43.874850467068825,986.1082397612636,965.2269762217829,1014.7910730293256,2010.6558097064305
88.16749060625789,93.07026746948709,37.826128135946625,84.14668234902715,978.4943352993735,995.0643150295057,1002.0145249765717,1013.1376551536339
43.18269685265176,90.36002472466845,36.00500614766574,91.83663832285777,982.4589164223416,1976.2835478011314,1903.3183222796522,1990.7860269706157
86.6214343141734,42.15117223408714,34.906018058651654,37.20394766000281,1982.3169905783066,1001.174266636413,978.5101410699995,1003.2897673192864
38.584209415410484,92.9902340016695,39.428746432731806,48.71244744352927,2003.889986714866,1983.2637867207611,1997.7363432106904,984.9440950128592
85.59932770362407,45.5209340721259,42.4020670386715,47.007701815430636,1036.511010617521,1969.441401845069,1959.509619053507,1000.1496154019126
99.09680140067512,45.073335077246,88.57786308506228,37.94579522424735,1018.4721732846238,1989.5335150545611,997.9730090636084,1008.4108385591576
39.602535439209355,41.52014921441105,38.280642808099245,94.93425236167725,1004.9062653099659,2003.0024239556692,2023.60748773693,1973.7632327654428
103.97540802722088,43.948215540066826,84.83545237048187,38.59200685756268,990.1175800601313,1982.731378420334,996.7789586320982,1970.305974062619
87.54232850641083,45.56829219995383,96.24190639432456,40.92667544521114,984.1101562007175,1017.6923509344972,982.1596028103357,2049.960008720576
93.44656602537052,92.99973047989982,33.25663813429306,37.28936038882132,1003.4001070114414,1016.2349385954772,2027.890916139954,1007.0200970669778
35.70871538798613,41.85393580299881,75.8688640699863,96.71024453672408,1004.8852538971119,1025.6523429420986,2022.240717250987,984.9433495359239
34.196421129520836,42.42304645166157,36.47580089626197,83.90698547177594,1012.7986877390327,1010.4988300247653,2022.2027983828802,1985.0844807741619
38.26375515802408,42.36285950058432,94.30930487345624,34.998180398592964,2032.8482383733572,2012.0350453386147,1004.1290465167084,986.8816258949121
90.33444254405377,95.16314830070766,92.26092746805848,86.66775259750008,1963.8500636962394,988.6193502540352,995.7312149455745,978.3098274964768
40.27532591596229,37.48192585596059,88.21892872805692,94.34094950189066,1952.9658635833714,1984.5959438596144,1011.116848388933,2026.0401828828017
41.0489095017939,39.14107825720923,40.109747485886956,39.15627044445614,1025.105733209802,1982.848234783684,1952.281567535228,1956.5175523800901
90.07349318158495,41.690706214379205,95.81377589055872,90.74861240278669,1009.708846589037,972.4852847238985,1939.4857772116184,989.1844770870136
90.84105521918784,86.7432083180501,42.18148307951536,38.795524897409976,1011.4142423820495,998.7600907274475,1987.6138069925723,1960.3565307165732
41.83856420877862,88.79425296327706,35.622702222996594,95.62068591551449,991.0482670012868,1989.9843707389268,994.9873942910094,2027.6079558106244
84.37275571133515,81.20136167994029,36.22724321819126,36.22979592695569,984.3738740704548,2083.4846853558383,2050.249275147078,977.5090699509134
42.99044529713853,96.94649456501804,90.95448117414327,89.52357006513624,993.6854551547407,1030.500404357369,984.8366987282452,976.0216962276619
39.28549827124438,42.863033227737205,41.43449761110699,86.03827259964592,2014.1529025772893,2031.9805158109289,969.3567650641669,1975.8911627250661
92.00224032912749,43.260791714526086,39.94071548700604,37.12129523321333,1001.6814674340994,987.3894267102484,1020.5211774123409,990.5629369514032
42.88475022935913,45.49955561349874,103.16569878081505,38.47993989780626,1983.426281669257,2039.404930695675,1039.7867351519812,984.4418759985475
92.60057663947578,44.26231156450791,80.54058070555325,34.179502391668336,989.1216060308784,1023.7540693649754,1015.4865592126655,2051.988739327742
38.55641066687979,41.783861261589095,87.42021907751428,92.51014700783354,2007.13807293544,1012.7130511889521,2003.732819799161,1997.369062599804
38.597866408931424,41.82438088904185,38.256541052297436,89.19925338420887,988.4043852624119,1992.5735766986895,1964.4247422885721,2007.2739862343415
97.11715308085809,89.47050467724033,37.40867999759442,89.07596805514973,976.2845055553311,1008.2773016020028,1012.7922349027265,1004.6634106977943
95.75027733972149,40.69451210550706,40.08130090058768,88.20118733640356,1006.5246377682952,2005.5612570200553,995.6804021969945,1967.6160056341782
85.83809456181045,92.2167917674187,92.45875634288561,85.76529624898467,1013.5793869317696,975.2468472851441,2059.73632363819,2033.9565719848806
88.47646588031763,45.19963769024242,94.49427979832778,95.63054554801681,973.8365791585684,1953.9981170044632,994.6933529964253,2019.0073378715892
39.058113839918335,86.30237715820537,93.01483099636184,38.28779202584371,973.3360523602837,1031.6242364643656,995.6894342111893,1011.3588326892084
44.22320112800335,40.62254624720147,42.04818648033133,39.45091920578884,999.3116163715423,1942.3755380321281,2069.4744966712533,1992.3851167349137
92.26272750557916,87.83072428007026,91.51028851275245,43.61565036975664,1018.3769011802033,1012.6215889961406,999.93169079617,2010.1922681642513
94.68419743520951,41.97081030399041,35.893647427448826,37.7023659120149,2050.2225184910008,2013.6171079098485,2028.0655495633184,1962.1489834535637
88.84785530121906,97.58638235258574,37.361193931447765,90.41783263013741,1037.6082135119368,2071.690991303718,996.8692860776264,1001.9775155655445
83.60152297407758,40.98955703351919,41.67639535780272,40.111247970753396,1020.9636194023215,2000.3078288548109,1999.3634586457433,1967.6089090318203
41.26020336344353,85.08126177144295,87.52459611696203,38.82510282841085,994.3820435604684,1992.3965892290846,2003.7504311353964,1996.6486568999596
41.575839180391974,39.33601922309177,35.56050150667723,87.4441314599758,995.4319508685059,1967.3611003466451,990.7658755102041,1003.9936911782827
41.92589476128552,95.29131329729334,89.41320592074108,36.278292788798154,975.2001332790196,979.8803342609466,995.2343615171739,1959.449562288037
40.92387571924719,90.25405152422603,81.47679284087464,32.990157965562474,2046.155771062882,988.0183857901797,987.1807775835418,979.0514951303148
40.723328102240096,88.47046558077699,40.09862110407049,92.13281236646026,982.8705740053681,1007.0320629217374,2004.1009017160295,976.711086332416
90.36364856683753,38.76991347277007,46.17831982282745,92.23603082608956,2025.704685880724,1029.3085022138025,1017.7664950428382,990.6116474664954
91.08656371744813,94.26148100155267,89.0536794280369,39.80112394796326,987.4832051874616,2020.5780025262795,997.6903019419474,2063.5904721298966
36.77933228427334,38.20349293939285,37.32933695549655,93.2499236787787,998.5291055520939,1006.9261738103139,968.2244973675033,1015.3990684391488
42.837681107684546,36.91544069318735,86.37621960566244,42.51330052274352,1018.2434270453639,988.511036606638,2005.0723733456289,1985.1291544610715
86.14725252364275,41.49577051212982,37.97029844438388,85.8711533155955,2016.7981039150602,1009.0634540654165,976.9775156110127,2030.0399028927898
42.36451619590696,43.32851934093178,43.14258794948435,42.48581440177118,990.4886461639171,1050.5301132202808,1001.5431993952755,1958.8120096458233
40.06913291025576,42.334180835040186,40.71263736784186,43.08752726368688,2022.9811457740889,1025.5772424945255,980.5386825083701,1014.4529402824637
98.26293135989572,87.09515251217677,86.85601081831534,40.74937456037041,986.8663958957486,2008.1518533319743,1002.6483277621207,1975.2997950567512
42.18856290352739,99.2293860133379,45.24166831032673,40.778993106246965,1924.1219123094995,1037.1035311701792,1012.9238710150103,2068.5935789274677
45.025293335841866,89.72969879853878,43.52994545181407,36.638121602033856,1996.8014717000733,1005.2645406458229,2000.2648116197856,983.0880344603141
97.02543689551011,85.65233684235704,43.61126010332654,36.58787478214518,1972.3088287809674,2007.5033754958502,2033.9286115305893,1014.9609236411914
38.719677710399125,43.19444960638174,38.038715415464026,102.62550332111658,2044.3985693149243,969.9206222591326,2026.911823199308,2050.1685310470093
94.32318285266646,88.06360167157253,40.82160293356304,89.39103083885152,979.9854729097896,1990.923404068816,1985.1982461330763,2017.851270704165
91.44051501731633,42.77964784254116,89.4951565555756,43.46691933822099,1999.5343007500758,1953.1760785978286,1007.5531109353615,1009.9613891899214
94.43044968573788,87.11181123616434,92.87300057215691,38.60709387865221,966.991217491825,993.1493331184316,1013.2618695512583,987.1071274945531
81.74708049448255,42.0568183935295,35.52054545157535,38.9328735693392,1979.8414123476755,1042.5282198312775,981.6884465636771,985.8323330814028
43.097790891741795,44.301815482226,93.45868503038437,39.035861888460595,1031.9714873672856,2008.8063625110829,1935.8543946461652,978.0363360168766
44.01789240076578,42.13723952390572,35.56937208558823,37.77047001323931,2019.0526298487196,1012.8308951859303,2035.4343171491628,1940.5313720386173
37.39498134271592,87.23469489082748,93.59461768160509,90.31111451795579,983.9036454772565,1019.888245113219,979.3387554801031,1000.3008115164207
40.58854774575695,86.40290198460482,38.01235283765976,89.44472936026358,981.3743693007829,1006.1959061836358,991.1975021037726,993.9817500977988
42.58940594558375,82.0681635508849,35.26944839218497,32.863115093495324,991.845653033125,994.3476379406709,1969.5718458621873,1004.0858798616039
40.921297294501855,42.52515042832738,94.32888369356013,36.71990351184728,1985.8180905313209,2012.6073579196725,998.5871581946917,1004.3022775664037
39.35765299204017,42.38690156215675,89.6702717931572,89.09123431933932,997.1168607182581,982.0960481494644,2036.031487471262,2006.9885974680205
92.08151345524799,41.67826601204041,90.06715680755748,81.82156990366744,2001.2703454667947,982.6654597375659,1000.0708752950673,995.621861698779
45.34004195132578,41.8639310811528,38.72514841874211,85.69269490823281,1008.1063044970911,2002.0499852758878,1001.1898572344863,1977.5938945860794
40.56538762888435,89.17334833188094,40.07998091002268,37.94869994212398,2062.1283993512316,991.5348524091996,1011.3469354258707,1978.858163099606
41.111629861884325,93.0002610517226,43.01569838131134,39.26970175482455,2027.7977169841383,1984.5234913984737,2026.6514410818031,2000.3850453075647
44.472819152000284,100.01069366881444,42.97307162161355,39.19611464991918,1010.87860556245,1943.0603843112515,1941.4627648862909,2005.5117714452495
43.5486113633355,39.24568962887669,39.298697971056214,37.06589431107555,1031.1923330403224,1030.267386982609,2023.4338222389952,991.4091115080432
39.73127980318847,40.95411550614918,90.90648421132352,37.07091118579265,1003.8279096264691,997.0055257374846,985.5743768486288,2002.584720808553
90.18539796734758,42.6184975953492,39.16348990561783,83.58089407596442,984.8231735007114,978.3697023679604,2020.0448135928543,1000.4571869132515
92.34385303397889,82.57722573893875,95.4405394773893,43.70705584974212,2035.7020611863413,1972.809978435925,1009.672720657715,1015.9790191944585
92.65132928332169,39.75278556848703,39.69829147550246,87.13656210024956,1950.8530637041765,1034.7486491835248,995.1394491396164,1020.5358659263808
86.69165172124275,43.00478573586199,91.30642116271038,41.24264922346062,1987.1169143961888,1035.6603562870582,1028.765750914778,2062.039195491078
89.49203952439146,85.04680359920903,38.55720249202311,41.008323011307674,1961.1876679302563,1012.398869378429,1032.5704544612684,967.6165834580293
85.94696132330347,40.08382222402808,36.093619267838164,96.40895887054656,1011.0615421266285,1000.0839990244456,1961.14595671727,2006.9792288779058
91.08864091449662,86.65099755457003,90.40459116802201,85.71937117154076,2017.4954846881499,1981.2950509498435,1023.5112069450662,1022.4220349662095
40.47212804974037,44.0516612018317,92.60691837595503,40.420607112862044,1992.9463200285934,973.5324318835594,1046.7999624706713,2019.050963407672
37.509819145896586,92.60798718242229,43.42214924757707,91.22117904982291,983.5483678271352,2044.41169226559,1021.5006741222487,1978.2391278669272
40.09532471581731,91.11583745188507,87.4806469104146,38.11233290116418,989.3874808356279,972.4806574523194,2017.353772808705,1982.4379381130375
38.96950744951681,41.24873520047775,38.52029246320562,35.54927084569884,1015.1500363248655,983.8277707087539,998.2429203929908,1001.854473492852
96.1088141902102,39.77121863581297,37.14693761341546,34.806744551591315,1960.393887220825,1005.3497917159671,979.4203155993687,994.8831701611371
43.81487654613922,88.44339013686673,90.84891016050982,35.098289426781804,1981.7023324030645,1021.861602092647,997.0115707351137,998.3522262118174
42.55215100288669,80.36275355468113,91.81157790531309,36.14480761999167,1962.694478634944,2015.4214111319836,1008.0538010330363,1999.1640021924015
41.435472238479434,100.70163554796329,87.55631660690688,41.046341477168085,1976.866737235974,1002.204762603344,2007.2267684791957,1994.063147212254
42.95706156265081,45.34804102603053,91.21700064711247,42.74301109913991,2041.9047789218112,2006.860575720422,1994.9610882534464,2015.1520718699592
78.03942255980613,45.93802335253929,38.331254391716286,37.57997334382753,1011.6053938673425,2001.619241002059,997.0538865583922,1014.9178370134157
85.28547246676163,92.2492017304167,85.52743438316573,36.098103864351955,1973.979635006797,985.3966115924663,1021.4252041915339,1006.2947002466962
43.319867715232846,95.62644436202545,43.18889484941603,92.44929887476017,1998.5824259135286,1967.2816532778963,1941.1519274108127,2054.385186981145
97.4882668506582,94.48741785554294,84.72158494060132,40.48895060194163,1969.4707948510381,1000.2321541621768,1970.9786691509864,2008.7400031916973
39.62766541183482,46.13221800674553,88.08258823856008,93.93172385025898,1967.0533884482766,1008.4865542248932,1028.0869369800066,983.5757014284695
43.3947237840193,44.21590077964683,95.32400935626549,40.19183342626123,1947.3172804787714,1985.1929385360131,2002.8181547529834,991.6765919081058
87.40849085518037,91.49695244902273,79.14597410287526,40.60555041716636,1967.4564448838698,980.8226445487875,1962.9034406711503,987.7924079869945
40.94828760993937,83.52591051018031,37.58583234013986,86.44499167356226,2002.097094336525,2072.9506049970823,1002.6856922260042,994.127171712757
37.948011207820386,42.02196508009277,40.21059559498831,88.84814570753167,1000.368215932642,968.3150077021518,980.9240324808904,996.2462049344362
36.37584913129507,41.5397236195237,85.72589587231622,90.86006577832069,2010.0304530182593,972.9440079970198,991.1150593463411,2031.2528545868308
40.77698374729539,45.047289045397434,86.36810649897444,36.25454173683434,2004.1174237096109,2011.5511652965681,1023.7345875836079,1005.6684526131513
82.42419585509695,44.30902417770536,96.54868700982615,91.38611456438666,2061.252440085894,2023.9844205070253,1992.6473990195595,2006.051210525585
43.044027146065986,42.04876924321662,37.027323195057136,94.18242151423964,1999.8097838623185,2024.2584412169886,1000.3356305779048,995.256601582123
95.06930044790276,95.84554900051774,38.8051768819763,41.71148509644953,1005.1287916424368,1970.3558754075978,1014.5903144642527,994.4712202806529
41.744518110597426,42.74845019211954,41.09157970150612,42.36575044667776,1007.7041586921965,994.9064651357953,1029.2555500579099,979.6171743804402
40.93428852679149,43.030423107271645,43.32814942640071,38.5718472782164,988.5254718813021,2007.8594216259783,1022.2144078640124,986.6327833643478
39.98952877372055,88.27839698266129,44.51432642814563,85.96372422568565,997.7611740551614,991.9687002225626,1983.3513759873251,1010.5528275789404
89.16111914882028,38.85868257790236,40.39793592890052,90.35040878817323,1979.5601716925116,1027.4983018951689,2011.045543902507,1967.8090836183994
84.98237870204875,39.24197348102793,100.66381454349502,87.09198016141019,980.0021015039083,2021.3770409407864,1972.7197481803003,2031.0034961131646
43.66101551666295,42.05444906033072,95.08497498331005,34.80814156280721,1017.2046509669708,1023.9970411554243,2042.303234385933,1984.0761946383134
40.73706676326671,43.84181821419861,100.21020138945238,40.34570096234829,1005.5903613884636,1986.9791484816355,997.0531249279766,1001.211790821542
96.4107164359302,43.79083273806948,40.74782528842856,41.946718863052546,958.0117650830922,1975.3968127685896,2029.417482030304,990.2391598791826
46.2771269132627,40.83040121398322,37.665524803736474,39.597623837572115,997.518805831626,1990.1032972678704,1977.1144074266658,1986.8933235789507
94.89804566625637,41.337448720174244,40.59122908580481,90.11956543872698,1007.8073257884291,1000.6913192455156,1999.1118481638277,2028.4424740249378
88.56836139798608,43.54814015925493,40.242889628023306,36.0953779298711,1002.8419544720748,2019.0855305872756,952.8238687370844,1011.3178877382609
39.648519708912346,41.08880709301186,38.89002150870246,34.45673426518252,1955.328572514484,1996.3335820178297,985.3273878953894,2038.3478900989212
39.194156565044295,91.02731315820041,37.91213670168494,88.05660171813034,990.4290056838433,1011.1581710018856,1010.6644601663775,2016.8209896294443
87.67732385657833,99.06564039197103,101.5980290201201,38.13677626277581,998.3886128344616,1021.8535774150508,2076.4065785892694,1943.9632425758946
42.0234661541802,40.69623742211728,93.92785315114934,39.875730947388234,1005.7182865607576,1024.8539395708585,948.4300202202306,1021.8979399885148
40.663441997504236,43.076962439749124,86.46828890150657,38.66883064678909,2030.2078527967924,971.0162444584532,1982.5850187023186,1025.4914828400615
81.8726271537436,44.77148411634844,39.33642856426956,90.74438298394453,1975.6740388393794,2002.8843345612029,2024.4939600131465,996.9641007869236
40.240433828200906,96.08025108192899,39.408174254597895,81.11065951013792,1024.9082780071392,1015.292806941651,1014.2783125401826,2040.8865775135996
84.85403092126509,90.97993636378303,85.74181338221169,86.79381224625284,1009.8997330186793,2010.7203048071933,999.5358012742578,993.5637817208185
86.62270886708286,43.651820541680394,90.44589356317185,96.40935734130669,1011.4624072433228,1003.5867212188618,994.9412958037144,1011.592694643967
86.63347971404372,92.90056436421796,93.65677671365462,32.06488326159028,1008.2945544187587,2022.6848247150542,1028.2133676571252,1010.8886796199769
41.66452588313551,88.99713205877939,40.89444587378373,86.47091885031143,1013.7867187554485,998.2409237860231,1003.9543075518682,1975.5016465753024
94.86513603019638,81.14062176690034,86.5577744672594,98.45986484667614,1976.200302432768,1002.4635139776178,1939.7340828873075,1001.0100940908089
39.112525846693295,44.63000105029293,39.109939383867385,35.45641203228973,2008.820527222762,1995.444093627947,2031.2479611782396,990.5174890718104
40.738995828323326,43.80394970227741,37.81252499072241,38.36952597429618,989.1832611731442,956.0656098656295,1995.2544081864037,985.9355430719495
84.87716289978006,41.61920207123839,86.94521334967348,38.273076349273,977.81664270609,991.4985751984434,974.30544303228,999.1158160102602
40.36371486650353,42.58973532536582,37.70290487379665,36.03480511252951,980.289928138834,1983.9667379451355,957.9135876312989,1014.740016786767
42.33495345998254,41.76910265927435,39.753437597172066,96.5449612552475,986.133574069212,2027.608346418156,995.627009877508,1009.1381151239548
89.15468618455566,41.49670828861196,87.81560111786519,36.580824432376815,997.0472934211758,2012.2254829932697,975.6856719582656,996.272373243386
93.03191230517461,43.312608217460614,88.90064038675544,38.048481949855585,1004.0979566408871,2002.0683899725655,971.6200869273603,1000.9035686405393
41.06945727332176,40.23040862240775,94.80162618369664,39.07304382615248,1004.2739249272411,1012.4716932394866,1001.4545314554663,1009.5590517819924
38.6469132437266,96.92253529977144,83.35203244958682,40.37841750165603,985.3348034786511,999.2902986582551,993.8047145431912,984.1923963839853
95.19059270640088,82.41828232052784,40.60268452685298,82.04628270055895,1009.6978008596323,1923.564995511032,1996.4623333748173,1999.6796004036466
92.72631239354895,85.82106132145492,93.83483041939547,34.595184357107854,1028.345800968878,1021.3422996604006,950.8201521631155,2009.203842408864
41.99985282266991,40.19493022989059,38.45988591754598,38.423153393011646,2034.7535688585833,1933.0958487367755,1983.0152325721044,1978.1302670533757
41.88870265457578,84.80542871599523,41.40000969977888,86.47375434039456,1021.4119672045122,1039.3566899023867,989.4286143341635,1986.519478527608
40.35379108959839,44.99142611868036,40.784402666276854,37.16336536649203,2029.160961109207,2048.029547317659,989.5300574623855,993.4953702801984
99.55440394322167,88.05854605208407,94.95856402257397,35.39273901268676,2003.5015529430523,1032.48005622894,989.3040136070748,994.5045638225349
40.15144349830709,95.66654422252216,91.8470143960841,37.81025910870797,1984.5772082678532,1044.2937172732309,1006.8330374682467,976.02917436846
37.64836196199502,43.36820788006128,91.99267544678979,91.96910507222074,1013.937085264756,999.6830542576774,1013.9360971469333,994.8797479943598
91.33528942911583,43.43027497441727,39.70236782554947,87.01287819746044,2042.8826118587713,1992.0284729802459,1010.3078893211507,2018.958773473903
36.40238862141166,87.05813847594783,92.76508719505311,83.83379561683564,1970.259979143377,1980.904302608766,997.4209061404633,1017.5795907779984
38.799386811226505,96.429602679556,42.62666066004158,39.523211541044816,1006.4031994529669,1945.089518177067,1954.63520590887,1018.0417594967067
89.58538216164382,91.52053440240618,89.97326131011302,38.732279235259895,1005.8141022578953,983.6225317093914,2031.724897703299,1990.577978559296
39.7245742400374,90.42640765518527,38.239768715184596,37.37988094155156,1997.6081140094943,1006.0700659388666,2018.0804535844175,992.4182427051738
45.73178892971284,43.15507419631392,39.63435408945186,38.71994726033404,1013.9311046516445,1995.9907725485252,2040.0915207164514,1000.8426056180449
98.15377119149133,44.78730172947266,36.7106249572186,92.1628285623428,988.749137396517,1979.6189085331275,975.47682806973,986.0856774171052
95.3086987091669,91.92630586919444,93.2941780280879,38.22121714627822,979.8385567092375,1971.7427045920058,1995.9827801599301,2030.090459149915
94.78197879507648,41.273007012530826,89.07301027055037,39.895508748543165,2005.0817881562275,989.1968880905473,1016.0087227581489,1988.7435325309755
38.70174889597088,43.603460812726794,39.181670992299054,44.66084995022088,1977.5633125293766,951.7673756596851,2017.032136546046,1000.9419389984046
41.223040846098186,94.63637398143716,90.83902899131927,46.00835852073252,1979.2619579344798,2018.518502289859,1007.9754685368389,1945.574992909002
37.957075864542574,40.03623172365786,85.32980828850808,92.27922604313582,1007.5568968199123,1983.8671610033998,1013.0712708603804,1993.0703480171296
40.789537448364754,89.6428084796828,39.06916507073112,34.62088746808126,1010.6412706405017,1033.335739652283,1017.3182127425287,996.7350311822706
86.31632080329246,43.12625682008491,41.37521106588265,41.81389543554752,1028.1172799135402,2008.0236044069736,1029.3264765249996,970.2177264987247
86.14938742037911,96.8186509812241,98.60841064798953,97.02547059738242,1007.3325827781075,2019.668639593437,1031.3380822016084,2011.1148211183674
89.83551734367596,36.91958096727737,90.66049083131746,36.0976696956792,2028.8204140522862,1009.9483408178821,1030.7725316547255,1024.456941338693
35.79792019951575,92.04680701789395,89.90444455642248,99.76785334378322,977.3629692904183,995.2102236389866,1006.5514972683786,1014.1302610827527
87.6802483740437,40.63553736838224,90.15150790563368,34.40276741356843,994.4104890881802,1945.367520515487,988.0950314508428,2033.8770434591856
93.81686926699511,37.89822159690464,87.4822808236449,83.83713045152614,991.9107345545393,977.076397479824,2012.270537871915,982.8246545124584
42.11128108284072,38.8765078710431,43.15527141000643,93.50791057395666,1000.595807198097,1001.156685903017,991.5546216508978,2022.947818433193
87.642471413285,86.70485423444684,88.12848954003371,92.31121579099081,1022.0823755662104,2018.618422912322,985.5187014467422,1960.1337052258937
42.14218448800312,81.77594192015138,40.21160167051097,93.81052748716316,1995.0131469876355,1005.8949449479861,977.863946790889,2025.7740592049727
43.36608873945323,95.6976779293472,39.32526533649553,40.008772904746706,2026.2493396009233,1957.020224176798,1007.366293812787,1016.9269799038512
83.53717755257047,41.55721723025668,93.56408115569204,36.76021638146108,1983.3486753713921,1010.0954062472044,2028.146990713391,1012.0783533368547
41.26105951958955,41.278047976078746,93.68759996564758,35.100540198626376,1970.232019616687,1990.3939093939412,988.5104489474681,1958.779930363584
85.28520858540845,76.79248286131914,105.594611068824,81.09928006680988,2010.3206714015364,987.7041677124723,987.0955272805946,1014.4947028434192
88.8388659665679,92.34010895750839,89.69720296693914,41.140797050751516,2003.9193449486095,977.2683076601229,998.6892319209207,2000.2373844375952
38.81732499738028,91.71214191581224,43.84357144785605,40.29497661219861,1025.67193232715,999.3409305833131,2028.7708383233883,990.7702580609923
92.96792063096578,94.0682665592502,41.14873896583791,42.32929820173612,1956.295537992392,1024.409483040062,1983.9467300053107,979.979041081979
90.98622659966495,36.796958368233355,38.1684173875021,91.17181838735652,1991.7282931915202,1000.6085404818442,980.9653232710267,1000.7179894472117
39.48640828164426,39.29793409782555,100.4945361159232,91.76347118156765,2035.191304403282,1983.8826717413742,961.5503739936073,1962.1612890572842
38.886503467925955,39.6422185547636,33.08134854771697,35.1078454800477,1996.487330043182,979.4061760471382,996.3278710019572,2008.1053117261188
41.93360337443413,38.554503062647896,32.00788902853374,83.23555305368828,1906.6880671834663,1974.4984933655762,1011.3424758319264,989.552536317007
85.95239116354624,99.53576129465894,36.826186032815826,98.11716662605812,998.588572207668,982.6079941483277,1010.8060998208607,1997.2243605390536
97.96474373661644,96.20035678175533,39.42194299196374,35.045394113852694,995.7387558760095,1000.824246090631,1995.5904655964623,977.6077273521909
90.0086979632613,88.20723315780015,82.81743423969361,38.82898134613746,1977.8760535505508,2043.01226147276,2002.5120150572127,977.1863281221621
82.8031243352374,96.15129983718674,42.234478546169235,89.98148086026008,1025.372053055773,1038.8504780907956,1010.0615698994084,1983.6543859488993
40.53428279109637,90.62718386499054,43.665680033120154,36.6110601031242,1995.7247895784053,1995.531919639392,1032.206458577662,1997.0875478324958
41.54384653622637,37.22792321850402,86.6849255281296,87.47430870776654,1015.7100379028607,1992.6665604448172,1996.440361610726,988.7492992574253
43.02636615344317,91.33630295342084,43.27713921463257,89.29310462616097,1983.0875065738612,1015.0359492693498,1020.9519325108456,2004.3764977197777
84.5883306250995,39.557819489194955,81.16186945967523,85.986357329194,2040.2299944897645,997.8321934235987,1003.3403744031343,2027.2795196897866
40.553307100983915,91.0724049812672,43.02546562462057,47.25577738165307,1943.180117454109,1995.0090931706745,991.371587057588,2006.1798757754636
82.66840438307293,40.200104105080264,40.98519039764932,85.84187819174366,1011.5741292955805,1969.2225116770494,2010.5490419034702,992.3478854678685
90.22783347611177,87.46767660517555,35.80621162533835,97.28356533975942,1962.0127124403273,1064.9551679138776,1016.3860194922876,1007.6271328406784
40.92105824401427,44.10439105852677,92.53782225748975,39.835925615149606,2022.1719156231895,1048.62960625491,993.0973981136792,1975.3166788908038
38.30416108547395,90.7285514237948,41.432694996315824,36.19250022855796,2028.5092285149622,1996.8164744240655,1998.7574630975005,2019.3373337111489
37.55504243293244,47.573459563056375,36.51226097756178,35.914290661839004,1017.9292127082311,1026.9000217415894,2036.308358076565,1959.950559821964
37.00103056998572,49.55911095298461,90.24523799054106,84.99136359863628,1023.0178134300274,1019.7052913229404,970.6458041116349,2044.5408343678464
94.49761414281896,38.53423997058914,38.59135548212368,37.03697026779027,999.0778441699713,2003.7579285706079,1955.134854092862,1991.1626177823755
46.83480625174213,96.85370957234852,41.64994421661352,86.94858373298241,983.1908752939439,1034.9454867567767,956.1087188750856,995.4407109563987
41.1529670806564,38.74023480291469,86.8327738365167,91.52683216054407,985.2290952110877,1007.0335638572718,1021.4739673544739,2000.8330173968245
96.08525217945375,80.66865437244707,94.8634186144852,93.61422311916266,992.4446269858604,1021.6863364532901,1989.9426648407716,978.3946526633081
41.60015901341478,92.74720363053306,86.70786106865447,38.00988830905588,2046.8471223494346,1024.6237409614494,1979.7450665308597,986.5135217218308
96.28949763602228,89.7474349741981,89.1242701965341,34.217951609832355,1006.7864299225826,2027.4183839112202,979.953129722586,989.2710484090493
92.24817221806404,92.4249909711522,82.98311904211117,89.24932557166134,2020.4797248741957,2013.932866427711,1007.2071530917182,1017.3694991757473
41.568206944738264,84.64430305631666,40.90011881939485,36.87105126680237,1016.6943018562561,1010.2175092853715,1018.624354507061,1973.3661826944801
42.18774458139522,37.61548947011855,41.6645189925017,41.4691818539725,1005.175019675067,1982.5844386916085,1005.4114076267975,1999.0408344172217
43.038635357305154,39.28961278221744,40.55428374773471,90.6874188906272,1966.7348898793616,2015.7380558012017,988.3282683335838,2007.339463597102
41.95372159943794,41.679514434122616,39.13782689040045,37.21097606411881,1951.1630542834396,1967.8302844172504,1940.480129012553,2034.544833504154
42.15148751056772,86.94936175683458,35.397131246361994,95.94670952425304,1020.1417899461625,996.8152995589734,1994.7999206310815,1999.0713430284188
42.55368915913183,95.8477345780361,30.489428798492455,37.46629532493064,2035.1853519222864,971.0743594094168,1994.5679751691343,2016.6684526762704
84.67380172426056,92.04909887531082,90.87049193722987,89.01487744430813,2017.6377681051536,996.804861459382,1987.225293959849,1007.3165782327338
40.34661902261598,42.73083178039276,90.2640823781702,38.936054633637426,1987.5854890986923,986.6175060427781,1029.2016166675671,1006.7350553630068
85.27156600724805,86.68539852369597,49.15823222738369,36.584202604214546,956.0532466534016,1985.764507363154,1009.7453868030495,1948.2857814565657
94.37935929543596,38.17563080967463,44.16644454831081,40.62977104256596,1977.5279658998202,960.8813633682889,1972.1468571543257,2024.1208700110349
90.49201762818515,96.27123303019461,38.26192942095524,89.08117284525065,2012.9950843221234,980.4893988173342,982.5209601883735,2025.5718527208849
87.22733473909386,43.472705024617646,39.95689501039283,38.87032751499578,993.176893148088,1012.70966180852,2003.6812636578613,1962.685393117522
42.5346929618851,44.62597801134962,86.22352498993274,88.87128815385509,982.9347267887431,1043.0421239827492,986.203010582967,1956.0380803319247
38.970409522282864,41.598189586341036,93.4534675900285,39.769626522340644,994.0259739072549,2000.7544268678353,1988.6842588133147,1004.9092857633103
39.67907143103828,41.48183857284582,40.7081504611723,91.06787346706558,1024.8509951731492,991.2714757579367,1989.298919035536,1971.8257517744316
86.76999884919033,46.598852579272354,38.0657036342859,31.67356929381214,2009.914831794553,954.134217297324,981.2328564956415,989.7750319644383
97.31491874104552,87.99676343784397,37.884590533293604,35.54304881994464,1987.9331120223576,962.8744523514906,1986.7044385184183,975.0229146610625
41.78357980243418,85.22935119738216,38.79455788291298,38.38984356030855,1012.467562046533,1022.3754783820407,979.2917922394843,2009.6985726417536
95.36403654010363,44.47283443265433,91.85489556277592,39.18274466281302,1015.2091033233194,1031.5193769024395,1009.7197465358631,997.1593831178889
82.6842780765224,45.50460471223906,34.9330709456274,35.763693895048505,1015.3413005890866,1012.5721094022624,1020.7491253559988,1005.9797165352621
38.99041303246062,84.34625307083508,39.65440527753776,35.04116171927317,1002.1923193966488,1015.2407187983397,2006.6254329114317,1997.187805372389
39.64724768881163,40.31110582874528,88.34005179253843,39.09493350694509,1000.6679343658263,1015.7397039500765,1044.7750576324943,989.3978393774703
87.12546295342688,95.18899857408522,41.59998206936688,88.58373519979101,1973.0636693172792,1994.2064038992787,2022.7915205575803,2054.2867157492
42.10963033449973,96.8647689360308,91.27088052803225,96.76130940869503,2003.7071951004227,1920.4102902200761,1031.696746586747,977.569763971923
95.05967505239461,86.07549966566282,40.34169772747364,38.9641137267472,2005.1640184336275,2006.0103230382413,1020.6043915208822,972.8496877890086
87.85224318378442,38.60260726194514,40.0179118606807,40.909031947484465,2015.2789591954395,1930.8543382347566,1979.8831664542256,2009.7712725330414
35.64622742977019,34.061132858919464,37.59837117212339,81.55631132352994,1970.0260939432214,987.6724560333539,985.134988368856,1978.5731671213127
40.78658474230216,37.40309050480487,91.76438159031582,90.47264253760488,999.1975916347737,990.8637289450157,1014.0312734924161,2062.774420462335
43.24312009412134,40.088221613346846,39.561059820612556,35.00355712884412,969.4936984803339,1054.9438808919126,1012.5387127661567,2009.5330844292941
41.45799473434633,92.6166054093795,82.55958634217521,37.74996875432791,2018.0478398570106,1023.3625383911811,2000.4800433321855,2008.8001190474495
84.82892030000981,40.29625490308982,93.88479163269588,38.0540039880919,2037.7958128463438,2038.2402818608732,2046.6993987650415,2046.0302799121612
83.58290343094536,42.2252445596082,93.092187942092,38.51532743936134,989.1706030318569,1014.4680906970291,1929.3109087920272,977.2122995078817
39.49097532192803,39.90205807739554,92.89597660926614,36.10555823000294,1997.2843181185908,1026.4738720167754,1001.0169356382871,2016.4824370039898
81.0491690508052,90.19238009914956,41.03501672386304,82.76828512059875,1011.6350496138259,1008.8349293022843,1013.6150552966037,994.64099671175
44.196602391860274,42.572806486916754,84.88540552233812,81.48502772040051,986.5299949209141,2000.8901680899232,2038.0373733698316,973.6880520468516
88.55350732499262,43.116991804241636,36.828028841689715,39.8332933834166,973.9197660579687,1001.0391149949762,2028.8897732262149,964.3945132368754
39.13785960853349,90.0259360268726,82.86798492848948,41.423428824035,2019.5043018944507,1042.070334170222,1003.2009135365511,975.7382690223029
38.69002592551946,42.496780348415896,87.84863699264999,93.01964183807871,2026.2896015937126,1015.4632785269789,955.8087548662919,996.5490285629328
40.35411894927972,99.82517777627189,40.347834598689445,88.36600872990215,999.8966489386016,985.9739930517767,1970.9657670581396,988.7137674846817
40.19333380658446,44.123996745666986,42.655747934259836,89.56840194143753,1021.328175389129,2003.991949266246,1016.0844800827042,2010.9603568719845
95.81018538224762,79.30772903320896,101.08870955406516,93.67767748069652,1992.4668786534214,2021.3893688038875,2041.464969222594,1042.8700251410373
37.837251830800646,42.08417681263279,92.27597601082685,35.369578612510146,2022.417868423781,1953.6881768839633,995.0065921914098,2064.147947279729
35.21352450999702,88.41826649040725,39.744875354255974,37.27812983830013,1027.9807187020988,1023.0219742783279,2034.5071877536582,1015.2253877170843
90.67022254270168,37.19361880344104,41.02581474138742,92.2647890913065,1974.0460336123801,2057.6798960788074,1001.1278734355851,2001.48826499989
42.21908607878312,39.73314806515525,93.83240876438614,39.817696711854325,996.5490080706543,1971.3272049412055,993.9991012782741,986.968702728042
41.00731222374145,42.10924043868053,33.459999284373886,91.96539884811726,978.1645916056418,989.253148115225,1990.0382931462623,1992.4195771550749
35.71994275012976,43.17134322718206,88.389374157172,94.05745956229315,2058.1946824788843,2036.4977242197513,991.896360333712,2010.7040419060697
88.38745270959657,45.31559889908273,92.50188402990706,96.42613333409324,991.102743033586,2015.1097429814674,1970.6365296502424,1005.3250590213111
42.54535731258545,43.660394656022405,38.04262413065619,38.864513136095454,990.283296737518,2047.6037523492632,2040.5512250859258,2010.2048931553452
37.83260304094838,40.350910042630986,90.15304477060559,34.727926376975745,1985.4479385026668,972.6615893713762,2029.2610147035468,1015.4438683583354
90.6175177898437,88.39970511438311,100.90266121557379,34.056644970237755,985.2345401264481,2028.7825101482688,1983.2069494924774,1023.8696740600378
91.82383499304196,83.95364053433525,90.37222588156197,38.66637825879539,994.11601244344,1994.6295135708956,944.024849372644,2001.423433454323
90.27263197187375,45.539640820386964,90.87858765623855,41.51857045083668,2042.8195604208086,1991.7721001637665,1993.9927736326108,1005.6536183703352
92.34347264252551,44.28036276303902,34.58660966879632,38.75714911345193,1964.9633095563443,977.607387438964,983.3246147468376,988.7925945515033
39.63579032455631,91.7775834992867,39.759700601448735,87.18870202690388,978.9761100421108,994.7653337776285,971.1030267398974,2004.2558285196894
39.73410979731267,93.02650628043583,39.09086052520191,41.207081295238495,2000.2152996198677,2026.8569623722678,1994.9837219040592,1014.2714383034765
39.972018563987405,35.76648406319371,40.064205467721806,40.60882295089277,995.1307111308126,2009.4165418611926,2007.3153219876183,1006.1928167498186
39.524617727373865,87.3814555645725,42.30031504017529,39.15896169524024,2012.6340178619744,1005.4734613893528,1986.326184803245,1973.1989711471153
40.26708719500207,40.64563548029588,96.72136598556217,37.75182899176623,1049.4264836245268,1936.1504651820178,2020.0612544914948,2011.5052099230543
90.77783096223256,91.75247494100037,85.97856756672871,86.02287930124847,1027.5340117771384,1004.2682835388634,2043.1493350895341,1980.89924290897
90.66663802387335,41.589400592983374,86.54940215194551,43.692269849120635,1999.196070482869,1034.976911149701,988.8655621803407,1017.7841807025035
90.29615119449596,43.001928051272785,39.446952773589544,86.6645266841255,995.2700759722854,2034.104665688162,1016.2988248718473,1016.458958348702
44.16911143423391,84.62772460543626,92.08136120134435,39.09659780173576,1970.1612334254771,1984.1686897854397,975.2931141457213,2030.29444938428
95.17953693763127,37.13969266940825,38.4522073469563,92.08357696018886,2003.1450692354838,2018.5363762967256,965.9615178473844,980.6996495704545
77.23194783028728,91.33211951898011,40.68676597463853,40.54380237817047,1976.4044474412974,1025.669172683835,985.9427117066,986.3399639405322
96.37870689658288,89.17957569169259,96.5762694675517,92.66328525565102,1040.3838426624068,1981.834002212476,2072.3629293944373,2025.85333697368
91.6836259071282,95.85953811136605,38.612190699740694,32.3440651883098,1024.6743539500385,1058.0117730152772,998.9007774774448,990.1861296294171
89.3133974300116,43.46740097185556,39.72579119702193,88.50653475789377,987.5546850012768,2024.224250105734,994.5840266911679,980.664290835528
43.66972858195851,40.91688494446671,88.7432646312241,47.00617805065651,1009.7635496110706,2035.8807649065589,1990.813325394523,994.5316035657881
44.003107905478394,94.20283191173581,81.90874987045041,44.74426655902673,1004.6746681288405,967.0350823580281,2014.818298505537,1003.4291600568836
43.767535073552736,37.760862120021656,83.74163853349756,34.700444313923114,1015.9076017088018,2018.4861779848118,1971.9269120001793,985.7393349984845
42.149622862514406,39.426969826458006,34.94542912164725,36.18976918171446,1032.9370346716864,1988.440385655045,1979.3218327842912,986.996556513926
91.14591371467012,89.60542057707457,36.7364843931672,37.4876078718592,1003.0067533931272,977.9634308576133,982.4710462182602,1000.4445746288002
40.59384119488175,45.51168305910302,37.17181828013888,34.12596359037823,1002.0109595166714,2058.7336528053493,2020.9885054717702,998.2430428829671
90.6085162896838,43.58437547661633,37.647231475946555,91.06710410117908,1011.240702167853,992.3223354020935,2003.1804391448254,2009.0456116890107
35.59511847350822,96.82992753258503,92.93482926063243,32.45699958060277,2014.3923990030642,2018.3449974582145,1997.3178448180713,2019.0576808108333
96.98843359541345,37.5475142876065,40.265133276851216,88.49270292045276,1030.495282058734,1980.7145773554896,2019.5329334043756,987.6593018732506
91.9113417953701,92.612637324021,40.120038261539285,83.41506441939096,2047.2500883207135,1983.1560832885184,1998.44227750096,1953.7715126879593
89.25115469268137,39.56397564937639,40.07178351959597,34.74827070992282,2020.9453540799245,2010.4215490539927,1002.9193381852374,1016.5642185309521
91.73561892751796,41.283160367462315,34.29074299089848,34.22989509735291,1971.8119093961745,996.0595945026512,966.5007418772332,1007.5983907316099
44.49645549963806,40.7573767923237,89.71407342029062,36.47176163392584,959.1670323276601,1012.5166482329844,965.4095102267393,1966.4839175964134
86.07980785941211,38.32836794615136,42.849665280785366,91.64715810387564,967.8189362126227,1038.047879910779,1954.9449437010967,1004.7477247797074
44.482775352472395,39.46355480786754,87.8194711050066,97.10128991700871,982.7091777059836,1956.189376025638,1006.4494477869074,1994.1611849835408
43.89724065517229,42.025140860099654,39.08053648981344,95.10773136457081,1961.714477586934,2013.896445527847,1987.03808442354,1991.48357249859
91.6122370576705,76.84192143338028,91.48445177898653,34.771475445751776,973.4242517608018,994.9208551116283,2032.336816788884,994.4326953042548
37.83275956799454,93.10478620164733,94.33703660548093,34.09308203389212,2038.2250669276527,1944.7838897664851,2017.0879707166075,2016.3932008951608
95.88059033670558,37.44413856283077,40.606016889936065,37.448814370398495,1974.6114164226183,971.7792220617469,1027.3249897908652,1006.0069213600666
43.4266199127005,93.28199198018436,85.37926121271829,39.18096984226199,994.8815488882597,1995.1375056168986,1979.2804412843377,2023.273849136316
89.07700175773725,95.85037427621295,86.79007099649539,86.78713817186059,996.5894494454907,1985.3150887486163,2026.8091266545264,983.667366553191
38.59928313654741,89.41698527716169,39.405176287467,36.50389976736717,2035.0532703339888,2017.469505761911,1998.8452828052662,1979.7320805548695
85.40781975496323,91.3617554132924,91.33803542773911,34.98957486128867,1004.1467626819971,983.93378465727,1002.3047947146599,985.2733582295884
43.78719225776861,39.86352694817613,89.66305443084292,90.70000903117963,2012.5971741232952,978.1365939950012,1998.4839117285896,2028.203412509604
41.00291454019853,77.3609336447321,36.17634797994934,42.20280711451459,2015.7971058037813,971.4577400127206,1003.1908659149906,1993.9529779012682
82.8427696227305,39.727323799545005,82.90482573126727,88.64102278851432,2038.1685252611703,1001.8363775676894,996.2737793882923,1951.2766377965677
90.28139341757566,42.272049832808534,40.275764420850315,41.48115219307165,1019.9374578027508,1008.6341552177014,2027.6612876870731,1006.2927671764658
44.04084900356125,44.829465488318476,96.99717900368374,84.98418582598212,1022.2442412995523,2063.0695666706415,1985.5114589522727,1014.3741084295623
86.94696162110215,42.25161077856007,46.604587888394434,36.20543077748653,2003.050390701771,973.3006986003932,1002.2680162919612,1020.5475431651705
35.97343817851995,43.71136984461649,40.61683618866215,88.1454612405799,1989.3633749527671,1002.7898421114311,998.0009607543357,1021.0581219824433
96.76170923097042,90.90212970471666,92.60078959169495,86.67536231398336,1016.4095221415909,2002.0468533100507,2044.3752907634378,1980.8463122962662
38.0385113284909,91.09065397543358,45.469180914290845,97.68791694453148,1040.4440981111516,992.8421831487351,2084.568717499875,2058.173697830243
38.91690149339952,86.0865128390758,38.38542800898975,84.65563372036763,2014.0173198939608,1025.0728164349264,2004.6357207699439,1991.3652206949494
82.57335507221184,38.162569315653556,39.244503301558524,90.92383625939125,2004.3479043145294,1998.8259760195533,1999.2928887207265,1005.6566750146517
40.503067323289045,93.14777756278382,89.08567731930333,89.00856207191237,1980.12176049215,991.1869486646165,2055.2993643643367,1970.8482363746893
90.88201553435404,80.7703573697288,100.86143011461847,98.19861058658213,2033.1662725831586,1013.1180645176516,994.1725225741413,1997.4585589101298
91.36282881439772,40.37745294323686,91.6312764651418,96.25432887886119,1030.80827808117,1014.3286015171509,999.9589306901975,2027.9726205191362
42.51772231502689,86.58370668935835,85.97492181082117,35.26383837414964,1040.0973337349346,1990.724223939327,995.6765485047187,1966.6334861059402
98.4708556203726,43.05912228353944,85.30798719339415,95.82352109312676,978.7132291344983,1935.1620046605556,1992.5889908179208,1004.1943309400397
42.18586026785067,43.56993034056127,35.87836848700916,36.79854925958947,1945.5052284096478,2039.6268713002091,1943.4938134492802,1996.418198234914
88.93218576603113,41.85215549342928,40.00289140261506,92.29850199718622,2019.2539627616484,971.3524461860816,1992.9246210876024,1013.8703227260958
40.25526560852768,40.38831876491123,42.31724614120469,99.9476159832921,999.4124329730255,2017.3871062074081,1994.6743622136933,1012.4226177991193
39.728101505100874,44.73051878079475,83.03177945107379,37.489212011913025,1007.1303720864971,2006.9984450499871,1002.1339378333319,1019.6726550717797
40.16075125284303,46.09332727513815,42.337056325105635,39.870515635719045,988.0387032146979,2024.0561298580524,1005.4395077915453,2004.5401737227667
42.15035595924044,46.49103625719345,38.373312463868515,86.20672371072648,2024.3887428496912,983.4625424625187,1983.7557012906257,2017.0445329542415
39.58720678382471,49.01522546403284,39.38589826519658,87.5592766885357,2002.9019340044892,2003.3608808183253,995.2624222578041,1015.9095810110925
38.77955413656356,90.76783902480364,41.12317847467747,101.57121695426997,2024.182149781694,1018.6073236933642,1979.716810354216,1964.884397022225
103.97838024374113,89.21164420355811,40.409134411553374,41.558689331714476,1983.4510382682406,1021.6668350410696,1013.4199927980517,995.3294183028388
98.04681008387531,92.742087218343,42.24016350844923,38.490986775536584,997.7215788646947,999.9822842191562,1985.841918034468,2008.3944373515474
84.96447777703447,83.38966456718165,42.66522894316827,37.85835701944974,1006.5351137239243,1987.1038917200028,1993.4778947968712,978.7766193546915
40.9899298422139,100.53149147842915,84.78358888213064,41.004983388172406,1960.7492523403907,1015.1178973708383,1997.889353459864,2004.708924038549
41.17387102389994,47.08685830223739,41.04597285280781,89.90850647676116,1001.6892273265998,1971.5681991673382,1947.9225234026285,1974.8309820479428
37.35509801860866,85.30207492362857,42.256492403279765,38.93751721273469,999.1399675757687,1994.1173074851738,1011.0669606227732,1954.0532141572862
86.65605238931094,92.7771198989694,41.90200663132765,93.6530042317764,997.5026353619469,1977.9090722727012,1018.0100263189634,2009.1731769281764
41.460688575018324,44.208472660706164,89.15110102483524,90.89969000068129,1946.6260374618103,1002.67891450615,977.2709749143892,1022.053827703882
35.75611897360528,42.40764684238597,74.35381828914282,40.555707632265424,1993.2025400702814,1045.1573381324768,2001.4038907236072,1007.0052755893137
38.58457187239569,97.94985179115635,80.82625782561657,38.28867773160876,980.8797081650295,1991.7496064246507,1963.6148525926046,989.923091388245
45.13465440346529,42.43530119649431,84.05848069403048,37.63804143890573,996.5948222292031,1010.1429547239829,2044.3529375817423,1001.0256944277019
47.70028909011519,42.78037367039998,41.658810551408926,89.15247174564259,2009.1743871609424,991.3602937415071,972.7714733427715,992.0268869994393
86.9122603277497,44.98818692742273,40.8516605158353,44.033488581395375,1039.0149538106884,2000.5376861227885,948.4759979923253,1003.7011372530253
44.65003414908756,98.91711231306022,40.7918899281467,44.256570719081964,1972.6327309872456,965.6478326213185,978.5414804022971,1932.8841533667028
43.68966444784036,38.09555538356409,42.45082291872873,42.15558261905219,994.7794197517778,2030.8383904562666,999.4720123207904,1967.0512703632853
42.25828463714495,36.06730180811273,86.40217938134835,35.43356502302459,1976.4256175437172,1035.3335702211846,1006.8152401668635,994.4432078615674
100.06549413647116,37.24031785033414,40.744354505742365,35.80911595926044,963.6230823655724,2024.3321632681154,1014.8594659474575,987.2125415210373
38.208216744376884,40.562535676431956,42.38845277765725,39.29903145358825,2009.3892087235847,1050.2071467373753,991.8211351107279,992.6144410783913
41.474733665727534,97.19168780946758,94.87128739194536,36.8640410976518,1030.810859971415,1040.8869370437692,1978.5698376667149,1997.7752394784752
37.45195392096488,85.9786238981031,95.09598505605656,35.21031291289605,2014.5853207343494,1012.856233774125,1951.2890659055313,980.8922970532733
102.21371145695603,37.86795218875707,93.55359736113324,38.999379958231245,1977.3396071045454,1026.8275403827508,1027.0922018914061,992.6064341029603
90.85355574895827,45.84453865071032,85.45311143223859,86.28738682968999,1006.2657384624795,1024.8724933770095,2004.2221459312732,994.6268120151124
82.37172904001343,85.52640270026893,37.6328202335916,37.976780681789805,990.4601096050723,1004.4777620237884,1979.4541706921552,1987.3240203848572
38.10095912827791,82.45630592766021,38.104021238268786,95.44667748365076,985.8246398210291,2071.6161370119025,1003.2543343466938,1001.1776870778333
82.21848686092966,95.36342735681097,87.21726950079808,40.26537572823756,1020.3538562869123,2000.371322219441,1948.0039047172972,2010.733401142233
40.9354489629218,95.08915401435375,40.9345331820261,40.50537665440989,1017.231929236629,2043.9241565894297,2032.8461468671353,1949.1286556397129
40.42162041490646,91.15169880842528,105.44491032216958,39.64283223216749,994.6456846244986,1040.5631363955458,983.0384441855147,2008.4021162614235
87.58494797893285,93.26857473304433,43.3800311679492,39.79629335118398,1005.013204401821,999.7492454984888,1961.6824659607903,1950.1798222481295
89.85858576646858,90.15814516045324,84.4394138676451,89.87677633351181,1007.305598226365,1968.8964092395124,2010.8761957654613,1004.3397073288398
87.58450641821449,42.5041892936627,42.645259402205724,35.344706335174045,1969.7455131495883,1010.8645805764307,1018.9807211803347,2029.6396524145275
41.25278236828536,41.55222622396511,41.06777446194948,31.952378295450185,992.7042329908913,1030.0553154305185,1999.3372408117064,1013.1059480719296
97.36150576385725,91.32184115236754,41.04728114119387,94.87759237323392,995.2167654405941,1013.0688031889395,980.2124214148329,994.3546543787472
40.37755920592969,44.485963130670925,39.88207072963557,37.551051438428374,987.7688083540403,2003.945505456563,983.1251446230776,1000.9380843584556
39.54706208823561,42.307853986457594,38.81408418557244,39.66097168828668,995.2194570798918,1971.9516514414124,971.1702467034886,990.7120631557888
40.469371803298706,40.338812733206524,89.9839891646752,82.13790575036178,1010.6636999912522,991.4712365020366,958.6796392921216,998.5892911517176
94.9975350121524,41.207993165241604,35.45666454268964,38.74900940302632,1970.697316068251,2011.1463391310476,973.0221469405838,2007.0221023364975
41.47843415611687,42.73309550320046,35.81319405366497,39.97116482152162,976.7271277682319,2064.580049989666,1000.7935955016848,2009.3141796835118
41.58812125349898,80.93912945759564,95.25213600965287,91.24878936237867,966.4469393899749,2080.008140983986,2004.8533364291136,1009.5613263098717
91.75363114517481,99.98493812571542,36.77544241093878,40.912826194430664,1975.5608952510981,991.9909642638713,992.8139909845333,1013.8500080007216
40.93812360566379,93.60958530440791,36.119397935848866,92.05413666433437,2004.1697586749058,1977.935884690865,998.293874158233,1015.1913361685799
39.24669904885977,95.22352968819797,90.24034615084528,89.72371732605315,2010.2461766766899,1997.5520423469552,2022.7098267780564,1976.448296542207
40.939347843462215,41.200472415442796,45.84752018640101,84.67183082807689,2059.8544388378655,1983.2577160626165,1977.8206745709406,989.7469676939061
90.08248986350664,40.72059243295354,92.23476544890683,36.96104112890745,2045.7067771201564,2017.8124396387743,1967.3015395463387,977.1860607720295
38.97887575129299,94.22201820284677,92.9284176004123,36.95090819586716,1952.351926554981,1953.7631624518197,2019.8607695931305,988.6681531755185
39.80636762758204,92.17272082396484,36.273979522416255,40.56688070811722,1002.714067903307,990.1603343910925,992.3409467441254,1000.6411178521444
40.94097570776418,40.88605370361712,39.245762893227855,42.98598222648366,2006.2872883342527,1002.1075469669167,2004.9526458156713,2025.8337515385351
98.11108127874627,42.432622409192774,40.888116606543846,45.19174339171204,1004.3366411788943,1994.3772789429595,1021.5999816174046,979.0983147293528
89.93353964404126,41.49236669703649,80.10688688757388,94.8872061567654,1010.2115434926004,990.1584783732835,1024.24309337499,975.8138237230585
95.0543375562405,101.58295867067716,42.09264186044278,84.3032939288565,1979.1040559989995,2039.0401089046627,2015.5063588948271,2021.7959854397257
40.53044653879804,91.22287311410443,96.14475633167145,94.21366541612055,1991.9095353505465,979.5201613589111,973.0992555251814,1979.6121952345184
97.35235244042434,87.33948899383377,41.657410980121696,39.55346979193876,1983.5360611799483,2024.3571171359404,990.3513576024923,991.2771945538418
40.04118455788806,47.71132605293322,39.279185347060334,35.58820155817874,988.8918327700056,1007.3026137686602,1004.4826955178212,1969.9209028529515
42.633582586425554,42.1164528840859,35.56613834439267,36.16613956670213,1016.0081900722917,975.1245745899012,1034.400239567625,989.1487158212012
42.68364475269922,41.38740060349064,35.824489657502596,91.99375866337583,1975.7904998788526,985.8559716470335,1026.6774682961056,988.5344436085708
41.4424892786451,41.4114976077537,88.63005905441392,82.70849323853572,1998.7013998341608,1027.3489812664384,997.3539077559403,1014.6313424989615
38.29493287423881,93.57944115915434,95.48006561538632,90.43234509089831,988.4199503188318,1938.4967959785579,1994.3613690072787,1930.6119998011006
38.166668144510325,39.871582371335386,39.68272009475737,35.30554861381207,2026.1240562658347,978.2590071794433,987.8436143611409,2004.4745710326265
86.65343027350899,42.00351896548696,41.73869848973516,39.88563359138949,1003.5451359156655,1020.9351074441431,1008.0146703972146,983.4245942508551
38.94922568799694,88.00904545033578,40.81961824848281,40.08499349713643,1009.6199124312404,1046.2654687616523,1974.9367945503998,966.4273218892276
42.00756251805549,43.50672992510649,40.06210154945438,88.318067413538,1967.3370371724652,1016.8138901896668,984.2061586353586,1994.9665205331285
81.40814570185589,42.53445298246908,40.740774522631185,38.09685768140447,1026.1049449439645,1995.426343134061,2021.8133421669434,1011.7510002761107
44.23087960900376,43.02761093152359,88.91783294909209,32.137323396558855,1961.9047963173994,2059.430373000321,2015.9346239817248,988.7703546088496
87.17683466003842,43.338713399684366,37.964048532000945,34.00590698522832,1980.5279428368,982.7136219152312,2043.824561361066,983.7220518515805
43.747123182890064,43.31456363514289,90.20699819193054,35.4486285144063,2019.6224212458205,999.3188628727587,2017.5257222606751,2050.873033102395
93.73815655735078,45.095549345676424,39.74314127270907,35.37170324601071,997.1008603184205,1002.2825826981755,1015.1567890390774,1008.6225625171826
38.12981237654992,44.20668312328689,95.95475527558162,38.61240321426571,2006.4047466155703,1011.6266987006486,2016.1598652339062,1011.5274663542891
41.31746569373176,87.5757355050578,39.936545535689575,86.30982188298202,1975.5168646075376,2051.687272500925,2056.0494080418366,1006.1027624575931
90.47792663456069,88.43529664093077,38.679047433239155,39.64164752786175,2018.9485780973744,1013.7038944580996,1012.8524207205437,1001.5745191699058
42.23040798269587,42.83942600138862,42.683451754312046,91.90335570360723,999.9397047838117,1029.6649059921501,1042.234798359848,1000.4741783492518
41.33456742826276,49.26296866115067,86.48946884046873,96.46355474933395,1002.8501436243982,1024.521974013112,980.5341437073002,1018.5818215142349
85.57737175524146,41.90166076244147,44.26298496039115,41.059872868020335,1022.9202699422648,2034.842276335202,1932.3365050658144,1012.263282501352
83.26526707000973,89.41292848500132,84.79711931780078,81.13422658493404,1963.134559342061,1004.7103116123341,971.5309296881615,976.7205107028001
44.56384096221243,82.56107931654401,100.85968314828509,42.41501312901896,974.1703414908287,1983.1939346428662,992.2740615543053,1990.7057636391235
42.85780589212496,35.1144904479941,96.25380898698324,83.06107782428994,2017.1618553593833,1985.2995681847751,2072.186000389719,992.9915729092515
91.79167328881493,43.867838311819696,88.59807965826252,86.37957747443933,969.3423296369217,2005.914648090007,1979.1399997964793,1979.424410128537
87.7702164696018,42.93210195628775,86.35813473181081,38.14742991768739,1993.8469422465557,1966.589979277496,1979.064481553663,2048.746752229591
41.21468093734093,38.006744280315445,78.15485875930446,87.46435864391563,1026.851654253506,1005.3077290101623,2009.9393058727821,992.8111568719942
41.00197711621203,39.051378890807655,92.49811498702971,47.33799924468585,2003.650831004695,1030.5748697258455,995.8447954174915,998.7804789300217
89.17895230304612,94.07786948524137,43.40386089605031,39.31370242096726,981.7924528874929,1021.675240043502,1935.691245229225,2002.3368502247465
84.1901769580608,41.92452444408934,43.37511723837095,37.62335658451511,960.7367015747918,986.9301277219836,987.4385387112975,1975.5883475785463
44.77801214857524,96.22864596930131,39.57360049294748,94.62307856063087,976.8894155547405,1007.0473201586883,1930.5937059315022,2004.9593237083386
43.910109429946644,42.318736595032135,93.20668898991207,91.0531381814997,2053.3722574571216,1973.2323341753129,996.4754803698892,1013.4317331695461
42.493878312868084,92.40523133316344,37.245733023457,92.49482674412413,1996.639568814676,2012.047752638098,2001.9416110946734,1999.959031225149
40.032020541959966,38.34304135980278,35.56308133636129,85.08074833899808,1040.293958626377,1953.4746296631272,1026.846813620221,986.8054372894733
78.28334370171314,92.37314864332559,35.888262852200704,94.73697838273534,1019.3560059437586,2017.2383243676998,2009.6813917227837,1990.0989043976904
89.02464496857097,81.90645890191189,38.987104450753506,99.25198936800281,997.7233462164326,1994.0488902518796,1982.1002487319358,1003.5496568693277
43.13691056621357,43.72052271661042,38.06608706413519,92.01346204026271,2016.3714241799873,980.1284303612081,972.2820216375446,1014.3864245345776
40.952316566640214,102.12458430388554,39.06715030383273,88.3007637194731,1005.239793805697,966.8225916873917,953.270079722618,1016.375411386754
37.874093645158084,39.1670245374721,38.17224722210831,84.58915126531359,1969.521118392404,978.195214088956,1986.0759648184342,2030.8857807282775
40.67598394643302,37.78397805204099,90.63873395982857,90.30509867471523,1008.7146408051321,1975.3464430790534,2026.305691525314,998.4586901295054
96.6847260838062,38.24050524034041,39.05863385121537,83.81376392063008,1997.614477100349,1010.6430861123854,993.0333308479658,1004.4643136612234
35.80102144255821,41.57722410565015,38.20923997894522,41.147294833773216,2011.0385341545125,1027.6796759658182,2033.9718391864374,991.3366377150799
42.82939570133143,43.499830468486884,80.69622431119753,40.09417333547367,2019.9492454289332,1008.2984716401402,2034.6853138277759,987.0601998429804
44.119368022742805,41.14869578267769,92.07234737285627,39.161334007812975,1035.7854643085889,1991.0627769573725,1002.72300513102,2002.250369380605
40.597725332893404,86.96042024793911,39.523567681300776,89.41241474605224,1014.498816491368,2038.576646907668,1030.9912202991022,1977.1959674662592
41.47674703996269,39.13865385367535,36.737364288193476,85.26533805939188,1998.1927993608422,1016.8327642257902,2053.9844516027806,1011.431160124197
82.93685434221696,40.833424667402056,41.07508077221496,81.58746348923202,965.891405259951,999.8648657598171,2002.7560981097445,2020.5051779097264
82.7532728231126,82.60996434440466,43.45664751821543,85.29522664347361,962.1454350820549,1005.2520571422965,2021.8412633439834,1993.1593582184437
40.98792000581774,87.68869325204453,37.5849284005306,82.49127773815506,2001.9199647948853,979.8836133880507,983.1263810946003,1988.3804542026903
93.1745365479113,43.554637326839824,39.04609352983325,87.30026170066425,2005.1384288618844,1965.9564196678518,1991.5103592120468,1002.9375717635066
93.12464556086383,92.5176406438241,89.0858947068114,36.72925024168487,1002.7728786441071,977.7747764415944,2023.2327867346253,2011.7580337146023
38.607914689661634,44.912180369738245,94.50189578514326,91.02691322883088,1016.5592204865643,957.0278496464595,2065.0882834979993,1009.9222540725011
41.686934707833345,44.844445064817904,35.21959188168323,84.77186625386591,1007.1373064860875,1944.9654258385626,981.1370946833047,1008.971195036364
39.198167697001836,96.1024856925522,97.651793846583,36.39069172837491,2007.0797747360164,991.185911870717,2013.3568592180936,1000.524002365149
38.397301280926456,88.08031310228056,90.03182428442935,83.65792493493564,2063.7940134178007,991.238045118046,992.8631346496497,2002.3228175596307
89.54635304022258,88.76086403029228,38.3249656243848,92.7684586958194,1018.0622248195492,1022.767218456677,1009.5042576556098,1996.5089845815328
38.280976309106364,40.069149586563924,38.924243626566685,34.31933246456771,1021.7902285278369,1985.6353930145242,1005.6358796285014,2020.0527025855783
37.48608437734315,39.88283401158834,36.425547705569265,92.17151734326718,1034.4823125104651,2002.0549071297514,1995.7424173162651,1010.076436303567
93.95681243279533,40.47242815370693,39.61756799946039,38.56160060769024,2062.6329450988,1973.208608990209,1026.4264702485114,1008.4491341389622
89.49167938811546,92.76644766767674,92.55816237335097,38.27334884270623,1962.0486881941947,1015.6478161835465,1022.2071868856275,1020.9341374753758
41.81715328181568,87.27292221420956,89.5640262830789,37.88141597993888,1011.4218585754398,2022.9753087051756,1009.2350185475702,1002.4723371781045
85.81549679753843,42.87570042209674,90.65758203519694,88.28996550681235,985.2679175869689,1020.4785254229605,2043.9614332826827,978.8366284633742
92.95853345336099,41.57625834604821,36.25239942523319,92.69420290881476,1962.6212355074256,1011.6269111594619,979.5657568279796,984.7722263820161
37.59806176887905,87.2720484847341,92.41280107673785,83.47236679514981,1029.359115753035,2018.6524296900247,960.7867420195719,991.0600622009265
37.45961218166595,84.84341918559556,89.92428708319852,38.065292021228444,1019.1989281882502,995.9856076001181,984.8960382592629,998.1361817640138
39.53628939037429,101.16937639507279,34.438484100789125,37.89402577673357,1984.9293534432418,967.2993963152699,984.6773847124895,1002.861226684302
89.95195828792376,41.86010409268197,92.93581719248186,41.29214348045011,2023.3022911990865,1980.915689361243,1991.255891114442,1002.8178997667195
41.12579631296087,91.09779970523387,89.33652916611307,97.4203131534674,1049.983237455554,984.8623312787963,967.4585147115033,999.6167146065998
43.01373531160094,93.8991976225879,39.87626973853581,41.99052308266994,2001.7464476573225,1023.9901609437322,1993.9012681576885,2027.4041376146965
90.13662819547525,43.03157810430662,98.7776501645559,42.772174071901176,2028.134548675132,1029.4826691035287,994.8244357248091,1023.8797607131942
39.235530081967994,45.120349390642545,87.3800268973004,38.369301407515934,1962.237301696875,1020.9341532265598,1031.659697268538,1011.973275044595
39.93569719234949,41.40488444940259,90.42598218327485,36.509457024166124,2004.6304085411834,1009.7983814635861,1005.6821612119452,2009.7222044987725
85.50677849673654,92.35989373133994,88.67510990850795,37.40023206995572,2000.578373027132,1994.6815097815017,1985.456645792866,2000.599317351917
40.50998275603775,38.66676984253311,34.18733834292616,93.53542682025692,1989.4292700541223,1981.1513890732633,996.4559117977968,1967.9380953492152
89.3938057654702,87.85724954485043,35.62369453151476,36.80798335200595,2024.8484418502537,1998.028501993379,987.4303310704054,1010.2469997264036
37.39228437470774,44.07335085525261,85.17211257147135,36.96860407757896,941.931349862126,1053.4627965476857,1971.1237706384377,987.0220169035381
38.91594512127806,42.85510292650596,37.06777054674196,88.690962313849,968.9491611556184,1030.1684564691327,957.8528156405644,982.8134058811767
39.588506221576296,92.98858056887128,36.435812935044915,83.66090052713979,1993.8100871263273,1999.6998863185113,989.7188881463694,1974.8771529156882
98.70907344594619,91.21267576815768,85.11055473307509,36.887362352139874,1943.108115514855,993.2830962705515,1001.1202387908834,989.2698877504198
35.560107957248064,40.65835430932579,41.74695131574225,95.09804421188205,2029.1161171152148,1000.7219888099187,974.7138350159782,1990.1759365670162
88.01726985796002,40.736421179362445,90.10232637788803,36.89223851019277,1980.5431827270263,1005.3232707266492,976.4702499761652,1967.981052174155
41.48920352921459,88.87543698247418,87.38649120532398,37.166211203336786,2016.895342862744,1010.710496028445,1003.0518799296351,1022.7945056823676
84.45404087209894,42.15822008025337,41.13907216578255,94.12884892995504,974.0964130587771,980.1656359036153,997.8441019070874,2007.9418404285243
40.53271490657073,43.36950335724905,44.24277829765106,34.226452904707024,2003.1572588981046,1952.516099277469,1997.9667339923776,2057.495321985173
92.43420966824884,90.9899972673476,42.202451101342035,88.2969259856639,1983.7149085238186,2030.8096466149834,985.7136717843916,1004.2158429793458
42.086520459006195,37.99056754743067,96.31453387772396,95.23549656256796,998.3937568549118,1009.446514468342,2008.348788936707,981.7269649390996
93.03626958523823,92.39129560556506,39.116334693016945,35.90909759842458,988.934309923842,2001.9719872619792,994.0742024146393,984.1218605391707
33.881237040070346,86.28861269228072,38.9923079361903,95.75908935916661,2026.1893862821598,1996.244929837063,986.3164475173578,2005.2491997604895
92.12830142673022,48.43706244071738,39.41662062995502,94.31924081320847,997.85105999306,1985.9611360900449,1013.5606745036569,1010.473824465592
42.585373541620314,87.86863757039002,89.76574412613007,36.83407662481287,997.2395720169613,1003.3834970499232,1008.4537940418988,1015.2928453738506
96.51455101057348,43.249687491529,41.37881775868703,87.59128047431749,1978.5358031128098,2019.2272358417729,2007.1020013179436,2013.8723385845008
80.93317580489033,40.36633068527826,93.79017881377081,37.138701718275726,1993.2658943511615,1979.0796960067316,2011.1068801253875,1010.5396640846943
85.92982957737749,88.33669552520004,83.42781837282863,38.57260226508116,1006.4834813310109,1947.8101384382521,1999.3057434437785,992.3804477050957
84.83395459862558,37.3089747476501,90.65901990114125,38.48225500873899,2017.1127479587958,2005.8199650305169,1004.4135143639467,1984.4956744051979
42.05293233594153,37.61959188953655,38.291416229512976,36.200747464342115,1030.005814158002,1007.5815194309827,2021.2202882129072,1021.8689100293948
88.52865089001324,94.8729290664126,38.44563668632705,39.45875421749652,2003.6511714377802,1933.3346590385183,2016.1296090209864,1993.6574761492727
40.164793804047136,88.43429944038445,41.22268325475599,86.80757201524003,973.1885493144111,2011.5914209606212,2015.6164156848736,973.5355209235187
92.91823989441593,98.27817822727972,96.87247858029701,85.97769011592753,995.1565213323415,1009.1093534013885,979.655000515656,993.6042968265849
90.43141968573754,38.14512539997034,38.60355926689422,90.75679746530822,996.8558545141241,2030.7545488189783,1975.006817840755,1972.9469172273996
37.85312259860514,42.25630958467303,40.67728598511302,82.79478686226003,1987.037383415071,1005.619084097426,983.0140278750114,2038.011399326984
43.37352784609928,99.35615941831854,43.33591801619309,84.14018573295698,1019.2417464808211,2059.605130503315,986.2696829091249,1022.6509200856597
46.47531779327376,90.3109500400347,91.21221932471148,42.25445075411733,996.4135768318458,1009.0128997183792,1984.8351471621336,2029.024772708494
43.290581793581104,92.12582964623525,93.78534083234688,90.06656650769442,985.5579523712871,989.620456404211,999.9648292678355,2011.9163236830218
44.03081189875755,90.07700492955006,35.052795023309955,34.86500020676535,1005.0151677385134,1986.0895359728552,1990.8884674653125,985.7955908883943
40.64970340854121,39.30383810248511,37.04994681959414,91.15259788230043,1002.190931028686,1987.364680157783,2028.6484698422707,2017.0439939352116
34.552244421071386,97.73521269863042,38.46333426453032,96.09593641285346,994.3130726090428,1959.3547016449443,1995.3258597644467,2003.1530127898104
35.37171048670023,41.97961723794673,87.92862835004054,88.7097474793897,973.901207196105,2025.4172120076507,1034.6935864853263,2019.1776872765158
94.48764390907333,40.93995908315939,39.66308328527596,86.71606228079159,1989.718735188111,1988.3655008029707,1005.069016410459,1992.3182669629928
37.9441994880608,90.95445682120912,40.41587237913201,38.681364399126295,2004.4703826351777,1982.6985022554147,2048.8805976510616,2050.2482348776844
93.32580697805881,97.59162515827063,37.12830421284524,34.540643061826955,1999.5663555908452,1941.4782608087573,1968.5891552431683,993.6485160871355
41.2899772256496,88.7341708307846,36.56097653894055,33.1698741039866,1024.9522088750246,993.3339588291676,1979.3877368260019,996.839202512669
40.90960480566636,89.76347138898149,91.94543897688689,36.03727533380467,1016.3682327606521,1023.1953130886338,1926.3380580701776,1000.7679924325353
98.26460186106196,42.938938634663664,94.72812420051805,35.92193660792911,1005.1481966292288,1013.6934452667808,994.7216020180952,2002.7496581059245
39.02491075468428,44.442354448765606,94.0971968107938,91.40200719338006,2045.40350312406,1997.7520587709441,2020.6119267092859,2020.5054836503828
92.01157055935995,94.19467837178017,85.51171046329779,94.96506681054898,1022.9028865317453,2028.8026577227665,1960.7362753517828,1017.6755427581168
93.06661397111473,35.0227815166989,39.54210761290625,76.29943199844985,2002.6940278036936,998.416024615529,980.9071610456879,1008.3502178101678
93.80645510292968,88.43728072726333,38.514256505439434,98.36187441487942,1978.989237014298,986.2367796216801,968.0179626790921,992.1883437652833
84.09118857902791,43.837971689453056,91.94235455842256,37.98341919912065,2023.8704042822362,987.1525736148494,984.7736629536794,2006.9867607207455
38.21605583530394,46.93712657331345,79.22450176828698,38.7222556625712,2006.988546043957,997.0749940556759,2027.7162943989154,1959.784355412098
85.26662037214874,42.70122875595514,36.75106913356926,38.74488363552334,1992.8674353863037,1991.1101136593304,990.7553669107127,1959.5656587556145
38.770750788075816,94.70819507672293,40.619931435202474,91.40688247159308,1958.346923900123,1033.117073456732,1013.8056131134399,997.0514270497027
85.67552277951863,40.48308031418564,41.54679690839932,38.32393154172408,1001.1086985750987,2008.6391662734327,1959.2256042758663,1942.0463640701225
38.02527478613008,43.2076538163535,41.590250666198784,83.28477910413709,2021.1683889613068,1003.2695415538824,1002.3342893954937,2022.2033716127453
86.20895025610204,91.06357650335745,36.76431313082812,93.56422979547858,1028.2208397466236,999.5342172439202,990.4661993597247,1002.7190847135598
93.11564903895916,42.65938930337074,33.31087935548733,82.49403016233826,1977.1069865928282,1979.3594605828864,989.2828486510211,2015.8867118452088
92.38683666657087,92.70633356876951,76.7971695619231,86.52430785971791,2003.1101038067259,980.7349125397201,976.8541971721434,2011.3614724442707
92.75085085486997,94.06678462456976,90.74399147488585,38.255529489447014,994.7358638415715,1009.0586670533703,973.0455128165682,2021.4801905124107
96.43714637281539,46.34142817943327,40.976927621414035,40.196829683139505,2039.791402790006,1009.8762879234937,2013.1941540967598,2036.5737513299812
37.39589431904034,39.939546772233385,93.38868253837552,84.07850184065335,978.3195337098783,1997.1540819070337,1024.0313492709724,964.81644637213
35.17993980030499,95.65029284700066,39.96946828997723,92.77757500421659,985.4330805348649,2018.8364871366748,1001.1644622190522,2035.5525089357725
80.21559371355004,92.6601784967955,90.33827990324363,34.601368726179864,1972.0892590269639,2024.3643640969765,994.4968665472111,2007.633193905225
93.96153215472539,41.45599838587869,78.46175683365968,85.30982390152924,1017.528333510467,1001.7060160837218,2054.3895592017393,1007.389901509832
39.44004534612148,44.01911531020686,37.54709119894643,36.17595168263415,2020.3299413074194,989.9738673534496,2030.1415900150453,1001.6893997037017
86.42442666951112,88.24213778853544,37.030494527173,38.7816178822763,1965.9624798305601,1013.48572288134,1034.582353397107,1014.5125537275349
95.87506270684503,85.27553398872763,38.92532276164246,89.55146512932743,1994.2286430394709,977.5259320834934,1968.2413071545025,1007.9099419145593
90.91290869761076,39.89343372938316,41.23262831515909,39.09523206394029,2043.757208113339,961.3555847418513,982.5131604615991,998.0162645062542
92.55915200412116,90.83664568742803,88.27452557997245,40.63435407582272,1985.9001459064893,1009.1166847256994,990.6729785687967,998.9639977165925
40.409519666164286,88.1251876938002,37.350798312423976,88.59108026266269,1976.8535929550246,2020.3555874543329,1017.8491209149265,996.4204472820501
41.540201507961626,82.79736505462536,82.2062414457675,84.8195345409007,2037.9517735802394,2011.5736237273509,1019.7715421000249,1005.389662229602
87.96100490615419,46.035752503717546,42.46577046725693,88.36492173603033,999.8443743685725,1007.5260393900255,2028.1462408762202,998.6282925862388
45.72146471626748,81.22145301543296,40.40964587402566,92.56312109974888,1003.623446297242,1017.1884522188884,1036.307054057016,2033.0052593747982
41.07142142789487,38.393795067222314,88.53991030689677,96.98011391188332,2066.770645998417,1988.5680139012609,1050.6795130820396,2033.5105996366053
94.89781137043904,83.5284246585473,83.43650418642491,86.13878735703727,1985.3586363576132,1972.1109367440922,1039.4280062226976,980.8666399255899
38.42731829409291,41.65000230603611,38.417340999944656,40.705053417055154,1013.0369788220157,2012.5289885065756,2005.6903591423602,996.8272029286777
37.62419687406614,44.489248909676604,81.25449033660516,38.790891844377654,1014.5576694016495,1026.9216870068026,1025.7736162906313,1006.631198130639
88.4867460930939,86.25567215959448,34.846224322114494,36.956192646537474,980.7585154918902,1029.3131228887687,1011.9017244890427,998.1451170779051
43.198144114964926,87.85879855450722,35.767603135314786,37.211378044985786,2029.8037624964852,1029.8102644136625,1976.7248851584156,1924.1817387703704
43.16927077696768,44.20918313750456,37.7695614866351,37.374881883949215,1961.1348601927748,1983.9178854896147,1009.7026628774412,2064.5724243290583
42.24777684419693,45.02028756121874,38.23187071328226,37.180206988757334,980.5265155734862,1017.4315789751972,1963.3143882628365,2010.5023830615785
91.99714970799798,94.94456192257577,87.43788108240027,40.29833486538976,2039.5498631539085,1056.5600629319874,994.7741716859161,2107.8050431111938
92.71712564170375,43.102411736059764,97.55586084733184,39.39923161779706,1016.837127917069,1945.3485880849632,994.5275527072743,1995.5821553982873
40.402967565164545,87.06429484010255,42.30002315683145,89.8063975042226,991.1350005898755,988.903893823772,1921.627362672975,990.08566624727
41.22668957622219,91.36743753664923,37.683684731000945,82.10051573762615,991.4259604900121,2006.5907934126144,1946.6179562316347,1973.7032398249644
40.501770519949034,95.07942968292289,93.20251892409651,93.04627675074339,998.77795094631,1956.6193136951404,1010.8738208524203,2023.224243592595
92.64074451970674,86.00206888664837,37.67205576265622,43.61077901590017,1001.533696998215,2038.5714365380827,994.0852730010092,1960.1015527881534
85.12884870137239,83.78249359431071,87.09250378944746,88.66724355371096,1964.1793015249434,1025.1676177904849,977.4604863354235,1004.3643453706111
39.577426020021456,42.437908693937985,85.11387479661623,93.01079194943296,1005.6066429479465,1016.6711677643838,968.0380503723329,1003.2891036577117
84.59058657665564,43.27240889770859,35.74604085198963,90.04719763933144,992.3498112653422,2006.6167595882414,990.4449884999511,1008.4024543760901
89.64862705137224,42.74060870529797,36.01765551959073,94.45439826046206,1970.9633497603238,2025.54381983258,1016.352571321274,1973.6374528088647
89.03209108614399,84.39969571124126,90.17711237916063,37.62115524108685,1980.8488999902527,1010.6742980836846,1031.6417298159345,1005.7743330818191
38.97715568967706,40.0961116267778,35.95872646757384,87.58698259250544,2009.6544170870277,1024.1876023057753,1052.3003234075054,2031.5331383390867
93.27739267272838,93.37367920007868,91.97658316684446,40.35792258875081,1995.300490982352,1940.2712350770794,1034.2599200765494,975.7920990802936
87.06441125192532,91.94849765350494,41.96839312848731,89.11206865141145,2005.1508666094742,990.9449894138643,1970.6016639592972,992.6092056391815
98.41844009139041,98.12624280939964,41.670861177959935,92.96369437913727,2003.1485959448542,1009.0400051129177,972.2477805690926,1976.6784130835854
90.7229185778336,94.95425522693705,95.61502499208567,40.7685055924694,1020.9699694821547,987.4502995337135,996.6961132198591,2005.5275431173895
41.72691626004652,91.10970481188738,40.184218788243356,36.62720392040137,1012.9407278479198,1997.004855969272,997.3927719974075,2004.7194669235043
95.85538160595793,40.49751858375658,82.40054163298159,32.70699041380795,1008.8354151626631,1024.364528470921,1003.1567946248449,1010.448916296715
94.56633087556494,39.19265537008488,91.81265103543547,89.41726389085106,992.1641445926525,994.8460135233133,2009.3855388528843,2024.9686947649952
38.72699134098747,90.5370374688566,97.7389249418776,89.66084327507843,1014.9041841703363,2001.3329246672165,1952.82537207473,1030.1956347596008
90.56880446596008,91.27719605782495,38.70690998327845,87.32859754951465,1021.6085903685439,970.4781726573125,998.3864456922295,2027.7088458731778
93.54272790589093,45.42911866156718,40.574825205891784,36.63996950515301,2042.5607353541702,980.1765120783616,1979.2159042396336,993.4501281288539
94.74546875033059,86.91001190775272,90.69203175968732,36.323530254751745,2011.6379343890287,992.8600578946141,2035.5014884361567,1025.5489603284689
97.0364849534447,89.72606947407128,37.612772331752836,40.864181817789074,2009.8508685148329,989.7437905271586,977.5503705476906,2021.1725347274185
35.13789799724797,90.63916380623834,40.503542445117084,38.10993847208398,1989.831002070858,987.4016189854307,988.0459165055368,980.6818412432972
94.18413229196352,42.93586913544107,92.08060316306351,38.57129514313216,992.0200560633156,2013.0895881714614,1984.5786869369153,977.4946356080412
40.99598292977235,97.20032880334608,86.99500261572145,39.351383858858085,977.3148012674625,2022.493122274508,994.0451354774636,1980.5418735102426
42.00934794970334,44.270171228765605,38.05017216012044,98.24543108819826,966.4710743610342,1031.636642729742,1004.5690957433962,1955.100207735699
39.14271182104039,86.09692715462312,35.9905003034262,36.25969413504332,990.2148763956204,2065.0681981080916,2025.641421877024,2018.48776200232
37.95352643548455,41.36797613891228,97.05586078558846,87.87318259450012,1019.9053012853074,1959.9449630505362,2015.0918538487317,998.8694667961261
85.98989801487237,93.30624013508556,85.14121570100058,84.10783237726864,976.4802633803081,1018.270652006976,952.3159038014801,1033.7742009536635
41.46436725476666,95.45605274738293,98.74229902339867,36.90501253194684,970.7211509391484,1027.6370803432092,1988.9954332272475,1009.14679638598
39.815186495950016,42.75121801496915,30.680790654761594,95.58708617762761,2009.3585255736791,1013.7707229405225,1984.2791699793047,999.9171710515733
94.2632467450907,93.69075815863206,34.69883586433035,89.77275453114527,986.8888482954898,997.3916555002959,977.532112932925,1970.9907763753813
40.802062160801945,84.81558820074547,91.31530614794912,33.902364607849236,1986.9745649731478,984.6221018754479,976.6044223929905,1965.424789135382
38.30913007726868,39.98524952300791,40.88861380280177,94.79773595797454,985.3848343815113,2029.1883907697327,1967.1966639658144,1989.7614207003387
101.85003919317846,96.99777567909005,40.93123937767149,86.29465730162795,1975.4630637037642,1963.6677814029074,987.1860504729544,989.0921878598368
89.85078493781741,36.777331825501776,78.47317511488461,96.33274314893066,2015.8630262463605,1982.8250853963564,975.3597549051558,1953.7602323107133
46.057527324007125,88.87535265763678,44.03379041251193,93.76497861098298,1980.2001080051775,2040.082298561202,1977.4872069853027,1031.7938504399601
45.45232793922422,85.31890447702087,42.78198301639643,39.013758557735926,1090.9225021055634,1954.0402185381492,2002.4893286686652,2009.6954257735624
89.05094381555305,80.44508757808825,90.18494830136086,93.48767408232645,2064.144197282341,1970.5117767081706,2039.311045928497,979.1739880160162
39.8281199840679,45.59064779467393,45.40864304815283,40.383171733129544,2043.0241422914942,969.9854904094638,1043.5145748459254,965.8759235259861
96.10675967710722,90.49666922285394,47.188869578315106,39.9875699142691,2013.666866335982,998.9920069208051,1006.3412317519054,2000.5907700611356
95.70075973227172,86.6831162025341,90.31290836267259,44.99408210250772,977.226502689776,1029.196932642457,2002.718782245335,1007.7255081317917
40.0561739905674,101.93807686785651,48.134053133218245,50.08954504529143,1982.4566022122103,1012.9483824427234,1965.3211997379547,940.1887349935594
40.86258160822911,94.01196879556109,47.58256047709794,90.23460354635313,971.3884545793668,995.479319415618,1980.5592993779126,1988.3423762963064
89.21997387627535,38.240921515081794,45.39230868949892,41.359774666568185,1009.4832071090473,1999.4498018727813,1009.6957402766429,1990.883482904984
35.93845419227098,39.528930386561676,39.48574610071087,95.85329087201413,2014.9317314336104,1958.4847672691992,1999.4865636875222,2003.1687555238834
85.56683113532111,82.42957065676546,40.895568117463455,41.378870290438186,1031.798553808785,1993.630307758858,2009.7226721866248,1023.8418163123083
95.01252334317489,89.55724998711905,91.75333701511664,94.30895706452921,928.6513834374932,2010.4382623833196,976.6853078703073,1996.5823951451662
93.77869422372652,88.69615403421321,44.22844671860109,90.075320857496,1955.335918441549,1081.9841920796978,957.129783766833,984.2942725267483
41.77163016897045,42.88622775769892,91.43894976590775,48.26572928266349,2000.0318507895602,2023.02145681564,942.894897878713,943.2392556936481
43.00475856452777,95.8874728963653,86.95159917784589,43.120581861980156,974.3356561112801,1021.180568583779,972.807703882146,930.6078007101418
42.50640422096339,42.74947456864243,45.65110001912373,43.02683410836326,1961.3288912058304,944.7336566764061,2019.1111658926297,1989.07154073001
88.01594521733274,95.59024056218495,42.721433073271044,44.15473179850976,1007.6560267088141,932.1945919872906,1011.1221104130082,1989.211555803465
43.59332412570923,38.37426592335559,39.34939225175985,41.218553828883586,1990.4527271797108,926.168757105914,1032.3206089061975,1966.5921232928629
40.41631870347361,43.17072345792681,42.15117902844629,46.124360710327934,983.2745430002287,2008.4257533710993,975.2017813021314,879.2808802840564
38.60322496759471,86.82812130481214,97.56361864350033,43.17028617965188,974.2197331802495,968.8222412463377,2013.5295893164416,905.5524851180312
104.34049902731363,88.11920249654074,86.48939235821597,36.01895500187224,982.2342148564414,977.1144154216452,1042.2916997971925,2023.25547256335
42.48464927411281,89.7172050605069,48.24867087976035,42.141269541410196,915.3228694211642,1008.6780500863288,1041.2771084801798,1934.5303375532599
39.18652358940636,47.42121762772496,43.94297232706136,79.95674751652666,867.2104457657778,1008.2833114337745,1971.7287934037101,1030.5106492687576
38.75665572359703,41.2851311119646,44.49780523249019,94.98774608550328,981.4659460484083,1022.1416940546436,2004.524749546338,1999.2714202052723
43.145199005302494,48.10060098147977,96.17465005869055,48.32394511250796,1009.2328504028312,1955.725210591955,2003.4261007529105,1023.375356599999
43.002878586295495,47.718041698027854,59.73969531715982,44.121787580394184,964.9119089658375,991.6508682662504,2000.0463620094722,2037.394783107771
100.53257338446782,83.48958055536482,52.82757930945897,82.14162364059857,982.235589932496,1015.305366285407,1962.4951295292328,1006.8092240174492
83.4731943975348,89.48566351321904,78.74478899262117,44.665510241770335,992.0827457024536,1058.0127334591516,2007.1378530293684,2001.863332343633
88.02606726152086,42.9448436714065,89.49572496844401,87.16362944925251,972.5457169720892,1017.8614830555131,1040.4636120758057,2036.4003497165054
96.8855902573632,38.480179897129126,87.74621649102696,89.03655162114043,1959.7078120145318,947.529581902422,2054.2290842887323,1061.6517151595021
81.53956158890023,37.631296918465665,45.289255676319826,87.22372804974678,2008.8268607805078,2056.091118787533,986.9644168621904,1039.776442406446
34.503346130291234,40.116538013026286,44.08882795925635,86.49547281593333,964.239303485447,1016.161466875492,1010.8986070775399,1078.8878868298211
92.62058788994455,46.907653846635924,94.57094783375402,94.93282109385008,1020.1241225505057,1067.2261850735922,2003.0567732271343,1077.8000622584495
43.11946588016501,83.69107139135406,48.08295552648331,41.59377127501108,2016.0430381156916,1063.584777320392,2000.9062031133656,1071.4802215838345
87.68756648979979,90.7439449952724,84.31525771640861,44.71446672033062,963.6129716428966,1004.5544012285241,1017.5706218046976,1066.112783017059
39.48422196128076,42.54483850420088,45.504015262175514,45.03898120251537,978.5037133527901,998.8891005727355,1067.109431087418,1990.0430519855709
48.28931011951674,89.71522845676793,86.97145672799734,91.57743172342857,925.3046516116765,2016.0474415088202,1995.0659615469372,1974.2886662638184
41.68236461670392,42.66246758320641,90.90490943296429,82.21259003858351,2012.6129569640582,1009.1672758390889,2008.430163875955,1982.6107056823514
37.3254230205702,102.89970334556993,40.444890381591065,82.95998473785596,1004.6985804925304,990.1452064819955,989.1566553645739,1002.6494233085763
88.80355552437963,42.825846638214,79.796311430542,86.14871327486769,1020.600884593263,990.8269752986653,980.286792037447,934.3028895541268
47.47815747856784,87.52121637421968,90.7135854607792,43.30105998152044,2032.7363466333738,987.5867029029484,1018.3613538266454,963.7434687679154
80.47866055110771,80.95388956026082,48.28261469297929,37.990479553154046,2047.4122987764454,953.9004965727235,2024.685055900122,1087.9043478378844
46.717506092310785,85.79327869311305,46.86470855745482,38.440130276682,1980.1199513347215,1945.39843934128,1027.3651062636004,1066.5825472067424
89.27026025312279,46.35208830838392,47.096582897368435,90.41582462952208,989.0161380407909,975.9188462725334,1975.0917985370547,1958.8671561512472
100.92289418190778,92.27676575375428,94.54191622022765,45.91222656467968,1014.0650521354314,2025.0165336021616,1985.4303225460899,2060.727842505536
91.54020722845401,90.95582216592005,79.20084263718623,89.61107307380173,954.2094936304936,2005.486928672305,1018.2360753147959,2030.8815001222194
96.77295129044896,87.58202073146283,95.21381307150115,47.42475645041565,2030.969017566123,1013.5182639016807,906.9278790527813,2001.5906852554895
42.4958050916992,46.11635385665339,54.47608562520762,94.03806945653314,1982.1289316693037,2019.2671966991982,923.2165293471797,954.6334324117001
44.2529840028906,49.79519939953002,92.70903440271144,96.60384876636266,999.2866632361918,1012.7027718226435,1045.9399377262757,971.3104323392758
77.1645887481014,84.86013572008729,96.22390371015115,83.51152908670231,1977.2259424445817,1034.5350265885013,1047.1770103353513,1049.0839944493296
39.54954915037294,90.67705385109552,88.8547796785286,95.98739581821398,1041.1978427526928,2055.9828565302814,1023.0567009173105,1060.5489226243135
91.35796099025276,90.4687934230314,48.25260783159692,88.68619526277182,973.6275066490614,1990.231214727562,2047.1670422905102,1022.0929884960146
92.99700559433313,87.16780153952872,93.96918316242406,87.83547186221402,1006.757128135888,979.2457212757557,1045.065962485839,2002.6716466726475
40.25629619574823,43.602330888728375,81.51705755258345,47.63648020008218,1022.0249299168934,1038.385495119084,1041.5445221437362,1032.5519061192438
37.93448599426476,92.95756550167981,46.72518456435003,47.89247753359482,1994.2614405436245,1973.0319557853672,1985.3659024178223,2001.111078910734
93.20097016576233,93.89730604688195,86.50307460669673,95.2033582249382,948.1850432520014,2005.9313182085061,982.1038060120181,962.8647121627013
41.07738903282107,50.38041142067391,43.066022678163506,45.20935971141428,2034.434616677092,1973.91412541742,1964.3622454925282,2011.3715521548356
44.094549628335265,87.15592287189719,46.761573493466415,100.5277051544161,1037.1387936546969,1034.1166595852278,1014.815280847442,952.9578433863891
89.34022603492527,87.18938524323518,91.7058040276855,40.83592855624558,2068.6434658774106,2035.6507225335913,1010.7783338499707,894.8994332226496
93.90979545674155,85.51669953960612,49.29671472355839,97.83099345903379,974.2961836167636,1985.5680852565363,1019.5113666545949,941.9093715172364
42.480908583283494,98.33831498006904,93.5405060402904,95.13338992953561,978.2557183474105,965.3705373771171,1977.249745567446,1981.1946659120063
43.58799239416939,94.61262317459541,42.41689354013961,42.01370658387353,973.1926582820818,965.5650718080767,1085.475507446129,965.2329681332103
99.09925827647159,42.78017691115135,97.24620522899495,92.47625583234071,1025.9696822449919,2014.5736171994083,1992.748329173988,923.6014631006769
87.9074904442121,39.6964728866638,99.21840745058822,93.05046224117186,1958.3886026199218,927.7478240135408,1012.4516782433876,926.8428381979018
44.84695021933253,45.911558564725496,102.21235496017714,89.79141544312674,1025.2141023362667,932.4359675888081,998.1157013260885,1005.2669361293239
92.66529809498805,91.09802221586612,49.593359819408875,46.555533945477606,1068.1146814121466,2016.6440250558132,1030.291448730188,1036.0452114847683
81.30689249922233,44.329127100599656,46.00965497817491,92.33373574744063,1968.2919306794477,2042.4952443845116,2017.370926426726,2021.8237612931775
43.63149561549956,44.12038432032371,40.50758960872254,105.42275221710744,2012.1672948875328,997.022263072613,2008.1244209898919,2005.4835908864534
44.10017391213202,92.56325795493973,43.360922864513114,94.43572720941762,872.1547820865865,925.8056585368429,1984.3686516035248,1009.1381881640445
89.22682881099097,89.96795481301639,43.747279541408005,44.99847639827292,895.4523176908375,2006.0269042824125,1015.3107062499951,2047.4783063001255
39.417357734231516,50.1508088139824,40.44485796332367,86.5848155985831,2075.954285768565,1975.1371873189987,991.1122800521952,2004.2762611328153
79.58705423147843,88.34251482121464,85.56562821391014,83.6059587948614,2030.1825977433639,988.9321587738772,1037.378675845578,992.7210760500286
90.25545200994978,48.52618017928256,40.62182042032529,49.52288548103286,1064.9502588348596,2004.813972483696,2008.348654108119,1050.4964213701899
44.31911382600779,41.50265425928499,83.04551203511905,48.52745402699976,998.9468672553669,1003.0187721487177,2006.125165831307,1019.4574324978727
94.13269744074451,91.48667634590568,46.68721910625355,54.82647669880567,1999.791351475599,1953.0419301403194,1083.7831795062311,992.6458380670967
95.439115188481,45.59908589166152,93.14819492213789,49.17361730201293,2022.1500345338966,1996.0681091860347,2052.616070121769,984.8074095590755
95.28117734573466,42.24354035612794,43.03867889520426,86.2227641104777,1974.5636153590174,1985.242934332227,999.0028827227299,2009.5577154832897
49.40347256060666,92.84068498060027,82.37908134827725,49.38312513635947,2022.1895639200636,1995.926624282249,1016.8200953228759,1055.9710958228807
89.3476404051364,86.40283768394069,87.5851310990256,80.0723640361751,1026.4506590857495,985.800766722839,1008.5231533844064,1033.8794962289076
96.55191971042257,35.168066837971615,92.19122370251944,50.50078010078589,1072.494516026506,1001.7802552752087,978.3680235728367,1015.0981696127727
36.047681100687285,81.91457055630045,43.70082708587006,48.4248994079689,1067.6062135728992,1994.291983177353,1928.1646523128172,975.7031278480897
86.63193827423225,35.84056926777653,44.17765716433922,47.86199736413805,1975.07639025539,1965.036673158286,1948.4584902682063,936.9437235178488
39.26781565230263,36.23326781559359,48.72456509940433,48.50730192247782,916.7584354339386,993.9313925585554,2048.1356800817475,2004.40325421952
40.65886728111663,44.86362398333449,88.97730320780117,90.49557644478355,969.9971291235533,2021.7902587918059,947.8657687023053,1990.9808641321542
45.9852058800196,87.62342069899559,43.71588467741551,45.23049167272198,1977.53593940407,1978.4088982498383,1996.1241551936785,984.7717346348431
92.82767009565258,98.96718134369253,46.65922922857476,86.76276189146544,923.2639605478514,2038.6522950719009,1053.023960127839,1007.4263264554768
43.06477745187693,89.14176362856547,46.32961032484484,82.76241102316177,1019.8981337541952,1010.9902241651648,1070.68895734541,1989.9812080088889
94.59580020167431,46.66922982130184,42.46906762899425,95.45638402189364,1001.7713466486946,1977.6053216004138,1009.3768638292804,1985.63913223126
90.7480631750175,43.40556502188407,44.101377625640026,42.00364257022234,1987.3971437667947,1977.8630766633758,1018.9590330708477,942.5292700348658
44.85483197030093,95.21539559838494,81.07537676199523,58.01205469529727,1015.5499685962478,971.1690892853837,2003.5691099782896,2005.2856206093313
85.99070479373042,92.05990283167242,94.76118152238946,56.46246626620803,1981.7357160032493,1993.9108678420416,2035.1135056369828,1043.0034193850365
44.226419668313554,103.75547798426011,81.88440033515313,44.90083794058296,2023.785497834403,1976.0453095697494,1028.3323200092398,1000.6906205211708
91.04665650200755,39.0302915319112,50.620355494488955,45.471127805748296,1036.6316521483382,2008.2857486749904,1013.4319990705876,980.0184163569481
81.92340460270255,84.00953700314079,53.924013523341586,93.01462201359868,1030.4114738698136,1002.5881257478013,2031.5563729266894,973.4986690631297
48.7077505382245,98.24414785789835,44.16389112475872,31.434631221124434,2007.164931937822,997.5783990889843,1073.500592589378,980.1146219616382
99.84538598622474,41.40130077755177,84.163776065241,38.8634817128994,995.4591144674694,991.5784325139537,1024.6000681572568,2013.7018900164196
93.93729117144747,96.19037255308804,49.230206387055276,90.8386213578894,1067.156608282639,2022.0154844587248,1019.2678655703793,961.454768620584
41.53166550451932,35.96589265540163,50.81186629171876,42.90404941367946,1971.76301390492,949.8275054510182,1074.3282415810322,2004.0677997307946
42.15728149638501,91.41876695141723,93.93775739953853,88.11638744755966,2001.2469469726902,2030.1733576528281,1946.0551726925357,1960.4346393473195
42.70794806960026,46.39583423116268,48.19275024697314,89.6652698421598,1968.5615037318075,2007.4888988833964,956.9112179722488,1994.215988937501
46.45008288194434,41.92277797945506,88.5107755893252,44.37201966117283,942.9910090065521,1060.0095608959562,911.6535239674623,1962.8556530516275
46.8474451102656,97.25575418475428,35.58338459100307,42.33546938926902,1967.6359309412405,1044.0735407395478,2001.3248259915586,991.0744778044879
45.733916332614704,87.11662018502896,87.01244414039937,40.139203403039296,2048.4466531705766,1014.114106554053,2031.327537531546,940.1992241163489
94.05886604955009,42.98060899822467,48.85944364608898,93.40066476867149,2039.6417484828826,1974.586145437151,935.2345324606503,936.9657168824406
88.813192504792,45.14711201367197,94.08550687564205,46.11819473108037,2034.0466481967528,1991.5700190457553,936.4552239509133,2034.3955484773269
42.88008832146167,43.498434763198645,47.767366649961616,46.80915132479856,2024.532296983497,975.3710503232658,1003.78350925022,1008.9531331002265
98.09570520748113,35.00858201338107,90.27857666368996,42.87441213298847,987.3458009903795,2032.5533669233266,995.7320639145283,1986.9042434982875
41.948030706505456,34.4387357396893,89.22777557529155,45.49703386154155,985.3941790587573,2010.6584186511893,967.9292471567483,946.1766580171707
93.3674510648048,43.23394725816752,43.56222128054032,83.91180104398626,2029.3364687135593,1995.7596700714755,2005.7572747132679,1931.9639409584215
86.6820209222293,95.80755917359029,45.445321296300534,46.86337378969874,1986.8341140559435,988.0759412540317,911.8662384723714,1975.832022284561
86.28209877681422,43.00505093128311,46.31715449936883,47.28884513857738,2007.0280126781993,2004.211781339346,880.1878514408993,957.3376465837425
44.29510471042643,89.71391218061446,50.05117074770672,44.701925422942004,1016.6287149326524,955.3626021780465,932.4228351345386,2029.823623131
76.99245268682137,83.53823865280157,48.743909292574905,45.87686902675346,1970.8277958711578,1955.5276354925809,1994.2992761766657,989.5774385185896
47.41764138674562,45.45795261847765,87.06088337573414,95.58715502626006,967.4880322354771,2046.2162980319927,1023.7489857019876,983.9057727139698
45.87329545008368,89.62774844816283,83.65227668204429,93.18573044473798,1029.5147519301377,982.4423127291134,973.3191009853531,1945.9540052378918
40.13591172098498,86.57804095374152,45.850777213558125,93.3782426001227,1045.9574228740344,1962.1794342075627,988.5472464139455,1986.7932571470917
41.985620918740025,44.46047103931521,43.995315461413384,93.14455440503791,954.0905625922094,999.6587870038458,1997.7086507587683,1988.168929164392
44.44959183358132,86.12480841277528,42.9445543338564,35.300522782323114,1950.5264364804457,1020.4081121854476,1935.4016933849975,2018.3751411387177
43.54502070593152,40.60064135862372,40.56331021247175,30.939961460340534,893.5087572098777,949.500171262889,1990.7685161634977,1996.5915303681966
84.76322649487649,84.70575449421916,94.44633028886534,87.10540677102732,2023.0222897608007,2043.1055713247702,972.3083838294885,2017.8238810718908
83.54476438617287,42.270875990962224,39.964923463833685,89.99198896295596,2012.315969704678,1008.1290292828234,988.2458351411768,990.9697032168815
94.79804790761628,87.09755979507142,45.955164147534475,91.65302859552088,1019.0326381843126,1041.6866883995738,2049.067572346278,1942.2295050498365
91.33529227325015,35.7545829042033,50.948875325413354,50.24619994406399,2043.2009235078624,1959.5740149009762,1034.506895397969,1002.1652265073676
44.26711568614274,90.09550620845697,94.54554591639679,50.19016395840683,1016.0877015847939,1008.2555800847476,1992.1607071945239,1969.5568296252577
93.29110813065323,35.92087478489411,89.20234155165653,45.58188264113221,2002.5228808763575,2002.2349376967675,1971.2464981702185,1033.3897276890405
42.78580456737094,97.68805450573078,89.84342123308228,85.10033893158713,992.837249357769,973.6394127090913,1006.5922563972135,1009.353011361294
41.130843940088155,88.91357570353627,90.07583707352322,86.8070343499526,2009.045514782576,1978.5368028239354,994.2416445566018,2015.0042302119073
47.08135781945467,43.3572364990453,55.93027041186497,43.492639583627394,1037.8830507294401,1009.6841604643027,2044.5681140565869,945.0942209829957
54.02664287056278,90.56990217710253,88.27764606936799,39.766610435472636,1004.1032054139582,2015.343247541022,966.0491028360454,2014.3636540104267
50.959894359193925,97.82478026950633,86.1692147662652,43.27833791441057,1943.900848439931,1987.4393958555936,1078.3218723842672,1054.251875387251
90.06467724810068,95.24885391768008,42.47294665772094,84.14288284571623,991.1869354632955,989.4096781547124,1069.3676791505347,1025.7117576439
43.66006683863445,94.88319252129564,48.103538403765704,90.99508851933084,991.9524492918096,1997.1706073661849,1087.0286859342573,991.3065828362594
43.2671994576298,44.910434752969564,94.6842634559541,85.47944750410026,924.0920426295042,1037.6217405260559,1105.665840865853,1987.7676495769083
44.36182294495528,96.67141388216191,82.15512377601793,93.48628959544038,2009.579823508533,995.5519356966056,1007.032691570593,964.9778797927158
91.34274866904079,84.07410677263834,84.24036545251106,81.03976812164522,1984.545189223706,2000.0825238802613,1032.7906305078918,1015.8988935295729
35.07333963520412,41.28324403453027,93.52890653381687,43.65447751614181,2012.8900336523245,1963.804251710902,1005.3717876944814,1030.9365374153554
96.83315265074553,87.89152443169236,47.69778499757224,92.01404758630113,1997.3508464221754,966.9801789578385,1987.5137697244968,1055.674985015909
90.33502050328092,41.00765666987009,92.91175767695921,47.403272571775545,919.8445116103105,1963.9657698845863,998.6665940798391,2040.2311540234157
45.27132939862598,45.72060704251462,40.85709727879893,44.85677392222915,2009.4711072363898,1036.3155176104701,975.6805085876715,1996.0986524146624
44.32663887459866,48.78644239779071,95.30046511150017,81.50229358185773,894.8278814275727,1939.3185025349221,2026.8528319106913,1994.4699446366692
43.736383407115895,81.47000681924928,98.57353639480493,47.31845607308071,982.6345389211232,980.6531242979386,893.6188778443636,1057.151340804182
42.55275748481695,46.339752321186886,42.93907569447765,48.996164849485965,2005.855129488054,2021.302996441736,2062.6843442991526,1959.7243832176962
81.80398113569385,89.55388932636222,45.20002068324109,47.43294259231572,970.3821244578262,1008.7141406708294,997.6777467591323,2048.270912716997
45.314142443794694,39.601216304807764,42.59610773517719,94.60002424785795,2019.0829818527313,1007.9507979050273,1001.0011504705401,992.8309897880306
45.43778254963965,76.25072034982117,44.00341406467166,51.142188985380386,2011.06422505718,1992.1651178535028,1997.0478866609467,2011.1620333011729
45.62038029659694,46.97510605130485,47.74372807003574,49.012167238161965,978.0174329287713,2001.856974867052,2025.169372287536,947.5129512807245
48.34992792380588,85.09820483021247,78.78154209113684,88.43682462288183,1997.2633829673484,1011.2034911752808,968.0795079111665,958.3214015189574
43.40908525799939,98.56517779421763,86.64888456279897,46.51668584559749,944.0974349204894,987.0657909205585,1031.11648752086,991.143896113219
45.65654053689411,46.04435137928918,87.11177267865564,44.57715777889851,984.1119937525418,2016.2686205138302,1030.1067138710134,1988.8613346641846
83.52475035743842,89.35342531217525,54.264017695531585,44.050841275058175,941.0925675121954,1997.2534526591671,1080.7871819129878,990.6277938309074
97.01054894431883,41.05445089285052,49.96305504029689,48.545378127188656,987.2652350278505,974.0211536543193,1990.6751997264892,989.3678466700019
38.56042911727255,37.62142158284426,46.23732663055743,50.26588407480787,985.1937338370683,997.4773081078615,989.7414773745538,1994.5418425384173
90.91422362307193,39.865922262177975,48.67050003555096,50.6069358714613,1018.9804684542644,2037.6584205794866,2047.3399025697277,2054.14462825855
43.06239490475134,39.639118887403015,86.90941162630723,46.175363265377385,1061.0684374564553,2021.4438106170398,1989.6423203446745,1032.977741613682
43.2184687153474,33.94401537806493,93.08854412781105,45.33405778609246,2049.668551587898,1033.2590570912419,1053.4634622291023,1983.6812942331417
87.25072464643729,90.98175438024371,90.08580617021974,49.17425120358903,985.0147713630847,2024.6822468581893,1036.6003419859799,1057.8861410386644
46.010691598925064,44.74586063158334,41.32509153159203,44.04668556899387,1028.0930529037976,1062.0041848425712,1011.3616029675205,1963.184740813488
86.14014544059489,98.0758071255949,44.08877670301311,38.63378669097149,1044.9594147986159,1982.377247369654,998.7758439430606,961.6806566108517
40.65420959687043,47.58326077116853,49.89379891665443,85.58877743669775,1058.1259727426236,1001.3263057205947,2045.1573848407347,954.5411423010918
42.864334527846694,44.398408216670546,51.3904685072676,45.940648825560544,2026.0737922082944,1970.9534627905443,949.2069253262991,938.1625019809794
86.40433361426726,85.30691916932703,49.73339592000113,45.820513944337954,938.7717573744907,2005.4078933683265,948.556338487432,953.6037375091976
41.19556188163071,95.71143316507128,44.65329572636791,46.466977412073966,944.1593319922074,1075.5737826098002,1066.2293845811978,2008.4217512361165
95.34131264811548,43.17693731431709,42.80370515302633,51.398019310414284,995.2743908239623,1971.8989930352498,2005.4167967044875,973.4355822555256
42.17307822496902,88.81415499647503,46.676629367603375,95.77410549126029,1059.432937676152,1989.641393849862,1985.8392694945649,997.9577953077842
90.13444536105355,45.655768835024304,41.39701478797248,84.68755311475691,1018.0807978260136,2033.789332243465,1952.8113433969513,994.5383586443825
82.38483897463463,89.22249936390168,82.51590239415735,38.17373306297642,981.9664873484248,1978.3615278881548,2007.0122286098463,2018.943264957596
85.68066116838357,45.04080791855755,89.43811967697887,94.14506422194336,1996.8401688673064,2003.0545063057136,966.3251903456595,2005.1921500347758
47.45614271507395,45.6279110388637,94.35683605851493,44.92723783178957,2006.8639287869682,1969.9449637065918,1977.0283280616395,993.4979390504569
84.30436156393606,47.855046259826416,94.23668389308561,45.586209323286695,917.6741006913013,1032.3243049629264,963.796606249233,1009.2038489700313
47.59916355074658,45.13591376012089,79.99821414578915,91.25421453818902,1007.1636505898616,1024.5558814249646,1058.9978183460175,1028.9895277994347
88.95036453126735,91.92096164602638,45.18242961647384,89.83369753485503,1988.1762172925119,1014.4767606143703,1120.1530752302735,2001.2613710768078
91.24020010362375,88.92113522092978,90.04042104545785,43.44380110899851,1001.0775356297149,2004.1827174352395,1057.6386454976891,2001.2181360736558
44.6654782503234,41.4935905244058,93.04419724172025,97.26855602000387,984.5476356018478,2026.6195066703294,1029.026690583792,1980.0420159004352
47.71552901382972,50.86736053050875,42.46052642546721,46.15116912232154,1968.424843263042,1973.6642317248907,1026.7734063403852,2038.1220202670393
49.52480459855959,53.634546027820406,48.43694207910143,84.7560711671211,1989.1147880974725,1975.7583370045513,2014.342711056937,1993.4268207639416
87.32014533466074,41.84695054371056,50.504025533238206,97.3946698759167,1963.6699082272785,983.0848840637335,1040.4441590901474,2036.9587341758609
91.19645441439317,40.70335744065396,100.47172548877163,85.34596095779555,1970.4063979838043,955.5484628312383,1019.823958374838,945.1142067236322
30.050480245511842,89.64557912421166,45.98644886067839,95.7806468836278,997.4785168137157,974.0947773099381,1007.3502983549946,907.0452267534322
90.7106620391571,44.647846222227884,95.34300965314036,41.17199819730231,1992.6949957011002,978.664535382966,991.9323806488492,2036.2876248547243
45.518517601922326,45.581167349829656,42.641143661475766,82.89349851659519,1994.1395449271183,997.9053123932443,1983.5317402166972,981.1539880309358
99.0158873823664,82.35485860570078,89.38672623046267,41.24939994028996,1008.3671573570944,2006.3660497190358,1015.6478794969845,1046.1921943306356
91.05653093449642,39.48585537992405,40.93267290017396,33.057746129212205,1048.017168744588,1054.5921943720841,1024.4415545954753,1974.6490811859235
85.3643820159722,41.736005909269615,46.655581569989444,37.556805365772085,990.6370728088943,1028.5806760963237,975.9708136873974,980.3926949163454
91.99224800707631,49.983667335812925,87.0984344656755,95.44848586412454,961.3456292980261,1031.110349952644,1971.6483628797025,977.1234043962827
41.55724159281766,46.964308576661246,85.26818103137369,96.0762894979195,2003.3857084248893,1062.2737956069457,978.8686336702135,2044.1791994697367
42.49873078580241,95.58040552206113,45.66842679947018,95.43410357529723,1961.2546481998224,1009.2005884310774,1978.2747986441886,2029.5001583344897
80.96659269891565,39.54894311924335,43.77223179697812,45.24342432204591,2017.8279052636713,964.3362432552203,1027.4093193355557,1998.9254805148398
46.776588333952816,39.120440416475056,42.73435165328818,96.95575009634007,2007.832285065663,975.5472194505833,1975.9721608047785,2035.9630284300035
86.11035330815074,39.87319763563458,90.92770615651635,90.51850942928557,2058.615899567484,2017.1928452347217,938.7027828920772,978.37795774902
46.976953512080115,96.76809804961752,52.39824792992349,46.35463098996567,2001.0629382551563,2014.8402958356735,1030.1589004825657,2013.728835815153
88.56059011205704,93.19474111552685,90.81260609409337,49.749056271155396,1960.2736894403422,1076.6264728247556,1975.2003776104232,965.583104734184
53.803802563202666,35.02687037810725,54.52649361573171,84.1638060307113,896.3009671466947,1990.6773350526266,1070.9815195754668,1953.448992987431
45.16244889044973,49.70651666888331,52.403867398609826,52.85516948796895,1978.6504976356637,962.3124170281683,988.0325187857513,977.834403295981
94.44740926465265,87.50470133494926,91.39935799022189,45.967007140372175,1081.174111734519,969.8514510308596,2006.6889415559947,982.5184304761908
49.60062478742673,56.204783959653916,54.677662568662555,54.6241710018664,1977.620841404782,1979.7756801587682,910.1022207819426,1971.5918681041173
50.38061027162053,53.49463479519533,93.2517686408723,53.125565489419714,952.5628743174585,2020.525603764077,997.4788390592614,952.4010049833985
49.818335822624014,87.93682066060003,92.30389621017717,48.04727756327558,1006.2857172907823,2046.7614125745142,1989.5220718886376,1014.4527026226225
84.28291299237655,96.57859811720533,49.07611134684463,97.45714619332513,1973.0427547032534,1998.5060825608384,972.8990284004801,1039.9604896965802
85.36982861351798,56.87447395417047,81.3752482970772,55.230471136669806,1070.324898873413,878.3988833904922,965.2023395159277,1018.9761990842782
50.925830818742,92.24128837828282,42.229725283505516,90.9725590573186,1130.3204351909035,730.8598044987548,1990.4626626033983,987.302534624017
79.9956581415558,98.87920796266573,48.35598354969336,85.53767051775705,2013.062522326747,1994.1209756534136,1999.4890337937522,954.3792483930865
46.437635200032865,81.53243186658877,87.97397412576662,51.94763178220698,1014.3122700187077,1989.9310909814303,1041.4182101107588,841.5900827043083
87.63040554867763,84.2614608228375,96.16951094748538,89.17986734471167,2050.8954477038064,1940.9124280084973,1993.2329732691699,883.2666268661035
90.91901306539098,51.841486398893224,50.82796454265707,47.46826189334633,2033.3542800734447,1960.7356044561245,915.4362910635618,1998.9730297327076
51.657686622852616,51.03197455111801,53.745375881273105,101.34301492062315,2008.5661079382398,1007.1790540110399,1959.5843113792987,1966.6516710193016
45.0209235565067,60.55544605415774,98.03116021282806,97.08097073466298,1997.3084214877447,1085.348178648104,967.3859950002377,2032.7174756817508
80.60346358610708,89.94905884698395,49.719325813905144,97.75803388750379,1963.6294396140186,1071.0211298911518,2050.1567911166844,1067.8823636160278
39.89357099269742,54.28315089192573,85.50217243422745,55.05270848869152,1990.1432917018362,1968.3451793540132,931.9845002577501,2030.1459075489345
34.128669475038144,56.326532631162934,51.08402289724377,83.06957134597586,985.2115134557262,2000.999196704709,2024.1564089007584,2013.9917761575932
90.42625628056904,49.508033734775836,49.00186477286019,90.04106246656819,928.0681304350691,992.0814910811623,1123.6337053194745,1970.5598608767807
56.93410581645401,46.13957263958618,90.16688254465791,89.45437794685189,1030.4042700869588,2011.1061459508696,1065.302277828591,2040.1463587979429
90.93340820462439,94.52095255788868,84.44663574321922,55.19237193627371,1086.9444704016696,967.1133318302141,1979.9030258979856,2008.5581116942753
91.48654456752013,86.06826315359997,87.83471811724473,92.66979334817829,1974.2377565726415,1006.3598803089103,942.0370653907808,1999.359575981015
46.207345953441305,59.0079832487112,46.205340261375554,50.06253352965368,1994.797708529931,1976.3063279557505,909.7310938329388,2043.4153469498983
49.54302796086877,41.349148179989555,84.782012446044,47.66427007672016,971.5733465421558,958.2272299341362,1981.8950472366687,1013.077213590541
56.60160968083852,99.63230917414838,53.25718010652787,45.90109472624572,901.9641696312574,2029.7540951964518,1965.7212088806807,2029.3368727514394
84.41702134781579,46.061768669490576,54.35179147140001,89.89388670532297,1960.6089446849805,1982.1261811403429,972.6369326326849,1947.9453035001884
91.26158032424749,92.79823193883006,89.75425878589778,91.95881424289935,935.5554154979919,1005.108246688178,1967.4066007119507,2011.714740052625
50.00237383057944,94.36734089015991,60.917585994715736,95.4219992300961,941.9725191103707,1074.489101930787,998.4963155361976,2001.2663001909978
86.26764786432585,54.88346371138858,90.80732002605605,53.06320881917546,1991.1320851311943,2052.8942324106656,1001.4085424418187,1010.9418353871732
50.34909667201872,56.84003306612718,58.45480454224035,56.769911812494264,949.6977040855741,1008.1515566471273,1049.9011691368341,1005.2204938261334
42.57662764291692,56.36871953372182,62.17841336688129,93.55032127519753,1990.9777749777677,2013.318682486101,2005.705220245984,995.8612146107189
41.89393802291946,63.88926276400409,90.20689853120552,44.24160607407856,1051.8831841373426,1026.141448767231,1980.905072121121,2001.79468693522
87.08958239389864,58.468197979978456,51.52346892373526,81.54762883447374,1126.9307836686298,1090.8998199882192,1983.3769983104114,1988.0980642679829
94.18153314367854,48.80510297094505,56.716961523657204,51.596080547425046,2030.669317053189,1126.3563922456008,2005.7583889818038,1077.3266523523162
103.07956899785066,84.25028529552749,56.73122766821176,91.70422483506714,2016.181281625106,2034.4838293087082,2016.6105507334,2022.606519065414
93.47011430996768,51.54133709731809,95.2175362160549,88.26237252176888,1033.7881704150554,1055.0139713334434,986.5211105412909,950.4030225346008
46.64683697450849,94.52109738765243,88.4985066455556,98.0817365304875,2011.848149978731,1050.4138453798978,1959.7989693385794,958.4704655153721
54.496456057533784,64.31955667123749,90.84087852374739,54.078514831535145,1023.838232187908,1108.1151650690124,2006.387950420952,1019.9806523967486
80.79284377033403,90.3755944413335,81.13604002936785,58.96134444921287,1099.2236379028348,1134.2323892069203,2000.8538293876152,1999.3758204772303
81.38701551111367,44.665864062616315,92.06507613860549,57.514719524348195,2008.323900297472,2050.527688053885,2023.4088555013273,1978.28621865962
49.15605359347359,65.04971726854141,57.07254862329899,85.33212225057474,1972.3347114753178,908.3606990246535,1028.652472598259,939.0062515484692
87.40895723433795,70.72439743262386,51.5714280951546,83.42987645272656,983.8182821997298,991.216146041304,968.5218998740278,1988.8104007931895
86.58375093141008,53.21269008917357,46.52571815227418,88.92735178658315,1028.5164035559615,2048.963791365487,923.9056785557545,949.1630614740748
44.42707750086502,55.13123902104677,95.02718625136185,86.56284406223395,1072.0478825325304,992.8718211755892,1973.2714538209298,967.3582057959882
41.96049994936878,89.10970372085984,97.77602811600063,41.710358707198715,1036.1270183138936,1973.513481860428,1029.4431622039085,1983.138466595612
40.11348441321026,97.04309539445347,55.24142891120949,44.60087603848322,911.3487057194579,1958.2128230582985,2043.1859160570066,1990.6467567473633
96.13917018719341,90.88011619776998,48.127524127512956,95.22840114392076,1975.4640084153204,938.3744310426971,1999.5878860745363,2010.5589032299376
92.36400073298849,81.95643825382022,47.69112768515562,37.70342111732402,957.2357736233935,1953.8352553591471,1048.5518640195435,941.176768636718
87.53801255313002,87.17166990822359,83.68703974790478,46.57420340973273,2015.5855368836305,1010.5666096071607,2000.0949979318907,1999.9646952260377
90.67163617175831,90.28674027560199,94.02119180116134,54.03500589832157,1094.9237968882317,998.3944394884513,913.4255528796996,930.2910987108738
48.87618063017177,88.45771407388746,92.44836429662936,59.14366515640448,1022.4064994603702,2003.7171178208303,995.0273721651592,917.7554566520033
85.97548027332788,46.45546920260355,46.45291292384313,88.7839219259849,989.093313669988,1120.754895710966,1982.2927642177694,1018.4011440009291
83.37139536984378,43.71608725564032,91.1800713702666,44.10168310576092,1993.6035348912599,990.5241337004521,921.6294179390741,1053.0528615320454
47.00402205690797,82.82892611650132,85.1342207870674,85.99688230596584,1062.3720826118538,1985.1345505993381,969.9253079238107,2015.4675985344015
44.96903740340723,50.60217072291927,93.21256422519825,58.56073396736301,2017.9065100755574,1987.342414428579,1974.8184582324168,970.2393811024577
54.16835815309416,47.02971832886387,52.161365409296124,93.13175827041931,2009.3891584494227,2016.877322260773,1979.6615764568282,2021.5939969842984
87.02107626918408,60.79983457565579,48.46976684329731,87.41217326100156,1008.685424853714,862.726506665869,945.5956106415478,2042.7758703185555
57.08140275378588,63.62763297017867,46.33065987090541,43.69870076786199,1068.602655827318,1965.4702233727278,2007.0127023965501,2054.3963919515622
52.4350726012521,85.63458827326016,51.71151898379614,87.10877108322154,1997.1285158677929,989.7040410989244,1953.2130378561867,964.210705630826
46.59774354210009,57.48684603824367,62.48461422751316,37.70894304032811,1946.6713986996585,966.0042421204827,958.27194735815,1019.923473061921
85.25469193215791,85.198832089069,90.67532159937187,79.7693452556458,2047.5497281460766,2025.2385866171383,945.8874036437527,1073.3427273968418
90.73378937586276,89.44712511559484,88.69578061470074,48.81629672878789,1027.8721856042698,1999.630462475089,948.3218830333924,1065.638116710379
100.11676984339526,55.95434541714247,56.830858579831684,85.62494337235727,974.0135616251225,976.3457218750198,1971.2000109338105,950.5563457146887
45.615022162574235,83.95840333625236,60.80213736277035,50.45066829793352,2001.6769585323193,1992.048661790331,1004.1682443371108,2019.1356030032248
47.322593685666526,85.18916482577684,46.14415762786794,91.1066172167287,945.3866585457217,2025.4963266696561,1971.4631402611312,1996.7964340958458
47.958629522957565,46.11576388198216,40.14408109036006,55.81467312304756,908.1014387884695,2023.4655842100556,2031.1222229050838,968.6020094962124
48.07697114877469,48.487713112906214,43.01620953362218,52.506935787624194,1963.459701057218,1078.733965826541,918.8419208023361,928.4350115176999
88.5127179160069,47.87425688671314,50.443287150747224,46.647607899970495,1100.513126687918,1108.423787556828,1943.9205823817076,2029.7945549663082
50.93655269516998,89.86846127961618,89.67684918300893,50.379352091021204,1087.8323439324643,1995.2260542608526,2008.746593613553,2048.631210654144
88.19309581444521,53.581643165755665,88.65280037195015,82.79415253288975,1021.9677728229323,2033.9949948093854,2021.8862743471582,1012.1548877626892
46.97565155692866,87.65278520708456,41.56003794422942,50.095516567022905,1987.097952341901,995.9419924494812,2013.23121319853,2048.9625910718064
53.62848066406684,87.63590533379033,43.58709712884834,91.57261219977364,997.6682708305048,1023.5545244241061,2006.3029704398741,983.2846029125271
52.08262308491311,87.78877528474128,47.96149345389978,35.986188606263696,2012.588519379406,1078.2314711889649,2012.2716819466727,974.3714898516015
92.60331626731539,49.06996728532293,55.29744509877216,92.29983456002203,2042.3262366957765,1969.279586323461,1015.0861320732047,966.5819474115949
90.6172608383896,50.860205661572394,89.80439094760041,86.91908822299538,993.2728271169917,2009.3721820630158,1105.6004206987318,925.9700332698217
49.81561048398909,92.03619046129992,54.66360947340333,42.220515879466234,1991.0884805560063,1029.3206528713526,1984.057988161088,2016.132575787657
45.876632417712955,91.87373225673232,81.32799107067525,38.66463009446747,1007.7776830324115,1998.3274754719487,1012.6580063169492,2004.0689767075091
89.11351328112262,45.06432059384104,93.46036332187688,89.82485582590542,1060.7742557563668,939.2964139147773,942.8034863697226,929.9565610102109
45.2958285230079,84.96612217311196,55.34497203434148,91.42514530109105,1009.438576086382,2006.3729003317806,916.368985424127,908.6776288768713
101.13744190357791,51.08194929758734,93.50701065005617,47.68353252055073,1993.538178111488,914.6653024982807,1970.6822304263806,949.2766665171004
49.86925551164734,82.43736402931162,47.773578045662575,81.71845016148633,1040.8702358118576,956.1533094920674,998.7590319879554,1009.6935202405004
53.35678133811558,89.55779290798304,32.2102484343342,54.07708076548061,2011.1957970108565,1050.7289734506996,2025.6244639492486,995.7541536100773
92.56121991002678,89.82898136539316,46.55414866331242,88.79958862681057,1989.04593522269,858.8753986998483,1948.8647810074895,1020.887623712885
44.4656430703701,102.35249329725022,95.77839104922187,33.7891104660644,1964.458726517707,871.6971402144865,1007.3401024938914,1961.490258395993
48.525424667762024,48.59754632756848,49.70768125324629,38.598290201564225,1943.2900463544552,1991.828300562142,1990.8194169866902,897.361640657424
86.49025629610709,82.11556368015347,53.85790015712011,51.591472359688666,1005.4087839174975,1034.327125991044,2023.9966404518975,2011.8536501519097
52.58089835985822,44.57500023175416,94.34859750085177,47.37772887498467,2001.4055559156782,1048.740754150811,940.2503549953547,1035.0382524875567
90.5006101736273,94.54778785699881,91.32725677946918,91.21548209115271,1063.5246065318813,968.638968266639,942.7564876596366,1002.7073232169803
47.16021333961355,55.32079409779254,46.87278992325648,52.03611750161245,1988.3519672232155,925.587490609096,945.1789682098013,1030.3827000898991
48.600144768612324,93.41966734358783,52.66827552984903,85.7347420220801,1027.0783000508336,875.819050818845,1941.4078135533787,2004.3401479443617
46.92595686446968,51.1224456362691,98.40810136786288,53.855530052831966,1990.2859160646542,1964.2938626704708,1992.3030440959294,1939.2278497294442
100.98397905517405,53.658367440689474,47.839639866090366,78.97354072865132,935.0366064914683,1080.4895873902144,883.9427125569729,962.3024147111988
95.01797754110379,85.51113677105157,46.53962052780713,54.79273219892053,1957.4350122073424,966.5603797812868,1947.3022152850817,1038.7189033713153
