TempSensor0,TempSensor1,TempSensor2,TempSensor3,VibraSensor0,VibraSensor1,VibraSensor2,VibraSensor3
81.083796910182,94.46458101679042,45.36216012113531,85.86270475308366,2035.0787958760243,1014.4656869112654,994.0033449991325,2034.5157448312127
92.62572334956025,39.887751960389686,43.2595584078734,35.55339297860632,1008.3054523390185,1010.5565771531054,1037.5440102839586,1004.4495663898939
92.48452066228333,98.1992144760107,43.874342274747036,100.0648648845845,2024.7589666525096,1016.9928508340498,1042.7315258160957,1991.7833920239555
45.57315273135647,35.22569656166314,41.23506229370113,39.9030021540529,1007.9527447286569,1003.1949700306392,2017.260615264611,961.7906016600575
84.26731864569213,36.698275555459084,42.10500422196965,81.58727701794409,997.5629087198736,1984.9678442546326,1995.8076021474847,966.9976362583341
37.30132253553242,41.01246594323431,42.24634497431553,93.95448475701575,972.1107896387704,2018.9253666551663,1937.504436094589,2004.1490230983588
93.84205131556425,91.24320140158838,38.99515078254883,96.29827881514424,1973.338215072119,2024.5030700321074,1987.6366439899116,1977.1674560529034
87.935393669177,47.33772998141221,86.6270071092722,34.31470234284977,2006.7158888528195,1971.3578134157012,1010.059699508753,2016.2283903269745
39.26821826318988,91.36970289300449,93.2545230732744,81.65082318044257,1999.6086605782718,1004.5127063820203,1011.5088518166956,2018.3542464493403
40.49189736805482,37.506273553221966,92.14993682134939,83.07095619993007,1994.0623002377217,1014.7581676338584,2006.48463393834,1994.4231218146808
78.7914271363995,92.16706377607568,95.50278348243612,84.6044537739593,980.3050319036793,971.6759760029943,1960.821148742424,1955.1251649108174
89.45995555464414,36.96962765223584,86.3209524891766,85.14351737371159,1974.8256447942163,958.5201827906141,995.7673532491483,1995.1953364072733
99.43192225721452,41.45714896827361,95.53663771655415,92.60956359463174,982.0567895018576,1002.632024596423,1988.502017635636,999.3616223697632
42.81790521340631,41.943845419728646,95.69094888215457,93.62856803209701,1997.572267046801,990.2657018141433,1988.5070507251476,1918.7602481351673
43.33542121381648,77.9522352420559,44.901346908545776,33.80360512143989,2016.0541005130533,999.7710691494162,1991.2677533541546,1008.4917310305402
90.18221837352696,89.32283897584615,34.3771611492836,37.153075983600985,1984.2117081517213,1965.8299706452387,1989.1693900855107,998.69747719356
39.11952804884919,96.67219796337476,37.240921378945444,85.68372318616717,1011.8416186621903,1999.9793622504594,2049.177442165667,1992.372985739132
89.7636571728268,44.44930080783459,93.45101648600718,88.62046430860724,1012.6393226651164,1969.6991830657128,2076.5050985433536,2016.5051003684632
84.28776201536199,96.86658681894221,92.61201677725568,36.301252561772415,1005.630820762572,1026.615919193428,1989.5738620835416,2049.303249108337
91.18419058503443,35.55800766206755,86.27573016679955,34.77704542736414,2018.0969712935105,1015.0331970102787,1003.5792729500728,1956.2558846804864
90.8371182310444,85.14866471543426,88.59938059326318,93.62165867961984,981.2871763210097,2031.1418590954606,1028.2827129692644,2013.5649801939883
42.19496277330563,95.57764679669265,95.88972829457802,39.26825309852333,2000.0847785048513,985.2740412007959,2023.596635150185,2055.244886112459
90.1275308314323,85.25088806450457,40.12397067235889,39.22834441988379,1966.3094657388028,2030.5458326914725,1979.111594356978,2046.4080461489032
93.76452795851755,96.39983655193971,40.25831752931339,37.37699176441083,1965.6219313801082,2030.123663175529,2020.5964619205515,2008.6243266556664
42.00720304123104,83.27824951977422,41.93465677323473,34.896344321782394,2008.724624872988,987.0211321164334,2020.683633156722,1014.5722231696648
95.84992350022256,99.2198749930317,88.40873348430873,88.48751089619464,991.7668787840935,1004.8095012990896,1001.8791074084426,1010.5110898485348
88.82549438534998,89.01932489152449,42.91474399249178,89.33514830379345,1956.538920407314,1965.069493571184,1994.347912385859,995.9943387049304
35.18144763688832,41.61853432529836,44.455521632569585,91.43287365799138,999.1991448261422,1040.4480342905858,1997.594324626369,2013.628277707279
82.1631784738665,90.1269446730176,86.3978178752143,97.60254290564536,988.6093674570584,1043.4729712943827,2060.193163160078,1973.7297782340424
89.54282267716407,46.115013544631424,96.5938016969638,99.55699366094673,2012.016771335438,1025.8919105013188,1015.3090492731197,2041.6328222097832
40.43734026900465,82.246918299682,95.87176171835199,88.89993441920957,964.0663680553671,1008.4532309834423,1983.7867925741475,2024.0623746424233
101.40977260748993,94.92413557761311,40.13103858885852,36.186563970255825,1979.354511060546,1010.3697594402136,1979.5981287310965,2011.5651555599763
93.28141682849834,42.69258177216483,40.45966868170851,35.92494384696631,994.8879023717548,1010.4017158031756,975.1318786221167,1995.9122856460685
81.06717021193893,95.27347107341953,83.50209217413972,36.55905633330501,2011.7227568222127,2053.0473971328347,2000.3659778580222,1024.3798203659376
39.53321656829091,101.51869214811393,81.98859090749988,86.69316106196403,2017.9464825389418,1003.0863429100693,980.439866828894,1029.741559873205
41.92950047523213,94.12846361220255,82.46072763704574,90.45722499630627,994.6386395666207,2058.544736662392,989.0590214944546,1005.6239286988971
85.79547933334675,88.10014967366163,91.8556933552161,38.35358445722143,995.374672490891,1959.8343328861517,999.1860729993791,2001.013890812672
88.38480028572144,36.190665559091585,95.45456384908711,37.3244230377784,1995.6082150662712,1975.1400968016328,2051.8729532980838,1995.6876059350216
95.17816911082113,80.40245944818159,91.21719591162605,87.98574728124896,981.0829249390268,2002.393488589488,1949.858600816731,2007.790949142479
38.58471606088102,40.70143559694101,38.08042856545228,41.8605726174889,982.4716426826978,2008.5918152887793,1985.2782212835896,1973.7462362149417
94.05270956247396,89.82288085348364,91.48193128425365,40.40756353373993,2050.7784066292775,980.2199363163711,981.2210705149655,2029.7982780566474
98.24116120713971,39.19878844777209,88.54556785124342,36.642365839761695,1007.4913924305648,2075.978898314868,1999.4667272610081,2003.8649098955843
84.72659595057888,91.11709965311846,41.56659353602453,35.72432852782896,1986.089282311138,1940.6516428601635,1005.219104062247,972.463208688415
29.720557986428023,90.02837672064429,90.75037799007892,84.36069997850893,988.0539248380705,2028.730004358624,1968.83179186387,970.1027788476893
28.611161599984037,100.13250395029847,104.25594232450342,93.94110519810638,1007.5639535243695,1997.3224283625038,1035.2729884210476,961.0398830435389
35.2884088844599,43.56249900476945,87.28398064437096,90.54206685160733,2015.3993321979756,981.4127180093014,2013.1867613861932,2018.3828432703358
41.795077628204666,92.49296350767533,86.22701870193373,33.10762199324157,1947.4999602165506,996.5632847411778,1009.8675455812031,1998.159285501833
46.277910010396695,41.003016341505514,41.7469403371784,35.74477453479116,2012.9025270285854,997.2337244985918,2034.7432392276366,2032.3111740427335
44.5744437163673,93.07208741696522,90.24429682811662,35.837219044464334,2053.528759209949,2053.7347679224913,988.0836629734576,1036.39769815287
86.74216433372646,87.13905199142093,39.909263273585864,36.154890937150974,1008.0897965238765,2010.6595322764151,2004.2069196678128,1926.7010757314076
42.72811594066552,39.32569662887923,84.53551009307769,36.365107659036724,2040.91386864521,974.5751296345948,2007.1488892311313,2031.2186063449549
39.07918997520868,86.46432345594569,94.23419791843588,86.9164275948784,1973.886259770939,1003.0294970682941,2031.4992347107332,2020.8924675748829
83.73950376550751,83.45546184707666,94.05907990486027,37.26976741983539,1945.2758386918226,2007.7347770618826,997.6124030706924,2056.5628174467324
39.75902107468865,39.508111550815585,94.39582139941409,34.14403893672453,1022.5796297426905,987.5657544344535,1015.0768772637423,2071.044020292488
42.57979359328219,86.35849684417381,92.86834593932055,38.58904752485023,999.6906195760109,994.1869033702371,1970.743780294262,2029.7260531959348
91.44747223068215,38.85839295631484,92.39704001068439,97.06324611106072,2052.411423615731,2000.0035847108377,1978.9445440934437,2016.133428911859
35.31530762943549,82.08169668628159,35.993187965951805,86.18739555948291,2001.80754408446,1993.6385150562758,1988.461666946612,2014.9099991824194
96.1714944654911,91.84385241226573,40.582775380313706,83.83490077779015,1988.026207253545,997.1136502106025,966.2253665570502,1969.7475833020337
37.243964425395134,37.73493093598833,101.85231749073401,90.40822674900227,1005.8186003778574,2019.722933201519,980.2321037509557,986.8281282383202
83.61117738784651,35.18522801735717,83.0251834481225,38.397630996360434,989.1999132847467,1985.2394499437949,1971.029742188767,984.7820126842311
92.33275336545056,38.59892151432692,87.51998343016591,36.257152389411374,2042.0860807164943,1914.1941122727553,997.4063624425469,2018.1615974139738
90.8219612170079,94.03681703547676,91.64373530737274,88.82325578168357,2023.1623343523388,1997.6985240614256,1044.845734350998,1979.641841639824
87.8008084523174,39.87453705441331,93.65995694061068,88.50099111848927,1984.5139970178516,1025.8826390291824,1973.4938291637934,973.5946516659783
89.34591391575798,35.03557528484353,101.53586363175913,88.14228932330195,1019.9322637382197,2000.1450058079306,987.0810085619876,1982.01224817544
86.45050063058342,37.049181280136025,39.3562663509708,33.90971487481249,1998.4827649715526,1996.6392125053837,2057.106663641902,2004.0662721109356
42.138597605571576,39.2974939790645,38.71073388466934,83.03640563498037,1019.7428762265379,2000.9602618579893,2002.7689516754792,1045.5489576006512
40.9830133833646,91.67613740471164,87.30014521696746,86.3182966933108,1019.9429502617708,2026.083810371385,1063.0886438901314,2042.7953743638104
84.65328538441439,39.322719321008584,38.39672578088959,86.25385924860728,1003.4533726428106,955.8947877757053,1006.727818264799,1994.2814708515846
35.44998484687076,38.174874787359,91.1699642110815,92.64919256904598,1995.7055446800343,975.6025573674542,1994.9947498315057,2001.1983568470416
99.20170398178401,92.59867934404537,41.8085260263821,88.16990919653075,1007.8909999859227,1002.9794930546631,953.0878985383724,1963.4027084166767
91.19736934721047,38.12952827068265,40.71229209276897,97.80315323699125,997.3062883091842,993.4310629251235,1992.9857413556012,2010.0394510730073
44.062690510967116,89.35601955975513,38.222205687577215,37.99304091579306,1988.3273168057708,2000.9102499898652,1005.1204986467218,2047.2695706928616
95.97005485030097,88.82679482378063,92.9648870172596,39.584163717069266,987.9914028275143,1022.9091281882311,2013.759422063108,999.9912758569765
91.35241115326879,39.842995346075114,96.34537100908182,93.8696993519653,1009.2877627508087,1031.8456178179745,991.3089056604028,1952.2693980103102
92.15331601893381,85.31350787080629,97.85256638859416,38.77597678093444,1953.3179454894507,999.8231202446591,2035.5492340041321,998.6475681734671
38.34337650337021,40.53487005119025,87.1690053773352,88.91340970623038,2002.4345627850332,1003.8056272000504,1983.8318179030853,1986.9861899199202
36.514315815285286,36.69895483214388,91.49062797790303,36.40538638076639,996.8716992511186,1019.293709338322,1994.4768980331264,2010.2624710016423
82.86121843417918,39.57533650557587,93.80552491788015,40.880228270424084,2008.160864880092,1993.3962945306243,2029.96901626831,997.2741645146782
80.63365867398477,87.60779830200175,88.06808166746843,98.76649439284586,991.2345980413231,1999.8122054419998,2038.1381308948646,992.0748681671939
99.21897585895564,90.84900964093856,81.17328965863791,37.23867710738545,1917.1221061544102,1984.496846281694,970.5458792278632,996.4065848105068
90.66203224604735,97.57846815704458,93.62256856034622,86.80154090423248,2007.3004080819833,1999.9140658680205,2004.4804689380608,2018.2499850147256
94.51954671556366,92.77005282484146,86.91413487995933,88.65059576180836,1014.6391774236938,1970.8930544655366,2003.1666122737715,1988.1033075252265
89.0028135275984,93.09372174244842,40.2611334461657,37.478002029739926,1996.4579577165864,1987.6546061988317,996.813208529944,1005.8921442794923
90.59294882988318,90.32573647127195,39.22155557467329,91.98003700023848,990.1687182859578,2017.1431242514157,1986.2880030117146,2001.4241823684267
82.13905033108482,90.02023346597514,94.68381803014627,89.9823041096676,1990.6980485493891,1035.0284683276423,982.2076263128631,1006.246015387595
91.0463721032837,88.04934392014303,39.436209359893624,97.2101032619343,2039.2525167703666,2015.5242687173384,2037.6268690702518,1984.5455081636958
90.9523492533529,44.1669237852963,85.94822418651222,97.96752840505148,999.1914810068135,2030.4451614864943,1994.0677300278185,1995.7355914049303
87.76133449461948,98.51014813831475,39.04522903302997,89.73236521059101,1014.8018315329208,990.9820405444545,983.3780523849773,1978.3224787883676
93.62809601463371,87.3476613937637,40.041405253595535,84.38360258831963,1943.1537637668991,983.7840205633267,2011.1438765053342,2000.393820277471
83.25805184891826,77.80450490300595,40.329189329619794,92.6142571847097,1974.2392257225763,2015.5170149531011,960.9873702877578,2010.2084076524852
92.53839172834934,91.6157649742839,93.55810143784674,83.64617872265777,1992.197791094631,2003.8126709755613,2065.2493861061153,2023.1590098829088
92.28923623160614,38.4765624556707,87.50547785861482,94.06271827442407,1010.9392352930263,1021.7695565726772,1007.4855194135233,989.302489596598
94.04129302238894,41.469025624968026,40.695625365760066,34.10329575850155,1997.661295600364,979.560801676281,1013.1017955895869,2012.409937565264
37.08575366084793,85.68229147268201,91.3700852112522,87.98618649756752,1014.7268370261897,1996.9089612974421,1984.7149507260872,1019.1690530471022
36.43034377076694,39.60290900958853,39.42750597461249,93.51052393605092,993.5946085138864,2013.3742679134286,992.7783878821122,2015.6395480222045
85.81446721435154,85.46066447297343,101.22090390729895,89.7206979784551,1937.7500231821243,1995.127995437886,1016.1842756914989,1005.8382517500049
36.25874744930488,36.123472543776735,41.69856701516123,77.12543570235528,1972.4960572627479,2031.8978702309714,2004.6689839048877,1006.1054100879282
37.149396251742225,39.41508440357556,90.06827349072232,91.49057799595123,975.622758321862,2004.1257038649073,1949.681471167088,2033.1700837975013
35.09578198046561,40.73370159994551,38.16663985158645,99.70308328741551,993.5202947703563,990.5871093562901,1995.4625199501484,1990.472313363336
91.67849011817512,87.5533594043775,39.63158104758473,91.89105206728496,990.5134124075701,998.084288883328,968.0062992337796,1996.2909779750337
89.72753170334816,97.01701228505023,91.89722406854573,33.462967400076316,1991.1207086052211,1923.7726881179362,958.125114993901,970.4065120750467
38.805457187633124,37.232730027676254,87.86494107756867,89.93878058933876,1017.4684706663368,974.537256338808,1996.2610842504514,1005.9719319321373
37.572685584111824,91.84359869402296,40.50421959585907,36.695032677082814,1003.3758558377344,2051.8696667359936,1014.3641564638588,1983.7435748528558
94.80263664166698,89.16028392317158,40.488833219872916,36.78157402029582,1971.573588648762,1986.349814556605,1016.0774858236191,1005.0864216334046
46.48108333994105,86.62576197092287,40.4353919787441,83.77965961668498,994.1552324250822,1012.5756816214948,999.9330796521898,1991.8296646578997
49.3440937345463,96.02245141449387,88.21899071073274,87.13193432507187,998.1658216397791,2005.2433686048364,1999.5582902551944,1013.4227505627296
41.64091444378509,43.38267617945847,43.499616588667784,101.24474701525818,1004.401210853912,1984.090858621479,1038.7611772448543,2012.8877634393625
92.29699017414232,79.81006601229983,81.35804919373635,36.98739390589897,2002.16755680358,1041.5034872511392,2091.5825074441523,986.3702087077095
76.03800522166912,84.15044931251143,43.87305274675131,89.04583739509255,1995.7041585693219,2031.2487860522301,2018.170817013331,2001.8233057268408
79.4595460331089,36.82304063685824,98.80475121431121,32.60180097697392,1967.2986658316518,999.8415510466896,2011.2268674698064,2048.4996877867698
44.270018627535265,92.85342540293256,89.16292759540573,35.347280155920316,993.1625944965465,1927.9246971797936,2053.9341894020163,1006.6092399221761
92.5218241587345,98.70307693894841,86.2686203420097,80.11455569457421,994.77407450848,1017.803076466503,948.4402957356458,1983.7529477374676
88.27582123615348,98.98429456324376,95.25079788364314,35.14901993502974,998.7342221873107,1005.9886943820675,2011.523605837289,2015.2255081934734
85.68793950346084,93.17786145213377,83.81153637019091,36.92059639140993,1962.0499451976582,2007.9934475449638,2003.177124767909,2043.2229649126946
90.93615745111711,84.69363284901556,81.8880774674584,38.59806569349509,990.7093607908125,1017.9738297998135,2014.043952441567,1928.226499771608
79.22485675148246,94.89038576564334,84.33574571171398,38.43006045586499,995.9278353087788,2011.7789331119957,1988.4003340901795,978.0464162642104
38.468037846051224,92.97061230514007,88.21507333564196,40.62255693442496,1004.9978928297147,1063.982399383478,1039.6058023609837,983.0659982806532
96.42010934527312,39.894311709286086,37.70801398224968,88.77973823168153,997.3060029801511,2019.778694962262,1043.4911662505656,1015.1718090615661
87.55334229924593,37.51611165392153,86.96163729704067,83.5251283687636,1986.1106715665592,971.4202412084371,1033.528339829704,2013.470329147793
80.47421039817434,38.52567206000695,95.43922844159843,90.31596300452094,967.862050610378,1947.6161223602849,1006.5265745372064,1992.3400788269005
88.60254275134673,86.07896144551268,39.868303093393024,38.67433690696859,1965.3171396106407,1965.09126957324,997.476287646771,1016.8489246870342
37.94147783234867,39.768806336124335,79.1658898638799,35.513377266573826,1973.9081877559959,1983.403973865195,1011.0797674783196,994.1974314152726
83.19541419921737,80.22638644268015,83.21193272463972,32.03958214072382,2005.0702838447353,1012.6704905900516,1985.1621270481496,994.4494843747441
35.08599349365984,37.35328527043677,88.23761135891633,32.077495801336035,2037.226083882669,1014.8677320604884,1995.8554440945547,1984.7375290548673
86.22912237232465,38.67380749876577,92.20462762866278,96.12095177991024,988.7249576784604,2003.88254679169,995.8721431243803,2013.828489174438
88.4850450759887,90.44320487343488,34.61493786676715,36.0022035781122,982.2349670876479,2009.8407036784213,2001.9155601841521,2051.644661908052
38.004799720791524,36.928582271283844,37.01477283928217,89.91551745463569,998.1855043535377,1056.127902166475,993.1361121261596,2012.3312581224322
87.76890846014922,36.75331546115877,89.60876778706142,88.66976451161933,1007.2948237628764,1984.767870789459,1945.5149869939878,2006.4939135343295
86.76095107512727,42.167088584599284,40.618205412413076,37.829945891260195,1006.0456179088611,2024.6285352336579,2006.0221810612677,976.5003448674704
37.2200499934863,41.175025650154055,89.22677449824373,35.92792015989633,1972.8222724523382,994.8301759237193,1974.3546901992381,2013.234416165617
86.68651797438307,38.223496133101435,96.26158337879397,37.06099312837067,2023.612555887424,988.5815550580941,961.4843671275905,1038.0889542009927
42.141701521427414,79.96373337036214,43.10110484390495,37.08180479842203,2066.3677288675653,975.8339622127738,2009.476193279374,1015.0192915472351
87.89271898143058,38.38128771298368,93.55214507430105,36.401013343139965,986.6858519810708,1975.229765176443,2025.696363004065,983.3202473556623
90.86530836903778,93.1248759437335,88.32313309126086,39.40027418832226,994.6125321145338,1003.6513013055685,1035.8115737403446,1985.679375362551
41.22557901406956,88.66118499428143,82.66792910046055,88.79588875482052,1004.2943406128746,2024.771162569518,1022.0968022025212,2019.870196050577
103.74900896253878,96.67860718587008,83.46965561441233,31.800008266272588,1013.7754315859281,2019.819458635503,1981.8028365060582,1001.4454149609577
39.38234743629383,86.22991492324779,90.33915779349657,34.41428943670755,1018.053018733858,1004.092993149404,995.0503301497929,2001.4782336064336
92.38782973487265,92.5700160332794,39.07413408842402,37.108336291162644,1961.2851534316408,1974.8520842262974,2027.7624049630072,1999.457480022947
87.64217391314081,93.91297447617562,88.81705875798703,85.5763045864713,2009.1743821285652,976.6404591926444,993.8676892651371,989.7730289987333
91.63100482726945,91.89700057053466,39.173750172861034,85.78005208004546,1029.8735754365646,1968.6770186448236,2041.6901944489466,1954.95400060056
81.55014359218909,94.09733189126842,40.09602492264619,82.4277696901448,2004.847340099213,2008.6769541364092,1983.416122229231,994.42657418913
41.84151195961314,35.45724882773142,42.565985536729016,87.60066247763852,2019.5436598889796,1982.1177925960235,1004.2029723886619,2001.4214573858915
41.384414929358776,93.38256580794815,40.14603686156262,40.58565762067549,1928.5155262973797,1932.638183153412,1994.405409026328,1008.7425723166839
84.76380365498026,93.25120112731314,105.38236498151105,92.34109755635639,1980.86267015221,981.0754702063522,2020.0857860640685,2003.142969458611
86.48359457194657,40.33775574721326,40.57082890386287,82.1672565743545,996.4037804517349,2056.3557223278517,967.9044538371372,1006.8002172153638
81.18566494763418,91.17078168731109,94.37503922257116,89.01946559759544,1007.2451918459526,1963.4170050335174,974.7874495445428,1963.8254523796659
44.16213621524358,85.19882506632003,37.79606545132927,39.218562052222524,2007.6516536447214,2002.1993283159272,1022.5937584275857,1003.1879260984022
89.68877162650624,92.87574113865854,86.0384673446657,41.81934406470176,2039.023711090855,2032.9654317830764,1995.7672688438429,996.5066643808186
87.63247340965474,91.03453962408817,82.35487226157431,95.28283292713422,2031.8907510797342,997.9950493655333,1014.7271270264939,971.3013092147214
85.21356056104752,90.27949748684792,40.88562612619283,37.52965056709863,2039.5721041280535,2045.1157352600935,2009.6665858774631,986.3847616727408
44.498879737853414,37.48251110315972,87.61447648347986,36.204606767669446,2005.4414208632825,1992.2681809483745,2030.8396749004246,2006.5216513181692
43.30993859522147,95.21708651078191,88.80996656689442,38.566511518467934,2007.070589014094,1003.0736189520052,1970.6755995805754,2069.671882099108
100.9426901048375,92.51250185320535,91.25515900109127,86.10169412640914,2064.133145947421,1026.5007699140756,2031.1226120219508,1985.6743963957217
93.01393048450754,36.611491925432176,86.87785561493594,88.87750657292325,2000.4375100330074,1984.7011617178525,970.0697159508279,1004.4650718786781
96.21240357261415,98.10036911116444,41.1402823068843,35.69701923524633,994.9129187893266,2006.9544256801066,969.7973475637295,985.3846271285456
39.862353503226714,83.65641107003944,86.07270796077427,80.8694953676832,1972.6843377581317,2009.8929545964868,1982.6528873875889,2022.3484207274687
88.61144747798389,38.77137990227767,38.469261882577975,39.190346519107436,2005.5579629724427,2013.171943639178,2019.156260113458,1002.5822767929645
36.92365687332271,94.4818139620078,90.38166189239968,90.80356054218748,1004.239141464298,981.5957459773601,1001.4865200561421,1990.9152331260002
88.67656783897425,75.36566827876561,97.24334090958041,88.17178183801236,1986.2541232645015,2024.7679909247877,2048.971557401796,1983.3166822181524
35.97224134012941,39.22823450111558,96.28045905437293,91.36865007611866,1025.4560085232283,995.4794273554164,2009.4659486567455,993.3675574399657
35.76386038891008,92.2375070496277,42.48996393131086,82.21475548364432,1997.952128314377,1986.944531662561,1013.2230494381489,2018.6708812645566
92.12702911964095,87.45294550936464,93.11007694896499,90.0653593944145,1998.5649186876635,1926.9369985660833,2005.3943369801486,963.1572251257096
35.07040611771503,41.29533360092759,94.53357562219941,88.16752507492173,1973.795105641927,961.7273211034972,991.0911044353725,1026.6258256734495
36.75634891177272,95.54606641243655,88.52883911356109,39.216293901967006,2001.66519408832,1004.0823160642434,1964.4009477606546,1976.8941699130828
96.21766256592161,81.5414251665121,41.697492835678716,90.8788316955318,1009.334715278447,1997.2003831127795,1999.2136724866502,2022.6407557043399
92.50298556251121,92.01960914504453,35.02913982658466,40.43536780017934,1011.4334578539899,991.4469220979486,1991.0986278115863,2026.188689923514
83.09482504810056,34.807189344892,34.574658670679284,89.40780145448785,1966.7325993386844,2019.2494059218457,1985.252966298552,1984.25477985354
93.82134211989735,81.92048394481085,89.11890737069295,85.15068924645159,1960.4110961946258,972.629154753519,2052.985068984469,1017.3613718023232
89.58769612943294,87.13331745501662,40.081596326192255,85.66197915011483,2049.4537272023645,1998.407526399708,965.3992646422982,1981.3462071728986
86.31166014335437,82.957441147524,39.05819229238011,90.74696540430254,986.1409711736441,983.2605599478288,996.1751643320115,988.0274296200184
99.87859419734013,38.38000154663708,37.32507517628362,89.38929588865926,2004.1590846955967,1979.1988755098976,1970.946206200278,950.7770040998953
84.45751972988988,87.8028428724119,95.2060208071767,38.591787028831,984.4160398192919,1028.6133812058554,1996.6194757242492,2011.6120404035935
80.79063453287866,84.13594415539222,41.862202784998146,37.53442640311033,2007.4591865832426,1005.273133486385,2005.518393672848,1975.3494446277539
36.522030121465676,80.14628774456986,42.46248659543723,36.967740764695634,1966.3345075622008,2023.272557299686,2014.873408660097,2024.5236560350602
82.25613977542903,86.58704380720371,40.84280026551241,94.87059178903128,2042.070474710001,2021.9468661344824,2005.6528699550902,1000.7037277784473
37.53039424515767,86.62263701415658,42.634614105303456,84.98210684162872,1990.1776320333388,2011.29921714579,2042.7347671131104,1017.1143572886263
86.0768455993334,35.78275799593574,89.86522009989532,90.58153476683056,2008.5295209513463,2020.3020023005938,989.1378092096945,1981.1875220471122
88.85563124858744,37.33020213823831,46.789820023013334,93.54467373001384,976.8973909729503,981.3783755809735,1003.9953760192258,1969.1305048783236
90.91921815193078,93.84012863772963,92.25164392615922,37.04277592225206,981.8888268080789,1002.8929620072228,1983.2529473714924,1985.734020587389
39.0415834331188,37.33365953472891,98.70299265314611,36.588017396687064,2034.5943242885937,1006.1118365401662,1983.1341618554789,2008.1355049313888
91.28916259408561,92.54282320635967,86.23141865456718,83.21868348831205,1983.9286064695123,1014.5953145778328,1980.8179400181878,983.539170536551
42.084330685205316,41.965795500941326,94.1281449844614,96.95280310637027,1998.8539445124957,1974.2050757690192,1958.7194471562736,2007.6324065355632
77.41038856623088,85.50543295490864,103.00139012403496,87.5600529062773,2011.0209673706247,2069.9631059425205,951.7272038836045,1005.5911801456996
91.42891410663646,89.0375997862567,45.11061606961034,95.39350974511669,1983.159936990061,2034.9040854158152,1992.302491536188,2092.1100076628095
38.80985186403925,97.18596684288467,88.39440598344135,99.92022903902755,1984.8889780767881,971.4939581295032,2032.545248386883,1973.7449979215507
98.99426560736482,92.22237301976324,87.13112134760586,94.73126917258804,1982.0386319416175,1022.9105998865838,2004.912114415734,1983.6831063970228
37.3133342663497,86.40111078898566,39.584316138652845,89.457236495904,1016.8765617841894,1987.9722306050783,2031.7097287815452,2043.721167935319
89.37657174264397,89.10636875529042,88.10256322894185,39.694429626903805,2079.0016701900804,1020.6531399539238,985.6603726072537,1000.0399024542714
91.0876023305455,86.614444544315,86.27930490284683,88.64344529826217,1977.9253053875407,1046.6823923512975,991.3140965587871,983.1890194502357
88.73038790180965,89.95038102677617,42.50648062325522,86.1621245874575,982.4230916528174,1020.814320988681,1039.16952798825,2002.1738004188337
79.90913998543412,40.235583365250314,39.941956528550264,96.53453199963172,2015.0608349838128,1963.0090653304185,1055.3931480850256,1963.6540167586068
96.31621916177745,37.839996057389115,41.20075248800349,32.733728609609805,2019.2484134178349,2035.4558851308554,1987.6799382952859,1048.6803572204242
87.90775840857356,36.62384509533205,83.2819421646247,89.29700273168108,996.9392268756784,1997.684039935534,1997.6272948255446,2034.1309774513888
37.01433434027868,94.47994309325966,87.09062490401386,37.36555441680176,1012.6866045904285,1975.3155659218703,1017.0273779852173,1974.2222920540623
96.85293593108501,37.330852865447795,40.68157680381999,37.76367715922374,999.6494465172756,1991.6361198791922,983.7597888603144,1023.3774418719271
94.09875856115355,41.172096064185425,45.2638884545405,81.6211261114406,1016.2799573214252,1976.5275177829826,2006.083702518902,1027.8402010602358
93.24534551386908,42.07799644378673,46.19861185032609,34.44758154168337,1964.2695727790021,996.3299407853176,2052.6100925933292,1975.5226029400446
93.60621863439502,90.00176002507007,43.93919191330903,35.12887594460783,1986.4747726998105,2042.8423706256738,2038.355796490624,1973.3789819663746
92.02770125824263,96.36864350775056,37.28954373146222,35.31387209519037,2007.0686697092885,1985.7381885670302,2001.1008241843967,1947.8955526490188
88.34768501083452,86.2765807726793,35.97187665797428,84.4276229581181,997.6469088232288,1024.5815526149527,1924.672073830853,2034.0134047402976
93.07086620996382,39.1025003828656,100.443428056794,88.52511847968431,1986.3380273027185,1985.868186001771,2011.8596070033625,997.2363684219058
38.10851069616821,83.81558344896612,86.85940578359816,92.13833900912643,1979.1894489941078,2001.2009718586964,1977.3769631138314,1957.6210717263991
89.74379177720701,40.78082261026479,40.578202232109746,94.75066826745294,2070.6223985421025,988.7529691026598,992.3031703234167,2037.4752461966946
37.253070785150825,90.16697728345393,95.20218207487461,37.68312110033778,2027.1258910075694,971.4711794473585,983.9150477579826,1012.4084669044112
35.64888905356078,39.96871161755944,89.04857189629884,41.12016757380973,1927.5730658714656,2003.4531744635487,2001.146782425569,1016.4129538784409
36.26717202098046,39.3837763434673,88.56010447448037,98.3893161428969,1008.7829555506664,1000.8790615478284,2025.6648513481537,1040.8697600063333
89.48597555813782,98.64584667177088,39.3864147748136,92.94394454910166,998.5981840845147,2014.2723077590458,1005.5431233942871,1003.2734258328028
36.78528058593493,85.38747922636382,86.67304026011449,39.89439814134363,1007.669813236425,2042.959975214637,1992.4793006033829,2038.0555740147042
37.005695498055644,87.86985642681975,98.15098484515876,91.67991942113811,1990.4498973479601,980.6311405989737,1953.719603325391,2005.0866480184413
41.12645793416148,80.61023182296874,87.33405771809713,103.83167258938393,977.9873132717739,1982.786075735515,2105.1952037960777,1006.5936655051031
89.73755046066348,95.32593832601081,88.80956215139643,35.45760801389563,997.4157206759339,1009.2380607000839,1988.8982178379151,2014.1167509395596
41.665907451290515,36.75085723094435,87.58734155619737,83.6532372313288,1957.845316627242,1991.8140122819887,2030.544424282953,2018.0292240760464
86.06840914248275,82.40922177803304,90.4033461658868,40.221425173945,2102.5827134227957,1974.9638876411095,976.2369833077157,996.3993839724234
91.88665149435997,40.603978794154095,38.23162882982824,37.53481384838244,985.1423039022274,1001.7262944466077,992.8325882534095,1002.1637882967228
38.177961513781916,37.60257907571706,91.81380714820601,91.032235057258,2016.3462638097324,1999.3374505654176,963.8670434830628,2017.473804701568
96.867786396824,92.66114837841789,43.928444657462784,98.69589365853926,1943.1885333842333,2034.0274180138783,2024.388102320952,2042.5421700994132
39.37599816721399,88.51028734081642,41.230974101027,35.141733213691765,2053.8004171389375,2020.5805416265196,1980.514450632815,998.1691368706161
86.64498624260233,93.99115378446483,42.65566742928294,37.525159192044455,1958.0282313575303,2023.1268395827694,989.6968644562733,1017.2013205971889
37.79567491697843,92.6465986351749,42.83972428625826,97.47975490940455,1972.8136936541339,1042.622911532481,2029.0905455458549,1992.8725438383956
86.96090213816261,30.108517709260223,97.09525831771997,85.35075015905666,2013.7175431588898,1947.9661936167759,992.8510836163218,1977.509605831461
39.26699466702351,86.48482439161566,84.32206430652813,90.84531177186038,1033.0905391856409,2012.4269466682194,1994.2267731355014,1002.6899823599425
38.708446451678384,37.109121978626135,82.93213256977758,84.86529787704862,2019.0607582321286,1997.0731552150153,1966.5703140890996,2025.4748666718026
97.82154442740249,41.23411307808408,42.04644946881561,36.839830099871264,1998.27038712956,1009.1363123022261,998.2264770040911,2013.3531711800586
93.11576166238319,93.98657128639134,96.67173501581699,37.86992521483704,1963.7042345692169,1022.5785304244152,1018.3495539394327,1001.1212837288392
92.41798923979388,94.8369299889143,39.56939113943254,90.68945034457717,1982.4307610797332,1972.4347997200691,2005.5868329407647,1993.4920966703198
92.30335207954344,84.30852189287992,93.6551691631212,81.8870138924463,1992.6821891243712,1975.041101036407,1998.1190140751767,1031.632728624018
39.14893365464947,89.0338500105882,39.87723000958688,40.703160540485655,999.3903162330794,981.3858697483811,988.712779325617,1005.409301094737
86.60193522744113,92.75488805569668,93.59018039345536,92.10009289451594,1958.5393622934266,999.9568243350652,1971.3167273194088,1991.2425311381699
77.44985980918557,81.83630035001414,35.88825236074814,100.63878805942501,991.205162952145,993.1458734758942,984.9117932812856,1995.1237447155413
39.96102432927765,92.69211362023195,90.23587523381472,92.88226302192585,2011.2362276950348,1993.5185383538014,2034.4862198952162,2012.8796226789373
91.57016157713993,87.9785247412358,90.53725359219204,40.67123339647151,977.5370381165554,1033.8097885571437,1992.2570901925756,972.9728603467767
39.3175973050992,39.10897695625583,40.516205056762175,83.80912842139972,987.6983168575921,1988.374989994147,1964.3849271502452,991.4964493369326
88.16087612975355,80.99935011663217,41.33495933127566,93.8998024286414,2001.751232930947,2023.6627764129819,993.8869183776596,998.7290766006788
93.66552119113035,36.084635362697604,86.7750545415078,95.3315759240443,1002.931915990675,1984.399907462476,2011.7768731630704,988.8044232009479
92.34573232130938,85.4480739803209,44.48093860369063,86.0637092896301,1974.4419875128406,1008.1538056234523,996.7241029723277,2008.3062043856717
38.77207960187603,43.268904780408164,87.7466179709289,88.9698287405047,1987.8868688533487,1032.7914962621314,985.7985873751009,1984.0956890912903
38.2392215237811,91.43596575811054,84.58023955398065,96.62229228067079,994.5285847404375,1048.93905095841,2036.6183262436973,1000.4113151875324
37.11757724382599,85.3912035393123,37.26740766210116,86.59671823441516,2010.8639228430527,1994.2770323649067,2044.2732036902737,1971.3620142170887
36.41223370496526,93.71758381074756,37.37011944756732,83.32111606833134,2022.6118032432623,2049.7285290655946,1018.3571332291197,1979.2445972758178
87.28712835910089,81.88654493970415,87.84736718050186,33.61793635790636,989.2885642767601,969.8393721646466,1004.9414487951328,1002.9950359370409
37.696563944832135,37.80091825901842,90.50484348384705,36.84344111642443,2037.7160421586202,1997.561506380276,995.384149586172,1964.2977167665204
35.464839402633196,83.47583775784037,85.74253026459903,86.93291985437757,1958.736873693266,2038.0411223667504,1003.7188395197936,1010.8595590298912
89.42635494635863,91.99078570511924,95.24112290901675,35.71075465583297,2019.074414376676,1946.3557267206677,2024.1432703737255,1969.1909502813228
94.80136545598337,88.99749317149657,40.61149885992478,73.90315147845122,1985.2380249192572,1996.5134379097335,987.8897970241567,1023.2058807599315
83.27822729620426,38.10634697154674,85.5679159714486,87.59609855113509,1985.2567032150441,2016.220419221241,2017.0273379619277,1968.9353785546584
89.45960029882905,93.23046308102849,44.42897887293309,39.7241360348938,994.1185521169702,1993.5077248745238,2054.4997389226155,2004.858807440179
38.104620660090816,41.015261176619866,41.989096508340765,87.6690132921228,1001.8951067429603,1937.5450766799981,2032.0812291235902,1013.3521082929115
84.43558881650806,88.57907662075426,89.51200646952975,89.44837161700349,2008.4260001602872,1976.3901709970696,1984.07629825689,1014.0423135983656
38.10814460156639,38.16629695077387,86.5970362406194,95.561479008411,1954.8151866354497,1976.1386212082907,2004.3675092398305,1972.7755231861877
84.45471528511253,86.71228101358321,89.76383477636293,35.55983081766786,2032.543651980603,2049.9351786650805,2010.5553952557716,990.0971603788862
84.22435607198216,103.80287802238259,41.208207546807316,38.015773890635295,1979.4855278854884,994.2322232366578,2042.7327312156337,2019.6317721525331
85.04608458866869,89.54241973786104,88.92290500678021,90.78426332866964,1996.580429142433,990.6910105581696,1967.1043427015316,1979.6835188314446
39.73729439922365,98.67368822544232,85.1311470745886,35.544103629047825,1008.2658612345526,995.096749347995,1970.1707497094949,1001.6331908515801
40.583314988563075,39.5647058249813,96.76710730028896,36.69812907181963,1011.3455931567128,976.5513883613569,1009.9441714926106,2043.560118270456
38.059965793129265,83.62163205280511,41.165236163722014,37.399598741655694,1999.7032175206582,1978.9048737098453,2025.6421211279887,974.871924379598
38.685250558295124,84.25986148036982,96.15069847521117,97.15187655929265,1968.4991810304796,2009.6848076737826,1987.8158235088852,2012.6628187474876
91.8639804834791,39.30477723154834,39.12793330666881,41.03247087276738,1978.9092068157868,2035.2140656936508,1942.4005981003424,1039.95281903174
87.42551435171481,92.70842361694234,39.76185198061124,97.04757968089336,1009.5689079984127,1961.4324022998799,1966.9177714723223,1031.5523609846682
96.60247396455404,84.32477224454945,40.06263321365573,89.87951431272819,1984.2680122184274,2025.8231043884973,1939.234321567212,2007.7557683488328
99.14570510635141,86.00437676044675,94.16857886408094,85.7118605819925,2040.0281211726628,1957.8351864521553,1962.5190510594416,991.4084986295841
93.82419800101815,41.67201798734234,89.15206805524508,36.85434734336644,1027.7817534858357,1947.3925228045414,1013.7284054132829,976.4475505320386
35.39748062221244,38.88386758127391,43.09147757970872,96.668972220996,1985.7994952037934,1978.868451147414,1012.7185476791462,994.7766335658681
86.2115026922661,38.63540073972975,90.68235849836469,95.68934057509061,1929.606980158239,998.9538368940387,1009.933597281499,1949.7521968883207
36.41593159270518,89.5447620645078,88.03641473967573,85.95458954893502,1993.2629542964496,989.8129070721097,1989.5535689913117,982.535751027742
85.70613024114563,93.04370059585048,39.71884644080698,87.17872597049175,1973.951404034104,1981.8468891384816,1964.4018393589697,1968.439488093852
89.93573765348856,87.68323703623233,81.52534797103885,31.4752205196869,2014.1996744926396,2065.502075382361,1033.0462060390546,1954.016563575304
40.113716284255176,36.64338526868423,44.61947876641273,35.621223300756014,999.6570014786201,1991.2808879283034,2008.1170797362613,1996.0489013781155
81.79858446131786,96.1070779538647,41.874450705211444,88.22476734962416,2029.5665562122404,974.483915895356,2018.420530204777,982.4715291979744
36.428830039865886,95.74176944634111,82.92995360246644,37.65824590833172,2021.8261373950972,1017.5653042410206,1006.0097920101439,987.7758008157984
83.87249126265218,39.329993961500065,89.05332162464931,36.390270338550366,2019.50800131873,1992.6822028524805,2016.6765543155893,2016.4240285526312
87.01044326610469,95.65881135329887,40.48575137400107,35.8075591260788,979.9163747780547,1955.3862357246232,1019.3385786984511,988.0370164242055
89.70230046365948,39.11786958041401,81.18017577970419,92.76463067622977,985.8412580241627,2047.1609697376796,2017.1280797412721,2012.8944746919672
40.30315158341739,97.65071448051013,88.91147474869088,37.7186431253743,2003.7304752773518,1988.6033169515422,2017.2167524154838,1037.0404429252192
88.49612040974698,103.85839698617552,93.97451327016687,80.94336756669531,986.93644129315,2029.5016949463413,1038.2113994642539,1990.5861384202271
77.32419362692957,85.72176737261083,89.82402332559624,101.22101991287927,986.812014006276,979.4618970986651,1960.6964489851855,965.395578409903
91.45867325971012,86.09717627836706,93.83036026412755,91.52885405876592,969.7346116640597,2001.3010226810975,1998.524351881091,1992.96581313616
37.11990458608343,91.32563716603995,39.87485378673797,93.96746296285173,2010.8176515218113,2007.497092247872,2013.6103260339453,1012.0186479848855
40.98801498983755,40.4634240089636,39.54861795074207,35.04105584772431,2042.2959131841972,2037.6857103987243,2013.8104959587363,1000.806382633896
41.73639027074799,86.77795214313771,85.03150755280738,91.31987733580466,1006.4503426334886,996.9289714955191,1972.7084409203217,996.4381741214463
36.74652388089463,39.09148484481908,38.228539682459875,33.53397255590285,1968.1657482160954,1028.9273159037275,2005.846690779827,1977.4176447751654
36.38652719274393,89.20742557561147,40.860853077372,88.34668985181493,2052.709221879354,1015.8600867171012,2002.5593092241018,2005.9398344706335
99.75653801590863,92.70217016015798,38.37475056093909,32.358681877023635,2012.852570258119,2014.297249967002,1017.4399017647495,1019.537258466348
92.27372926297458,37.80288830054875,98.92544203916331,34.87491190826135,988.6175096073778,1978.9828429862275,1997.4043386448504,1044.4403987205637
91.77735769175038,38.388884471927476,89.60871094698905,86.25395342143707,2023.9701444962902,1989.000370399853,2030.4709297275795,1056.1205308790784
85.31568011956148,80.48165634100013,87.65152314687957,35.63053825323728,2026.605960503417,2038.3338364927906,1990.9816994985645,1997.2434934609703
87.02203692669988,81.92966470530594,96.47294981867562,90.95011824536907,1963.179300989493,2010.2811758807034,999.6224952003831,1982.4263350884619
90.88074433064628,37.845909483808626,42.62304504036804,99.11059319820365,2029.2767665770166,989.358710624796,2041.9214730822366,989.7006663719235
86.84907905180441,41.777611381330914,44.179410356561334,35.44354621502532,2008.9881231391803,2058.976755802215,1007.6673472059776,979.056091360853
34.448682486115224,40.86947612263536,85.92396614157741,94.78666008706382,1011.06980771702,2035.355124810565,1002.6115360723592,995.2464666154038
37.84847328242303,89.3051368114469,92.6732199231135,93.66638106111319,2055.024619766396,980.9165053472777,1003.5985716557637,1009.2467510638457
93.48415739420817,89.00236702877265,93.08656133550167,33.59506115049042,1010.4403636446282,975.0969627004039,1942.439819816144,1967.3072254701776
34.95391822689926,91.35874489511093,94.01536959156164,34.390337024249064,2052.6809311967163,1951.6153273812276,998.5389447616749,1951.7600735855274
35.62961217855323,35.622889804468315,38.10344910930189,84.58398837021603,1989.4841318352123,1985.2802798695952,1984.22237688353,993.7424726126275
35.344259346411064,36.41612482093452,37.246439088696945,36.98996186067696,2014.8150313854096,1015.7292098565996,1002.0139972817065,1981.7950101295423
34.951292313299824,36.921435870997854,39.05769524611556,35.487767621489084,2014.9298195332422,2022.241616892061,1971.7599330462126,2023.5981835217583
86.60728396246301,94.98170062158957,39.23409137593673,32.36923049084968,1011.68691190284,1988.9738507836048,1976.3596400920676,1990.9328246828436
87.55313545273049,87.03747086272598,82.98661109586625,87.21380797017152,2041.9206924625748,2005.0536493301242,2013.09838632733,2050.5415430205903
46.15333892422009,42.24851098959917,41.58327682362028,86.20312400274373,2014.3772342478576,1023.5237707456331,2046.8554340653263,1019.2835902673207
101.08809130428874,40.746946769611625,81.05891703700254,82.00070345527851,2009.2462934627044,2003.9245172324836,2019.1533082083047,2009.8270525898831
82.78577587464473,82.64174542342667,43.81079253879603,86.07045996631635,1971.553294149118,1023.5637531897614,1979.7002455227087,1001.1598820697243
38.01704119272623,87.02176610562158,94.14817066961957,34.205596319395255,1974.9963088907107,1011.9208311364811,1977.357436136323,2006.5411307684556
94.56738160932143,38.565208790285695,94.06835465857681,90.15838892180736,1004.011204879358,998.9892431937923,991.9874717269755,2003.5263238137286
91.11420186538642,95.47694766120782,38.40298964007524,35.52702917392601,2017.1824341649922,1953.5914862578315,2035.5410502726152,989.4238417007869
36.10537237922222,91.56939330545876,87.52514877563843,37.73996420745195,1002.8041262559361,1011.5112600917678,961.6874073991711,1019.2642761209813
81.1049789217945,83.84591399528405,44.08467678917205,38.22530056821192,1975.5351510645055,2027.4494222157825,974.6865431930369,1998.8143351917886
35.67660009303165,86.40828654915947,90.16906156877867,92.5765267319648,1974.8693635565646,2034.7355565420974,2000.4179340839607,1003.2825555270128
87.89347142973408,40.230218409428645,39.27743218554441,90.08860620761372,1987.9961600240158,1983.3704342700948,2044.3407440571157,980.0746298022771
91.93296798107251,87.99923224438903,92.9222780712133,90.33244313235983,1980.8543712458647,2002.4825488683036,2057.8970551748193,991.2058765005708
40.562531954418745,41.86779383654394,40.52210754775035,84.0949904249193,2031.0972233432642,1957.2941376972205,2020.1526613543679,2027.3462550598801
94.75191642709282,38.41675964478855,84.15273449368961,88.24936658866623,978.067191007957,1006.234878877728,1990.5825246230424,962.3713577049562
86.55972644299247,86.43708700118484,38.485614509346554,36.60006189063228,1974.2982156845171,979.2838635663854,1983.6673295475873,1971.147106362676
93.76862791385848,39.30546736522474,91.23680332892867,93.54372559257968,1982.6169129822185,974.0170645960438,2012.0534900937039,991.7979973985466
38.62378401684783,39.852270920573915,89.89125471199822,89.12925870336919,970.0976908750868,995.3874824616901,1959.9530399928378,2007.9963714923833
86.26770044283037,36.36702119998276,93.92261043129085,87.28975621050215,989.5047764345277,2046.2170520084421,1031.1469601598014,1982.7828246401562
85.17840442595346,103.98381931758135,39.22670562331752,86.54096638213498,1000.4431501993602,1992.3184101070888,1970.6591109566434,1017.9970214259362
39.40337357725247,84.11773508995635,36.72871015201355,88.74309183867945,988.6614914796294,1994.0784590785704,994.6593436589103,2025.1097773613212
41.71788375695484,37.46375940403935,90.95659187390741,94.09721075130446,2000.1830837759164,1019.519462781492,1971.1702853104282,1007.6404292262341
40.87780258636434,94.15719919094003,86.80798441491608,37.764684058934364,2022.8040428478141,2013.20872480292,968.4211535705024,1976.6104582404778
92.23775203733388,42.9862182376981,86.03429366969716,77.1724874673476,1987.1219064209374,1974.8628909781419,1006.0476276440222,1967.4171543983123
92.18375282827776,88.59329778648781,91.62636979783156,35.83286358023182,2052.556035438213,1946.3771009954355,982.9942523617747,1996.5191680937658
92.66739420120092,37.34450066268065,91.65078784867944,37.41163459478418,1010.7569807286659,994.4097132207726,2029.1630994978452,2029.2514503453815
76.40764911083299,92.59191118494579,93.51209907840237,94.36635897012484,999.4813952087412,999.7139177677711,974.6710775711641,1949.428433899017
90.8821134006048,88.4087338786324,84.0575400530904,36.51028530028873,1991.8872882728303,1973.116456632148,2022.770281039699,1998.0225527443604
37.27381128587569,83.31991996742157,89.53109758472877,100.55342047591483,1000.9621676898205,1936.9542825704864,993.5829502584081,1012.3312862173377
89.20176308146615,38.078737828192544,38.302641173753045,35.591475195891235,1982.8277683405142,1974.2293009958205,989.1217372055617,2011.0364448388525
38.06034254227189,98.34414304763341,96.49114315110121,38.25837057881059,2037.6309191357936,992.4209799244647,978.6804101324469,960.082980368622
31.390023344389796,88.1757252103666,42.89816266212864,39.35889921330178,2023.8045297617703,985.9154845314929,1997.6716283980754,1975.4584863163218
90.64882844026789,80.31277942210156,90.41914908029165,36.94973701145275,2010.783718755942,1982.1233700088096,2015.0003884689302,2005.2420848404265
84.58979551965217,39.93481347110982,40.835971062247644,88.05592300689113,999.9448318452056,1032.4249279404141,963.7529237181651,982.3461264756993
87.07275139168208,85.40178619312348,41.949918080767816,33.74651621335528,1002.3912765571404,1031.4792461229697,992.2419969394637,2026.9469609788966
88.40364375773967,89.64269546694223,89.71157279500581,100.90153061791635,2008.3992579932592,2004.6357057515881,1953.7434750429145,993.6135880871228
40.92708753323901,89.12263889540105,95.83705073104464,91.34427801125159,1014.478830979474,1984.319269560497,1985.661454003864,975.8021520131383
91.43626566022816,88.70690240879667,86.83086177724505,92.86930767034988,1977.3418676293352,1038.170741211419,994.1439731667692,2013.044308406334
85.43472839427525,83.8150993845655,42.88679595812133,90.30036358829064,2018.7770354117918,2037.7896864057693,1015.6785667386903,2015.4457906722623
38.5099398072992,83.3821234199733,85.41995657569973,85.67199368098305,2034.2574192942946,1006.8057979123863,1989.265203204944,990.4024522649653
40.17809123920489,91.703457157524,41.0189421690215,95.13870985092291,2037.711368837229,1957.574418215926,1000.9037496222375,983.8835904224634
95.71577496587341,37.115119173757186,90.14557394426703,34.96595004114269,1997.852666609938,984.4641484397112,2030.4136239292193,1959.3762117891333
83.32676908290699,90.98012672515452,86.55251730869065,93.45350276126041,993.5588482994302,2030.9819700543492,1951.7648319330506,986.988160297828
93.01952911736699,96.66880306536946,40.58166405612867,84.99037087531373,2023.7353361677701,1011.653534950319,1023.8797192594448,2025.639702778237
93.25557879736583,40.274125814512075,37.92787530641384,35.82848404647942,1977.5654177527808,1963.9773975733108,1981.5823861957354,2006.1693347176902
100.96983063564713,88.00800581607403,37.968625514292164,91.15729504355483,2025.1043061629093,1994.6298842738104,2008.88501074736,977.5947046496824
80.49528818999727,83.09582056872694,45.00259628654179,92.53732889435734,1981.966920524397,1948.7078350649742,1016.8809468505783,986.2635387676997
36.71053469634634,37.26040405910664,45.2700246706446,85.72991269798483,2025.8166256989575,1955.2640269732087,2000.9102809536812,2003.2015693309722
86.27016123481468,92.0044045720499,89.61604900644939,99.64364629518282,1023.6619526980603,1996.946361443481,1954.003775015878,2013.4717430777262
37.20938212255354,87.02798830376192,82.43037763171323,38.0146466056308,2008.4588363341747,999.7008179183656,2018.0736773537308,1990.4304843570947
100.50091199032235,37.47247297670405,84.10305736268057,35.4476559803265,2039.2706567549153,1990.5751118016171,1976.6796234250355,1009.5440140037548
38.47751571594205,87.6271001221793,41.88059819826994,36.78899473546723,2013.3325537076757,1996.6943610356777,980.6635781868345,1969.8856643358438
38.64462631353185,41.33322829660031,85.62309712786394,101.74905794181645,1971.3499220760207,2011.2860168005416,2005.9619372173108,1965.6961722694407
98.66227290386644,89.20961407791775,95.11893389199189,80.04919964726481,1951.116898765976,1996.9279643768293,1012.1136893716779,1980.4159060653465
80.37158220939713,82.72034087106638,94.164633890371,81.64482803679888,2012.0612195599272,1982.487120117775,1010.7113347200717,1930.2867106606088
37.22924920086031,88.72926126351845,42.983231627230595,85.5735924021789,1986.1893164063963,2017.5127532274737,1965.1996307191102,1999.2954347855427
38.93323150437776,84.6617664144146,87.05194699405243,95.44650190422504,2055.167039483338,1958.6798933371003,2013.5191665563125,1002.956668263407
86.71942924720743,86.17761700771393,41.4835980418533,35.76269271882406,985.5982149708168,956.3332480185366,981.8425809024098,2042.945759561213
39.126553449178346,88.72052203810193,88.46941828362914,88.7611469557561,1000.4597244398619,969.1741033598653,967.824494895948,989.294483449542
93.15464539731654,38.44132117697998,46.34436582490562,85.52541245786837,1973.5481653478944,1014.5655394260561,1927.277300886738,980.5472914734814
96.2171564786043,86.18446688718105,43.4989131404417,92.35152441881624,1007.4797844927031,1006.5297509632246,1982.6073321444933,2008.0378857128092
40.23473227334829,88.75339672765263,42.24900974020417,35.292437205626456,1007.2915339565578,1986.6197237559213,2019.446418261253,1974.1496078156467
87.73648771465193,94.27420349294327,86.888778296934,34.31317342341783,995.8425841782553,2018.3230484697174,1948.408515498382,1007.638767529472
40.71951786200631,93.82343191292618,41.20464442555955,33.3957010360311,985.2900619300667,2013.3260878168755,2014.932633834572,1960.343483128662
39.04295431630686,41.96079120183671,39.87804275692055,37.67100392726822,2035.2622249386002,1991.429795084183,2012.407328086589,2031.8538204983618
95.95898589267392,44.63502953446556,90.56572615758157,88.74953920573346,1007.8424448809803,1957.078998345452,2018.72748382889,1990.302831548241
40.24435486379831,38.10720003973399,79.87329196223365,39.20451884488018,1007.0577020894584,969.5400840832529,2000.294462096741,1013.2706687632492
37.92602880273843,31.848919185470127,39.25468821169781,36.46730559201853,996.0084343935146,999.9334012324161,1022.4241249859854,1917.9281138017218
86.7432719772331,40.70510021899516,81.41461183015016,34.792485562399456,1004.457040289978,1018.1973476554874,2016.8019312852189,1038.2803722772596
93.47752985231509,95.93306533612456,96.6007329913856,93.06291017821528,1968.4882601296854,1966.6878513154838,972.9411718745403,1990.4548605032312
94.493673250086,39.75311717548256,91.6205356776594,35.52329915389565,2012.9003295521786,1947.5287453341537,1973.5946101564753,2032.539386581189
37.675859813745355,37.50181124772173,43.07418040350033,87.59528685196896,973.6402352004004,2015.1094699035982,1976.133632409961,965.3908901189221
94.52076050293508,33.413029521428044,32.056655761102675,97.17896269252917,2024.1007754297402,2008.375457688558,1031.3065846012569,2026.922247652331
86.91238887755222,34.17144572820922,33.931538180849344,87.00971281120563,2019.261914992311,1027.6893465531812,998.8273787503791,1953.6939188750111
38.25372235578293,83.32250349011143,84.72293417744557,90.37785371869256,2004.7955496444001,1032.2855039227816,1949.406331164284,970.3916255324714
91.49213811980076,91.08773335901549,91.41806588499807,88.83610002369595,999.9238094715653,2007.9257816377374,2050.37467231318,1954.855511519109
90.68839528988947,39.06368376182428,91.1466760777992,81.82522487489344,1001.9503770758223,1953.7703037164677,1970.436119825196,987.2653625964444
40.28152345778438,87.61467358801195,97.20513558986536,93.32911262218619,1964.979718799782,1999.8901303525133,984.1693869708495,1993.6524100264146
84.52745786181032,87.11552016121723,95.48284862622215,40.00205899680017,1987.431532455388,1028.0916766933979,2052.741073008649,2039.6279034878703
88.06967179478909,86.0357857355576,44.037612146251455,87.17986902865287,1993.0633343820869,2007.3369097143436,1037.4946421966583,1975.4110266639852
88.55954021967165,88.61952686744604,43.34978452483607,96.88439551402372,2046.7100932760904,1000.8831864569306,2003.2785669079888,2027.18810684983
83.52272607161488,36.2796765665163,101.7520463194824,88.26938712433726,1984.719818583616,997.6729382737433,1951.1473648545184,2017.6844129730687
42.841044516954405,36.02439254315398,39.76244647885656,36.99653882384534,989.7105043271824,1999.6371989677805,1995.3529090447626,1978.79070165824
88.90572591161703,86.50663920175904,41.50799957857341,36.70218023711101,986.4417599001192,1019.726761305418,988.3636228259483,988.9148761830076
96.07559344867563,94.53175180154035,41.73405081861612,89.54282316641853,1983.06267281364,2049.046830103329,1985.4920850149526,2003.201129159572
82.14474459071022,84.98716174005827,86.51605179298946,83.55644463321637,1945.2886064061934,1992.9938144388234,989.5762999985379,1025.3958584440347
89.8191443210806,92.61268306059439,42.5177898637751,93.97117154490019,1992.0325414895044,2063.414639746766,963.9279653231774,1942.9535907942209
42.24832248116715,85.4243337495643,88.5093601162653,83.70689271454988,2029.4154826197307,2001.8659315961092,1981.9529374733504,1999.630745009814
91.73101355039249,38.3174453056237,91.57727251668794,40.565563774624465,1971.8010032466907,991.6951922414003,1996.1359684293302,1008.1560144778698
81.16323988442318,40.32912843878958,86.07989466440311,36.38352049282741,998.5963535155192,1995.5051186557469,1976.8585834037308,1034.2803618991297
39.44422639320545,94.19663944672212,40.74432865431454,85.14813660666061,990.389347183454,1027.5837908221106,2001.0598360212937,1991.457330843249
39.9768114535729,40.039589917261694,42.6344045535778,32.775539336448304,1992.4308007634936,1001.3269670459362,991.4543277234789,1981.7263630226548
80.27778036262103,91.94923403047126,82.90732804374048,35.203279549277596,1006.2504199049038,1010.1683628413236,985.1268748513667,1989.7505692270458
36.797781623944715,43.76752433698357,88.28436485227924,92.30955753954666,2040.902082096844,1004.8182904288988,985.7904631872501,1998.007951510848
87.46669074883123,38.56689547488712,101.12177764472709,91.9650708239415,2017.6325512918058,1002.795243099449,2033.413584352515,1941.9420802484283
39.93019300330346,86.96792933691998,90.7342793947454,94.09254561815321,989.0091227876508,995.2614976681202,996.4862100120217,1055.7550419066856
81.90139111764418,92.35326379833735,100.8159788633445,83.38771798991735,981.2556344275936,1020.1334258311992,1021.5299748020866,1029.3827215963802
95.92861349581622,42.04405650800582,92.34390484110888,86.51606038448509,979.7571238103314,1986.9115109601323,2045.2474025583908,1013.6788231981092
102.23177958900308,86.87204125286011,90.16832016674618,95.24061559083718,986.5046472873622,1972.7634648560681,2009.9967397741104,988.5361269877449
80.71147859006538,92.8872423708534,42.725169534501845,88.50622771294879,1950.5650670777122,1950.0710494881764,2035.2365555122165,970.5858961474831
89.17471123093874,86.00419008364385,41.56384298944646,91.84080534780769,976.7195293009072,2003.2877097922435,1980.2594716392348,1955.5315948835405
90.63341565062936,84.70981652396132,41.021009865189114,80.3286352608898,990.5432941996185,2027.1171724519347,1995.998678085724,1021.7942510726044
88.12589440523793,90.22175568038917,87.95023036701318,36.588671392071646,1011.1578689785102,2056.3549191366656,1996.7680818198735,1940.9598620105883
101.146218573435,40.55050139080954,42.31728966453254,38.70874029871932,987.6815820821058,998.043732507116,1044.4901099361057,1017.7922235486044
91.19766527105023,42.55767944214769,87.01363896334391,82.58413062364758,987.2387295512592,996.7087155612883,2044.438255709042,985.0509753466483
36.64378159362094,90.23916859605812,37.52209544221559,97.71814211588824,1981.856117605435,987.230088546447,1926.913470458676,991.1331158058399
37.9936021721134,86.65890506014959,86.15972131768025,34.621763714267914,1993.5063154625188,1010.2296436503991,2051.225159117713,996.563995684611
39.12389248024472,39.95716738978199,43.51267796110835,97.4950055047981,1008.3398444815477,2027.0172700210073,1003.7064148970865,988.2514238591186
91.20321638890503,74.38850699334519,39.44699322337267,88.0483434522361,2009.2679455357236,1997.6812923732562,1995.7514020799658,1011.598559159032
96.13769973111286,35.68631551048516,38.10781476918412,96.61044321632747,1941.8056781381415,1018.1585252773154,2000.9947302332555,1994.086045458119
40.727813564248706,81.15625298780677,96.4716576021188,37.09682853682284,982.082925148617,972.3117702396327,1995.6662738122536,995.5289580304946
38.683918381898295,85.1927311625609,44.22408742577325,87.17813687318554,1946.319530214602,971.6823537179253,956.5456199968264,1026.7866441921763
36.677261888040434,45.501506593589255,41.14037571998683,91.74187549652272,1014.7333517313806,2040.325275226956,2055.8349131317136,1956.7940687891244
86.42871715767794,37.75488718679635,98.36977559142983,35.35410700594683,1956.614908369332,1970.766020677849,1928.0108031958737,994.1831918681409
41.09804730166084,34.39139842755437,39.34828081859138,35.64480939921619,1963.0704197200744,1944.7134262221007,938.8077429634221,2050.794887566406
41.65671667180567,37.940594854988476,91.28955052847603,86.88454622605794,2037.389841700711,2014.1883300599557,1992.508363086,2002.2324394483876
42.07044055234505,42.00448183377031,42.327240761664925,94.39385519891177,1968.0897239031285,1036.6631853233962,1022.8112678444654,1986.478816481466
40.74347956719292,80.60983407405959,39.29550390523697,35.634155795666416,971.1860897736576,1015.2062168803047,1022.0753319590137,1936.429805902334
40.88380567920912,91.65026703617953,92.69411403646994,33.88642913333571,990.5118135175792,1026.8615820610542,1005.3875336189303,1041.1674701304878
97.37498088509442,82.69558727472615,41.680871132464986,82.37762200003985,989.0501771824026,1034.1090518312858,1988.0978114290185,2007.812427041475
88.1250808230267,100.98845562947014,99.17446924036976,106.02277137531408,1996.2667779265362,2005.1332494987819,2026.7898745391633,1976.922073317093
82.23006163605474,91.99922484562656,102.36172110695492,35.117042976195854,2007.7164489593763,1014.2848336959331,1995.356529030174,2015.7517955830933
41.17897822455588,85.08841963963944,88.48854760667106,36.98766341439976,2065.3109427648346,1020.0004700263473,2045.0768438358143,1029.0694944082247
89.36646655635013,40.5544026263761,38.10413829720802,36.94187359791415,1970.9417134443536,1002.4054257113078,2050.3800279136426,1018.4834225767856
38.26602275614012,91.31958634083014,85.36692046978825,35.43005040075995,1033.4030796754955,2018.9952444801174,2020.7596344892472,1005.2799407686618
100.71744785556783,87.10195924688999,91.95469631179222,97.70724672679393,1987.8284059803873,2002.158406361271,1035.7112929581913,1981.9122081228845
40.94880286736499,90.04704475829303,82.92847805967465,35.04081169825663,1012.1494226871644,1023.407476740093,2001.7575137339516,1983.066828371884
85.15081137770909,36.377016913167665,92.80389749453413,35.16492793736757,2018.2170959496327,2000.185313207188,989.6098443079569,1992.1034810567285
92.93129698042326,35.554851457848216,85.7891273480805,91.71410571992662,1938.493013504461,946.4399502693666,1019.7532401689291,1993.0190015887868
87.73527717773786,42.238946962700204,85.99399359685364,37.862827925822025,1007.3501823586572,980.3565028443018,1991.0087439817155,1991.036479352675
84.99136023604116,42.95130137810775,41.890473799448536,36.845412915051185,1018.8733909510164,1015.5725535526717,2035.52242377048,986.0431607725735
86.83976324086014,90.37930055158805,41.548073603447605,35.758911313976405,1010.8369570125199,2014.4427021404192,1967.972415985138,1023.9457482033015
84.9466067103564,90.51586863714759,96.02392081664044,88.01935438699037,1983.304608484709,1004.5673858492187,985.0846102556661,1979.4570240171465
35.874728298382834,86.24205831035113,41.186432705176586,32.75003648279576,2031.6766301339171,1957.8216341045363,2023.0076265192454,2053.372643307852
33.79946457859829,39.45966192576506,83.15910332531737,36.28641303601387,1956.8809220874687,2023.6743620766229,2001.9728377644471,2014.7448483244066
90.28371979352899,94.10547242520038,83.29764445402478,88.55444493812927,2010.1171417086255,2004.5876073062327,966.7555881056066,1996.8730090580145
78.29433136494741,86.7715361927716,42.82453214169362,38.909657529871566,990.3149510253992,1014.0709495393353,1976.8070877918442,1968.1933985249605
85.41965796039699,87.3350293938281,96.11777597330479,96.28603696555757,993.3381632509761,1978.031995012024,2017.687140213478,988.2089018167441
38.93912321788593,88.96800012442242,86.46648475588779,86.04072915492841,1981.112509274284,1000.6670966819158,1994.5277247400343,2019.4776847027936
94.99032752696178,40.69455274097878,38.99225474114537,93.56447092762923,1013.1284051369499,1993.3088389462102,927.1785022223178,2011.3189764813847
37.08713680678902,89.31557228519435,42.11119024372251,85.74900475541423,1026.3952971080932,1987.742905585001,2011.1579027948032,1016.2543088904172
86.30542377194135,89.65518321551063,40.33731478874867,92.45953187900898,1015.6641462004825,1984.162612605974,2016.4222107511948,1989.1788915174927
89.63270930027537,37.93469485208387,83.13554463351352,97.06928117712944,1978.9591588811932,1010.6163387463223,1947.0351515543962,1982.6121374160584
41.49069175057346,37.071177350605055,81.85911898538136,38.37561301753297,1983.3745159549974,1011.2536981858575,2003.6192623807833,1033.7405044106927
92.76725775780046,36.35890893464812,91.34575949821352,89.73841314424317,983.8503001533991,2052.17109445729,2007.4398362732227,1024.1263672542714
40.73795583471742,93.04420011807883,94.29313508734893,88.35382436457266,2042.3271431877042,1948.8037690582207,2036.1514282206815,1018.8194627450355
78.23651117463618,91.35553080472201,39.37398628803655,87.35580479999948,2014.7845900008822,2001.190694776823,1006.3104988396177,2052.4908664780332
41.52916659692826,42.19627167211008,91.02356931315457,86.02511084973997,1016.2901123070087,2017.0080945920768,1018.8936587466001,2019.8279277241354
92.46198731061133,40.66368113213137,41.0299169057089,94.6893904335899,1011.1530165799569,981.5529554648672,1961.2267020920015,1939.0286477112845
88.92457979244539,39.73279004707938,43.110046042524836,39.95856242743004,1999.997751154745,2040.672767127468,983.9616100661242,2001.7485592087853
35.600671150034515,91.58133222250274,95.95697298878369,39.07090236204582,994.4608161460899,1020.39398665666,2013.1470631911616,1991.8055896615513
92.6884782280336,90.32167968502344,85.06362202016045,36.817331746348806,993.1513427677764,1984.7424253638112,2033.086933419389,2045.6192442877773
42.09294022575197,39.0532835539172,96.18282585127267,87.02407751124773,2028.0994472570133,991.1861268965031,968.7205232488593,1987.9340910022843
41.078882415064,101.56858991516303,86.81143185736292,34.05865583592278,1004.9504434995376,1951.744599989772,2018.287620069603,1016.4636379898423
40.38962731803832,93.07642667319735,40.97373584666638,89.80475410791895,998.0971372852321,2029.166903249772,2017.0335590276718,2020.2702337838725
37.10194684024292,44.796342022008155,91.30897429661312,98.54531863531037,990.4402848910547,984.2263499552304,2011.199313107751,1972.8353619285547
86.81235956559881,43.2812217881584,90.34522304742158,96.31327294119713,1987.0833185472707,1992.000648523506,2026.773876758762,976.4262565076883
92.10237179433078,37.96978675341907,94.06684134679331,97.31670519946273,1992.6581414064003,998.3192306218461,2021.1776411054755,974.6367300718274
41.11073780433298,37.8437683069597,41.19635650847637,84.3740051041214,1015.9438111995958,1008.7776222766556,1000.5732593156333,1002.622233581747
95.01923658676255,96.36643047170611,38.83762135165743,35.14113200830484,1003.1015925681961,1013.3796240566248,1003.0010469927659,1953.789168343142
94.42848299479304,37.18882758773097,39.76900531683813,95.51283565276032,1006.4854329397608,2031.6961627606117,2044.9414868725264,1987.560118615185
86.53938261790726,87.6613065832985,43.060142324691874,87.75722099938322,999.8638229860358,997.5309930885533,2063.94678769179,1010.7002364230493
38.07577670239665,38.322318363748096,93.09782974832706,90.92644490221946,2036.4559031881652,979.3821420956672,967.7046693375205,2028.9038514885856
91.63708421379573,84.18643537034006,88.74852344735503,38.35614630261797,1987.6782049193669,1955.823318684065,986.5123134882758,986.0489387662183
95.28887048875728,36.19095261260314,86.43403009987631,38.823678812041706,973.5827827358967,962.3286627905811,1001.7150048374399,991.1729914940097
95.9034261745761,38.22200864931136,42.4902055990993,86.60150595429741,1003.101042530542,1965.8845193027823,1010.3453838558396,2025.9700764984775
40.07873110801964,95.5108173265038,88.95873854074027,36.125706540681946,998.7598391361894,1959.3112705007277,1908.6281342348775,2000.7034113023897
41.47540146748395,89.4017556110879,42.038031239958485,35.35416371416487,982.7869108446519,1018.0263550603015,1999.7733624876564,994.0420618499958
91.69689868781495,38.527072243698,98.6584295188197,91.9098667112517,2009.1708573296946,998.1442824492599,986.5131385831185,2026.3271596960585
35.61968132647734,90.91757533926099,95.69411184043085,83.52315642734487,2001.9004509303547,2011.615202974962,2013.2014398104282,1981.9093208838897
87.24790171710411,90.49169569060808,36.3731618548932,97.6253395421145,989.499464677331,1990.6233927764538,2009.4993594830512,994.9823093250327
89.09884350451955,40.586917467669686,83.87048532436108,78.72550320795138,2013.1236324956549,1036.788261016643,990.1758077996772,1991.077736091653
88.61412222723992,83.84783668349077,82.83909112888348,36.05277192540635,992.4028568134656,2001.7344814420346,2000.3243937052644,1974.8475067701568
93.41511059285227,37.51687753022385,88.89780389077279,80.35720350889305,977.4662555075489,1995.2334442835138,2008.5366520892674,2015.1573472977584
96.27694446070703,87.76148250046987,92.12863005239991,84.21869749654931,2015.3591623050363,1953.6047448581214,2023.4151093694768,2028.2644249599828
93.66963746476269,88.54471694848253,91.35349741504074,86.46931272701748,1015.0670994108998,2017.1277031138118,996.791077063406,1992.8623187041378
33.02593483084182,43.146726652957796,39.544774786173924,32.88448144617578,1950.3926646594882,1014.3922939771842,2018.2333080231774,1007.4093590308244
95.90584467743804,38.51219859974542,101.28588312944575,34.27536017788147,1980.2776126444123,2023.6276571251583,2008.243065352709,1962.9757011125312
85.58886951135673,37.36167136822024,85.1922123131293,35.41046812806887,1006.6306438612883,1965.880164421315,1042.811527326405,2056.4723785344513
36.3902042905934,95.75546961606481,86.80026207080058,92.9573412556569,1956.2912528996274,1012.9671995163596,1922.4322495137849,1017.0549749116911
37.03055081437951,91.95584285506102,82.18696944602388,90.20026042614073,975.3115790074401,1989.5339105707103,1985.649241660082,1005.3224171856004
36.97915871714419,98.49708950306433,38.049531380733946,89.58229597002294,2024.0258151502533,1019.4855270500448,2012.659223747057,2043.5283385269508
39.48794106696183,36.48161728238289,95.44750302799957,35.00157575992923,2011.9126879067946,995.1545060608657,2002.626590253647,1994.8900994376972
85.36730594316761,37.14038637396061,88.5957527390626,92.4440921550198,969.5887624640027,2020.5975888414346,965.7681485281353,981.6666832961314
93.79757671349262,93.18355843910923,83.15767188193871,90.19791781659204,977.9306506910084,1996.1166244871547,2012.7571815033798,2028.4138237479979
91.13494632956714,36.3213311093394,41.731630802551365,36.46658159015221,2009.0184387798422,996.0934042055285,1001.4529985250067,984.9073321987405
37.04817193873919,86.66067621005502,41.46675698657671,37.37855043767535,1974.4728042677339,2008.6755248088916,1021.876533041864,2015.5866465300492
88.66988743487336,36.84555529180574,90.92740431366569,96.24715561018405,2016.156862864122,979.7815768528699,1023.3473289908866,1037.731542340811
82.06003615421045,88.60889035825444,45.073054974891306,91.92071359925183,998.5488444200889,1986.7078392641406,970.0692484980734,1974.9592878638869
89.12902309550066,90.02488099094411,40.385495506308985,91.6438620285103,1984.5848389486764,1012.1406606167346,992.8728118244255,1037.5935467293698
85.25986097959242,36.13286444284658,38.77627855402096,85.38220864151536,1918.1581897835617,986.1839645632406,1963.2619561482434,2021.3468274212148
40.37962762351826,35.416604473587725,87.60004846636706,89.71420070466614,1013.4767966781915,1982.8651456953455,1939.8505773849618,987.9455392375735
38.738207689935095,44.017844734150756,96.95651524707698,88.10685994788102,986.2989305474946,2020.8036357939066,2033.094230488741,2021.348559639892
39.517084871482275,93.82649364610151,41.47058273132137,85.5401960746458,2048.8400661974406,981.1005519848827,1951.5022544973704,1981.6033839815038
92.3357304816682,37.57783879238818,41.53922509092089,94.8114806026632,1977.7709728628192,1968.0996384814093,2077.7012792267187,1978.489553395589
84.62750690786275,96.9996618558514,34.25165059160717,36.23752360152881,1024.3604925667937,1988.660845264659,1982.6335606929238,1013.4139128487125
39.0181015545584,94.16749851931914,81.67588262306978,98.96580638435978,1017.5662559750085,1972.7385623830628,2008.5894116739546,1968.278926199635
83.74823046205792,91.866330232876,97.71694993395525,32.09886943444535,2051.4832020712333,2089.780111035344,1008.2783126058962,2025.7634192058758
93.943353360647,86.78630274626367,89.38421280504762,96.71796102320174,1997.7736237797974,2040.585636791069,1957.3234199384806,1008.469221975145
92.84092861947985,41.9961860979803,93.67087496701357,36.090797075888766,996.9383194904251,1981.8647323019527,1946.9210406312322,1988.6499449185683
37.78191640083188,87.89673755667381,88.96858450575888,30.209027096135387,2016.9396832370578,1015.9606382131956,1005.8666821715938,2020.1847516625771
97.62104047583945,39.29514128767873,90.15855507461646,81.30741180801874,1986.445639768692,2011.0716136138567,1033.9698480517332,1026.0998382290545
91.63914244995006,85.81629009201691,87.71012569901029,39.124601583873,999.2428156260592,1016.3998361597098,2020.6619623018346,1043.8281528933514
41.568184453079844,40.159161440998645,93.83413175654027,35.83837928533069,2031.0185149132622,2034.5576109006029,2045.0792869110053,2018.264349699821
80.55296095156166,91.3487583556448,100.24939981919319,32.404645430368596,2016.9845865828909,1935.8011182061248,979.3835551571296,1945.8347037824199
38.91860321704712,81.58912727217984,80.78637535861334,37.094240904514564,968.6128516285385,2043.9350731907493,972.6634480832471,968.0921976166538
36.213132868233586,91.77069824908347,44.32126694299316,36.33437964931491,989.8028176115195,1975.3674510753979,984.3187673986422,2016.6487070434532
84.56860990236902,91.23460098922209,46.33246365426217,35.73735401409244,994.678025237859,1974.9806769199295,1946.923008213999,2018.0101111056363
101.2119389778816,36.283843787077686,44.079212145036706,91.63484862691237,1001.3330370611084,1014.0849645096333,990.6571976655861,1985.229374358025
91.862925687569,42.74222071921777,40.68369373588819,34.227309890075205,1008.4654999914094,1016.1315038813825,944.8452772032408,2069.2685692091536
90.57820154101675,89.06405634481759,41.91452923768048,97.95528106872999,1940.405472093814,1004.0491776376241,2010.5025670537375,1001.198828452345
86.13081905425909,37.56669107523489,85.54163207182437,89.88535209549438,2083.0962851129498,990.3201202847495,970.1155991139493,1990.3408820013826
89.41991950183053,37.60361916474734,93.34842598311074,37.09545735329551,2037.0356466381972,958.504793484286,2004.1559091637769,2006.1175841498305
92.5937364908733,89.17820969084241,87.0973403758465,35.66983110545249,996.6853970976604,978.7296084427219,2002.5920761749726,1039.7271221048131
87.87122003134029,35.54822326681463,40.51486000206313,84.44522723956865,1011.1848978424753,1966.6347444958815,957.283778952032,2000.5817367108882
83.08159584285956,98.12311951288213,88.86227585414119,89.49458670382913,1007.0075320401227,1029.4683844356452,2018.770558409315,2004.3908275038466
37.99592290745691,41.38349237082126,93.36615056969767,99.03193797889494,2000.1631119355643,2018.9497307923875,2016.1382416437543,1993.3813977885977
82.25976929927734,82.62559256056349,36.062205304965595,37.59147147026647,2081.4732927606315,2030.4900924121375,995.0099359431481,979.3212087115608
96.61648454931077,86.13805477382367,87.93097993004345,83.48483897204417,1009.1649605468284,1990.2132001310088,1996.6493197275513,993.8564049623262
87.04450106121668,39.3671615857498,39.03027209459981,88.49837309452587,1026.1484058570047,1004.6050498791485,1012.1204146228501,1007.9521501809043
86.99671108410647,36.44465840954993,40.45098313683734,96.45722136992687,1010.5907245041951,1990.9323983224617,1967.2532097445448,996.5829678322566
93.69802840664052,39.93532836466182,40.810458689851295,82.18171321924828,2015.4336808399719,980.5345202093945,998.225608979317,2030.8087809940341
85.59998300050344,95.23309267880978,41.638238754445425,39.72031309809371,1978.7194370874486,985.0792605815143,973.9044182082212,2003.5057954805377
95.95112588393063,93.74568333801489,85.36753793448928,80.73529234231086,2013.9152300611654,1033.60857998013,1953.11118528297,979.5660277828515
101.76535314382515,37.508847677115455,89.50729977931705,85.69262437691692,2072.774443102064,2016.8203277794798,2040.4122923690811,994.7587348723711
88.73977145570193,38.31745850799824,46.62765200045369,36.10671261445084,1964.7625989914038,1978.6148247556985,2019.9531904854684,2018.7361228150198
88.41149216293441,41.300183833331474,47.16306948555065,36.86350741593863,2065.9589409358105,1011.6931670078377,951.4486342649578,2027.8182200583317
39.63956738302759,40.07855952640696,87.43526543562929,87.46122378209643,1994.2030398481027,990.9743342491034,1966.1285263595682,993.6891092412565
85.57987394130008,85.62887155444783,89.48593925629588,86.7510275659505,1984.656618944682,2068.2548336059804,1960.1389491297036,2027.6123328009046
35.56328721021255,39.088426512267304,90.2212165265075,92.57958840188986,1001.3377284452247,1955.7751574159574,2002.6258860056141,998.1448889080306
93.14819077309566,95.28785544542932,94.1426764961683,89.95059410969834,2055.43562955097,1003.0116579176934,1958.6552101553673,2047.393133084101
88.97823571647035,45.85975105995378,86.52506156698094,88.80165243652645,2004.7052754891733,1003.706638869568,1971.68613288056,2015.9894329666677
39.54043352502255,40.46821424751082,43.22281171871536,33.79420151091553,2015.4043108226767,2022.0009409556553,2019.3239113023462,987.3551603441074
38.62153142867872,41.866353796090756,45.65718284204091,34.247404709241295,2030.0224744656273,1962.1393169536475,2000.625458116544,1008.246180342447
36.15717406070456,41.75712608211504,91.32683902691639,89.93868319196814,995.6258133456259,989.6682192211999,1932.3688969515297,2036.165378342696
93.30692450275568,88.61219164896663,40.112229036474666,32.53356130853598,1949.2699530418636,1002.7484213351938,1009.6741215350322,1956.4258548093433
83.16992621222066,40.245775319895415,41.55008789293538,89.35329661053086,1006.5375046832655,998.4807448243503,1964.4821766430657,2032.5947485383601
88.7496420827719,92.33305769080374,40.45775370974515,37.536301096773144,1986.857390760446,1978.7176050743572,969.3299351871717,2018.9053536150852
92.59864257338259,93.19892141119475,39.79782381073388,37.81434867107599,2031.450034251905,1997.4846829536752,987.9695203572123,1004.3744281693101
38.84622809432035,41.28258063150073,94.35388700852455,91.31947101828675,2035.4972220058173,2023.980436183038,1967.4055209662336,992.0946052875979
84.59653363917995,83.34841938482982,103.135078885736,35.61579866078836,977.0416191399668,1984.1006884969256,1946.1403202287536,2016.0317635375357
94.36985801117495,92.66535105132021,47.783983636433184,35.863143369833736,1977.3889341658785,981.2560565650017,1977.8179492991658,1978.4379273631987
38.722818957889444,86.39935999092268,43.500558139348186,84.01745312133885,987.1101214427739,985.3172066446109,1954.7756455156803,1021.7080789697727
89.68068497469297,92.22851149007772,40.382362345037805,92.42696503623702,987.6190076080132,988.7364983899133,980.5971393320053,1956.4256101217552
93.36035610386682,44.58354459032924,40.02694116293874,35.50838570793794,1977.467508465744,2015.4655750976422,1982.936576339747,1004.3374692573982
87.74258576561172,83.23742027632896,94.44951273831893,89.64261230475581,2026.6304412713669,1993.457445351159,2041.760141533433,1963.7819469750664
95.48987877734618,87.93436009213511,79.23823517065811,33.86582466146892,1022.0929485380302,1009.008269285184,996.9202639955031,1001.1487016323467
94.39019329259608,38.01281707869592,40.160881983342506,102.17731055862764,1998.3316461199702,2009.4348975124228,994.7300750364338,1983.1365337374755
40.52327773106996,86.46248889318069,42.951183878278385,35.810016407106154,2021.5495960893406,2002.6336947085304,1982.4166454508688,2029.84424585542
97.25934473372558,79.78561828919085,43.52697347611185,34.83949976841107,2009.286867649426,2024.06535619632,1998.8296951715436,1001.8478857731646
90.18227818248916,41.32151920116716,41.47917460891881,34.805081609230754,996.2009403036822,1951.722991750526,1997.2337549885765,982.4282986885225
92.17425867503829,95.72989108538322,82.01637575699904,31.44415053586695,2022.5532518108146,961.1613901427556,1974.3886217091267,2002.4868670357664
35.01558264650532,37.80147576357152,88.21912416267986,88.39888219961882,2080.5411120231606,2015.7245978896979,2033.953555107906,1947.5403376157171
93.5070778081548,37.84831084085506,41.969692092199935,36.57177815993563,1976.3969465031985,1000.8468404985516,996.6280381656012,2035.6340791758728
91.05011382191573,36.921909593886554,87.51112846202754,37.61208285657119,2032.6930528843118,1991.539625270704,1982.802875876863,2054.1409571501326
42.62127379870318,85.16626549129558,86.96300875272998,89.19319525267937,1996.2728526876174,1013.3662198997288,1994.8818433700512,1010.4939867908936
40.96576773022205,37.163080189823916,40.54242746459754,35.75790563706896,1001.9080529097542,1999.8916995306097,997.8743667429253,1985.8309207290085
94.20340765647053,91.10762926463843,97.56065905709912,97.41028360654461,2018.3673938461518,1996.513173124991,2018.7483623914977,1953.8946718788334
90.64410294446967,38.94108383560527,102.54463587309841,37.74809743192129,1013.4050037859565,979.3502277648058,1954.4471937757378,1012.394346314188
43.75169351624696,89.03503880725563,94.81199118984834,88.51032608233982,2006.9449233613218,1001.1231323641222,2054.7135761587238,1015.4828075574337
92.95724203637197,89.04344481764933,90.10381156337488,87.0392231924545,1952.1814116672456,2041.8417931288498,1991.4597967752416,991.7361997465534
40.055173352369025,38.98176488374948,96.92240957945835,85.69970775716646,1006.0526330151334,981.1992127888591,1988.9591980964005,1991.856255433733
92.0072871190114,30.852702851954216,41.115350851692824,94.61809755638282,2014.5747434960617,977.3640170169028,2053.793188248326,1956.3677922345014
36.74200893016778,27.043811241247372,43.42832386232877,99.49752679877065,1995.3015738112913,2069.527320448015,1967.9195845468505,1042.3504168830054
85.11898114622902,96.13224161546765,89.62055060627861,95.37441707174047,1005.7872240794713,1996.147669451829,2018.17321603719,2007.4707296373483
92.37895226227053,90.12607276023469,40.68112784931033,88.84842223348579,1981.6629553638174,1999.2592151779395,2023.782358176083,2009.1124569758006
39.10462103987231,95.6277111128234,93.72781692130889,85.65099004341413,992.2479951268912,2079.6211755472705,2017.234163180394,1970.1024424884208
39.720356162265205,87.79520180461442,44.0440542378676,90.2044708540634,1997.20353029826,1968.0656515740889,1983.7722424789092,989.3496600169765
42.02574440038912,95.21297964143001,93.23464591665432,87.47862681804185,1004.5937391856326,969.0176849744914,1031.8025907125807,992.3176256095069
87.45799311304461,86.82964506833702,34.387043669570474,38.32704874909633,989.8995508238529,2018.8669585462405,1990.1622125214449,1975.1309424700048
89.01029041202214,35.64683375010951,36.533687606377484,87.22347887164452,992.041264630418,2010.5932897883533,1973.5629878503019,1988.9410189593216
38.105202720350476,88.64877773585262,90.96839374780552,104.44399463466048,1992.0864057573328,985.7489184551595,1987.9335825930466,983.6693436865887
93.96089861695157,91.72734324803682,36.333003819669656,94.26820259234285,2004.9992001895378,2027.43520544315,1017.1352508522757,2010.3937759061528
102.87335240814404,79.8412701668862,87.85900962000328,36.34371413781762,990.8331106014737,1015.3600059472608,1971.9346487750042,1999.6131523007277
86.96866619624184,90.87110454680258,35.45884669274114,36.143915864101665,1992.590431956703,2042.9188787273574,2013.5615120581263,1000.9455552811396
87.0888729933231,36.062992528314595,42.752585955030085,92.35433607961336,2023.9688735935624,2041.638207885002,979.0588555759502,1011.7278818872303
36.03462216972659,38.00049609161771,45.0754875414316,90.40719348557158,1998.2139086358943,1993.0327980838006,2022.183041603898,2057.7379727700686
36.36045527385683,38.998585499786586,47.205800365169985,98.29148660226218,1988.2487569976868,1958.8927406826472,1987.6946363550162,2007.1166142386123
36.45822840065394,84.21997726855629,87.10509714884847,80.48906256733119,1010.3810312522091,1005.1795896081499,2005.0608195265363,2058.4704412578385
89.20594117297883,40.07619512382247,89.95221106574827,36.23985456872497,2044.7726515720055,2060.575930216924,1021.0056339542894,2008.6617158174024
87.63464133099977,37.34441153216322,86.57318275152292,81.1975738560077,2052.9975659272295,2045.7452424426851,2026.9650820096815,1022.631527736873
84.45066626132956,93.421119264726,41.74804079923442,35.07205228804679,1009.1879507915743,2005.082410317122,1926.9509904007,1002.4505578762801
82.08115567530051,87.84970258292243,91.94825700478098,34.65906508146389,2040.4220606203967,997.8452974806269,1983.9447547861623,2026.7729788005167
38.901336916300366,95.3877568949168,91.77390610976497,82.34486353623186,2000.8761601234658,1975.0064517427625,988.9907877208534,2013.9475226602385
43.901911340663226,93.89482031565038,39.30031422077413,91.14111535898986,2000.1092852515296,2025.548652348027,2004.0854952056613,2027.891980801005
83.67023889668755,87.87983059418004,44.16623019310549,37.46043545256264,1013.3347579958286,2073.305456387003,1015.1099579193713,984.1681255313674
84.85285664236983,43.86713601044962,42.14277275787886,33.258642604213414,1016.497635103414,970.4493619560726,1973.2858773172522,2024.235516255011
41.02502929873023,40.448332549647944,98.05182445401901,91.20366097630574,1954.6816464579322,1007.8215972614578,1968.3703928843668,1006.6964050855416
99.86927141639508,41.37229800259233,42.0179918164815,40.670702909964234,1978.425687188158,1938.1121410939875,977.0499957016492,1977.943990774786
38.489458985005555,90.09712971603282,89.34528066233499,92.68963371589433,975.358417012358,1974.5876211874042,2031.5538999750665,2011.6601691351775
95.3907467645949,87.72338058146103,88.9939795637249,89.41569966240809,988.5563703115611,1987.1354100816325,2042.2111423853632,1964.888708106478
40.1031201169685,105.5797374594008,40.13512628981752,89.86948357740631,1987.8140558259058,1019.4674535428755,970.2974090278021,2038.2973939249468
37.11726404439624,88.08082488421388,40.09432757207725,83.53937308789345,1000.857924143042,1046.6129493959609,2027.5141188292353,1015.6318083969593
84.61162296511755,36.928993017598756,40.52301810399638,34.83447918190606,2015.257149077937,1950.291593028227,976.494899720199,2027.870684672717
40.44760644935297,92.9412334790663,38.14916965998915,96.1659100693693,1987.3353598707606,1022.6580457664871,1053.565014298725,2025.4456257320364
89.11899239494755,97.73417285565657,88.36985909329744,37.39201808724404,1983.8356590867268,1009.0292249918226,2005.3665805791868,1015.4849969348511
90.47507613731486,41.84345795647411,88.53288880478189,99.94625495748969,1974.5000109014718,1959.6686856317544,1934.8103916888826,1937.565610441707
87.68407399413118,90.10298321480549,92.40821107351636,90.77595814114568,1965.7548598480012,1927.624872468068,1019.0433286038226,1032.4760023089423
100.42398890483683,86.24874365452035,87.78349853888868,94.60992268017118,2044.7980168150043,2005.6083209352462,2026.1287026594644,2026.6075535655527
37.79755046658492,102.84581541382323,85.42720197725431,39.06887033719501,1992.675790785035,991.2044305570682,1973.5124261522967,1007.86416398845
86.92399072411,37.426329279007206,37.20590124274502,39.89572941513193,2031.9432491088871,2044.8900935722368,969.1203025963795,1982.362144353986
38.312005273240814,36.29525757386496,37.97177712090725,86.78706550505937,2024.552274047503,2004.292155768911,1959.8160800497938,987.4176999408019
90.95590128340707,39.115729837627285,38.609867295526556,41.01281851419227,1000.0773792011585,982.4141057724671,1953.921844864785,994.1913875394789
88.29800772530072,38.21004550689598,90.89263472655723,93.31911030950411,1987.0647762071483,2024.8165796297035,1954.1994293193663,1962.7865690056337
88.04531278153502,92.58775186716917,83.4189577574168,85.85330774983993,1978.2918076920676,992.1951820578801,2009.4550779542283,1966.3747723929264
38.55398198025529,91.93949714507632,40.565687882828215,96.91649848086824,2040.0053186062976,1009.0378082075745,1994.3553715817845,2011.9317167852998
87.58716653325845,84.92896474306272,40.62692446640357,83.54495043396015,987.3396575095524,1965.85144393854,2043.465981030303,2007.8002230782963
78.63361809247003,41.20855731204854,96.80789307458961,37.06217553349716,1015.4106760641788,1985.129796668826,2011.53077562814,1976.8622245908462
35.939569777423074,88.84299421621108,88.90663900108188,102.12279648501658,1016.1959276657067,996.4261456883013,1950.881592595479,2032.5091398658722
40.45831968218539,87.34999579906757,35.906527214220404,38.80659326666429,2050.4218001713566,1984.437229526716,959.8908202989055,1001.6085881877964
40.86968428113908,105.20126412335468,96.24762585325959,85.71446486405762,1011.6702806652927,2003.300880758165,2018.7047086568246,1991.451447797408
38.52843488284257,94.03952987697836,90.38595804188036,40.42732688365467,1008.818492744497,995.2810722642153,982.7412909457572,1004.4738694555317
86.22087045040094,35.65379263921472,37.548421236680326,97.71608012744092,2023.7571814992805,1022.2328162575209,1984.2671918666363,1993.298251803571
41.375919008248616,82.03766831972356,41.41784753442887,90.24136914871823,1991.39883921047,2008.2308148430284,1948.1873760484402,2038.1144955223388
43.298411314514,82.7717049705141,39.831681356562726,31.576812286048636,1960.6831079239269,2032.2140122233593,2007.1048725512712,2001.5951849831674
90.88828526597145,91.93859693848889,40.48698395159441,33.6807025730358,983.0253417706244,1975.7259388196908,986.6644288368341,2008.6015973289782
34.836298780321336,83.13228504933615,91.60475811629449,35.54274508510411,977.200023339617,1011.1784426598243,1994.6898668682372,2013.0429111003116
34.08673674970504,77.90627300054737,88.71375872824188,35.92936675902271,976.6194264561942,2025.4799646142153,976.4722961515567,2017.73294196664
35.433340180004336,38.16537127447258,101.87276029892425,101.49284457549129,1986.56731701687,1977.5572552726665,1003.9078093238097,990.2385447334543
88.49388781567247,39.96120105470969,40.19446292056735,91.09842938615343,2011.3430715173142,984.6693537618233,2009.0406795631682,959.1222938407848
38.17012658429185,88.47918179286931,84.28427858632708,37.49286973101363,1017.1057199303252,1021.2697045816312,1985.4271190633513,1954.791285740958
36.631354115606285,40.08235281122515,87.24498455658737,36.10163737857509,1969.2277501490858,2078.6341867828337,2017.2493993416165,1011.4486793079257
37.8755153670711,41.59819861193517,84.57051731039593,83.18209393169163,2004.6707117488013,2058.2818345583833,1006.9095952283889,989.9357544184479
85.56234603698918,84.69306274884508,41.095204531180826,35.51732853803328,2013.9259803524083,1991.1403522390895,1043.6144107532577,968.9001758005279
94.21862119024865,98.26365250892924,86.6214359199362,81.26158609998328,1992.7519430384264,1015.2561953529939,2022.7066253075777,1975.7504425507243
36.80526049195247,38.757569919750196,90.5411229804321,40.92384430390132,2020.0149974589128,1996.8813344402818,2012.005532772341,1977.0426725975058
97.01537074267725,39.53440379329682,88.11723176112227,95.48309347001613,989.1606976038069,1928.8240965626298,955.3222229639232,2022.532348063652
94.01704484085003,91.15434897605151,44.209511015379064,90.04461383076168,1965.1780813346675,1949.5023930171255,954.1176862848911,2021.88860145487
87.43787950918384,43.533318973174886,85.92819067780616,88.31122497849343,974.3809830909895,971.4476041588332,1940.7470411285954,1974.910000368109
88.67330339082835,94.15599967297662,37.103013359338405,36.22535583532931,990.4817145405989,1980.6246570852848,982.6487599670793,985.5093750173521
38.74822552587317,36.74262136316196,87.73348433228605,96.32985897940694,2031.6658680934283,2012.825212291395,952.482341623481,977.9353937349614
34.30757721505934,42.68558023671345,41.36153322442539,89.03911568920199,1013.9478230068664,2044.2569416540641,2033.7346125264253,979.7524898050037
97.93978951436387,95.21237111381842,97.97521332286209,82.4843222255187,1006.9077968316096,1025.9043400104897,2009.5797386840293,1003.1470757690868
84.78326054235713,41.4054826277804,38.633124042573044,87.36384827851512,1005.6866062044287,2024.1992423910876,1035.1139576397493,1976.669899149279
87.39871619561967,94.52759999122118,34.97534811184339,92.81479704823053,994.4203957963857,988.6982616408088,1030.4469440332891,1988.3217306287133
97.29393177630912,92.70745825594494,83.5157475705135,89.693287654482,2043.6332601177571,2005.9625015660943,1003.0495715442137,981.0806475853753
90.53681097282302,88.99371220318999,94.41638545311818,37.935752157264375,1986.9116285553796,2019.348216374518,966.0112920678213,2039.119071996468
38.257513037754286,42.831407784814274,88.36687530743504,99.56176567759168,997.5758107997256,1997.8919825388039,2024.0178446924442,1941.3193179310751
38.86166507562973,39.53971610674372,94.54182277892635,36.37083162575851,997.7167562289671,1994.271098484955,1988.9626001237184,2019.2652242893846
38.010323716428445,86.33407740510141,88.76929955492108,82.12533554054546,995.3533623768813,1018.6836736266632,1029.7318957313025,1988.017596999683
93.43675969463915,80.51856451114378,40.56616056337424,35.111197292344826,1992.0015812649967,1971.9695534304687,1030.4211882357758,2019.2280846999245
41.59266239929812,91.77111527899771,43.82755463858436,90.7870038705478,2059.441823983637,2049.0098371646354,2018.2479365237216,1970.2471287212595
89.1816651182204,90.01386824515785,43.79887284125812,91.28025542262888,1003.2241328783603,988.3052291575623,974.8062177209497,2025.1807022105031
41.07933845666371,87.62028315376156,96.71014180587521,97.01436983545383,2019.3376842599746,989.3010328285502,2031.7529765740976,969.0080195263014
40.99428203268556,84.12349204375631,38.76919732725686,36.24281357977324,1020.7223825918752,994.784097558567,1031.8612838721087,980.0261458609667
84.60113419876025,92.48274023843362,37.858162986721965,89.22429502300044,2035.9917552753543,1999.0294718311868,2018.7999330084297,987.785406680656
79.14813447193227,85.5993175355974,91.34658663452075,96.51555546210255,1964.8785093466815,977.2705282872101,2002.1050998949966,969.2156939093082
36.77665174444087,40.219695530999175,86.40678394620511,36.865839319356006,2025.699773357475,1977.9870132993672,971.1570016437485,975.4845967474379
36.89730665342303,86.67936582094039,92.72240209045285,36.05121685050412,2021.9117905713815,996.6932802765994,964.7174541190252,994.4236160173579
43.54786063954609,89.52760449429314,96.92985129987656,93.51356074194678,1992.8075448001687,2013.1566417120962,1987.6469709073083,2022.5205619621574
91.57526050469119,38.798847055829675,98.08087027174348,92.53152115966482,2005.0344918527385,2011.0904488539534,1989.7831564562453,988.834538783972
86.56740443856444,37.74411745397957,83.02115507208376,96.07003909830544,976.0251238384708,2000.9671326086714,1985.191371933896,2033.0921747849486
85.32899460722972,37.181228753689,39.94268837689244,94.85551524481238,980.1730442708699,1002.6723380775379,979.4347644920597,1011.1873118711801
92.31862132449201,37.53209847148078,42.90151198178846,34.357359664968556,2005.1401617812292,986.4351203708487,974.4576629928226,1990.7196812478874
87.19374082109006,36.04335527966877,88.48152944993755,81.07127973112355,2001.0018021263684,2005.2432182067166,1969.6565834477624,1983.2600185466213
43.72600331358929,40.297361849085874,88.41170574095696,32.78065307247702,992.201219864801,992.9150438625118,1981.2900564228523,994.5338092536613
89.31221360885091,93.42252709322774,93.15558721325995,35.38251221208557,1987.2480999644833,1953.6666641014099,1980.0963077540227,1012.0217930460742
39.89220920035214,100.0855308238319,93.01821862877027,85.73281711705445,1979.6602594409487,966.3947062108161,1014.139587855508,2021.1868629226285
79.73406301311458,93.14414467851738,42.37750165050477,80.8692822858996,1004.5010838189032,958.6192467013701,2013.9696371842922,1989.588918504147
89.39582127566266,89.5104531489851,91.8124071024785,80.97303073292987,985.3898470857466,1984.7286998319385,959.3689050694771,1026.9771597921354
35.062610575116636,40.117050755965735,87.16974365315225,91.49151375343271,981.717799816073,1008.092555913094,977.182144828143,1970.9107003869547
39.050739996264625,92.24081445208664,40.5075397434445,87.2288737204121,2033.906872346539,1995.404801068024,1993.3901904010252,1003.0143717449962
81.7783848990284,39.098461674836216,85.87186607993551,35.02570237171514,2018.380749704863,990.7852090394609,979.4804004937023,2023.0565879791532
34.89613833946083,90.38036094354467,92.24272470760839,38.53047909069212,2031.954121575044,1955.4194456277162,2041.2327071533416,1022.4445397358061
90.19722717551615,90.36892643574986,38.168162493922,90.61020858499393,1976.8784000247404,1994.1209813654123,1031.6553181311162,1036.142256998852
90.89922111755158,38.55033672499717,89.0648527450632,98.37704468796288,991.785776470083,1932.5313334328107,1027.7011321399834,1991.1038576298279
89.27328625351761,89.33103059461918,41.657623748004575,87.20352884621695,2086.2035570428698,1986.450817980667,1991.7701527682493,1014.9296053931639
36.265070845288534,95.56320838531691,84.23884765630783,90.28547584479922,995.0868961537958,1990.6535521651988,1971.211376669404,2045.3764263302598
38.749220179305645,39.48860144447917,43.793431100180534,83.61224678728956,977.2715243932353,1966.4075812413594,996.055761338238,974.3725835767882
39.913616038896976,93.19390131938081,89.43727989867793,87.7903531838657,1981.7444257075856,1992.0896334607,2008.9281537226555,1970.404097355739
82.12347315940451,76.82290153787062,95.4120409303923,88.12089170645926,2018.2975529621658,1977.8121979666969,992.0082460348477,1012.0480942695176
88.91308206806748,33.78861135137545,38.5461877869606,38.14270383838421,998.3396951402672,1020.1961446636444,1976.9140164266353,1009.479061070314
85.51194263044746,94.83837230412226,39.04945196034599,37.017906310179214,2032.1491656777769,1002.9941618873002,1003.5851265921776,1993.2475693209096
93.50368652403667,38.36888080593731,92.1260548855979,33.75172040793412,2027.031111607868,2009.7634821905147,1014.9570727209953,1981.1081943865524
89.25947506679695,35.926592462355224,89.79853503945675,94.0534079977045,1000.2439690533791,2022.012525189105,979.5232776478833,1021.7883941786895
95.6509968475223,91.0331508080901,93.86882318559698,94.25705009829359,975.1901113961725,2011.585340359307,2001.703293830961,999.5238861418738
81.9586325880806,91.68179177906728,42.653467737965656,86.42768633655116,973.7554567282289,1026.8922860544822,1984.524886593945,1005.0800000927386
93.7904113130615,42.41513890913684,40.353051692935736,37.96965616723264,1012.3139468014581,2004.1696712148077,1026.2939641157975,2079.827361338023
94.1224798611703,41.235705154817744,42.10048311275918,41.858464575061745,2005.3623239976193,1989.1947893651063,1039.1810285396136,1972.460546802458
40.04176706230403,81.14444932801887,42.740678532515176,99.94820795505812,2069.6069907226015,1997.6460295487448,2003.2736057066677,2039.7171683877366
83.96003983570667,87.33950728450695,42.51942316566037,91.90551004707328,1972.6432173047483,1019.1502636196362,1998.1096853369206,1992.4942348031732
41.00790936669114,35.42020153490526,90.52111982086345,94.63214164481496,2060.8738925353223,1004.3351330355451,1977.0487455448929,975.4325147458042
38.666817784452476,87.3337858496187,85.84153679052378,88.84372292148284,976.8005886743256,2004.0816976865576,934.4720351287029,964.2911639106752
90.9525089233426,40.112919809093924,86.72468790717413,96.9522707625735,1968.4208837769172,1992.8001856940564,1933.2111189960297,980.4376920925231
38.87133734079075,83.91038497579775,90.38541524320921,38.944155730738814,1926.1211873635862,1987.113312927437,979.0016796957209,1999.243143648711
91.87417376056773,45.09550987511692,88.09115632752982,86.89536653234158,1000.7218261217598,1979.150997998497,1996.9520110522146,974.7575762889031
94.05212620360909,90.16826619537167,88.86063603823712,37.89437877017668,1995.1987108823475,1996.9159872072696,1022.6350240631457,1989.3231464517378
41.10288728292822,38.18111116993802,87.48094346968027,37.207886409255636,2039.3179312569246,2043.5869406605966,1039.2717526424683,988.0057739098991
88.34917394418281,39.55093911816293,43.350370710689546,93.03013656902326,1004.6491527228541,1997.0720016171733,1981.097371094214,2025.2403717587158
38.07043627025782,96.5614727949159,96.00217722344537,88.73965601364436,1001.3223209524401,2011.2482067312808,2011.8185382744405,989.781775032476
99.55295042892038,42.92574039335872,38.13014706914289,40.77261768696937,2009.9443840787492,988.5294196894258,1995.5389490324703,2010.565963312255
87.65879378183767,89.5115104934885,91.0833798343272,39.246049369020696,1002.4305352246154,987.533534195328,1993.9012894984926,997.2010488856404
32.994136986290414,41.23598463955895,96.90667478434807,91.86282843057906,2013.5494707504763,1035.1850220831661,1978.385090481917,978.5816000152954
91.72757083455801,39.22793788852212,88.5944377911201,93.29019734180613,1981.0941093664542,1035.1661052812656,1985.7604868126746,965.0515819230243
90.72138374134208,40.446823746633996,86.85725137431211,34.44924702918602,979.2552611144357,2006.960107899626,1007.3401388856032,1007.2150411021095
90.46250229820896,92.11882162614664,93.20030766516952,88.64261527789854,1988.736935435252,1008.8655106561293,993.0681318964246,1018.415362434835
88.94848520608245,87.76931896704563,93.33788966675725,31.885783933250057,994.937757861072,1941.0150711494375,1928.0231387192885,2004.7631354339005
90.65059045528253,42.595159334238275,89.672848503612,92.1055667966758,1976.8288569159115,1995.1807925645726,1966.538758508885,1991.7221742467189
39.61850098966832,89.81675433210101,41.27399932220564,97.57543930764332,1011.6415590453237,2019.2345778782226,2015.0640724667478,1004.2199123242194
88.57587593733065,42.7916238640241,85.95008868415664,41.38857282745554,1935.5574933118146,986.4695502793164,1005.6468378975769,1994.3064758004143
91.5242001347593,90.4961867350375,42.0619655287051,34.48971486229149,2018.7134112269098,1958.2581230600572,2044.154291764153,984.5850119613594
91.59800931532101,38.06594494101944,43.61711551437894,91.06351903173864,2025.2879664009279,2002.5895282314493,1968.6136813939038,1950.814830629927
80.0722058142445,82.45333234292123,88.96678145418075,37.41983826097091,2004.5892355753742,1988.9929591174734,2014.2800654582632,1973.6711396958146
89.21047722033933,83.01809103745087,87.13061728407902,85.07436860762324,1970.3676996583902,1034.925406315041,963.7550289003165,2045.264645775348
40.115194483689734,38.7967973449888,91.19385682210614,91.41411299045292,1979.3428900729045,993.0384384561612,1976.6024098428904,2002.223912051959
37.48764864764478,33.392753158980426,90.37337136273538,36.29323389077932,1963.2994100753162,2036.7536254251843,970.6515658494353,1994.1506416314055
35.44229867302357,33.68821811867732,92.26169603849196,88.9645259061332,1969.5120140888441,1989.5474984933212,998.6426685554106,1013.1546656607848
36.18088837328574,93.37751411319934,93.1891318402298,36.08813273261086,990.0943735025717,1001.0434684513641,1026.648403126652,1021.9509465653875
84.61934201940832,98.72686066137496,89.00080729745561,91.78111297645309,987.256157312863,1977.1148699677144,1959.807959193275,1975.0671399883468
86.89297372408402,84.21742871195939,88.78785197502835,86.38109707732737,1932.4910996405956,1001.204886027915,967.7664942304476,1966.7599711769153
40.4556709413223,94.15768939783403,38.56141249197143,97.11650898341718,1010.5685793448124,2021.928846256244,995.6421947746735,2002.074043362202
88.92277608105069,33.74245157725623,76.0999960349098,36.423793415202866,1979.409971966598,2040.2617580239366,2013.336068361514,1983.736013443957
90.29479855948816,87.45470328726364,89.1080780007906,37.77496966136268,2005.707994047152,1986.3614855016397,1036.102770013677,994.8559152486628
41.719805373637705,36.59578991835019,87.40932287668834,37.56174573114812,2018.5874508937868,1998.9379273093587,2055.0408258505668,979.1001028655735
35.57396701834268,88.15326443225908,96.62740379423133,37.21195683674951,1987.266832533329,1972.30307114639,2055.3997667696044,976.7084143170068
91.0985222783744,37.04301150814395,83.8366445253252,93.95055333333693,1979.0129800762304,2026.7606106087821,2032.5593972851561,1023.6165393772828
86.01113488442641,93.98692869917473,41.884846139792046,91.07984915339269,1969.5727525417144,998.2034626663628,2012.1380828205,1029.7085778866826
88.89135319044836,39.65947504923035,44.78005430646253,82.77483239653465,991.5694360882328,1004.4086609947371,1001.9417990426443,976.4095707257959
96.01323008626044,89.90132516837706,92.79065690402588,84.22741679667529,964.6189845969101,1022.4402294973356,2031.5677332352825,2023.1131462394046
85.70819042840397,86.07807954422101,92.79575243994418,36.683166874593724,968.0557725111926,993.9674525048839,964.0491252552287,977.3149824959519
37.90065277802151,83.41414951801343,98.19745230826015,35.79741801107011,1964.3938723966075,2018.6894420235053,1999.0247167055275,1979.9733093118791
39.32976171546363,94.98067000019049,87.67523185602873,35.38722757802624,2017.5528924980224,1970.7132325190623,1018.7611372369759,1997.715069252026
39.98713971139186,37.295065631913616,92.94924219582708,89.555432477658,2027.5607581421584,1007.1972637227926,987.4229859782192,1004.7180052658296
92.42827226418905,86.21488459904383,88.56203930333719,35.69637283018572,1991.5531487262806,1040.6795869987272,1973.2913349398684,1988.5944830163612
39.18698119436114,37.4696468592969,96.68748447856963,88.13535740114717,1995.1256386218777,1016.7025588091615,1027.0535587384234,2040.2754777094974
37.847565246581205,35.768511704630484,80.20012165047187,37.55876095891458,1937.6150777317287,970.5129153208077,1978.7215298644073,2024.0824281461162
35.0236736307467,87.19759262502849,41.40534900346249,34.946184386474116,1982.2114790828043,965.4662568638685,2017.2298835182246,999.0947184939913
81.15133075331309,87.67682913966354,83.35263221623366,95.76285079418605,2070.157697317356,999.4985030797294,2007.1926167412166,1982.9983690976055
39.14224288925199,97.93806099012966,43.03672072087882,89.22080572709513,974.398798474831,1026.8382586595974,1951.2002611976125,1939.706659020648
84.4686053570424,100.07884918404554,95.79934192791966,37.43614768933763,1987.8911558786226,2007.7699531923133,963.4290669063037,1984.8786621370261
38.804299952718004,39.93643997092115,39.1450691102649,96.34699290529903,995.6880705249854,1026.8114983810146,983.2205380118099,1025.5172274753577
36.85111119778518,36.25899880300938,81.15106455943234,78.79183758876513,1029.6761807277826,1988.8483765523333,1014.2980512952947,1060.2263990019032
89.00638221470736,91.82505226956505,41.49520758261606,38.72604038148661,1016.8266665829611,1009.2746070814851,2073.4694421887307,1036.0339144580141
38.67936466537545,88.73869425931468,87.10223574275732,94.28369063227838,2039.150156357478,1006.0442658608341,1030.7476026761447,2020.2275053096225
43.159570085861404,37.0180003795063,93.74468687874057,34.9211439980661,1969.1991258710632,1000.8102530269923,985.7833553508367,1994.8196640116967
42.76836356621848,93.64227571849335,46.636215276256735,35.701895284186776,989.3287809191237,2056.3474892716645,1988.89081144456,1008.7542380660309
92.9743662069306,91.2411725335784,96.69575418657396,94.17103502762595,978.9652062037707,1991.8190636479303,2003.756074491091,990.1692764858021
43.974634901293086,88.62021205858828,39.56604369349019,78.84386315805209,1975.2455804292686,2020.704167084184,1995.927017311976,2003.5850794976127
93.87167024938411,40.828261635439794,42.677570165063216,38.8407607506758,1991.484046159875,2037.3589539936947,1984.666472496163,1975.8521870893426
39.968501938572686,88.07212038492113,42.940282792262956,87.80877327747135,2018.7276277283306,1009.0151262828938,1982.9250021536193,2003.4887733267626
37.71061155165293,36.967451978573614,85.08537989289756,86.84271701636509,1984.845758825084,2025.1023309762995,1060.3303932332033,1946.1994223333384
42.882057758233,99.84646736395922,90.55925008704698,86.98867716746801,2006.7198502449444,1975.7091721132774,2006.82918948949,2034.4307933642176
45.6242652355818,86.87586657460542,87.72657227247034,35.38220808423594,1962.7483365084665,1009.7312303167741,2023.9686640105829,1006.7962487002719
85.9835180568412,99.26392186799904,41.2568124589298,82.81628389689737,2013.8322465375945,1002.4860356082197,997.7972304526052,1982.4267341855582
35.96788188312017,83.75005888008609,85.92412596665362,34.72598905040206,2013.8602695993998,996.8042265211138,2032.1476207792666,1026.566861275237
39.60663534191789,35.39766085993075,40.53658408690471,96.67378077808692,1002.4805465987668,1000.793799974584,1979.4276870148756,2020.6348822592963
39.10350427042113,91.33704188837001,100.65475585040419,100.15790300595003,2030.0116228125305,1012.8350786509104,2044.6923455239207,1000.8924993990584
31.515005024063242,92.10601526361626,76.60033816363327,85.52881123168166,991.050135451352,1020.0286977376284,1003.4325133284011,1975.7742854241367
37.603888500210935,86.4713455155006,42.32356121811686,90.89032514808514,1988.5389214803643,1954.9225674656561,1965.3420632408674,1003.325054601555
94.29769362850142,88.56065298003554,95.55117728202933,95.55036118642515,991.3912067044284,1999.5808090641658,1966.7205443841135,2022.0888371335532
90.16634714771102,100.79006419524299,92.19066080383004,93.72260947521187,995.7441984468044,988.6407600944702,1041.5060358240066,1033.556000079796
92.6297470378717,41.5230391028539,86.4140855495365,87.77979760680302,1963.3840358575349,1032.7214810770765,1010.2117600881952,981.5915926818232
36.75522150779816,99.52190886297188,100.92960245167592,83.50523978668126,1010.7419775614528,2015.5421805319284,1023.4695986962685,2029.594892250112
39.565230937549,80.85574339866312,92.41696158524898,89.72451085902516,1002.9602613148666,996.271058135506,2063.6929524776974,2012.5322539253705
38.35627912899941,34.51074876749888,96.20473799189044,38.78172839745909,2008.0147580729515,1982.5070593399682,1005.0021524375265,2048.1440840568034
36.706085145212015,86.37333568832916,87.41087311139287,89.5319588489241,966.6361964866601,995.3551562870114,953.8984638789226,997.5347696351237
93.84658698211678,84.97946476978146,82.53746437854406,95.30975083557182,1981.2892397106814,988.9682669045831,957.5120063200673,1999.9120910446775
99.51634295546242,90.78038979398167,82.98159427665458,89.66022521872719,997.6541149890832,1971.8960364786574,2014.1399906136849,1999.1227832970017
86.96006276140227,93.183720289812,84.81324281327434,86.53086947531493,1994.8517195320853,1001.235356445337,1954.9238024214837,1016.3661100899348
87.24510571344275,87.46653345034782,94.21298694362628,89.65396589862247,1986.2171123876528,2039.4146492535845,1003.1923825859058,2011.8509493804315
41.12870414572107,33.18570404350972,40.92392633129251,33.94736384945264,1007.4937124933055,1007.691971257301,995.4061111883284,2014.2633352549612
89.06941534744874,36.02187385977895,43.19964564766485,86.36945595660835,1014.7991308500233,1012.1614714344726,1975.5497620879573,1034.8676567600694
35.71542347877046,88.17977596409919,91.03621143210907,37.07765727159661,2036.1740299013754,1000.9176810255833,1976.6026326666363,1977.7181043827647
98.15583473670668,84.56323984081273,39.34666836536009,98.66507027515057,1990.022656936416,2058.1546165527116,1958.026815258928,980.7729213117589
92.03083397508468,86.44337569861713,39.86996591414601,36.217425834848136,1004.544362865739,2001.5051675560821,1969.087758699818,994.9642429866622
89.6936491917108,83.4244138053132,94.47643354116408,91.09511626460217,1005.7292454541505,1968.2569135076576,990.5298716233362,1000.200605082983
39.46302775005518,93.94012444462531,101.02661875795486,85.73407632696207,1001.352899486272,1956.9255741664522,2036.4516550372396,2029.7422672942241
38.53133331401787,37.495841008965144,44.72381096120422,34.52939653668764,2060.878554422147,1967.299361919436,2063.060546394102,2009.3982707694338
37.5076722403918,96.7971185960384,40.99185486726843,89.0602558206817,1014.3244609271753,1985.4799994539392,972.9494391029232,1023.0885250302604
90.9965102632665,96.00900643262239,39.39632589892428,39.16903789248656,996.0857049216481,2005.496587857814,2004.046819399203,1023.3060179662803
82.46201147823092,90.33868749740695,83.65535350896089,39.0214011133063,993.125569685958,2014.965815527345,995.9119307483495,1991.9558211844153
37.4188963563241,102.03091348538238,44.559393993857924,36.78889965355765,2018.8660752494611,996.4350948598661,2027.9320944755864,2000.0078533428655
37.737846162884075,86.01106208614644,44.02441094998811,82.69846283465536,993.0295312600936,1966.456873812466,1013.5906335997258,985.1842438410386
37.2484809002497,93.81982331790812,44.82084019476826,36.704746329068186,1010.2705202967617,1023.1261488317157,1971.4932154450455,976.4692131095226
91.15109218590278,90.13690838249607,45.38774918153878,84.11403012131497,1005.0023177727963,1011.5006526461921,966.9565232681516,2045.6281543393404
86.5317408299964,38.34067608322046,89.43420143394285,39.396344067297555,2002.2972257607767,1994.9582320741401,2009.6829591496992,1992.1129142857176
41.039882995323,85.77216302289854,35.73832239312304,38.99049144830333,2014.4382018915544,1994.7496211295959,1967.8763308270698,1973.64727513939
102.55534216326986,94.33028370978032,86.56631625091703,91.05528206897992,1008.8732097167297,2045.444699519517,1990.691660458049,2013.8200638364572
39.158953503733315,81.3772328541796,83.7119910968427,35.58852294252047,1954.5866647235475,1976.7625599490234,2003.3369471196747,1933.7876038787106
91.27022428603507,38.8201921503953,91.6107277856238,82.63568265518016,2026.1503340242466,2017.2439018041484,1965.1825111583973,2011.86775730816
102.74322580572377,86.62035483043013,96.2177319787312,91.48154712277346,1996.0823389601755,1011.4300638401548,1008.5764664631333,2018.8334577641488
41.953785275147126,38.342059395886864,92.11163711278978,90.60201470106495,1023.4867721526352,981.8435915764012,2027.7964116095634,983.3088616810314
83.25765103316697,92.44811255669728,91.69188389828733,89.61093241319745,1039.5051740081585,2025.363014500469,2007.4790661073241,1970.8014444468079
38.10556709110174,82.68361281653215,87.91456226871514,90.27727379182522,1989.966449556779,983.8248343218199,2036.5895839167256,2018.0022520375883
38.8354664137063,39.774446944684655,85.39859965334202,94.87406570702639,1995.4532597702507,2001.9138665072653,1969.1723410489765,1022.2073663240774
34.25741437586809,84.05249478801079,87.96039960714167,94.88942174890818,984.6591394838644,985.0106504175994,984.7020968923086,999.3130269673325
83.6559650224271,82.10039293697155,78.21281111158396,96.91042366319715,998.2255650633551,981.4597264622948,1968.6197667566096,1968.0421923564174
94.03159921706498,35.617110016254856,42.685301663803045,83.79675426366168,2003.6026939176927,1994.6254671763115,2018.569514542738,1990.4821053191715
94.99793835928786,40.872054823334935,83.55771812706254,37.27893359170663,2028.2506430560777,1976.2916824278955,2052.7483163251777,1945.678359615548
89.45804835661818,98.04370617965341,92.80644894061821,36.71827493972264,1001.5112138963622,2072.2286481500378,976.776927138887,1975.9868907341142
85.6422186535293,42.195972138352104,41.397538480687786,92.37118143492222,1001.5357061098308,1982.657132539358,1967.3681765648373,2005.971896191347
36.71400861277792,41.49541011674111,88.94448791099529,82.66913273212944,2022.8407401103702,1982.8631263558084,1981.7920611648485,2005.7877976399402
85.15684926315443,38.528050899972115,40.415174583425596,93.19434480322064,1975.9844748666676,2046.4888317514915,2010.7100720688309,1985.2532279032193
88.391008066842,37.45806250997164,89.99979491900936,36.42781989785438,1012.4653485491906,2030.0963421197046,1946.083400002174,1972.753838019699
82.98046163484616,85.34149768319054,99.2177341288448,85.21958515846346,1994.3688023580298,2022.1265033746588,1023.3627917816882,2005.096478840434
90.02357558477856,38.8110497830125,92.43426860764023,95.7692029590356,994.2748890301398,995.7816140037041,1927.1806042230642,1044.8517263994497
38.68565178618979,87.0998155220265,89.21345794076932,93.27752423112031,1978.5646565964378,2010.3439185209213,2025.736147377064,1951.7080432262296
90.76954812305928,88.88554327872237,37.44467397937141,34.53416652384336,2007.158435016386,2037.0945269094732,1988.7545445413655,992.0029678686968
89.55187671700865,88.26424463629058,88.23544988723425,34.68393627451838,997.7163624573993,2025.4199394305979,2025.6678425349432,973.570781025159
38.703941842081555,38.34970863490051,49.09648526122242,94.173637248244,1964.6026133665769,1993.0120892409536,1912.6140413016653,968.7802019048091
38.07960026380424,95.01522506031455,48.60343238878038,34.13405921353028,2044.0011275213114,1984.3841692097214,1979.5284281346164,988.4639367115824
38.91708549545538,86.01577031971317,87.44245007427637,34.54836735227275,1968.3420784954544,2010.2291397926513,1992.940925527176,1013.1609704361579
90.02678751631888,36.600398022899675,77.97627935242645,88.18446753393172,990.8970915366965,1965.818436825143,1014.5237144957568,998.9492768919217
89.72814569478426,34.12015219760676,92.07364331191297,90.1038944161241,1991.2047153920955,1994.9199597796176,987.8683349378653,2013.6119154120918
39.409026877434165,91.81556041675826,38.854825045401185,88.70159035543841,1990.6580622977203,962.3377757930065,979.8739505470669,1969.8983765299533
37.99917534919207,98.34076478109242,41.08691109276426,87.44276626750283,1979.252327739996,1969.9691575395364,973.1598561209767,997.5028193549477
39.669684718350915,94.74173465096186,42.58674550630139,38.17537155909317,1020.2215181205721,2000.593796046557,2031.6104067646918,983.7599063571668
40.82630707325339,39.94444696480083,80.16561585233832,95.64351514556631,1007.0219490623789,985.7468294109301,994.715897357722,1968.74447755983
89.15400356457046,88.19314359390299,97.44849922205796,93.925169244878,999.3365745536444,1972.842482200965,1018.4103672051766,2018.3662081780958
89.07689079446779,45.05095635753708,83.01712764198912,37.5128240429667,986.08799669883,2042.5628114599663,1003.5704694163469,1976.9153595723185
41.23881716392552,90.40766726800167,39.10332874473886,84.15692921974271,1960.6846480155968,2023.7608413756097,1001.5152010217698,1951.422923096914
38.43974604353053,40.35034810498027,94.79530241929459,85.72593508899509,1954.5729045183127,1016.5127628120425,1954.8747497610352,997.2653259042959
36.89491154522254,87.84092666396985,89.14912895564365,32.676020931979956,970.4806367407737,1004.9938407843017,983.8979925605967,2057.745198475228
83.97160611111337,101.80116760592487,44.71613863748235,93.81476596807993,2047.6134288394803,1989.0112450503786,994.4597588433846,1993.3279070836782
42.0716088825081,41.61272064349401,41.9566475796429,82.59104332998301,983.0183397721993,1988.148971387081,2007.2614902764315,1037.1443201970487
91.87541869301864,39.523513934239176,97.08051519034782,92.31646789018673,2001.0999823844631,2069.2351890831633,2044.6702666350668,1972.500098927775
91.55492991940207,95.85731037945322,41.91350407720813,96.97068175443496,2012.2546414690532,2027.4427909933263,1994.872676251901,1044.6793769490118
86.88824821364412,41.696289103696444,85.63387779677987,93.14508305418805,979.9996446707075,2035.0448143955814,987.7952040100708,2025.412785607659
97.38056170386736,83.57639613443311,87.90297784876259,84.12216407352868,2053.1711830937265,1022.9549173309745,2035.3870672924847,1029.4081289916942
92.57851237329731,40.289348213918295,88.65566198882617,35.51014874039831,991.3221600117558,1993.947565305869,2042.4183008426382,2032.2988541736129
84.10558910345723,85.11368098272865,38.799121939556755,37.954356200256356,2007.6311064887957,1002.2874167506845,1022.980217748835,2040.3788885052702
89.40517326114364,92.79579758568777,93.63748622197261,38.79023158088559,2055.436746504941,1011.8992448255906,1019.8154597325779,1990.4031384670034
93.74957038850341,33.188372500143075,40.35958182816655,88.25631954209695,2020.2015261020515,2002.9034423545572,2008.0652409443414,2027.095462681807
37.021805513042196,85.6797817440271,40.73447081842086,37.04519565270877,2041.7623351034597,996.2870964443044,2000.7645867693834,1017.7129204717808
38.99841089686517,89.76013459926106,41.65015606361109,85.39506077694553,2031.438360512693,1942.8770502562024,989.294965184203,977.4422005989614
39.26007919174019,39.179923027703595,40.87619127397197,92.1898713771969,975.3175090621596,2017.2244388902723,1932.0446592778096,2017.3596674663718
97.83569328211541,40.268145913146725,90.8759182056207,37.57130807267913,1002.4106264718057,990.926450419292,1958.2221347223588,1990.9834790586947
91.27149473832388,96.81148275491833,84.53368904543922,95.8815849028235,2054.30859461142,973.5464079948042,973.127061685087,1001.9708546944723
95.85541936333894,90.30970281224245,92.05476938851339,97.42858622891943,2043.4307050287844,1991.887999866373,2018.228620457926,1005.2902281320039
91.51781450569575,91.50559094651128,37.58841114494058,96.66818725021128,2013.3375008917112,1974.0584538801963,2030.5996756516151,1052.5557036882906
90.49460387702126,99.28251241803369,93.75335031007654,87.14898670740305,2009.8685283765526,1019.9665300998442,1999.48085529131,1969.9630187952469
89.88382973733376,40.85022986836489,82.61518274647946,86.27128426624901,2023.545721069446,988.1760881434288,2030.1612635393572,1008.8683320556053
94.7906848925742,39.36356379020158,90.02853067358683,32.98616872613246,1991.2015031338135,1988.9225306982225,979.9413623190462,981.440421187772
87.36126896825238,99.10589262949114,44.64736212462654,33.95009268901714,1971.1206618800566,1001.0961102058438,980.0299108323281,2038.8483848756146
41.97981580734613,38.03967180463109,83.5265967241489,89.56272216078449,993.224212583047,2015.2119740386993,1991.1463658663488,1012.6669859714466
82.03691806608975,37.57925200731778,91.37384120506233,88.05509166562841,2047.9697674614317,1987.9427056914838,2000.3634366983338,2009.2683778302462
89.54107950018349,86.19543658941318,94.1987659181435,93.24453468577478,989.2970743379498,2007.5616492086776,1960.9503016068552,2024.2802544712424
87.50008791222571,40.63240698828005,37.643192645328625,92.79311211632958,1003.5829606432412,992.25440799443,1980.0130960530796,1000.8988534530063
38.30852672748532,92.98108738921758,97.95128005400181,86.01569641341476,2006.9363885918622,1974.1401601981229,2044.375196469358,1986.165237873186
37.85404798328341,36.429333292594535,86.00454457133148,87.27928635074305,1995.3665707133778,1962.8013337755401,2011.753370674313,1005.6057692590133
92.48779773259449,92.8375724251873,93.95236737977741,37.822832861447445,1991.1168631351065,1994.0200852339094,1976.698948080258,1012.1344122969822
92.92078346979535,38.40508206182537,87.95025422463054,37.12583965831413,1992.5125149269272,1005.0556737907284,1020.3699403915352,1021.2594843508823
38.904567326025614,98.0481673352385,87.12299476558016,85.8226753078867,2010.0670346567824,1012.5800396677043,1029.0850898135714,1029.8570658678636
82.408135310838,41.261505672885725,50.30191751394479,38.31713104819954,2034.183068843506,1002.3362695655085,1935.920766130123,1952.8794851101575
41.040464649158636,43.03609090505138,88.55870726110018,40.17354588578106,963.8744056617898,1957.430427555956,983.6558185678208,2016.2350383883156
38.70977389747695,86.61197552067424,87.47854211386799,85.87192127211439,1990.3658837883115,2011.6643904838477,2036.99608557027,2003.6469750577223
41.684202540836026,90.64366005610633,40.697048722659666,44.176895985886354,985.865173064373,1952.904119050342,989.0550103319666,984.0152151943538
98.21851184830487,101.26604045071396,85.45724868734807,43.76694620581016,2019.793708470697,989.1794861419106,1990.543854359266,1977.9591782562266
47.510883284794375,89.37550694995299,88.25949222107975,88.88940534660502,1977.491349823533,1956.56222447477,977.4142990681796,1981.0584406250591
45.13498766729701,47.01980095029539,42.4362985309713,45.3297594829136,2054.0493418102114,2025.6874234491595,1046.768773830526,1976.031738314971
97.17612176768112,45.517001430067914,85.79116641747355,81.83592962353856,1968.29432320682,995.7006866751243,1993.3618394007033,1062.1543621905043
47.04179739115521,46.482826262858055,90.55993398478971,42.83141146407006,2026.7147701630054,967.1317432806518,951.0000621459366,1092.3880692730722
90.87192218674893,88.54508566196513,34.890580399297406,92.56444462037135,939.916758068277,2029.1840135273665,1987.932550055598,2008.5356984655843
91.74419759097313,40.73318846801082,98.34668528636223,91.55298528600686,2004.629220466456,986.6063526801557,1969.7802260796716,902.9204900236884
82.21740287824223,42.571707299211695,44.79421708512415,41.73848581147694,1961.2361086721266,997.149449944931,1976.8570296465896,984.6259412394672
84.66248873558382,95.88177351782144,44.1311004397157,81.29833440308559,1970.2685707844255,1008.8672698095031,2024.3162757316602,2041.9141614891903
38.67800663633888,89.01794560729448,43.276586581135014,90.42409358048305,2040.4702246595123,971.591467525148,2011.2813767234766,1987.0305258142073
40.12523567431527,82.12505574836018,40.41839870406655,92.22368704235042,950.657082142957,2058.3277603431816,1993.112877886481,939.2448847324281
89.37752658182103,83.59649331534874,92.96034382187301,96.5488144507249,1039.339747902881,2047.4121160721425,1971.9428307579858,1962.4287313926309
89.73533386110441,44.3799840993158,86.56883986057217,87.08285291457933,2017.0526026908951,1033.4325889249697,1992.8050914969149,1981.4884202758624
96.50827699076127,46.78622284454083,42.616703424955915,91.99939845688695,1115.5249706727727,2024.908801579076,980.2865768403776,2039.242990691062
41.16581229211999,85.14667609853039,87.58057624388101,39.341862949553864,1033.7621742229426,1993.4026087023656,992.2004963250628,2037.7296415862734
79.90243721535167,82.54293080053937,95.9011806399348,38.77219862210908,2040.9364136580568,1010.032376072277,1995.1080324706368,1991.3731598572447
86.20304699340785,38.78086383246742,97.95653818567054,88.30822530582516,1998.4946580999244,2014.7277607373078,2015.5613606435777,1985.4737590518093
41.38537975303218,91.40193111292544,35.818074837223044,44.07012362792096,1986.2859588481094,1992.030713297713,1977.4585968512167,1989.3970009195673
83.55007275423102,47.57757986962996,84.92645745286384,94.37573980968955,1993.9645987628728,2007.1238167439742,2077.5726071309177,2024.3627827361286
92.99736893197174,47.00124026114442,37.01160007050156,90.29074285173853,1965.1377902012603,1040.0129157039823,2015.5580889470882,2022.079750137124
84.26124242340723,92.08650428032168,92.22092958574439,88.85874247883054,1013.8852438463477,1981.8050226108928,959.0729111902573,2007.8202450382046
95.25972116460501,94.07440230667717,89.07976168320826,33.038548987140345,1034.1357207540316,1009.7776027848156,2067.8003594116385,968.3659423403666
83.17301393893604,45.816168201127134,46.27282096974892,91.89884203218611,2007.700989785342,2067.1435863112,1022.6408406967,959.4064889201893
84.10221780386236,95.45524625269216,41.94549506832246,43.23624202958541,2031.4449777053667,934.3300989859019,1021.296721396588,1024.9524208850135
87.3310296658644,92.4734889901672,87.92095414430183,79.7380792202339,943.5914553488851,1972.94534104437,976.6358062280763,2041.1021671143658
46.05946210426666,80.87402611157688,49.40275512701284,93.80669677813147,980.3055273710436,1018.4638747565745,2005.305426828033,2028.5262201545963
40.874256158049725,48.93961448878403,83.29607951636285,89.4553103088795,1051.404508837819,2014.6938880956543,1971.669025413161,1016.5477549214454
41.86028548828152,96.5646250307252,41.32685587336525,42.40976408700058,1033.3625975578993,2026.0025517536653,2007.195837298011,1009.4778861163127
41.66941290481074,89.23186768821556,84.345791886847,47.06297445235673,974.6666688180004,1982.597930464257,1008.515178463577,1031.1044791066251
37.16660131868834,90.0580843316743,42.460640503177785,93.75758396337623,1022.389197055913,2034.068420595922,1020.6099461046222,1054.036963244892
93.0025369005588,46.50690945869285,94.23759992583001,44.71396045044625,2025.4780852640104,1974.74879567437,1020.3713832532096,2095.094691762626
88.76526725939632,92.01947646826201,89.07319185578604,45.85946949012404,2019.5670011986258,1986.2915647985546,988.4852908429048,2006.4932016580938
40.98200158612206,45.9471970151763,38.45772356988484,88.31332274994685,1024.789476181829,1990.5246604805054,976.9904350470747,1003.9291527343821
81.4732204392411,44.066129522415494,38.16770281603518,90.17632794634011,1050.6984192913233,1976.7961602518328,1007.9561018390889,996.7026040891413
86.274810273705,43.21279561651527,42.893011544721475,48.97323054226193,985.5261817948833,1982.5887105233357,1008.6480115916822,2003.424351667416
84.67199296903173,48.15976293563502,49.37136117707679,88.61639890844575,2013.3831208372128,1009.6838365729495,1000.076213020466,2034.346741715676
89.54832048192264,94.91696776526643,80.43313933022543,47.578248306816185,953.146928012311,1959.8853540921828,2003.4003101006426,2032.4619051347531
96.69318472023369,85.30558098529964,47.007719330933845,85.91584138402528,1023.670534808555,1991.4609353137355,2031.979976035528,1960.5921254286886
42.6358589617579,92.8608705072178,80.93772588738688,88.52541201729025,1960.935531828542,1943.576424961411,989.0747129676931,2034.9475737613843
97.54568210262217,84.50192031208593,95.5434060128699,85.42628031647327,1018.9859163666742,969.4975559052124,1022.6343362154422,2060.5764391342045
48.832447211714516,41.1835500455551,91.193422673935,87.1691348529944,1047.328145293521,1984.9783730034653,1033.1141444883806,1039.58733514876
51.28584130792095,86.31011547478798,92.43124373283146,87.45503294757003,2053.3301176873356,1981.1516008819492,2015.8120435442622,1041.9341815886125
98.71176910573747,44.81950904613694,39.06862979701581,84.28289670983891,1064.3135259952562,2051.192058764025,964.6839962847472,1042.7396757189897
91.62677248711645,92.2822495574213,86.54294051439022,36.241401366692514,993.0386541251439,1030.0061353804062,974.6170807601683,2049.369227577955
83.31632237917651,97.2786052644352,42.298744765805466,97.81182125126598,2005.9267764356146,1984.309272583508,997.2173468084545,978.6921829466322
46.181150560210085,40.27253922734827,90.34904562124336,45.073400956653046,2018.9265815469766,1984.5683604947887,1988.5090388608123,1029.2135934494777
46.92411871269425,33.87993295443219,91.27872237501795,93.4876228201707,970.8675715230701,998.6821297608542,1017.191284323455,1967.6534573543402
95.34005059036687,97.87579362567075,95.01262069239975,35.511291118901,1047.2673498008126,2029.419062141378,2008.316928062644,1018.9111815345339
37.50959435028553,91.5685444146482,88.01491373390205,85.19638674015957,2037.3577250168767,2051.673702877284,2043.6694924983467,1019.7813080662709
38.2795387806517,85.52120802234658,42.48991350939863,89.62861916845763,2033.057415572432,2020.1187942844012,1947.9908858559677,1990.6211226377798
37.64355673929879,45.27173744454807,85.47861442645042,38.29063976431698,1994.5903638580855,975.2873312555834,2034.4232654474522,2035.4187675624362
38.39637052656428,98.72190564445484,85.59256226484116,39.41746075519535,984.21867685079,2003.3659036978956,1017.1949459107117,1978.5707575933845
40.77105134657465,97.15606889092084,44.827552565643956,42.07679873454485,1071.6476989956434,1965.865421487306,1946.6349181803341,2039.0995842734976
36.309808778253085,88.08555389145963,91.18004921682905,38.60237354639086,1064.822001276846,1037.6097413874145,975.7094177660431,1973.2515773887587
88.30155310228174,79.15991983793955,88.32971812984874,94.92084182908192,994.7560859957098,1092.0673119257553,954.7878563172244,1021.8336707385563
93.08168932401976,90.30133647697924,83.95513329000319,93.96649091730809,969.6209869269073,1077.4829267098953,976.4834763919282,1977.5990868996548
99.62685967764712,50.916163099555305,37.47445804551406,92.51081366311982,960.8774844728957,2017.9922005349415,1996.6110261248025,2000.113674034349
39.80938873784365,92.65363950157214,81.13978040472912,88.81795061397918,1949.9066377894947,2058.9150850893434,1993.86196575193,1991.7484075957873
44.32619507333697,87.40635442455546,83.1161219427295,41.11463046424005,984.7474594319821,1025.0778490208445,1977.6298185139021,986.2418683226698
103.16335496625942,43.11698304118662,92.83772927924723,46.863566315289134,1041.1494647589993,991.386175112945,2010.245045472202,1989.542173915988
42.764822938729154,96.31461786047639,43.6866057387159,80.89859440765082,2004.580171421809,1975.5068733405171,2023.8090514725511,1951.4962268467793
87.1627637759297,90.15585079813766,44.173661925478996,82.35435513091917,1939.7104424965632,1052.6413267017228,1933.2644451505043,1010.5397550321575
86.2505965371224,86.11386710936199,86.20780382880692,89.73803848974121,2021.5708844894386,2014.4274473119285,1996.9345786609967,1965.7689831883097
92.35008677118499,92.55263899305606,82.3569170832815,92.05672561666623,1990.8609637174607,1045.1270602589161,2057.0867363487773,2015.9807117156915
92.51374663029314,43.54681795036575,41.39296222873274,97.62291985654227,1056.473902363904,1022.1041919240188,2048.5050919818873,2011.8099801091669
88.61927991481295,82.17961961816775,93.4160318250904,92.95968997705701,1023.6726628321245,981.5937389366945,1986.329213622156,1970.584190671561
97.80381357268378,44.455262478841405,48.190093980588614,43.30229478314653,1026.931642962104,1965.9752344832032,1994.5958551469244,1025.9459256834764
87.91377702244164,94.94734982847169,84.35614058589057,38.23734653816942,1051.7974315679915,1044.243304542296,972.7139145200379,1947.7585145612734
94.58009799758736,53.03736678451571,44.55856082965369,33.57718142461785,1978.8282388405562,2035.1658130781573,941.196457240328,959.1131015832875
88.72712081368783,48.36702046858354,90.69672324617775,92.51328995149579,1991.169869877898,1018.569444840549,965.1351288258954,1969.7414416759777
41.76481562088668,76.94428215625406,83.05973581584132,89.05719857130259,2028.707421959807,2020.5313326673452,2005.7806440031138,955.1665454560698
86.4976475067158,87.2950334525054,88.49478249626473,95.32085439973241,942.5578560424553,2032.753591926111,1967.1652191367116,1975.4154553408596
88.0421285743331,78.44625524904335,91.25154152812884,42.26601126328207,941.5501269220831,2001.4447727897725,2015.796412749168,1970.5949891259888
42.549680005143514,80.8774658553014,40.841846522504525,42.41348154832954,1997.4062790343728,1990.2868539398514,1974.030198615252,2023.1548192810346
46.13237280242735,42.14351389364211,42.84447031994242,87.83629872728612,1974.901779036842,2034.0617623145652,2013.5755891720055,1985.30347304664
45.41952687853641,82.72527965071266,50.09127988600273,101.66467664971708,992.0120050488484,1029.119250036869,1006.5091907607383,1989.462932915298
42.48241601173648,45.1893159436769,86.90094310638538,96.42180177929949,1985.937323965182,2005.3531675181084,1979.4866246034971,989.1321324783802
32.34578204366346,89.90197411221216,43.602887846132354,85.18860523845638,1979.6694159532908,1988.9294955408159,2039.4413416267817,2023.679582907546
28.0480579491563,41.64217112126857,43.03642388661977,91.60605874758514,2004.3267916404109,1039.94113815032,2030.0316116592537,1963.6643849368488
36.38441676093439,88.32295615686084,86.12132428005977,36.7628317747291,2042.5526055139803,2021.6540801192896,2019.5797156359492,2041.1457872537424
40.11854619651976,43.193361338298175,81.03194267708446,88.48680904754924,1958.6946330764963,1024.4023303979302,980.6726555076732,2012.205048382556
96.43573350100166,91.09542354450048,78.21774474951252,39.177632564491844,1995.1547437109923,1991.698133845607,2036.5742327624396,2001.610963448059
40.918405187407124,81.06562039686166,33.48562766602447,90.40821898663846,1034.4866194924314,1001.642869625314,997.1505808298164,987.1281769296526
93.38743816984187,94.00989568533275,83.30826495108002,37.25904439650114,1993.512261901772,1979.5199141163507,1020.4218077587539,2031.9436747779341
40.67804975258087,44.46314484840778,88.67229673725674,83.07615694733082,2046.6927849342674,2018.1404596072136,1000.0905709694424,1993.8823060965606
90.24212180758266,92.82075639495858,42.57468303981065,37.873127075950755,938.4036946631188,1013.9284803382634,2012.7025405666486,979.3321873574507
89.34642545989026,91.28295725023298,46.05443682947512,40.439692304216635,2003.2215985590553,1979.9722759437282,2043.6438365899912,993.0620278476815
39.77345028854395,44.08116964786421,44.01104930335624,89.4570744529199,2022.6158930350684,989.0758451546602,1004.0134404346627,1999.897753569259
44.13876860587909,82.8148876017094,41.66767541741986,92.00574008757535,2008.9352463035934,2003.0713370216192,2025.4668056744842,2066.6489235237636
89.77171655453584,93.59769134904904,92.75281072604074,86.81538572578782,2039.4384340402778,2027.1685221083026,1992.610399037674,1997.023182237096
84.4627373653275,88.75885805361332,96.47497874971222,87.56363943309019,2050.6425155824377,2010.7802923683391,945.3403406699234,1938.8732547807585
79.57935405307387,89.3459330232261,35.02447856431702,39.31284953924619,2049.9418090639665,1962.8116671233463,1009.3020278355987,2028.3253282737687
100.01029334728563,45.24726589827357,89.4270111914322,87.64810825320967,1027.410654620421,1980.6926368859718,1035.8629839806756,1988.314765906806
90.2024598453409,93.70147567129321,83.42270542776157,85.11501292233507,2015.3407853522417,2004.7919304982224,2012.3882763741067,1006.8801662276744
94.90982766450227,84.79198026317074,86.23764759451429,86.82000008703308,1991.2627167547012,2013.567376915489,2037.9555826239869,1999.0281629254039
93.1627615243453,49.15948544464875,96.97973247606286,84.97415020719275,2029.9133033058356,1975.4458978716875,1993.4399872399883,2037.8083786358793
95.10038509576702,47.291856996058065,80.27854509406409,87.88520972071339,2018.2209677056371,1021.5395504270216,1014.3883239913231,939.6991640577927
94.76505135042247,40.84954360164198,43.23284214999556,90.4882787810633,1969.714585033874,1989.440916966499,1931.2556087610553,2024.512294658322
82.73446907887686,44.15184233208052,87.60151016732712,48.85351121086371,947.0979838412377,1969.6819018373221,1992.409051973719,2026.7539905220226
90.62994069582874,87.02364618494742,88.08605681935639,92.02660575705434,993.2371966382913,1070.4377888354113,2032.8253607133915,967.9393610086626
82.09623618708176,99.6783896037904,98.2137828470169,84.81714838711733,1990.6504377308115,1994.793464175123,1013.541382350485,1021.5509108940281
91.97027284908307,92.13226137312573,39.201845746508106,47.94336828245197,1989.8017688038685,1042.1594791024154,1000.5951514050798,2074.1943780371294
41.820730456876504,43.07249411402957,92.81504653617621,95.80667504697634,1954.896147061682,1977.4709235863697,1015.7258783626459,1999.4981032491362
85.90250603557774,91.09548687531493,46.65147121226737,87.30440014125195,1982.2662652675117,1998.089486751252,1972.2077540881894,1993.010130154167
37.801775062867364,46.555218662738525,42.882129976869,38.95526669213034,2021.5930894760265,1984.237979794303,1003.1276046272668,941.4231278673008
38.74714734381399,45.60543982927064,89.52566729479229,89.19887759573609,938.0587693766064,1964.4785824017022,2001.7150725959136,2042.7801311162443
90.21325047754202,43.36987778373273,93.94672430295095,82.4641086379354,1960.900715416419,1033.299351384717,2018.5850779951522,896.3904051848881
95.88082973439846,94.24301684769841,80.31900150929165,33.11131970924735,926.7791066702755,2005.4241240462995,2022.6067839612153,910.3908386495929
87.4187954553971,86.40484627084952,89.28071244916775,96.96391001102509,2001.5288463254985,1954.6045332902847,2035.0077976993696,1998.4315677179734
43.0828353594957,90.50476443631597,38.583998691787315,41.75323591894737,2040.3865415523721,2013.8981973524712,1005.7649334973764,1946.6125314500023
88.92050571122381,87.38141059860673,91.14929594970448,38.28453969808693,1031.3593105397433,958.4118138918536,988.3884483247939,2037.3507099006004
45.609776491605224,86.95181417556812,37.418852402131435,92.01559105844485,1985.9754182404808,1005.8104563557827,1026.2870962343868,1970.7864465471268
100.324340262096,85.81521117237256,37.15532777530492,46.22913058296807,1991.2189754844194,1053.5400136180886,1032.1955664296972,2005.3285562682488
86.18700301986865,45.89059926167891,40.30881182247617,85.2169486851712,1986.4696010501652,2057.698285710814,1956.7331498688686,983.5725124631389
34.06912664851378,41.34175740503862,93.04685546191733,86.0356172175015,958.122447643788,1952.9487436318066,980.2270037836245,1013.329754396349
38.252301747734464,45.86908865536158,37.564067302679774,44.607466868026876,924.4116679458734,1972.162142989489,994.5642407556888,1960.0005239347822
37.04815176220332,47.90714273134318,88.65427001719551,86.33388430484227,1006.4051174014646,1967.0781994359684,2027.376040426411,1005.2191233663616
40.72253970658475,83.83536430082091,84.00993336398611,94.93325438679359,1974.9856105785325,983.9798023359767,2009.8515068113234,2016.9770656958526
42.03646071184889,45.60027206370393,37.81914849561872,79.64820463264718,986.3695271671954,2006.1631513914604,986.9645336527756,2019.4250088629492
44.272130466042235,41.53011644939464,93.67266491575649,104.26954094542627,1931.8941392342485,2002.6924185053936,1999.3908099118566,965.0997041315247
89.40868759354971,96.16638860707698,88.75026949402154,93.09112990557509,1071.9190946181857,1999.4438295196574,2006.9471203330786,997.73644722417
99.30900488198891,85.10525035303739,86.61494782945016,101.51597891879798,994.1280783443947,1048.532820247536,980.2678832629888,1045.7732725640192
37.167489524207824,48.973521315607115,84.28880561504029,95.52351602473595,2019.6776265291492,1984.6766341260347,1973.1847551926876,977.9534152146023
90.78794926676295,90.91160519679599,42.7644763839745,41.38882246018402,1999.9713714561772,1002.726587517792,928.2528239673787,953.6749641027552
80.30396741520578,88.17497935556604,81.42616934047678,46.44282145370992,1941.3141244656915,1973.335117086464,1995.515906716757,1987.0564399344005
46.50163204625734,89.67210800638968,104.48980140891219,92.28930375921054,965.4066778706311,2020.966435509196,1994.212373517563,2009.2319511590954
42.70385993169076,98.31239424004418,97.35323621845023,88.73704247018942,1993.7332694520744,1992.9067101972043,1998.2338266500935,1028.3135228538836
95.7747174163859,88.87584277586102,94.53434890027606,85.81425303058617,1072.8392735666241,1056.8308697742516,1040.0483763701804,995.4406332967467
91.96989066984747,45.633713123242856,40.234688452883574,94.37767855170549,2006.3011670145852,993.5977529406155,995.7643214479988,1990.5095131369912
37.942240251861634,92.25209510139265,42.438158653981375,89.83617180308717,1994.2431246913532,1978.4890918860547,952.9217561821599,1958.660532534925
40.39519264157158,50.03365164217609,43.729877366060265,97.28129190239824,1981.839596571803,2006.1460598343003,983.7988313183612,986.09571655115
96.76028722270325,46.85229336300693,93.73630816894864,96.11447296357593,1952.43229160066,1971.3395242638294,1004.374008834666,969.7324470080372
41.940028779399114,94.19201198412804,36.05137588234875,44.871053552485094,973.9892438037668,1971.5224737810408,1980.0979738886435,974.3080468275571
92.05053447158384,44.28385966527527,87.98874811056919,51.484323451051054,1983.709202197351,1034.640395559686,1015.3524492830069,939.8176933545935
90.07379299755755,42.22582009247682,84.25900279507992,51.0616375053839,2041.1178115759121,1996.2633259816175,979.5145431364185,2026.0683377654357
91.63096950688197,48.11724223141464,42.49148985301202,86.38381527307094,1992.9712686945625,1962.0763631450889,1985.0548628337522,1022.9038233926826
80.85917329617746,49.07106571652034,95.20269866758406,89.87178931277568,1979.9603282912822,997.5428647218059,1009.1324451683807,1006.9598567925892
93.31445812148839,46.87649964463964,84.66376740660874,43.813884657472705,2033.3078365117476,1030.5688510172931,2012.098572243972,973.1790444851013
83.49516414891036,94.27381888260902,91.54027593770111,42.58195309750768,1971.850482247937,1968.6560033927738,2008.779226980666,988.3510739989217
38.92788665646542,87.44580258222616,88.45571647592934,24.75541523378669,2009.5510797459096,1928.703150937563,1973.4096663195774,1944.5773444015108
96.50943777404684,91.63627471261482,90.40583176758742,84.06985925137596,958.2289763335095,2027.7491881878507,1980.6681339901181,1006.7127657303175
83.34693956609442,86.35801707034815,39.98291040104685,41.27419272431878,2009.0157838025907,1015.2035218126368,1002.4001021875798,1955.8888451840926
82.71596167059128,85.14728007697067,83.51548085975122,84.89236401909727,1982.561186996019,1977.0090674685036,1035.5904282477256,1988.376896270947
83.92338523210117,80.7005008815085,93.11685138729317,83.02457603161494,1007.4769659825838,952.4592490001033,2041.0917499864356,1997.5217688245139
103.04761166163533,86.0341257732634,39.59603485021887,96.07543543730046,2016.3778318329573,2014.1539736703942,2051.8863249738156,985.7730420482383
83.41482019128892,84.73580492975702,38.55697886216754,88.49986127992703,1975.356211405843,1058.5069649018596,1010.1960443202422,915.339766384312
30.083483750864858,45.623253928097284,99.37535220325707,104.04434743123058,1974.4558021078285,1927.0290519165928,1005.1047137463529,933.6590091080011
89.3675376724347,44.37848060949088,83.67059563454728,91.25003480037499,1019.6483948539844,1982.4770578056434,1985.8827493041758,1015.185648573547
38.52602644813842,50.66738152545318,36.54114902120406,44.157367149022434,2038.1378339995188,2003.4303575809297,2012.4339197640095,1972.0383441827719
97.81821730682525,87.13398387333527,93.50917136317904,96.4456802318691,2006.5470747069057,2017.232460985333,932.4645028708784,1938.6060881104706
90.33694266678175,38.0500333775886,86.79673122273543,85.51160030215466,1983.9459323888718,1013.563328551664,1977.601153627714,1966.9079998477648
47.24223318430555,91.97912558978305,36.26346212185466,98.52072354766203,1026.5172826631494,1965.5955654896227,2036.6199219318958,1004.4675799558152
88.37713141821564,97.06609100731932,86.22502506122072,43.85764635945142,1014.671734093558,1980.742433446876,1952.0768547062323,1997.1555996547881
49.11859829648873,45.908845312865,93.41158575729777,87.46354372750764,1995.4007708876238,2018.159336405211,1988.1463406912164,973.7969229113835
88.62880136081256,86.92445791514179,40.69215757696492,42.53417205992141,1019.8164038838825,1992.5495557764634,1021.825220585118,1999.4796605788363
79.2762736302183,89.5644531836391,86.91734992721996,44.55840289115038,1969.133069236269,2018.8071398122222,2038.1224001872172,990.6680157590757
85.5236748781104,90.03117232673485,87.0873555290964,40.60516483961918,917.8276487430385,2067.877630314277,2035.7841786234371,944.0680652694543
36.791625902512735,40.58906046363716,88.86637211045232,40.69345115456375,951.1052233467044,2020.3058930305724,999.1964609713814,2013.4964464797279
87.11582644461683,86.28670696962483,86.81571125494236,86.95297319285889,1974.0102731337672,2039.7003675881188,2028.1438455224122,2011.6093858688503
35.972180976788366,41.976138489531515,43.101376172519394,44.298864320874245,2024.6745741072411,1968.8096242939407,2030.6034506143005,996.6247016087887
91.25132414277523,88.232005015455,88.84909977561921,97.8096110592669,1072.7179169963551,2008.0980817664374,1994.147309376818,2018.140861912775
48.68650018862053,40.139444421199556,86.28645105059763,42.50664192594179,1972.9175927855586,2017.9664289027087,2019.5437962014232,2027.2916531741162
95.08545908542831,89.6657105104379,39.86409891890479,102.30205626102314,1955.6434285671855,2020.7178212461176,1002.4894565660524,2014.9055531749696
95.40421011069925,84.04694136067246,38.617342031322494,42.067688547538836,1992.544339294989,2001.3623296506582,2001.3034158392536,1976.088415538125
39.139933128494164,85.45577572998845,35.910178761223875,90.9603686258649,1972.727459629513,2039.7020454224792,990.0067015385367,2063.1365915655483
50.00743154598902,54.99653995190266,91.77196304613983,91.80161659428478,1020.1590371524275,1014.2156123128484,1007.4404595881242,1013.2431796052382
90.13289342422327,45.49136043050565,91.14453276423001,81.82307465638206,1026.9207996173543,1002.893176393575,979.5125747041673,1984.1995666282382
86.95877062343541,88.32074576826822,87.03894249828781,39.67577500216314,1023.0728575770936,1979.9613776048413,1956.0851905410407,2014.8850047719586
45.59330743019095,91.66327855597004,40.83607679870063,88.07728637145087,1986.120465883187,1035.2995318511707,2003.5907664774738,1073.2481079903469
93.74104915349763,83.59177716334796,90.77051747106314,43.7335741190978,2010.0920092265642,2008.2827797731547,1040.6863034764638,1989.0840351947306
45.183594442884726,89.52709768865702,97.23061627287915,88.0920073859011,1925.3292965695452,1913.4356206294308,2033.2894771032347,1991.0407554302762
88.25718573012341,50.44541036825537,84.58833287897872,97.18735938056776,996.4455962282168,1977.0472413367163,2009.1113056567551,1015.4502145839606
94.18183630545377,96.66161376644456,43.69736056886096,93.8704926438961,2027.7406930860893,2014.2398765165367,962.3527157787729,994.8325678347715
44.82286959242324,93.34394933523714,89.35335511813399,43.783896602568504,2021.8911438503874,1955.441073547755,938.4940434441586,2025.279276681673
42.73093936047729,92.95297209973333,39.77437547519247,42.917922324128796,949.7381107048097,1959.9204117865743,2048.973549287741,1975.0652988721904
94.22289551639798,88.99438907614936,97.94357154870305,42.60732309888234,994.6740841215367,953.7342207899292,2002.0367109889082,966.600708902529
84.7534461061628,84.24934336921646,92.99122908401965,87.99780037274591,1994.8760543239891,2008.237581818153,1003.290525223408,1015.0189538712787
46.14128160679843,80.65794464237982,39.98278117099977,89.41398902819118,980.5420844171755,1036.2974070858352,2057.3903341045916,1985.2994896863456
87.19569226115465,44.93204775303068,92.91021531175,95.88774559380695,2002.844211227547,1946.4577499486277,1024.835156843618,1968.5611986427984
37.210800244922524,89.70672130175006,46.09001135458355,48.263069268782374,969.8906203285195,2001.2882816566137,1034.4734085817952,2051.2636296151722
94.19287096355605,88.71889412812236,92.88236559641324,46.00043767380494,1053.8211368779578,2062.2185478320343,1977.9393283253555,2002.978736324139
86.78876102933833,81.45269018423315,51.22088375336327,92.19762757398667,1039.8624402817022,2017.7695476198262,2001.991257584218,1932.117099683468
90.44649319382847,51.40473248567521,48.80726676840018,94.46952222108919,2015.84646946898,2025.4858675911983,2039.3717939243752,2022.89879608314
98.0723928518108,94.07564585619396,42.450131086258736,88.93196721183378,1040.9708566491136,1972.31653305028,983.1463337420375,990.074411348224
88.66003327235825,92.05620396873135,95.23242907389849,90.75499470023038,1037.4295380970912,1054.9940515089752,1986.36768470781,1999.5291429149856
30.76731819858171,45.961450383654125,88.67940402148017,44.59140255466052,2043.3298216366416,1045.3262786303926,1970.9094817390708,953.6749217938129
88.68804154486669,87.112221515826,33.904776979622945,90.22729700527618,2021.3637015107577,2012.0137639180377,2005.3650063994628,957.7551436363398
43.87698528670161,48.590876426556434,32.8404111901987,46.675557321330714,2007.7746244259918,2024.7988887829033,2011.5090970605072,1945.3115084382819
86.44957709536929,50.358366498119565,41.321731143007355,89.00747950453571,1970.4708909554772,1078.1645992907652,2023.0420498076246,2013.3470938775024
85.41505959140885,48.38879657270928,86.92556941140268,44.8747550977877,941.0320930917865,967.4670499931926,892.6117477344646,1948.8884245385636
40.81857832704604,98.96219800002223,93.84171727646755,90.85432266687215,2032.1621973364627,1995.0487669502525,972.6001726589911,2025.9706201456925
40.564510185602316,44.08211361570184,87.14160551338772,38.97149894445384,1941.840414820123,2051.1203522306932,2008.056971725262,2028.7205931675326
88.18820853980652,90.29288374810952,34.31441280941867,45.719025206631756,986.6834081277491,2009.195337977772,956.9984427471236,1992.4889761394415
92.83600883567384,82.99936921597777,92.12576366939841,45.74463106887173,2030.6376504798025,2005.453930393392,2009.7546699518653,1992.528964631439
92.35719979916345,90.74799947268225,103.41020293229188,43.01409815673675,2022.8324733654201,1053.0845145729324,1995.2684976394598,968.2702903282889
39.37778020044688,91.91079206269387,82.94560013478612,96.33074416099062,1964.7498997268717,1989.9571949251888,1050.1361508776542,2007.2776878999252
93.65909109658676,83.9784484391951,39.70236372813951,46.84101453697032,1993.5997008195056,1967.5079098576095,1982.9570304612075,962.5292248203855
40.86678089265703,91.60071673428857,94.0138107387606,89.39870775168173,997.2062627303901,2039.2445495015613,2003.6402971466346,2011.649756864068
96.55544172011918,44.873931680781716,87.55635170733152,93.75445202444382,2040.9238398948062,973.5709891306014,1945.4129711753517,2023.0697740283
90.22682805004517,84.87753065839904,88.80056055353377,84.64986695628788,2066.830255226016,1957.1168250496755,1020.2955228351409,1957.5341797258432
35.63912494645186,48.92546769952931,93.54461088436734,45.146893990292725,1040.853527153846,1976.5150858995983,1985.5525666381661,970.7994976025552
91.25845822190306,93.19271166449678,87.02917096259645,79.23090105841824,1046.7431345219907,971.2947747595463,2020.808623018497,2015.8212034887088
86.27828789962365,86.06796378436815,43.74030175877451,35.779501015131586,2016.7429699830789,2006.2769541730552,990.3609053888127,1964.4425721449475
92.97354590442028,88.40464479980788,48.61375622087539,35.55759598188646,1011.6038249486172,1987.1925185165064,2011.8903336385215,1013.7370382758951
83.73426085187921,45.08929307912111,49.064412287463966,90.2436665730986,1971.4765957593547,1057.7653965829732,2011.8208297636818,1075.4213062804608
88.4764111232612,45.11154306662348,92.23839058516019,92.72777854784403,1005.5751920699693,1998.03634382586,1985.5474701936405,1041.23355198365
48.798623409085806,83.88905613854902,89.93648470005432,75.62181529548778,987.609812342047,2000.3448141635479,997.3728629090448,1994.9991055516277
42.3098349284099,50.07266117054998,98.62802464305561,43.70249758968448,2029.3343284049245,2031.4005699660697,2029.0807802697761,993.0783658905809
36.60235577829143,91.2298396661387,78.81323324791387,45.36166977671091,1974.2387207035074,960.6942337723383,2035.3557296459576,2001.3325608624612
42.25276995427113,90.09186849256697,91.41257658021131,90.28483399304736,1025.8657155726885,967.1052893056452,961.6568048101594,2049.920933400255
86.5247207205457,92.32087837751068,87.2924687800658,89.47698921155093,2038.761418633513,2001.0011748146947,949.1486247647647,957.4402524685399
90.93008445405444,92.7879736469229,35.91423950040826,81.50757680048889,1001.8268555220304,1986.5827956071319,1001.3599980762312,1966.5650710527877
42.57760644700936,41.845999356089166,94.23436074772648,40.68194855626896,2027.7428342434928,1964.0953473134468,1992.3257473945357,967.9748659826154
97.71466589476904,93.25774354441772,85.41086950387798,90.75643505606679,2040.0968146362331,1013.693602744635,986.5936394304288,2023.6827782616017
38.145592234288216,45.563111641036286,100.47343845388829,92.04194153717928,1980.8318366319531,1035.651009469878,1984.3028880767024,1060.2965290993968
39.105657298168026,47.70493267447836,46.537026415298016,89.59333704691282,988.6579767803894,2037.3603105917716,2022.1758919119598,2025.6374404935914
42.16536405947009,47.18654591969165,89.06406988507571,43.469665049846924,1926.0106707629527,2029.4056560202712,2075.5627416148445,2018.7849145958103
86.61982518044971,84.0772885502553,90.74003180281504,46.16037135788204,976.4955356945541,972.5220924653152,1968.9023491465532,1033.5145226322072
83.90590412873492,91.79578358915475,87.49738433910997,82.55015744122561,1973.4895585352076,943.1948631109399,2001.723768127138,1015.2162750575067
86.02870986208951,82.32929869994489,94.84551947668321,93.83541790150255,959.9131043037962,987.391213302079,1027.6489600829732,990.1802701201577
86.42637587128291,53.201975004745385,91.58827543875438,41.07112344550223,1039.0227981579942,2028.3851390333473,2003.9573947614647,997.0850557019826
36.45296827961852,49.62891747933107,86.75306563802731,95.00965447278139,2009.5175527440745,2028.6767438894833,1035.1563858151217,1998.0951392392262
39.88689458107993,47.0524873486107,41.7230494370191,96.79530280226211,1019.340596663268,2007.5107903812614,1008.7823229498856,1951.6889500226393
89.53101417314197,82.03605349677842,37.619303934763494,38.016550909633665,954.4680101144651,1057.9868626829923,1961.9439193951346,1001.5499242605799
38.309649869823495,90.41455324366143,43.01796467904383,85.29001494623533,952.968276395999,1988.6754006743445,2002.6533912135133,2081.692001750659
28.98087776810275,90.42982501863263,45.91944276222602,90.97891941549867,2005.9372061367167,1006.4192713699783,1023.5322931553591,1001.9243819679073
91.5140347410829,94.97019191524497,93.71946204289307,88.85911355373216,1995.9843725600435,1051.225323268768,981.984682874901,1974.0249340832295
91.32612257851056,51.03908110898225,82.75693546708901,91.14189382085387,2021.6356208428974,2016.901458909232,1994.687084736449,1003.8701950237382
86.98963753654125,84.71593431801675,98.82893335067128,95.02392118650098,1989.202028744383,1066.3004640180268,1999.2067054360439,971.0244392262478
95.10202439182973,51.46697786784068,37.85307345945783,90.34864304588312,975.2193651610388,993.7084860391615,964.1768833267566,2022.8829178129163
42.82139080537618,47.12513489920025,83.31467755896017,45.716972417981225,1949.182892383845,1981.7681428344902,935.274431975865,1006.5265722150169
42.56472234969795,49.792386071688995,92.83391986172808,94.08358744679194,1008.9281902515714,1953.8550088950744,990.2636476668324,1995.7959412332839
89.6283807166982,96.45325507881103,45.827703255151775,50.66292165556217,870.7272205345696,2047.031264675631,1008.3974564573925,1010.4239487689948
91.38943040281694,88.8721469377499,92.39469790829695,91.4294337424106,2004.8261898552914,1005.964529361476,2047.9930626095654,985.3553668255743
48.571753272548,49.63801430140173,44.41318795180621,80.22042829596207,1026.1046178559052,985.3414838713934,985.8677354579838,1979.0607329610004
93.54125699772855,42.73196638418821,95.69265792965939,91.95512667913994,1031.481138816204,925.5847263514663,2014.7218284953851,977.8257450347757
98.03129824620063,92.76720218149049,92.97508075532718,88.13708018619853,1042.1812474905119,985.0924289358318,968.640644948876,2038.8094559384383
38.32050208815929,89.86835797493546,90.87473333864726,93.16103208038292,2026.69457502497,2011.3773528190304,956.5670814701966,1022.0210000584699
83.49797908949893,41.77453107284717,39.59109780263948,89.46003365676255,1994.0843587527052,1992.8408634543532,2042.5939113497968,1046.9076285460183
46.08633264724821,41.74152396530215,90.53273827955647,79.3477847072806,1952.292627202909,1978.002242969894,1969.0437146186648,2056.2263911848145
41.58718272635724,102.0411525100285,43.87853483378978,40.62829171611281,1999.2711782323447,1995.7358291673324,1973.286837181048,2018.986005853728
91.94510601141805,93.7205062659844,38.17526324548825,92.09348846498548,2039.6388635204485,1983.7936768041075,2078.3015600790272,1048.8667099818917
46.39505284875945,87.63201279228338,81.75753922683796,99.89613258574413,2006.816418485082,977.0591033134053,1991.0946338708818,1946.4227289776181
88.10228457027048,88.7535817636453,99.97928504527142,89.12705904760057,2052.5085101968407,963.7220992253464,1000.3889839773703,2025.4738798433252
86.95824405975378,89.19459340461138,92.07338484597992,99.38315260650118,2010.8367130843528,1051.2720332783722,1988.6404359450842,1990.0071864364318
91.15350323441692,97.07899536675653,39.97197480314924,84.32150220282642,2012.7827388093222,1029.3936844214109,1964.4176151535164,990.509671395273
97.63389784341138,88.26930101890073,90.50992964379327,48.08806330185281,1963.584094708333,2095.9229601662137,992.0181561645204,2012.4353228887885
93.31767672662892,45.02123462763979,92.37158749870089,95.4005720489779,1027.0296610227579,2008.115568933911,969.5509774186083,2005.1378817450184
86.09885482014096,93.37175131107314,40.519633884635866,86.36127633801051,1004.0577240762302,1979.3992152142787,2023.6574532517436,1013.1567143999657
86.78164800152102,91.21252342658188,82.3457001549534,40.0852147090294,2006.231347010541,1064.2884292678696,2002.4100386588818,1996.0132129327103
39.517802232258106,94.15687719297752,97.13578641500534,98.3491059236675,2023.626454365781,1101.7271304965038,973.7649668663091,965.5453426966174
87.14007132928725,100.62771376322861,35.976959950274534,88.54251502552073,992.4784945030049,2031.059682490266,938.972380813387,985.2449337303417
46.135684416918494,99.40986267159565,94.96929758296089,44.88234364303585,2034.2797486979075,2008.8936566831285,955.5459205289737,992.8541783360608
98.50387617667845,76.97545571808107,91.04264726923317,41.895823919575435,2024.970940615231,1047.991335530384,2063.5923862390173,1987.8563341734039
82.29955832582837,49.05357710777515,41.120377070214815,85.34223357758249,2042.9985315828787,1998.4789503612003,967.5159758891916,965.9073966929368
88.17221093925795,90.24829663852401,40.55597665040776,87.21058224772037,1999.4604385213504,1011.6745921136337,944.4288467799813,938.9032877009327
41.458805976472206,87.8338978237709,36.519705429823105,77.22712838854734,995.6629743353446,1995.251951260572,928.2657856559684,1977.820073646998
90.51129695168372,92.7493620072002,97.82421844745815,85.71145711940093,1975.0014075800914,991.4337815914116,1985.545386105852,2046.884888743727
90.8482876480138,85.36206729297048,38.55122923621764,46.58905530398662,955.6039203569819,976.4943826960512,2001.20026796009,1979.4233912228385
91.44221621898883,88.87812328900038,79.59131329989854,38.87151485236677,2019.2936699070929,1014.5152393470607,1975.429519375658,1960.397261355431
35.43416974941894,44.37936210649313,90.83579024907138,38.14750285114074,985.0299072564005,1015.0113948174308,1024.195473577981,2007.2970870568902
95.19937280491098,42.9227551196019,36.69468701455802,93.44200092345872,1965.4861901621948,2031.8534185595913,2015.7957560867856,1997.8207813307579
88.29554570553417,47.17479310543964,39.44068972969942,47.35800619288018,1949.9570168964267,1018.4078091540366,1004.0137949922455,1999.5421336580318
32.11780576001233,98.63196677739919,43.584089410208904,95.58480944377362,2018.0407893983152,2015.1683905509656,1022.7985503334988,1974.832368958516
38.036853677292626,98.94782708974604,95.94502463296821,46.54382950437285,1991.947720924459,1958.6057878739246,1953.322671563205,1977.7467236461646
40.722814492376784,88.94519364679753,90.77161534487409,88.09274691365282,1025.3656323252799,2039.3648455731964,1048.2713355889305,1009.6431655417111
102.53852143277106,43.62157571716881,47.97556620325404,88.18022842941575,976.6439156716781,1016.5899171096305,1044.9815175000526,1982.1915442480954
84.34044778977892,93.86911022532016,89.60527350919176,89.91803332722614,979.6312907317936,941.9713783240211,1003.0751969671953,949.1737024149652
44.50292036385342,90.48261833326525,86.54754616178572,45.32885962302797,966.2594432449245,925.0762222115819,962.3389671855623,2031.6602143228777
91.11112244711217,94.41414122356696,95.77423042072782,46.422468117585694,1984.2717377223776,2019.943596598729,2031.6052494107876,2020.8404191533168
82.80291116681538,89.35450335835097,93.85659246904328,43.25711344790102,1037.5946364530107,2019.7084488460362,1993.4117859819712,1987.68439310699
39.79554569441572,99.79975947966861,87.72526677830646,91.60418855394852,961.6683682698556,1997.6753725172236,1986.815481165475,2047.2784145226844
81.24801479690798,47.2115843146332,39.94384257115734,90.04253298255767,2016.1597729566904,1978.3784564010693,1031.2291577622768,1027.1664146486019
96.50574085555292,46.06734964130055,93.95310061750351,90.97039229130674,975.442463378176,2008.0564175486945,1995.8051035206897,1997.1944102393022
44.47414996897194,41.331184024459645,93.25356896439047,35.176301157335686,2024.6382174446471,2043.2530267837956,1967.9689176253564,1021.4964240342588
88.96320481659627,40.44140261066927,86.28996823917204,86.36062912948641,2014.166697322047,2048.0667637574556,1968.1614050747446,2007.95852967264
95.59616711800233,88.94724080239213,41.54964545266712,46.90210882861388,2025.549333413876,951.5394233091301,1990.8961373863995,1969.1179745038182
95.23078042950326,47.74330832585345,40.01142689679352,91.81913264086216,965.3931954529608,2029.1085744500888,2031.9051253442117,2008.5948115470135
42.85817459363082,93.82197292743552,43.46553106736661,91.34205175402172,1003.1196348614847,1051.578109566788,1964.3242586743097,2036.5596607190867
43.09214388601011,87.59431067323052,88.73075052691178,43.79932526379304,1995.7649355290184,1069.415804798806,1016.2985211806788,1991.2136627506243
33.72754190620319,44.720773994653065,37.114949601506765,92.2869977696286,2034.2721108710957,2007.6610051408823,1954.6689230769277,992.9211027802614
93.81093760556497,97.88002537219771,96.24952667819159,85.60903900171195,990.1969781884595,2011.6642008743117,1946.1561880088332,1014.6232219577187
86.70679743036561,39.639246488904405,90.0918764228827,95.9486236521266,1990.4082199535894,970.5635662691486,945.0835721603862,1954.4974171129472
89.88251312356392,93.66318130647144,44.53656763215908,89.2569628747576,976.5897202233747,1017.5778345559611,2019.8795007767105,1028.489018926726
46.849732614265506,46.30087320834569,91.9456108015785,92.01448372235765,1013.4764305528846,1045.4119645073151,1024.9871651704616,1062.8705125357108
45.41237874919871,45.15722515822516,95.93305693672785,95.99539339261457,2064.676373720128,2011.031162950059,1012.4206632673202,1978.6516191876888
94.1229431711012,42.229649881489564,89.90857989319841,98.83219809037168,1959.3611525917256,1988.5192754435861,1021.6786728951961,1114.8916073936812
45.881400649435804,91.50507679364051,38.9403828664929,42.98657162167756,1963.8256620505279,1990.2640018032814,2010.4207397685118,2020.9268327704121
41.761210715779384,95.06300544233088,89.66340187253095,99.23186576469519,1986.6278911618201,1920.344991392572,2002.0217993995411,2034.2710335339434
38.31302316311924,89.79015878453275,95.06314187633713,87.86183689356511,1994.6172500101443,984.4852000003591,1963.1821833017323,1058.7754306220359
40.22131478277936,92.02943600098114,88.95217838436363,95.49089037983448,1958.56038955587,973.7676971222196,1981.571781114742,1999.0587153527513
41.503074825101905,50.12926108834054,41.72329743669523,47.29394343855829,985.5418064954845,2025.15994932016,987.8865736823233,2028.1176068517086
93.21573193029457,48.828936879672256,38.09663574244399,48.03299788670557,1954.7882655722306,1052.2891389727902,1979.558372878849,2016.9844231518598
95.00400841635037,87.818666787743,96.91978729904257,76.54592290665083,1971.0120530353795,1033.1856000904154,1987.416012469887,2009.27306519558
95.13184025216546,50.19956102159771,87.13485328827147,44.399208240491745,2018.4482256647875,2001.1200701710634,1969.621121038488,2047.1506525835982
96.9017281472127,91.82764045353669,40.14521834860889,46.474308802893745,2025.7201221657654,2002.602436604963,2009.74027426637,975.9461516500035
85.75150478923591,82.26017942984275,82.25066953242266,91.66916879922726,2026.8398446258716,1007.2990363899488,2062.566780972962,2014.8256333859524
40.55397299924455,89.55425690562178,46.38663824591819,97.52578526073201,2017.8030108993537,2024.7788398092268,2000.3782223756878,999.7215495423009
84.7085899487509,91.01341169259746,42.39630551961814,40.534827678445204,998.5372675517217,1009.7041134042141,1938.0623012361955,1987.076954443738
85.30496782509118,83.81955599994726,90.12278485229614,82.58834480277841,997.2928494015295,1968.1076048616233,1017.3432992397743,1000.5119236177877
36.08694663373178,45.615124366895756,38.115089116455195,91.69631266091316,945.0064547251139,1042.9492499668936,2010.8760716276183,1035.7764930969556
91.13241525334838,91.24491065645455,88.82645257062353,39.05291717088777,958.1205726141532,976.3679573944362,2001.4715266099854,2023.3544582923341
99.37336775432937,95.80884046181855,37.60876751716911,88.03029951406863,1982.5959130021458,2016.6066619566686,950.9826611818789,1960.3292186452732
88.53400335693081,42.0380993010166,102.70870310620066,89.96450800429336,2007.6229800747897,1973.726333434518,1993.5031443691641,1981.2238683599792
79.14439120882446,88.97784472532337,94.20447452690973,88.9799119698594,2023.109548354473,1981.888921013545,2031.4766858244268,1003.701888897851
88.27085180435292,84.62067321710241,91.69974700672631,98.93676775884126,2034.0901986873903,2034.2970613315695,1022.5139670535109,947.5163907159824
89.84495617423009,91.45571435259772,37.768166691200946,87.70771563069695,2002.9449894104366,959.0265091620619,1979.1332962179445,2020.6428310550973
88.65059507830233,44.80016499195321,93.16926550916367,94.86378741888079,1987.9772257974237,982.4393072887942,972.2262150611348,1005.6155844347649
86.58994231184178,44.26111630443674,44.91705082685389,45.840864011503655,2035.8802809245399,2006.5924327547389,999.1330548662993,1972.99915119208
40.3472683051615,42.30961590795916,84.78527589345629,90.8053030361955,2012.6443292886443,1958.097634866247,1021.4851563600096,1979.5336980143752
92.5026164451936,93.00931836886947,83.04173971460773,44.22844593546347,2013.7415281817152,1006.4558717881446,2054.119616834879,1970.3483213469365
79.97134986850324,96.18150932067493,88.93255308353159,98.05128115122024,2030.881666854792,1982.7705945455168,1944.6108952877955,2006.5487633000862
40.21201553736597,86.2081174504727,92.8496470451324,83.16157424763877,1980.9110691805547,1992.553805376775,1982.148732379877,1030.6219396793203
88.5427673908518,45.07653040400412,91.71082179703498,93.50905518385126,2046.3478385140636,2058.5586540025647,983.1880475154874,1970.9670383190082
88.51641114956253,43.68933434469954,41.486269301181196,41.7013463929314,1035.7763209601426,1986.9469431077541,2005.8628068973098,1000.4446285860945
88.46314441581892,46.92314298820966,84.8736569696719,89.0093906579667,2021.4594180955871,1993.2972625907926,2034.5540013446455,2020.2098277471855
87.88587336658183,94.00036234795677,45.97183209542884,43.66017242314721,1985.8838160810963,1971.013389476574,1946.1708289111834,2080.7952600340964
88.447029574121,48.883116103628325,51.93143549990896,89.4779298422483,1015.2302786416872,1986.2019044193212,2004.1433885699591,2004.6162729769164
38.06452097088889,51.755569900687284,85.58396641242238,44.265100286830275,2023.4656433235298,2047.2206115374277,1979.562752461687,959.1884746774069
93.10581847040767,82.5976114197368,90.86467988293656,87.11279225432197,1052.05607423921,2022.8344511661187,1032.3217310159757,1004.8286556412265
87.94365837513226,94.95853975601429,44.95790587837164,47.41821341852108,2014.6381765928836,1970.0679443098118,1015.0020944258481,2005.377676107782
43.29959029403845,45.162071029797175,90.6211318746265,88.75020195956058,1024.949619264789,1990.488410154986,2034.4442102088085,1049.474535695629
43.936819312898635,44.93162393707961,34.40471397428858,100.61476292193419,1922.1966854038924,993.4396801004423,1025.1089253572045,1978.5517597988214
84.84637887163592,84.585328900374,88.99359762161777,97.51066486845151,1994.4379250384052,1989.8016399542737,1986.5469324837682,2013.805328988122
36.265990047824125,36.130494831467814,38.272565721424385,94.35879712492464,2052.2711487221013,2032.093934587293,962.9525022874857,1025.9247380237605
38.23711006739977,38.8618136328969,40.11131042394323,86.52747055616305,948.1715519348057,2034.532963220744,1006.8074735404191,1962.311280061959
92.43356401243634,87.25965038205909,44.025681733989614,82.02208292451914,2013.7348769740365,2039.0864209205954,977.5603043979667,2063.3959029524253
92.60708578689528,81.6594029351691,97.24524952176206,89.77549644980846,1918.7783755053094,931.0454009605762,2050.0489692089354,1059.2859505327601
35.23096724659858,37.49345466416262,84.60704081849337,92.61384769024492,2010.9116156328828,1957.6134789341816,1003.8430597940848,1055.1278346618255
43.904485702908545,87.49328479097154,87.42145570612341,47.018491787776256,960.9985255790843,2005.010143119731,1000.0447510680788,2025.0484527850206
40.82517193476371,88.74611898414297,38.6209486615533,45.28539987292002,936.1887258422046,1022.5411959379812,1972.7193227122862,1972.7320584103782
86.39652447953846,98.86353301754548,88.44713135342361,41.18025196074905,2046.9586947317728,2057.47764356464,1976.8194825382454,2008.1514835593027
39.10067030646175,89.9303810668724,84.28928880700306,89.48685391685233,1977.639493546941,1992.7574670142149,1038.3393296066934,968.8880497846856
92.87543819851791,42.11645912786314,91.49437757621025,38.53370755857651,1947.7283180718464,2038.9967838838295,1040.0463038270464,978.9911403920376
98.6220394171088,94.8445708350053,84.05335577017354,93.74007587053585,995.3999850553129,1007.3699892593806,1970.0021115781517,961.0401631362805
43.736726783585176,84.17280773987696,91.30073326431008,100.36783967772439,2001.5693132297445,2012.7160082819837,1006.6318815062574,2024.0933070178514
46.68808980968862,90.95902425337758,88.94487607498249,51.12486999576515,1960.3735165748722,1032.2368801149091,1995.8697826328146,2033.4606678693854
43.27861847070494,49.88317287558996,93.85734298389255,45.805646832655015,2043.2333227052056,1062.2161187499992,1006.4017614338507,1020.34274207757
87.85078115167043,95.05744613345011,83.18320472612577,43.08836134064619,1991.4752756562796,2020.77815618729,2055.2833184898377,1013.5594218382391
88.9933957326656,90.33680270138157,98.74212591869308,42.13229361846648,1998.7885397022455,956.8573849832428,1981.6656776914617,1979.2840364506433
33.7823756975495,41.29546202947234,86.18686539458224,78.04860791058373,1967.1923620791172,942.7852753014017,1003.1823862166199,1911.518424074344
33.17465558905489,91.19139438949264,89.78870796935762,87.13505472424777,981.4906692383825,1967.5779056754752,984.2275186610416,960.1730670250307
34.29855638322799,85.46918936544441,44.52737662965987,88.17440562952585,1011.7396939891203,1000.9799082064457,1974.2048049017906,2004.8420153594038
35.95514530423029,81.45388962570118,94.86904432399996,93.4056620784462,1019.4030909118453,1991.718140780152,1018.7904304965973,1985.7530339824405
83.11431626283351,101.05588177586499,90.51439018697879,92.14000509240775,1032.5534120609814,1940.1736505408003,2042.4096984070757,2035.1926402354527
89.24366363775583,49.72642904236641,80.81818490801666,84.5935603252684,1056.40465344266,1014.6158278092521,942.6607860078469,1982.712819884649
90.35680705144081,53.635374445594806,92.55579594933334,92.20462933944698,1030.4150655186486,2001.352138084832,953.2090680958188,1036.6371671287275
38.71930805767843,92.65765346446655,85.77602769053632,39.34406740239353,2016.584489472004,952.0048541091344,947.8728849593749,1038.14434310456
45.468039311977385,85.33014266810386,92.28179969678936,87.9134270936491,984.630307730652,1971.7910721021024,953.2863617410644,1996.2097305267018
83.91339285358725,84.18181138816864,43.092400891207575,89.1928672669136,1986.5214974278765,2008.0580422163907,969.9702703278263,1970.9579882025837
91.65529076560644,49.80994075906866,86.7060802483636,100.09095229471905,1102.9373360615925,2031.1924170061016,965.8560661517046,2035.3380121044208
56.67562209268657,51.1626094725445,87.43075948393643,83.53195026057662,2025.5992531965092,2013.0279532348493,1899.9060132603515,2019.4782555159668
63.90493953380688,88.89876870959182,84.65514280451866,47.40189231937089,941.0968916020341,1117.3382329100423,1957.5128699320212,2080.5968437930615
58.37047709995065,54.38116172947886,87.63286722505147,53.44369446292525,1974.9235619965407,1975.2550585586112,1147.699864761676,2026.9666275807367
58.00746916121625,91.9676334815159,94.54053396418142,94.77402918600636,1950.2293367245377,996.8361924933671,2007.557503546058,1995.4317189036958
56.460178594965015,84.34873850819034,51.737130989108884,91.09549575928563,2009.585425408195,1917.5503721961347,2032.5333367788235,943.6798821608248
76.7260155697009,58.554204841697754,89.55498190315359,53.99599796903542,1967.027415846139,2003.635163405534,2012.5895867526845,1996.1829495134334
85.15457797630935,92.81026237519629,59.904816584663635,54.07844596180308,2021.1059770100026,970.6859471779844,993.302563570819,1999.2558518780083
58.38180030647455,86.89707611584454,82.79711813142421,94.35221176112702,1975.383196943,924.2627648971302,1962.2542070167585,1036.7949595724726
86.89133566593354,91.89581299470872,52.694054800891095,39.33180130727731,1976.255023737799,954.1111813009951,968.4305911732936,1999.6803680722862
65.35657779295482,55.81959224536308,90.22128270498465,54.79165906006216,988.7998157156503,971.4309266253392,952.9075338732994,859.5772978003076
62.69620698954198,89.99666367593095,89.91559397030683,96.46273048008293,905.665655282261,2022.5955680640345,992.9994855479096,883.3268537325268
86.25047279390654,88.99970826093987,56.80830705659666,90.79522994990087,1987.533751113482,1048.0793552762434,1918.9988760289425,1973.5366050529806
88.91860452325533,89.06193415808045,84.87900683474955,44.238668984724896,2004.1973183897996,2028.0926431911441,1043.4198332453243,2015.2816194994573
91.92691175019857,93.76216108458793,85.69309014027277,90.18807184802691,963.5448031289627,1008.3596177948693,1986.7920029770078,1991.6255288864143
96.36645514817569,82.76689257968502,49.51254226172146,86.52615872206873,2058.372764621015,1959.3531398388275,969.6832351352639,1970.7249060344068
55.775446488839705,59.163860343752276,83.90237338667484,59.376583203292704,1001.0574657250554,1018.0027129112659,1982.5107957339137,1991.4783109753623
84.04813381218048,86.86402501944029,38.31708769750802,60.0600065077561,1969.2250381956558,1978.9387181337095,1974.5433532337393,994.0764738478331
51.72127684461613,61.690314655891925,90.85354204394577,55.033687125084995,2021.9200412320763,2031.440319352145,2028.149646246057,869.2449317269638
95.48650511201058,58.554793930177354,89.57566948332305,88.52412871524659,992.0775842828182,1924.9090882469268,1986.8834018670943,1985.3322137606156
46.48720063187855,89.69672611699615,55.00513432328821,45.88172092632898,2028.354871982728,2034.4870566497427,1003.3204934568632,1084.5867868525859
86.30499253766959,45.78359508617933,44.31596258312919,92.62604871286023,2041.9788783824488,2012.827111577341,1058.7242285762509,1928.4852596501025
90.96687857106753,84.6375060098882,43.86149634134505,45.47460284663023,1920.152763182321,2014.7070435300982,985.8065518972503,1091.6086829063943
48.2517116446151,88.99113487915449,91.10395100356558,47.21298980898928,1987.2380475138145,1029.193662569989,1986.662534658585,1999.071491041607
93.06517427831798,88.10783533471756,47.98992451342089,55.74034461897491,2005.646931140726,2026.513713271802,1980.0967480479937,1972.4479778885568
86.24989933729633,89.51206366815715,49.924847593035906,97.51352932091031,927.722176896506,1962.7897104566698,971.2692154034942,1993.7753497011608
37.05809205900255,58.40036036939482,90.41909191306013,66.30559229863867,1997.6532734404461,946.9363061406757,986.0413333434858,977.2293469047231
91.02965179995695,51.318397675756415,90.55008384009228,61.30318619730615,1039.0166506347443,1932.888291066868,1974.149897701859,1969.4549381101735
54.130653661969035,86.36473121217293,89.50965083314728,42.83862054862098,948.3550022180733,1101.734273063746,1961.530950696362,2012.1284669599338
89.26053356683151,52.63995130947836,94.07095717916563,44.709595329735635,2049.4153635526104,1973.7621279899674,1964.0490422311714,1977.4279193194202
53.392826503851104,48.41976466734624,52.46893118243216,97.38984170817389,1983.3953869364007,1007.904853435102,915.8598071725471,998.1130904912404
91.08839295031675,91.28398628839024,51.35247757768345,83.84820522964185,1966.231171409209,2009.5052333234255,2018.3378398550121,2003.4666037661889
48.49217658877485,50.80417233154522,100.42356201232428,39.55332547190113,958.5614321119224,1916.349636569594,1988.505541816813,1996.8337714848087
86.66959125906166,92.23568591267988,94.16061365813607,80.54438391807561,1002.5699759765864,991.1514268674498,1974.932077669005,2041.0913650863567
97.0989468062385,82.64774131477175,51.82172125510325,40.066390537881006,2002.0056864055389,1084.4677513988331,1958.3501302970367,1090.1810288517859
96.27390568362576,92.72145530384057,92.55109487644768,54.53820795706868,2014.5833075942655,1996.734005716186,1988.7447352363317,1945.3228835609111
64.90891806751819,65.20186504589296,91.24329979969842,88.9530491383886,1995.8191322718574,1071.805972232157,2066.2762209073107,963.7255482119724
95.23113478956468,81.50254532564483,51.205811933613745,52.73517221651899,1958.3179571654,1033.5562795135627,968.6413595541405,1943.51056206414
80.85756538138823,68.87843538816867,90.10316085150141,90.17503003983079,976.1203282057934,2014.736700712262,1026.7126060974178,2021.8495783312455
94.4532729722395,85.80778120783665,43.8449214627296,49.73766159330144,2000.8097034974473,954.6356421155342,2037.6923088704468,2028.632794043653
94.72873021478868,64.71432742593346,55.973358959356375,89.26326432854937,2009.497376182411,1985.8036340626074,2023.1906233959453,1035.76401693674
83.59365397118938,96.34832624577835,81.46175305606619,53.18637326196908,901.4779452724085,1978.4614959850073,1978.4388333460897,2021.0817671121113
90.23759906129877,91.68133424235141,92.63196737421244,51.39967253350365,2054.851038443103,889.5667137090292,883.1933740824945,1962.6672510985968
86.59014300340176,88.84757637173148,90.50137636400127,52.49767092231524,2031.9149355665193,957.6842209295307,2000.6383721736347,2013.6575890886909
52.810293629476234,62.43479555942801,45.877831897252136,48.276723998830185,2007.3758515390507,2037.9669471301527,2001.1000933449193,1980.3662406928806
92.17728282970764,96.66649935681218,52.540493714995165,46.568633589953706,1036.002467552859,1969.6307350080517,2003.8070257790087,1984.0447307417035
51.59332470193625,84.62447784338985,85.58334453627421,44.967977176229084,1998.004123160688,1930.040484478101,1964.8418782128713,1946.997020090691
57.83114776850917,92.31902876917576,88.29793109165692,83.82649328009748,1964.4145295020382,2039.5202201855477,1002.342493912927,1975.8553131146996
52.3634733753213,86.46100091569218,50.394498335490745,91.45739086475345,1001.1786220844388,1028.2731485208535,1940.9329663413405,1963.866758104234
55.532642542217914,89.3889561671877,52.203801833394664,60.23923122438061,1986.2736906642417,1985.912305085235,1921.8468492169247,908.0690132261218
83.93777608968043,50.67447925748871,56.28479787355296,90.52602450278164,1064.791640950631,1000.3510280586777,1973.5197694565866,1997.294952229039
88.74459180947731,49.49817701020707,53.7546806799959,51.399926243958696,1015.7420648257491,2023.5240879707426,1958.839553536918,1974.641211578045
50.27057261307655,60.252783811974865,47.25525596894148,91.7594574320633,1042.2042536133954,1907.8584103315202,2008.322695767997,2020.6853708766162
42.93558148851021,60.9608648181438,57.20112744827223,49.55156404816985,1040.662444487584,1035.2230646550668,2000.3530783312842,969.7644637473654
88.62320198764468,97.08328960366825,86.74680549378623,42.71225832286959,1997.3793122886252,1970.504561654264,975.650363811689,1994.3822004146066
44.78948324137164,92.20234570259173,87.8506636349404,51.5642419044559,1008.1187856641222,2035.1141420036038,2024.7819683417106,2028.8995489614222
50.11790707342041,88.8239415975025,47.314349936629284,82.34844426028313,2039.4181199053212,2037.41588901095,2003.054936411888,978.2888805829294
93.15567607725451,42.936743764705184,94.4707703214716,62.59489475818013,1947.4812838435143,1044.9295320088363,996.0798200451261,2046.52133107386
91.16609683332437,41.02105997303007,37.74292646006104,93.18239572436147,1983.5158658156724,1970.997050508087,959.7124779813855,2028.014926592177
84.25912758164166,50.16835610141141,98.03099679701556,52.81045557637869,1034.7450670445933,2053.6837522678607,2029.4284249088935,2001.9296668671138
50.432272257274626,53.062544353469704,97.15112683632285,83.44703760675861,1994.2968162953978,994.5057373102793,945.788236067695,2001.8080590659947
59.24815676734989,85.24939296376283,88.14217479254673,89.90500932711446,2017.1648548858789,2026.8734366421634,967.9832432247601,1969.2437753187776
61.74753437820402,59.27749775228958,98.49234915994697,54.87185077407422,2027.044899399178,1044.9096230330879,865.6085731945616,1967.4977219442096
100.50740254723013,89.07482668099102,100.92359736089567,97.0451349811329,2070.4545201649435,986.3642813074936,1989.603823370383,948.9096494852542
98.26097124908206,101.82503698673902,91.1014792882146,53.859679030620754,873.4233092004008,991.5516899596954,1016.9306749530817,2002.0650323375926
85.82404023089178,55.8105987392207,54.54656225953016,82.44545245885683,2043.5894857874202,1997.8203912177073,1094.3400727757994,1975.559528552286
95.55570220443126,95.12296558158094,89.12384623405504,56.69672991503027,1975.1516657805246,973.2141349449537,1997.0325666881233,2010.325166024418
86.02017128351206,94.10310940919001,86.91099286176667,53.02278147195981,1949.4892611927778,1999.8135282640037,1950.0292658855985,973.4034686447284
89.17473101229642,100.66120192539712,50.92673661789141,51.211624349390576,2046.3665003755152,2015.2218653507537,997.3824290780736,1975.7030998653097
55.565519107314586,48.15059494718871,52.6358303721985,91.25129343201615,1990.5307434447502,1965.7829642132606,1048.373453881611,2026.3784512050574
89.15456220486412,48.64034500479552,91.40622462432724,52.35402919946681,2013.0988046229234,2000.674300228341,1079.8930804683605,2003.7528289068896
89.92985735738436,94.00831145526082,90.13354015639717,87.75851007215418,1970.1107571441858,1980.8980032854452,2008.4629409303197,1986.8925730304668
45.53509676206014,93.72185255108171,53.579981759694306,44.87230619083788,2007.769890990548,985.5182071596844,1154.9023984269802,1087.2440540414718
83.85053362569847,84.97341775826744,92.31622340943593,96.68388873781338,2028.742457317028,1043.685977297458,2040.4482195648472,2015.1978267810962
88.23403284571512,95.68235662337302,87.92879073004242,96.02935269470963,916.9770787507853,1106.5296449497164,1949.1062862276628,984.6983163655733
83.50934683150521,83.12441579565586,57.23326640909518,48.21403677136527,940.0190528053384,2021.9627482728317,1069.3902142683355,2018.7490134876753
44.93189513481715,44.13119150111403,92.74249476650148,85.63817824638738,1982.2791520334586,2046.2359568055863,1988.960128642135,2016.7827145038427
50.06170163912149,87.42869090699418,88.72603092085731,43.58297171249329,2027.9705586758344,1947.0751958437263,980.5006220278487,2040.7708064227859
83.29685396886424,88.71398157421648,93.95184704593467,42.07489161797997,1010.1399242163782,987.0910841084396,2002.733212147457,1039.2891172966342
47.139713409720144,89.2052827536146,55.425219293961064,40.48437987495315,1059.0480715182985,933.8247790488954,2018.3349537057595,1999.4539694428304
48.61079682249849,95.9328066946309,85.2553322998705,41.15724432690408,1935.5718492577623,2016.1895626734652,2025.3308759727136,1997.397359147062
53.04747929397994,97.06893897089762,54.491323249500205,88.81099518278053,1978.992767779361,1982.9361457274956,1975.1198519738293,2012.1170637857974
96.1158262083253,87.33633686999376,90.45552195503095,52.62133641434139,1983.959031591563,1036.0576382934212,1984.004832389038,1998.6444714404142
92.60321047028427,95.41271077862157,55.31184787213431,91.68056802238344,2027.105480219741,962.3788203653896,1969.1028422083464,1965.41781151034
88.35847584355906,89.39724179578435,55.545884805436906,91.81989345008209,1008.5128840903237,970.3936532514708,1024.720501018439,1969.0997545464438
92.43933625977104,91.37145395203028,88.21765010353622,76.6273457278145,1028.7135348532547,1954.7633314304182,2014.627856489577,2026.465064072897
48.70420075666017,84.63823793422462,89.26804665198904,89.62636123412683,2026.378295842605,955.3901217731851,997.1938179297725,1039.0441936116313
101.06652140091761,56.97943432182868,91.92310250628113,39.48664645280451,1998.9351004436464,999.027245871668,983.2439299443829,2029.598537150732
86.92333871797975,86.72935259992578,46.43782595159183,85.87818125664347,1999.0205576026158,2003.657622351167,1079.8583917743176,2024.2486190850818
60.32842702045578,81.856744574197,46.23274378170663,81.8124911577786,1008.8519489519799,1995.4513752236305,2042.6623237501626,1022.6628939089314
86.17878216163078,57.23505577334996,90.50519369425547,89.7548913522144,2006.0529959771238,1991.2680836463244,1060.3130966940314,1986.8781321576403
88.02716673301356,84.05687080359883,92.03239167962663,95.97777660115183,984.2532288874653,1026.6722287063135,2003.8001729810662,2024.2298579478768
98.65260074774979,59.142572440491904,49.1253406946923,91.40220547587796,1988.3961374352696,2002.0166800060092,977.7221912281011,1989.823864826027
79.11113494602675,52.3849644797129,89.400286535695,89.75411515324124,2005.8037844624375,1994.6666313230328,1981.676556799633,951.0696698226225
56.534634716066,92.12401987751484,90.09438992875573,88.87053399603464,1036.211315727437,1965.465683566839,1017.3277367780354,1978.1231791233324
88.23203414379171,60.05426427699841,53.95652444307959,90.11736804494255,2045.8624981798791,2056.8251437802896,961.7277158901396,2000.3540741695724
95.12309804283215,59.79409781737141,90.39057407322414,55.085578850203966,1006.5189406692008,2053.6899188388816,2016.626152354591,1986.2785303242022
95.18767748138056,61.042573945280026,88.44532864174585,90.65305564189376,1013.8910955098147,1010.5703058249278,999.3532642442558,994.8529113432796
96.54856137280466,58.13389018121276,37.06995993925915,80.94062173312037,2006.6196557687504,2005.3456094590283,2062.5419334956628,2023.4527908299399
94.64146947294873,57.05298741661169,45.69667395299635,92.54891310447333,2024.6235832783636,1984.3151636541825,1059.7187950121142,1083.9929016206002
56.938929945445594,60.83855488300643,81.65542854079725,84.38126664790735,1015.5353076064916,2044.9368268812493,1997.933461102793,1027.1436032586516
42.00759955723746,97.09157982081018,86.20619930816356,52.20408509932321,2014.3830867633292,2019.1986677162834,2038.4542264011457,1000.0486280006712
91.58425782448032,59.92999609219844,91.63342346373547,89.0998417191613,1980.1744847468258,1023.1320401471132,2005.7964027278376,2046.0806727167806
48.55052189576867,58.53828580553838,90.44978893959352,95.6970658182287,2034.5838761145726,2020.6892685290748,2032.4858081692016,2000.386935248264
85.19370953375683,78.36389995576232,94.4554846847034,51.995206485343175,908.6146987820823,2027.3923732113747,892.9299278659095,2003.62876060274
48.702355060421766,85.42809856077581,85.12747222935883,94.31693411793023,2028.6049329230304,2028.2758356460274,1010.5584603569293,2016.2674762973995
79.86110242486224,91.19721663922422,56.0309181748441,48.746123966711494,1997.4067771930297,936.9932808737765,1956.9742435472833,2083.0876779131777
92.19051422435071,95.71890385701634,53.50826684052758,51.12367795159761,1990.0058209786835,1992.145067706167,1940.7120530320576,994.0969088244807
94.29057862262776,97.77626177636115,97.38070514098527,50.60483264625209,1024.2991649763771,1047.8148092605534,1980.8441941636481,913.0290730208326
85.4302804392123,93.49804143669293,91.54852814350284,45.80322788398284,1969.3090053828018,2002.6036395763108,1005.834156425705,2029.8861595662422
49.54320186668589,56.27578679753813,78.72347010391664,43.12160199040445,999.2034209486335,1991.5067502699706,2038.8405773887296,1921.6646478211628
90.74375617615082,55.2678461137926,90.38782587277824,91.36814353929854,1989.8314634652465,1982.2705590231935,2003.9842419889192,885.9798698645094
54.73845096265343,56.75410192019715,90.7276093969443,90.00167895585565,2038.9886134103544,2014.846661424279,1973.129183379838,2020.9330304790947
99.66708316503455,91.43204619837545,54.10565574831579,92.31062146622484,2027.9946391136534,2020.1871972122253,991.2373679063096,1989.2987154812001
95.00267322894817,62.25681973566585,55.59956732988093,90.51245260903957,2012.268603939988,2010.3479149263562,983.491601501117,1080.0162862590746
88.46802952630892,83.24240181436642,90.05380522875446,93.81179415515271,1972.2554024045357,1933.9387321697286,2014.5004829130921,1978.1233441109352
33.25358549382229,50.84387415620073,49.53270031845396,91.47682091727752,2011.0944519871045,2012.6565991904577,1985.0170414171073,2018.302905736784
85.32854949529842,50.599967341439836,82.57601122090516,85.61835685048598,1990.8762006040004,965.0942063768507,2028.0476353146278,1018.5793359461404
95.88077369616528,81.03640311865676,81.89174448348902,88.13891906821924,1000.1080502814575,2011.4807006265385,1964.4422346956967,2025.3681598940548
52.43024671580796,92.05530928466203,88.08162936871473,94.40908718146841,1070.7172248270822,903.8801497403731,2028.5141800603526,1979.865602513942
95.96771770234055,93.20770545400589,88.50416823136814,53.694589004791226,1980.980559795044,1973.0710088418955,1978.0344344856403,954.6386560069363
95.6209863684342,93.88056563125441,82.34654359778492,54.14511801482555,2028.6745250667673,2050.801372112908,1141.766336904565,1955.2723278719673
88.33386110521288,57.87699309996596,91.16085717366278,95.03805735105479,940.5096295053629,1012.3420808699018,1979.2304258782956,2006.3569850874228
83.30630668064617,48.900367529191776,52.92753358889364,84.56093471516454,1983.0432455091072,993.7230803483847,1018.2870973232364,1978.0939591840706
57.6169174837318,52.45033041375683,84.07831937617232,85.34957624155109,975.6951894899328,1972.9152146317929,1016.2466725197991,1051.0171802341426
50.963788422520835,85.35193725493151,43.98713676193261,45.74359380339034,1082.233060517933,2012.7167644327255,1058.3046077541267,1997.63273851128
94.9518218453956,87.4746942216228,49.922790620934094,87.42874146676247,1075.3352959219346,2007.2566575774179,918.5067194248486,2055.008489125203
86.37514664566108,99.39109531735167,88.91309318695552,55.92203336434116,1981.1738905302225,1033.677518680419,2005.0494654343222,1017.5416186553763
87.52327280204574,85.8861158115435,90.5806817197892,49.85566010340527,2049.560596666184,976.9775772995222,1982.6279976304309,2064.082992695288
91.43688064672776,82.85177096029247,87.02869645394435,84.98311073918728,970.6773011367648,2022.7935576172474,1952.3531314977783,2004.266866363806
93.02232417710296,88.42999112577279,99.7892975441291,53.484984762661185,1043.8715039557806,907.954359918943,2015.6124765614597,1969.374452123279
101.90364988617605,52.23481245688387,59.35831958827239,85.85612147549722,2013.7584262447228,1959.4470051958062,1975.9272874015912,2065.70820798816
51.4554537225584,91.4408298749805,52.63359882019783,52.397717496506004,2086.57021435497,2000.0245312208892,1078.333826883424,2010.4014207953492
57.001056121445814,56.2373389678484,46.899276315399675,84.95032139170691,2033.2121137973131,1972.7895169951403,2002.1132602875007,2023.746719864289
67.50964739100004,84.03219524698491,88.97318391710108,47.52276231462734,2047.5211381766103,1968.7495500172022,1985.4843119420432,990.9088363436476
91.54497914415452,88.77092460074523,92.198116770385,88.42239515536329,992.8788819008735,1965.483649739514,928.9870206323397,980.7592029289658
61.531129871480424,90.02958815111334,96.43646457787666,39.77330057449586,2042.9641251907901,1996.8069407556668,1992.6937229316293,2019.838460570715
90.11321262562309,49.37906969930596,96.30200927143112,97.03969005933583,1992.2660265597585,993.3358276362212,1982.8584849617848,1998.813573679293
51.565493664510434,51.89478733485454,86.66537882294772,30.983199103295107,931.9609350178362,1988.8184907936825,1059.5037881881344,2026.8699529912926
