TempSensor0,TempSensor1,TempSensor2,TempSensor3,VibraSensor0,VibraSensor1,VibraSensor2,VibraSensor3
90.76836662703221,85.28461568189812,90.86787885847313,84.32964237697715,1986.2185526114927,982.8010969227328,983.0333069822861,1982.5760926268852
42.41683796585751,38.590251996451514,96.38535195790354,42.01278102454754,1977.9711050440096,1001.7953299429969,993.8748766283608,1015.8964708022625
44.19694878567482,41.54798005506561,95.35040219495649,92.07621826862835,1033.1061648103705,1953.2100852226836,1022.6094857844337,1008.6516672190479
41.06055722914297,96.61836563709458,40.51776811001681,83.96226170532621,1998.9858938129146,1027.8068584389305,1992.8813080493173,1995.9875367644447
79.85397589608364,95.3426484318447,37.92770589403584,36.807221715184575,973.8207422632345,1025.959596196386,961.4931675900827,1977.8247644939495
42.68180841835933,42.48734194739574,35.13588258114326,40.93557150927623,992.0566804436208,2008.2804310400852,1986.4713163661927,1961.5663018467658
90.08176736458996,90.11354525210353,36.60865902375075,44.95379957736378,990.4831721951978,2034.848010328582,1014.7010454761119,1985.0333691188548
39.18325422038838,39.8999525131812,36.20260098438604,42.56119608017191,2021.024346504296,2017.1225343221827,2004.993166932416,1009.3571565087843
87.40556010116951,87.20338453570534,39.89356136379002,80.94452422933945,2026.324495009981,2005.4189081055954,989.1234911789925,1972.2499153084996
39.64385746188172,41.8091982341096,40.78746937053811,41.96517603785993,2026.6764294732948,2001.390383326215,1995.321260783936,2016.4940738049133
40.45485627234973,42.00834505984987,35.39939505840596,88.3442377603075,997.6001193091497,1988.9875758786675,956.5073981719431,1009.883481084622
38.97194649139777,92.3289907060908,34.47563898078498,99.32488745509531,1002.45547430272,996.9783520318333,1985.0037411298304,1010.2433382210486
93.63781525884782,84.28062682335948,82.46251900040882,37.387546567532,980.4968208017478,946.3273797647346,993.9066811621813,1977.0875608046972
88.52312685161047,38.34617777019388,35.944184012776724,97.43654145193518,1951.4624605762738,935.9010741792082,995.5788573534463,1000.6555477036577
41.372492777029024,92.4979909132423,35.920353790646516,79.5243497816115,1004.1257790104695,1972.020359599919,2019.2191969020841,987.3730022691907
40.96255238729418,40.57263507569422,100.36988999276821,47.25126454195921,2014.1056585033016,950.6460971520003,1001.1584423793045,1993.6830382602436
93.34779280346973,95.21104811609106,35.21226803651569,40.04646471153717,1974.8433713743334,981.4837626166943,1041.202687657999,1009.140161859006
40.56314959208836,98.92540937357184,84.90057111194838,85.82204357013909,984.3190476058664,1956.9656053000408,1044.7610294024266,1026.0200716352897
40.87693388013426,42.47957996262194,36.497264031539636,78.84007175442795,1009.1517197289144,1011.2855205215526,1963.839095591521,1016.648099376815
40.36678983144796,41.08538609227883,38.185023907275145,44.764288432462536,1983.7857120603414,990.5318300083354,1997.312246363783,1009.6576585904156
41.31403292725111,38.417472506826414,92.419803548302,94.20663877484799,1020.4526028317148,1004.1160206937059,1013.812218144995,2026.4525291616828
90.03301413615524,40.07049656531915,36.38882116433459,41.15955537367364,1074.4487023059896,1006.6457181718407,2026.7904326415367,2000.478543432734
36.46202026241903,37.332766088746354,32.87208976115494,85.70080087471376,2002.4023084201176,1988.4979265487939,1010.109635135319,1989.7924012880571
34.580211662684434,85.56463662511206,34.627776493976036,94.9867214635641,1946.6670951672152,985.3205822588149,1995.2255372417412,1966.7266722012416
95.71771056000306,45.05654362768804,37.640154728295954,87.15076980864825,999.1911528806318,962.8593418870119,1011.2105710604442,2011.7557624135877
37.993113022061905,43.47487693726434,35.73988165263229,42.497331074179925,2027.4451257263295,978.4125309430194,998.9818471403077,1002.1363069252861
90.08043176715852,41.321999523281605,35.18681684889057,41.77317755281833,1016.4585415651686,1003.0717772677206,992.944006581414,991.2574680269173
99.6448492202047,99.01414914418307,89.14039689917647,44.7019022889902,2002.409217264098,2028.5933113666617,1978.8267229763771,988.6445757379349
41.30499512029518,86.41349891052838,95.87045250183182,41.46332838995592,2026.6144768510878,1963.9735734100807,1012.8198047811135,1004.3533835842488
91.17331870948887,41.98356243959566,35.897162248649956,38.27412855141759,1996.1658051165261,1018.5199065160573,1012.9914410969062,2036.5690252909362
37.021417769085545,91.7592214986321,37.02665878620234,36.71013872265276,2004.0742772526344,1052.9724122241705,1959.6707636995318,991.437525364609
97.01223741379164,107.08648957118281,36.455421402145426,95.9297468757469,972.1371353668344,1041.9510305274675,991.0855122747439,1012.2450427556796
91.87615877423306,47.437233544973864,93.53700481435024,37.73365291446919,1000.5270122573592,2001.3757107993245,1968.6031074069012,1994.057104504108
38.560268403754094,42.51859983065827,91.71771984678706,83.78373343344644,2042.0022035572904,1959.8988957765553,1961.3592029650674,1974.3970656932684
86.083473939622,92.27191597963665,35.972127679028134,40.193327112550584,1018.5400326840263,2000.2802648197678,2014.9973798189603,995.7877183820234
97.12126849668294,95.45413762065857,39.71541152297826,91.0287232956137,1005.3076375562945,994.8430446933053,1989.7663486439149,1005.2285724282701
41.14983854260032,87.41058446863565,38.58980837296026,83.54284395169535,982.1423753480672,1972.3042530252844,999.530875118082,1009.9022387440288
42.84131825509269,94.32331997745614,29.173228293816013,83.94798734389353,1999.333841975164,979.035590251407,1979.728043744883,1982.2457640768391
42.65246264559954,102.63531526161859,27.111348167591864,43.44153918426435,973.0033022705004,2002.6221825354876,1992.813651717084,2051.9701358066573
88.48301317084847,42.17788353315904,35.343954986541576,83.52382636741834,2054.4399179045063,2020.0090016613171,1005.0647473683573,1973.4132560968042
90.71469893023122,44.0139474066504,89.90042872710053,90.81663402424331,1992.6780132558126,1968.9239100869725,996.1056270294971,1977.6281059474697
41.130663915108826,87.00992120299523,96.19190347933382,37.92002067657277,979.5534609326849,2063.379595982934,2089.751282587712,937.5887100551001
84.08416586703025,43.20439124375401,78.91089443617521,36.88429825793347,1992.373923385392,983.9549536155394,1049.9254322402585,920.0286659148486
91.6540307179214,39.99512061050139,34.66713679424625,35.71446610140006,976.1008379358772,952.3692526043895,1002.7572819946145,971.8069254127813
99.80575916752186,78.22431626120898,92.82782450652202,41.48552654326585,981.1870882949158,990.6666752494857,1041.902567577372,977.1384337062616
83.64727514016492,83.40302467382853,31.02241422626364,79.39305513141916,1003.8057767878307,983.5071872027025,2006.855141929757,1965.693927732831
41.09106131325392,41.44826106531183,92.58699420117924,39.80053515440753,1975.8923702091274,935.6844335881277,1007.0725215683314,1926.3309352809622
40.58793806965693,99.22939414173686,34.48285473655833,42.3048643517209,1010.2276650633302,957.927205969945,968.0571777592462,987.7661464201508
91.36242985187904,39.1214892308087,36.828611462651565,89.65678003119324,1025.0163035510427,1977.9334428031166,957.5481038619657,1997.7343878394306
45.40684908956693,89.37289738981217,34.54169774205983,39.50784241247766,2006.6711285808099,2040.3224181622568,1981.0085241264721,1957.0550107087636
89.31761720228366,42.4290507084275,94.08295609971378,87.43707863125312,2027.5566228094328,2020.541705566406,2019.0501173807033,1964.2386735343205
42.30665374287031,92.54144706071504,38.837494720588126,89.05340358329143,1993.0989306452686,993.0599847056033,968.8580578332263,1042.1876003881048
39.95616797327946,36.57303027895705,89.80228863020045,88.48084811564618,975.2174550790658,1002.6813676133615,1952.5601568560319,1985.7533893695063
90.86697669913798,38.67989028265531,90.74799699248088,38.943568797519305,2018.740027367731,1028.0872301061984,2008.8391431677944,993.3544527155798
38.26217327124523,87.6900068976331,87.81630695230453,89.2608626880197,1959.3007492404856,2023.8454353731681,1997.0577155481815,1008.053487892752
86.46646364183047,39.75903082986229,36.718049312617126,38.48820120959256,1958.9742184576871,1049.9503441811416,1007.6173407877909,1961.4938407827021
40.18344681586669,77.51977445066794,36.40182242928316,35.0459831985767,2005.5491256230682,2020.5812596794262,972.6233026656832,1950.4536841840993
83.13649614016877,38.77296792750166,36.75073531635948,41.41513926414794,1061.5824215117002,1040.1385354507656,1999.8253257925205,1012.0876803803222
37.33045164532895,88.74652679659489,83.59861311229132,85.3131981143264,997.7867214354159,1002.0853653413128,2008.9561318981894,2038.542761180569
88.00704789778756,88.64062865873764,37.709730253593165,89.84124353596015,983.5596836445914,971.6878601652272,2072.1192793715145,1012.5551041053012
86.12712255979456,91.59881557225486,87.12052290023843,92.78757208012244,1984.6762872233442,2022.5675017440865,992.1292142853283,2028.440305904092
88.8235240324238,44.379615865451846,91.88851249382691,41.28883401548381,2019.6132248891884,1028.3975054323087,1013.0709330017355,1969.1813507027928
40.20113807998679,45.08424271582796,87.5775717355596,42.49329573042494,964.9347025213222,994.6578593363209,1022.4173278016281,1998.15651824361
96.73772085434885,83.23355900182172,33.78617631328346,87.79200692240845,981.2388082512607,2001.999940998845,995.5111357637122,969.4472249906339
38.82150489276023,40.123233524474706,35.23333165894964,39.738278660193174,1008.7373133993954,2034.7160155712309,986.5987180399228,1013.5710773162884
92.67455865385756,85.76649552796017,38.08489499068851,40.89988300614974,1012.9523646065354,980.1061762379084,1008.671404867463,1020.2065295665705
41.16231627840622,42.54351907687297,35.946690600648935,92.84203363859453,1978.99519443959,963.2019164915837,990.628564135047,2006.6374143089954
43.253816689988234,90.35596161143478,89.71483698424984,40.37628532253406,985.4022813530693,1989.4486049938496,1972.9790459054543,1976.8919367474437
88.07051156627358,41.8424384329979,90.36045997886777,88.06788684745976,966.651213622668,985.2939040142194,999.6365858333727,1015.5129990613927
43.54331162436432,86.63995269685492,38.123692398261845,40.96970098937426,1973.719167041632,956.4612730779822,1998.6882891714065,2007.7880972269015
40.964830722121384,87.51875431091746,100.38990211940097,42.1627561843725,1002.695606917428,960.8039890018949,1001.4600338336157,1987.557184125411
39.37030947988515,93.38539056801915,87.3059839394671,94.27175115026542,1019.9690631226756,1030.9943799011382,1976.2300558031216,979.8543291044879
90.57244076713718,47.800912223021186,30.766230445228217,44.34538758845407,1016.3013355510138,1030.190516112924,1019.4418799921386,1935.1083313101312
40.431478600601764,41.900012547980516,93.69890485230711,44.23888393252112,993.0805949532712,982.68807090907,1992.0965369043327,990.0028554445682
41.11100415381672,99.79304941533174,39.760542091989905,41.675944363474414,1969.0966061648255,1023.6248276801181,1035.278515676022,2049.369943267281
74.13273431878582,92.2409409045987,39.30638820977981,42.33236139732422,2058.36304930884,1049.7370751353458,1994.92073997132,992.1638013673651
90.08161187186732,40.80179120756982,92.86212753361929,41.2325948831911,1980.7928568277428,1022.0157298875736,1017.4965425257642,1962.4033035843158
39.578254607954534,41.791754124578446,85.62107629042129,92.20181526150186,1006.3987673128225,1002.6717295875986,1994.7577194262144,1016.8753315983872
96.44912523288929,41.77106809590411,39.95444326726428,43.052575097536575,1022.4290958534482,1000.1951828418214,1995.5650193665897,2017.7496865895864
90.39297035147968,42.61086663799665,37.10002085740235,39.394185067023585,972.4786923483516,1006.0872397918943,1999.9984725328513,1017.09351487604
99.33551521616384,88.10839367401049,91.6684360135592,97.78603681194366,1018.9580145010555,1009.9154480993351,975.5201831066254,1017.0125911344644
37.371395334150236,43.0436961802011,93.47834820232306,85.94718596429605,1972.2665719773552,999.2430867823883,1998.3976366986724,1005.2422169561005
38.25435697473395,91.10429175731522,40.62654896471105,85.94825663637496,2018.8523639334433,966.5346794389955,1006.5692989579626,2018.929100586626
40.210864389893516,95.93584175435335,91.02417527072652,39.06260039683377,992.3249493321712,997.6018130684884,1022.6107136691237,2011.071505809931
99.79264728097232,41.728679068081696,94.97147242609215,87.06663276645399,973.1012221918836,2024.2890598906613,2031.6359191509696,2008.648903726321
38.617321627985866,44.587414446095984,88.56907438829467,88.83869341531759,2009.452338225236,1032.338050067648,2023.1109894378396,1971.7394252389633
96.45479435931144,87.46313179415274,34.19995849258491,42.43498563126017,1954.6718206812507,1028.44123713251,1995.677099144747,968.9421609860735
94.81734977839042,42.4417717376659,86.23933672812416,84.80990720501258,2005.8032809322524,1008.0349966146096,1005.699729045175,968.578590750536
37.34665403807114,41.02421108209889,34.53349607115324,38.83778593857375,2012.9912986686843,1000.1348070201684,2005.37172951591,1010.5432332760931
38.764068491594045,44.66899162332495,35.137855251193955,91.48760940283435,1001.4970646013337,1014.6757807539934,1963.011752422428,2012.4680554990373
39.331005953463006,45.370221671307824,36.56989272421091,36.913128432481095,1997.2721914883477,2013.0085152753152,2013.1717212436224,1973.330146800668
87.33517471248015,97.2009233873299,36.16157159295632,40.796297954413625,1966.8126435997317,989.263119945748,982.2340834766915,1991.1251765814236
43.011648243008054,42.412231101055134,90.32205526374891,93.09380168153692,1016.7017014345217,990.0034692770705,981.4730239970505,993.118196906416
86.33994307558103,42.493229272102184,93.05089682028947,40.66863050041357,982.6964980518511,2062.0942326884383,972.6614575487008,1950.2170135997785
38.10898871941424,97.7198138498777,90.75590618596209,39.6474829819149,969.4770819033047,1957.462887792309,2071.9520277297497,2016.1718134157015
89.35858692143299,36.443051744087526,88.43296353654364,95.89410329751075,1972.762460303684,984.5436108977399,1962.3359494395759,2023.4818863269807
91.94549209042009,38.99280255103289,33.30378715243193,37.52562553551166,1012.6764395051559,2062.337517111422,1997.046610059199,1029.7658492511139
39.098497651995885,88.38978988528604,100.02178775801147,41.492131796471455,1034.3020321078925,1020.7801789477801,986.015172883076,2045.7853795364977
85.03687080766481,92.32837107335652,89.1943744904898,46.13425321352144,981.8908358555495,2032.3965566181798,982.6035028658707,1981.3586949630767
93.22815436743626,32.72991378456433,37.20208397316371,46.492023151705624,2013.0905290231237,2025.9627872806773,1977.7395819699404,2014.3935526936136
84.79432415985225,35.767160823357486,90.78577229799278,83.42122233171156,996.072362209661,1950.5174328548637,940.7626150065735,976.5977437702427
84.14374165517725,95.93470722576699,38.33738572578875,83.3108639786053,1014.2222666775413,1001.2911371451793,948.0514271478385,2005.2499347317062
40.161697069008575,42.147433850075366,37.91135613257634,89.59009051971688,1981.7551690255477,1016.1247091682112,980.4174619064577,977.5437124769751
88.88178979216094,82.79725625325233,36.25757253899053,87.81221360735896,1950.0700630306112,1029.5845155592087,1015.8135156459814,1986.3297964308383
40.74117695120779,36.08438563758323,89.01621110110953,101.0936126677711,1016.1353081544595,1011.9722005226217,1995.5093728542688,1021.7926724460635
36.93338372600707,78.67208775812226,97.03127803382024,37.18357585268145,1966.3384781518687,1989.7734079127931,1023.6266472274253,2021.7194473955587
37.56376926605147,43.93133505430381,36.659093490512234,93.99976973266347,1004.8690886821914,998.6386817350027,2043.101123935136,1011.0481514777164
88.90028910331269,92.50597463466528,38.955505817628776,43.666227075893715,1984.996311320345,1009.881107436523,988.8212413483263,999.4804112640454
40.93490452943455,39.92662305700235,36.59045652708572,87.7507402381668,2003.001151041414,1975.3382216834552,970.9702886323481,998.3791280925731
82.20764677391655,88.27053779395962,79.75383957842777,43.683427613651546,1956.4400645013018,1029.6512554739395,967.353225878581,2020.0360338734038
40.639200261033594,84.23026661385576,36.34741496785952,85.73867487616707,982.7863548674051,1016.9486463828057,1984.5685824686484,1017.5034759265275
90.70703638301183,86.59883835983985,89.9323408782923,95.93235596796717,1977.1306940736883,2011.7675194544586,992.3387630690179,1991.4267707621445
83.41512088816218,39.33968386870256,84.5227079697627,90.88042400991125,997.7378223082783,996.6697779411835,1976.0709502320485,2035.9938171914987
41.76898608303482,43.23679240816283,37.174869786200944,95.46941095270536,994.1686226704662,974.3649705376517,1004.1170674202016,994.3942760899573
93.91710373679818,95.90753136030375,37.271353796701035,95.71223161915312,2040.9273060478974,1964.550120489805,961.5093047780174,1946.3645405985612
41.93120803694519,90.64897725443795,89.80521262849479,85.46558941560643,2009.74458308876,1035.35230040302,981.2791951994876,2000.3079131948675
43.766914081873864,40.74737640730065,92.27016481688254,44.734392404914175,947.977795723937,1972.189675782468,2015.2052196776901,2022.9710362477
86.33104464242747,93.42115441595836,91.42436755658709,90.29412294385136,919.6109118360364,993.4248060876877,1983.1882810243676,2043.2735211113932
94.63817879048057,87.34565403396302,87.74299509731435,43.05639599538813,2009.5560254036388,988.0757278472619,1982.4427357815027,996.6471209618542
90.86735291422096,88.86300663065005,36.17487449684229,93.54535756580864,984.7379411925219,967.7276473959744,991.7697227870776,990.9232892605888
94.27875410274143,96.00938111240595,38.02256477108047,37.29940468749707,1005.199174885135,2002.1352072774957,2022.9367611128057,1036.9475660349358
89.42178168274452,96.88469502288297,35.82297571963159,85.24710350094222,1007.5561026273003,2020.6872530625494,997.2208371561455,1032.0815003455436
39.23688761760397,38.30305363678396,91.3351153159249,48.22485827011139,2047.836952411882,1003.1200529583268,1996.3361959194979,1998.5281471249434
94.82512358624093,36.25723158021745,36.07115879159325,83.05706361559142,2009.111925913278,1006.203321058158,1978.578139268289,982.4037982416442
88.43727692262493,38.982828797392,35.93834427904021,42.795251154895496,1012.7617075577105,2004.6060641862514,1991.9009731718058,971.2774253744907
41.545210947260664,40.006980068704664,88.71998170551159,84.09503145380603,1010.9648004921258,1944.5498310346711,1042.7832271602333,958.3885515865452
93.98363757707175,37.19611596383774,33.621194100978734,45.15573321685523,999.9043405804762,1993.2112125864958,2017.5753750137753,2006.8364304925396
41.94229488005536,41.644951181363986,86.88087173008851,88.2107301386227,957.3830881412296,989.814385348519,1942.7820221734096,1035.3986747871813
40.746187204450685,97.11850367936873,98.21864533084288,44.08505664939489,983.7524935777826,973.6941610545969,959.8768294114313,1018.8378602268428
41.37590582065526,40.802012437903,91.50235685624844,34.64547762925539,1971.505744840347,995.6653314367334,1007.3463737169986,991.5269335499017
40.253491495211975,86.69161252912396,34.67007841495654,37.2434632883963,2003.4997909434105,2003.1447205404443,1010.5018002729753,1951.1729641226152
93.5534678709755,42.270714563386235,34.10353150779264,41.42559720330583,2048.7596139298626,1958.8988978584293,1959.262987604852,2022.374311022231
41.74656665353552,45.30051578015197,34.039788119150565,89.99622860960046,1959.7332538198991,1984.7728224833081,1968.0254440273297,1013.678349426754
87.5447905672238,91.03987665977702,88.9919269350366,37.58659704787925,994.3040608743734,1001.2178999060541,996.6116341568865,988.7341500204409
38.675406592296454,39.95380932255888,38.982615134957015,88.39240039231525,999.2655210567691,1027.9910618365839,1978.7549823509667,953.2829213750226
38.951705615811434,40.94576624233737,41.17970359251606,38.12239729403898,1019.9890729873956,1999.474348833463,1993.8282955830334,979.7990921756856
94.22556298899426,42.18019116970912,91.20959404354313,41.59270067955114,1988.8322537239785,1035.7239477631947,2002.5888869851963,985.5379374519507
38.24034304844281,43.06367745883906,79.98492584351771,40.68856729624892,1954.1645422685451,985.5495190686897,991.2325433329775,970.8270455588297
88.56502357885431,41.184990886430136,38.29922457539928,90.05563689457162,1062.6181127624309,2002.7594280847004,966.0790666320088,2035.9864409597305
43.46565241969641,86.680178101825,86.1358346441251,93.24356679190667,1033.8022089583108,2028.6206718895985,1969.1022049138503,2026.9438875760159
42.1649790259454,89.33437760210548,92.6188065648105,41.69132039209553,975.5044594369883,1017.1568414082467,1986.4428405703466,1012.8848164922065
40.56009747351748,38.253666147714554,35.737589581061584,41.84012658011998,1006.8681939573094,1983.4171317260523,1950.9806899423465,1005.8472335050496
40.5040637329788,42.26073568859711,37.136163849917985,40.35731887907481,1028.932536760302,944.6252596524998,999.1469897274815,2019.0860473365258
93.65617530803634,46.1597092134848,36.710914426391085,37.7793410440143,1035.7948803367362,1994.4718617316075,1009.8747399932236,982.5165915664456
42.78522095186691,41.09626668145494,91.11574858287909,38.36275045207929,1994.1031340077957,1045.0483592960613,1022.4350668667375,1009.3260827018624
40.88825463527104,39.702025099329546,37.37738166831148,95.05747157098794,1008.9798855467218,2006.484322324617,1042.2496437872524,1018.9052966230015
39.179803857640486,91.09285310452451,85.80927107738964,41.19534571448617,2021.7866786835043,1015.3706606765038,1978.1071207660646,1952.6309652965049
91.57991777633603,42.684179591755,39.62346482912718,37.611138234748736,982.1084316856046,1979.0670887877316,1981.0903061314164,1032.979380000647
40.19893194887197,47.124644796065695,88.47530975970287,35.67396424600132,941.2917440808715,1939.500094944587,990.479217398826,1000.1111181779506
39.72365330866649,89.04508676050841,40.4340990093632,38.87631814996168,1960.9160356851814,1986.7683944922455,1006.5018995017796,2030.360179670899
42.332967848820175,98.84816284794152,93.106288928844,38.58327399706789,1965.2520224571792,1045.4308165640246,2023.136903152669,1994.5615402943988
90.94791758990222,37.982580748533735,37.174483713035215,39.04858093150198,1000.6496794406114,985.8620929048088,1984.3009861396565,2058.026889656634
35.843472098181635,41.65976387183346,35.68405546646166,89.71753507063148,1981.5990306184174,2000.5781774591276,973.6913969560701,1969.090555896231
37.07617757345248,92.34063152979,84.22586948372683,40.72810381964151,999.7193900074556,982.7989343712518,1940.8394067281197,1966.3927273429051
94.9521288761855,87.28445252823639,39.160913823653615,41.9314374835383,998.9361123331994,963.121929586154,994.8554046200711,967.1635237417225
42.921522481525,97.15473490286765,35.247307191543115,86.6008168510474,2028.1514099683418,974.2219224330322,1021.1554773640314,1985.6758147858402
35.571635275139954,78.83600227193737,31.918485145639416,39.792080911714876,2033.116955985708,1012.9555787190504,1030.684872742404,2021.4239650329469
33.917136349104624,89.88067605507801,34.859274002692715,93.89070074705695,1008.5284578210203,1027.5202312328418,1029.238781377357,1010.3074181568879
38.67862639389971,91.94917225575306,89.56342725542723,40.30033647691687,993.251831639875,1017.6021558349248,1007.5742894498112,1004.1143700032264
41.146593072493374,42.06229002235901,30.103025092543653,41.6284286036384,961.5768479065814,1012.1329624598137,971.0893902395965,2052.0717878614055
96.78194937345513,86.86410634534235,31.725302066436516,89.2746670984761,1995.1382294189689,1000.3380166409662,2037.1242550109039,953.6262143216153
38.15188943500858,85.97660237197809,36.171515140474156,39.399416565976836,1014.9681907059464,2010.6984194030442,1932.9242413253419,2049.1130629555037
91.22449627818638,38.29899534641241,35.08691858874611,85.84958187207963,1034.7602975540603,1016.9790261754881,968.4592740830183,2021.3496348889332
37.81526514541504,34.039180583208875,91.16742029086784,78.15934315493735,2035.6365758380973,1997.21713323382,2000.2812838355549,1023.2461613845057
38.56866987500135,96.98106348224417,35.90435430873664,92.43725992087838,1983.2630303640012,1058.4099138534862,1016.5943595817814,2036.483074486021
91.75259092970127,41.85855390090825,87.20787115139257,45.040598072438556,1989.4223408174635,1994.6888960759998,1969.9105778892913,999.2154067881536
105.48837998806715,87.10234697801879,95.18160631374269,44.797516119289654,1948.077839951147,1028.6480418496308,1980.2018666405017,1985.9281418263774
39.64611315136578,92.10744309285494,37.61208283942508,87.87539664785585,994.7258307113,1032.8833309040185,1927.8917384076547,997.1630007393238
40.87502543328979,99.83617355729511,93.71687082155508,92.88803106721699,1033.9315707515825,2020.9350569144813,1000.3301488951886,2046.1709463621833
42.401892445256436,38.54635091578009,88.76952218016483,37.669616490936164,2004.4087726335765,1005.594021443605,988.7454207934815,1020.3606076357082
90.89378948186533,38.04470857862019,37.044010438713016,39.23914680818135,1021.2839961650996,1007.4827275801858,1032.5798710377348,986.7342830679916
42.49240120549544,40.446861311598354,36.537870726724734,43.70266504699684,975.7059885698372,2006.492952876565,1983.2968621774862,1990.7829883471725
93.46135431415617,40.54176875662261,87.87421184811446,43.01713943796314,959.0663671641837,2028.7297831133071,1001.1791352593714,985.111211231321
40.060290377159106,38.687389595356564,85.1746737379618,39.86111476443115,1017.303511019612,1007.6891910716724,992.312383785109,1004.4989405337091
40.237680968298534,38.900400482392484,36.276353620290735,91.24356636951609,1943.2431157783537,2021.8690328901682,2027.5507984739763,997.0152986583338
39.78909173170311,40.05565367525486,36.27725163439251,40.18808050158362,975.7963478414888,1013.7310778207252,968.3751986401705,1960.9427264018116
99.4132607015937,86.30187096130727,91.51101735360469,41.40236522109028,960.508918966086,1995.8580598825115,2021.449164514722,1003.1641858819405
39.442931904899936,41.79944884072988,92.95929772773646,43.02717301137022,1976.3056386801275,1010.5046750586893,2022.8724690613287,1033.7918696739066
90.07371557334456,93.94159638995724,36.69650980674855,42.79188793505864,1014.4020397086051,973.4239918141598,2037.5045992932833,1016.7803011937348
43.96043138873672,37.154588492010284,36.90458130920804,94.66243293434614,2014.086819270887,989.154421151218,984.4606675906666,987.0458259791089
41.19745675968865,90.25171534298885,91.64436315791617,87.69936203936497,2010.161542829908,1042.7758316710963,963.900355364723,1979.0784932693814
94.03117886240786,39.374267763924934,96.17707337030059,38.354646004949444,2061.4027497092225,2033.751171147042,932.0098459142555,1964.9056921268525
40.78819934472213,43.28303242112588,91.11313671288443,85.28314546251288,980.4552311146172,1954.6986719061595,983.7995345105757,1025.4491132683495
90.26726804179053,79.72970020969387,34.95183700319538,38.58972774103668,992.641262270857,1027.1203480310533,1032.0070214545804,1993.2231241728261
93.27357195245811,96.91100073152431,86.07012097106897,89.1685561158527,999.4447997086608,988.6447224767451,2001.0406078677631,1014.7384296565482
40.64916377739549,41.10719233146984,36.972287372871804,89.66623020959248,1969.7698475399864,970.4777542508137,1028.1618613554642,1026.331095428066
43.23959716236374,39.981921586274,90.20657339722952,93.43814863955124,1016.585361341289,1022.5987572741286,986.2652872050804,1036.5067981774152
85.90287277424741,38.31361823446284,33.40945104800497,93.77397058059103,984.7179379967374,1997.294152819056,2021.4669349401556,2010.5929574301665
39.901963191427804,39.274054856528025,32.203462100996106,78.79606540383851,2027.3994960350965,1041.4916133273375,1991.4887354789053,2019.3323159503632
38.15591579116959,88.9753678114663,86.28309805568702,37.49859365614158,2041.5407613015707,1036.3316179661592,1984.7633881192717,992.887494791664
40.029796837092384,95.62235406258377,39.28987785685608,94.39223613433424,1020.4249503967634,970.887643883256,1996.1892671302182,1003.9103977120711
97.94965102506258,93.17955579152431,36.97876728482268,39.03085426679574,1950.3530039337481,988.8843310103132,990.9715552858524,994.2973833031726
93.40884868866388,41.81446107992011,37.220087022928084,39.63949849522214,1983.4777755630296,1970.3401016412054,2021.1077000057667,992.2839298814247
76.0216429011469,40.93007478676935,38.025157058926965,43.22618727036553,1990.0780911207873,1015.0463865806371,1038.967420373403,1996.07400054505
37.79774786406053,34.84752624291719,82.572006850987,94.03156670239518,2006.7047030870947,2054.8443846538466,1015.3082416619071,1962.321530170289
86.03404916547065,42.717883549358255,34.97224366930307,43.005501974696685,1991.1521786179203,1058.564019519481,1977.2723193502802,985.1810561461394
39.08479353803172,42.54622255425002,34.355378841977206,86.100853388056,993.5541652928423,1008.8764960851236,982.9394946679224,988.0135454486367
40.28301548747562,86.91614389388037,35.58309196762629,94.93745548885232,1956.0507111161437,2034.183975957912,1976.963085261979,1003.5415307828068
40.99957274951413,43.0229694758372,33.818122503472885,91.2905281730263,1002.7505407454921,2052.549067606382,1007.6828542639685,993.8703014405733
92.3443990687721,43.75094768189128,90.02015255606692,41.083093008485996,1980.187867773092,1035.1265336775589,1981.4315255757983,955.8307963738928
41.09593982424488,83.57410616334538,85.86026569598408,91.10988159117802,989.1354673659941,1967.0625087212968,987.0957049336164,1996.0292314269414
39.84135404195335,40.94814037183096,39.26186739415998,43.75386495571847,1978.6991392131918,2039.458559567176,1971.6673682595238,1008.8673437641721
39.768764394187585,41.113748730730904,37.833413421309594,40.64247259433613,1048.4695514195375,2031.105627216275,1993.1822212942993,1988.918283983874
39.040855816207994,40.6578317152365,33.66192711489808,40.54621235996248,2001.700612037652,1993.1077924423428,976.3554825518568,975.4341701412505
38.723482884385675,37.79394227271895,88.83168041261182,86.2036804080594,942.0867062231664,2036.4125792053906,951.9787939627249,973.9818576659213
91.62460641196793,87.1799304541834,36.72162888650388,85.31218848113085,977.9419038165163,974.9754778644344,979.5260873836776,1003.091196716325
90.46008735729674,38.73687967341719,77.82593238628148,89.41718258206738,1004.3837168745896,1007.6494780710987,986.6188854827903,1025.5043959844247
40.34063786245361,39.90032248772451,37.041320921300326,39.50712975313624,1955.031034646157,993.3821118832657,1000.5841715051301,2013.350939493928
41.95415883784028,98.81830695482064,85.41749380691891,37.462383417447434,1961.896851088803,1008.258018742989,1020.2158384532295,2017.8593301829912
89.86312757392655,42.521177964046196,36.53867416994942,35.19892868942468,948.4075357202544,2004.2568543098955,990.7367878742969,987.5211310257994
39.13505869470714,95.75640760577753,32.075295736749354,37.68734767593171,982.0393472800971,1017.9995654482316,987.5401664991058,980.7424648526913
98.37626293998309,85.675088282148,93.9730071909715,89.41867208962707,987.8342203176284,2006.8071347848515,974.0199574022597,2010.3095815481443
86.23173109612306,42.04861498958677,31.31633213754071,98.85503632085543,959.5230916511443,2006.5210314206622,2014.5802610431422,1007.0043392185655
38.492062449273966,89.35388113935008,33.25591372822409,44.90020765318557,1994.263182035938,1011.1046586007785,2040.5685788223593,992.8285018881904
89.77389637075596,83.57820092310398,91.36327385638072,41.86463171963403,1032.3147119362113,1994.7621885167878,980.4851172280064,1976.7762394280635
39.295333685298054,44.83195255339575,91.76956004804069,41.465180213303846,2010.1692991079105,2022.9559032515028,995.6279084928112,986.122765466398
38.24299382841372,44.480830555142155,37.53469045737473,42.9689437512149,2025.7948949813713,1016.5689210528235,1973.518856771311,2005.061565249964
90.20487356474854,43.453808120148054,87.06422677064799,39.893844098148165,984.8565772495092,995.8348782530165,1974.392009084675,1976.9628894458278
89.51551127483009,81.00851118241576,33.756365914893415,38.35426201402463,975.2062906118645,995.7146224820592,994.1832600939157,973.2085216897785
41.11531691949371,38.04919257763919,36.080516634102665,39.19436036644639,1028.8506912583389,2041.9892044089377,997.8986782005974,1020.8355113487773
42.19845062697624,39.904891012508585,90.02171900746177,84.33650011494593,2014.5721867530028,1980.4188567365225,1979.7396239768173,1018.1818179332397
39.93684819840559,88.72770516625575,38.463827507690674,37.87345301591287,2030.0846236821806,945.7413970042878,1990.6868198315715,1941.4626929469919
36.63003107134133,39.92861081621453,78.84503447697345,37.96492732345938,961.2767922743888,973.54079800796,975.2777093827831,1007.7320921640833
88.87115024840958,89.59868373353096,97.6809758575992,37.14898766486806,967.2361342361876,1987.8064560981975,1050.2288442104787,1006.0669136417707
88.80661779981668,89.44410562199751,93.86415419073273,42.88451857194295,2001.2170729308882,1016.5828291744788,2052.153172786193,1000.7635913450019
37.81097575114546,39.18328095070308,85.845508956861,43.83300395537144,1022.1250328079504,2005.2034284710357,1941.2431088713195,982.9731096362677
83.92895181461216,39.736962160584916,83.85651609769396,40.79059413336662,1012.0047737166196,1020.9385826237797,1997.1020460192096,1003.5874077111466
87.59686525382591,38.55661817096946,86.87960154753907,41.72085775976159,976.8837582837307,2039.1834963508438,983.2440257587873,1966.9216251844173
89.71272547330314,90.1035861793162,36.83780695981368,76.62819674216612,930.2708147684756,1030.4646646262117,954.1569151030056,2064.909667960397
41.16709896336444,41.10436718994296,37.14366856474824,82.62555363863393,2000.6420224143822,1962.000542217432,974.6021220280799,2073.7502285032983
93.20973784222765,39.355457630645446,36.715003884571615,89.73363573674304,2036.1352692975443,1964.1805329306148,2072.3620338733845,992.028695755595
40.75671462944304,88.89297359125833,87.61075489925405,91.28790015778213,1005.9617760197023,2024.0798183961645,2019.2255157646475,2009.7877664502898
41.432742375794824,91.43279087361404,34.99532838517602,89.63974746106574,997.0783541638251,2020.6150460361491,1975.5800611194534,2044.0652069012772
41.19165332672404,31.984184026891622,34.88190929573739,41.03730123753289,1970.714787877508,989.4474062661156,1027.9765326235026,1015.0708927534463
94.1152015884864,89.87164215308916,88.85315006996655,42.50306556107415,1985.0924962976442,1972.853720650732,1987.4222255199265,1035.3834763482682
43.55029729025463,39.175966647075015,36.31715883944928,81.79824481361668,1986.531145731166,2044.5683943619933,1013.7599378429812,1990.6059205689635
43.300702049243554,39.744361089342476,80.54064723879046,91.17091786415963,2042.3242215389107,992.8409249291358,1020.1147256368841,1953.9740467087681
87.83800947711713,88.71253237635193,37.963197937124036,90.37191884556168,1030.8275447387243,1000.9475321573038,2016.2613037716324,2056.9339470746477
92.31515876854037,99.040586141005,37.17015816904445,92.32210107250737,1027.8670041351857,991.7956857840603,973.6380804012344,2020.1663304452165
89.83274194378947,84.628940536519,93.66263253334687,91.31896112017371,1971.4886683539219,1999.5365747907474,989.3739305354954,2028.6555060707929
88.42191664343295,38.80240217052542,34.660933794518215,38.491543769891436,2003.8444752868422,2069.1066428954396,962.8817175656061,1013.0714989548535
39.766043601499796,42.351482457852185,34.40849242712565,38.78642208800633,1018.3430419330743,2009.3737010435625,970.1221740750207,1995.4555558116226
39.74679077690638,97.44614904286739,38.68091682256541,38.92816379328919,988.4561468426707,2035.746779048155,987.6885930946021,986.485756497676
90.89438292571266,100.73711076359407,38.6061614055665,98.00576928981957,954.3262847104895,981.3206540877583,2031.517744318344,978.1579523521739
39.32975574123239,95.38720233979235,35.58132278152283,90.5537907180192,951.1931281977043,976.9691982123904,984.12365783985,996.119730166877
38.17036527325655,39.5923952816555,36.71954773945331,39.27028682965591,962.4887642771105,2010.2687008995526,998.193240596112,2019.4106740256118
38.22402942365438,97.5572407548733,101.1201139203923,37.520103172872105,1011.3380348394701,984.9859595398653,1018.5847043079158,2049.9352091801247
88.29671966131404,39.457663202318145,36.34206731859402,91.73181340563465,1957.0255396820048,2021.2086222276268,2030.1593322300923,2011.3887586173612
37.203502436856695,40.79811515332152,38.00320487128576,37.517958263147364,2000.7488750087336,1060.3527616506924,1031.7830591065103,2005.8926045524781
36.40152140779686,95.26872500623324,101.90687460933472,36.6497967446454,1024.6339502997848,1999.5468844795455,1045.1035597919383,1012.1233735362213
40.30102214618598,40.21692411614835,96.72840373461212,39.27813169644993,978.3841570570772,993.7175006131362,1013.9810434188682,1988.188825044709
40.26898861930994,39.91334764175821,39.23345614243517,39.02947356079014,1927.1563187049405,2005.3887146939744,2047.5965069850376,1992.0147494926596
83.41395838217797,82.10847152249531,96.758524792807,37.42385258694812,987.2181178379458,1008.5519758472997,2033.9652885910252,2025.856983351485
40.236068979733176,89.72638257551523,104.8971511736392,40.31126348282867,1958.4801834883056,2033.262183243826,978.062290081258,1030.7992269716733
41.10343965608665,94.44824413348958,33.14012380478009,41.68239947412512,1988.0865669698223,1055.2838570691038,1032.766027509107,1010.2620915815787
82.41537541372581,94.43758354654187,33.09003921176271,41.21124068603319,1016.5681440176417,1966.6821700070998,1013.2306457612019,988.7004614176317
92.67193092611555,35.965071165483266,35.899141507985306,40.840293162205526,996.8663745856414,2026.0475900582464,962.3460594113506,1981.3685366761867
85.68441510226042,95.36862239751686,33.1967040199932,41.12055991670812,2030.1971857801072,2008.9979162464783,980.872354972166,1913.6616869490945
39.24831495399561,39.65517085228474,85.51540926485096,82.85609375355594,2000.5213522743384,1955.169385013334,986.977868160744,2040.7121745532686
88.2875833710698,38.527523352134125,35.824157595052256,35.402170698551686,1032.56070926581,1020.1373016825875,1997.2978007732256,1000.9680819098621
43.01588051941844,40.51608292252804,95.69499019138395,37.943002810174754,988.6796076745381,2006.9406082220578,984.4403593561343,969.6924816774942
42.76309163307268,39.78748796470145,34.80126468353984,41.21615502238386,996.90008587021,1979.97876301169,997.0027282036328,2003.2902963732324
89.36580424297232,93.58745530875854,36.047346765365404,40.93924315647817,2039.6733945290753,1005.699698060236,1017.5609931725377,1993.4511631102112
93.36202519044285,36.23302076081878,85.09678982181121,41.90082338604586,975.0227067042669,2027.1022571180415,1992.7043218134677,990.7758364212282
89.68420529594916,37.27790721959431,91.40540941832393,40.331647961980046,980.9844262367076,991.3376004998705,1994.3659903153555,1016.4187038541157
40.310301934176636,82.67439214757505,87.69485751137418,41.05393084284168,998.4727632130589,1019.6923755293749,995.6496289601866,1017.01452067768
41.06295889150817,48.334994825060164,33.24926819017301,93.33621586168556,987.7091461456021,1004.8653733809306,1002.4782302370688,1022.3555826407144
40.51255470090648,45.71642578980075,95.57549656305771,86.19001321767793,1948.1075981090094,996.5397737286332,1006.6206581898621,999.0080389538011
91.27081659361349,92.75418942244848,94.92247372360077,42.08354211762983,2094.4972420886825,1029.0877987719898,1006.1400589502996,1958.1952134041774
40.0629002023484,94.45571978861933,93.2838221891277,91.45718112141287,1984.538638333583,1018.0324470098615,999.146588413698,1018.9349074676825
37.750123682076264,42.26168993627805,98.26015951357378,80.87058316629503,1969.677317168546,1025.4237880914482,991.4824827524483,2021.1802028069599
83.19138203913771,41.04363582979964,38.07609698759042,84.95475476933923,2029.040903126075,2023.3441822900338,1000.9118979440722,999.6153381407809
42.50331242349739,85.8818378945819,78.08893725479561,40.11955938987228,1973.6748859163395,2002.9529109767582,2003.3621687504767,2008.3320151164776
42.2234665026409,34.105927363337784,88.2348092557097,41.414894715611354,1948.1578741887247,1037.993115427431,2052.0893922617665,2004.1518879210853
91.36925266912995,85.58259224355858,35.5031847456614,43.98314197311505,2006.0471234332706,1044.8028914729791,2022.181803927834,1980.4637344759265
79.00937284528729,44.32209715346408,80.67066560212764,38.53663201692878,2016.0160745797787,997.2492077456207,975.149452818686,2024.5459599018732
94.3615058521108,92.8187361417844,33.57555504300282,36.515126926054585,2025.5656492792352,2029.86539312791,1975.0157415363371,1999.402864064795
40.74099154175531,45.95587486768354,103.66671480840901,90.31403390994718,974.3040133090503,994.545685804869,1937.0499617233056,2000.8139264840102
38.50437331969867,44.58706712511277,96.68227965758054,89.4595968430947,934.7251013935511,1961.8146863756572,1018.9195568039564,1987.6534651301013
39.83839887231515,43.808414098963155,36.41955222321732,41.57954076779473,944.7988695256176,1007.1658702290305,2018.8964254701161,2001.9375879407426
41.52617744172965,39.46718442465558,94.79428643000126,94.30057686657261,976.6634132127472,1014.7065679441531,950.4504470815245,1012.6860033962951
39.86212918944783,39.92538402167135,90.62196458570494,92.78015895715961,1984.7764307269083,2024.6148648150017,943.3814086324483,1973.8259748440066
41.28919069415709,88.64851190591816,32.691401984765655,90.28289178706255,1043.7712933630444,2014.6159434124488,1930.7348049262316,1034.8748681260072
90.81675532146737,97.6731060886843,32.95152515172672,35.60264608949919,1041.7179385408408,1987.261495368835,978.9430663287283,1019.6850299871994
87.95118685202672,38.59297246402693,38.76572449471942,37.1226439111815,966.1782247893067,1919.294122394028,1014.0311678562616,985.5975537451347
38.22552764542087,92.96666778244851,89.27723343906223,85.65466341398741,936.3098838425128,975.6212927452448,1029.5382055829696,986.7199321295832
96.43435235268498,42.55888375973602,91.00594608964644,88.84050216769077,1953.151651762548,1011.7476974917133,1016.3702281431737,1022.5929632853026
39.60519741143586,88.23876931757,35.0084254533806,43.322287414573395,968.7459295430886,982.5476608570273,1013.141300245222,1029.3411071715257
41.36479397806046,98.94920659080293,36.049124864386044,81.88799741094346,953.0436436808784,1019.5753884832247,1974.368155532007,1959.767359116313
90.16979048364364,38.75693057719938,89.59080179684014,39.240672230460234,946.1879728848364,1976.225268050954,984.7959426678358,973.5148214522048
96.01570234706823,92.89001719131369,38.78120560301109,35.882609091092604,971.0152498143486,1024.2601368278506,980.4673640600653,1975.6264845293326
93.58791827791156,97.01799209395622,36.27012802392419,38.75067390055066,993.9437637825263,1029.2798933395993,2032.8480872686234,1008.7913001508836
42.41136179378944,84.56163979531938,36.89731217283848,99.04554540147845,963.5793658964524,981.1453971367016,2024.66905600081,1042.1706593419867
40.55054089165996,88.46263021949761,37.80118177919968,41.533850623623735,2037.5198102491102,1004.5825888636839,987.2676502729307,2015.9807652236575
41.726659122012265,42.75530817095476,88.25286447000548,39.90982220941912,2016.2556231474841,1045.6281732501925,999.3688600415612,982.4507627796166
83.9021688274756,40.551429812629095,33.6410227889522,41.90644778157723,2021.647582960634,990.861216611955,984.8800958304096,986.6113774279795
42.476308188839326,92.8332044510059,35.076480645532214,87.42753105573682,981.3031425608247,971.5254937398644,2004.9828378927734,1947.0781348255775
90.59108631914746,40.06289833670716,84.52293284959002,40.037359146505295,981.0843154224328,2019.6392657962874,980.2243139982145,987.6941564638362
91.04467987509213,39.99131842697802,94.44207206956919,88.92288849654224,1969.547525455234,1998.453135003488,1014.2825154134475,982.3144367879767
94.49207165849546,91.18610647064169,35.82400914568341,86.9548848192515,2001.6810770076543,958.7478956711836,1988.5481127627613,2002.9358533821162
41.68638671108867,40.97549229807291,36.142071300649064,41.35386065924318,1973.6726506510167,956.3523077609425,1967.7329173512462,1000.4342326053584
41.066863489369105,37.57996481991877,37.84376396045132,84.08182370466518,1007.1663372072621,977.187944214721,1961.5986687174568,1025.797247174526
38.83316310483664,37.39032858098678,88.50894774660384,42.965417436642426,979.4346631094622,2026.6147748619364,1969.3974698809027,1010.2788101150036
85.85134046995927,86.3891609660239,87.61419549081279,37.98280129455915,2009.547002399008,961.6942236478017,985.8189535862933,1021.6253413310421
97.25452255830584,87.17595516386277,30.875006483885343,89.49146259158105,1967.472817214499,972.0897123780204,2035.454024635449,1029.6443668246886
41.226819799822174,79.38117264542686,95.07934095010616,87.79833549575301,1984.3471054587392,972.1315512592049,2050.7068545662873,2045.1340678962852
87.26696778316155,38.44290770432846,38.62752636497249,86.39521408897645,1019.1161498127285,1006.8685033979602,1963.7015109764548,999.3260381471305
83.68928783912554,93.4285929030332,83.2616643505305,84.4169300200542,1042.5314238989322,985.1440303094082,987.0277827158191,2020.6173286005244
85.14554110445621,42.99725533371057,95.51038597678671,42.32588845646261,2011.4307799386177,2026.8818941000943,989.1275814739372,2015.4347889518735
98.25486047890026,40.13642029594734,36.143782103400895,89.69101622546644,2005.9509414457077,1993.7951948253453,1996.9335015487775,987.1985992441101
85.10715642700812,41.92761559551173,37.51075652904466,40.86048877107427,2049.429906687442,1002.661023684394,2023.9708714258775,1017.0967830075863
81.04682767362436,42.874671953086064,40.55456453784693,38.969546957464686,2007.9649762126542,2043.6884914896978,977.4352255445082,2032.8806571628493
40.613276499865094,40.27128056033291,35.21034143902313,89.61027666715037,1043.6158639698529,2009.7099192887893,2011.6021024107974,1956.4014824927901
90.84051394184576,38.6035507042664,95.5002025588589,94.35498642204685,1997.765269420973,1950.4394398831273,959.5300860873228,998.0423576420951
39.48397678349472,40.19776283992004,36.42707071626192,41.6467847241869,2047.0021440846592,984.4888460156953,2018.3701306690325,1013.3636164233867
38.46228105555228,85.28387819432282,96.60584601424254,43.992530041505404,968.5855479744321,1974.0458513570693,1017.3966780761845,1965.5486946265612
94.16696678479367,83.79761897736489,34.923769667734845,42.17200043779668,983.7989638273746,1975.578489304217,1939.8607673977347,2034.0162467230102
90.36953198614142,91.9343764231261,95.18308943245377,38.869636646520334,2009.7911979097298,998.8132417264706,1963.4311454039055,1001.6194570246071
40.05229705156509,40.76263008420908,91.55094357885366,86.91363974023697,935.7724778301218,2015.8669027512271,988.0509426221298,1985.4624215886465
41.19859602011236,40.39925949739644,38.21993766613616,82.85705063445218,1982.7501968411962,2059.5758240333353,2012.7809470277314,1981.293385039225
87.70283505742778,39.0765844736154,38.33025676779884,85.72751805228083,941.8518718936693,1059.0179939440466,1982.0825926224336,1019.263559143104
82.42185754550994,85.4739891211988,83.77057385852726,42.408459442982135,2016.4848477900546,1020.0765495381333,1016.0546074429103,1997.372142575032
42.546663971628284,92.77436200731248,87.15216999745923,89.99926542281881,2054.8528594385866,1990.1757941706428,997.3967332114003,978.4282723296004
43.53505609917649,36.308154323195154,82.89146063494287,40.24584093960652,1990.9173680419128,994.2907631242515,974.5624849757419,995.5823097595211
80.87397425631329,37.16572356981622,39.74459193043971,42.69119399283963,1976.1856319025892,1986.381558057227,1986.5183042182034,1000.0637604436745
40.427369274522874,41.71861547177964,39.56789658449,88.7680851406691,2036.4021586161427,1981.3309863523139,1991.1297542509399,999.5035008984612
87.64887916031206,40.44803025924183,103.08854770316846,40.81396770249063,2003.2549453707593,999.1405154010479,1966.542071369971,1975.7503112743218
80.06587706994722,42.91145992182075,85.04974350589964,41.98592977008142,2027.2736630083646,1015.3368652294967,1999.9819276558208,2021.7134051860503
90.31547535139663,38.97103755675383,34.60018118416065,41.80286010888659,2007.5168024090055,1012.0469074475759,979.5494057894628,1995.3430064103745
99.98002881811048,31.53352679604299,85.34830330058237,87.90384956712556,2053.493990167456,1015.0918111050321,1978.1940386609572,988.437974120683
41.778168075059675,92.4898601663712,37.05722024125424,90.24295377593948,1972.720996273045,2012.5253052972162,986.5214687409459,2028.8164712043333
38.512310805062,38.223545393924425,36.24804246747067,39.75650656934121,968.0607100484851,971.9514677987818,961.8274066987165,2048.949330342908
84.11622954645192,42.31790462979902,36.57917619886979,95.03257823090053,933.8710474708024,1993.4163784440475,1949.607151396152,1991.793332624305
41.64479771796033,43.588301169774724,91.68034830217533,92.51123864312423,995.6710326865082,2027.7575725002723,1008.5893348722295,995.2425226609876
88.31698082024235,43.48642093256129,83.96585014126526,86.3943962852514,1997.9804120649067,965.0961956509228,1976.8377902432494,2015.4816975440683
42.61283399545171,43.42332078465326,89.73186379674755,40.56440878109497,1996.2027873626882,2008.8109315147146,1002.995147798537,2032.9964387921445
40.46085968016908,96.5437725504019,90.77157669264066,100.9340715148678,2019.2024277914975,1983.6077537189472,976.3248312221074,1003.7404749339948
43.753087524013594,88.04662588599194,91.41609813437167,88.46310506386489,970.3218826095679,1016.411082904665,985.3964161505652,1995.4563525096567
102.60599991452692,44.720767539299274,91.11630362098177,97.88923972304855,954.7482277333922,995.2339183169087,2037.401376871873,1970.7219762545076
39.90556315209042,96.32951341158169,84.57649238142206,91.8388476479821,970.1855741523406,2021.0273800107998,998.6083456451345,980.7505882714847
84.4391321588632,83.51152107177224,88.12883315606969,36.26264988754549,1974.3369261195728,1983.3284834160822,954.0867650638431,943.4742841833586
39.8912087807266,91.35547661816275,78.80680987179409,37.03072496192188,2012.5936564724784,999.1893433612206,953.227989129284,1982.5601015252626
39.38185495139539,43.25650086191405,41.070480571677514,88.88842128588041,1032.0914742537568,991.946789472474,2005.6493107533136,2014.1196444165023
37.071555834839195,94.92980398771925,93.88312496117582,34.09350985802398,1010.316198787327,2015.8968487445195,2013.148441210312,1007.815889364537
37.710346873034965,34.39366130327657,86.04862063090033,37.0530830498041,1993.740957660183,968.3748866269375,984.0055899271089,1996.9320899759837
87.9686908320206,39.919367398290206,34.57139655599241,41.804682086574154,2011.9691142675447,2049.819155478703,2013.779268310668,1027.9827544830925
97.89301037434421,81.93550141396786,32.84394609729729,92.84673795087247,1003.76489107108,1056.581190554521,945.5298493195116,1031.2946585174757
40.745839469399534,84.06776986968669,34.16321999441849,88.99073414892308,1997.6114649254355,2014.9606428430202,962.6604805030904,2024.1214727305723
37.13604484495444,41.642132522895665,37.82350204041559,41.19352278217106,1986.8917797780234,1954.3662398643253,996.6217428353641,2001.8266472134355
87.21721959523386,40.06651614124388,87.44902048793193,39.42660492173222,2003.4797513123035,2015.3210139116566,1002.2328329358647,1953.9559917780102
44.74242907199806,40.94165966013159,39.88634901637514,38.66578417700222,969.6540249188962,2000.7029411724668,990.4359047595904,1996.577857603626
43.07419122564963,81.25649970238545,86.90735860705709,39.69790987118706,953.3691418991672,1010.6657777585735,1940.4657576548097,1948.7793162165885
84.08332885317736,92.09602768641345,33.430369448451096,91.01232170724167,1007.8506131559652,1986.8332250442413,1994.4075173723545,989.0440644069538
41.96152432606635,40.90423625279643,34.907267339504195,40.350297777417246,1033.7658280242847,2001.3670117764034,2016.435280680173,981.398352147351
45.750501736751936,40.16934459787651,39.2676098582794,85.8633460983416,1988.863282732274,1964.2145065913273,1990.4447746498843,974.5760799083221
43.74072326504222,96.81914825478471,37.63502073267442,81.46993484211173,1001.3724444323509,2001.6882329043679,997.5175757984223,987.9963892386576
89.69681196930784,40.528213300191254,36.68316791634766,91.13242018279878,957.814383423005,989.6389229908607,986.5927670907265,1005.1410498251381
36.4425184125443,85.81974224201868,38.953832559546655,41.29881529432693,2081.097428908632,1057.1675640722178,2030.9532843858792,1957.7053498337516
91.20380261861163,45.840386592503876,38.89457103699176,93.16074445974591,978.3417179418652,1033.1880242880559,1952.4408842269916,972.0594498125545
40.4704898930343,39.976456842110636,39.1053710734086,41.72549211415243,984.1873549614654,974.8150041253193,1976.7991427277236,1924.913255131677
89.94887353971608,83.9323936089354,40.819704668805784,40.66259717302863,1999.2970586238155,1019.6689518392882,2012.7034654906581,990.5337122889032
40.98152244999512,84.1835598833688,35.863149535589386,42.512736005222095,1024.243782318052,1989.6271260935282,1017.3248880653705,1010.6499499896195
41.55182692475489,42.6544721394345,92.02533200403676,89.46868252507392,2005.7014051494002,990.4094321219566,2011.3607290278546,977.3245118276943
82.96342085873194,90.0487290709869,85.02205202000276,41.25181459396493,999.126296170596,1994.4036220121548,994.8798374099795,954.4554068529387
83.09882810064298,86.6980570509406,39.71788106809677,41.50692416855702,1023.6896832102295,1998.8651408709402,966.7732696583664,983.0264720411928
40.684977141653505,43.35223397981829,85.60493497946935,43.08940453040285,2028.2802026742709,2000.0532045820744,1980.1201296275003,1985.2913729540696
88.41681685006948,34.41662131237864,35.23761655060588,97.807234718536,1008.9000503713713,1038.442610424822,1018.568132873,979.7869134520377
85.09952425923622,39.50230827623587,83.99703338951745,93.19003947061401,2004.245306167298,2023.42033334727,2001.0665802417511,2045.1451709044502
42.832521112115685,43.523461632735845,35.524416799914725,37.440065471707314,1038.256349543235,1970.1670233253385,1978.2575771553988,1965.9388962528262
86.9510229509095,38.58375220034556,86.97339296944298,38.40382099271375,1021.2436957974766,1995.5175432950846,976.0662865410882,986.7255299188723
40.36490119470945,39.343737454126455,34.876233241197,92.5723426663082,2001.3715139412107,1007.3942960072427,1001.838525466526,1004.3517077838619
40.76739724468685,41.85085375057409,33.29894697221487,35.17533130952768,930.2795262631694,1035.5884561028506,1987.395382723143,1015.4199719457421
87.75920687987194,43.7889367654507,32.77697354918146,36.73795720350843,958.5163371873562,1074.233605290138,2019.9296283836843,1005.952375584427
41.03479945615109,97.57039021351785,87.63683123745196,41.30333304041904,1990.0931352155292,1028.024202511675,1009.5813039318507,1037.1557586457907
90.21902385934766,43.937254117628214,91.17924059353844,40.92146759499591,1947.5217844816048,967.9902591081858,993.3542577042167,1046.7391102190545
88.94984000619324,40.49804133943167,88.69831780610211,41.68206006936441,1962.933644399042,995.4664340902677,1025.3730569061377,1033.3009823955576
38.66619278764418,37.13716700913987,35.09214097540383,43.92794491250429,971.7473780176497,991.1652027657763,1992.5474290863876,1997.9152294977118
92.83565469836641,36.256834690930845,38.562315536420726,43.994282971632515,2048.3432019634797,2024.5185624940327,1006.3062392763572,1008.599805606482
93.67756156372695,36.967011651263775,92.12350922985401,41.087111127957556,1027.1697365380412,1974.562115524151,1024.6790041958693,983.0988152464286
47.060223461458875,87.83303342419921,87.12696036590704,38.820833088794885,1034.3837171610357,1031.6282558121543,1029.0755785668937,978.2994022889106
42.806330491517,38.80334996220923,36.71538233899312,41.904010442260144,1969.0809537061386,1949.4740528845396,1032.2670562330754,985.1130921103493
87.27615485545572,87.4775750439523,86.57031650659573,81.65242434702904,985.059182736492,1011.7691201745441,2038.3114750506934,1981.614208511072
100.70558593093976,40.2652239535485,37.40207661273885,39.200353951568644,950.2512560178461,1051.9093487573841,2049.559474516876,989.548977485217
98.69760920206059,42.18961867864964,93.81862775609576,44.81531081755875,2006.0023930938796,1973.332022541106,986.9934188347544,987.2805782794455
41.959318306262304,41.6471295550881,32.041531349324266,83.58526037640917,1961.3703827532236,1970.0856734057165,957.6014416703923,1970.2014129503011
81.98681100366076,88.7018245773627,34.868119958536106,48.26119051621228,2003.5511929717006,1045.0057222122914,963.5334522942294,2023.0441283427795
86.89345861125801,84.53133372698585,87.08075629957732,93.43507205098005,1960.5489587065472,1934.4380753278704,2052.2441326277417,970.3517857414033
88.78373512916137,92.22966261357465,38.1367545549006,39.39709930687833,2022.4209169114704,1017.5408083726426,995.7739341136476,1993.873362477069
87.94110941236167,38.06793754599849,81.87063155755317,38.955687553102464,1028.2197645098536,2028.6147592068364,971.8689382920038,2037.2996262872402
95.01142056926517,38.90838713374961,35.72699297203001,92.92490113611177,1030.2671304291603,1949.0397780602839,1998.7843866942974,991.7755443279581
39.6549395354409,90.14866559515758,95.16013192904856,39.304302079618964,1033.467999477095,2036.4892001008861,1003.4828007124892,2015.880134570756
40.03998097720684,93.4531281736929,96.39739981266943,36.00232260878741,975.0263195400196,2000.0050332147646,998.4908812885922,2005.6150717076137
92.1797840821803,37.94910576811296,89.86813951090795,93.2562360990143,2049.8328513816946,1000.6169174895042,1027.056559283142,988.3551227874264
39.000864915774685,34.630458330566306,37.777661963742815,41.45867131766842,991.6982835409317,987.9621529445171,1034.5320170030031,2000.3778441398222
86.45788779296481,36.65245900196621,92.16331000263243,82.37541571210552,1019.2726373867774,994.5653350774496,2022.7306357147477,1006.9431741286445
39.313162353093645,37.948503745542496,91.38556055884963,92.16837409465866,2045.7708480661342,2008.3868312859777,1028.106989164325,977.7945481950974
40.944042438219036,90.18208190814342,84.84288500025474,89.29168406025623,2039.9787109759757,1999.4921281387017,2011.4325356522293,2041.120757043873
39.64419782884454,41.33194384957614,88.86960378622125,40.856063624712895,987.1711143207287,979.0892280119159,949.7157755609242,2038.4068843989044
40.11091379129384,40.498501867040034,35.95464683832882,41.016249442377884,1022.6767560567961,2031.3841839259237,966.5289647517393,993.9774794344457
98.65044910997646,91.83935032977703,97.37533197564797,43.823876076162875,2018.8472306126798,2005.6205308686972,1976.633257210995,1995.1654274713883
101.19262219859974,99.03721009252912,34.891830487839485,90.97780789953401,1986.13810760732,2019.1755786435633,2009.3123717631943,2009.1814234281437
85.11070781410241,36.62203477504623,35.88425666060431,92.25951365272363,996.0387733717273,1034.8784609477893,1991.2353108776297,1013.3075565397755
38.58269769716685,88.01247430191786,37.05789889936992,38.83076592074258,1022.6632598983266,1052.1471833348633,1918.4617952037663,1002.9307467946992
38.73659623374398,38.638241143298075,91.37241176476708,42.22764782946727,2033.462584230416,1978.465891289515,946.7963436851668,1038.7015261278548
41.615136338711274,33.89688040988713,91.06982132285586,39.15395234140773,2001.0372855760545,978.9247412017075,2041.8817024107561,2008.0813941500567
42.587392513585804,97.49240726384433,37.298467656995484,93.55794602325282,958.1900578095893,997.8189074828827,1988.338406655354,999.6763361395956
40.914628964880244,90.28184686963199,38.35107025566715,86.82128722025328,960.2548545666106,1028.816329040787,970.606873516515,1954.029375853277
44.315085564538364,38.71133305548925,36.58089857075534,36.22526066167015,1018.682656417987,2017.6083850180546,961.4727837625778,1027.6755055629847
90.45630380558748,39.99165300816914,92.9959614994757,97.04666514707634,1947.503048199559,2016.8072422443677,2040.7518198063865,2044.3794618402553
93.56792043229109,40.350262718254314,93.98842912047802,37.71825576217981,1977.7215936499026,985.6750022566317,973.1186121040778,1951.083146736097
97.32918406306248,38.40620963717,34.470625051279015,38.18175885076984,992.4020639397465,1016.9476302356611,985.6420885182868,957.734455745098
38.962143825737115,96.11789004418311,35.0062884042011,40.94249701996061,2055.2777024103475,2025.5099365267747,987.8421099727952,982.6316981631071
93.10115375616006,36.79720025654843,39.789162049005824,93.88545558911072,2001.4382642667424,1959.8093753688406,960.3631039059715,1998.5641900777146
84.43662626241759,82.07495061388686,37.04685043391841,93.97462253476981,1014.4569730812644,920.9360853322296,2014.9178112033203,1990.0642979693573
40.73871510890069,87.44583679715869,85.61272632267527,38.301588067366765,978.4589798452702,956.4217486051155,1988.8116871228306,997.4783554798137
93.77243364011363,90.633844303257,39.36467525461872,85.7429529372634,1013.3411849109974,997.3820347706193,1034.758948949157,1983.2168784945666
40.119146599792515,93.87920768441468,39.59303168213805,41.81039895487098,1989.7561134003072,988.1437369155672,1009.0121917191638,974.3593644361708
90.97387683525348,43.5325759475883,36.55739836534582,89.52173484588177,986.7289000663213,1036.6359152144948,981.1418725367687,1987.9131402513374
36.016575157208514,86.6330031303609,83.61985320897892,40.270571124642785,1979.1271693325464,1025.54422974985,987.9958485276504,980.985318646584
89.18752952712667,81.89823941442889,90.43751681391696,38.13953400472478,2055.2050509674013,975.1432719299728,986.3314345368433,1028.0637370312315
92.23682663834099,98.07216589716246,91.41549345305566,89.69896208132212,1017.1583070083407,1011.9072744338655,2010.0117507885702,2034.265357262661
38.882874453434226,84.69631360779222,83.87840617649528,43.143546721793214,977.8495851147192,989.3344238230984,2018.51444721747,1014.3110573845971
36.75126104301384,41.596313345510524,37.19758177391031,38.775871151426955,965.7519098591413,958.0288425055729,2009.204640099459,2043.9251911162803
39.54516432954962,41.38047254650232,37.478958223184506,90.82828635697825,2004.0712971614673,990.1765194951829,1005.2924070799381,1994.8217534860514
93.99783249610167,42.0078438706322,87.6782831613427,39.94658914296776,1025.1402079118948,2000.010959235848,1976.581879582043,1017.611513847992
82.55650270131115,40.68466419681248,90.65321594917378,90.60714189985863,2014.4959217965713,1008.5263161259765,980.4431542405819,1006.6296695722702
84.58445449457193,39.521694342467995,39.501694549499085,92.16664086724721,1029.250896912951,2017.054912346031,2025.304616325541,1007.1146283862086
84.0429213972366,41.844986725255865,41.08636338348975,100.71377979283933,1016.0516671169373,974.7712197058918,986.7910009248326,2011.795827011426
92.30452397203982,86.29804719395484,81.47643072130924,89.78639769555271,1959.1568367080185,2009.9542392032222,986.3078189774935,1013.7336374369333
97.26124765092375,40.01133291210412,36.823476677413005,91.0123085931341,1961.2649346440708,1004.3356790030912,983.508692239479,1999.8304304502306
44.98450084431332,97.78765416066163,35.28588333254858,41.61269047768937,1974.583790436645,2022.0623585518858,1001.8892503973941,2097.2684624258072
96.16384926589444,93.16838078381262,87.76837056473745,86.74610984855893,2014.1297619054499,1027.8827951103567,1022.8654442702737,992.2677632213724
39.79771259201064,41.98792796804865,35.328272412557055,38.83826642996004,1017.6325685024333,1977.836333677802,1992.9537667156294,1001.3547059681841
39.43018377831616,43.660421818947114,34.873136521508485,86.69289854344703,1043.5032167750219,1028.5284156234552,1015.7618255778209,1965.773912968841
41.4907748434274,39.36908186942179,38.29121768576861,38.40372476963134,1992.67515109685,1990.117804015655,2032.3265207241502,1965.0696098909846
95.54440535445589,38.39191306558264,87.1658686410208,37.8515478039849,1990.2587559889207,1985.062336385857,973.9408072324375,1938.2929090355865
40.66039056699039,41.26297673811892,94.69520554352593,96.5124079927516,1000.1972879172463,1973.5182114561383,960.9229322923434,1989.8066363373262
39.384455088831956,92.77965252340233,32.86009315344036,43.936300745348774,2000.5125898625781,982.9949699541851,970.5171618121742,2008.371473783571
40.06308393218441,83.98286544427651,30.614096064736923,79.773456631824,2004.782779877679,995.127732681034,1979.5411813669712,1985.3245300024594
40.28515769201456,39.76412548144682,33.944977736180064,85.54886421661158,960.9304104241256,1941.3116086702835,979.2255096463402,1983.6848247608655
40.06816381324235,81.57347573232043,99.1089087763149,41.71803266458387,946.3204564500377,2006.6171609851713,1970.4002360723132,2014.371314443068
95.0905837772256,86.73011528200925,89.02501683160258,39.20269602744538,988.7618780813029,951.927684793636,1001.6177789852608,1974.231486240163
38.70445546062848,44.79476599061415,32.59148053018643,35.96712710560118,1045.5087384016072,948.628235414408,1043.4655225296651,1006.4944298955054
39.56621064992844,43.74192511860757,85.22160149437421,96.0006167128675,1973.660346342197,1993.0616102113186,1011.5003556254152,2022.6217369315186
37.362696975007665,82.10958662639003,88.97400656793424,40.273937936936676,965.5182335045254,1023.1018302345635,978.9707652772217,1020.9664112840455
93.83620755834585,81.13357524446768,102.29102632183016,91.418238592877,2012.0762647012486,1019.176288663304,990.2399063826308,998.2428054365095
42.78334943698047,42.12718285753131,37.32575147481955,39.88645335516179,1005.1413414187653,1993.1527459095405,994.7019848400289,1003.5741686447932
42.38795556613169,89.56813518671125,90.23358191710533,41.27072787297051,1980.1860430524614,984.4218933091461,2027.880761237636,979.0744834142707
39.53412286097621,38.582858226532636,33.10192820527274,42.25159658959362,957.1651480763645,990.6782504417848,990.3611017907645,957.6274518197586
43.7349096886236,84.36604784343861,35.77693381260596,89.1764846129322,2026.7125597920256,1990.5392033931532,1977.6413885850961,1995.4705602025776
89.79164327672791,39.56682629427402,36.12691155490418,38.28146001433561,1995.388304784957,1016.6667425179771,2026.8541922741895,1011.8773920093765
92.8488825368767,36.68094554312662,35.41958842960227,91.03336336987486,1011.1706764862931,1992.7776908632754,980.7839688205559,2017.635414831234
91.12535571535932,91.73720487281584,36.37023906681565,39.92341185351379,1993.4108405802033,944.9873881773581,967.2410195715065,1983.5121652105684
40.67546548352522,44.04908631614801,36.51267434277639,91.03256905290006,1030.145310725954,2030.0841800988705,2022.5108502090902,1011.8343323007623
88.26522927423902,36.56775901258277,86.93456034451661,41.17191886417429,1030.1656335163498,1040.2219913221522,2043.9195687772226,1964.131613983979
41.013672753330496,33.62120689200914,102.77540883982728,40.25015738831691,2001.193680958826,1003.3192509982207,1959.2282757756245,1021.2940723546219
41.27467653455756,92.58721007781126,40.58312602118257,88.92308534494039,993.6793217507452,2027.5062750863776,1009.8051495585319,2022.1557067452156
39.69371091869866,41.01199992046191,42.49434692473514,39.78782763988973,1011.1701711115907,1002.2263097701393,2018.2080997510614,2022.257601476538
39.79268497006926,39.126909808823385,36.809860788909134,39.88373828490013,1951.505143585106,1973.25864246107,2007.3215219748633,1999.3128552736996
82.25898512579555,38.97897783234158,37.188447550101124,82.69851316656411,2074.580193064678,1992.9776151602828,1058.2482618881122,1001.1852478701877
41.784244270215225,89.51036698559851,95.82559134996433,93.123765974584,1007.5044151233828,968.3295658819711,985.687930952236,1005.8142874471833
40.679692974818956,42.6179411124884,37.80675902957729,88.67894972347592,1013.2887052027536,1984.7897266909613,1986.5917214717897,2019.4824134948344
39.633712541872555,95.72820537295556,83.25532149809374,40.45289201225354,1001.896887521845,2020.6555791331152,1960.1376394135357,2028.7266720170412
87.45294701499027,85.13694685430922,97.12190117270407,42.45989647621435,1977.8086185650964,2023.8320831057774,996.9037940949607,991.9554451927328
84.67013113022392,40.41138522054933,89.37489232443218,90.51134175022062,1042.1393095242315,991.7671582188041,954.8139957572727,989.2865618308748
39.67759884328883,41.13763463206874,37.69158233435728,88.25403457841806,1004.0510712596458,1989.2583059960932,2017.6194598768705,977.3131605782066
40.22256462950601,40.068785118330254,34.89850100554715,91.88017728652751,967.8946946663355,2062.3506196251956,1020.7464792587109,1001.8237165016035
86.00418521716719,42.79165496429708,93.60457049487114,38.0563009087179,986.875942151567,999.1618888230681,1040.2821061261222,1983.298532865605
42.168443275745005,91.45126953633026,36.131737796718,88.52779477030549,1967.823571714606,1937.1384376653846,1023.8692947358745,2030.1671319226623
40.07600497546194,93.70980797513424,88.09101893892372,40.58548007898007,1978.7981365139524,1000.2992768908048,1992.5015810813723,1022.6192541657882
95.48584349715264,37.623851500476796,37.971093366163714,42.24328849053077,965.2283274497468,1027.0288457132142,1019.972764230271,995.8125652524247
42.19118794288567,37.151931997802436,95.82655026474025,40.39786735946947,2033.587787018819,1047.2733304178773,2055.255802561976,1989.0652436468722
42.052416044225566,38.02717417675474,91.39917026545433,81.9181274005054,945.7898361523389,999.611894159684,1949.6924403832236,1993.6353356358836
40.633881932201064,41.12292837755483,34.4957730345707,41.80571792391778,1893.0147148427811,1949.1442822370618,965.1994754579664,1009.3458502257724
40.87445470130197,93.15187825712098,86.64040121193565,85.50094560156393,1009.6671945056912,974.8863149498435,969.7555444819207,1963.315927760069
87.0816760709268,38.19853276972873,38.8137877364707,39.07375289928992,1061.4876075296452,2028.9993528362722,962.5284159182681,971.2655110053365
37.81984396442799,41.601087102847224,92.00505701550803,100.0844356384232,1983.8713352820776,1969.50299484502,967.0106375761043,999.9978226475366
87.16089953748978,38.942194387461804,38.8440451138226,38.426921570164964,978.4358646747269,1999.5720293612703,1001.2163696709974,1004.5100104543698
93.69174614002023,89.74589370994589,98.431051490961,87.86304217555741,1035.5313225887585,1010.372893453258,1002.032502923644,1977.9021465067592
39.43065667631461,42.12502427020265,33.20077635644826,41.46725121108154,1059.049302464196,2020.2498565946514,989.4492616417625,994.771260104608
39.15612253780388,40.27312670414971,90.9491994534905,85.16186852409767,1032.4859727441046,1013.0900231016525,2003.6847689441443,2010.8572907565967
39.45891881642884,86.65430369795325,39.650375871479824,43.86342998247801,961.5203547198394,1017.2870232657016,1985.9037592516331,974.0470707479817
37.91010528852345,91.22763207146156,37.54530757122499,93.51917534012875,979.1210715363341,1958.8524013513154,1006.2852979438568,956.8710576036983
91.28700641939491,89.42688923511149,37.08415316609387,37.304663006206056,1039.8494755889376,1992.497483354464,1969.4861302637985,1988.4998454978065
92.53172958395768,91.70699072904549,86.6299834238445,38.89373111211873,1049.1773979395439,995.3549280505285,1983.7018971872947,974.1782768503124
93.41780613632905,82.55666943576472,39.56678120993152,97.45952565593072,1047.8230219398238,1019.1209799251386,1015.526700434501,989.4466299446769
44.04325506977129,43.004140164382974,39.87289975410759,100.40996181166011,2014.6726535022888,1042.0458851325186,1014.891489868587,999.0413431857908
45.5126503566033,88.0654090350958,35.47397365092196,40.65910399594639,990.4810075855103,1994.91872286968,2042.6005549382166,1024.7490291516485
83.88153471708162,38.75630461780159,34.90504134527225,39.7523913265532,1014.198069591604,1993.8882431064549,1006.854638717951,1031.5641542282851
42.9979276342331,92.1981773289169,38.09466129553567,40.49769952706545,1988.0805590115308,1983.5919069880867,2073.445981417863,1009.1748637668645
85.15479713127694,39.65927517303237,36.55211299462553,85.15556804057212,2031.9412730173342,1043.8406891028694,2037.2079947404618,1002.9812121196142
96.7941881050131,86.65375949274893,87.28694056737153,40.40243119769386,999.9032500530095,1028.0181871252414,985.7286739416838,1017.1677322424196
39.163669030648826,43.16758240605045,34.95797202504174,44.15812021791406,1962.6290005408457,1007.126992468126,1985.7719809148564,1033.035116455152
99.92845930648632,41.47759685850942,34.34520235702972,88.5546544167714,1022.4584959062599,1049.8069455040772,965.1706301737597,970.7723426830063
82.99278020990339,41.78178983278885,86.36492889299764,40.731532116431964,1018.3677144684514,1099.9261704204916,1959.4402998026144,1987.2430205411974
39.80503476455026,42.9361236649671,35.76340130773272,91.42158559069055,987.0577579422861,2023.5769597723322,2036.2552814085925,1985.074856335913
40.64659190341763,43.6549389802573,80.44627310448776,94.40293274912281,2005.2686318121819,1973.9096135868815,956.0747432942283,2026.3437240260837
45.107110268817394,88.69248336401934,91.3761443297911,88.47525861187414,989.2680984024263,1979.8446313424013,958.2524704678685,1998.6158863700553
91.16889089901757,42.1203278218435,37.034846013555544,89.32324272317925,2069.2547764070687,995.7687105018589,951.6956990868896,984.2432649318673
38.97698182316331,39.68553290010771,34.56089979554176,43.415154538768775,1022.9013904895762,975.0040256499551,953.675942422347,1993.308017640616
40.58797648948096,81.97468301048043,34.465162653377625,93.90112498367168,1002.8556957408496,1989.1996969987706,1993.6768032965426,1994.5431487673372
40.48059276061073,37.00552360741211,34.86448274261879,46.33196414968896,1020.5710875716286,2036.791345450135,2023.9282773111163,2003.0653174947536
86.05132090601269,40.3844398247088,90.54046522652975,41.59512399566789,1018.8366395453011,1994.0908214867425,1954.4234623457617,1022.7175724423488
39.44772853246832,37.462564556776826,36.72965607986138,39.696176995423244,970.3056374811499,1013.21862153297,989.5644909821226,2009.6495437600286
38.35881645911525,35.50506813398427,86.37835095950643,39.70398597837668,985.578275557204,1993.1207911578113,1999.4915087310449,1003.7882870181897
41.31670554595069,37.889278291142496,97.68697730911217,39.41919562104103,961.2288977377616,1985.100798394567,986.1970683780335,1014.0130879841502
88.42343499359212,36.471149943056886,86.146828118384,40.21648409385427,915.7607386264012,1974.0401079723474,2031.0014115836793,2044.4503484984625
41.46883096963822,39.882819078281614,91.02794281458813,38.21096233688297,2000.9173069060257,2034.9458897916097,1000.0327066246205,2024.7709580878422
86.99095203898734,92.27112484039588,34.35131199657183,90.53239557419094,2017.7574565391942,2006.442818193205,2007.9050359479502,1005.0497239205652
40.30815451229209,43.806481782680564,95.25482320794094,89.76799135903244,973.1937446255941,1039.8379934652512,1994.105363918917,2011.2621444844565
41.65076721445227,41.22197901317506,80.4232035698254,38.78214053819758,981.7747276319321,1038.0945486478934,1992.994859767007,1999.8354046494408
90.06437128735998,43.70699962670302,93.8972563523253,84.44897825950673,982.5166158499708,1035.4357026096964,2036.847502203445,2030.4473382289527
39.243844299429625,41.347452797793935,32.344328225574486,104.16963962416165,982.6825528132854,1000.6489249912129,974.1681197744854,1999.0817713122083
38.653915396551376,38.758412858981096,90.22704428942569,41.23981996469293,1015.7239799199172,2029.8980168095873,965.3997411165187,1014.3179134122253
36.15974969498495,41.892469198446435,84.965490288597,39.26646668405405,2015.391158969196,1068.7524004449426,1996.5758309123987,2019.9771059381462
37.410109273335586,39.339268698563274,95.08394055883474,38.924158598144146,1949.3504896040506,1044.6854029152407,1030.4631781094042,964.9752795180458
39.422896853867755,81.78926647357157,78.54302279131214,93.4665197224466,989.5106097021712,1022.6930966127125,2003.02202139378,2037.1345831347132
39.70025793497589,92.42279503377118,38.56840357130743,90.537503224898,957.5554771103282,1994.95415784858,2023.9810119885274,1005.1051822132132
39.907795218972765,83.45307849952692,41.58239742117598,38.968140017000366,2064.0294095927043,2056.7720533538463,978.6605671588133,959.8519194156637
38.80030832653956,89.54899523066142,33.864455016402765,38.889721406422794,1023.2863323815207,2041.9954708105854,958.1454737854839,2017.4278159966107
92.10680217312121,94.39875711391367,85.91002136070864,85.14451600584948,1053.3548344129993,1014.7147229414088,1954.7415688564581,1013.8274987253202
42.803480469788035,92.11937117110443,35.190689922640715,38.851397953406966,1008.4511531374314,995.1864329797941,2001.1149857066512,2055.404057836775
81.86023573479474,80.09856879555954,35.656883939683226,92.40724622754205,1987.4801291189222,980.7222537679993,995.9836690583057,2006.3558079075742
94.61019227393281,40.2974859341047,36.40215766327108,38.64309428682602,971.0269693565964,1997.3345351906705,997.3524151404978,1982.7826910002896
91.4696042297355,41.13056258104203,37.99349274129514,89.7271666695405,2040.3029561303495,999.0844422580676,1003.774675848267,991.7189744225338
37.360942476294696,89.63911534174888,92.90883114143338,88.32449777161023,1002.1843240755906,965.7051463374875,2010.3002219285825,2052.4479703425095
90.67947923842425,82.9043580908259,91.4207550935973,81.48189359180762,1024.8508427491217,965.7421526014018,970.9845343705886,989.6186197608856
39.500406492840185,38.958407412459195,87.85746374218921,41.77231648905689,2027.8166989369383,2019.8802290546128,984.173242482824,972.3956615116313
40.326695434888066,38.9302774027121,38.85761453186314,40.53773861211083,1041.7658170805025,993.183264934182,2013.8257864533794,2029.0495912161289
108.67085404196582,37.312156408218755,86.43202981334565,39.11705708504779,1025.7893189667761,1988.0800799279698,2012.3306583677638,1016.9768309394906
100.4503911347742,35.0009256058878,34.514074562633915,42.32980542001664,2022.3387594733524,2032.4305948312956,1036.799945793064,1021.0453415968102
40.225148836727044,39.11641794649847,36.92239271828565,43.48388131871516,1004.6239918079217,951.1603067037145,994.9198561287219,1015.481902170385
39.082919314796655,43.96042389249983,91.64368223974665,91.21177256186166,1946.6453687501926,931.0105975473135,1000.2512844592777,1966.589330225587
89.72074007896796,92.69591146268728,35.09479707387781,41.45077299898093,2015.8975713444029,2024.9361678222256,1004.963891782342,999.4092275625486
41.322113279764864,37.97087854284921,35.24072664244008,42.95600370220957,978.4537458398581,1032.5862844646329,958.5405575059834,2011.4544450755625
92.50772131039356,38.04881168574043,35.49283914660927,39.94650854961188,2015.5274595722938,1051.108210482017,974.9512643069991,1969.6434257753797
88.56635615491749,40.427951924772984,84.31427137416756,90.12723510578398,2022.5417181381333,1051.7956332319786,1003.7426648946832,1974.1261975491723
45.365924085080565,89.13174879219001,37.206377733555044,41.11503777003704,2001.9720709380717,1043.2075090208477,982.8277295741434,1952.5031266891624
40.706179045226406,88.43163481451694,100.25568500645142,38.73903558162435,996.8848926965695,1996.4086020860211,957.9562728423073,962.6412229306447
38.22872704418231,91.29727824071988,95.30566410891154,98.88805550967822,2012.952044267713,1023.1066282113959,986.3922266086918,988.639312484524
43.71639864603749,41.49701957266622,34.690640442535695,92.58897963927775,1028.729709626831,984.9208099831617,1023.261462719977,1005.3185106222445
82.33267997774543,92.31289838290385,37.596676251177385,36.82236954552046,964.5170202867083,1961.3486175954156,2009.6702684852191,992.5448336785901
44.296159153688656,38.36596257109914,90.45030234185066,35.91520043715586,955.429441981044,1035.594887026764,987.5313877415831,995.6132637743289
45.36868447276438,92.17685279184538,92.728274844472,35.66156934359993,1016.2020005196046,1021.0121775286973,967.4934090577049,1920.304604075082
88.24113572740698,92.71646578773222,37.28457145760147,94.58710488187427,2065.5489006418006,2003.901207603402,967.0130143265945,1005.4345674113306
93.11779773506812,44.79090932436762,96.82965069311311,40.53656916702104,1079.8647820946267,1964.9828357171489,1996.927815276093,2008.2047665504751
87.02811581879273,40.43890752677606,33.783090355828904,41.93396474852535,1980.7621657539098,1967.387622011437,1004.5377829613187,2026.0391240101428
39.09115170050649,42.10399222809242,32.452292943513015,40.04043269383347,1009.1635491507847,974.8165480739409,991.2465843585569,1002.667937599954
42.393623417218095,88.653763705475,34.137031699299115,99.14017663491464,1022.2940774600452,2048.943501944917,1964.5445188350593,2002.4007891976487
93.11878064673388,38.18995564455859,35.559140160013754,41.239579500503595,1980.714282082295,2002.8174072744646,2009.216753205385,2016.163873718558
90.20123433785652,39.09960413587636,35.36274578810445,90.34279091493829,966.4230601831691,998.4797375146929,1972.1933290828229,998.9741155710615
41.6318702381442,87.65083956923229,36.982214031214674,37.83014415836058,979.054181303663,2081.607697518092,1046.5220614041148,1019.1397191667354
44.49665453214152,41.19736378830575,37.49238095051963,89.28754225857388,2007.5544400873268,1992.1675722453347,2018.4865288776161,2002.5730092303359
40.990330177946824,89.04668831931599,39.655250546433244,87.67478748633519,2000.2860888690236,1035.234906549615,2002.0262640265098,2027.771596120488
37.684869942705696,86.82901939235043,87.80924070430433,37.81610142445466,1991.983725273171,2050.952551395045,956.5615362442718,2016.2565953246958
84.69296934126757,42.95958886537928,37.04693359497122,90.8089402420081,1029.9868491091665,1986.4688132322885,1962.9529715549543,1981.0329872646892
38.10223869451541,88.75139251342489,97.6794955185615,35.86338104836524,2000.5721350683127,1985.644509397682,1973.8124490444695,2008.0645306628167
87.57316325122214,92.09175896075372,39.074898950355546,35.824263943407004,2026.8679856964968,967.290142079996,1939.7459272926121,986.0848961442557
37.596400620630035,86.39136395194929,35.58187915958351,89.09980615360423,961.7806572629806,952.6248770092176,2014.2712096995242,1993.1890321855112
98.94892848865106,91.41796001624185,32.594155395409715,99.10417809871544,952.9583058178832,970.5107254838084,1034.5117774914952,1016.2903314400194
87.33553272340708,44.90671724315751,95.15379140963645,84.6268715182463,1008.6878060152517,1977.3883447853834,1048.0247201282316,1979.571812850406
94.66841690695429,45.88303339213668,38.889455801005,94.77417390431752,1039.5428023017173,988.8206673844468,1975.399239716482,1006.2181150708639
37.253930298020904,90.38929407792205,37.26277095124939,40.49172441984177,1000.4735367426551,1000.6815105149234,2003.3317612004867,1001.3127618149188
84.31920362979679,92.75363691625668,39.82872996898242,39.59210676141576,996.5158022863197,976.1090920557051,958.9869060133998,1978.5112096171335
41.205757638062124,39.71579106971042,91.97823578127742,39.175885464750706,2007.533368102504,1994.7733067142078,964.9321446328076,1025.4893433606362
42.15849705648925,36.76794953092036,90.78718050433494,42.24636843927121,2005.46216209674,1010.1917527080852,1992.772441671763,1037.6493985571637
41.642563493623285,98.39290167292218,91.53076439763318,86.38026943396319,981.1221803606875,1014.0099121370213,2014.0338135813147,1003.8049216467016
91.25734359206298,36.62140926284567,83.64020033879521,38.61530084008531,978.8346764426756,1034.0374650151973,1041.5396331645347,2017.4923368773873
91.28836856833148,38.25560980932518,96.19244240187058,95.18082083070269,1986.615331021716,1050.5646315330116,1027.8414972995372,2010.3484236184818
37.81352874138811,89.47325861190781,30.35344390119206,42.58592367814012,2002.1882044834858,1021.3320902317495,1060.4815027242178,2042.3683070750524
40.493572854492896,89.1062249896642,96.48289999991384,93.69649816039438,956.4023897619124,1022.5770750119034,1022.1956641788106,2024.841055125571
41.84677005099497,85.45147063211654,35.88638206901754,88.88731551514144,959.0540133536313,1025.4041292715435,971.7469329345065,1028.2748963172826
40.01997252450495,81.69710612541681,35.45824129546574,93.74400319908365,988.0554312074722,994.3803242588149,1998.4071858258212,1981.3955784847335
91.44396799046741,88.43950048556759,91.20084107837916,45.754712037533075,1004.9769609928678,1996.2000395978346,2046.1477180756178,1966.324929699318
45.50908454542053,85.04105265894714,32.34649266360138,83.2497942010614,1009.4186698427345,1969.2431590335016,992.9127966297498,986.697097326389
43.58454174692702,43.724704071855705,90.51987193856493,87.91499513757232,1006.8677375418724,1033.9913331262535,989.0341269901194,963.2661975301776
42.683410377660095,42.55503286516145,39.61761821342046,98.33145189606323,1993.4685031631598,1040.955888709183,1028.384910023852,981.8493407090934
43.23530344662262,91.16098790421158,40.3445781374626,100.3643218027309,1001.4764663935416,1044.9037988888274,1010.8153517158736,988.2346181426906
47.63327840488044,90.52678566093358,38.41395390676277,41.58791823123082,1970.7866345072562,1018.6269338375387,2002.549818124223,974.2853771811526
45.405830705458726,77.06704383527946,35.94385826432219,41.88140929432943,950.8166278620788,2006.49897826496,996.2595715641226,1992.1124963094933
86.58060226504902,92.10940914333987,35.764589434683245,88.07611572599974,974.0438755848577,2029.06983497322,2008.2615599864098,1012.233698063518
37.26249482340059,87.94510358169337,108.53523530537913,36.1988524443248,1000.4833217429307,2064.4054703690194,1003.9871010330905,2015.2707173644899
39.042769039654715,91.14355845632457,86.06939167451945,38.234446701613535,2048.234791065461,988.5905524582898,990.6262237008544,995.8760382944229
94.07410797178522,47.925557858886016,87.49813979469316,103.3651259895048,2006.2706525295423,979.3484755285718,1971.9721619059983,996.0594660481622
88.5536718510195,92.18024066282426,94.27773892558126,91.63671359015854,1003.5554085348771,1055.880254591236,964.0067784125135,1003.1770532131238
41.82570979395015,88.37232602516751,39.021246866979986,44.485482547957076,1955.1925434720345,2029.2283418273953,980.449129409312,1016.8305000888085
44.599201031651674,90.39702568390018,37.018227911698155,73.94240073826771,994.4473460227994,1987.6350789693472,1974.7931672640304,992.3950382193175
93.74764323854414,35.07832502432319,91.47158075730319,38.18015675891467,1002.7453532066428,1018.3136678650076,1999.4499203105959,997.2884753082251
34.38602084879892,100.26147737517594,33.28706360481624,87.91641321311718,1981.7072575676152,1009.4095557487558,2001.7389072435851,1015.1014947955853
37.72696765398652,102.23325446533471,90.56847224706883,41.13184137804659,969.7883501773595,985.0223344268481,1012.8292520315692,2000.6397453916986
86.73310061574185,37.59713960359814,88.19519124225454,40.32742817958194,2000.9703617585594,1961.9431585959123,949.3753096911591,2013.8056146788467
88.26401941605705,37.3810577586962,31.81684687257283,86.18806142167632,1986.3849677945327,2000.8380387218076,943.8766138750556,1033.0302038377308
41.740406539136245,92.72453055964421,34.00037479750752,43.01933271532705,1024.0130473895886,1008.6762726275208,989.6058901672945,1016.3758340464011
40.034591576385694,40.15601058208307,93.0999084861004,90.20606430993554,2039.4629228754727,1986.3391762957704,997.5968606803244,1032.873768489869
98.34524757412962,44.10212571569379,96.66083114798126,43.555407963067196,978.0633592117097,966.9878269329622,982.87678323264,1034.700369454379
90.04942130181718,45.89975122312072,84.12765779747136,44.19093100376402,2005.669747333205,1999.5885620327429,1990.526226221167,986.7553394820638
40.61979655983009,41.52203761520643,32.564592838651066,42.17449427028937,1017.4408403938817,2015.7833432332766,1009.2736764465504,1924.64218911183
97.34724401187957,40.76624068057538,34.4551606342486,41.24273537334997,2012.508492093942,2005.3372726934795,1021.6818107154688,1012.3757001320812
84.35962610549853,91.11564093140203,36.44948098882129,40.85273912844764,2012.3636226818212,1991.953311925258,1036.2928685840732,1020.6358469228811
95.99756427996724,40.336438667145444,34.98555001999085,41.95835758952065,980.3407930578878,1954.0273160764218,1018.0309775847533,1999.743916250073
39.675890967725834,40.08122241079719,35.93415193678604,42.33622720747532,2051.559127390054,1019.5474821754138,994.0253236492788,1944.7681252658012
40.62917483887703,89.11357620331263,90.61390833568421,40.7635807542933,1032.5206959932573,1004.3610424116346,1001.7788272298314,956.6908738821719
40.54552656393123,45.36276638424837,94.03043248116782,90.59984048225876,1038.2049397405613,989.2862748600132,997.0488666327713,1016.4257697144307
39.490525339473365,46.120323728811016,36.320881427842686,84.0898357191604,1980.8544758296377,1012.4433467204055,996.1530152756873,1028.0319235326301
41.42021285564154,95.5928107142261,85.81511752248002,94.66692554602653,1035.6103651631174,1045.0208093768288,1011.5879688899311,2012.3174358148642
42.4642567447563,39.93304182658703,82.73160516394577,79.08339596929957,1970.1071856085694,1024.5038601625865,992.3759381503739,1948.7664898018825
88.77830640575907,37.58046151637116,37.9751702994819,41.72881049620534,1027.9410440002976,1020.7711359892614,994.705007767179,973.3227154584195
82.57335405950175,88.48586863301081,91.90131716014014,94.11216082654325,1009.3337303206092,1002.7513793273974,1012.6161050861214,2019.3555864245027
92.52877693749349,37.05355401225657,35.47140432951129,40.57034260190751,1992.24176448223,2051.454924935742,2004.6164572043906,1006.0312968554657
97.57906193735523,39.88807783663374,93.58892653989076,82.77691008421534,1024.708932246519,1007.3390710735458,1024.8515056059523,2037.9235013201317
43.540508194198296,88.72755294899063,35.81023608411081,40.57656777115213,981.9051490962731,2016.8988724771234,1023.2843630878821,1997.3510807526766
43.518807473521335,46.17913887752198,90.54198351112329,43.11534333818187,2045.850376633735,1997.616573235582,2039.760300006632,1027.8306700431149
91.21753973285385,41.23242342756426,94.0704332046776,42.003280273437106,946.1821400620056,2008.0316147940512,982.1939215738639,2009.6149751617686
37.48014733452126,39.816710121960654,90.4053379313736,39.84603052807587,2022.0085145715086,1016.0305893473324,2039.1463088165976,1009.3764292714868
40.02310001193095,45.1467979085144,85.80294283388265,42.62264370174441,2027.286757126215,978.6342331590494,991.6449578065599,997.9569038603538
40.77769734647878,43.50088711401355,39.06277968900888,42.76677399218892,967.6391388746961,1999.929505596371,1979.89237099853,1020.1057419071592
94.55551341634111,39.695337249838005,38.10147199760495,42.42402172480474,928.0438750798387,1009.3053515831082,1991.0717724375884,1000.1741654965713
42.640379772007,86.73835554088183,37.586694538854886,39.964710353828565,941.429301807186,963.397929709254,1006.096671420207,998.266023053794
45.34670717387439,87.05558363707793,38.97000243743952,36.713935081813204,931.3195670456762,2014.6558438048496,2001.5354911773504,1009.5029459545163
43.47120626453567,44.26825494567971,91.96935203318539,38.32930244452079,1993.814488257616,1002.7445859951297,1006.8658059076643,994.0782141553487
36.774698736517536,87.30976793787013,32.99101331561843,36.157673066100934,993.6772048286996,1950.6559774463346,985.1498206648068,994.3473007383487
35.65894038910624,41.676747389252185,87.163402285985,89.0347038990262,996.1610205237469,1060.719267316695,1999.277973491438,1020.7353862590137
83.68741657841029,40.12084094266572,35.10699928043344,38.290582724327194,1988.9255985468722,1000.3624210049152,1009.4281125442517,1956.5735053157123
41.694195221366755,39.21877666567174,98.46903598580597,36.08239445746294,1959.3799174157696,2017.3477380307208,1027.7668463475184,1004.6296485152112
40.535484770364775,90.45601026593248,97.38465422135513,39.96283499309833,1967.3736442728798,964.3021776413476,1988.4307982292355,1015.8342619331161
88.67949460734066,87.98703781853997,91.03360221763938,88.9667720432727,1976.775120037477,981.0250746327804,1973.5164962633264,1006.1654862695659
89.1754884935115,43.31469048422972,34.566970391360854,89.56237841145018,1006.0116404964688,975.4436695070883,2009.9256882828413,986.2081389961866
40.42841714434714,43.69870484843197,90.70542932660459,92.56475182969822,1996.489831519799,1986.9021636245925,2025.9474204052867,2023.7011790688334
88.20269923240787,41.3783157755026,88.63222521946315,39.03221499152166,944.8076867881894,977.3378363523425,1969.0355536776476,985.1272740596402
40.82343252329949,39.744153533401295,38.832088098405904,91.9010752070663,985.8184113417508,1019.6675266273077,987.6429985438683,1000.7261895545881
85.63530120962261,39.3464354613447,87.18616589678226,41.39807811131104,1018.1847769989392,1977.314338408507,1976.1765560918027,993.8748436139638
83.31618889727625,41.61083355158016,41.080970334229605,38.541952967231765,987.3949089533389,1988.1797376949667,1045.2779615107345,1008.0331100428396
92.21900179534467,98.75527250007158,96.47980021297352,90.04765720707896,2036.809929878197,1070.4655171439454,1990.9445892452693,987.0497813029262
39.52723552403114,41.92267367260852,38.16963293107685,78.49737234708704,1048.8989892810762,1024.616574914545,984.0227752229189,965.6003190794806
42.225710986488195,43.2857483154054,36.29216334534402,91.83523499463031,1988.98898127256,2036.8528362040865,1001.7836377533315,967.1405780653952
87.16133618001815,42.153694201414964,36.70317211270202,39.49143235288012,987.1394030637034,2006.0758723517329,2042.4268458060649,991.1769944394489
41.99263868841404,85.44340357596398,79.46115095949348,91.15106256943972,1996.3564177550406,1986.6149005795114,958.0216345224644,1969.8592958653533
84.10456879201851,40.705059705634426,36.24701200609646,39.97046135817599,1990.1858155501711,1951.7003012503683,998.00045377587,983.9681291455436
41.31817599398519,85.40575596042049,89.47606868096221,42.403137303368936,1023.9669485856757,1013.6506413377683,996.0724360542008,982.147115707614
82.9751042607455,39.816203372930445,86.10189951660755,41.426707659953195,1010.3321435007439,1033.552752015215,2023.1844765770338,970.5750441374895
43.20154072774585,89.57188311961467,86.45123821425396,90.50032396282558,1029.0285953241087,1965.9559454024889,1990.8724802845015,978.0567296853269
39.106232735654935,43.499833241780195,30.17619377202224,42.28664611550506,2005.0928356190368,956.3419744532796,972.6842231242438,998.5336104251725
86.7315036003929,85.96702350570754,32.90131811369737,97.29429630433805,1034.0165545614343,973.4833344251896,988.016122145287,989.0388276029795
41.480880360137064,85.34289654286279,35.86082121076238,39.543605007202956,2024.082429641546,993.3765760005517,992.6883178288786,2029.7734918466806
94.55606504467586,43.017020384868275,40.52228116835116,88.55577391238857,1975.4907800934611,971.5850593314515,981.5226275601804,1971.2568450088338
88.96025768266287,43.94657441519048,106.8899429367279,90.6774964060757,1955.8016046146722,971.4634518354001,1990.6259477986373,1033.0842965765175
39.007067547794776,42.542510071042585,92.23600488205545,37.15924323030859,1953.6712084600417,984.2796348515153,1973.934962518826,1981.0350468221661
39.50935971294945,40.9417587425345,90.06311144095497,38.87517290060406,991.1014516874862,2013.9744205118784,2013.8926555130543,1015.8793134699654
83.4376685629427,87.32448008426745,36.88874643703579,93.00592896730713,1014.1824200492723,1010.3088417905822,1023.4458877218744,1980.0241215937735
91.29879288596798,99.73703916781288,35.20651936934548,86.77616270897052,980.4936077068182,1975.8269089849043,1987.8323702183939,1010.1146297854754
41.77007062513948,41.21121814639412,36.1301074658778,42.09086441909545,1990.8243344497514,1964.8989851543945,2008.7955986128945,1984.483042252224
40.243262647885345,40.50756725795108,36.7284505091627,87.9594786816973,2007.3402571714882,2055.7362181783824,996.3749158962729,1017.8688099891958
89.92261870312494,97.20723651357983,35.081360118186325,93.10218959714261,2025.2052550825258,2033.3776492713469,2028.4721196854334,1015.1780306957431
44.2025754855503,97.22038967171197,36.461815881989054,86.74946601717329,2015.1053945974918,946.4502240874201,990.1498895200452,1966.9244231251196
40.826599455281396,89.79626549280654,98.34539027591859,83.378971482919,1001.4492105548242,962.8252110900439,995.2209264641062,2038.19554229902
91.97464066331898,41.57435388784335,39.56730651828498,86.35934595255824,1952.1934476470522,1996.313236059916,1952.8435794613595,1014.2066229064582
88.6290331498349,40.03567955760002,86.45312548969015,85.92462075765758,2013.7232254267792,1003.7616435241906,1011.6678083793411,1013.0986316770643
85.78768542761308,91.3813034577322,88.09581355630932,94.22352564579884,2001.6646089624985,2016.9676884501664,2046.2948454979883,2044.1281278414667
43.14044690056842,87.38920473819245,88.08203711603963,39.56315402700213,978.5720302400399,979.46515722533,992.1944583839648,2027.7373242955898
44.46150272910023,37.66643114582232,37.867081592430154,89.40778011476404,2000.7583034252928,1980.255578759688,2028.0911164405497,1985.289950592518
42.945342412201995,96.00532393096248,35.52466652520653,44.03146562887916,988.7489088979544,1988.7781407279829,1990.362380826314,1016.7867988186092
75.59490829673697,96.91507220849132,35.82864422301043,94.3339920929828,997.160952009732,949.9779797453934,999.7576724433741,1019.0445933521561
41.2548047020871,81.6057753416176,86.536194200381,88.59653956102292,983.5682194456483,935.5229493248157,1951.657783812571,1003.0863840042605
87.34348470974898,39.930062787548366,38.29100201282367,43.4514469508984,1008.4063378693467,1015.4201023562171,2004.2023868471176,2042.2957708568185
85.0134087253936,37.13868115115868,86.57852644530288,87.57105127169243,1988.7165958406438,1961.1992350800065,2030.4875469855367,2011.490906529227
39.826371697046085,39.11804632379493,89.0487343053665,96.48661163442449,1037.6788720171403,962.9375911848384,1964.1193950150569,993.7439219005487
90.3058055123218,35.364483324182416,35.101328226890175,88.56792760565664,1025.3965133976626,954.2134981823585,1003.1868687196953,1980.5206043514431
91.16927852512563,87.46486724745408,38.3385236300343,42.60387876100743,1013.9304509897041,989.1094590170699,959.326440242748,977.3845834861813
39.85338826073941,40.86726878348949,38.7061413751576,94.98934054013947,2019.9584469776648,972.2438625605573,934.9519156187735,2014.8246025124809
36.10293808745147,90.822671089957,94.48504638022284,92.56408938860324,967.9974019991841,2021.2894255301662,961.2151848150611,1014.9571613629232
79.72841719781891,41.277841690449335,89.1373196366566,37.140380899196046,2058.539654512547,2032.9493170682251,1008.503155905682,2009.6843183253102
43.16556462921837,93.69877056149626,35.69059910119951,35.3349660126928,1982.2419720072355,2015.1952862772514,1009.5270469750062,1987.4808737594253
82.71290576862448,42.69968382056488,33.977876430681334,36.854352120258966,997.8747706526372,2001.8738701502198,1024.0997930308656,1959.1939636528061
101.2708622242273,39.982739849790136,34.81970068976594,96.6192323619856,1999.7617423794768,1986.5237129255568,1027.1891014607909,1973.8353315453676
40.87832957532949,86.76544752503399,91.74234246344348,37.88276472272245,977.074508914677,1972.9297154231997,1971.4576714068128,1002.9322965800113
89.9895563749417,92.87843314124915,92.2314094598514,38.614054390354354,992.9091353489074,2002.5868206531168,2017.1126720605232,996.5458877512466
35.27719802479777,39.61779931080314,36.6520303071569,40.66119366758697,1024.4816058176295,981.7542679908311,1034.8330111889397,2004.760912016428
93.11929761828866,86.44279666619778,32.62536917445826,87.94778850746023,2022.0504139432478,979.2701897519773,2009.8891547681212,1986.9786255645151
37.813333870850244,86.26109331429706,86.06680467316876,40.89932636962951,997.0859651106739,1981.2499223705142,1002.3517842459495,1981.057767876523
84.18380393178242,38.979062119226455,33.412963864055854,86.31302106775526,1985.2133600054547,991.2477695938557,1977.1735664495118,1010.3593261642553
88.7320464422626,41.86390315125628,92.47329129899927,98.71684044561732,1978.5941683404324,1013.1609467713693,1992.0744110998946,1009.3346692356087
43.884106429081626,38.79670250168218,85.2990945506483,97.51519997370134,971.2705774403964,1039.3472590039728,2034.1447203466178,1014.5624728639559
44.837214684642255,38.766404268483264,34.83058350889681,39.054741683475186,1013.4767674138884,1035.0539850619684,1977.229637176299,1035.8374284118088
40.755970306151255,86.02926111647632,91.2415173647161,89.22145107635173,981.8149999574955,1953.5121458293036,2000.7241687435849,1977.1919837277203
95.60312165559984,38.69016528937031,35.18921434684808,85.38509430372117,1952.316662966127,2002.7473511435373,1010.7389776906934,2006.7551549255297
43.72495079952849,92.59717952035372,35.912481567218855,93.44041909550775,2010.078301100555,1009.05050642631,1007.8440408117642,2003.254731632131
39.74428845084961,98.47332026993502,90.36193535242982,39.047109910919474,1023.1473470821313,1019.0556413151287,976.2736432982516,1014.756601126888
90.89230148770807,93.10287269988677,36.72086879366148,41.41336739802685,1974.9143114385756,1003.0365409650525,2023.9054622509677,1993.7432637722777
96.53964298382714,40.70374290451875,100.72240645505899,39.913862362807286,2012.5912680242848,1012.1546792835177,2030.9025128504668,1995.591345021045
37.83136786839055,89.77078226655486,38.58569712858056,85.0655127696883,2035.1596226538309,1975.5448874078872,2093.6532699482705,974.3532982382876
84.98496282335076,82.71977512787376,37.7753219755962,40.68706816661571,1982.2362246462787,984.125198661484,963.4853690046673,2029.4150546206827
40.806199833073975,38.713181678730706,38.12877722408128,35.972637312993044,962.3715958950585,2041.5896995085084,2027.7236213525268,1009.0644801368865
43.43701393153177,40.45572958644039,36.6831413423605,97.28332609975554,987.7712925422766,1975.6955280611367,1034.3716303065778,2006.0156810562694
89.20961218308165,81.25123703926984,34.49362762010082,89.33602368428068,1992.6442258788825,1011.835149926791,2002.4841583951402,2045.26161538397
40.77645469027702,89.55470560085854,35.945075519673836,40.1118176645634,980.6961810391042,2035.7001118143903,997.7387295829352,1023.6941117937675
98.25496534136522,42.24727537231624,35.97221366649925,84.04344062955627,2030.6537025531775,997.1387160468248,1002.9750754418412,1970.2602738572905
40.421294130719204,42.10716143979164,91.62832324256593,37.536302807307436,968.1354160550277,997.2785625278666,973.6230342462331,1967.0698847096533
42.00094460733477,88.98763218846462,99.03980600170378,42.83932920571399,2071.4334473265726,1007.9511047786027,960.0502200644892,2001.8914100251359
42.38004132153962,41.22965145335472,36.34259534911858,43.29302633344109,2054.5088927534566,2012.7103045132053,981.7082128768498,1042.5921596225432
44.080165133430626,95.935968128488,36.406092510586646,92.6591990492869,952.3831160268918,2024.5849333701044,1008.3375446947944,1018.057832691872
42.09336388825984,94.51720582944444,87.75986993892714,93.92474339140755,975.6251378701227,1982.0312586751706,1026.5678520060465,1966.2498585126345
91.060181398317,81.42127544886308,37.91996212912573,39.35500625058354,2018.047537153197,990.447723070319,1980.8296541542968,2074.9922373722093
81.96295711470988,101.75118810592778,37.41944226014914,38.184955397738335,1949.589315668657,1001.9017310533748,2037.0532120015064,1005.1696281404754
39.602815844637064,43.76452067338576,91.15532673375223,37.85869397882048,945.9159665945392,983.790307330423,1016.2108403369629,972.071772756109
94.80184222306713,87.86598000327412,33.166010912143804,36.41324149356106,991.6328480014395,980.1474760915255,2023.3449421624678,2085.3691234701937
39.49276228267294,41.80815735966665,35.108330601919874,89.88318706951841,1965.718045461741,992.7400348418769,2020.460414168423,983.7370003522864
41.18150991530496,39.89871967409759,33.54918984929732,91.74386015598297,947.0856456628064,979.4025485984243,1978.0686693881812,2037.5606302038543
40.29457227537104,74.44755398073478,84.72708760434753,91.10455879411757,977.5212121172178,1003.583709003972,1064.5441470473347,2013.8832671457023
86.20514470373332,78.29036108663142,36.31443772266769,36.83344516952536,987.0295314751754,2004.9992822258052,1010.4601577885637,999.6655864608714
85.07732688940627,39.67560466905323,86.95090459609864,37.485323352828814,2038.0222033452926,2028.9490231735176,2017.2448150542223,1009.8655916676514
94.02084248406291,84.64218133050093,85.70122509818754,87.91931379656464,1000.7383304339085,2002.2515866216281,1004.7570949621063,1028.9729510180837
93.66826618957651,88.3812013764,38.75168398370249,79.32939470040097,2003.4234296158538,2009.08299943282,1933.4326366775535,988.8472387061427
88.53654418076658,39.26550370308759,36.6798598635916,39.14562052719996,996.235480563947,2007.5056491568287,1010.6533153702862,2021.3929237504262
40.11228236636783,35.566221659097096,37.801091493726595,86.73002439028397,990.2989937541277,1923.7002426288454,2003.7381278974026,2031.3040233202737
39.19697111193109,86.26613867065133,82.47640602594396,85.39390071695243,1989.469478806555,1000.005147111672,1936.9417011330277,2010.8105531969843
84.14299723122798,82.52763947985562,90.18731954106721,94.79747270909758,2059.617979888841,988.2801432079467,2009.866128616061,996.1286631979424
37.46132992461763,89.81254869467203,36.16492853750679,40.028484935082005,927.910136923195,1936.4293097375016,981.0368418807982,998.5045383939962
94.62832174402439,41.730929343947366,38.74626188724871,90.22091895575325,958.4625970144291,967.1963455368343,1959.9544307062124,997.5223691268532
40.158568857416924,81.26641675988776,39.54964545723274,80.18635687989448,1996.8355515642718,989.19436120864,976.6422235445932,1007.4913756626527
86.67066417328064,42.536877945555275,87.9287688359683,85.20751399903654,1038.778990537167,1010.8656291884274,2017.4806354790567,1005.5464828665687
41.50153047819113,91.10717011623603,37.52809966578019,44.18067350062079,1007.8870524788342,1013.056364766659,2013.6737643858187,992.1797484839144
44.90529412819371,39.57160713061531,95.94707867789401,96.45163081060856,1017.5455885283518,1979.48353520559,1009.175793276866,1997.734785967324
87.56243405537055,41.95052086452553,85.13008442598233,96.0197945664355,1989.5404336240133,2013.7910757536674,2003.7865402431876,1993.0196317476293
40.92740320140983,44.685321791498566,85.70034225384275,39.81647811333953,2002.6557010434049,964.1987181046575,2004.8771460443754,1030.4407188418463
95.36272133386998,95.56460559691568,36.65476337580627,87.60773480669863,976.1252513025102,965.66520581342,2034.9668841610433,1022.5133778095998
41.18253811449698,93.15043619948723,87.36270596109551,87.658205627851,2012.8119673820165,2036.330873727958,976.3927196612532,2018.9094200533552
38.67748770232407,97.9172982891648,90.15872777162191,95.04592202198235,1964.6451090804578,1933.574775393096,2013.823759173562,971.179805262019
77.68524304075835,38.703683580403606,93.19971436253256,38.52861597904712,1951.4991652674148,1993.2758202491764,989.6497572837019,993.8559364710654
40.32640601186415,40.690557220364646,90.07757188758713,37.766863286419515,1012.632037331655,1996.1104368497315,2037.305463367156,1974.9904195518543
88.72522468153784,42.58609327058297,35.11450794753097,92.06750212261719,1005.3681019667652,1024.9255268798624,1007.6235076038731,1001.8975992183205
41.640882197778424,39.71273181271182,37.00291523461461,37.756729475921105,993.8483059000473,1029.9349213706823,2010.0092781124592,1997.5935523350138
39.06346340970437,98.43345953103011,91.19637348420534,79.60117120911636,1002.5908679931122,1076.0897910003023,1018.9392135857929,996.5235744428346
94.47981367376345,77.42174278940955,93.88957188914155,43.56848359723284,985.0104896527332,1061.5854421815359,978.1144945469057,1014.6460641365491
89.83491313224984,88.33593228453044,28.01887326159244,41.851930922740145,2010.1643392361625,987.1660092253296,2004.8763288066154,1008.0859176411099
93.30767112282527,38.928160474066814,34.52340011700282,82.1795151535572,1007.1103657613401,988.2797473984374,954.3289696252252,997.8349524348239
42.190695174575254,42.40898929913011,34.54332043320598,40.28178149446153,1018.1049148587092,2033.4929084145779,1005.0479727425036,2004.6602211815805
92.60471636626339,39.79999761947331,37.48750722233693,36.823635546818494,1048.3524508104965,1040.5580526905242,2013.118243803164,1001.6844253308616
88.91315425021332,41.25323019794966,39.59487761282219,41.16280883001403,1084.9999722946607,1023.0448029454542,1957.2682675958324,1984.2410604015467
39.5344119703952,87.23715371594064,34.51517376598228,92.63176247793358,1027.1581008752678,1024.3225965816468,970.3990494963381,1018.6168814234577
89.42928145832389,41.238057772881106,32.86120463547797,37.204450398890756,1979.7276658484097,1039.8414668425949,2049.0424451057506,966.9745952386475
42.241860023265694,91.98412641868345,80.84883131726843,36.76980946508159,1013.7041892298266,1008.8688056583444,1026.9773635550275,2016.8198485785285
91.58331594507241,43.02853683695403,92.01377678729772,43.062566976149796,1002.9238944456122,1017.4849716600818,1964.133012125377,2003.9288581680437
91.99089794735896,90.69825115346188,38.55522866865674,97.27408708284983,1971.0281493108969,1050.0764761796481,2029.1585924630463,999.4470758969223
43.78487010646031,41.212584853291084,85.58322509496692,41.44372469791688,1946.9374313184649,1980.7730388686782,2009.1793310168248,1991.2043016309563
84.65087550860363,87.75918235425681,35.07268358096783,38.4869771026376,2004.3499155776433,1021.2405515313671,985.739523116225,1015.2098263575422
42.39132163359345,40.775598144759066,82.22233974129387,42.892471659858856,2015.3171866110285,2011.6356841553072,1996.4597771844988,1033.9662300813259
91.33448075482461,43.42978546938163,36.1865248995865,84.94562454294531,922.4879162673186,1000.222077940287,2020.487812459516,1002.2711250594198
37.398572818636964,92.38455597771865,89.84609721476475,38.740226850324376,927.3785155148919,1002.5949325254228,1012.7848330984209,1953.700456499164
39.32821782653609,38.830573427506465,86.72769975926414,39.16839562729173,946.4560938490902,948.8074129626964,1004.1984486515727,1032.4231333704374
37.468489516880105,37.21142586161923,89.81332266076596,38.737384549417946,2031.982373910168,1962.2347942626225,2024.9507645062952,1036.2004594644068
88.60117545245109,38.972237113280286,93.12075805871581,89.7829153738971,1971.108891397297,1961.678585507605,1001.4121676166699,1001.7517823325782
40.78163661089735,41.782423541496485,33.388643405813895,37.00223928428714,1985.5735421817196,1009.4569514227184,2011.9076626573656,1940.4742432571722
42.18544746280958,41.325268689459755,82.48585620110056,93.37949099895063,2035.3923457315545,996.7013871591209,2032.4827263474642,964.597167032623
89.06753383812696,94.08718560994562,89.5485899201014,43.56947699682801,1995.257954173118,1976.2373822162356,984.1370185523507,2029.4431240159163
39.92524496332581,38.76821724325645,36.38120155252001,43.16183584768919,1046.1678565092298,1984.5174307583113,1034.1047402966462,997.4565229739827
85.46730055969721,41.45181201463966,83.72771697837939,43.07951447939081,963.1376021697758,959.3321579272649,986.1222582021746,996.0675960982089
48.22857406933821,40.487270957802,34.62397115329604,94.63404990735079,1000.0274394308626,2097.5315612737936,2028.1795937273203,987.1116371475251
41.10172421755706,39.54956667750408,34.12515882261814,88.62777018316373,1986.6060353928683,1033.7706646528989,960.156307150186,957.3624887373359
40.67118670802158,40.18079807771872,33.35049988230295,90.90693080645362,1037.1952730377407,965.6717650535536,967.4400942023883,1958.236764145455
91.02026580564042,87.45432641491877,92.3749951456014,40.77366068234484,1019.5132138479548,1985.2338521677846,1005.2542456300614,1966.9637654921469
83.66726553069155,41.34922578590488,36.669931719621964,39.51921875166558,2010.4654303123787,1000.5082388829701,1010.1913917943805,1013.4506064497541
41.45252884802501,83.23082429054183,39.74965058551692,40.756539398279756,1980.7655910324365,1025.5939091864661,999.5245208392262,2017.0903347153776
94.94376027658852,43.94021304790253,85.67893364471539,40.75616800373499,984.0735317803196,1966.9933793004625,996.1063087736118,1978.2644437180625
37.8051698358633,45.7613284139019,34.02071338551123,38.47229630756209,1022.6885015340008,1031.0785035982744,988.7382744868128,1986.4876285393243
84.3891843468346,97.43514720181655,94.7187547783375,90.56399707068967,1983.71932434744,1026.3555441397368,2019.2167859482024,1029.7523943807766
76.49675258373641,39.35010128949759,33.94976487507711,86.91273913496279,955.7544351207679,1996.9500351273837,990.560751134482,1979.8260380627341
40.230984919815654,95.75185676623406,36.96108379149781,37.877096246106845,1974.932403241301,2044.8122312790217,985.4609145333773,1007.8693689954994
38.52707067107179,41.4449181079727,39.1024817217571,90.00868705412113,1963.2318381658588,1015.8600476031385,1997.8846786232007,997.3983060074147
37.9676674454268,89.78628527523732,88.63072067009605,43.77968647290459,928.6779017041903,984.5855973520231,1014.473188504335,967.8949528601709
37.26712666446113,45.132518658351856,38.81425878305325,39.55478002059552,2013.593553813969,997.3669561073219,998.1262810685957,999.5124127317187
37.81086158765778,41.120316034564325,36.9431820483633,88.88444692659472,1018.1452014339677,1947.5303372090318,1965.8388466204835,2016.5252213545891
92.24822758555224,38.04247973603766,37.92835445520381,43.36343615207271,1956.9951481544101,1029.7366523196915,2049.348484847827,998.4133454129657
38.98903995991158,93.6770818498965,37.106824596189554,85.74161090966669,1970.9240916336882,1973.0930466428877,2015.292874318868,981.3056631651992
100.21010466379,42.66462847629012,35.49255768583784,49.194780053360745,959.319416755427,972.8885124062053,1982.9499619431572,980.1546042043558
93.49871476888804,40.63205855678678,38.61516245968696,85.16002951472635,2006.7051171199928,990.435752694631,990.8473343695076,997.2958236705249
39.39650471053564,39.90906627351043,93.95558938981699,37.571698714335945,1020.3329791111732,2022.833909828539,2028.4664681716235,1985.7117420571494
39.29606215291104,95.61473207264446,35.428458870650026,38.40753859690966,987.8639568548779,1987.2871710243444,1981.8778415677941,2036.4267210782912
41.796815458514544,95.04219148360608,33.612726180094214,87.3399674119362,2054.9189801160614,1997.5447073386674,1033.8494575651048,1998.0793000038966
89.95688244272844,90.28343477758578,32.15876019454303,92.86109180997303,1024.905216709807,1990.4985967100824,1000.6221077374566,1012.5047322193791
39.60433181600267,89.07799879992244,34.243977259559166,88.98086657712444,973.5671850269288,1001.4651245791706,995.7609654270746,1016.7684383884107
91.93671121727606,40.31099208204017,35.6789263255197,38.83289696797381,2031.3756590007865,1006.6664150589958,1969.322773632266,997.0096843626127
91.0048985068764,89.77271111201601,87.62871843155258,34.45704967873834,984.1272641880228,1011.1154458654346,2014.7640688111017,1997.9260630194988
36.853726289054414,43.117186857755684,95.7111077785456,94.20873466572873,1979.8450109628188,1009.1673253298404,1007.554986250429,2010.5242904790464
40.35499669272396,42.72709985687723,84.71546689030245,41.46822398716023,986.9162373650572,1982.8051446150175,2033.6909974608172,1021.5571579704425
85.04465541165703,40.9541073145407,86.03817574466292,89.2230080243614,1950.771736010071,1989.8215722015218,1962.5542479536828,2016.028424853458
34.20394839876053,44.12890059556583,86.55307002757824,41.8240093031321,1958.7294709867822,1050.6067540913944,2038.523891749923,1967.7438113890496
38.744361610574956,86.23432883643623,36.7156054175794,41.52666924722668,1980.052267224764,1979.6456919039726,1032.169210735401,995.4308008158305
44.374501988778725,39.503683595560105,90.36652446063073,43.92447513881891,1035.0517372494178,2003.0263171333747,1946.977559383604,2071.609625445206
44.268017521871656,98.56291342562979,83.80856448604243,44.0105098709317,1030.6745017990568,2003.0961252929465,1974.535956117279,1965.4333647767514
40.78369299744173,41.078201398765884,35.31778087896366,41.406457616826984,1048.4023430969019,1030.4930520883427,983.0175131259234,1999.8922683326389
39.42803799581587,88.67395289279645,91.95395186925077,84.59792907336264,1022.0360879953437,965.1993032977877,981.5822559403872,966.3028357072898
86.5785228103318,87.45413674795311,89.90868546679754,42.12931031545011,993.6713117739724,1962.0958505406472,957.1152483902429,2010.243022093963
97.65404026635656,87.05680774796302,85.72000086672836,95.43885279463646,984.6289386780513,1006.7176565656539,959.5660113792943,1975.471932653861
43.45583338516896,89.07936196995871,92.14231272437412,44.283692747500055,1969.949793468288,988.3918453281125,2027.9796264232932,1015.7698954061541
98.00207666440991,92.4071488999743,93.38055105436119,90.92532000825409,954.2909351979088,2032.0391610186196,1004.782698123247,998.3165532917261
41.93753692587194,38.13847461127892,94.30247633018118,43.14269024669581,980.2116767987276,2045.000709355629,1002.624331894054,990.8739472381344
84.65317591585575,39.09849423141421,95.42372193253416,42.127379140706815,957.1049515482116,1028.056164197174,2001.9881359297387,997.1425600523419
41.117677470167095,41.593179572319606,37.47581356955952,40.57684789726136,1972.4250452101137,967.2343918937262,1979.983203166154,1005.8838682124217
42.297877707632495,88.80550737030305,37.406585036609194,39.91243702687998,2014.3834863748712,1958.4665133480623,963.9495381325796,1037.5175626113705
41.71363499129314,88.09349439419182,37.57797835654685,38.86983392656235,972.9556539505593,1049.7675978830125,990.4640646820931,1967.1721613573723
39.96554692473205,94.57312897039147,36.429354112180725,38.335939200422786,979.8575589915237,1976.7719864197004,1009.7353894872844,993.7969834074037
39.88038493673004,39.582659447521316,96.63811500084762,96.14243000628159,1001.7962388443473,1020.8656722847962,2061.0682681747426,1007.1297841840678
39.58950495472776,41.98042503694222,37.36082112608932,89.29642527577525,2016.9497464878154,2040.1145207830637,2055.496228601075,2079.621028924486
89.17148101126237,95.21490001863253,37.40326525607104,39.69610417474274,2079.808106960239,1909.8923713369425,1921.8865038142576,966.5772083285505
43.38092849349126,42.22119362251627,35.599835723285835,39.6675239946493,1943.2643859885202,2009.5152725827943,2033.5838591370948,1000.1243738037072
43.134401859244306,91.43621786885578,35.364904713241216,40.11277708012609,2000.158526250613,2032.8169476848338,1006.5911411466826,993.7698586092685
94.30029524215296,95.40115479297027,37.57549263263493,39.979040649454205,1979.3032810024465,1979.3915983904185,1977.1648941702153,985.7965536107611
41.38053983074327,43.85847735841884,38.80746783440371,41.4257315155582,1024.0982524881028,2009.7034032791662,1995.153138360042,1024.3665923743417
39.052351209892166,40.889957987092984,39.113457677049944,99.94473795681274,1992.1242961750083,2000.8757652067768,966.8795270316855,1028.9676346953665
38.08616569804171,85.75526667685419,34.87133488999007,90.60930483997728,1984.6018614370848,1965.4097141027469,967.5579425754969,995.7974277383086
94.32192809195908,39.15597386457612,91.9256094170636,42.21148879545025,985.5311964251639,2007.4721242416829,949.7105591488994,2011.2916405760523
87.27763076686355,89.97068103231497,40.52090559949693,40.72883646920289,1993.3196126419277,2024.24875423833,2043.3254397239423,1027.7450083817853
89.43960451438856,44.23417676184122,71.83168544764456,88.75743037841944,2027.8611565018523,2013.1761762435838,969.462397452103,1037.8769267695752
89.94539391193119,43.077556458539355,92.6990921596055,86.02135664830818,2059.655196901731,986.571661446703,2002.842601924098,1028.1982577975707
38.236953539358495,91.49374264526381,92.92039059509591,92.79368719634225,1054.9892209634763,1947.823088059121,1031.8672461482938,2030.2371249098055
88.67549018517168,95.71902507742317,102.05986581245772,84.28384599775534,1016.3322533118912,1010.2805743426115,1072.978864619473,2025.1848631581365
92.55819331163892,42.38958594655921,92.61215675873436,84.93109472562219,2032.129137446412,1974.1512581628538,1997.900859342766,2023.9323122496062
40.34629645485636,42.61030573417866,89.8541819286302,40.39523775249419,916.6083440977819,997.3277944551644,1033.8220909738416,1006.0305564280311
39.64749059483842,89.516572326629,93.5136950862441,87.14030410760753,1974.17662308276,1014.2086946040215,1043.1227294950831,995.2593696981014
42.199998571952435,84.70471476875933,36.44691671683795,43.58374573299103,998.150512676986,1944.3624261280906,2031.8623724004922,1010.9519390543197
94.51472492056078,89.5427067037386,38.979921969349874,91.58641879980689,2012.0684730694318,983.8518581575483,987.6076406072143,2023.9195519349344
40.088909617168305,91.38447014079725,36.31706839949767,92.85287309743156,1992.5257473903134,1009.1663585216191,1016.8053953471108,1032.5450728090223
79.08099878646946,40.99698975000264,90.53552199030162,39.389651393851594,1997.9590235288533,991.0609298561292,1981.6094282908782,989.8732541930601
41.035020129654974,40.2618179318234,83.4371764303931,37.924857827359034,1042.1599315467788,1016.6090019266846,959.2384212848178,1004.6454557839521
94.9381249152359,82.34648915613616,94.32064516765931,89.83721051428553,1075.2357738678947,2028.5257320493984,2052.1226993801542,2012.1230028989328
86.90246598200024,40.499657034956286,38.30230405388293,40.34064078914038,1027.8055014996141,1004.813770747932,1016.1879771721852,1996.8435190275534
88.33877087086549,92.62920438792332,34.634237494528186,41.08707962400473,1971.5232101221627,2003.0458705802819,1007.0437547191651,989.9386095420605
38.70364679917637,38.56768153349674,93.14830688040061,45.08407774884708,1015.5167739159558,999.7954204076648,1955.6219703801619,983.8035559838925
99.19498529139383,39.06317365148669,34.610064658418814,46.07521271752999,1010.4294771056743,2012.272387936568,996.522690518722,1000.5112046777286
89.92064903675964,39.641060292076745,88.07459449537531,91.12806538591332,1016.3682851906713,958.8555337885773,988.36136652018,2003.739688049414
92.3083013236733,42.86170460850917,83.83075426162692,86.05346089176125,989.8216784581662,2001.7419946013338,1990.3274833500418,1017.7108419920737
85.71216855362859,94.31437725456097,35.75106009885375,41.05351479386459,2011.4179500574792,980.2247590191898,985.462228740379,998.6007356907451
82.88121671411417,94.65050943132054,83.24329284948946,42.56407857322195,1972.5068395100564,1051.7165490255734,2010.1735815388988,1962.1081382438638
87.44961297084184,37.39078471147017,37.28269046011022,41.87642160584736,981.2948804053917,1011.5647693305777,2008.2755883742427,1003.3165381218079
43.084769106579074,38.87429571061078,38.253174959378484,94.18705007245231,1954.5202419610193,1999.4883725595648,2036.117721915235,1015.4009493312597
41.39892315769605,40.49006809925335,35.32292920206838,38.96124107454486,1963.9557024023497,996.5475369350859,989.7992859934736,1012.8358156596571
91.28624872736616,38.74748381820287,36.31145141937304,76.62456275795465,2025.0883338898373,1008.3274730254439,2038.9630645580753,1989.9866914946965
37.0691070137799,40.65349261009677,88.1794745814642,85.35816417732903,1016.3913580457468,1023.0262957295445,1958.909292732376,1996.2432764375226
40.00739162633293,38.4051086382178,83.45831113257871,89.75138765968232,2015.0427813804258,1998.3101653189156,1950.1731595712868,1980.166862103632
42.0807660221637,38.84189990003699,33.67504437072895,37.49291265899003,2045.2892774492636,993.965273689543,2004.153296635628,1005.8161827091151
39.31852837897807,82.05847919995048,93.50675501420348,84.32971255718246,988.571060118784,1973.743601631834,1975.8647601108128,1961.5858374878505
93.7414277859933,98.58982300535486,34.225646772487124,41.61944950579669,2014.2897590550206,989.8995361907253,1973.8183102942564,1994.716135261733
37.19264216737939,38.04341821730736,34.14940003034978,41.684980922220404,1051.638934583849,980.7002822546655,972.1243599201935,979.5154158534456
83.37828093043993,39.66756379074305,37.34367657256572,83.56278383921791,1958.3091063844752,1969.9521396363557,2037.7308048893158,2002.865444163994
40.60142759612741,90.27890297883961,87.00163742592639,95.53879438108079,1986.798917238204,2032.7176980661357,984.891537238604,1011.8343228956519
42.59384170690592,86.52505551445856,85.7418132985933,93.25583409652266,2013.5469994012037,1014.3142781882726,1044.2992534200662,1984.0457315933243
44.074370027588785,40.37027090424037,39.40807083735236,40.60452379879828,2024.9108798110763,2021.8839698129611,2002.4449254141648,2025.0974316976046
43.359763802004295,40.68237021698387,88.14781269627161,84.21607308334788,940.0092051479763,2016.0225273397657,1982.8774168721698,996.9448999399083
39.040321408005624,38.97476151207111,33.47263365641356,94.625560012255,2005.8203167368058,1035.9762140250668,2022.4461935508782,2025.0465521382323
88.72004781300444,40.06758553754328,98.77991573467672,90.63596347500597,946.9731650990923,968.3419648507947,1022.655744513876,2008.382731451223
41.62194186251507,92.42389084199142,35.49003604591326,36.142092976310764,2023.4120184511369,2008.9905713871742,2018.6786159910005,1047.5576070485588
83.29843895536895,40.14402358672788,92.50744759453649,96.65627247634379,969.8473254070916,2065.220854497302,1020.705446571779,2021.4777262284165
43.78663740117788,41.314707443473594,36.4152693910289,38.315396066273806,1992.721616560875,1989.9771459715084,1026.9962228066065,967.7729360771248
90.43092003358278,42.43427667850085,98.00633269203765,94.56723904474943,1983.0167784902465,984.9088603061402,1014.2780766744385,1989.7314440102516
91.69624654243793,41.973271930749334,40.41079634882706,83.8489909833997,973.0452368287753,2031.4588535153373,1004.9951488745146,2015.4569805510585
37.813600049698394,91.64246952388943,42.847810143056876,39.730041660562435,1971.3647425895322,993.9353717959721,1994.4626053989311,2032.6777268553546
90.01375021612259,33.72040652342172,40.37249255697928,41.671382433378994,1976.8914193002547,961.084309946943,954.9806796586256,1993.7995516404599
85.83634546279318,90.9907579606484,34.82881239064277,89.833189366314,974.8292139851033,1993.5408267873113,1966.9396949702887,1031.845035208678
39.580639812697434,40.962298422460655,32.258594363260194,82.8845063881076,1000.6864411214408,1982.090337124127,1020.8983335786961,1018.8175004483381
40.333032560855,37.7853169506361,99.34737111490693,42.31484270690457,1040.8401671611184,994.80053963639,986.2341039964449,988.7510343812107
81.29173022739319,37.65423098156319,96.0713142507952,91.91857037300379,1052.861806034004,1037.6385859133202,982.179629139179,997.001812591127
40.94510647103289,40.71355926473957,36.61295225327713,84.6974838263761,976.1742560077947,2034.2446751891553,1025.001264498083,1986.5002350203706
90.98323288302656,83.40392008772864,37.23413329396759,87.19262235738815,1956.1272162156022,1996.5887400239776,1022.4823898245136,2001.4912712843256
42.42338024675067,98.17132373772509,88.47407941594915,41.57140000760724,953.711781273247,1981.1620189288533,996.1580061797122,1952.8626393315221
91.33305268222225,93.44017736682112,91.72132114372737,92.76454964207315,2029.1457538017683,1997.5982947007233,2035.1144915091097,978.9407891826916
39.65989278709418,42.40494523694966,39.761777312900385,95.13572946603335,1987.0563070799312,1026.745935395406,2048.6517936552964,987.10569115487
39.93788313525717,42.36260777207052,43.20101067581983,88.32971486992805,1013.3235689704918,1999.5022520791958,989.8634651283594,1011.4496279391294
40.32900686171711,41.20045863790458,38.41671031632432,36.973566866464665,1005.1073366217764,1004.8334367082057,2020.2236488031222,1965.3139281340618
40.02096034466051,93.24433552386778,33.37001631719117,34.2368206701963,2023.4508485489403,1975.3944296466336,970.6239839169534,2021.0733453450807
97.37747526256345,83.15191574218483,99.29432786699715,93.18879383955648,1029.1961651681422,2032.796259076076,2024.2036269495054,2018.472336010823
44.224666657568434,92.33430768144807,38.170895860665226,92.8931331990536,2026.689951510778,1973.510094889746,952.0645247536164,2012.12764869643
86.64052858043745,86.44958175558736,96.10505387282919,37.60351044212014,1991.8365239020604,975.7854185313374,1956.3402818252289,1042.8800233011286
92.08992243487768,42.14635113640199,97.88726785911307,37.95346290102207,1991.985530145553,960.43528917507,979.381388034068,1022.1438330649946
43.826980157610635,89.46587559052531,88.55660194974513,95.09793982674083,1011.9147552688346,2043.517608400447,990.1883981296539,1002.1773880058245
42.20358158705043,98.05587120112817,34.26331280625293,41.45247895227545,1018.7558694507379,1975.5025296908582,2023.9713370888715,1939.7467409550586
88.74924191546151,44.962959160279,79.98469785200027,41.852749100155805,1988.3157483475488,979.0902062118826,928.2635254071805,1993.2152775608365
39.05351758898519,85.69967240872725,86.76751236895498,88.66034715715679,999.0609117775978,998.1793472726356,988.3834513504373,1003.3867683068156
38.90940163950099,40.67902231420004,33.738839910796564,42.197935569814234,2033.9742087133584,2003.1534806621437,1975.0393174430042,981.6141065375743
84.16878406124385,40.01453170418128,88.64471375384352,95.82831463370056,1010.5203084634632,1983.7826075781668,1985.4803961581351,965.7169899849845
41.34565614180701,82.35097789037147,36.563776812488626,89.33932064793802,1015.1810155088162,989.4812024633993,1951.19592973114,1999.8893811270261
43.479717047077386,41.886927017139946,87.98826191302011,91.93111910520811,1994.0088327399988,2014.1904939663834,1989.8011251390756,2046.0736177813847
41.754360287540536,43.03910334018251,34.98628628012226,97.59805001721958,2019.337925555689,969.0190496644955,1976.9550350192326,1016.2259438598653
34.02844443405452,92.25827838806283,34.94958949746912,41.9077135471681,1995.9888186877406,965.8082831294139,1996.5163989721998,1019.667173949526
95.15032045768501,40.24043197622781,35.14762209433708,87.13584550989772,1968.2470334134769,980.8876856438965,1957.699766942466,1995.976682071221
37.044390024210756,91.74093079133729,35.31876347960457,97.43060019427507,2032.0771213951055,2034.0056512439762,1933.876701827069,2031.9539234749677
87.78080063094511,40.81954422176183,35.07281856244007,89.72518075873809,1988.2390744550828,965.3254017593914,1006.5377905738585,979.2080300469563
88.90277151460596,99.34551640393505,35.50573901145588,38.800970966300184,1038.1013264673163,963.0920565249615,1033.272146628377,2015.3121204101353
89.75547709244347,96.02834610071116,99.2110221416194,42.54637924617742,1048.6221434203578,957.2449918724744,2014.148012369887,1987.1320967208655
38.632861993864324,41.592037650938536,34.222054085022606,79.79227793322418,1050.5737377999453,965.8680956263709,990.936065943743,2005.2390913018075
85.59054851619328,38.99985897309355,84.08368250219674,41.78847125200993,1952.312362629926,990.6652254579242,1021.2669858695374,1952.442156628681
94.77836095549151,95.58654858925269,31.41551634392693,89.65824550896232,1967.157619400021,970.7989051262189,2014.3545462830728,2026.5517235704704
86.68292861670145,39.14979566884237,34.8748473595232,41.49280586896933,1997.6519034223716,1025.4334689745444,984.889281978938,1012.8398630921624
90.44227350966703,40.414198443877694,96.55725195245724,100.29842156478804,1956.941547377677,1989.3496603827577,1972.5348424723293,1998.4628270012813
38.47224910106859,42.34693700092246,82.30546366990605,41.543380365634704,1984.5939749892502,1992.24290108861,1036.8386989691153,997.6373602306895
89.11264824995818,85.4590226105294,35.31471082881496,37.0650621217589,2005.5343913541724,937.6272275441709,1977.0656609357898,1003.7618031606127
39.00142647019255,38.81569414662008,32.55617829222825,40.93396362139947,2078.5645932656694,934.684202759722,2059.8971262851064,2008.6430434820147
37.565214028631615,41.05151004271628,96.10128247401471,93.39185272923935,1979.927242901138,1006.6713747406789,994.4285821052824,2002.0796352250202
38.711675659487156,89.32477738811559,35.893203902273534,88.90473507963334,998.5683995500675,1992.3651630640163,1004.3335675714782,2003.8707236668074
41.106922992331995,40.80396187924177,91.37095334489163,94.06380027980052,1014.1801623570263,1968.7777889468357,1037.287233359807,2045.8180824163203
91.80802567378049,48.89064067798297,85.61629660238941,38.5214943293228,1974.0961098527603,976.1428474705001,2018.000163391978,2037.5265677528892
39.92752681844165,88.41933980886256,89.28730519853325,95.80918440068285,1965.1489752320635,990.4040938643334,1977.2451644340078,985.1796478436228
87.04569349581031,92.79450386461299,38.61020921860275,43.060509871159,991.9016512890904,1986.5513988621394,2002.8242852003023,2042.8881431482523
36.379567853578486,42.857366378934785,87.59895808815787,42.435737026534824,1922.4145688738115,2008.9608028692876,980.8344348940079,1982.2251642246451
38.14372942055971,43.318363332949126,37.21481238726737,40.61761354143045,945.9683797808318,1975.4342240885205,1994.7199600518377,1963.2391229591099
91.56417427302321,84.00954812726192,89.40294454757485,39.66781345836326,985.463395897003,993.757197099252,971.4270369944411,1001.8690707168819
36.18860743787466,38.89966335832855,37.55601393260226,41.021523355753445,1021.7109498361394,1025.4432429211543,2051.6931373855605,1984.475704684742
37.78085480503908,42.96542919266328,93.34574438546629,87.87601292539344,1002.9917297257568,1039.6081523003083,996.5508239122639,2012.110333354074
89.7527254750014,88.08525835883022,91.16397609030159,38.448828920408005,996.3191531390999,998.8623710272261,1002.4789349945438,990.7392905342173
37.68924720946195,91.28170021455138,37.637179678223376,39.13989192680523,979.4208969923909,985.3237137439562,1983.522812252971,1967.4410305412775
91.74921288674577,40.35516718659068,35.670094623603326,91.41526169636381,1981.0899354325486,1960.0906194350857,2020.5723122173474,978.3362581172173
42.19689281484091,86.85126123660362,94.86665181502416,85.64467158947,987.3348298044737,972.1903770793015,1015.2884073386565,1989.0136655420538
41.934052798239065,40.800903343306835,94.8153749672016,87.88470325737688,2031.084573896598,2035.4015902347628,990.4211016651407,2018.3726242164278
41.692953626855456,40.296990084309826,36.46623302862197,38.27767762261526,969.8116570512764,1970.5949890688883,996.7275749570415,1038.351584660523
91.16342370269251,78.46483739218615,96.51940989707296,88.25466058080117,2041.3739459570193,2015.5549617224492,1997.2361677320152,2080.5611839992976
84.88719230156464,96.07673726799123,97.60865585261297,88.58563082735155,1936.4862466417294,2009.2998970700733,1000.4139664771349,2021.5574526507785
99.18495652340071,83.39294493982425,90.74108090691738,39.98421132493028,2024.2056948585753,1037.9478373427148,999.4042728244094,1974.1349114990162
38.72957483478106,38.40396314899114,92.2036982261547,100.37651993916728,2045.977178313339,1032.3738943080934,1015.0453300525794,1964.5221558897708
90.5301532944982,38.891433549033906,79.45404058148463,85.71314539824662,1973.9160520905564,2024.2999877126476,2079.7556961443006,1986.0848282275624
85.18663152521668,41.80584205730633,36.79994070532413,43.03600192534026,2015.992555667427,1060.415216001822,2025.276951582765,1009.9314998827547
40.01438547586801,87.13171593259887,38.887359156942566,45.09498418996948,1007.4712502835512,1008.6945259738018,1971.9903692136152,993.1800097484197
39.77319780299768,40.90137288963389,38.06589575888652,46.421424360422805,989.3125309279042,2021.1508821693915,2078.3577875319975,1002.3739561566158
94.51266034714361,36.95277563905418,35.2788178454416,48.105555919321965,1002.1802949476163,1983.552227785486,1011.0221194327194,963.5194219851874
38.91279731922502,36.98498993747367,96.86394436182582,85.50549190259918,1011.6688802236737,1012.5112232734427,2022.0688837300445,992.6068808167938
41.883197872968694,42.44505834382868,91.08590143473202,79.55685940765424,1031.4604250963982,1049.7947268589103,984.1374736151294,1986.2949072271851
39.79626307273831,83.05739802400103,86.01534255264797,86.10969288165862,1046.4341560125977,1997.0957061601453,1974.2622764457535,1007.4975105052222
38.49087004392813,89.7572273352602,90.02435039609264,95.48989879098811,1946.7274074855418,1046.2996549500058,1019.1639692858416,1973.8886057256627
89.95778363362312,40.91453200844552,92.01183109864152,89.56228827781324,1022.7108906422559,1037.1093800715155,1992.2092244351638,2004.9437337333852
41.319140896552085,95.97251239052801,36.417048404043925,43.14176601493496,1028.0974324511094,1977.681312111916,987.4013614754134,978.248445815728
39.28353817800104,82.77832597112972,31.675922962639184,84.15343153532329,1933.3225072499015,1984.8578456314874,1969.602894493317,1009.3563741617356
91.46920127354068,39.39512863377589,94.00098703765394,38.800951132430086,1977.6817554932334,980.795209561169,1972.7361222478683,1010.933106355342
46.182349947900974,88.81222945959261,37.35839078532756,37.955314943823396,1986.3470183980019,1987.810712888105,1939.3428994399012,1005.9432317539402
81.93973290772601,38.6692926306755,94.62376847661838,91.7584279358764,936.5020285705964,1953.6824752547855,1974.452784347426,2017.0169527474752
83.87897385989845,40.11416970853924,41.54972638540711,38.25402660739793,1023.7528784573271,2031.6027141425188,1028.2680220633804,1003.4055767099139
43.24197429127242,42.11241749224758,35.70180003167239,87.30352960496909,1013.0519026330304,2010.9810942772488,1017.4180272784547,1014.8364264096952
42.96083902418345,95.16309277797227,89.04929350351514,40.69225342353301,2028.31519259592,1991.547402763122,2006.2322224433124,1005.0878688832728
41.55004376008128,39.67675997917848,35.74780978176136,89.41887536113391,1029.0942498498716,2001.1401409598134,2025.13256543097,981.7875529609072
88.38236548278194,80.17781909489256,34.79803414664344,37.37593196071839,1056.1155729056136,2030.8548264150713,969.5896417739525,2031.8255325582916
40.19595581583589,93.85160375990584,86.84619252513102,39.26874860293971,1042.1279316935415,1964.945573376534,982.9268662062831,999.4615668748471
95.19559776851932,45.9169854108066,35.289734378066896,41.98918923161895,1015.7003138821099,988.5793617822956,1004.7370129693663,992.3084881170471
38.91613324588801,94.4886004518318,85.43784044884374,40.62514574520962,1960.1894965274096,993.4850395754335,1002.7800874099365,964.587667765806
40.35254283807295,86.27713782606129,85.39437610404929,89.55041256293092,954.4505465279528,2025.700664840628,974.0841695748209,990.7977444799675
92.98745869615037,44.83824748728031,36.431871509301864,37.93685753798444,1976.112772894725,1002.2506308209115,1955.7521498972626,1979.613131847669
40.42494437499629,91.79342135184058,37.25313318336636,84.04738126889305,1985.4311676444281,1029.8455969930783,969.1348018773783,2006.9474653559084
89.22427444706871,38.67898466012657,34.61809376062688,85.09006441988326,961.7167908765676,2006.5329562385132,1988.0648766334443,1025.6087018229287
40.08585016161446,37.460604499167346,31.47231506943847,38.35387271507976,984.3213235125012,1016.9230577478138,967.1659701822773,1000.7022858238804
39.542384771289576,84.21410773522189,93.0232009211897,41.365717030871885,991.2380141468379,999.5075648890049,2054.6623567352194,2042.2265836580543
90.4983857959644,81.79012848670976,99.0231614089333,38.13220087334052,2004.7162644536702,1003.8004610173882,1005.3325041443952,987.156552858821
41.89518529500744,89.09338389887931,37.11419165509341,38.086856603417004,977.5256312078423,1020.8841726830046,1996.5959823766714,980.9169762654117
39.671086609116756,80.46210492286887,38.64865349293861,92.78732783943849,2008.5951020223251,2004.2473664979532,2025.8246833195699,994.9989836961522
38.04105335258505,87.8821642102441,37.30813622737273,42.64106855974955,1026.8631217814168,1031.0980530304894,1010.8834288212684,997.465159175494
105.23858806775633,91.13296523987883,36.67697061283237,82.64230866651326,998.9043839739437,1971.9841129878612,2061.4026623468208,2033.2878276552055
95.655164183271,29.757226886985226,36.421616971789014,92.26050218313816,991.1092112860088,977.3670292673175,2001.3090618486763,1974.9517538237094
38.99168750056475,33.227822545284965,37.38434983311572,94.51441462572491,2015.032434868744,1997.3341171090915,2037.2767382914826,971.5780186547856
86.15739809487077,40.19523500505156,92.15310675212365,43.556270330329994,2012.1911424487841,1011.4559877616443,1967.9397724576784,2025.105762542467
37.140629786530724,96.30537986055646,40.07389969443837,89.36869727803037,1997.0269393664114,1085.507398098045,2022.4720302368503,1992.6755508170934
93.36245204879228,90.02451268894418,38.15542200399857,39.790919369297164,1992.7888074161383,1991.470086967859,962.3227224928669,2015.0414786303943
38.08546503286266,40.59290685317828,96.35054701430494,41.824111441329094,1980.2888686503816,1970.2699268382614,992.3324731362763,1014.0744074161755
89.67872382300325,45.49728185536324,36.68516668706519,89.44766243113766,1972.327152455453,966.6443853613796,1005.0134697352444,1974.8956029577191
38.26331260842305,43.60203709561988,36.131194453046184,91.68158670511927,1957.8855843648512,2044.8658064670592,1012.2146006124103,2031.7765430211361
96.40589287771706,39.72468187801323,35.73886183371117,91.3132941190847,1974.6177004380315,997.920193085085,2004.4957750192823,1044.6576339352296
80.2924626798461,76.8941816519366,36.06054163869668,41.91829358478742,2002.0471327666546,2028.5135396580624,1028.0832023861215,1996.233572894214
95.02092096642198,40.26765618342327,36.39044207967136,46.37468893748129,1019.4649688113996,990.8546946310244,1010.2944760449861,1026.2503226555364
95.07097128969683,38.77700753299545,87.61250030557761,88.40839100859658,1026.7274565091725,1951.9083087029824,2041.2326415064833,994.9881828794835
41.040695568979125,38.424488149241974,38.03503218158936,92.08926760405565,1951.8232674855674,1038.1576708062887,2011.7756326719914,1942.3285394082704
91.53118776431157,38.3948974578732,38.71976670152964,37.05662715921426,1976.303424484624,2019.2831974617443,1989.2692987967027,1026.7955880482612
92.187368923752,86.68487529973591,36.98228235421176,39.81231974841907,1996.0069573138219,1011.8101471246832,1014.8911944388801,1044.888773333627
41.129522548685635,37.787034962308724,35.56131865493552,43.551591753218794,2028.3047004768796,1015.9793776455832,1010.108496544816,2054.3662175870586
88.92239125635803,38.470718012777695,36.28560289801136,42.68292816005332,996.8494302516098,1981.0603567921623,989.3828567873421,2044.4620105443107
89.37970450991509,43.106214402444124,89.43064445343578,92.92737617844922,1989.6260647039592,1036.6336029253557,967.9072704994055,985.7717023651326
98.07464879457285,43.10299097943626,92.81835003661625,40.124207296067894,1012.2589734038918,1967.5626250315338,989.0898121840437,1005.0112681927193
38.347925158922465,44.965628575648594,40.82636190787549,89.4551550058592,1999.970160492977,962.0850255896378,1993.5267289064243,2026.5103918783395
40.89236994102971,85.65165455485332,38.63919762948402,38.489161386411375,992.6873470696908,983.9568671264835,959.8860003002297,977.671099226598
88.65377409048482,42.6098055239385,84.55038529415481,92.54697487173526,987.18267840278,1966.1671037715553,1010.2325995509084,981.791715247728
84.27463914741018,41.02636876859732,35.70686746184245,94.2207388015271,2069.3132584747013,2003.8616726792295,979.5663908199888,1976.8210199220882
90.93841888754086,88.64105249153896,91.26772905262095,39.20052526285779,1011.2344115709054,1961.3764363280125,981.428776491897,984.925821079446
40.672249367080354,84.03902975865323,92.31601469285295,40.00144982689441,994.3785049536842,982.4130356187275,2023.2434469856992,2001.8542270797077
38.15926603536927,42.988728350724216,85.45729146171256,39.36891196494351,2004.3044683106702,1014.3639731954087,957.8286738855841,991.6731590827296
38.41446763273238,83.06664749603985,98.73901603292138,102.3818409854109,996.542447807925,1029.9759704051153,2007.1249516772139,989.9805944083171
92.76008113484777,34.37695273410368,89.44614083505765,38.88951061770453,957.8558149490107,2000.1706229480337,976.9208269475996,1988.6893255167936
88.5715792430491,91.73100490106488,39.001346085431024,102.64954820984629,983.7466081665066,1010.5664251962457,971.2422852157633,1973.3121583558504
83.39024830103305,83.3224682338217,36.89579533865995,89.87241543426451,2031.1537777735102,2012.2381342299313,1006.7763679521393,2007.9851890489706
40.08628704574714,85.84519035469987,83.36031939238028,38.963275621971206,2037.6469658004248,1972.7276735589453,1021.6844395472018,1001.9538213697545
42.9123675750439,42.65145955705861,92.78482582777175,37.05740051893805,2002.1390959435798,1985.9181358746275,2011.144342153993,1968.8585247213916
89.52144318832781,88.18862424907535,36.281386917417194,90.00639937284352,1992.9073397451632,1025.2247521513857,1937.779863257634,2012.8075001445668
40.310642857484794,39.43484859852343,36.74826397397928,90.6449043577179,1011.1806118081795,1988.3818729887341,1986.6645276423103,1005.1647386470711
95.7505035606276,84.9368522633997,38.79571968564359,40.557802086025205,966.7061302097379,2041.188622684029,971.57170521475,2009.94150275473
39.536316114267954,98.48217448036681,91.10738534789863,86.76691292731854,1020.9720516971859,1977.358608168356,999.1111034517971,1009.7475509538006
38.88017417081145,93.22407709945571,37.96046184751167,42.61825428668989,1032.8994448513495,1967.0719315680349,2008.9775498493232,2052.661677475673
90.7864257316591,42.25755307798201,84.42404439527041,42.776651627249386,974.9645756076306,2042.1007877033421,983.3432543408752,1957.6453326041399
94.54887816965642,42.83759999131281,36.88465739637084,43.56650236505064,1000.0778189241851,1000.798027254958,1977.0751216148103,1988.422294650482
43.447002571637974,42.089749259147055,37.75758765472971,89.39790572197613,1009.0226130477279,1992.8001011127783,974.6674086412115,1007.795842953087
92.99221855785842,90.3907523721614,38.40960991857379,89.55742520758793,1038.6546046207786,2004.7356054520312,983.7886337192788,1041.4796522748006
82.9442799703062,38.711712767999074,96.75227063495285,41.85648023946888,1043.833528427333,994.2321002273054,1012.6777980838117,1040.4560770336764
37.72297519928243,97.80623265456167,86.69338900711234,87.70282671779435,1022.1924747051714,2049.17971902886,2039.6172834281585,1014.3867194244116
37.66113277813765,94.865647056981,30.462601082790265,92.17122809959207,1011.4152240286512,1950.7206167262193,972.9750600253727,976.4719984121697
95.46703835584502,44.30406049550654,87.00755115180594,94.20263070583096,2006.289152409331,2020.311130018422,1976.3702655342292,1987.2622084849643
92.20770173579001,84.10589262839571,32.47408161682913,89.03095752061519,2064.896566467683,955.8770445666119,2003.089182795673,1982.1185578959853
39.62555902518895,95.57415551574933,87.69752626820804,44.0636660499725,932.9386490542421,2021.748840123754,925.8024389017627,1021.1098260367773
78.93377654201494,42.494753411796914,40.395766564340555,92.40183560200708,2058.003022385786,1941.1775074247769,1977.5226853202719,1990.693791349688
36.631253784329374,42.22307977882329,81.85311087949205,85.33036089004824,1934.9129819319078,2013.4826149791302,1980.9188157659207,1038.9606838132997
85.71390488251004,41.63521636445802,91.28347240905298,89.15728367758939,1993.1272259233292,943.9576906453631,1968.057960019491,2001.1518611649424
98.58391218251462,91.09912959845904,89.90229584651294,90.08626367883424,988.667487211197,954.1974754587341,1011.9468902934125,947.5985892967182
38.69442835805464,83.57896864245974,96.57073445249804,37.889351314142786,1983.4681204846834,1991.3556474640086,1997.8283201988047,963.7470179714446
42.87722851791018,49.64404067072027,36.431119629766684,86.03889187404612,1051.5191907792687,1024.230526045941,1992.153800601415,1013.5601238342854
40.71811744516048,45.9573683265224,38.03109939608459,38.920721933271324,2032.7869537436748,1954.709839276492,2030.0264997522568,992.270586796265
88.73915417971986,94.19858754056769,36.341887498719146,40.447110934773924,2052.622333200062,1017.3131492721263,2020.963571765031,2000.0900430391725
45.268790603576704,89.70367111798996,35.64183876431102,41.21775518964566,971.3777269530935,964.9608074387496,1987.1479281088887,991.7088604644964
88.5559670467308,46.64166627873806,87.25002269562056,86.05496934713672,2021.53625092721,1946.5586300871405,1997.1182351984032,1003.828041108171
89.68298819939757,41.793781506299666,38.45513083505291,94.0814059635839,1041.2672007044882,2010.040732257401,977.2583135747686,1022.009405874717
80.71541449626717,98.27977675085239,87.74335104534896,38.37334610210204,1989.9385889426974,2023.751247316816,2011.4502026770676,2016.147547487545
93.85930808135352,43.413960363548,99.39385764721732,96.57531577815445,2000.2587566645075,1934.7355724592335,2022.6430559189378,994.4272156195921
41.10518759605929,39.015132861331615,93.96062792167406,37.49068719130877,1010.1105654958458,2032.682086571291,1007.0242979646953,1035.035684426945
89.36188481456166,40.02772040260742,93.95408086818648,85.36129418186617,2010.982712989601,2008.2816682107443,1043.2814143723238,1991.1825899644393
40.98607321282954,40.350684182771566,38.01644033633231,83.2330740634884,948.8449386699815,1984.8848302849171,1972.7430520513103,2033.971315793197
86.52193588030268,83.30324887627307,84.91400503848253,93.54135700274469,2013.019620381761,2033.4707023936417,1970.0435609409217,1036.872820360426
37.83676370084635,96.70009987604271,32.829970006199034,90.1626883747935,980.5522258344972,1008.3595610381897,1954.5976014717094,1029.4868761631012
94.51217788864253,95.98309702703581,34.62794743888634,89.09035773399546,1003.4166628552489,981.7728787333593,1996.5160359233598,992.1200393268665
41.73608506623518,92.3160977701462,36.91274549278724,98.30729762184872,2033.642780992571,976.3470081420614,1003.9697442049423,2030.9080759016836
42.85774624381037,88.90145331314089,36.39439919707702,91.05636066705338,1009.4950182811685,960.3670005089645,2032.1156046006827,1004.9605550748142
40.42418252318422,38.16659169957765,84.35703654056292,94.67861970135604,1042.8859772725807,966.1692049848698,997.5541647049836,1005.5869908449027
91.8192621839388,41.19770909514763,34.97647119556609,39.934330125138814,1053.4889689063878,983.1011282265886,980.5487402372133,989.2980996150332
82.49322073794394,43.90158813956796,88.73492538461514,37.30915142890995,1987.2681945451109,1985.9591512809925,946.2668800550084,997.5227478239217
88.0339009529545,86.10356268331306,93.6322685891476,91.56837371196265,1978.3008027230783,994.4704189926956,963.0821624389731,1999.9979856834148
40.948501096273844,39.495566374991256,36.593832666295285,91.51230422326579,1985.001734250607,1024.297169504392,1993.3864341679134,1971.938730472391
40.0500813450259,41.16093231838735,90.78008676483816,78.77449724373986,1024.4598092914678,2011.9464022655143,995.4190922528483,989.8046323897164
39.99686190006958,85.4381055204549,35.83362535909342,85.18178493420982,1035.303251058234,999.4708110639049,1015.2796302399111,970.2691459396785
91.37098967872883,38.266206200712574,91.91760606601939,39.4418115836216,1018.8425343386837,2039.0979958057883,1016.4552670440331,1017.5006450992821
92.79840948529888,40.11392998771916,94.1972591427758,38.75961746541799,1005.0884515456107,991.8217817147012,997.7947343892924,1026.7749991649516
41.18087603603108,94.78629774378155,35.506630584505146,40.37317622243459,989.3410982097132,2018.5741185780855,2006.6025942345757,1034.4654799065893
41.33879141321512,39.03936022645614,36.57597160284517,37.822361102235845,975.4488023038646,970.3810735860746,1026.3647159547882,1019.96655629194
39.93988122312115,39.681296850160834,36.28919002213847,36.31757912430912,2003.2602447212696,1990.017418412619,980.77212843074,2002.7073046423118
41.911593673992826,101.31989306470814,36.31248723907494,38.21850722622601,1997.296837247751,970.4286725158134,942.783100218724,1982.4028624859814
40.792126668055815,87.01214165670329,85.62341854609998,96.01082949227123,976.1837387174953,933.1109739294586,967.83263049381,2032.0669546719614
85.71224558935117,88.22053494730316,91.39634920413577,94.05908646843851,1998.9549607995511,978.1540041475596,2011.5709502359498,1027.9958833906544
40.51841460283224,88.05435594443688,86.60644182829905,37.007185812998884,1017.5987747935317,990.6313518466723,995.792304188518,991.8377805738758
89.03449805193009,36.21376827908129,83.65478265896624,86.81620724914684,987.2514413439748,997.4206459020063,2003.4582677472342,2018.071182911354
93.5826866685714,34.28171124805799,35.86004731522516,39.302214246665365,1928.2807288691245,1012.3117079729357,993.9203769826329,2045.1269203502384
40.33718599063158,39.16583652772535,91.05349300057306,88.5693489082662,2005.1804026524708,1029.0955027608438,2035.6167712679762,2004.5803178459357
87.24537403528332,42.219096795506424,90.33258641935359,40.06894281250337,1036.6451897176769,2020.6971818302873,1960.6647477888603,981.2709901040953
92.63366272895932,99.93236901778988,87.09343517437512,92.6114483319803,1004.7776050930388,1000.1160512934354,2023.3358683529489,986.8824160577691
91.16526069353102,81.40243029400868,84.77559931124293,38.27351013030375,999.264243138166,1990.7048559120421,1078.6423256493067,995.3181894144082
38.83627463172982,88.78110626201168,36.55810835154084,40.44776751744733,1032.5601804363143,1980.3006920005498,1072.917301057928,2016.3367904558481
85.17191188681937,89.09521548500469,37.88263777780142,41.17763161880396,2014.3570493167013,968.88803789089,2027.1501758989705,2065.1117987858293
39.610126554873645,39.313220653377584,85.37854998467566,34.38209728434117,1006.3735334008059,1017.952651147348,1025.6060211836625,1038.411295627345
87.94120938006029,86.76200022773031,86.60507562226913,32.84823380567982,1998.469363168537,1052.0072809330436,1013.9249797807812,1955.1751071952958
39.58785269314445,87.47811257721395,92.46073656249413,39.55770947353737,978.2487102325958,1984.7541851046292,988.1171420900131,1967.2987065226341
41.36907057200645,85.77122375606059,88.89760427940075,39.65596048158308,981.9377432547705,971.6069700653741,983.3867100639803,1018.2426052115371
40.118055002249804,82.8397000719891,93.55719387080656,79.72458409649568,2042.6717655984667,999.6411190490383,1024.1382638430632,980.2131693928372
39.426329692832354,89.34589611719099,83.29329063619659,91.04030748851703,1946.157114197308,2001.02950858827,2010.1576184471155,995.6567636277341
42.68320707694832,43.54482020060683,85.30562576734997,39.781790364170874,1956.1017299371522,1940.4574204815249,1959.8143960757686,1999.8055015984114
92.5048124989181,80.6234356451447,90.37868444052944,88.19522670554939,1963.4014388182513,971.5309277201303,2038.3068169945545,2024.6184273728725
37.506512365321036,43.55852134567667,35.54554147469685,44.79603238315284,1006.8739851524228,978.8481642538943,1022.083229182829,2040.5042742321568
92.11619036224855,92.71495252365872,38.05632225939486,83.37348684192034,1013.9990330415487,1945.8900001706804,1024.5033336528702,983.0406489707361
38.851474085443776,98.92902791104153,38.46170444436807,35.62672237773235,1033.7662958979145,1930.6633873780033,2020.3555265539514,1014.5259352691658
41.37971924454925,41.26488629352124,91.22244620256518,40.54507760475403,996.2218431566625,1982.7727105288577,2022.999425545371,2037.4418602016324
41.341534617711275,91.47033859967628,83.38520994454437,92.35488177795085,2015.8265479265551,1998.1906216474865,1969.1627709395625,1974.3390588834516
41.75184532027295,37.945365829006434,34.1325169769811,84.60559103074505,998.6742500624279,984.8850892722369,980.600534696667,2026.225847526012
90.23551147227258,87.44542811587179,34.990429598097926,93.49512430743721,2059.971821454069,1986.942522421356,962.4544940778516,1955.7060538468631
41.79584386169016,95.70069294113866,102.24563513983789,39.49436451706579,1985.2892710750998,994.5691711157529,984.8015440801634,1029.7457091916176
39.187726911192655,92.05812634950918,35.184864892698975,91.27407223068121,1996.301896932682,2004.1353663427099,1010.5296125367827,1997.9661666712534
36.91333615656292,92.4501301383693,35.766045375841216,37.41400432979512,968.0795878699737,1956.883144920781,1978.4452944844118,985.3110603721505
41.0717205746718,100.4303779606434,94.42688224304302,39.98688449777083,982.1619571365352,2003.2500340266117,1978.4734003241028,2020.5298884161537
89.18514658786094,90.4609754483106,35.02869890996047,89.10367177897609,1027.8911303101552,2019.6050780100488,2015.2796262261238,993.955973185553
43.131084659572544,39.49313698260558,88.67794702689174,43.73536640966029,1007.9374936183912,2005.8076288913985,997.7654590970385,991.8034815760982
40.22825651624595,81.63616316012238,36.126921129552755,41.93951396066992,953.2083948716963,2018.1914371766086,2025.0017945748089,979.1137094303654
90.52584752367375,45.88901572878348,37.88154558738766,79.49529224590727,978.5173657672156,1027.6341996281633,2079.191475578533,1006.3324377922045
40.044776980472875,93.89179935423769,87.95866520029233,84.28653436353436,997.8330342300106,1041.74882400892,977.3532496381297,2000.377159394153
98.40893205050486,91.12811821273031,87.82892336269286,37.50729155353882,1955.4107586048333,1000.1355694632907,984.8315282414162,1962.1007138332614
97.55745719049537,37.66356990172625,39.400943060947554,92.99874180268183,2020.2861429968793,1000.4491425275976,2053.5474418357944,1969.843810221985
37.788306777866836,88.94101422945316,37.41024172016351,44.438708232478234,1991.4441177370497,983.5709909155125,2030.863585114418,987.8774932185602
43.689615271854635,94.63233808901299,84.1837945147941,92.24661159932032,2017.0761009429957,1968.7883992513462,1978.9210053220704,981.7961759320766
44.261801740072016,42.51499083081656,91.15699907874108,42.83915456512368,983.0891997314384,983.5217647874676,969.3620098918017,1988.7050869846578
37.662292682217426,42.37353094022254,38.37422452198349,42.501597903181676,951.9903857370773,1943.5101644184977,986.5513087830665,1998.1622501038853
94.48718652156765,91.79516997045357,39.327433604628894,37.30787810863835,1975.2997021984334,1008.9029408136648,2038.895615505649,991.2567870738469
43.08898798695748,42.47953248218185,91.92611116913157,32.28196704150539,967.2715640969913,1002.2643060791929,2071.923206295304,983.3871092113181
83.11495417316932,40.04545445408364,33.60124759112114,95.03097398777271,993.2429878956164,1993.4238758933143,992.3640622964891,1031.043637319999
83.68494595898227,39.26141976369554,90.90023444284081,36.716762180328544,2032.9210093137415,1993.4282262238432,970.0607911649954,1021.1070510144356
40.373353532035566,39.92725720703024,34.25083592053072,33.66018680115636,1006.1276973587562,1000.807947130801,1954.106235754951,1011.1053763091041
92.88502557830813,41.83072847131397,95.51246604129452,34.343069183866106,1010.3757847882229,953.237000547904,1003.4174461326662,1984.4809342512667
42.403189828562375,93.280370817349,36.04510924746501,36.12424855561968,1039.1541547922604,971.130892986705,1000.7210974274049,1958.2745972586522
94.55077165209835,43.35131075209427,92.40820209537742,95.04076048365584,2051.3218116032463,1048.1584855155907,990.7715603737649,1010.2073171459762
39.460383791091154,43.10168155101995,92.46794418764213,37.438368145524194,1032.1852911665092,1974.3893463954353,1946.1083111911203,1001.6600941664809
39.08690009572605,89.24356782642346,37.165987336935856,38.9296338784454,970.8285693987142,1005.6666397825284,963.9516421987666,2015.563516211771
39.480581097733676,36.50498660673456,35.895736027313234,91.70691865564442,1956.604965060046,979.8316726796726,990.4787470575158,999.9750717092137
83.86403633697115,39.81436956008188,97.43692018101537,40.91089453807343,2006.4323161724624,961.227969466423,2018.9173407292378,1994.9052003713427
36.866748463032295,90.75572818690011,37.48228656407889,40.96190443463591,978.4272892988731,1012.1124613466548,1004.1292024234938,1017.631068363354
90.492197906102,83.81095313175676,37.231451023726656,96.82192047365974,981.8872473720338,1995.9069658050937,1043.3127897603067,1003.5276516746608
39.283771210659864,42.628608119725456,35.55601147375857,92.06747378836175,2004.8456763880076,995.0280054458636,1943.647749496466,1003.4166836518093
74.97724252624054,39.64487566632875,34.65397499217517,92.05433051191584,1984.9194465042863,1966.9569345760506,2003.2477766163813,1003.563595837661
92.65271724807026,89.48422871882674,33.69174153802379,87.44003112877247,1012.7413693347252,1029.1665147624217,2038.6014045092052,2005.9953432432324
88.64262818209615,95.21382050452121,34.86841618800858,42.288043563439906,1996.0650387249734,2005.6564695210338,991.3703566786351,1981.85039066299
99.85150177096881,94.51686638682679,35.651420262374394,42.8593249405361,2002.2981019240722,1037.605461014405,2003.2742708525138,1952.4777971101257
89.2215958461495,95.56074921999827,79.93693833863645,40.491148983576466,1995.6997445603977,1952.0927342127936,1997.7479573318146,984.1663790470341
37.26594767959163,40.69153868447634,36.88975626439415,42.60161964613981,1016.4828975864302,1003.8071549816945,1027.6212637426925,988.0182575683573
87.402734517789,82.6991686970416,38.491530888377305,43.246331958050376,1987.8602297101636,984.4628368708945,1036.5294662274134,2002.0537180607037
84.46181608981203,40.1131466181194,39.316171904402054,87.36520437767022,959.2690788860973,985.8430598388712,1010.5366511496097,1000.6027198888113
90.02040459447538,42.87955272173183,38.50448917254591,40.384237626211544,1011.0129988643931,2013.8270934596555,994.7680134863841,1043.4986767127148
41.70377645609274,39.7149647761299,97.57715906684898,40.7932837108869,964.9942670543799,1015.0862338233644,2007.1627231990822,1990.6681903635874
43.6518924759687,38.056069990825534,40.139869080539164,42.35657539981233,923.9795755865777,1010.2724461785888,1023.2287282000133,1983.9685164642874
90.57466283101863,38.49218132313098,39.08084140271944,42.63151975921767,1990.0290379429618,2014.970754725691,2000.7248299894159,1001.758611868524
82.62658789603164,41.50425632746518,92.04168873945062,41.89269268136886,954.9698573641622,1975.4570489436094,974.7026701520856,1042.975189785197
41.00284326268868,83.81302706574475,86.84715283820526,40.40510915134246,967.9381710985839,2034.9594175417808,1953.520792931438,1018.166006820727
82.81941636414824,39.14329572467161,35.27277520617292,40.59548694052623,969.1566817624757,2009.70912099791,1027.5142689854597,997.5513217490075
94.24533584362186,92.39962462491474,34.505512421477675,40.89129087527263,1976.5971002502295,1983.8097505473474,989.6040799196735,1023.2445356327515
41.014740853745764,90.07868846826807,86.62276231224442,84.66019614045842,2029.0686813693396,1016.9523776354945,996.1414964787467,2017.9748856781666
39.50108680043944,40.41872375302151,35.818419772881086,42.58010636077666,2026.76427535022,1024.4020645806786,1948.4079960084737,1013.0316031133791
95.52980121863712,86.17018681716148,36.95645246512858,41.67051718923973,1003.7697243000423,1043.5360047859547,1972.900282347415,2009.040142322276
41.8357946420886,90.796109750327,87.86791654275726,40.17198866641098,1004.5519951066058,1966.7024990773996,2021.2080966058506,2015.260424569742
91.6693018708572,40.61857848921011,37.55750450382611,43.11094259430476,1978.642585449615,2007.6851468523082,2035.5200231832837,1037.9797764020057
40.17257409826098,86.64955735380603,35.84224632551319,41.97566469791204,2003.376043515349,1012.1621027484639,1027.6422922748768,996.6183759574544
89.29304171023966,95.59618144073707,36.55332637815971,90.68461288750042,1027.297746184991,997.3760345188305,1014.6671825342637,991.9843496213266
97.79053789652549,33.33706029789127,35.69781342169169,81.50266886389879,1991.2266953978312,986.8588267146604,1979.6400043658816,997.2439740667628
40.058624797625356,35.49270556693099,36.35123891139739,89.62931165383281,1975.1854599352703,1014.0100702997277,1020.0561030972979,1981.2230740134642
87.64898158466379,90.20744944275947,88.97053747930673,42.144312005951896,950.420016825442,1028.6336258705899,997.0659237623637,2015.4132672263477
41.649994708827,86.98649696566702,95.89890784036736,93.7271253410846,2018.3763163446652,1006.7868931282937,994.3272946953804,1015.549030830231
90.55163419231971,42.82551157256012,90.5794314198827,100.12455052678351,2004.1746115846092,1018.1554338959807,996.2667196264822,1979.286051933026
37.05557320189595,90.66800920806729,35.079437565423675,40.2075803955435,1974.2179496736817,1016.9903476095405,966.661022539048,993.4858843234144
38.53930278845186,86.03470407721811,34.77520039499062,38.41657914467159,1012.5380778374081,957.6028681508565,1970.8904241679854,1963.9227424757535
101.2611487692111,95.12062847537614,79.25269158942474,96.89893840621528,983.2589427423212,2038.737526330223,1002.4695436773197,1008.6004119365493
87.13302072145335,40.26929152409515,92.7748836255321,84.60275129823263,2022.8590694103655,1996.472077275859,956.8590907077953,1035.3327112780973
90.05011129215526,39.64639114820013,95.045215592757,36.64196531382765,979.709617854591,1012.8345215702736,1985.5796889308997,1997.8887107374433
90.15233739198663,98.54501302629116,91.30403025918386,39.9748977075113,1972.439089270091,2040.3081695229625,1958.2540331424568,975.581995077672
38.26047234431336,42.90600218202523,34.34660382922104,41.70930375243531,2041.9927085053737,979.2058595048895,2040.6040632844217,979.389993767252
41.666991758772376,44.426670568592755,89.60606138791626,91.19391149660777,1002.1951857773795,1970.4146723491208,2008.250289483067,1991.4346135105445
41.41859200142099,42.69756718063797,93.5877317991493,35.729290304576566,971.595811470692,999.8741803639924,2022.788918889976,997.265882351081
39.60277057837094,38.61742382765991,34.31566633482282,84.65979803767016,984.5662875791655,1016.5057073390419,2010.1227136545629,2018.0004155888673
86.95499570826158,87.38774738995393,35.87899713578162,42.722281385914904,1015.690076953658,1010.3000326236673,1963.8081684609708,2038.8641703357805
40.49675018807757,78.57027823801332,89.54260701821471,88.19922400509479,1018.3791225105099,1985.4577457175028,994.0431031031203,963.53900721234
39.544125839032446,94.75422947495099,35.073212692634485,38.65450681990258,1015.882066849784,1978.9928857421992,1008.962167594267,969.2402181828617
40.4838905237718,96.54096718896379,101.4689543070914,40.16641605648236,2002.8875389575226,1005.5629736811462,993.3736995986945,1987.9855583558215
92.4309430932445,44.40897013374334,89.00664327645501,39.804572260051145,2065.3803297838185,1048.13231944842,1006.510557361659,1979.0565098694792
40.39593913716347,40.71374814049925,36.4825279710122,99.44700349456967,2008.7781070276794,1988.2146561579357,1008.0579309599987,982.751167327347
91.97466578169207,41.66631398584329,35.87547999973633,40.46107088648037,1007.9146366276068,1022.0344679819189,1975.2789377610438,976.1769108147714
38.43497819510445,44.81323969923375,92.28918460084078,101.2727190968892,2001.2492384404723,1919.363469324037,1038.8843406153662,980.0161056051292
89.08633873618811,43.721231781455074,96.25870115013339,41.58635676320523,1015.1706988422764,1980.6422388084397,2005.5999732838986,2040.9299729321865
86.45867645636544,43.218586153932435,37.42519421835447,92.8727756428436,1019.413658845365,981.0158642306002,1020.6155966444559,2005.865355592151
37.85715296498245,88.95714796280774,34.49451242157217,43.15548716267767,2037.856214576293,1006.5284357910523,2013.3042942301959,994.0536764323609
38.594902791303866,71.74942476317409,79.34025795173528,42.55370116466347,1025.0724814696691,1966.0384577390291,987.5027999266609,993.343827790751
97.71028586801326,100.38331566987574,82.74759441655247,36.32184203092884,1018.9555663362295,1942.0148754032994,1979.6927597804179,1002.1371683783423
93.23264349493493,89.7772692673371,39.535771120835875,94.19451087132651,978.4035997924764,1996.1492097810374,1000.4164133470888,1037.5274041496355
42.01156899087839,88.89024770323522,87.80273876974645,30.800921416038776,2023.9910914421803,2002.1551773431445,983.241230518669,1015.3882836574182
44.5281436325519,85.10748563523467,88.11913081137956,34.550851132975545,1006.5926020313597,1983.9476831139957,2003.966098433079,2024.2709259764522
99.83353984998246,33.07695910868941,85.67056567179206,41.474409386710235,984.2212729619357,997.7553990457155,1972.9762556101805,996.0661185636698
41.30069690542341,37.710689131841605,40.68975121244975,89.79739695953475,952.7140801465091,1961.534276293525,973.3200453238757,1017.9439459422836
43.60953516491568,39.43410745472448,95.82941129294426,39.317821693744506,937.8762122699488,998.4017238009533,976.8877439101184,1010.3946194127491
97.0800466310175,42.940971383988,37.89407358252329,88.6200353100485,2023.5215125878904,1011.6901450432786,1015.8051080590473,1016.386794736163
39.48113405057778,93.0112949056092,96.65711761856113,86.0268656844648,1043.5401032816312,1990.216551237434,1026.8156960047868,1014.6092701598632
95.0666187009328,86.32764550580198,78.12562789342435,37.01915115906117,1972.6216754553802,2004.801374249154,1003.0611244201746,2008.7605160861035
39.3612464893776,43.08701229729372,88.32254446438816,40.951283831918445,1970.550422706961,2013.5440477929951,1997.9020941097478,993.0566768172745
87.87395812080683,91.10922958693172,38.222913789577476,92.48628630890198,997.6407172420452,997.9943566449797,1985.4760796856178,2004.2846090884127
40.64328469868721,97.36809340664752,34.6489391722518,41.49739743159547,1033.1521770480144,2048.2924908699383,1006.3203762289861,1002.9244832126989
85.064990597876,40.482871884087125,35.09516536574445,93.07679409206425,1052.484995359589,1979.3612066348585,2034.8967570587886,2026.6289453917127
38.57178919271656,91.83810946247574,86.40737758505644,91.62612260347531,1049.3287722677371,1002.1321435382542,998.0047997989052,1988.5462540037659
98.34023473719498,79.95790255088855,94.42743707068034,43.725810636054305,2015.8454140818706,2003.0120639344345,2039.784996811578,966.621752505431
91.56372212891003,36.40680681502782,82.05604420891262,86.1533397190539,1997.4759435072167,1081.6254297832547,1033.8660303471806,1972.7718604278598
86.02532736871602,87.93841116200785,35.683184781872846,86.93026987915289,949.6163131584971,1996.349214648253,1027.506070201081,978.4675920930127
44.74418405042065,40.26449722622219,34.8577328275958,40.686724199915204,984.164887754569,1020.5425973944447,1009.6016264019163,1968.9414173456676
44.71297069856957,94.4242421902987,90.78223652640519,91.07814517182955,990.0799870050271,2034.7790070834849,2008.4424179321948,961.0500417263868
43.596895045517925,39.133478948518416,93.21443935637282,84.97702368421399,2071.4915966310587,2080.2892223204876,1971.3619074745816,970.3184615315547
39.46907091349976,87.36123922084808,37.39477638692508,42.866433041052204,1008.1420457871072,998.7438950414469,2023.2132433072964,1957.6677140678446
38.09793687511126,86.1650120853549,36.22030874881885,44.368398871765706,941.9646553013627,953.9047906137585,1915.4401204744931,1012.4995429832525
40.88343170589679,89.7131597057598,37.18305601637152,41.787699619702934,925.5398476108783,2046.511654190574,954.4374297524575,1003.5399163016662
40.999735841150155,37.086615435033096,94.79354055494082,38.58068260473662,912.0712395790204,1964.9055374905108,1004.3787433176288,1011.8639589228243
40.61560758631282,35.82869966711677,91.76170521503882,95.65257407633734,938.7561516265255,1998.3427823456818,1966.384133357009,1973.4787414006407
43.135831419730245,87.32244314711825,35.80742422828909,94.04167893883354,2003.7012396091736,984.3467115124924,1976.3754041277127,990.0213504114045
95.39104115137756,40.292514467111,95.79352975087754,92.77937278915995,991.3788907783717,2004.2221169303634,1011.9636380430796,1972.3664146023186
39.4242219004619,82.7757688065145,89.58688529885414,32.43169626868779,1981.2118896632817,980.1844073012201,989.748774971722,1947.1125512178712
39.49611732917917,81.25963594933941,93.05482729723897,96.5455397607512,1986.9239601835798,970.9375330223684,2026.571089122927,1990.659010178985
38.821827764922105,39.862801766728325,34.932199365334526,43.66734076894207,1989.9642497842092,2028.262789013405,2019.7605266537932,989.8940360305024
94.77210888985128,93.47073590508414,90.19452567775255,83.67228977183113,971.5189862063473,1969.1283165981495,2014.7784072693375,993.8631779912951
86.9913399907062,92.07369368190916,35.5715132481979,43.04323290691153,1006.7715464007172,2030.4371123017215,979.7436938516721,1014.4601415020777
41.34343049155869,96.53603494939004,96.56688585465311,90.80400682523162,975.517569605724,1995.8089969865553,1954.9381708558408,2021.9268771797565
42.60084537126333,88.54119389458906,96.19172874315694,38.00551193824202,899.4867053567059,972.9250920896975,1974.4526688841645,2032.9646375993384
97.28550395942607,89.59086924750854,91.21808245798138,87.66952916858034,957.9608827553488,992.3379655250596,1034.7805329058506,2021.2221885806418
39.73233188224905,43.459448704728885,36.44591402057196,37.523223271074784,1006.8879271580997,1987.3958500777949,1015.8140040943306,1020.0371807156662
41.56463080309606,94.39434023016453,37.29346213649768,42.196924732283776,2052.394846784387,1963.3932668729708,1946.7261528856818,1001.6802258195141
39.74714659846169,40.315846072307195,37.9357775122314,86.83414482026295,959.4124383865649,2028.4143642235929,2008.199331649503,2037.04102357994
85.93504124749074,88.12577900196118,92.7697765961319,43.36327303470492,2031.389399411808,1973.1063624380654,1995.1436549105415,1964.9435242379325
40.78461345665169,41.09799794203536,89.25418558497836,84.25516084440765,1990.6727313574913,992.7582036480109,1934.3052954598757,1974.7946135587383
39.82571263451751,40.15482015243985,36.32680506674838,37.467258163828404,973.5968281527325,1016.2669239628615,973.7733285127182,1028.3027644961526
39.23605901662877,41.603488805962954,38.360302285912255,91.46522400121182,972.7267438355217,1047.7423521766066,976.8504940652372,1992.803425504182
96.89762786689585,40.08798557734598,88.72131209079984,97.50784479387838,969.1956811412633,1976.5356009596446,1004.2965411348591,1993.650342131659
41.317371630562846,90.91248326722885,34.72162426753921,39.468344091401555,1987.0127543279666,2033.0742310343032,2036.0124522077049,1039.5208882178758
39.1832376136221,41.057465488446525,33.60791776060903,39.79821419226131,988.9822357890541,1019.0222884104387,996.6473116807402,1034.6429930261206
43.46324411087629,81.71799297277549,99.64314961723964,42.089070697825754,972.3984439250646,978.2124536949062,1975.6552493181168,2009.6347323617551
42.29906900438125,92.09878438831998,37.74584077017094,88.11235737070467,1968.3707616931533,946.6686338637296,1013.9384636497998,1983.719350554813
82.61473305253715,92.36711821397084,89.50116531375471,97.07174897489539,1002.997844176704,979.9352721370444,1974.1744718196037,1025.471884233028
93.71295730240418,37.1125058642354,88.12998840308357,42.646295850849356,976.1448063061328,1005.1916574262157,2023.9603074203703,2004.717846003882
42.6555145933809,41.846396048740544,95.7874877964755,44.205892781964074,1026.0046556480147,1017.0468081116649,1970.9837788546413,975.6679684990409
87.23632064720806,96.19863690545907,89.06112702382586,97.9796337489144,1021.1789625838178,1029.9051877611312,1912.7978937588284,972.4999230351982
40.75267886013433,33.01289531313418,37.101587314682405,85.70925822444119,1019.9948626030874,983.4828883956707,1927.361046914659,1969.2472377979525
87.79161115416976,35.99552270490277,36.55070317444033,97.35143021255958,1037.2765487268161,2005.3562132040825,2026.2737574806115,1987.7137125481524
41.30624553894778,99.63923580261041,86.23973047243472,38.20642231540736,2032.2980538547135,1004.084199207234,990.3161406330996,1945.9493485918904
41.12239626561811,83.50137505009741,31.811153748467348,91.45114860254654,1018.4947455804952,1039.5640874015685,1038.136080160982,983.8793366277157
39.88279941177079,38.422253368852836,92.87745660265783,89.72963612671933,1028.1191523907128,1952.599596075048,1003.8061897887212,989.7808809901826
37.94442139103819,39.75567773795015,39.38894222373074,87.06811482363386,2014.2374231999304,1969.7796094986531,1998.793276888878,1014.0631117880915
88.66375521701092,39.083265702819475,38.84210216800322,42.42094321686999,2036.0935803613636,986.4745102810355,1971.3977184853834,1010.0716194132947
92.6382384946163,41.16815161135418,38.0905095446525,33.591554872407706,1996.9314885291608,979.0388215143591,966.9232235415745,989.549432791979
41.59258358210305,91.49589036575556,87.68630349067298,32.4725242529956,2005.5461925055772,1982.6117624237193,975.0181745440054,1975.4223983002657
43.92143501814458,82.62970131519518,35.57732171743197,38.47306763834825,2008.9423787567976,2033.3364008207845,2003.2866238183638,1014.7286948080266
97.03488966668414,45.570741200809564,96.60943373477541,41.24493401252876,2036.1385695955403,1012.359409627519,2046.4365621843153,992.310838355237
40.90839678418999,80.39616715485312,38.767156173443134,77.65925172554286,1016.1185930894171,1005.6548333403755,1007.7525944381098,2039.9387936690184
85.9469104963344,38.42689026249063,38.8726854515865,92.99856044567846,1008.6496160041111,976.2334248474378,1018.7948876661842,1998.024514039671
87.72932477916754,37.66102191919694,36.00098160692032,86.47977018475913,948.6602612781717,1001.715898350802,1034.4999666698177,2003.711086305788
40.80322509862171,92.09929046113436,87.2204346400096,88.10255866659587,983.309002989274,1001.8579207764617,2020.7421091580047,983.6519433556821
86.12140941091322,85.93220657434166,90.842019563898,89.66818021662907,2007.6997197880091,1947.9527114402124,1931.4106948668664,2017.5473578625545
87.26902448253048,97.69349646711584,88.41501778649895,87.2563677917501,2038.611344992494,974.6137052127283,935.4734428012644,998.2382503091899
81.48203480496396,42.681577304011654,85.45894063073331,37.987598542464355,1946.448938395398,999.8534883876357,986.1215788364455,1002.0366650585017
88.80171533203264,40.534695468464086,35.00280314940872,40.46449619406246,961.6487730875913,1020.9325906335434,1998.6767875907349,1004.8269735162253
39.867159976621465,85.50972052009979,34.58573391404104,39.99757158276928,1012.2007251765691,991.7484146827211,2000.235427276522,2004.6201814360559
83.85345547196297,91.78264193333163,37.200898229325276,40.96566973463385,1960.8803524070338,2028.333797947732,965.8720495026994,2032.390485334779
40.10426530267092,87.67951029689287,84.98044051438794,76.24934227963502,975.5229490947049,1963.9970648891692,2019.4464281698056,1028.3331525879657
87.05517047262501,39.702179859141324,85.89516285845545,44.74664832354806,970.567951248241,2042.0685825863773,978.8036966836546,1017.7835772645885
88.67550406866975,42.59857091649393,85.32017071686573,39.71060533304839,994.380548104014,1000.7505982071975,982.841761880371,1016.87521351451
100.48953066624698,41.4808461875576,37.619469914998575,87.14749196975147,2020.855125178332,1968.4155038299268,2027.4979976937161,1995.5249780958288
99.80396678693916,40.40260476266613,83.62553582359502,87.8194245799047,994.1010799289584,1053.4236830492187,1011.6063732628779,982.3116861970686
41.46724034880215,37.11755771051615,98.54385149439598,37.13613068169475,2013.8154557819698,1995.716388277861,1024.1500244246029,968.4022429314381
94.61542282076311,38.5611518515982,34.19769251128558,36.25336144190983,998.9988494561849,1043.3448466135983,2048.5032639852056,985.6068245648964
37.92729976932902,40.89726689630819,89.00409537112701,38.90676912127192,1981.0603296118509,1952.6621737758735,2000.051549562591,963.9082676500539
88.33620781170514,39.6801141624334,90.5321510674441,96.46895104216892,1982.2201427413152,1948.3524179930225,2029.0606370426226,1952.974470141622
94.50082910896725,94.16217467430577,34.60404432628706,42.11878076842801,2009.6400582877138,1009.0481349792768,1005.9925883761762,2035.3298607477707
42.68680244172147,88.07424877096352,34.37983838091399,41.06315075035933,1966.8961341039462,2044.69152304068,1979.4750898523687,1996.3682272510869
92.08986580777253,39.354037140247996,78.31491737875828,38.26102456428609,1045.2519954663949,1985.346161144146,956.5260811636203,2019.805142462123
39.315945236408,44.84010633462282,83.78956428269377,79.77480025924947,1011.0038313560422,1948.4369755797522,2044.347154307402,1007.3636618975313
41.27718553515763,41.17692218665573,92.01792291973032,98.62687228929974,2031.2516680196538,1978.8689386540116,988.079841948301,1015.1539706300271
42.133754875561834,90.17293677377154,86.04063921942313,42.82369143038248,2018.9184588501537,1005.780656294635,1967.2290190119666,1018.0217560183694
39.405387689622046,90.2294359545817,37.065704628079224,41.716988674651105,934.9494101447506,989.0291707288684,2020.6570695693576,1979.7874139072794
94.95303556065952,43.67852846770566,83.30222244512099,41.21078868672543,1009.1826086308238,1955.1165354844966,989.5976850752874,1021.0805037680302
40.92388633638133,40.66645098497166,97.06611162335916,39.71579172780678,1041.7282276449616,2041.6383170519118,1992.1272207602499,1026.7869766470685
42.37678280771447,85.1304971058248,39.083483580488476,38.63483876185832,2050.1845260534938,973.9785646085826,1002.0506706284934,1031.869485753797
36.84101225421615,91.63628167747662,91.38610423657892,84.74421524444456,966.5730935145142,969.9413723376422,1977.8192368778762,1964.7055017674043
39.25618140565378,40.252562284170395,103.68296255422561,85.04337083030833,1955.1079564695624,950.9340187884294,2062.869197789622,2011.6067689139568
42.64977035981646,89.05906223395408,87.47484083943141,87.99431638164384,1013.1625899896388,1998.257000884247,937.8604946054197,992.4466559178413
42.09288201119254,41.15343023517682,97.87540039119467,95.12958536609162,1016.6084892882394,990.1233065700187,956.3473556986751,990.9187515616425
96.38753297799707,91.05335180887482,41.19618205146376,88.77958215885398,2037.7818739225584,2004.819311418504,2000.5925524220984,2054.0917115170064
82.5343041631,86.70862646234792,34.55050016426069,41.410220707143516,1007.2652879540778,1003.5264777944608,978.0847281046027,2056.8853295148056
38.65085926800401,36.95640253556233,80.96874944755004,39.30048454001609,1018.1533399640946,1033.8483279671163,1946.2098554007407,2026.5259187450445
38.89068118028618,40.044300349547534,95.19954238330578,88.48612253758542,1968.222541202179,1980.6006709729527,1989.780526986736,1968.9712089069062
39.797639200424214,88.03893633232866,84.85683252107451,89.91372374521367,1016.498300609007,2026.4535974758182,2046.5742476399173,996.4153656726257
87.23731401984317,92.39643572427711,86.53216422972329,36.06286439443112,2013.7273209985838,956.0405318270798,1024.3715186407399,2064.7193996721644
89.26623061400339,42.31832263278142,35.44384038228259,92.16596014726693,1006.8710454385298,983.7803495417365,1933.5864846192671,1007.0780053061469
100.00223297791322,92.03007262924706,81.20001000357698,82.70840556742696,1013.8267588217336,1005.4276414290697,985.2445883044718,971.0763319878448
39.52998052791449,91.02117688396072,35.10407130936909,93.37469505111322,1014.6375359158308,1004.1526036458268,958.7947470040349,2042.4384497777974
38.744170122734374,87.3854769320615,86.2082330789081,94.48442454145378,1041.5513403720493,997.8527898850798,970.8861185081869,995.3013428127217
39.909206297885234,43.17786434126373,84.11248291944987,37.839266835238675,2036.6327635248388,2003.6599887600862,994.9539238195738,1949.8913150548353
40.632128391169275,82.41662275845556,33.92975630603112,38.29319853565421,1020.1367659197069,2030.597526137322,1992.4607093590382,2010.279983149724
79.31506309584147,45.385878022055806,35.99185544188843,37.31358885178865,988.8894449110588,2023.3430736234861,986.8325522771861,1026.4148356854253
41.586761118699144,41.15808352186388,38.57606272618605,39.36050258141556,1024.7168304052263,1015.1605176135744,1028.2990921364624,1023.9740716183703
39.42011178730963,83.07044886739267,93.31787248628632,89.35904148519847,1030.78241405039,2013.9831055442976,1935.801575346217,1954.9610832068036
37.6396490131542,37.397183559951486,37.222953293159165,37.535928611262506,2011.7145995428311,939.9560552905991,987.2518552879968,1009.2648600213397
39.197768337111505,82.85928749329275,36.87405158860392,39.16753558971583,2026.055076058066,954.734266562463,1008.9133307148952,2006.862998221714
38.67405787362706,94.12944754862225,36.0758838838588,96.21514904807822,1987.1381287151546,2036.5630984412626,2033.057539599365,2009.789614516941
94.5408770892762,42.75137949684851,32.14784120493795,38.0552097024773,1950.4923706024767,980.0771767896862,2038.3029765823935,1000.5333011039197
39.20426197611012,86.64210809550711,91.02990428278954,86.10720512383352,1958.3641904425278,2046.0907118936311,1989.2581692357576,997.0515324893271
87.55131172230688,103.53634963126662,90.13147541705753,85.74299412788943,1055.0188737560866,2018.404524887175,2026.4373222179568,1006.2763218379243
86.17485121612721,39.71187339083458,103.9460865235647,37.096122507805305,1996.339100180268,1014.218354752936,1012.4948092222951,976.9626356962406
101.48034809740574,37.170638775959134,85.92276723951694,84.61766666433327,1054.3086513927358,1036.4193313611227,998.1227921830589,1948.1204219783483
41.8105003415087,85.11670745938659,33.056591248682814,36.83695256092555,1984.131752141057,2032.1842798318276,1971.218700113837,1998.1057543267314
96.45042833339677,89.80208494266833,90.1658297618394,38.26366305905238,2030.30079918276,2007.6356522898457,1038.2776888037647,2001.5176284610334
42.23627100260655,85.67990735514914,95.13460920961586,36.704237989575624,1995.4421185388812,974.5820893391833,1000.9386718035088,994.1519441449348
39.873337231783154,99.58551123968485,82.70328356083897,35.771992448427326,1978.2590905569098,989.8550462203807,998.6623343995287,2028.008106551454
41.08773945473273,88.31088350037317,91.2550703790185,38.61388639987865,987.6456873803578,1006.6918716351101,1035.931546113804,1009.9497456833988
86.0250672410387,96.62466950553618,39.94857799942861,44.753524572823636,1999.7455652616843,2041.7505566650589,1982.0284495501292,1023.4929466595083
38.245616700720404,80.94955455268953,39.7210833273973,45.897778673099545,970.1872862877676,1009.06079600401,983.972327929127,1034.7062006772696
39.80826185458393,89.95003915756095,80.94398651298562,41.059447112024955,977.6964232555276,929.6215277850013,963.6537094705118,1977.7430655168444
40.26377780838835,39.195076715422815,34.44866185769433,89.87863569443446,1996.9088795179457,951.6407407936044,1998.560852184104,1015.5050387516287
42.035027378527744,95.74252741781237,36.47310642613621,87.66161975424114,2008.5247391355967,989.1469003955747,1969.0263693075365,1029.8080600496278
42.81211437051406,82.92712149823471,37.20728543012541,42.94999790360809,1936.3957157668976,2017.520298605891,1948.544513484426,1029.1952825459466
103.18520182566742,83.309343906535,88.2601947550087,41.662828096943386,1980.9998698315815,975.3978652977471,986.1962839194578,1977.1158531141666
41.20703234652124,41.98408545514778,36.93889459953161,41.82698509617531,1013.7067437685511,1981.6584466998136,1016.5882859671427,1019.4644683218473
41.281109246870116,37.12319932123903,39.368641271384604,39.06442205005163,987.2614906918916,990.6085179513357,995.136714350295,2002.4139672581541
38.876757129554065,33.42894937843889,94.7814553781399,87.17982672894709,1984.1143637007,1019.0866003629625,2012.4012035788876,1002.7776598008193
81.87648209319653,93.66504074297403,36.31590440924838,40.57816178754625,966.4282791771013,1056.20552999733,2029.615985812243,1007.7740885611365
38.28103047498054,92.4414583380608,91.67287303339079,43.30546644928866,2048.8002998996626,1964.54284785174,1027.436095978744,957.0203165486082
36.15659690467172,85.29289861299969,90.84626598766695,44.97025571493269,1032.6178512593783,943.3135821408137,1973.1936635885356,976.2181412901882
94.45281658832197,81.23049146423305,35.113602629636546,41.265810734095524,1012.6505680571212,964.8075520154572,2019.2883439964307,1004.4600944215525
95.9166063346896,43.50430430331221,100.16072323325022,40.228314307855484,954.7516960440512,1979.5277315471044,1023.1374136501249,997.1739058255193
40.63759936164631,86.13871842594658,93.03355259700463,43.37519599001436,955.3504853118675,2022.7170593540957,1958.7263177726124,1002.0128838127188
37.40252348335598,33.87064374378153,34.85813249572216,42.717646607780864,2016.7184560281191,1983.225611042039,2030.63503078829,1015.4275134562902
38.21829578162253,37.895945394274534,91.987796607418,89.49063951164194,1930.9172251074058,982.1579524504616,1021.0088645872029,983.6480683122327
39.015779810409654,40.47131272128882,91.88488602464066,95.80915925497013,2039.1842824095413,1979.0012561384806,1025.5882411348782,983.0649595298694
104.58303431992414,41.39683255220716,35.22747741839968,97.07966315974252,1006.4018246899057,977.5052793230616,1995.9186401291001,994.9151773002062
84.33263126454618,78.56476011159126,34.26515735271346,86.69332073629002,1042.5091843689106,998.4025044127723,1992.0297269655198,2014.1712036624651
37.52326519265344,73.39994036344824,89.08548237465017,40.08390161780504,979.8817173030437,2063.6395553358857,991.2964411447188,1032.9533618783482
39.8082076988472,42.557995416787044,86.86158184587266,85.56004671340025,945.0164085760312,2006.7994407134154,1017.815239562174,2037.3041367635817
41.278815158483596,39.790008310219946,89.8438249744295,89.91133333532835,981.2251748978484,964.6183734703352,979.3337823423557,1023.5493576003764
95.34943552662385,40.361086520330865,36.01511587531949,79.64501538976153,2009.7771057829784,993.0391082535564,2013.517067066094,1005.9992521515201
42.26384552599869,39.101636922109776,35.335383590959864,42.97307833279368,2074.3987014393338,2025.1949280875128,2029.1466942702727,2031.9323138711852
87.94736037127045,97.61172501952342,36.641471361390344,84.51737935913029,976.2157740308401,961.4908509128829,2027.529041971071,1024.4440624674628
87.3204838440904,43.32373404897447,43.391122515497344,89.12700962644632,967.2175197886061,938.5986992655344,2043.9973508255407,1022.7912067866032
41.04263750127535,99.95757249793282,86.67967624014737,45.24843173821715,2014.3225997042425,959.7126156907143,1037.648411486975,993.5036030412324
39.14390594714264,41.63654846739401,89.96034457495473,43.464945211711665,1033.9999319300246,1977.2267655265427,1017.0077028945443,2022.4280612999098
41.30508070813572,79.70264565464419,90.74056613185581,36.271886424473,1029.7430803390048,998.6785623007729,2005.8542767444383,1958.3753041461002
96.50637757896847,85.96151415919391,35.850450192782446,34.88703258421806,1984.6564856194605,1035.3856152921028,1011.5499909503737,2005.2797965708105
83.98840009379397,90.81921816595295,39.20732291901281,93.85049374648766,1982.1903655971066,1986.9571877446342,1995.3425481931633,2016.603398658689
41.153735408758706,89.38955930624392,92.94477278153818,90.00936990893686,995.576435313335,1986.8749179682284,2035.1868661944584,981.3567033091329
42.52689672572281,38.359785504448496,35.889948946569035,42.87684426336786,1029.9847843709156,1000.4183159095661,1009.6883013188619,1975.2965587874564
90.41143499491619,39.794360228423,88.0477273771752,38.41242558287017,1965.4923931804053,2007.8787904131705,999.5280469315308,966.0621860667833
82.64045826302875,41.04135685449508,39.37282564949864,90.93071381037977,1956.9788544341525,2042.882723482777,963.7107711906117,1003.2040824075856
82.95030009258628,42.39405609615294,85.9535974504902,96.58351117713232,960.6155884867399,968.239084590962,1940.2505860691842,1003.0243867561592
90.28583109319685,37.91834683251143,33.416558953328405,40.39164293461667,1994.6322022272516,994.5814027934384,1960.9307675140105,992.5147336997015
86.27956933830768,84.6577205679405,85.72310828966039,40.214199939535455,2015.3582662405329,1983.9010730190048,1007.0081209841411,1047.5625617561277
92.19728080786143,36.81239160358976,99.77145297990782,37.33596705701398,2046.096914700896,1010.5284622570146,1021.7272864224901,1065.606434113372
94.53626131319851,33.20853377799037,29.87076146282269,86.90385586227417,974.4601611441491,990.8573945081262,2002.2139509220515,999.6589465107998
87.9927791673278,36.263898484779816,28.461131378164573,99.33032635844637,1947.9303953984283,1975.2623239690663,1931.8901616427602,1010.488425989304
90.01709893501565,37.393577052847284,84.73860071685846,43.11142459666709,963.6543978421861,1967.0262103308069,2023.810647979635,1980.9958018380773
74.1786595271493,38.24948587823928,33.79474874400118,40.807980502952,1996.7320496335237,996.6347392733826,2004.5752029089945,1007.7514305310337
35.26037878445579,90.86609745383744,35.12275882622424,38.47965471056135,1986.037119102125,999.4065165238395,984.9794066262907,1963.830300933168
95.77966228513486,40.73832576709245,36.514649683874445,41.51848476333245,1016.8214093953666,1996.3582487818076,2039.7643962024943,984.1252772291502
42.11074677930209,87.48336410282401,33.98876924734229,90.63210601456784,1976.5861370220512,1022.5802649533275,1002.8428248263967,1021.2310356411692
40.11398736304117,87.39089347123983,34.80597800197184,41.15136092986984,1017.5158572442881,1041.0497740942,2051.96389533089,1012.2315049279869
39.739295780131144,44.08156787089886,36.382811576277525,41.54000081349338,1961.1806406197097,1010.2978297765624,2025.086565440469,2012.4272465743002
39.95849110750902,94.27365976646136,96.89909944009779,89.33486619593884,1972.67636545386,1987.0538322180146,953.344463804363,1037.9104876346719
39.842486494151146,84.66010869725338,37.29460664447707,39.0816978582648,992.0659998968254,1038.145960592919,1966.8144457914757,1047.8247303875205
41.3774077157623,41.40592117571579,86.90736946013034,80.57967836920166,1007.263375374845,1003.8403949998471,1008.1866734476683,999.5799998487407
37.06074011260513,42.8530795537491,39.554763285732115,41.51978648971406,1968.150026868916,2027.0108194161644,1971.05866528039,2003.4660457894888
97.52161262495537,83.46826991815188,89.67616007238529,40.85452927649899,1965.128814576875,1036.4135210127138,971.097722834173,1986.2872804263504
39.21678415788504,79.77227563077066,37.140996500289866,40.82711170352577,991.9973765718141,2001.007802458391,1002.6090597746224,988.2995378868716
91.68914962337912,95.83785990577603,37.69243828161366,42.02796337753355,1996.0165048750634,1967.2875587191186,984.0114428618009,1937.6525337708192
41.88678289231078,82.39378569620308,38.87830136974203,99.75714488573533,1006.9282066403835,2022.9204165846004,969.1852368320363,1994.4159967726982
92.86289142030171,42.158400107307685,36.77931283392137,88.327040510013,1970.987096597816,937.4032513817093,1018.3529818534575,2003.9626116531233
40.65750005704466,42.04078754689313,37.80385341948311,92.73578827436715,1966.715040977044,1010.9714567850899,1042.614859075583,1000.9555902885195
42.4815363510172,41.85157982027438,37.695290045336804,39.669498099146736,1991.4538417244532,1048.9896298765138,2038.9201199552863,2041.6017338972033
98.90853249491306,39.596351986655414,90.34335371798545,41.4658065746701,981.5790530113783,1015.1978072561033,1993.1856865838974,1023.4248705121661
40.207371801613036,93.34111519689421,85.84496086747222,41.717418470557845,2008.59719367404,2008.2194192518675,1990.3150454756546,1957.276712786054
89.00969088666075,39.729858424610015,37.64830368771318,39.63082822099153,980.8884344811486,980.6901998859051,1044.2189383594534,1018.0589299127455
41.216641976530234,89.07130359783085,84.93865155951497,40.06589202604659,1020.9081677695276,1994.3606056915205,2042.1658382509174,1005.5555554862917
43.235014070648546,81.66998344756618,85.60512332475088,43.858036813222874,1982.1897084645316,987.6305061742094,2004.513054265443,1912.3506434368123
38.40478964384822,39.14452242532499,90.45817849974445,41.319055830251756,2017.0528785105967,996.6642802594806,985.346765937536,1008.70399618754
83.65052246366653,87.0131271016107,35.28285172292601,89.35269822006326,990.5538022125847,1960.9705587241779,1018.0268031453654,988.7737720598838
93.68460769631655,92.85885768919488,82.95331092603685,98.73986269826753,1007.0950268634723,965.8781065029916,980.1435052858617,931.4950926998123
86.76270803367576,78.98309955004426,54.63208897243895,38.62711107763949,988.2741393029569,984.5705291374184,1985.4326369921791,1967.2894840129973
98.28700893863493,84.5682684573905,49.81493182762262,92.3854407144067,1018.0123542902454,1032.6109215057343,2033.03519074686,2023.2920479646382
45.901558912922184,89.16728824757062,51.26222962670086,79.8036096819602,955.311019755057,1007.5023357130892,973.0285075444441,917.2238903971389
44.434821228163884,47.61090490644926,95.49149318348454,38.92587087592501,2024.134207926788,965.1958813354379,1991.416554352262,2026.4504439528425
87.09298019363908,46.01453335939465,89.53086877293745,38.41639852370251,925.1537434148424,1995.673201691057,972.2419948181713,1044.358554807779
45.222237183997066,45.5851401071423,54.72324947273198,88.89344228389184,928.3591612921502,1022.9197419090542,2011.6441647344009,1035.0175853299818
50.62968969973086,47.80051300324578,52.46944890512009,96.12084213031682,1986.61035163389,1038.4483114454736,1002.6276257753738,969.0752933814092
94.76380950701682,45.85057258540057,51.176100568318695,85.80457351103006,2016.4215213503546,2074.241883566162,2062.4236656048733,951.6112168342397
52.55801568801148,44.701510376135985,51.3088855501616,46.074669270748586,1038.7973039974895,991.6241674527522,1968.3939319446636,1000.3575308332444
88.68016664376405,45.619239951072885,49.66721047214337,47.72321406498628,1030.2210956698023,1981.9438058392032,987.5915137854056,1973.0647723578566
92.14325342577722,89.89175905428608,47.45442444775174,49.04411769494284,1002.8809096901864,2023.0928230801067,985.6110998005646,977.9065201303291
45.40557393900177,44.1903743516838,48.84378517936673,45.06827208892921,1008.4812434743405,1005.1947212459785,2010.346967552351,2021.8936580030233
41.345630129930456,46.05099293953569,92.45283892297927,41.95133249123573,1008.3024755950162,2002.2536913663125,1978.2182940599173,1974.105940171407
40.76939849438527,93.52270870395489,50.09054254284334,43.44967793688912,982.6053753109767,2043.6629143206594,979.5021344551901,2027.8872991956089
38.93730103666488,41.26452473112211,48.00126031577378,44.24921305079013,949.8745815047234,1969.3614546692681,974.9109367614162,2020.9928959240774
95.08036125280894,99.31418607761208,99.13810644294847,41.9947455221629,1979.9424648389022,1021.1326498078631,1016.5602651714734,1001.8043129095881
46.96512158271064,48.038249285291926,94.75704329216383,39.77602109037137,1977.3923343506312,993.9042018014713,1038.4606007991624,961.5350124898341
93.98541241581644,51.87276574165887,54.28435525098298,42.58698471778841,1988.8657365573085,2064.8322886470305,1976.0529273877432,2038.3225946986609
94.84475522224733,89.87975896992157,86.5191611907941,33.72207394364955,2008.6250966763498,1039.5054658663794,935.3613596516095,945.730332096573
90.85364389524874,36.921340113556866,43.989371465235536,82.98079667283409,923.533491684876,977.3566156110189,954.5432532318246,951.9424027935813
46.97798848788115,42.107363502235984,86.54902758736202,45.83776391784903,1976.6274679682217,1965.9152067056768,984.0068618807064,1006.5696941654692
42.35996819689909,46.98614257879284,50.02791043379638,43.88728782438188,2023.2082005622683,1952.6420295551197,2049.9950645908643,2070.8722994393393
85.32673554488038,97.05021325591267,50.92336422506747,100.2269540105446,2006.075177376464,980.5206739749879,1051.586878395411,2005.0170250318426
51.12633753303585,41.686128001771756,49.44285995649753,90.01587922226399,1959.9715027577954,1022.4159579028742,1019.9450611389125,2026.8457572858686
51.75853313090095,82.33246347658971,49.93464225146053,38.989105598908445,934.9560868801311,2028.745282784419,1971.0477360430157,1051.7342176885752
91.21726512507476,100.37078569909072,79.99337024322432,39.01999156338786,2008.5598412312145,1961.3708311267471,960.8473058579372,2003.379226541852
92.88588549257346,93.08966679322228,55.21302466677457,45.63519524667741,974.5241776546494,1970.8317374051014,1972.9581309585649,1042.7811792817984
98.49600299656596,85.69292749667314,57.311989788433436,43.416698006102436,1959.2936779123702,1021.0344264043688,1012.1415826689068,1033.1380610966778
94.4950912241958,37.20708936993695,54.14725392632343,87.64470727975763,2000.2579761353454,1048.8976416680273,1991.1827920141413,1036.2848236429095
85.12440879411922,46.60896785829081,88.69711249426452,43.41641263694473,2058.550237674411,1023.630274941152,1978.235667664786,993.3765419721067
48.93153959578005,46.28209328188795,81.27660053438603,97.24126937528276,951.1994009656294,972.7805396318677,2010.8453851711647,988.4260838646758
93.1890033218195,40.08165848171343,48.684189783594206,81.15394805394777,1014.6405692451385,2016.5982381945557,1993.487727781765,1018.6433783894463
89.05767780692813,80.10176227206907,35.11782638941974,43.73395960079129,2022.4597006204433,1023.8297965607277,2028.7097436976644,1012.9738549686028
47.173586379335624,40.803662568478984,99.70828865022892,43.98401357197288,967.9589273303009,998.5508600729388,1004.1916409182534,1956.7680044136537
90.6529303174896,93.72435273105758,81.58213541723806,88.2680211700379,1986.8135741478454,1028.7959686237848,965.7966968980082,1041.7221750798947
51.210864569101496,86.69079350369505,47.404872489731716,84.16387355435563,1953.749955774484,982.9278363098499,988.3283695734419,1991.2699694572407
50.46705955113123,87.95313670095528,85.28955360905829,95.2774580032106,951.5766147424256,1967.0878437551203,994.0400053227036,2016.7452075285676
49.292342449322334,41.72016275237585,48.77226768964372,43.955342740836,1978.7544350383994,2004.7796886427727,996.6489532430189,1051.8598020172226
102.8016094643785,91.80180424231267,85.48744055413641,43.03007002079346,989.468706635171,1079.7190262431436,1002.6988491269024,1018.4624565476661
53.01767620320757,40.88144741171566,51.36794717648747,88.5327525621994,2018.9897115390027,1039.5983032464906,999.1651438423693,1000.8978588912778
88.84097907362117,42.172390955339864,53.47391888681848,90.81064180027776,979.7254296421519,2052.260380685133,1052.4972674432267,996.4290209640054
53.715616068933485,37.89446383491138,85.72253028375519,92.40304848267073,1998.9069034486931,2015.8177073612442,1082.3822846248772,2015.6642044036296
55.53980794576445,91.748098758106,45.698009677043046,38.34461595236725,940.5491457892488,2014.9757295861975,1059.4868827183332,1959.9953996486402
52.153806715899236,92.43533699508166,92.14711670221688,41.96083836314364,956.5317113355593,988.6374486966631,1032.4068100422871,939.8415659657544
94.84509615491451,42.43219744242488,42.83236598005652,49.336434607985,1975.6238941552174,2026.253479878844,2009.4522131249425,2053.400377828507
89.84982588332583,88.82960851066996,49.18931633162721,42.87015970064375,1989.5764687353371,1998.3449384621204,999.2197208546156,912.7808600149599
47.416995077449336,85.7462299245853,52.702178842714034,38.6660369116346,1980.512442549816,958.2356026291301,2004.2245145468305,2010.535396511492
93.09076753608277,89.79595595580565,48.634738440140644,91.73217325860655,1993.991369386872,2006.3493253002246,909.8387365626979,1057.7742524779637
47.38092317789318,39.244154085463244,50.054650387180345,91.52795481728096,2025.686772554686,1991.5698088768056,963.6112013232867,1020.121186169022
47.43364749971275,38.963143744282235,49.67719141535743,89.12395226174806,2044.4771345455283,1974.7042818763382,1012.0990990256644,2026.2033153288385
46.52717220701341,38.159323108137876,45.42949635749907,47.02717322864626,1037.1037114423546,1996.6374948406801,1938.3264700256468,988.7321865031458
47.972812517883085,83.65883283668178,86.72543203056496,42.189586581787495,1087.0399514543928,2005.7001823858614,2064.4692584043614,960.0805376146204
45.54486379116461,40.146714869423995,53.349464240599985,90.10415511211538,1052.9183464868927,1972.2858715194068,2063.4720930432513,1984.1272492628032
48.08893936311404,40.16418792306331,84.58133396699782,86.02425613429378,2031.5878363439867,1957.2597897285898,1011.8132623854797,2006.6349710819254
50.053870076417894,99.16637289023679,90.58185966411087,100.20188186952805,935.9096281017876,1016.7282885651099,997.1629938323706,1981.0742009602036
51.66305260323371,94.42087554593652,93.97437748765603,43.15764236671123,2001.189008760251,1044.0756018564368,971.4270266506285,2027.3737754606166
51.957095974823886,39.61539346716561,48.957077949463894,40.54912363463769,2001.0651248726504,978.9611698719222,996.5113342649911,1961.0193096855785
47.16063880640668,93.38835707295019,48.297914223340946,38.44394770278369,995.3366632417631,984.4866722874926,2015.0287566025427,1949.4530757906882
49.48473510014938,88.65107123406388,51.86991205954287,47.70648120375175,996.9346355196449,1989.9011885451584,2046.6766047526155,1974.0542445706456
91.27236393496945,42.122736675704985,49.70560340127484,90.56900982494551,1034.3036551556834,2011.2973832985251,1027.8621554907972,969.3384826625328
43.25652179065065,90.85997863232383,47.42420129979323,43.00659441210023,1973.1410700566864,1011.4513155234589,2000.2768277285131,2034.9816776903403
97.93235976036905,41.3672351953293,47.125618981813005,87.95999912002304,1974.9381365035536,996.9008279626232,1992.2125121096453,1991.978340945993
87.7601843029251,86.12160524373186,44.042833686594584,91.43341818639354,1013.1330884859423,971.0309791937002,2043.3260180182272,1960.2175689180326
48.75440102947186,48.975105176957165,46.287339271284985,40.354405202684475,1017.0635602251925,991.0387964943193,1030.9183505026185,1946.8529261161248
53.26005482692152,44.325425993273655,49.25728065678581,86.63865786128835,2002.4402585520622,995.1998617975664,1027.892441849224,1951.926872976699
87.55436537477046,86.50786731774666,48.7235159379502,40.27428847545654,961.9471204441951,1989.2830992597396,2029.4828631567514,1966.61361316385
44.42199195471767,91.06201672616562,81.81491692482369,89.25953433014764,1006.8323452336024,1027.2316243961798,989.4964781185656,1056.1140871695975
91.71723221164214,37.06971192571733,46.30719629800085,87.32313370258652,1009.7095054885289,1018.1693173656672,1030.7936040341665,1046.7111128517026
52.27435568290449,38.61421938475355,92.71529980002683,90.08081608548709,2011.3718838341194,1997.098981894431,1999.9298616910244,1005.0691937985547
53.94669538808344,87.02473948594324,50.60297979061701,45.90552514441287,981.6493592554673,981.536824119644,2016.9569364368365,2032.2964459986547
87.64430694710435,83.61169106787695,90.24347165745293,45.24238937321468,943.7088620688717,1010.0567729242487,1028.2143097729809,1068.2014215026315
42.629133500419016,80.81044322822316,97.56983755310263,39.65637980311438,975.0927503240396,1961.8650343933882,1995.5824024763456,1008.9163023859201
92.30601003420935,40.60062131257037,50.83685179377842,37.39050828961469,1959.3029133466491,990.902254162469,2013.3262055188904,977.7626015000308
44.34825013791787,38.478904641891724,89.5631015229867,101.2807765976419,959.0067402424597,1013.6594255302249,973.3960067794346,1957.9854459390217
89.669387994771,88.53468331779135,92.38446985764318,42.940209235128975,957.1783869797877,2008.2662431490235,992.6571872543893,969.4960240440926
97.37402856662304,99.58027480757158,87.72327447555242,41.15661851846659,925.208250935256,2026.9104766362782,2031.919788827128,1964.55226351952
53.00752394832105,87.34960982611986,83.47263438561959,44.58697466749913,1988.0096722628116,1021.0888724871767,1039.9572531604776,931.4863556185944
55.20958580917715,90.79535500764311,48.95913942819202,42.85950525067801,2025.04303320496,984.0002399019223,2021.871200843319,925.1485101922884
80.05247728201762,39.59426232028811,48.36840683200115,88.33341500660418,1022.7235783567714,960.2494325816187,980.4846732661599,2048.044165456108
90.09283268808358,40.293320017364536,46.52454516109711,37.31753809828129,1027.6722328461817,1022.2405264778915,2008.0355403525953,1971.1889441503433
56.589603124812825,96.16936807217793,89.13083410537942,36.92897609229081,2008.227622668306,1013.3844109322717,990.4348655655801,1999.3132280437133
53.692389189235584,94.42898735215043,103.64450656771591,44.191178944804086,978.3868765158358,949.185680438864,1014.8119071543704,1017.4584291647675
46.39803379151958,92.29295245676613,40.119332546193064,95.6640614810212,957.0701059429061,950.4703140301302,1007.0723751362793,992.1414688074901
93.04883216956814,41.952300812564545,92.65992000153744,82.83825896971955,990.5965451389798,2019.8555777673473,1988.9948101729844,966.9762399405035
95.2569395573757,81.12218537262184,96.52621694283678,90.5439273617133,963.8150796915395,1965.5049155467077,2072.8550539237776,967.2795473515196
47.42215989860661,36.168193714800665,97.76975959817133,97.25525106310029,997.855955507024,1010.6822825162274,2032.0415527084533,984.1976362083899
48.007872252922894,41.76355527890361,83.73020033338973,41.006855707499646,1031.109670224525,1990.6939031664685,951.7692390865747,2015.068898433128
86.26530941288402,81.1925482989214,45.58601151398645,90.96600442890892,993.6721402058905,948.6559629914129,906.1150843905621,1998.110572205849
87.96708097264974,83.0749591540204,92.99445129835006,86.10101327801236,954.7957409549949,1987.254994855871,981.601122645181,1050.092883033348
87.71010243796731,44.841991022483434,84.51927047622189,83.2834795611097,1013.1512379571401,2014.1002840286708,1974.8792084612387,1951.589056721949
47.86169425682046,40.528486682164086,83.67977970785296,41.10429406218934,1958.7033698527514,2014.0852346690335,976.0626811077016,1033.869381838602
97.25394781512367,88.13268693144727,48.22229194500329,38.62186769934201,2026.802825944934,1949.6091609021232,959.557057260542,1035.1016163461672
90.60963978337367,44.32704116652454,53.177187578153095,43.86739180241703,2009.500702180623,1012.9148918434387,982.9279213274574,1035.6653770097716
46.85366545210374,97.2021876867648,49.98651933379164,86.26192667020186,1064.334038134541,1045.9867769844122,2010.5071315264754,969.5536706529235
46.56830073479495,40.984781070490754,92.94973982470732,45.57050506628532,1037.4537894712553,1007.5719943938616,1993.6886891063152,964.6150766604331
44.097801267860405,42.659647037163744,55.19726513359316,43.12480945958963,2001.6593469986406,2046.4551798120956,1021.9490125419088,978.3812317579959
46.522917034207886,93.0814491033307,86.4092079144209,88.445027761923,943.9389721667801,966.8609442288388,1971.4495733769036,1997.8665590515184
85.84049618333394,36.004545335235306,92.34339898361478,43.615578909793186,1973.419790027408,991.4138553477922,1979.2766297279488,1985.6740472277188
92.51600734651893,35.850025305715654,47.1954647915224,44.8124524097875,981.9157007797593,1018.2384950465755,2011.7122445880036,2034.2743624681939
46.17065919568331,97.9212895887034,48.27665634729071,78.24787912253628,1011.4459905027028,1038.2142345592258,1050.9312760068065,1012.2403212606396
85.26892500345365,43.94516542243214,49.96649675968578,44.507581345979155,1052.474115475679,1956.106987415104,1994.0921419921583,1039.9666123978557
54.29760486511107,42.20597232312976,88.72613250475426,88.66141997002306,2009.1255785009685,1026.4554935109043,1006.6672929282968,2002.8831896803133
97.19822726349605,40.9144279874495,95.48923743158757,87.90581161042857,957.2213754515456,975.19164867209,1016.3535817653424,1988.7276242710607
92.8443379601484,97.90028393304038,53.69694156428051,40.698029294408364,2021.0845716165695,2023.3731492242703,968.1313121433227,1007.0200380554502
51.413224792012834,44.56510758779745,84.8617990472948,84.66733078297,999.41839388178,2030.3559675658412,959.1435108219575,2030.1943920498877
49.685092274407644,91.2673170125243,46.13977123839253,79.9846051118792,970.704254403717,2042.1156375252701,969.0822932639628,948.6507521717028
90.20005451154557,87.30539741508734,49.73895343078009,92.02849014718197,977.4047558630056,1996.4226325143097,2024.986132242454,948.9668498588901
47.56532835954057,35.454371821196474,48.62217519384697,106.13755943461388,935.8919423722186,976.4498778784655,2047.9601292795824,986.7474959551205
92.90926788324207,42.27095872626205,41.044615569048446,43.84218702391813,961.267722691117,1056.1172757726172,2004.0878096155275,1022.2523295185881
49.583880916518375,44.100754043253005,42.67188121844531,95.52205778346011,1051.482253821462,1032.333211565033,2034.646050028013,1038.267803201562
92.39714619777669,92.33143481604178,45.29910157144663,94.2356108357651,1993.310675171181,1042.385558709601,1975.4383068879351,984.5100658887313
47.73752841041511,88.87120462531023,46.70118968659657,35.8094237604834,966.9853880736567,1041.340884909596,2016.910658440272,983.4306499189129
48.34587279983567,42.49363511788072,48.36693070584191,88.48241874816077,2037.796075233455,1954.4211996096988,974.6775560601855,2009.528066213794
49.28503993645215,46.6492008080222,89.38488457430503,80.79189483330349,984.5110162925546,964.0386546128452,1991.0105233967793,944.3645332233023
92.08224358662571,95.22829666914976,42.24970733907316,45.17585288125781,1924.2519990611709,922.9349954220971,969.5780839183666,2043.6768064825362
90.6986547982356,41.38996507881326,52.242724761352946,83.67807122646384,1999.2510372485333,1962.5682564145266,1945.6063098062184,981.0465664866672
44.71706291996689,89.69920583186985,94.01459304888026,43.306157300905916,975.9991135482456,2032.3582751837241,1962.6332143935415,987.6135191466703
88.1336032958088,41.94547870338937,92.4459673730304,87.96564116543409,2003.8640048496213,925.8514024872234,981.1615254441149,1025.8577070327185
42.89655126446927,42.2721414640364,50.62931587601322,36.15812076134829,1017.4983224855507,930.103929786422,2017.2810598177782,1051.9338731366272
45.82672759922248,43.94992665071125,56.69493365928429,89.78756974237463,1994.8874274335901,2024.9337460215697,2018.8234056485871,982.231248765102
95.07270284380981,87.31402398691048,54.52264520995081,39.236302207122705,982.9071057014373,2031.3537155720583,1977.3131315922255,933.1004390087522
88.39554001550627,91.85504890318198,84.26814820205217,40.488183705026636,999.2159906238986,2014.5261971029774,988.5457909340494,946.1754850662128
83.53603975805143,85.07597776592407,54.24145406182343,90.48374230149062,1998.0906092741966,1047.2012547318282,1984.116492846437,1994.5814788485177
52.61429280361459,96.33260912617922,48.18491987726513,40.8134914409527,917.0419988141782,1966.5553596197276,1009.2790184171604,957.6691112943204
59.46457755921993,87.33795851106008,79.25795009585127,44.5905928971374,984.5250759593533,1999.138778409533,1014.334781419281,1968.1901141753303
86.4486034561986,86.03756725734169,91.50581369049809,39.350492378439405,2042.3946918643464,1091.2646130018952,1964.5107874730502,2040.4231688595612
52.091089111452064,40.93117001228785,51.28736445824791,82.08938931373808,2031.4267729733292,1103.536710330659,979.9632953347333,1011.2475029731547
93.73467322348722,40.8105666281228,54.86821880942077,41.36586071549948,990.8430680387369,1018.1244600071559,1957.2009251416523,1995.5722439214974
84.42432972305605,42.10053206830482,94.0646687329138,43.29299823754118,2042.258102504336,2039.3722298742432,1961.4408113856189,1995.6370256693597
48.22890107515916,42.280087001200684,86.75263100454298,50.905080890889465,967.4665587352831,2014.3964878068318,1020.8838454770018,1995.1993634295754
85.85762400512694,91.38550309824748,59.31224319538809,49.65713224878682,1974.080763116002,965.9647283630025,2003.4885901322407,1075.058487436591
46.059120115252675,43.590247494976545,98.87451706484333,40.66171014067692,1015.5737666598147,1976.6130665700146,972.5628832865268,1950.9215644899964
51.069273501565334,43.23300073297094,47.33552482194944,92.40644748874386,979.8280758710767,1019.366730552427,1013.5566996329162,1990.4712535894314
87.44988703241818,40.20295335264357,43.24243800364174,42.10470394597733,967.8171958546425,2045.9413205062046,2003.4992319702326,2076.0354602384923
50.165102603027904,38.481449632328506,93.60709306038123,42.99128561732168,1026.39060174309,2025.2710033313108,2044.53870267778,2001.6842429064818
52.76327019515341,86.66100602727272,95.40830314053011,45.79876993675849,1038.1306922442573,1003.6621851497223,1970.260800431909,988.0084776277961
40.93457560209025,86.91327617299139,54.3182581518126,39.231878470922254,1973.834368078477,1030.361747137138,980.0460190523246,1997.8971733021358
88.66375051716425,89.62983171418207,84.16190478973445,38.34460571097445,994.2991680959065,1992.6812867559597,960.2370862991104,2029.213764805429
92.88313171178044,85.96591113076317,50.601830237988565,41.244400206532745,991.5555638059986,1997.495588015589,2013.2024449989215,969.1858514591754
43.322179780470925,40.39814613534348,94.61633710857528,86.79583353848945,972.1441548151133,964.7476568536656,971.9398764859936,1031.6029621968403
92.5310032829679,94.38439692297189,92.5735293804196,94.35556648111428,932.5661265183949,1036.0162588674957,990.0620834923654,1990.688691549775
88.24481644060837,97.91488243708662,52.606298892251544,51.78778527608222,983.7296479114259,2027.314542622363,966.552731158214,1038.4367772616813
83.97298519647825,89.73180030774859,54.01765832929961,90.23662253173602,970.9605629842422,1940.8547713913813,1948.5773192608115,985.236024941775
48.77950289268957,39.772581643198585,99.2330679162616,44.40394896111182,904.5593063000515,1029.8519989005322,2017.1675970559286,1989.0866524072485
51.56527862011151,84.3973495008552,46.554857351785984,44.359093395699304,2044.6853383268733,1013.3072071218289,968.5970011939824,922.1134370199136
86.62601394924073,41.19993192940543,47.33182995689404,39.81917765411927,1978.2349151411734,1996.685168010339,2014.424505892223,962.3300347708475
88.80821113190791,41.03939956062368,53.222498415470255,86.93943446447346,986.5317961113412,921.1255961470463,2002.7199494403708,1983.2771911177485
96.92247470776145,41.028378489066604,93.60058075200446,93.56200659990613,960.4695191584442,1970.6123760911175,1992.1309468375255,1028.8589022344388
98.06274706924894,46.123705919314574,47.183710944789354,89.56677756439548,986.8235847800177,1994.3183167202624,2028.8370557796884,979.8432757270621
92.01917173971036,99.24161454967425,47.09637197313702,42.57431328031931,2027.3478919283784,946.7213274687672,2003.394782039987,1950.8266974930439
99.96468807348397,42.636952433295114,47.79368340656866,90.02271170204763,1990.6872624184448,1952.2789373664668,2039.9895823980896,1986.1525014999008
94.25081983199104,88.4295085448023,88.29764885883958,42.460549284138594,1981.2941319357312,1016.8375984894217,1012.7498504850194,993.1050156948145
47.28820218953193,38.91973608102135,88.90391678999507,43.56557065445675,1008.238727817778,2025.6325189622617,1982.5459944892468,1004.7329572351783
93.67204863407582,92.52641851332746,49.61980175957066,89.82882450083841,2018.4927174217682,1017.8153478026841,2010.4065840772378,2036.6863219977295
91.83114911281695,45.829388418274135,101.95080704566682,43.21241494561292,986.9857890081543,2023.202453114555,962.2009290962365,2014.0223282452164
83.37294481779713,90.10632530428356,78.45745019603382,42.27436788176399,1939.0964567346261,1969.2429281336651,1988.6502406784684,1971.7597106162884
48.353694857098084,86.10427167174483,50.974802349919216,92.203796506613,1001.3022088576481,1965.0677441191565,2011.6037026235038,1003.070727269026
49.21418364265499,42.56867318383776,95.44069773386983,44.1045817528929,2034.692298408371,1036.991839792716,2008.003375793535,1084.3366186289102
44.98063962288767,44.95364440674399,49.51252429445526,44.60857785392071,998.0943519493826,955.7389717903625,2001.8407588437294,1028.5025023310895
45.52071956646378,44.99549976427903,50.933962194134295,41.66933989236208,1037.8496066319108,908.4038766072972,1002.6264420307041,959.3939106428136
49.00622778554117,42.39144158403626,50.959891969378255,94.80449122657316,983.2591122795943,912.8975123260799,2018.2024609469754,985.1459578968754
88.18705042911269,41.274184435928234,52.09339611025074,49.479004731748965,1987.4984499023722,2021.0534265992026,2036.861377997614,959.4646810617799
45.355055874824,39.557939452722906,46.39803906206563,47.37750436227134,2043.937617982699,2034.9337339905176,1960.4274832424871,2028.888324829426
87.77801912930171,100.0533946583457,49.00188198509802,80.27478985002998,1012.0120410945344,2074.900896314082,1004.8350365324447,2028.476735948914
47.3340611552057,98.30033298131187,48.882996664542596,89.35093139537572,2042.7115007466962,1006.0525572038246,991.0961822969075,2029.3815411777562
44.99748131810833,45.60220636855859,48.58997841944799,89.54307739931649,1992.0586218646342,948.6063418575684,2002.4414127641535,976.3008279107685
46.86614969719629,43.74794009351707,92.24827382797052,96.59690090395301,1026.258332959626,2023.4315107263185,974.5948675135874,1027.615794791419
88.92033203414924,44.301364123767144,46.150479380660585,87.74743102047724,981.0208253097437,978.4457296019721,957.2075415493422,1018.1954309383133
94.91030328654625,80.36319753642007,48.799922921107694,30.259532686277034,2004.1784040042678,1956.3659439213661,966.3583328524616,1990.054996883393
49.69630353218478,45.28591851420918,48.238408671376604,39.545211504096045,1020.6393674631802,2064.967600159052,943.9369869116393,2013.4308597486374
82.05209842233332,48.83510492676659,40.53779372593295,37.70032908420676,1027.3288234126119,971.8411518693276,950.1464903365379,1027.9560243279354
44.56535996587665,89.41577799607245,89.17039217271846,83.78330447351054,1966.0223555359357,970.2848663678703,997.5789833228242,1018.7682635071751
42.91328399012893,88.02780768595703,47.93276394230945,43.78172810563125,2042.6612423553358,1966.0578375745126,1990.7643046458695,961.1123879711994
47.05542619913264,44.35694821216751,93.91128017582916,91.44508232855551,1014.2945258651981,1972.3639183785156,2026.1497256490152,2012.8621046324772
47.90322895470176,44.93025514958138,46.67013995666308,45.22722809765163,1031.9560544080505,1966.5310474453277,977.0883905895022,2013.3782958424597
41.62250116412155,42.229945882870105,94.1573099619719,43.28381094126531,1992.7710896335357,1996.8999032139873,1014.2153763141744,936.1995632628632
46.21649079781925,39.34305347264694,47.773114784050826,44.4231529748169,1968.1338500951729,1958.678295331228,2012.7072805792882,2017.9293918793762
94.78907254884382,44.27079782782188,91.51407448662621,44.57105755377766,2008.68105362244,2052.2936037760282,1008.5682303295073,1035.449807762618
84.49262871837513,91.081865042607,43.741203732247584,40.326234192477614,1992.6854959582429,1971.8266708135136,1005.1931519039472,989.9876210077966
77.18201520593855,41.31205715501747,42.83334699733639,42.036741016407284,956.7929177239324,1018.0725228433662,958.885353559072,2053.368275263873
45.69045184909891,43.32284835586115,89.58425532805366,88.13696489714745,983.5807142813296,981.6661205485099,1008.71602450467,2021.937343653562
89.06726400629837,38.8644777388963,47.935594597099424,91.15550310766345,2003.737995806654,1997.0189991686302,1025.5698405666055,1019.41653767168
42.669965423211075,38.63669943733453,48.2154703239806,94.17685700820984,1014.4152624189271,2000.9780901847812,980.9963749967234,1060.32163490884
44.878538006608,91.35218972459114,50.932505305810935,89.69600355953196,2025.2894708732656,968.4609199945937,1009.574660342761,1070.2652132825617
43.65889671021479,40.52517091953561,52.54550622486198,78.6626691523374,1992.9652478460707,1949.6314229947013,1032.779638957981,1007.6662849110023
44.37725717435244,49.84149517169767,91.380520930134,42.67045623823168,2046.7477962883142,1999.8814476363245,1027.0794525572096,1004.4884129570939
50.14842660511765,48.755557566011746,46.39903392725613,94.15289952907531,998.8507459824255,1977.1654265447055,1057.188773579817,1019.7093964099017
56.08226240445828,85.86158274335033,91.50001090753732,44.73252237795815,2009.4023362926807,976.380701630552,2028.226076070459,1977.2524007957584
52.05648043464453,45.50280119435011,99.11253563046633,46.12526689288322,2020.6561158227448,999.1541779644076,982.3778113536163,1017.167464733745
77.05022284977275,46.26734300999513,80.93425443949121,97.64210138283198,974.1060577695462,2017.9998745631622,980.8028361335047,1000.7930711696263
89.96327691799439,92.0836414263143,91.48357715621653,43.25717394798666,1986.6731996213523,936.566980666514,967.7118831523971,1985.5319311093897
89.13149456619284,91.75976266471646,53.7580161499759,47.39225109901422,1963.1870007184812,996.8426734705406,962.2827085515556,1004.550141877464
54.61141554780893,89.42512319904209,49.57065565550704,46.67836344679213,2001.5113206576507,1011.1996151429219,2002.217563659298,1997.2913648993656
52.44323337420827,48.04361378292904,51.44396899123401,41.80021705204649,976.2139488309683,963.0246034207537,938.1952776998078,1985.8290985640847
91.34699333561262,41.95609228659811,55.90687194578994,72.70709778423533,970.2946432096232,959.4401067984143,1001.9714942008238,2018.6138516130059
51.506154253327395,44.21466438759985,96.46109075560398,83.21198720050683,1012.997604669854,1012.7279892081272,2015.4919457254564,985.1385940545899
79.82024290534284,46.59471522440653,38.32633421703501,37.83033541997935,1018.6028246821933,1099.3433957201428,1022.7544092918365,2018.9978877996948
101.92061252140232,46.23086267636016,90.74072146522715,88.82450380067651,1984.2583117920856,1104.6601263311627,989.7850818937258,968.8008826014469
92.38753224167375,42.560394051251095,47.939512303125476,90.74148794325322,2057.3190920786974,2040.5169185143318,2046.6725463243413,1965.622963598301
52.208887284699,40.72715662002186,45.789316334198084,46.33817392307367,972.6244280806019,1024.7880654356409,929.2018138226958,1024.4495031338042
49.686018285634276,83.90296999241853,89.31167049180186,92.21857552147972,993.280235553776,1999.8898916113508,2044.7156990899912,988.3854083918081
49.06775747993615,95.89005984462518,96.601610856811,83.51322450875303,2011.0703241565154,2061.985106063266,2048.6314555785275,1998.321917250903
87.23809385829747,83.4484012998253,91.94101911895076,41.252369624117364,1938.1768015922016,1983.4592664220704,955.1180421218041,1038.107686098474
48.664447759206375,39.14611043742073,47.22052012883469,84.27398822610148,2026.8901958076337,1981.3540883633627,1005.767754407184,1003.055797185862
49.31975331019535,79.28827618466065,43.23986180824039,43.37305406026324,982.7292955150249,1052.5219156360213,1016.7926269410858,1997.4659147408406
91.4823267606319,41.58392893967837,48.85451101615493,81.60946593005897,972.9796582394117,1046.0980987021928,1039.9137525250344,1006.2655550173713
93.42666312896368,45.936412823676676,52.61659311454617,87.93719707269561,1041.4407203425571,1015.4208422446065,1952.4026881063128,987.7886391752177
89.43397673831923,81.4004299309936,49.693033081804224,42.94171740224492,1961.9380634444624,1003.2132584571882,984.189842759952,1007.1745621165712
46.79178984041414,48.33353160315196,84.86150739427823,99.92136180126523,1875.1457417467536,1984.9608824886259,987.121133105061,1043.3294144731922
44.88202589244104,42.860833989844835,48.655502502847455,41.148024743347406,970.9918897126654,1962.2276811249365,949.6407160396301,1037.776029122839
44.34249147068407,41.57679727637803,48.75754069977746,86.99803782833084,943.1187386231345,1029.0520516221482,964.1781251675634,1006.8670098249249
93.4090181087406,88.33734744689016,50.26045073594573,84.44483913800174,2001.9973781928393,1973.7926943502055,957.846905985399,1989.5401526865385
95.315257242737,44.10731368218081,99.36394737655613,44.88235439013218,2003.1966117630138,2013.1939681238619,949.4635579072965,982.154210773244
100.14527572990939,43.96576101629796,47.108534171569474,48.786420617179616,2034.6569965331935,998.9306094594838,1964.0667025294927,981.3303806031684
91.39390454341857,90.9120839344213,88.10639283877072,86.89959154483992,1976.7943522792013,1001.529251681943,978.3368140531489,950.0189808465766
50.265549434947715,37.421984191173934,45.97467523311976,92.58406144100762,1011.5271444803425,1977.6438084320966,932.4497477105447,944.261258137595
52.59067639679399,91.36747572229832,47.71478922735082,82.40145406127046,945.4474581256602,2010.7707993579997,969.7772904939758,1956.25601763406
47.22208471845256,45.55639941771375,45.9006030846395,51.581985001533226,895.1279478883787,1031.4518615603513,1016.241015553954,2030.543865318919
93.09743414694508,42.49093085429115,82.27268037638444,44.61927845647102,928.3988602916297,1083.1618493152137,1017.9222318752725,1041.791785753968
48.709418607837435,44.97273094711987,49.2338716592331,89.63957407542198,987.0745586832943,1028.937999633413,1003.4030268450075,1025.1053230715856
45.767832699923204,84.61145121058541,93.31202509876252,90.84726459978447,987.9203140677482,1026.7943851419177,979.3042033626479,2026.633488438355
97.05455157404033,81.4865190528033,46.245058934154876,40.34448008328463,945.9254933700877,1941.670940887588,937.0277796737787,1043.0332308921684
82.7974854578457,42.245398155557666,48.378016203026974,38.75584990747352,1978.7382767864349,2023.5291090884743,939.2627086628821,1982.2062596948754
88.80164375211066,82.02245630907741,80.43925596231261,96.99895174106292,925.7031731904176,2000.9030915774022,967.384183361302,2012.3064356360742
48.621197783321165,43.090118047532584,56.12902216940046,36.77066234975277,2019.5257510563247,945.3285357876932,1983.5778624579902,1010.1070304167524
47.40519454583706,90.23775220799509,86.81668697675002,44.049762163980816,2020.4527183500597,1976.655341069465,942.8430944113948,1027.0268992349186
48.084709894410416,89.47507264661664,43.16466922784227,90.2831070164947,1016.3779402382035,1006.8645349996676,944.0127119969417,1031.647473316224
85.71765488750421,90.47036571228857,45.492556659072235,98.61573131841179,977.2652546567009,1969.2735087519063,1961.4792531397607,2013.3609871749666
47.40622829993552,82.83962007028792,51.65746512052485,41.56111549976407,2017.7307143643013,2018.0381460163755,952.9855540154792,1984.0361121932776
82.4195202698005,88.11117961430469,53.42520830322103,43.79114592320896,1010.9902500875716,1965.4240000851048,2040.5702907596474,2045.137228754846
49.589966230852966,37.695662682761544,91.20252056760842,39.82346649971434,1025.073566942729,1000.0258122738904,2000.0795860649534,980.2910895665929
91.42091387209334,32.05418562334567,89.5416148023393,34.77673653202973,2069.3585522887875,1969.4722143621914,1031.5379224333292,1985.1613931890313
48.22972369538752,86.7675742060283,87.481092461488,43.933297528975544,1991.728320417034,973.3469649658325,2041.71587525034,977.8421847373426
48.60113259068048,43.38286422984312,97.17786168803444,42.249039542982885,1000.7882679970392,2041.0460795321746,1026.5208152595512,2012.532457879211
47.24632852348354,91.63340759875851,55.06254805556624,86.8245599759371,990.7350605917438,983.6867005771999,994.2244435663456,2005.357366293577
46.97463786991019,38.4350218268837,89.54509054857057,32.39081990502726,990.2666864866004,968.9275075938946,982.1693263740871,1982.5151759232199
90.29049867889276,84.42213216306081,50.453663530092456,98.04657112961218,1984.857985169025,973.4168568704496,2042.8662880261506,1050.0259885588628
46.981070768208184,88.18453522057587,93.36372755920272,40.73513088707204,2019.362462941349,2007.2097545698139,1991.8070317687443,2021.0590888724723
87.75641565278917,85.37157709851336,49.800197721785764,83.036455218386,1022.1213458552545,970.791253980384,1938.9028674216613,1978.636736901984
89.57794739939993,87.68138425864036,49.87216765734635,84.46928873950952,1013.306916673668,2016.1017488724171,944.2642628715826,1042.9501101659075
97.41443623802381,35.913633893607894,84.45519025816395,46.74770425601405,1984.5910905993044,1017.2750856394607,1950.2028714128746,2021.158897002479
94.1413294170238,39.849057154592515,80.6937384722522,91.75539870084516,2016.919105831961,1006.4270212222671,1066.5164570303875,1963.3422110879444
103.16466398111356,84.64205400439732,56.485543861750855,32.280055396282286,2054.708518881521,2016.958267044468,2017.4314741561657,964.3175433340339
55.83909198393965,40.31166914126021,91.47710186062889,45.99460476967937,961.0948097877504,998.0063719178909,1996.488444078683,2015.5021682405713
91.59508764500913,43.335481197273886,96.50096593848681,93.4694285871016,939.8435857963775,1938.543147414294,1951.6135057908837,1037.3511595255695
92.62900721512707,41.024826975691795,87.28034244020589,44.180210513190275,988.6361913743534,1024.4197365932978,971.2678242968097,2023.217035231414
42.97449888779681,93.61299800920683,49.667437389334296,42.355042371114976,1985.6430601235452,1981.0882981106222,980.057417659583,1038.9920023250372
48.148067235415624,40.49164259698274,86.94893777188577,41.9772000490066,985.1055826717361,976.7556643015934,971.3498504791323,1963.6141350991165
93.0250257252746,88.03452047606278,52.3122393247352,47.9974730269161,1949.4485092962104,1004.1217139479206,977.4559778173564,1004.2550934414256
96.82049519766184,45.97343252467816,45.06864923565689,85.5844918073469,2031.784705367942,1986.481459141655,982.6078529452958,959.8535653679362
52.67202198256726,42.88812842475163,45.28463623561315,45.3613765058267,971.1301396975954,986.1479497342305,2021.438486098554,994.1712786657089
88.8559216222681,36.27479994219115,95.38790838935476,94.4439882174132,990.0461509119106,967.4754735157713,1975.168333646005,1003.6979139554539
85.65186506442483,35.97735754457115,46.99746831648416,48.928548506348754,1007.1718001526835,1954.818577020594,2046.1447922649038,975.7588373665644
44.502767837807326,95.09618119372044,89.86193770548378,42.872051719561114,1023.9256362052743,1065.6500817907222,2001.1421170541873,2020.29970356813
90.93869569215985,52.3784791829052,59.05738690933728,39.14612155585007,2013.9276546351934,1996.0741993589395,2020.7029396340336,929.1927179217411
100.69247888746797,47.448531658704965,54.52388713917508,37.16688930494352,1019.8913915431111,1941.1742857985319,1977.4102021645754,2002.7682382494822
86.64489813788391,42.82251105376356,49.74396385945297,89.46954992835053,1033.26999662763,1974.0233727842676,2061.4521488522028,1997.9211839119735
44.67376238312646,39.261695204819304,89.32685693006059,84.15758750577423,2022.9694578054277,1970.2594913948462,1022.1121762022194,979.242661259389
95.05833315456269,37.23475893374601,87.06257973756802,89.4310730106753,943.3085397889834,957.3740256508144,989.8327735158381,989.7007838687866
47.23583681222601,89.96833128223992,49.48455049224469,95.74602262380397,975.3077624161986,983.9099991964614,1982.9760820743493,984.6899975803065
40.4833566309168,80.70634808538591,50.731966697907126,83.95232000601035,993.1229691536928,985.5238745747073,989.8827866086181,1985.7699252392244
44.80468233544373,43.685641008925614,89.42816615828256,97.17091399138778,915.5542004193067,2024.290045744149,2000.5394033762911,2017.3296099404993
89.99466719798946,43.79923242446941,86.92530955185723,47.15073513116137,962.0530416882609,2013.264580542315,935.4710155582732,2044.0738200969813
44.7420542778738,47.75554150859576,58.17886041514268,47.16423276455264,966.4793260603369,2012.1023234326974,1988.4783519582907,981.6576277693866
93.7495736276533,45.727751281258804,88.23703379004203,87.70855418840313,2047.2865594372302,2029.5385915765771,1927.2619269960521,1999.8121317766565
49.73028273882445,41.553171660811074,92.49517478208004,86.14512922537675,1974.41225743878,982.6565833665572,949.8368744691004,995.0246323816307
50.53628302593726,86.13471706042498,93.76078397260058,44.81203646641095,1986.9982432190984,1010.5238871698638,1989.7904762358671,984.6274028044963
88.6248760602324,86.0464421830532,88.60211928532173,41.44111255254377,1969.2168561732421,1045.9889408707047,2019.412364193198,1989.1546160869116
45.513744615510305,41.50345049044744,83.83422400037537,78.78859251502861,1949.587333855368,969.7777356266746,993.3312369622286,2000.7163425853596
44.91761380763137,40.829578567706236,51.43428709898457,92.26014002514408,2010.7332256835082,1993.1688968051394,2078.433106139839,947.5880563278341
46.80220695991582,89.90850458401731,51.21104844574609,42.41403887817749,997.717371728473,921.0492496658882,951.0195928989169,2017.2427632768547
48.62931503442696,44.42564296078895,92.53082830958724,38.041312205606076,1972.774476929455,936.5189060019749,940.4847113695097,950.2145722644793
87.33236252907645,92.83576231971766,52.701531290070555,84.67710466246145,1989.128394441203,1000.58883974525,1005.3684795270076,978.1546764853681
93.17413452583702,39.480453160634625,45.77658061917288,89.90554072607716,993.7013017529362,2050.8969753701217,1019.7423016955534,1998.2283944342385
54.399825562364306,85.56770274260094,43.89293728806866,81.91077997663791,1002.1030897457315,982.2882773277522,1953.9872193906228,1953.7844708037296
88.83469460527444,90.89505027728589,91.14488940941432,94.29167496209348,1967.645709300125,970.2019840676189,2009.2857183618241,1975.6564579004887
46.69911859977644,38.4371462852604,85.02785883693136,88.77285443786828,920.3815358760576,1967.6397077234408,982.3767725090769,937.9400063388164
46.826767843645854,78.59842623647785,49.593792126182336,92.40476259101749,1009.203854716308,1995.9602711918963,1976.5415546806832,996.2317909140789
96.08785797620949,37.03863528658419,84.61522290219109,38.292759658308626,1056.4183543822135,2008.3533432135425,989.8633333073587,984.0565578989027
89.9545954977358,82.71024954580733,93.81904115447735,89.6962374040049,978.6834069482641,970.0217948732746,1950.338088450723,1994.1258097504317
90.47306995447042,43.737629543814265,50.54979525842306,92.8176499637269,899.4855701857955,1977.757340232995,1031.5678262104664,1978.8335421766621
59.60695609997815,39.989239559918545,87.95776383920983,41.27395430456449,2030.7280014740873,2035.3322794228595,984.5070723136088,1015.6436202557845
52.49674599058687,43.52172007840563,45.969602118507204,45.42781796993768,966.9651228529549,933.8058342663487,1015.2455097428433,954.5191010246956
47.340242151883096,44.024543683590196,97.48609971268884,100.24363641811311,996.0433105222593,1001.5828663912882,1034.026001865585,2006.7688997771518
52.81039338984242,35.830928226640516,97.80034580506569,97.34279321753904,1972.5760541130885,1038.4823975528989,1010.3550174049537,2010.488002573657
88.59516004050023,86.74167631477698,46.32346934757288,42.02644665689705,990.6982852699359,1004.5046076520268,1953.8568132489709,951.3456138105942
87.93828566045451,45.15260865448438,90.12146199285479,40.934052325453486,2010.0717347064538,938.8055306492608,1008.5047123901813,993.1281949916167
80.8897578649261,98.65310569985853,89.77507441220946,47.702503031708886,1951.378812722696,2037.6217624752428,964.4316706612487,2012.392517774386
83.18609987637787,93.57643124866694,94.46309874191562,43.20640704174607,989.8479948987045,1047.056676736226,1007.2352537057673,1032.2066469149156
47.78364852623166,94.7549810299375,47.18037717664349,94.60581298259679,2017.995351719467,1049.453512337937,1049.9515772148193,997.8575092577338
90.61959897150932,89.00258543400413,47.87516913642065,40.74112764907129,999.5696234182308,2010.0287371759841,2033.0377333506522,949.9360348408018
93.35992787648493,87.50817820208631,45.584308676515576,95.38786857503386,2034.574687996557,2011.542416378474,967.8749457780145,987.6633742445513
50.91084080495174,46.720120492260435,93.33600270054949,91.25227006511093,1947.5168176280583,988.5617465431654,2000.1961588143456,1020.780553131649
88.2971722434553,85.90035960004258,49.479128138602576,79.96184864697307,959.8654625218169,987.0660227852741,1984.0207265120903,1035.7414335053413
95.42525510979138,49.633923207928596,48.48858789277054,94.04506577854514,953.18638461459,1039.110199329068,2006.049009077541,987.2771686464991
46.51477222103099,46.550207866492684,40.362492328500075,37.55800814128584,937.7345721523685,2058.4081326184737,1989.869883927805,2027.1064732890507
44.054045197415164,87.97881761176252,86.31083569613715,96.67235018205633,2017.1073218234537,1043.5510217040364,1003.6332622790417,984.6801102667305
91.97831271180758,39.63321971512464,90.53269475022846,92.89136770358526,987.2502696927668,1023.9444586855734,1004.6048545112085,1970.0775201637794
47.049992420484756,42.19421401787338,83.39268960480248,41.62330584909624,949.5564339107035,1980.490642761454,1047.5954794854028,1031.959042713758
94.79654392129403,85.80228946005202,94.32959029702286,43.77857675818301,1941.560717488648,2038.4342081563918,1077.9201208415413,1990.050903671855
46.10071113706184,36.79356855718409,90.35625042768238,42.82786768405295,1040.1255016525984,973.8158753952722,2046.174022678716,1981.1843184812546
49.9603565259571,92.94874338410105,84.26701201092303,45.22763433331971,980.3295752810499,967.0279623027866,1987.265278139401,1977.4370022024389
48.4553985369372,38.243242530998,54.81056825898033,43.59023723877378,994.1604493015736,926.3895217856268,2024.5421888816436,986.500260206629
96.8805130127211,46.10927683907741,55.15393055016983,44.23818347913198,1005.0523821920945,1953.4312773181534,983.9812095224545,1028.6476831888324
47.477376021262955,82.30018759894317,54.407495278432876,46.44994694678067,1953.608353315318,2024.1734720364175,1032.2190894302448,1039.3682801077725
56.64145248623531,44.425604312016745,52.14623240830373,40.869517481289705,1008.1787778484108,1018.7648682717382,2005.4658824584894,1015.2238647492577
81.5865795889491,87.06149129562749,86.43595718759768,36.31709705759485,982.5832631486794,1998.3325768412478,1016.5472614126874,948.3188114210373
96.57036313248709,44.92351334541031,43.50657047783976,41.820552715961526,971.1631110599809,975.7416850143851,1057.7872079815838,957.9576447829673
85.39609256804614,83.92016938077292,48.00536030095869,100.24281586722833,1983.857676613544,969.8039900717436,1987.1385310255541,999.4095580431733
84.27344705230435,96.73829719587702,49.25415882342027,39.365186352621414,1958.5838203273245,1996.6459280721638,996.7638006082574,975.273184335751
55.88868244318268,34.09455828343325,49.711408314692,39.68836313876771,1024.4340910220908,1948.282637623842,1989.810114004928,1936.7073780146366
46.58561659197481,87.23380707812352,91.17018770725812,92.3885505035525,1020.875651541051,2031.4366717049406,968.4909416547608,2019.33218939241
89.53887100335811,90.51887831365819,90.6753066518298,40.96167810989168,2064.5313416857225,1955.8611946277995,2034.800260373023,2047.8558845474379
47.0321582085529,90.77759835859044,50.38811219430272,96.65703495847107,1049.922320854962,2016.3151884400916,1007.464008181711,1964.4943219915504
52.492381160423975,43.285149605049,98.06148393103585,42.8157947305083,998.7182135867488,957.2019658989595,1005.5170726505844,1963.6779163804051
50.25943514564737,94.64118285358987,41.907085275028265,38.768054581612745,966.1369772746261,1988.5653104293635,1015.3314031544014,1987.0978919870345
87.38874653661316,42.27076431709695,44.09573533033973,86.88507886403454,957.1626739911655,1031.8760570668517,2031.1024740100604,1954.0517965740912
84.4015312002568,50.148623096106085,50.356249248836555,43.621403513856635,1001.6988593986108,2023.094799232888,926.6507260003227,1065.6874695542117
53.48282956806116,48.56492407654973,48.07878048951665,89.01582468438258,1025.755413171305,956.1736577588945,1961.7111209230043,1046.8283283068529
91.1774111006998,90.95950971475361,80.99035496248423,87.45372483322359,979.6876177703261,1934.1055915019854,1021.0363358860575,2011.7803421521382
52.301304550547556,55.05187594517582,50.65689195793183,97.77005000806406,2012.053853945946,922.3853433227091,2016.4300846723313,1060.7208558240648
50.503116586684904,85.5431662115553,93.64088738765221,52.17696478702189,1971.2559729900306,978.8202568382294,1015.6821551611372,1999.6352449159524
86.49619957655987,49.103821500986896,50.876541211212185,91.98380793542395,2063.7703235825556,2035.938539274823,975.4404071785943,2043.0102353389475
87.36093993613227,57.186256236732895,54.20381639663771,85.34828736146835,1015.9671474094143,958.0269974512898,2007.4025901446914,1971.7627817406164
48.496096780744644,91.47911542104512,92.68311222355808,93.00184442126526,917.4259167694597,1952.935395471507,1085.9650973200391,1029.816437692694
95.89128008500712,49.50196365379358,89.27114409622796,84.98849661937692,1017.5199797739476,943.6158739417206,952.2858505064494,1053.2082872030412
54.36723375897757,50.34191779298267,47.56520952643666,94.5166908519065,1102.752836204482,960.0507910992998,1984.0645613407428,2014.3970063835698
86.38602805913645,50.372723315771836,41.490129928107145,53.259195128511095,1035.2094890015624,1034.6181413292984,984.2593176360288,1075.7240772418527
93.06371594344482,85.16295596707401,92.15164045411709,90.34826968912344,927.2450034441331,2006.832593374482,1974.0561158179848,993.9848897375045
84.50190155088494,53.48125519609725,47.641601835712734,99.24688376593194,1991.5616233378812,1068.8174923003394,1072.3903114551115,918.216783806241
42.00769895144421,96.2077205922417,95.15062580818406,83.10714143955047,928.5091508190703,1103.82398319563,1179.1044436310467,1995.5653776071533
49.522685009493145,49.68736974094148,58.483260378960054,90.26871351248352,2042.2531021040563,1026.08976700021,1145.390179641673,1980.1326214179035
87.75416858385233,88.56746432773078,88.83131896009517,48.3075161028698,2002.6948908644915,1973.0687377347306,1025.3778194056272,1973.041596532542
40.788678144077316,46.6770002875034,82.45142011479416,47.10047324565381,870.3816324430167,936.5350399143405,1983.684923171122,2007.3299888786894
45.25240426924107,49.51408662372747,43.118696100269865,88.04834158490465,2008.4170952031805,1958.8815538290576,1009.7650208547129,1022.1841874135123
95.69821662654692,48.61619665044465,47.80254158847269,48.604241922518845,2071.5038284443226,2030.4686925528827,2009.3031038923189,1006.0916454076474
55.300795896018414,44.57040401955339,52.977719177867144,51.295748171722124,2006.2096086126742,902.5700195333255,2012.0134856563006,1987.8900830918026
45.29570105006257,94.0016150570582,49.50258229593791,90.32214830216425,1971.0066870441942,875.7625010453205,1969.7924611751016,1990.5279972730257
98.56704942246539,45.08900765743847,44.63141381342102,42.61112049174893,2012.8112686787777,933.1195511062147,2009.5433083250175,1046.3520631560712
79.11783994443967,38.56164751906515,84.78855835047207,49.181152115665654,959.0073597114324,1997.5622361243215,1947.532490751928,1030.1973791338282
46.59764700960423,49.160408740885956,48.324012534399984,95.17835714664253,1965.9779779717069,2062.7112982578974,1022.4926890996346,1996.0252298577527
56.48407582794242,89.49071450471509,37.78323220940901,46.69058720259652,1038.1491662079316,1006.1032712918181,1981.3491076466992,1994.6726667703836
85.66973783323455,96.69596335015828,33.94759261047696,49.66295120623006,967.89305319789,960.7737912550316,1971.8678432909064,975.0532847375891
40.183324308672326,47.52067908677229,90.70561820130766,39.98992917251131,1056.6878188149021,1003.0754136745657,1999.083521854406,1040.6296979336066
44.77175545422114,93.31642565013262,48.15828666990135,93.55162420510973,2011.5539418589372,2034.4871154228083,1985.524709241478,1046.4177278889638
87.74654874265165,98.2639107700532,89.98990274507644,52.544851170935786,914.6085047504457,1967.5385128907249,1031.8421544987734,1086.4986288512164
53.32012234916072,45.877965313118096,46.6796507589326,45.87659056621992,1958.585291064604,913.413183453013,961.300051715437,1096.7992328264122
72.52182477031914,48.19537287206342,84.95158456190897,38.78058003132872,921.6045276540176,2037.0684917074673,1985.20174351218,2034.1079319009177
61.19951710601991,85.6316302758198,43.05005606553554,37.25272205774026,1056.8560339901028,923.6983954903584,981.1610694829433,1002.6501726601703
52.12687915258403,85.72467495418701,40.34515243156882,43.47905497218626,2008.0467255293993,914.5339861995581,1038.112555631887,1972.7373158771281
55.75689227380583,92.60659280356722,45.19992607066869,48.57666506085769,1956.6070406181118,958.1954602773718,1070.41838137181,1962.9109160172625
94.62775814079816,93.06319771916874,100.87163917237754,47.32432154638434,1994.814768635305,943.8009849329014,1075.5662155987893,1977.6383147171557
49.0174038717668,86.01851220279504,89.19984219747245,93.85386222939452,1989.105759646526,981.4915733359909,984.473994875291,961.9331252360349
75.86444963785945,91.41984681232671,95.90079125792002,87.41886672675348,2064.207443204163,1992.7627087580963,1989.8338718200182,1975.2948937290516
53.40196812305295,94.38171841367038,85.0258226275947,89.26872034370774,1005.8574779841699,872.3134736791022,1074.5635703874545,2022.523392655078
84.9689403186986,56.057761730364355,84.22588581068439,92.94707791273224,952.1647833145255,933.4506468274063,1971.6468195725326,2033.6090333808165
94.55762717039029,55.76982504511907,87.676444499859,90.55674793432759,972.46044345519,953.374784475356,979.496487747849,920.3153688975231
50.848628152032504,90.55456934002329,88.9927137828057,45.082781159223714,2021.143292502515,953.4766574247143,2034.8086001585937,956.8541785496537
89.25335655854946,46.686868623790886,44.10736087206358,52.389918088982284,1963.548796755209,1087.1250084283429,1034.7070816926564,1986.4533982421465
50.42247142136836,48.98706965820283,89.54890376486948,56.13694347770203,979.3745807925857,1041.0900805807632,1145.3156030518,941.1756190579163
97.0068542085154,54.230145150234804,43.122998686322276,44.7837436493842,2032.3061301388718,2012.929162590797,1063.0667155949727,2004.3062756739273
47.05941288630228,49.76912934996117,41.10153946231158,43.583929735653754,974.3674190589068,965.5541614909627,2014.5926368569426,2000.2423513227504
42.770176698151566,87.94402491117756,47.972047205786396,48.67591409085726,1972.416981293652,1967.021861238955,917.5660532355612,2066.822351596256
85.71433912507413,93.59513866856247,90.25933631623808,50.92409657229666,966.5795711466776,917.9656968790889,937.5718349540131,1975.9401737079513
96.13125647759286,87.81802545860548,46.9789624585331,89.3336687902414,936.3508281364169,899.0647222644689,2021.8982438067019,978.9145776784467
59.139009986754985,99.9973858884947,93.9018561149172,97.42140947728285,2018.6435983135887,1979.2418717641153,1046.1799099233453,1982.45499459658
87.87960313722621,42.31949976130154,44.34908082437198,94.18716739622141,961.4410043923264,1056.2235561605644,2015.6813509339636,1103.6837813026632
46.69219732792416,88.3424991986328,44.40166322498671,53.747889994473084,1996.1358446125346,2017.0050352171916,1982.8140933018383,1995.0193792158168
94.01664723727438,41.279419937145114,36.50595237724716,51.01355812731232,904.9713165275914,966.5011914160232,2036.4593626794392,905.8187244131952
56.20003760746422,87.32007755968834,86.59516382884578,49.34196835175264,1990.831392136547,927.3652325005853,941.4674206553917,864.1246414110758
54.96096049092718,91.17943111482612,50.85245641083043,87.23366362628407,1116.0000347391726,1994.4716343906389,922.2833372578373,830.3957265698998
52.92530649344359,79.97061835521738,95.22154979630133,52.30333454968262,1041.2101838285075,1031.43921058674,874.8528336468996,853.7028482984093
62.44552416885008,89.22982985297912,45.97947964123695,38.186788508131215,1989.164635532967,2018.0322585111487,949.9808661341273,878.0722498578892
55.808867613150696,46.35497520672065,42.611058161823664,40.79783741616407,990.6214348156051,1021.9463115599946,1979.2082719877924,941.6810187701826
43.12543994750629,51.192944710687385,98.20837751103868,94.09973351899,2011.8171510685897,1018.4571145585908,1970.4699538766638,968.625147769098
85.76761626253183,90.46616117753238,89.75322167541172,44.343374223264405,1938.2467770941769,928.2613307165816,1002.9536041983793,938.4594553025815
93.08913513949734,48.98042402249968,92.88697094864747,81.14575220897555,1948.267259793333,1975.9531089780044,1071.9152387517715,2026.7816276963415
93.10657929619073,85.56426638221413,40.95526571934376,48.48000637565369,1926.9744800585559,1072.8032560727202,986.1525147149074,988.0398114487406
37.27391318319265,54.830186813592746,52.074250395617895,47.543648523753205,967.4672290708668,1032.8223818218644,1049.8424010769609,986.6112035655008
91.34157726499859,66.286451326666,55.993278639089255,46.12655341461246,2032.5346764295725,1966.9245697108836,1104.349755210924,1996.9230001686385
87.1501093574041,95.4606805325992,88.51247003758434,85.82897234895641,1085.5513870855398,931.5094913438704,1008.7876577743525,1021.9927864571882
87.44661617654864,86.73997785539878,49.19369439034902,43.07271348012044,999.570593999556,979.7758836334222,956.9498779682681,971.957587018627
37.32708542427481,50.80321258192592,87.17790100440169,91.60789074810795,1005.1088587173906,2030.4750979487055,2000.4186699030129,958.5398383020192
93.11727454712477,89.64741371164739,49.12730356162926,44.15693869227219,1974.8792893718323,1066.2507424635187,960.7891931867041,985.7164263427417
89.67474446086422,51.674991534431896,49.00002451819846,85.22251688796699,984.0677034362241,1981.9602437827923,1027.7414910460764,1980.321351939418
84.29814287392186,48.62580879850921,90.11849751093212,90.21959423098295,985.0305409143043,1010.5962021279502,972.4927089220399,2050.035547021229
93.81009896840895,91.74794869655156,94.67725747018977,53.16797049276143,1038.7129936555054,1962.6575655229788,1004.9297460685293,2033.0151453908086
44.334109459020866,44.871220664946314,52.88860157535755,57.39214493520812,1098.9314091407666,1962.763539281541,995.138662823625,1980.9957604617182
52.69309370759146,104.07929663889713,44.487923587290126,95.14057720579781,1002.7178214079622,2026.4915137707378,1944.5504875432819,978.796298963467
88.14117898911336,50.267433405928415,45.84690417596768,85.2825099244924,920.1384029396057,1058.941864417411,2009.7931962577297,983.1906503405826
94.56671233446717,48.85361256125366,87.23752563484399,88.99703558465112,1944.2464112963473,944.7051483489029,1966.4889197806478,1964.3497861318938
92.28868331367889,86.54679713456302,42.1236517910624,88.66091488131117,963.2655164108295,2020.6212927559222,984.1419655774838,2041.2369799806888
84.44222094132124,53.25145143581594,81.75268461058594,84.18993521020218,1016.3244144471267,1012.4687208611795,952.6664806437198,1054.6813999410658
50.52077346210825,50.24854729932614,49.61268098103635,95.82321781476459,970.144074023003,1038.5571565307516,931.6842362836392,2034.046237696836
84.65508392126006,46.95521213642559,43.874705875220435,93.97756641770775,1033.57080529626,1009.1567694712905,1994.0556107295256,1944.3014555344707
50.03502356393584,51.265196020978074,53.935108934379464,48.40587172472661,1048.2819611033563,1053.1096734663997,1024.4556837381042,2025.7818932672849
88.00615538181484,50.86427852009705,58.508183639368326,45.07165801854847,1999.628626755872,1123.8629061880306,2033.5756294905186,2029.865088303602
48.36076972953975,94.61760327378816,38.342829891948455,89.86130459849431,1998.0511362854593,2021.7710676649597,1982.563197471825,1975.8033331674083
88.10939766239544,95.23141467704141,90.69105702025897,84.97453252470753,2003.295041757152,988.6896752706492,900.6641208534162,1057.8039187446925
49.71083725877618,90.01717246010534,91.16339322748966,48.15808476328988,1968.3162203720215,2020.676021500492,956.6783097926422,1995.8078562364137
53.19267999048947,43.399725125820034,87.80877297475124,50.462043501525706,956.2010762108214,1947.859581312367,1997.5507862459654,1961.0983569317723
57.526076511691564,36.26724609329002,92.52863913496616,93.70925030781252,983.9213259630478,1983.7164621609388,1050.7080559287183,2042.3431791213761
92.05036943297976,86.62760992574641,53.53543092682449,92.34842513572164,1971.6934012597035,2010.4145813492537,1023.6131962564575,887.6815027784262
52.915818232177884,105.83629696435929,90.37339135876111,30.565324326281413,1998.8236360504015,866.4594302412912,1999.4567627803324,824.2335728969778
59.531356362606104,53.742850033317865,49.27628512785603,34.2438464178246,1983.9598352817875,1978.689295550155,1026.1780296917264,941.2367233658742
90.33926776324729,50.2832183496203,82.06463193303566,87.97949588242095,945.5570062878041,1019.1131619261473,1959.8935080227118,1993.778604991321
89.99217503028035,86.11721204710001,38.90100664454264,42.6642001093184,2002.324301524818,1005.8684447710986,2016.8920514574522,1978.1643109764914
58.653990746328176,89.2704607068355,39.18360987582558,38.77158020605036,2020.5596222057354,979.5030651805725,2034.0980298358872,959.755029729555
59.521283388649564,49.37926238264609,87.58717265968943,79.79821071303955,1016.1669304965388,2055.644357096073,1104.4516080531043,2013.1890435534356
49.33097896585279,53.905963738484424,47.78853312867324,82.07279235244192,2004.6756049421056,2007.4639866667123,1049.9233230211103,1984.0339132096458
90.84329457588643,51.22276918987294,51.034800643537274,96.52121400019767,930.0002495662109,1031.3675969037697,1990.6966567468562,861.523435231373
89.11876653907301,93.37280092373483,49.208183241477165,92.77840126523938,963.1146682301664,981.0054496023802,2025.561246839949,832.4862735285793
99.63983847821908,50.19987690985743,39.43718949218677,56.67201168735828,1989.5085266723852,1934.8346076048092,1048.2653334569914,1939.1969306511526
94.1595214666752,53.037170021675465,85.67077305696286,48.40958785839086,1974.2670698231116,1984.1721826206426,2033.1136743067589,1973.9404094293716
47.68547828918163,92.42506166630432,99.84192774082825,89.63425326798901,1084.1737053112843,2060.7475627253657,2008.7399955540184,1024.9378165579287
50.19902501704857,54.95577060416872,52.5904798915958,57.91572119304392,1074.5694538990651,977.4788611595864,990.0504311727832,2012.2987724291877
47.84882022313943,45.18785719151367,43.43079623818136,56.72296320794426,999.2565529702589,921.8756171738236,1057.5179283182179,1009.3280084995606
51.32962984953078,92.7242106026358,86.21796279572123,50.66885340117133,924.6049243754584,2018.8030496536135,1093.5510051066408,1000.9712153246467
55.56496159394315,50.00435552721103,40.21168233181125,46.777975523956655,2002.767472689918,2011.0274718051178,1102.8261864154158,2051.0400875518085
94.12365641507421,58.5066544552653,52.46696850537053,83.33058029761291,1017.485740367315,972.3572621065354,2009.8685968475968,2007.2839898523637
93.99950613830858,53.67570781499789,91.1541479210809,43.42010589287741,1039.9674827448112,1997.8615143225675,948.9347790670629,1985.624730378823
47.10870428112938,52.72877948157405,91.92374336658135,100.66521506385783,2046.4776654979332,1002.6160638467974,1001.4989317524241,1034.7047371601998
97.10657583989568,46.58507926982739,47.088200886732935,92.44611126757376,987.2708733274166,2055.593275278111,1990.5153873622014,1043.0732488158296
47.08196864660188,44.08917036695764,85.84466505165881,102.50453727270423,919.8225604112959,1060.7769146029846,1033.8461141173636,1075.6390314130854
52.78199834295326,60.175039275633225,86.64728628997496,89.73678778803647,936.4734666745405,1966.700928262735,1022.4306472858914,2000.1701200094242
98.34516662111446,61.65681876574689,52.33236783853895,92.24158415988539,989.9550121933148,949.5408897726734,1979.1486144496068,982.6613576326172
35.21930426744289,53.0128935849635,48.619969342442516,43.72891397435859,935.1774285262239,1992.1251480802187,946.9812911676759,2025.8062018070054
91.02061090088827,54.60605609380276,44.06306229028583,46.75234441848981,2011.65927465887,1994.7852816508712,1055.5894238968353,935.7643390576434
92.45016906251998,54.5325830474256,45.516982476917086,88.088826618102,2003.9632061665861,1071.2904600377333,1005.1250815473254,1093.3987236908215
56.45367495891112,91.29658348438787,52.41308605735821,51.626831872589804,2006.7476277266103,1007.5734603186177,1947.3657194873206,2046.485535013602
81.62720712958027,93.27795018385703,55.22032504725375,92.74334692821239,2014.2279528331844,1001.7245034959473,1002.8149589644108,1994.3325694161106
95.47869432545785,44.580856371726554,44.989314850840984,84.79095779369638,1052.3151100639357,1025.5171539772257,1046.3325576133784,896.9494158509796
42.14035784832616,89.2800521014691,38.457878064458505,90.38720890962279,2029.8889596156182,1017.9027094789726,1983.571937852512,891.6242270457367
36.828336950253004,53.862917382019795,52.44052946052215,92.88974344898826,957.8741348670083,2027.433145904349,1041.9444328626967,1978.680180476769
37.53099930890173,47.26255441868143,87.33507936441484,50.967051665952695,963.7779027009142,859.7428892408,1026.6784338466603,923.2974328947706
44.46066909326314,50.26392762952706,86.45902220404014,36.29671768480492,974.391906634802,1959.267507025468,1014.5004691085228,893.0957348474319
88.46719316446027,94.14305557277328,39.65931194492416,47.25028514649645,1107.1278684350991,991.178920979215,1032.5095775266923,2030.1050424789782
92.20792507741446,48.52162782664549,41.62531248964479,81.10938818932159,1106.3861033457235,969.255624006284,2059.4998622160188,2015.3979303972976
47.09299382879426,87.56909671698907,95.85352302895615,40.0480145124295,1051.0446132875172,1988.8266446030848,1003.3032916700586,911.3409029260772
51.2723192520459,49.36990476273936,48.60104925120642,43.18030886931226,2033.4208561738797,1968.630646156941,2033.247088044201,921.2314686618533
91.79746192719794,49.18307837882695,54.670931058549705,50.04075915227472,913.3077081757015,1970.202190667942,995.5670846778247,2010.5777907449929
44.603291127209474,39.443451015552405,88.96767413312404,84.56989225916296,2025.6965374755243,2015.6650762850163,1057.9484673681845,2024.9813160837798
91.43962621830909,91.4077856845148,41.398041380419286,48.70080001355751,1029.15829118573,1028.3204659553826,992.0164670006427,2022.9568378590784
40.936481056406,50.43321887785207,93.85858717514778,55.7560474405887,1013.3467256088649,967.7565728222091,2011.2994212176986,1962.254021983313
92.13852732702387,87.25961578482604,56.13206948934503,90.2157676243948,910.1789865668081,1943.9217395788708,2004.1640743656792,1982.2577586808927
