TempSensor0,TempSensor1,TempSensor2,TempSensor3,VibraSensor0,VibraSensor1,VibraSensor2,VibraSensor3
43.11167746925575,38.03350707046904,40.926000485477466,93.73283133404558,1975.9976278537092,1982.708705361104,995.350360300188,2064.467006505619
88.33530724536222,90.3223235707428,87.55979686385288,46.76560216272204,1006.6060492227421,994.9820609172089,978.5773000441891,1041.701156680545
98.46854495452057,38.82558812582743,37.698483321581385,44.15950791683707,1002.5312302373821,1987.2550909262748,1991.2978841562458,1016.1776297743866
93.6942790095446,91.00180554064183,37.20279638112501,86.51656700704089,2013.3743910056905,1907.9546891380887,2045.8684798295665,987.4870116146665
87.21525000067619,39.04178706044962,38.76518608270398,83.2497894866731,1987.9040285525657,975.6537436864041,2002.9530039092315,1982.4843350295218
98.35763037242266,78.52642113105162,38.547435997333125,87.17671499351174,997.6859876097285,1995.9640998771736,1962.5854708999952,1982.9159716331833
41.29326216824249,34.75745909926127,40.88607225232175,97.07658068093801,1003.6137902448563,2003.0571489804938,1009.865143845686,1988.4507251848172
34.28851256468134,89.15925761136396,39.919868374238696,87.46378323348185,978.9331863999729,1013.5454631923874,1994.9741781578687,1994.6316877077672
90.689355959357,89.66585934112709,40.00431539983765,38.11492784891733,2055.5077530058834,2045.600390696493,1954.324671619826,1935.804198908484
96.0742869373448,101.27729151600312,38.074784359900484,36.97387756933449,2071.2610091693323,1992.4210835333804,2023.0784391292063,1965.4959880546412
92.8030013791523,37.35904858832244,36.09940073364662,40.2752106383934,1973.691515794451,2024.6982092431995,1975.0073583888102,2002.4643368614745
97.7648919153283,74.7034839696621,38.12482092244851,94.61711439341576,992.6407105803073,2022.029462025424,994.8297161439004,1980.408346241227
40.77613752639624,95.18848534896308,88.03194706721494,44.44873262115421,981.5530344396268,1954.155223929291,1998.7526993429674,980.5703650261614
38.80390922195533,86.25336357002831,40.036962062358185,86.36254600532678,1018.8688759068684,1961.3732716356258,998.293956268433,2018.0970525849011
78.44888382674222,90.32377188832885,86.76027839131284,43.32221310378473,2042.9091713676341,1992.9166375842883,1002.1867366796012,950.3885165760041
84.04500044347107,38.28362637336207,89.36472247129957,42.98702509975699,1027.935338989712,2017.1036449174044,996.5465016979455,2053.7211426063377
39.687575425276464,40.0341997416793,90.03809811207748,39.82240041898295,2005.1704822194247,1959.284852394621,966.8132904018732,1000.1114776477648
39.7995376837529,38.07417590709939,92.64846786545175,90.2330877263945,1013.24820377047,1992.649961938689,991.201496791436,1025.127408215532
39.57720899792888,36.94584314548283,94.49562238644681,87.14825127662353,1027.2210902713932,1021.223064428104,1996.4581240921532,1973.3231376443086
83.82567905194378,35.56039858482069,36.87490436696207,88.67393211443238,1950.9147196221504,1954.1068888629577,1951.5233829288998,2028.462404754575
85.37037619882733,94.65591788983363,40.385210150668,93.50246073700657,985.1911064651117,1980.558624968493,1999.5366534475831,2006.717514480385
39.54193537715004,95.89735939435197,89.98240413904114,82.88924739133797,1988.7685441336328,1934.6910402806088,1008.7853536903688,2011.9497733405265
37.10726606252642,88.20654862380505,100.1640318930747,42.358350464623314,1974.5000517809337,1982.3773526917598,1976.4193732853553,1047.4910240259273
85.62357848127363,40.511398406725704,102.06739253864765,45.897838980113065,1969.0838259123009,2013.6289884972248,1952.3831523085516,1977.5347100270928
81.76872303125188,37.937959401050634,90.54424362750716,86.79781876994456,1965.2909388601845,1981.18559274501,988.3881525076584,1961.9711465368457
38.630093318916686,35.392489517908786,92.51339818790036,91.97766315165374,1011.2115618594792,2022.5663831848456,1013.396181678688,2044.324275928394
92.00223823756971,80.28860994078042,38.94365153393329,43.3829202511175,2007.8442720242983,1976.691242330058,1034.5271907384658,1964.4513913397998
38.013517090325394,40.25053531077208,35.75340705099124,93.30549544459568,1012.9588642117369,2009.3338584105252,2042.465088998893,1990.799791868953
35.56869198964151,91.36437465088918,35.58009170895838,94.44335846913542,1039.3634900354969,2001.003254824684,1997.9015658631145,2010.5988367578739
82.71538987060678,80.86512234143315,97.37611996568889,82.4598700972002,1977.295756651861,2006.5014094025703,999.1230195598948,2001.421892246254
40.979778869540205,38.717082577402934,86.77485558227058,42.447262237362295,1976.402346593581,984.1877223998544,983.327856102957,987.6564326532332
42.512684241267,37.39759090844224,39.277261682214544,89.58032779201241,2022.114165321545,974.1908232183348,1996.519862777944,1952.8374528403253
83.47786948444798,96.93663515263454,42.15221887701841,89.82483792154459,984.5641403758761,1997.6065071913238,1989.0582785592692,1952.8774970469692
37.820124761072506,35.13278754903556,41.12091906749403,94.74689882923413,2032.319780818792,996.2460880922764,1017.5575167175481,1963.9045932525394
40.8659668060628,39.750536099463346,40.3089562013759,38.50425725619749,2012.1158681957788,1014.6709178926656,1010.5010042804657,1012.2329629557987
102.27553423364944,93.96506278922632,92.47685380651565,86.5675801815618,2063.5113759189553,1998.3684144284148,984.9389139257476,988.7367637737525
93.86648782728275,38.15343744588236,40.34773047289693,84.0432145293852,2027.5528572513683,986.1693923517078,995.8609313818205,988.3249630348985
41.6716968210084,84.24116599564351,96.47756349211,95.3363015511289,944.1449095222795,2040.1375521340608,2003.1179332693107,1045.185515917678
85.02723333231454,36.81750649403682,97.58817215257008,43.558984847904455,2026.0772243427846,1991.2262069438539,1961.4232971454057,2044.1373003542767
87.59777997001319,37.22198033926123,39.293077616862305,91.22789286838483,1981.3326289757747,1973.1540258814966,1975.7011221619607,2026.3926402445713
43.22723451973116,37.22824600218525,41.295996091888,81.00264649728831,1962.457247620648,1000.4728257911736,1007.158811821289,2014.017054269776
39.43296869443786,37.27514346439329,38.99256753686916,40.59476194183995,990.5244473447709,1956.0245316631654,2008.959574168173,2033.1934411862846
38.19805912667191,98.7355454097668,95.70376819823802,90.86375147637605,1982.0314528357305,1017.2382339872457,1978.1529094258287,986.0894245697352
40.484424901632906,37.0781248420121,94.32924693465066,43.950886630634564,1968.4062782360882,1020.7546511341259,2023.7870725002501,1985.1290558825442
38.11743282867697,38.99903586571909,41.382736249771284,96.5203826026289,980.9498306039737,1008.095727838802,986.4900233788828,1975.7321386576034
93.55335081074502,37.67061542631335,89.90433042121131,41.43085893344244,2043.4113216198375,997.2289318572437,994.0659126377666,1004.0615056847043
91.96844103532663,36.66330112461961,83.58635437272072,41.442738855645146,1021.3818857000529,1000.4741136673385,2002.7620099238875,2009.877982477626
41.0902283115021,85.9711184809166,84.698983083089,91.6393373315735,2042.5220763496588,991.0351194638068,2014.05774461704,985.5587854638106
38.30527311040055,89.12467722606263,88.13008416716966,43.96690571984867,1997.9851797779256,996.8312788396918,1004.5974581993762,927.7883244357695
86.14500807487626,99.71842464641728,40.045428718486235,42.13303553192918,2014.99057948271,1019.8249268828929,1003.5188083022774,975.8773224299665
36.56313440268868,83.94158956076646,39.50990604431438,42.54298046727103,1010.318558561998,1009.7074090795652,1961.7853513879927,1052.4933116960397
36.52639095231784,36.36976730829416,39.53066601391829,91.8388375878688,1944.4655140132415,1993.6954971738949,2008.5743148622894,1958.1803269356808
35.900215107340216,34.913870615014204,87.9197677376593,92.50506742622609,2001.9509149019152,2044.4645642037372,2006.6604194708714,2085.8756172960543
36.213085643162884,88.93356026317994,35.361546004524456,86.2914662643699,1979.3486025270165,2046.682916588063,2027.3079766550995,1957.2581108502363
88.51791504944414,88.29485299633292,36.87410286816378,41.84492084580579,980.9435294084944,2004.8537446734576,2045.5176672604678,2019.326692009052
95.117002936404,36.06707837098212,39.83843851218472,84.87803999477751,945.0756573035999,996.0639920082265,1982.2218022606878,1020.9409834138971
37.73686017896382,94.86573119504703,84.77930103549824,86.57239218202618,2012.4527495520176,991.4497076910914,1027.8313757983092,1002.3995445820301
36.71883747820763,41.163682565404706,40.54586526333647,38.45070523546583,1016.8198014961993,987.8816726714116,1026.6648157963568,2020.3125939902613
85.17835093173017,40.712273381382985,37.46195035971526,37.52545178204487,1022.5854002906581,1956.1848858305257,1973.3359735719987,2019.2638849840453
88.75909644027324,38.7579489700103,97.05435757233599,39.63187190448494,1015.8496055570666,989.4908455375778,2046.0636933969017,2023.8761525605676
81.31210046861483,37.6260810564505,38.048932457321314,40.0528424802817,1017.4922471015971,2003.1771974559538,1978.9249075738553,990.3096872945748
40.772977433380746,90.27404871008315,38.29214371235699,89.07488827140153,1008.3059238505425,1019.2155620768527,984.495598819394,1959.9257637506385
40.80055746461262,85.70043974553617,87.42954311838835,42.49456200633318,976.8099026881717,1010.2736059977597,1942.8646037935684,2022.6969095658785
86.97696564465213,89.87186617399887,39.86796705668172,93.38520004319471,1002.6409673764015,2018.272578927605,984.5377475802932,1984.2865917204977
95.04548700269953,37.93632291621225,40.486093511598,39.684142667386524,1991.0247751194813,2054.428425573544,978.6956148395427,957.2623786609163
91.33421004657585,41.00481510407405,93.02056193287488,39.00978365278644,1022.7017931989126,2030.235073189951,1959.4875634091643,2006.4866008352449
87.1762149415123,98.46174291570507,86.7305964972997,92.97829250450499,2031.8863790361775,1985.3976574187095,1983.0514429031623,1000.5943747261141
38.436371758374754,37.494475147260104,88.75510198160346,41.39394572984453,1005.8858568135469,2039.3563113503255,1004.376785609676,1983.2899907990227
40.241821945518964,95.90085942350507,36.02402539549869,91.26292197492094,992.1516126831477,2021.5500291985943,2053.709897414474,2019.087055240468
93.58801000098599,83.80826629523762,87.09492694923378,88.97076669965868,1987.336470397056,989.0914859936686,981.0186313085642,1015.5024043307008
36.800631081430026,34.049179306500555,94.15391500202657,88.18523494293858,1024.622277198931,972.7380951948728,1999.3553802690644,2006.3996708153659
92.7165316420958,94.07901080557447,94.6261291044694,98.4344417171801,1005.961544222575,960.97109649883,1009.9046537149591,1034.2295228191454
40.41430090044686,35.11863072149265,38.254530360107225,42.42260564931285,1985.5698282953203,979.7300777342409,1018.5802055749962,1026.043594799356
83.02892883698581,89.75830991478566,36.97264663574113,40.66912389370661,2007.6043499465884,1000.3966906706294,2024.9503936096557,990.768766015158
39.37948582158069,37.84123626020872,81.18440026995478,81.40080477029201,2003.5856445356435,1981.5500108296046,1985.318551747226,2017.143597067625
89.10289650151263,92.03947384866494,37.43679896815292,39.46729783385186,1050.7101523699885,1032.323421681846,972.3568725089453,2006.0217528967517
44.857518650647826,37.04034943356864,34.22685333287754,89.52006910887732,2019.6050110561657,1024.8066908653059,979.7765194428318,2015.01660283497
91.1230371923044,33.49905907731029,86.47227593217269,38.90073772326744,996.302616094526,1016.9625363755483,1951.1247642890405,2012.026894277047
96.18286829652084,90.07343911668892,99.77904409599772,85.79276180062635,992.127156278752,1985.6723803147022,2010.726745025245,1038.20413676794
35.50506680934692,39.77790569606941,92.4324525917861,95.78074716446736,1992.6147543518196,979.1364114870746,1000.5619079290329,1031.9377356834352
37.693055010245416,88.53625219270796,85.38004158728882,88.7715791137536,1992.358138423881,996.1380895614859,1015.7993151495634,964.6708603073312
38.685254807280835,37.90576383416865,91.35924511138548,39.41992541151482,1011.1137250002025,1922.2094953859346,994.8100918380599,952.6653328321245
91.90738783332424,102.91837628660286,101.37425290749485,41.2260248663775,1991.247327144882,1001.7916140847265,1984.4851467621377,980.1021817998475
36.515379368164396,96.65476975180623,40.74560026074566,86.74482914646576,1984.5616075000771,1990.5303028436574,1972.7031239264707,1939.7350672405812
41.95967460608797,36.49316157495642,37.12863004169186,90.5079611178359,1016.7764286663427,1046.339514826525,971.5732560198719,1992.3260440935896
39.68580814220807,37.53197325818694,87.60400426007995,40.40489789334012,1002.0776663445992,2002.7985139130446,2027.9796515808205,1031.5871089010657
93.92078809273067,89.83376381765427,85.92824729616389,47.42622290733892,2027.9872371955455,1989.601940398548,1023.3736044681123,1018.6068726028968
39.50015633152202,88.71945560026268,90.36703782559168,48.65883676842821,1981.4240424017073,1006.0076144099808,2035.1955736755276,965.2071420654869
97.02788385186362,36.17939321906243,91.1212621137324,93.01653816982285,1016.0274652691442,988.222995714777,995.0265411005101,1001.2674134787001
37.09939102064962,87.21340646670212,39.081412123413884,90.88359504927291,1011.2133123955249,1990.4351837279335,1995.1759992481577,1018.9736548384717
93.01022201896568,38.44877423441021,87.08045434915589,95.02278541578318,988.3248822562539,1011.2422142745127,991.5832186421085,1978.5191091797228
102.545614593786,87.60432248703422,37.01875243646549,38.3643207073211,977.117233745958,1014.5081997455702,2001.2322672874857,1931.5842150620515
41.32273274048366,89.11364827450153,88.81048208093334,91.42920999484447,1019.1246864912298,1020.4912116831147,1993.5712067382046,2010.7881502014384
94.78086990248038,91.87203474348975,82.20304689438215,95.86601221499185,2004.2382046071318,1010.0377719168025,2026.8945240346256,1033.4880707956459
88.5308035561699,37.97194476046945,35.91742086085608,43.23316505236255,1030.6081882890653,2022.1057503462334,989.0601568311752,1006.541931582607
97.29302745627908,37.32942224066406,88.51451351921092,92.15692109748689,2014.727609172158,1025.0361219031893,1990.7073641493282,1026.2540270442396
89.51474601810534,36.69641021441102,94.82808337266529,40.141946328629984,2032.077496337421,993.0453474813751,1025.3191999533847,2032.8365977455942
36.160699838395566,36.72255409899642,96.58078928354453,40.26766042270118,961.5679491107924,971.0350443645107,2008.3683436914487,1961.3958119554563
93.2441337612952,37.13354876134035,40.90752509608592,87.58880687223534,1986.3796623568508,1982.5951959105587,1938.6741934552272,979.3540389342638
80.44261514160812,86.7124899843256,86.99191362088618,91.93673180824908,2014.906996279178,1004.6126540679727,1000.4925267077338,2075.1650360464005
41.73514573010733,83.31748901168545,38.740419662814155,44.1034773903459,947.4013375330488,1980.928284304473,971.133183889375,2004.5189237950206
38.2064996515964,40.529970493633044,89.34034419583183,43.59215802588922,957.1987540921332,1001.7848339642005,1001.3731224037981,1016.6475364527432
95.65642111242884,80.91470645512858,92.21697126414503,43.07295581321657,1012.3125723449082,1011.7066505988664,1006.1849207992084,2076.1172164810623
39.794294827428644,34.33723507793741,38.928521860598096,40.207107347389496,972.892480775348,1966.5895507665998,1939.9623140540389,2013.7087269709236
90.66710161858812,36.58506238378776,38.81440224715416,39.128553006373764,966.7134735873124,2004.9587559389554,1049.8230793118587,1965.0665780242919
37.530697092783285,37.326985451730046,37.38968691641625,87.04131881825333,2069.1172256061636,1993.217893945135,1030.3128055829075,2001.6348112744347
97.1251226566234,89.9920132027717,93.06545050751289,84.50080211333098,1037.211427273114,2029.8145345094445,1950.8949866091234,1004.5229265611493
40.9022130557575,86.49784603677375,37.23895858136653,79.4493763752292,2017.061131649653,1007.4008275679921,1974.971097554856,1007.7607297762808
36.38001167779573,33.58753503324165,36.02115176129952,93.41400832894665,1021.1182686480597,1990.1985247839757,1973.8829185885584,1973.432432438001
34.95060759421105,96.66119572111556,89.03028758864882,89.88595725522953,1944.1433908383997,2051.0806956928996,1001.4773649104197,945.4573526745902
39.46241105593987,35.394795226496065,36.8252881484474,89.31854187883502,1033.5840324476821,2062.7482406849335,997.9126870213547,987.5427989009092
38.53440215401544,88.76043834809768,91.83390214166523,89.15631903082577,1003.9409404757549,1974.6245628924428,1017.5318738224338,1998.1572008578746
91.57204078336873,90.88156847895117,38.39204014425866,38.92260461988765,2027.0717165096053,1014.033705471092,1954.1497513322306,2047.8938752731276
82.18500492109226,40.249699835288354,84.73409396602258,40.43018491966927,955.0456112156287,2014.49434776707,2007.8592472401947,1992.531324233995
84.1437107518636,39.56761123141247,93.48066773142811,89.72763989826898,2015.2362519607882,2011.2476300159292,979.562983275536,1032.783821273627
93.96011475497882,89.95396781573255,82.73432485715671,86.9346970963168,976.1621027220822,1056.5607236991766,1990.511768087762,1068.2419734040973
94.1054143500878,39.400204427419304,89.00675230252634,94.06462430835906,2017.622371426454,993.4401087387042,2015.817647551521,1053.5005891994042
86.99908115732987,40.60866169395693,39.891866430355606,88.93415431972481,1004.3669748714417,2049.4717008977245,995.7978977096337,2068.2789648256003
85.06387519427244,38.67910144127109,40.3649681498696,41.63037536752618,997.9208454059792,2000.3037647526096,986.5417183676725,2031.4261520469402
88.0671507928181,38.551405871239155,39.93250851110596,90.86636031960504,2045.4144653260619,993.4943699208102,982.7682622753101,1017.7561589927849
86.45187077109802,91.42806102333944,87.09901025364393,90.19615373034257,1009.594402306189,1001.3139596610715,1019.6188721177562,1027.1697821624286
41.26639726358863,31.271342280312787,38.19609390136036,41.73179570467781,1039.169388200105,1987.5129535687809,1992.533310646337,976.600271242773
39.42311953183521,86.5624826796391,92.91881661622027,97.49219912024714,1996.7246417616682,1000.9573470823861,1984.9900784616596,1985.3976810687727
38.43184644556467,92.13325793680092,37.73944038855058,84.63726771230577,1946.6982714944313,979.2845140727048,980.234184001781,2003.85589346252
89.74037904105955,37.91944491741249,97.21000369048586,39.94257545610107,1018.0013035289344,982.1742647907918,2016.74193646692,2023.7421103501467
90.30557095565815,91.18251027245884,94.71616560028487,42.42868243617872,2001.5262615520792,2029.1010638988082,1009.4197353264262,1952.2405277653825
39.50194848736737,91.50742238126749,87.7601986316746,87.46632031707983,1973.8298360209326,971.916208566842,997.6964146063553,1946.3676992981243
89.02432150819526,89.42151973788279,94.79015773378909,40.45138208196834,1979.8729672775205,2031.1863864195593,1002.0759981957758,2012.2655210162075
95.0799479400148,42.44141903640535,102.00582544020334,89.50473112637323,989.7080507999196,968.6982484043136,984.4210123869259,2060.226441413404
36.40328590791593,87.59165088757084,81.86792624958069,93.82706120058958,1006.2264716816194,957.8362725806016,1981.4273328242568,1029.929786524661
88.21249328134915,93.93339051465217,94.53731404659578,94.52283925195674,1004.9946724102556,2036.7025787156674,1972.6727509403495,2002.9423720640232
84.25442888641173,85.14019486626431,88.54275311900638,87.87756493812134,1963.6759165698186,959.372533136345,1020.4378993410148,1979.399469474279
84.05994544626265,41.23460839600053,42.415752627441975,98.61086754361821,974.3008139346396,2010.9590563028437,1958.4941281503225,1977.786234414285
36.17610603177192,38.90279655644531,42.17759539792223,46.22721244817644,2065.455026911861,1008.8930096243125,989.9529789493549,1993.8229387199115
36.887778044762335,89.66880177837736,42.957770045835446,45.784892181586514,2008.6564722719054,2003.1705952395525,1000.7865932188267,966.722984995115
84.47455618147013,92.04321417070922,90.54888447408884,93.5447875583938,2016.5655449169258,976.2852024602827,1001.2874985872556,956.1361907645825
43.702940900502924,34.36480331252727,88.75122604932113,83.1950797880916,1975.9606818799152,1994.6277377495992,1996.224946363564,2022.9728244090552
91.76253419136334,35.35852752499531,91.70906523454681,45.32497985430574,1025.4502049710427,997.6780092623432,2040.3897806025095,2026.3924620261964
92.87884019375073,92.80823250670309,38.734725296221356,42.41213742060208,2007.61728347481,980.77905137635,2025.2157582649936,2002.545235413357
86.33806128616473,32.72119167427694,38.06148929533458,40.744219722505264,2017.994185997326,1026.0855899401904,2012.2423983041094,1978.5107222007875
38.89109307397004,88.16320348109798,37.399374370435055,101.93468449478377,1983.4531047561484,1984.3794795667582,1013.5283190585264,995.337013339372
91.67705654147933,37.46730515024547,36.752079282619654,89.69393077749874,994.6365264536614,992.4469292913643,996.8655344289617,974.5515739516106
33.65109342523835,89.05058455123154,91.25632860007704,88.54329544934261,1954.3351773219451,1978.7336952025182,1001.4871686600992,999.8183008407527
38.66678847967303,84.01254375879543,90.03238474219259,43.655748383149955,1010.1992389192476,1955.8265908769358,1007.7626174648537,2044.7606394475756
83.60539046753156,40.91195624364725,42.19339818586987,44.53497408950651,2031.018684156862,2043.720566408361,987.721758866734,1037.0227502784226
37.423910498261804,40.50280679439773,39.333622959315505,94.1399494044081,1955.0328392223003,2013.054828835256,977.4493334375447,2004.509310211741
34.627684136790876,41.19107927347271,39.3536987264807,43.4181008678025,968.9436458508537,2016.0041854889241,2029.9479890990342,980.5816130335563
32.65276592065865,81.98188166170982,38.46857375747029,79.28569522411443,1006.0236459157218,957.9457690791301,2017.080689426799,1000.3093379190786
37.819142330448955,38.87099466926912,93.26260944536095,42.157853512133926,1024.1447314434063,968.1686027933268,986.3609592480123,1060.8000007843082
38.962368118954274,37.554286747045495,39.325972417531446,44.23222853372522,1996.0149134608496,968.4221427079133,2019.032402079802,1026.6605075095124
87.40059716672815,37.49244253063608,91.34928090354418,41.34008820192807,1952.9866633193838,2011.0041259423501,1972.475540855489,1982.8577240220175
39.149009588379954,99.55686017560768,87.16993126507717,102.69968495918528,1986.6452201692805,974.2882161862349,1934.4052152297145,2069.26266511905
38.70698779706521,36.00671344653989,86.41397744899568,90.48642303924615,1983.2213558459648,987.524153305844,981.2859041538393,998.2398092581722
82.45874960009075,84.09076799037926,38.60228709191123,93.13347606286099,989.7980293947157,2018.8327025902752,1000.1211154951734,2007.9512259154515
41.13786018843027,38.12779286378371,93.20371320093818,42.840751431308945,1983.1032844647923,1955.5186371813322,1984.719360159681,1053.4912780276427
42.51564523399216,40.11777590509304,37.600832997623456,83.06463550113834,1009.9896541348412,994.5030596686901,978.6994577221756,1977.026175055341
88.01061153883062,39.62573717417944,93.57475601585139,40.462932783793335,2035.6255916072373,999.1668796409588,1038.6002882557345,1999.7516027062989
95.38858681945119,97.19980653264193,87.92573284828181,102.14970252324073,2025.8167812026934,2055.7906719875245,1992.377374939901,1036.1907469095777
93.10365220606663,39.5460289228173,37.645326986487795,41.339252281279244,2022.2669591402898,1951.5443250892777,996.2916768847726,1971.5551145111099
86.396371376268,95.93586438212402,87.71514595594337,39.19881588340965,1001.3336459678683,1947.8350576946275,988.2979796317588,1003.7768307303531
37.8334502650372,36.873001898993266,39.74133544149222,36.227993638383865,1992.0442251354734,1974.0671616893194,1029.3877862212332,2016.0854983008167
41.78021904861169,91.99955367251916,41.22922239688154,39.15616021374525,1975.0815403913493,951.4938599985876,1025.5930424217881,993.0767997043522
38.90977219789802,37.82045019502691,96.23644223499663,42.68238683860768,997.0244122101751,975.3592047400391,1999.838619713105,993.5670427280369
35.431826600516594,90.47951609727073,39.102762359637474,88.90050854168324,982.8582798553548,2007.6092615553257,1034.0711930281605,1024.5620355171623
36.068488812188605,39.478886053032056,37.43872141712302,41.30439552909495,1982.8490890126652,984.7402145523274,1992.8227641482747,1014.5303630708984
37.0267997795025,93.50525397600862,40.236063116241766,89.28017612708534,1008.4459399010777,1965.8866790619325,1041.8075818380876,993.2025191339422
38.084519511154284,38.52409495971398,92.80985144870631,87.09088371548646,1993.3150786491112,1012.7893881858085,2009.695043597402,989.5314129457306
37.587421698604125,98.10021310041238,87.4520767697385,92.4494115225605,939.0244885322729,1014.9299772444476,1012.191219888618,990.9699458136047
35.32861230985114,40.88033836568785,89.52483117070102,97.9718177494971,977.7863185323907,2026.8419599192587,1992.9396967836888,988.4687818882121
85.17638889616609,39.65684232098094,41.65746460544757,45.30982373654285,2022.1290793234402,1026.5196365860754,1003.8519095514763,2006.2974521845347
40.929024868195235,82.48290745396439,95.64246544899736,91.57580606472136,1004.7458816137628,997.0393914290221,996.3265512794687,1969.1356962350635
81.47523128100889,91.78793440852544,95.1186420526773,91.92528869549095,982.8781245966887,985.9770402848594,1997.245018984834,1016.0328931132733
36.85288308930464,34.70086005090509,35.057113686845454,43.60194417133708,995.3860310924528,1020.2437301129615,1010.1039397038885,991.5402091360254
94.32449428296778,37.40853111233294,83.7478302039652,41.76276209993749,2041.1178644375864,1982.7629457089965,1987.533751133429,2028.5297913475513
84.87046740559873,94.9507836840284,35.63876500501277,91.79919320153252,1015.9943012523956,997.9020702839891,1020.3801051408238,1025.894967683088
41.27336974392456,40.89643528600987,38.000847375957406,90.78984098169825,1015.3267574520811,1000.7342649391449,2037.0167363296728,2018.5178553682538
40.061933029202564,92.16846578210604,92.29510654339556,42.06916054831136,1982.9088423204148,1995.0601356903362,2061.886493549842,2065.2982978997247
83.72238677717272,91.64962126369839,36.41798802892683,89.0789426003204,947.6055208155541,1031.6932161512914,1968.3974903797496,2027.7730682424813
35.95350622119345,87.10146706828507,90.48619747322103,101.66149197004913,963.9226590326414,1041.1769359535397,1953.3083746777522,1001.5384317526346
35.59208496254749,38.30428371625838,38.999425853434936,87.31364279633745,1011.8450049548123,1007.35522633378,1976.8932118544094,1984.2425649321963
38.67127437802294,35.3011063530062,90.77502563473658,42.08962507421165,1987.457306142661,1970.3571328593914,990.1920969115124,1991.332937296901
90.25646455937401,37.30086472784501,86.43508550442209,95.06217621744355,1024.8524316731425,2089.598212131986,2013.1656514021333,1977.7527360211325
35.83624916352392,38.865121763640914,92.23121419460277,97.27284228633177,1010.0346485112408,1007.7849278052237,1008.793032233886,1994.127676457722
94.1089782140034,95.70036624432072,100.01974781101791,94.50976505821785,988.0902323944249,985.3918732169632,1035.1672009091137,971.0413322757422
91.74899988699609,93.9738329434001,37.320040733779365,88.77489844571885,996.5642441830323,2020.6552107109844,1036.4774251829595,1043.4121600829505
89.85640307148184,93.43697395428569,39.33654985186223,42.65167780044311,1989.7490807907488,1014.3860022017932,1000.0619847094677,2026.366693681784
37.289884330348315,88.05241428146307,77.27273680095533,88.20739433350633,1975.0438307379318,2035.7671059565516,1024.129075307589,1941.1846275174846
82.78316554942387,39.292000210508405,40.05417476743447,90.36432090811147,2009.760821235002,1005.1361819060496,1975.4193398781224,985.3630541133709
42.927676521224164,40.60607985503246,86.24775022623376,39.789905640228504,997.1897174954117,2008.5204649037103,1044.0653112924992,2000.722422910981
86.86384367754506,87.07524554718498,42.63617125162662,79.16202132720132,1994.4896729464103,1979.1938570413618,1028.7378241711092,2050.440960082132
94.04393919395714,93.64453710539128,41.9518310101997,94.28856298085974,2001.9514392999033,1989.0344354199271,2043.638717635369,999.476716353943
89.18696078758958,37.16901982573701,87.92583701021117,41.2718472810512,1004.8081629381346,994.2656522049529,1007.0116365045698,1961.70926568254
36.67911083960918,91.45793962045776,37.025214681834825,84.17588716592577,964.9916274523758,1965.5545606836135,1000.3592382229003,1003.31659213371
91.09584078143797,36.42204199062246,91.75575212910148,40.05619999052713,1001.4333104462943,1017.6704155208456,1995.0054819046097,2028.917687052119
93.4024008584302,94.65351418494092,87.70320360484186,89.99360825244369,1965.3047541423691,1011.4385048346697,1017.9498997873987,1984.047060505684
36.408311226335954,100.68472608365312,36.014001451778014,41.43137062520151,2009.7821851780484,1978.9373871252353,1985.8180552513086,1946.9486216846137
36.40033637673719,36.73085185934979,34.04491634047656,98.26810578590587,2009.7347328306678,2031.7644134958316,2001.0030515349188,1997.005728036439
37.98682845423294,93.31313730638394,40.25851450926544,84.90703170162108,1026.392555478665,2057.7710779791096,2006.0830146326196,1015.3685097170978
90.6907987304186,97.39302887557163,42.722452311834445,88.66811074019839,1989.5208427474593,1988.7173032250898,1004.3299570715981,1033.2259443702685
95.60339162273166,34.79611438076417,84.61628795053386,40.133477399145505,1034.3039731891442,1982.5199435289078,1938.8727781260623,1021.9131169432462
90.78947583167736,37.21360146757908,41.06084660110086,38.49346298023052,2022.5267978847367,1990.0291314890635,2014.848314515519,984.3516727728236
37.858531517234084,35.491184869511045,97.85445492762699,82.24710507724387,1044.915061188602,2000.693167906111,2024.1430659972063,1957.0678816973764
36.475087701660314,91.86050352589088,81.88451007096329,84.01045006171827,1016.9008604585146,1967.6163495752116,967.6812859852328,1023.6870774949141
84.03292666946686,92.63384424673745,92.36508068461448,42.02396845979736,1054.730114062575,1971.5769310178964,2061.275684335016,1995.5048171725261
39.389105896686104,88.45194018865075,87.37439390717213,93.04811796134652,1035.4619086823857,2023.1875755953133,1030.5328381142083,1012.4362368108075
85.9336354070656,39.34153523822937,38.1593374479864,89.01476185486949,1031.188711759527,977.9578397266936,2049.3871326638496,1978.9291143105904
38.14578156239767,83.09116228460378,39.84422561074088,89.40043219937489,1990.1476903910461,966.7857888876592,2008.62093668709,1988.2958436995764
90.07741491702791,39.80751030695109,83.54208741834867,93.90699036755721,959.3708019617698,2009.8634614830794,2002.3026334893068,1986.8356128133294
95.99274500134395,38.040734139395596,42.255026024535226,41.43389717264779,991.3935910264238,980.5150734889937,2001.7231812895682,1970.7823039453092
86.44379192682257,79.86631615256665,93.69373707118243,100.17391165174475,1981.0265639681656,1984.5749302615595,2052.16116059487,1970.0359227772515
39.69463366138711,36.821689486758125,38.936889472732055,92.61255937417532,2032.7515757556093,1000.0634705939653,1981.667617928986,987.372656276646
37.070974026372255,34.368389323519985,91.09267427029008,98.19304371936317,2013.1713605212528,1999.1752478516137,1985.0888169356374,966.0941656056889
87.26287775598064,38.059889673028565,86.44190138694935,96.4926069750675,2045.9949867086732,1002.1777962010906,1961.9041121176458,926.9692013007325
84.39121132466683,89.19144601190254,93.8492137457694,78.7416570165342,1994.1790931203907,1016.5816428702747,2017.1644962093326,973.125683690281
86.77407644058545,37.92652392922771,92.42562101957137,97.84959930634473,1966.4631858026794,2003.0075801712608,1963.8443185060178,1051.5011477783871
38.39564486461708,94.04168671975992,91.81129753006584,95.37264860809383,999.0196104581271,2039.0335285133317,1005.7521048713206,2040.5264839610559
83.49301016234732,88.85710781452707,39.49578068611493,88.34052172986368,1039.0552136623498,1998.172267485113,1023.4394571446567,1905.3943638376331
40.98999256194583,87.8233372283372,89.54801750932128,94.22689482564779,2054.4493606826068,1018.2612013328338,1986.017961021466,1930.9596570632154
42.435935373780424,94.46708999953432,82.64158420416665,44.84585725913537,1982.8464962428943,998.8857024670135,986.1795032770915,2035.0304411072468
40.89586861544295,38.93262414399132,42.60678235380552,46.09448857395961,1034.109374733474,1983.1047751796234,1003.3007174304178,2043.7037999044385
41.132606508134415,90.15029357203287,86.60584524984841,98.0450211727214,1029.7821592185398,1025.4457766106657,995.8364099980151,2016.9004120319325
40.63548735746454,89.86933700195956,36.95082812997204,89.35903085096697,1928.2794032114573,2052.404731751426,2052.7238893133285,1000.5413594586852
38.1465525838135,91.62924630175162,37.255074715312254,38.253847465102815,1055.3277031408857,983.7586975796567,1964.3175627210128,984.9004128637122
86.89377825538419,94.69928670946521,38.68518905028435,85.40110192825111,1002.4288563320974,994.6212146025046,997.5705303002576,1013.3285977878473
90.48563563833716,91.19185328808123,93.97707292551344,42.77472548672993,2010.8298212279533,983.2536895030312,2028.383472410074,1955.7928238154286
94.32710214034105,33.64934016149809,90.51664652496372,38.23717140671907,1979.4436065879117,2043.8927994151197,978.1955832025905,978.4442140553633
91.67144822527038,36.11574206590545,40.893288461578436,91.21875047467013,2007.204698197251,971.0660970911995,996.5338294305369,1008.6754450680561
88.9499070508639,99.80409073824816,89.38263087140396,91.54300142818067,1968.9331919762126,933.6220006543249,971.2495862255348,1995.3539211483924
91.24407444603428,39.49543456612385,86.85875204806862,85.84491009684426,993.7853081989797,1980.8971979458192,1989.9709969143407,1005.0900461361077
80.65409794214688,85.25893655298549,37.35500034897292,94.17083193892879,999.3391981248692,1981.4657358317977,995.3052004320859,1021.7292747972583
40.942782880324685,88.12612325932074,93.01389589118509,42.34853817472822,1000.8458816971568,1964.7979724694258,1940.4614573130316,2000.2154581395419
44.04412960366308,39.728245179026594,42.68575324741731,100.14798082923484,1010.1659716663263,994.4988117572002,1959.4566465326056,1986.61941990898
91.31650441652164,89.10805845920281,42.38510230371358,41.78890569596263,1986.1891124647025,1003.8896840487174,2037.370159049683,1963.291145902711
39.63668647187619,82.8680894246286,37.94632547600773,39.25802916775137,965.7659618496732,1992.3438890208822,1001.061843835391,1989.1121157758066
36.400459893331615,32.6339327497473,35.68971214673206,45.5644985397806,2030.5356463712615,1013.8739354418044,2060.859087038046,994.179643327279
96.24708044793263,89.33684403045287,95.04988771793188,48.3205013873787,1998.2358786304276,2031.081201561595,2064.2224469042785,1958.2139333825635
40.930432416904154,83.79056080449843,38.148499344691544,45.19440003791461,2033.6911716052916,1010.1929344995417,1005.5224000547882,2021.011116637892
41.3592475258922,95.84691071724777,85.3564414012039,88.13946602492886,1028.2958097355643,1022.0046289649463,994.0754397939461,960.1363974054057
37.89919199325574,39.6251987321234,86.16163697491373,39.007350472687996,974.2783118497537,985.209116494914,2001.9210762539424,979.9209290660949
89.15670780948727,87.52297984064984,89.95972812575617,100.15121524143808,2042.2420854625316,987.5126033193201,989.8316458095437,1982.2291728062594
84.7674164386934,37.79508458319079,91.21895597676996,86.82902962187798,2026.549708718855,999.7167563484329,1954.2266853534356,966.3042333146132
86.7382745845548,37.6593022756705,41.05880191335747,39.19267843360291,989.5298557556853,1961.3123653269167,991.5922426023726,992.2228435377731
91.64573985048592,87.07578542270478,87.22033638390637,41.96986636782451,2020.187334934993,2056.1838130911774,2034.890172340441,1986.8547551020422
38.00982813560249,89.93408704580433,37.109741334775634,41.41830085241969,1990.5916014826337,985.0133276932197,1943.0163834723958,1985.1732214413191
42.07568418358157,34.89930199681527,35.735582333396664,93.53811735198104,960.2337366257004,994.4519533454911,983.29738757684,995.2018052551061
42.8260439372423,98.66689694339536,36.5610277425369,90.87324707650345,1968.0386914448322,2025.8820147906702,1990.0242744649188,994.1443296035768
37.88717216919049,38.91052249684349,97.00016075634758,42.10202869797124,1992.76684688589,1017.049747521797,2012.1792648984742,971.8595829551114
85.3421334258676,37.79949253197411,95.26317071636805,43.79307965783721,993.6751464097745,1987.1376827594197,1025.444731577225,952.1723147299613
79.86674169161137,37.599898160773975,40.26501423603334,40.66183170742178,986.4433639890292,1016.3081883932668,1044.5709892980828,2032.4180116706636
89.5813754240084,98.45629831838718,90.42002813767762,88.29700726799824,993.8958934446928,1961.9320485858427,1050.7205849325146,977.0512057814063
97.80590478753925,81.71966464042258,88.25762778700451,46.62472487533309,2006.3359734545163,2009.306362814786,1034.6209999822195,2001.7989050754081
37.87819826719041,81.78030821082673,101.38018136392822,44.91550172825292,2007.174449008566,1032.0163579371915,1996.9735176298552,1990.6145761202474
38.5797136975162,84.86107779715047,39.12824187303161,41.69322215995956,1978.8076499781762,1027.5402592685132,1980.9306528496395,957.940547271185
37.71114628049872,39.83315720070987,41.7708826756311,91.856795598947,1044.6393859667164,2011.0808426986675,1006.1910942298498,979.0447383324235
88.32481214215996,39.63646764142378,41.234344048547776,43.32376163360098,2014.5098462304225,1937.9866660214052,2048.090596848693,967.8213359254912
39.34041839852587,91.86056155062789,94.00433091791682,43.664717653409106,1937.3015762763532,1022.5426221585726,974.2362466952264,1002.4825277056672
92.11894050657352,40.875321255754756,109.94028244740551,83.00175237650355,1992.9989298541743,1992.2493888688448,2062.321405446562,1988.0408132658588
37.185935103961334,39.32299668762175,95.2791971762402,94.15946325284338,1990.2494138214704,1963.1072271801222,1923.3302145358612,2044.5442730995994
87.0621181022653,37.2561977252831,94.38151241578389,45.06526847088514,1972.4135601671805,1971.2594139606283,1004.7718549816805,1051.9940346512367
82.98655786403354,88.49751086293477,37.026907192104616,43.15956112699253,1980.817252170956,2017.313964331658,960.8309428536622,2020.770089169619
85.44356228089849,85.90642900565253,88.99541439776497,45.12000414298354,1988.0777847586414,1979.2321468361665,1975.6156344511414,2005.518574823932
38.4196561864639,87.05993833672343,41.03321599895567,89.78148825838294,978.9600840043197,1979.2997461535663,1013.9676429927181,971.6689178395987
41.5614970792176,83.64428651929956,84.76983168058793,43.90976149808601,989.0458412928168,1966.4579282501454,2038.7575465950022,1004.093596604516
84.6385968195266,38.85483530033698,83.0137150112477,44.267911005207196,1973.956734520931,998.6593098944186,1040.6951948687133,2014.544167603138
30.532626050932457,38.34255131163685,35.59385590009276,82.89258711304473,2038.3060023088408,962.4959871291758,2016.6790117203232,1988.5212502161064
90.59100134189055,91.1954151817933,97.22997815671876,41.690231989787094,997.1340919020552,958.0887177893073,2022.9812869493285,962.9038894221503
35.48259466818082,95.70065696892232,92.79211858843979,44.98893441209404,979.1565351995995,999.0238658305861,960.4510102904607,1972.0423419519304
35.02496872492887,89.16927908811469,97.9791694897271,45.18642627354741,2007.0373358162367,1969.4882583241322,2011.744219420843,2012.286051965444
86.01226023340982,91.24164759449343,39.58397352719537,88.88289033113043,996.2117003962206,1001.9791143696657,965.7498121693816,987.6105207930854
39.286174284183296,81.94215817708182,44.06887186128455,87.33373512561795,1987.496181747093,1011.5082329697284,983.1497180432003,1973.9797052227777
38.550993069344756,82.58315539657892,43.53166374933338,44.60951964171521,953.179581502026,1014.8223936894374,1969.8683298837623,975.5532711053092
97.98402157987853,92.02912089778816,89.26141144817417,88.42299904178093,1972.4692128613171,1990.5037192945558,1005.4016967449577,2018.4817159730487
36.69617915829498,39.432330522320335,39.72187411795033,90.39562503518864,988.3030939760113,976.88379299085,999.2175163062478,1966.4751997117385
89.14541914703943,37.63748910766746,91.01639862614667,40.274462649361325,1000.3976983288615,2017.1529414365782,1996.3746309702067,2010.0381941950054
85.41667979177676,39.163308605574485,37.82994976582329,38.7961946585586,1980.7259925852268,1982.2847853633527,2004.186013183291,972.5129715569035
37.975048985791275,93.02431396829631,96.06995822159413,41.943373743237544,1950.8477334898932,1970.7838220050755,1007.378395873175,1006.4763903635383
41.07029948950254,90.68642280206636,37.86356010926907,92.1982466891366,993.3349137073516,1993.873166539476,1015.3540723772462,1016.4856081906771
100.4208292203562,36.74396048775944,38.6833139287389,92.00584623907203,1972.2797950646177,1031.704639653447,1984.5934391304897,1004.2260585572503
84.37086190802289,80.19307139258467,36.929767105243236,90.77474463660073,933.1550829815942,1020.9379126917888,1954.3157176982713,1983.7018891797406
81.46709684937497,90.19822526673434,88.60177095110433,83.15578232088762,1994.3053880766072,2026.2803019789633,984.8511200484609,975.3989786350377
35.365369117471396,86.42981858091373,94.95368702667648,39.64764974018328,1010.8864053452421,1000.9035975643753,1007.0005695567321,971.8542848052596
80.74087051267199,86.3618873303716,84.1110113540942,97.05096406123987,1994.1875167696194,989.7892617419741,1990.1112785337912,1017.2209560955962
38.32513570386048,82.76088823840877,42.24294173896075,82.31079666445382,2026.2726015907986,1016.9338395654336,1039.1067088114773,1024.0166561107276
38.63159984551278,36.79856089606545,87.39372079556999,40.74704667369501,1014.1113652531582,1037.4248541517663,1015.7054314812544,988.4057119199406
41.32661569911846,38.64831964621894,40.73859766947503,42.59246611721445,2025.5501413452932,1023.75013165154,1993.6224972816647,2006.783295834518
42.4441651615555,39.30410036591147,39.78331135683857,48.12823411284711,1992.4734845637577,2026.7568472319804,1008.5757170198162,962.5829160008707
39.03860489474934,76.75879535623791,39.76246703045888,87.27141245120872,1982.4061878198345,978.056100096718,1985.1335430367383,2020.9244439011354
87.40302399217153,88.29458370768674,38.997567821475364,90.69898734542414,1976.9913721997896,1976.7519327166751,1023.2119435646548,2008.1231370384396
95.52624436561761,82.0855237954987,85.73699980738769,87.84613283742877,1978.7106152124045,973.8179326929851,2017.26157500216,975.6164051889734
90.2255227513206,89.06760079852215,88.05888503403776,42.65065124466338,1991.7892576152376,2008.3008172163136,2016.3067354301108,983.2262262600735
38.27274454220242,94.12953739174966,91.42077492829449,92.80058886986856,2023.1581816597554,2019.3828361221406,1962.1568788700101,1957.8627852985876
92.48323354589598,38.52816954401004,80.557970565926,95.21831965373504,965.2286788246722,950.0645818484759,1993.6196252434718,995.8617657116343
96.01273342888952,40.71222548537423,98.73551457762336,87.51460900322955,995.9513728096913,983.0213794015626,2008.6061277893243,1011.8055030099787
37.360694288569334,91.37331154657772,43.35148736674236,97.26291649906675,2026.8918060835392,1023.8120793636048,2014.3774965814437,1050.5794139818229
36.17820475353143,92.7145497534147,88.1237159255415,98.31746969932149,2032.9550757393952,1992.3795625014538,991.3197885379893,1001.9625242607951
93.91632671656056,88.66297961613905,36.8736506830284,83.3725257070346,2010.6186963368373,974.045984036582,999.5039427242759,2028.4782500406395
35.56377648617206,36.635380157992046,37.20330822536701,39.75864858554947,2002.9634806935153,977.3089542573135,2044.8958709525316,1984.833842506447
99.21165455565713,92.0563556033374,87.86600880949513,40.71150465052005,1001.1860400823144,962.9661163361545,2020.3107633757022,2010.6771578308044
82.8409682120501,80.36389801594291,85.29135402410674,44.408099552443886,1010.6234576934205,961.9889672280835,1972.435719115617,2061.771293188924
36.66303334645522,92.25475861828835,85.69649234902364,84.53239637861248,2043.9946581639792,2029.0244618238019,2009.3920442949752,2001.8600528278891
34.47595613358875,36.51259929240579,40.550708390726996,37.59754320706263,975.6465466751154,1968.3514637717117,968.4324576200625,1015.9346131662418
81.28207243989327,87.44325871044953,89.68351729064,81.28553948034417,944.3902224901985,1021.169896714217,953.5045310410851,1000.862150991288
94.90746821813966,38.945687381072645,86.78308712529564,98.72054382196252,1941.390281933549,2042.7852595045306,2040.7532756944045,2016.6692487985106
91.57577249261986,35.88475250633298,37.701590712711024,85.73059743038769,1970.5989676512563,976.6940710761521,1004.0868619946705,1963.899401943548
39.196585667381726,89.40160658363703,36.035477138471705,87.95408354401391,2012.1474421539776,998.5343730254775,1011.9417498267806,1043.6167861903882
40.06516129284849,91.54113016746317,36.654367490911184,88.00474194426899,977.8834111604806,2008.8053470716131,2021.0895553536466,1024.4810825583218
37.730360705712016,36.544723036581836,92.58051152355006,45.48320894193556,2002.957597168376,1042.4879095131573,1027.7583770364276,979.0131295991862
89.74758021648296,37.99735859571426,37.36568092343647,89.56268749147402,1013.3445799008142,1995.681376472015,1939.079702339459,994.7931211934231
93.31117654193034,85.47122820056475,40.57850237590079,91.94545619578574,2012.3832690105303,982.0146685786382,1002.494029952166,1987.266947121741
41.02015112844714,91.56254041400287,81.53478314453974,90.53733232468608,1941.803918151872,968.9994922900112,2010.1254847207779,1013.6870312045567
95.4825991500331,39.316878791692055,88.65793375524943,40.97169389091678,2020.2100374702889,2044.4695374287874,981.9232699659815,979.0911157230404
96.20435411887034,36.58708961988867,87.9023046615189,80.31157855071845,2027.1208083825377,1008.738108757859,2046.2008877091523,1005.3904827386352
98.01965187143652,87.06623250283387,100.88815954054884,41.88627311256293,974.8825686426169,1020.1579503213982,1998.6823922086862,1008.3810574102542
94.96994362566326,94.5881756925692,37.718735856837725,40.55029785065677,1978.4448790329484,2001.9122629959634,1979.9412495222364,978.5796879002864
93.02591305332987,88.80356362824327,40.39573812053308,42.42329383184114,986.8367859684984,2017.675600004571,1004.1996765973531,1983.5730024712427
86.21989830459155,97.96145995049775,44.24442545270314,83.80498316669367,2065.077492535126,988.5021296221537,2035.9486542533905,1978.6633100336128
90.71616650648433,96.86705218703366,43.685055590835795,41.1420562881115,1975.5491715345058,1023.067153255543,1007.3914048456832,1967.2540096827056
98.85913420129172,36.02749261112531,41.02932550093388,43.11711001528715,953.8695777338598,2029.0855030839468,1980.191009660081,1967.6053524814517
76.51632659050387,36.025883048311755,77.7582962270885,45.29700408041397,948.5580631808975,2059.1086907901554,983.6734276508355,972.6546546839639
99.70889876759011,38.646123626065375,42.897007076850045,86.29721809557655,1958.4455739248237,1998.1739093330225,1928.9891912936819,2002.2612387356226
36.73418545197573,40.46625809721523,42.04039704469514,85.47645887134031,2012.8733034395848,1939.2685881419332,2028.019238879164,1033.7108740533492
37.58797633571105,35.20866097282268,93.57243473577326,91.00154530763898,1974.487037631084,2016.6071062786768,1971.163036688104,997.6457375644297
78.48621495443467,34.74832495952371,36.99167603157337,43.93359409708067,1919.4474835730528,959.9001644396242,2025.819812940905,990.919024920866
90.27304218771258,40.19333856422067,85.71946721372188,45.84195032891996,1002.0020412990223,2070.9389404774925,1008.6275447648891,1003.5751633744555
89.49028621136212,92.38591718029275,40.728543106592184,42.44713086013539,2075.239846786982,1013.1959850258966,1009.7541222520344,1011.146379129027
42.409387259231345,97.20019661529409,92.7104722249866,93.88652753342929,982.5447042014549,2009.2968788704688,1986.3740241907565,2046.7537787561446
105.77225832540452,38.87655756395513,94.05355703023534,78.26684459010299,1996.346580307215,1014.336362398687,988.9408607437881,2028.3148530813285
39.30409177840683,91.95500586767636,81.38840435803166,93.74810245638297,1001.2567837554462,1035.4023909010314,2045.1625049854601,984.5553065363134
98.93592008376906,86.11082048906754,36.69750465264926,86.73317652661409,2046.0992873295118,2035.7377270318216,2025.4182528709566,1981.1056065152932
35.7210594037475,38.22331132925879,38.20092501470039,42.95703735949211,1006.5070777470667,2022.2778740602087,967.5251655906919,1997.5952576195778
36.49958639757426,91.81390253882853,37.886229069950815,93.57613427787176,1962.8565361454637,1004.9472972708766,2000.6202903851004,1016.7806742600383
89.76070738740243,89.62690155204025,93.21178301790391,40.65274371642903,1999.7350020231777,947.366116556251,1025.552431950458,2007.258912340972
92.13532118552017,81.04884761873923,99.95268621342059,43.66019352228167,2001.2038182406266,2013.229155814256,1970.9456233974015,1975.689618549695
42.470145039521796,80.31125753801923,95.83345007330314,41.20996774059823,960.7929048364406,2059.788943894711,2007.734944508755,1028.2967545293727
80.14563317126066,90.62864689767244,86.59422637137502,92.48100909356097,962.7054562076968,1049.2970120121554,1019.6682927662098,2010.183871573017
92.41623225308308,36.932461798903084,95.54168329619488,85.14451316396098,984.3758053980191,1035.211106222811,990.7684449609094,1949.94394824357
84.53612458804163,86.63952976391646,91.35796258913494,45.040671612621146,1998.1678009493155,2010.7724589513496,954.5176055351757,1989.2567435569574
92.5971977669732,43.56298499600514,38.635051559071684,39.87738872236727,1956.0488348435238,2022.2972307469217,2015.7284349082424,1032.1183052807246
82.99742561557764,97.24657868192654,91.93121348448419,82.8541088968177,989.4620994874581,1018.1508293533441,2022.93982872106,1949.2085223072568
34.202961376458504,38.49850289972943,40.036498948083874,40.43024144349067,1978.4484462050445,1018.8282245517142,1998.06323268894,961.1316637128417
36.6659470968232,38.15519368827532,82.27144541785842,42.81231045521271,1999.143795261358,1976.6162549112641,2028.3774096798702,2037.480845526749
94.03073556085563,85.32518293888815,97.61417064157077,100.41747012468865,2021.02787291947,1975.879932945492,1009.0871611019329,995.7103275089742
39.14247978211628,92.53402370724726,85.11392587561657,90.27408191515315,1958.2212816583433,2059.1893237371005,1972.9271497729128,1005.3162361707821
38.02243956132553,34.89432931669529,38.537481787063804,91.29201683455723,1961.0468465124443,1941.8075017424296,994.7824443658369,1003.5526186392268
41.838347277517734,36.96512527991757,85.56694860166317,41.986368014465455,2000.6495805358747,1001.1231360274408,2001.1433460362064,1019.9239475016175
41.285299700044845,90.26518466600956,37.52132941754816,87.00086153645397,2048.366714106397,1034.9838924873266,2042.621467634386,1055.7719241909756
37.62591929373113,35.313658659506714,38.00104619801502,97.42144179859287,2068.5472633410513,1938.4041008636991,1000.2952220769412,1998.570314449845
77.99337215672334,38.285719661371445,39.32842010817552,41.86044585276301,2001.9788192948465,2013.0814726286792,2018.1131241454834,2031.1507714084935
34.67334712970518,41.479492596219146,87.92101663501647,97.73678705247605,989.1782402700171,987.827919257942,1003.5222160272399,1046.28165674097
88.55321961010404,94.20316920424612,36.3714183679982,87.89702975992923,976.198566849392,2025.0448480767466,1007.8842425344299,1030.3549117317107
88.06077619586105,89.3966326011504,38.9444137068658,43.66532548044838,968.3136494348214,1017.5351151762644,1981.1549195932316,1007.4054457959824
93.1679129576423,92.48616296305131,92.8107764677881,41.63975882810662,1988.105954594041,1003.1996733857854,2008.6435295648496,2011.2959123131423
88.17268357344192,85.99648990272253,91.3806729850988,38.38808861167889,1000.0214773860423,1952.5762390432044,2016.5838731534952,2002.4224145949213
40.83683334317247,43.02049275279265,81.77549166984036,40.176779836089686,1972.8923390899163,1905.8706027899855,1984.3495025637944,2017.959641440185
40.56335422030689,91.29288858517471,81.12138691952607,88.90841061725281,996.6069077440388,1929.6489124168713,2005.4935812317829,1974.6051846022813
38.42146909169662,91.17832904462604,94.91245060572179,94.82528856036961,999.226912295698,1983.5042867577156,997.8345059380265,988.3751707507098
37.460005964104745,36.137822436872085,88.86679748109349,39.22565078718818,1000.1138860906627,2050.115925584709,1990.908876729507,2007.5214727810167
85.96677595198496,36.7899677913189,95.68741664710666,40.0898477982782,2056.3150251995207,2010.8725412863903,1963.2353242310965,2066.0286380354487
83.7345120769559,87.09339834695194,94.13794681824068,90.67973589650666,1018.433629574461,984.4899358089293,1012.2346049604982,1979.941277349748
37.57579869880381,93.47216613351019,84.51649333488939,85.53239399717864,1018.7326308841286,1922.2904502927972,2048.341246252542,1981.1198569383762
37.90642111333263,35.18940033001809,35.115628984356434,91.85981056442836,2028.6751982281708,1975.9026429401135,1989.019688864609,1990.4301698455995
38.52797272415869,35.33766979238679,33.2564041812326,49.45476802615457,2018.4577526570986,988.1930168716895,2037.1796199961443,2010.8748661182149
84.25193392005448,38.17582604550077,35.995845622519695,93.00074999292993,1991.1766574289222,2025.9972619437333,999.4601487308528,2012.514268178133
92.59824909109412,81.10374559570455,83.844665305109,41.99617370708739,999.3608264899401,940.3813896783524,1996.2433423013147,1990.7561681898176
89.19247475106435,37.550556866193595,87.85411476171745,86.75626061765803,2003.0252252879995,966.9719524818227,1003.262487994218,1008.3052716976559
88.57238920289544,87.5418348187592,99.87748229219403,41.40572687247386,2006.3558027114223,1013.0641475647282,973.5622675126162,989.6921488371177
97.98534423950137,37.43419932308543,96.7251824842424,41.04594966203041,1040.1443637484217,1932.0097967961242,975.5198775420714,988.4759705719655
93.24213492707952,38.64679841415909,35.42586486342539,38.6014101243276,1055.51811371984,992.5941689685262,1980.9931765221113,1996.571597617409
94.16595540951239,38.14268079751581,34.29309677928594,93.17387999312066,1063.8757991203058,1009.2376810715907,2035.110229062537,1950.1604584139593
38.794931354658345,89.37592168259587,34.34821084099835,43.17833260404693,1027.60996266083,988.7326774338433,993.7249233060367,1009.4825955748689
85.27270013370277,88.68163730428472,39.56061960103729,87.13716416520529,2007.1387025286824,2021.415493953726,1992.5748011214055,2045.5663654434527
85.48194099132783,93.51692262129093,45.30472948886313,44.009197038643016,2022.8492600428783,960.8419434399539,1986.0850354599572,1998.8724780920697
86.72678729947208,35.63323049217249,95.48406388897486,35.8061281847946,1955.3738552950865,1953.273199619635,1004.5822306622605,1047.9464878388876
32.9215459025271,35.77987112519931,90.83302171452134,40.48631395778118,2035.218873575472,2060.73796821333,2022.09889415384,1006.0970667455007
92.61260030971174,38.028188043863196,88.60904739670168,90.55288713847956,1990.023840769163,1998.427249316435,982.024864938469,965.7923332121163
40.71440352206686,36.87087972735448,35.49390229980115,45.98378955097193,970.0864644791807,1006.0308780355581,970.5872717368017,1947.750542013506
40.31614075675479,35.72443803662378,83.72893806077437,89.08929044341988,1991.1369634485504,986.401137243297,973.4382018116432,2002.3742103794536
37.811344189891855,37.16966977131791,92.55459072242299,91.97001238030712,947.8347713884408,2032.0362004187298,999.9452701729301,1994.4321055714302
37.85265873564058,84.4044813663079,90.17434315052685,99.96546105021434,2034.621931151339,973.9308418826288,1979.324980557823,2035.7653118753876
94.35614584241254,38.495259149194254,39.04892682948731,43.363826012272135,1015.3160916239163,982.130812041422,1988.8506635264441,1011.608491976941
35.78454209744624,36.829147430457475,39.896867177856194,43.39227958123396,979.6522452988979,2015.3654074847632,1030.965688227707,1987.0964343124413
89.8078520197591,36.37926446558449,89.78361218676808,86.46533868869882,1016.2035411094444,994.4822164355281,2024.9619611662174,988.6427975209615
41.145423703477206,35.954445942889826,40.690204088852354,44.39972453821693,1067.9214620205182,1970.178627966829,1001.9547878860735,1993.8322519859855
90.30888647845563,92.28200116610397,41.55657380186992,93.07849182335912,1046.7404794251302,2065.950525284478,2006.8714955929738,995.1721559248192
93.14821917452099,86.60742023163955,41.61069107161653,86.00117282568834,2031.4996427050821,956.4477765959467,2014.970161663493,2054.4811117958966
89.54662742539139,34.535281749034525,88.59064884546791,87.60455084294566,2000.3572666539562,2000.5563937811883,984.5643143790378,966.1841862353645
39.058654053134745,83.92042992661251,96.9312672485034,42.25431004225442,1970.549302339733,1996.6298680615866,974.4215551717756,1934.8857565067947
38.83329537532956,37.42370996121109,40.8361902982545,40.329558172906836,1960.1737644757925,1986.6192554436236,979.2304831687663,2008.0163016368297
39.97217264985819,91.01820054408324,40.903983400409544,42.39874223261664,1954.489733696087,1979.447336324199,998.5912909597577,984.1310025631296
39.46410891505008,82.82237991635547,41.44312020253918,86.95240535703314,1966.2815931241064,1041.1848584813579,2011.2249480394476,2042.5214049887786
104.77116630486495,92.45411397650108,36.0606025186127,40.59520537942966,990.7315722946762,1018.088870708935,963.832973419943,1967.1036271756213
93.16807876864937,84.69575330961055,34.4296447245719,40.406983549967556,1006.5461388324411,2035.8756411983757,2021.2759901829932,2036.6136774933595
35.0900608448158,35.23852936906735,96.47336171284593,41.21718467946721,990.3945865281735,2026.4343838465263,1995.8543487409167,1997.5634195597358
34.029250577656896,83.57946906576774,92.08668337125829,89.67673110072195,2013.7187641025334,1979.105233445652,994.697296705003,2032.5699742197971
39.10760661374833,37.61628562026341,38.300077298972774,94.36748369894492,2004.9896925498588,2022.0688516859102,976.3126526775648,990.8648567704931
38.37277836467657,90.14700418827343,80.67121971759096,83.83029782200262,2032.5678892030528,1012.0678026873497,981.6959060274514,1055.4231353783407
92.21129238178438,72.78221189344907,35.896414897989416,91.8867388259136,2032.9142799303975,1046.1563683275754,978.8812235814938,1028.9360767358128
91.27735795136641,91.98811430654008,36.97720124713661,76.60479468762047,2000.126559636192,1984.8126917777267,988.8908157353064,966.2165942691195
38.447592368028694,39.19245815968193,39.842668911962015,42.862347033073405,1999.1460217296965,2024.020105978334,981.167688540556,2012.8414126961866
92.47941615400245,86.52279977407929,39.5492479118394,43.26046841587771,1987.1126267148466,1974.7951824766994,986.9242225041769,1952.543842788082
40.61737103971082,90.18659829361702,86.81902262684743,43.640879148154255,1981.0398635415652,1007.7865513372725,1016.2941849904257,1031.3189208577276
82.22818636676493,87.2032854941506,89.91940395363886,82.29853246377765,2042.074038494805,2042.3527998944796,1011.4606030725361,2036.9048631027363
90.34916210999477,86.77477337083648,39.668549510117934,41.40194899395276,1022.8573837697433,1972.3195475623927,1985.1810259735805,1969.112414038066
84.11858676983871,40.43812833013651,40.21882807698219,86.3431456686662,967.4981586198244,1984.8640681833456,2030.7791908639047,990.3376581679438
87.49081838748765,89.44837481910665,97.87036558010958,92.21858503077513,976.3846999903749,2024.2516540855918,1981.7680076082397,1928.9267198885802
37.35842456142726,38.50406993868471,38.81987975718354,47.14586441932714,1009.4095100709296,991.1120098736146,1950.1030409146497,984.4542149741098
92.54152162551051,38.957622779785076,99.82563698796335,87.65454012115585,2007.9138134310376,990.2751847841238,2006.5088867459674,985.7586605390845
82.90337066251693,100.18014788470545,37.141283771028114,42.17080330340153,2011.3675315145356,974.6958232192642,2038.4690177945158,2013.2641057311132
103.13158973715275,38.15993063364536,38.2673212863528,43.68950272941365,984.4793577567768,2019.8382860832362,1957.350245731923,1064.1660905780018
89.12692974112794,38.15172840455115,87.87148841913834,91.17801963611248,1036.589340706306,1967.3820813225364,1971.0969967648653,2011.6298599179372
32.94640596716394,93.95011781584579,37.33946264860572,43.19903537266069,1062.1337548192846,1047.889176068593,994.2120907936564,1986.0632698670265
87.58829157056718,38.232838977725876,87.54820955224133,89.69154380632382,999.1210833914347,1943.1315333624764,989.4690454870969,2015.7492924562634
34.130232962963376,37.76503786622756,40.97880063562564,40.97108497195943,980.6821092157275,2014.6392376773426,997.144419839135,981.0255305779524
41.70475609964448,38.12743011145791,93.44860700286375,41.500665332785246,979.5277781596274,994.4863638741738,1040.7310120282978,979.9740760134969
38.873621971945774,92.3228700651281,92.54911935474063,42.65229256066719,2046.2056506339927,1022.5694589241285,1974.4424106307765,998.3955889320493
82.2137961771868,83.56524042732107,37.10670495297301,44.281735516153276,2056.461369577384,2051.0769173863864,1982.4925658744908,1962.6539187460135
92.33546776200419,89.90404986458066,37.84644536415928,41.4434464541453,1971.9850272411952,1012.0347211915052,1043.3120773685564,1007.59662279566
92.26862347193149,83.29538290273996,95.50614589023607,93.50807303969536,976.278901902982,1028.177744807029,1060.8144856698516,993.3106513300331
36.83854674041544,96.3552106003579,88.44651633783447,96.79763684899466,974.7066629627091,2018.918538109884,1006.146405821489,1981.4176929196265
39.82260748539583,38.503699021090966,90.82991993739505,100.67740286575778,975.5236532723293,1018.9939510414383,2014.0455692876978,985.5413563209881
42.3214559051314,37.537354757671906,86.24491984602633,41.26721179549979,983.7910123508466,1996.7706417304555,1972.1334827285107,968.224655445797
90.37326358074176,39.60088761029658,39.39364707137749,85.00170415009572,998.1494092182215,2006.085964070306,1983.4106132952106,2011.2166300066951
39.77508518188834,78.72938876090716,87.186417489089,95.56197524311277,972.6942314868518,1045.681523129602,2066.0136738140523,986.0077784773316
86.87706386490484,86.30453342729824,97.57309896474521,43.259097226584174,936.1692585215237,1973.7130596635313,2007.8093928373792,1983.0488378937587
35.672719487455566,89.33051762262187,88.71443707813351,42.34595069497218,2017.178847831247,966.5866722543707,992.676327911703,1980.7234973803706
40.13957370071112,89.42104744028238,80.98400454073047,42.22064425355998,2028.497920785717,2032.637262744037,1025.0312661653209,1000.4811127879177
82.52300358204857,88.24330773275403,86.9452215467032,38.31754261452215,1001.2132576107081,983.6729434407384,1025.439818935933,990.2586625200452
40.23802931883401,38.660236006176675,98.46505591784764,35.79225392269771,1994.5417317078372,1992.0244971825075,1017.48351769646,2072.133752475545
87.99306386195897,96.34888182502229,83.86102855164664,79.30849889163015,2040.8500660062502,988.0813646317863,976.5453604358922,2029.7279351695615
40.379910257747326,90.12257371965967,38.35762068782027,42.36399139509338,999.4874954213724,2049.0946015954446,965.6465084281888,978.7785585686249
88.78943464816844,40.752579078777785,84.69480152689817,40.84493856947286,1004.0414615031561,1972.3361568820474,993.7904942972225,2052.799410747471
41.08292242584199,41.2845907519053,32.64043453178995,97.36691779687965,2001.3742702555144,1002.8581559167412,2005.8369116643762,1999.9267767378801
38.880913324326244,92.27869816856978,89.32521803501326,40.72833107154074,1010.62948319817,990.8706599815753,1993.7739493005488,991.8314074881517
86.73381915349795,38.84335683285623,96.35568038491778,40.682922852591446,986.6565623952204,1973.8211421543915,972.8122559285005,1989.3962313080378
92.44570530506773,89.88773145040133,40.680655958955484,44.82040397287154,1949.1649352202328,1022.0775049380138,2012.4543472067292,1954.2515821553893
89.76847458775067,92.33797999887142,42.475793795891576,95.36259808646855,2039.596077580771,2013.4111052401656,990.7123275833655,1985.8560984113444
34.64670016800132,38.010950948749425,38.41907094855827,43.47952549896966,974.2473345983689,979.8897528629284,2023.931616857334,1037.117712649022
36.34710648769939,35.001638948468155,37.99560648523702,94.19440678212116,990.5530305378475,1995.9810231764548,973.5729962638843,1998.170041431605
33.48243219195065,35.671061077750736,93.50447550087196,36.16681030080026,2012.5908874721245,988.7322908580682,1007.1614608277305,2006.5364666183234
37.92594961941495,91.47721810736763,42.69250499593961,39.287217136878795,2003.204922299377,963.9232530404608,995.119496812248,970.9029438185919
94.45883756098877,37.014810882073945,40.25401276342707,93.47931472404126,968.533178407765,1956.9957519562636,986.2640943698353,2041.1874244512533
38.59610704827024,38.090595868084904,38.32255281950067,41.629641225751264,972.9911536168231,2015.8020156765833,2022.7529080726715,1964.2442757191575
89.85168384033344,99.4710885160778,37.16693685701366,41.372879970801336,2030.5347712316166,1976.9840924090572,1981.2878090702288,992.4394196455198
93.8712531598952,87.42983517839957,38.92654936880113,41.37013502202589,1009.7876145249618,1984.4041972262319,1998.8564154625458,1027.7910433551137
89.42112578371604,34.12164290786113,97.14534219245088,44.425577748475874,1999.8422896346035,1963.2431727059106,2011.5061318984656,991.7404270817406
43.53322952846079,36.675701378885464,40.85087086527862,86.50944891183792,1034.4741855102052,2012.8997280788776,984.460673185469,1975.045085998932
39.3938595739277,91.62012156467402,87.13709081561737,44.40958600738591,1048.4516846119009,969.4869767716878,2039.616228588417,987.7151363305873
96.03612006453764,39.82240354453948,36.605859054949,44.42591557664919,1023.4530471489716,1970.165516371233,2020.3905997612048,1996.4501245334593
39.57011570783159,39.10523364015559,87.72058012815059,82.84720432986168,2005.228462726399,994.4950416983655,2023.4349998556993,1005.9550605684792
93.76615519935218,38.433316413992515,94.9983039459578,95.29107101059628,1007.5547845555212,1006.4284623725061,1002.8273162358918,1010.1520892623423
92.15438378429661,36.93654558737191,39.14264695357988,88.06686077394765,2035.94984798245,1983.8721751397563,2038.7120236862318,979.853724079889
87.97496572699423,86.11902033862805,84.7545902975558,41.087760018538674,1982.4267650229194,2056.718437657234,1007.7109471686719,2009.3420898527552
39.79886880561833,99.28995837144404,91.07409185116839,94.22955835424958,2027.1699257796172,2035.3934199894265,1955.8228053717146,1004.1513670149197
95.22002034311465,83.72550358657136,40.009445172031946,42.29129087165974,977.6988408421344,1001.4333517168915,1996.0855463931257,1014.0326913186325
40.91504185965045,92.22171579645953,40.44087525676807,92.91048059568845,984.5309209217445,2064.654721371858,972.2884510749132,1001.4313020102129
85.1245073165362,87.28259292589603,41.229669578853276,90.64778008692585,994.1102988202126,1006.2572748446793,1011.1191760694874,2018.3464279817897
74.34618357861159,37.57710507387824,42.17493390915175,42.56101276251199,971.3080608153614,2041.205584165606,1021.0660323194697,1968.2544706896222
39.53105975014562,35.2675055389963,87.18955933561995,43.02159490470164,1969.5163177504014,1001.4240629522747,1000.5825231720335,1030.6876242331173
37.96536410575051,90.10420284752453,83.97842486349613,98.84601566920585,1069.337997436956,2012.6628433142255,2030.2738975698908,1024.0525227671483
37.47946509891412,34.97996309663103,91.63751236217662,99.33503930054911,2070.3016839890015,977.6108898514397,1908.302237230437,1012.6457126759468
101.29717598856372,76.66254442651284,37.98488456116024,93.8698999736479,1051.8239703138647,1996.670910731341,1000.0007417513377,1977.5360380151596
38.602841888681425,79.63598470356152,87.48113244186598,50.177919203129974,2038.9813325925984,1006.8380968316519,2007.9010051255027,1005.3122171156738
87.4026043273213,91.99369558796664,89.38712793190798,46.05291854418154,993.3696797833281,2018.709151698301,985.5875956485994,1954.0286842101002
87.76685710154054,38.166277776773114,43.473319497065205,40.55749668993944,1011.261381293461,997.5130795661992,1983.5835230600524,1949.3115566765252
36.52227480167041,90.11742815147612,42.49224244462477,41.977674249394845,1016.9252208694866,2012.6023970149463,1999.5225666343633,1018.1102840765575
101.34331105760288,35.20714081821223,94.6844213265915,41.924043342804936,1963.5788223555157,2044.86914760545,982.292162825599,1010.6480400036213
32.90706354489822,89.55193375084608,39.62455462606451,39.796533116270325,1963.9427490585595,1027.9898337387153,2034.9678622582273,981.4749572285446
33.240813032558854,37.66065587905837,36.30427804854229,88.35977492451218,987.900658166855,1011.903114790194,2050.6960137847022,995.4015845320989
88.33600981026937,36.911219911134836,89.81426049179196,85.7312265261386,1968.1908966563235,1035.996263854305,999.4692796942243,2006.1271096384935
103.53650393953957,90.21960127602505,89.69202476540084,41.422135497176,1031.3884979071147,2028.4234706010436,995.3876781515771,1987.0354790691592
91.5444065789588,36.431204679904674,88.32574956331439,44.88807624851712,2005.602261358512,1966.6030053671077,958.5032431724827,2034.067104134264
84.01570450442595,38.742002161054224,34.124636282451284,40.573233054510396,989.7453801709607,2005.715379348065,1979.5913869846738,1987.3763446991638
93.2556285899595,88.77796915846913,86.90569246443825,39.56062659006186,2019.927399524666,1006.074980031781,1007.7705401542503,1998.232864985769
96.57478745861522,91.0539261875755,89.70888483590983,41.10136869430549,1950.0743460757042,2027.6584516658916,1991.5922061872236,2007.0088673713753
37.07275109481287,39.02116420728888,41.03386242276312,37.832511212888406,2018.1879850628436,2032.95912520433,1009.0099000650705,1985.52812297261
37.75693840951554,37.49514432227207,81.01492922900351,93.85646798087336,1986.235053689258,2035.5509290644693,1003.3151432296618,992.9238618596418
37.27529141385275,80.13797973969858,35.51835873989157,99.02538988114785,2063.340802438929,1962.793635011543,2003.38725783052,1938.8482549751632
87.01633580580703,35.963751639618664,82.76589423490738,44.82874024788748,2070.7057109327443,968.6643387566255,1971.1824052300597,1969.201174958931
38.56864704518452,37.81650712798564,37.08430646797955,86.10253275066593,1998.1264300406185,1984.666712326984,1977.2434029592919,1015.967685673087
38.36477416249724,96.28318192019447,37.77481172471972,93.92803835460876,2006.9919536212324,2060.9091526600587,1984.1131635725756,1992.4797402324539
37.80430941360795,36.45982734954872,96.94747321463942,42.75403060436002,1974.1551588991827,987.1640883416387,992.5922750041424,1985.7031291643204
84.61581286939743,36.88031921376223,94.39463020031876,79.34395023983302,1973.165584481557,985.3464747188714,1971.63534523839,2071.5496142598236
87.25237757381588,95.27046883344137,94.6464165530667,48.59129659173685,1012.6863398663942,996.0533258387475,2000.4593849271348,980.2959621236996
34.89850871900908,37.19809770766703,87.27052700667701,92.00875778279493,1034.4751868782541,2058.9390004857114,1963.0309458980626,2044.030439174647
91.49215037131746,88.65976181814663,36.4909803694849,39.51657739876085,1028.9749754441548,1000.4856643105959,1003.2812210007038,983.4789176274405
85.11637341228186,37.38131832060447,89.29178468007038,81.27802460997289,1964.857698526808,1982.252041494781,2029.4691234048257,2012.2190657533995
37.09793589385035,39.011398816596326,92.17709991932529,41.14589712143707,989.4743341478087,2011.7235963887656,2005.3278777751718,2017.3956113558338
93.77328753056683,91.11205703976444,95.72025772435705,41.539261606136215,1994.15164709557,973.1591887233311,1010.8206433054222,2007.5442563038862
36.943133449166886,97.99031277255152,37.106013373703234,89.88034590143506,1947.8777894453508,1017.7643888563559,2030.5773005629928,1996.2485102709923
35.617390528422796,39.929774786608064,83.69154496943176,41.403211424157355,999.8146654427879,1054.0292631952536,1004.4498309149428,2017.8263489917583
36.70869032516906,36.469688843480334,81.63070695643485,41.89999364217122,1942.0291865005465,2043.2698132136093,2047.5102745589286,996.1767108362791
90.5703402943184,35.80784737992471,36.00614050336928,97.2431810830979,1988.741880862192,1000.4561098201839,1012.7231527029171,991.2578796876272
93.52492953889093,90.51806735707079,37.552854391827836,92.39957780200798,2006.313106258819,2028.848180537606,2000.2637417107742,2020.030226919251
85.02296122501734,36.827271747957916,33.71316515468483,42.17327100768654,999.7752732496633,1967.5116050356087,2020.018136778143,2035.4961518390364
91.18684265858684,96.55715577488803,80.41013904014265,98.22728249343712,1004.5263513350353,999.396184132271,1028.8035328839758,1993.8913766525397
90.4745523720472,85.0067719541656,42.49089247894511,85.36678214781938,1037.2620253992304,1013.3900862631518,2027.9193069633181,2009.9432030069258
91.7597662104529,90.33707132001598,91.64302561198923,41.746520592585796,1004.9605829919135,1945.3877428530884,1995.8017834438613,1974.0893205261145
91.21876523450963,91.33292875405158,39.106228759606125,42.153145948307596,2044.7146501746138,958.7907413298569,2005.846653993256,1009.416169960336
85.78845587055491,89.07888320877561,37.52311335064125,42.201457020593566,2008.6580660433644,985.4022221127943,971.5399996281228,2003.4717425186234
79.72566367784728,38.59444353117193,84.17266368982357,42.48214113833478,1959.2124138261572,2013.3859379141618,986.5349393884086,1996.99509517351
88.15963528903237,92.99070629016461,95.56510938976574,43.61300173252263,2025.888152741982,1005.3451656424543,1984.5801594150746,960.559347633558
98.64219298388805,83.75518726557168,39.45797279705396,86.96069681194416,1001.2947962420635,990.0503206176305,1975.4178594450786,2027.987306885655
82.90685687339126,85.56893945751324,88.5054703689097,33.73260117492333,980.171294000228,2012.7916108437307,1990.2641714588651,1017.1052520287772
77.10748165298223,37.8091359429929,99.73718445264478,89.85170268066895,991.3369998259091,2016.9306566795449,996.3002188785645,2030.9571620726188
89.99437407042977,92.99305612074615,93.26063110667971,93.59034621519761,983.1522036244728,1052.5122311985936,976.9831498275678,1985.6759270658429
90.35429118299318,92.75661840760307,80.68573128339445,88.91734043927853,994.1383473969473,1071.3512091054113,1969.4057552513225,1009.1123129568264
39.438508416324424,36.83017919256425,38.747016362809624,90.94164169921044,990.3566744671474,1981.8941010182991,1026.1913298488344,2017.0066316499247
80.83431242485035,38.27499186556877,37.43609436638248,85.99913938495939,960.7948407962252,1997.4512134907072,1984.781151864467,978.3182696133485
87.38125363402249,38.98348979724536,37.37790752459825,42.634187528063805,1990.538396856788,1987.2614049939036,1004.3677187844314,1971.8148223983974
90.52586176416061,96.0702348770617,37.80802897174472,37.893690637783635,1030.4361263555688,1973.0578571052408,2045.8984792015578,2022.659655766245
88.3929343683438,37.62122974554198,36.70536482020613,91.49368031037393,1979.2096269610417,1022.1191829003062,992.2910744313922,1996.0912338724486
85.73468065975861,37.55679623560532,96.77628780995495,37.27662171739199,1026.1256681574594,2018.9209196277236,1950.8522306749023,1003.8049249643627
39.3249379076232,80.3521386359586,89.4938283693691,87.76842978799198,978.3912913382028,992.2458204017562,987.2818266568734,1981.0039952489283
86.58796668140228,39.43078661253034,88.19166064293752,40.76161297212815,2017.989810756038,1991.6397359718524,982.8969460632495,984.7835036011755
88.01871336336974,87.75036651166891,93.14760673084857,90.96314886243572,2049.441230401382,2058.1094042913924,1904.097512773448,995.5024164036422
85.40597261040813,39.13879365620264,37.64497608396296,96.4397874544404,989.2815246370861,2002.1076932844744,1978.2087792148432,1003.408544036873
87.06871071607529,41.61837470971025,91.5992814823346,43.660806901397926,1002.1798488039483,2041.877252501884,2045.024049908879,1964.9931749914795
87.02904797862335,38.91820063765876,36.03509798333142,40.06540157387221,1018.6217702222573,1993.2249702127162,1989.3121985115279,2043.84481899671
86.3034029929144,80.45019775919512,35.65994507281293,39.90896316356852,1985.7345019548154,2013.145320310658,2046.1041637995502,1958.2293017858253
38.08476018377317,35.66110458478266,85.56443214638261,89.29993658953877,978.9832062001257,1042.6492043676235,964.3372030831583,1988.3345361043678
93.83837962251505,81.43256252282148,37.575668721111875,40.60885161310301,2062.233681535884,2011.8890058488455,2034.0694048288838,1066.3798366285741
91.9579827443105,91.5954487704681,94.85719771097484,93.29344240622578,2007.8780656923657,1033.066492907949,1996.3335240628744,1019.5560534613103
33.275126225578255,94.5732054487392,43.68199364075811,94.59158807141606,1996.1280091436624,990.3879859208562,970.8460092610478,1000.0256797203535
86.68079862787596,39.072442523596024,85.4172627062056,85.29760733303615,2009.4314921656053,1923.9832053573655,1021.6035184689042,1038.718438059006
96.85575454101848,39.323021324642525,95.01606626778766,97.19852900669676,1950.9633221611025,1009.088658379031,1995.146863050099,2027.6562648639458
87.02558582140291,86.12313647413727,38.17213996468025,44.70658291351425,2003.4420210034853,1005.0302097197862,2001.3137500315936,1985.3099101570112
94.51305628347195,94.93248161598092,38.661008910343575,94.65423034512092,1979.9414432420112,1984.6997032315537,983.5017344384394,969.9235997865405
39.20275870517069,37.322747431097326,87.00275458732534,91.93022000575922,981.4749155273116,1983.7166455076153,1961.6725335664473,2029.1772444020214
88.2840797769952,93.62416319028101,91.5610188075486,91.31809180551865,1947.7812255272688,2011.3287800208902,1959.3309484289812,2020.5973995765148
38.58727076251455,36.911738052445685,87.92705152926038,40.07658573186528,2020.6465613509754,990.5941329681198,2017.1207227708458,1021.8948101404952
83.35250497002204,37.10150831684429,87.56116431426344,98.659864043246,1990.5448878006773,966.4907347825815,998.8309475052895,2032.1684690142904
90.4777080510458,93.59987806142293,91.4790522682359,37.295160934465315,1000.7010351838551,1962.6893208969211,2022.0234186089917,1987.943208000927
89.86284201323032,93.05757530946067,82.34937808855221,90.58437561734678,2020.1168011801192,1001.1960656817771,1991.883977872785,1971.8305559860078
42.554768702446566,38.25594450224273,88.34023717032184,41.35353434592136,1010.4576107805544,2009.839178036581,1944.7811973293856,938.9095311828517
93.19606567917498,37.65261896927449,79.47483953356944,42.82243567986024,1022.6529755076077,1036.6494980763407,2016.4118919024936,1984.1594632119672
39.0129691852344,87.70790094351386,90.92015045213986,40.21017003101528,984.9012973352599,1031.8122520900909,1031.4376042657605,1945.6804883884856
93.5889647015519,37.32807984688577,86.97099314254045,37.65805255795294,995.5384840397703,2053.5561587922816,1033.549488120897,981.3616645487102
92.71664785972243,37.84967574609469,97.24602114459682,37.8628472276108,1973.8731862596746,1016.2670461925351,1993.3086833122381,2014.6416626475516
40.650548924180654,91.56358054564633,92.03095711684401,39.4968811081942,2022.075620519625,979.5701956939524,1993.7304947959178,1009.8375901884554
40.38528392656684,84.51181713982986,37.15650979276604,87.42635823583288,2006.2468416030604,982.841837415953,1017.7231873781799,1990.435972500049
35.013259295202936,34.90055518503247,37.34722068993162,40.12539447439323,1034.722787744586,1015.915337601506,2006.5370700814835,1970.2368360492123
35.24946880233105,35.76581831907602,38.39646952899687,41.29317969825978,996.7847619890209,2052.216363859159,1976.9366310427815,1984.5858279023014
91.42319749691809,40.12289558238186,97.72503587759387,82.83301048105348,974.1705572584997,2009.4934584110292,1030.8854602220958,2027.121163576701
92.3240856330285,86.89218694081968,40.05326180978572,84.5079258086386,2035.378053406823,999.9874948116978,1016.4073355321746,1996.8286657846807
35.88031008406164,35.364518322621066,95.63605456565952,40.94083595481936,1012.75781708767,2009.0420766841125,2045.438074195923,1980.8183486278538
36.351028064310654,92.23200142711376,90.31059527224312,42.650863630839915,1007.4935849669534,2098.238599933086,2006.8582084560378,1006.7716589412366
37.16968407772485,87.14158868189611,85.96146628559647,42.579792520655936,2042.0652286851541,985.0007844918227,1004.3369241476046,1031.1104157677028
94.34415608909279,88.51596235360986,39.497397539770134,39.18568218545723,1988.8822780640103,1963.9544002364516,960.5882997066142,1025.6366458329737
85.7509423982501,87.90399132744182,100.6956743538305,93.03614506852819,1950.827650202211,1020.7333782760618,1940.1124480031585,1030.494363928215
86.09985868492427,83.90883575121643,41.34909155256493,85.98212103057281,1022.822750586569,974.1933978343832,989.1169158916,1991.6501294183165
87.58543036010778,93.47338149150929,84.67163172442258,93.95913928848024,1997.9866309709246,980.521203884724,1914.6809452158627,2015.544094502916
35.828009970304365,87.34139144660051,82.46721280381931,44.855191560531566,983.848368709043,1006.2393975401592,997.4043497292637,1035.8098858533613
83.15160684665406,38.58403671441644,38.99791296163549,39.26868259512358,1981.8945904560921,996.326666636819,1930.2624446885225,2014.914647896577
81.58998148324139,89.73581007694513,43.92224818403865,38.3077477937442,1966.5799960292509,2030.5738725791039,993.2260936725344,1974.3157667544506
39.93689445605909,90.15971725791512,86.15410241299907,39.81327908936204,1989.2028016587142,1055.360774913297,1013.0048053233397,973.9474816264549
87.36628653923722,90.31488817271365,36.40518171848332,41.01529533787267,2015.5439256820214,1039.8270983605958,1043.207315517222,1018.575674982472
38.38460637945202,83.06143138388511,35.37772918360012,93.82222208487111,2021.5233021339975,1020.3213727247888,1021.3221113759181,1003.5370370373155
36.98465192927262,35.265451143402586,92.41375998555883,46.61990273000896,1020.2714849753836,2000.3224777783141,1968.8635341815232,1990.197183503526
37.373880259629054,81.28515420365692,92.80217755839966,85.33957105142788,1014.7535242086423,1994.2215849848653,1961.0074962997758,2047.0333246354714
85.50249845258654,88.42476271838106,95.73175944562036,84.27824791903559,1968.332340916261,1998.5656252247927,1014.7898267066284,2055.4412364842265
94.86216137551554,36.603346757197656,90.09892850092524,44.43105745077615,1003.7822305796124,994.6370168364028,2007.064026704557,2027.5807480448584
42.353656244973465,98.18671931103363,39.48631807530172,83.42347792620629,1984.6536272685164,1984.2383105046329,1019.5452435609182,1018.413835844656
86.7770742134616,38.00021298916327,97.86501958571887,95.22851892975761,1022.58295104313,2018.3024961623055,2016.2173769948834,1011.8097372287929
86.95380503127512,38.71117022600768,92.57123584831658,82.35426637597756,1020.5333548880158,1013.362143467355,2007.9187256677694,979.6550221956693
35.30734452225012,37.859367893283846,90.12352734850363,89.8075425160027,2011.850276202347,1017.3581517273237,2006.9930491606308,2005.97855469368
97.91172782668414,35.969918338469974,40.84801423101172,91.1121647757478,1029.4597898482978,2027.4035628045954,2008.7792884919882,1010.4512006521607
89.4813027872259,34.81319181329022,41.18459378071205,100.39075732428937,1015.739412774702,1028.691059539684,1976.8597361622803,983.1658957312306
39.608749649003116,95.71479862918152,40.7533052584471,84.3746845186028,1989.061253426501,2017.838990195335,2024.7081465615065,996.2502934438064
39.34885868520553,90.87675118123768,38.90951780950381,91.0040850805974,1951.793830028652,2027.8241236864574,1968.6780059051957,1006.4909498398624
94.36286495298111,88.75278875561092,85.08966213529345,90.32244721232186,2001.6316011607248,1989.1800423076872,1983.596398476843,2012.5703850841846
92.32293217452487,87.94831287953775,81.44053485868015,91.87438568980023,1010.2827869032262,979.359620308071,999.4039734447231,994.269411447937
95.76994057812772,38.53518346190714,40.87639079320101,82.39613649371648,2026.3500077421786,2019.7324447313915,992.2243406418179,1002.7545915076807
94.24853495071183,38.40506207744457,88.90360100537461,86.35133500172483,1983.5683619533504,2008.7148500107564,953.4101606786624,2003.731996104709
84.38645843325317,40.403152162662714,86.86140639483546,83.1864350236814,1985.1756474873075,1954.0575916966359,1998.9502152693342,1941.1710969920111
38.25709946116445,91.37136715038795,33.91511811808215,38.3858916624679,1996.3926047158284,1026.496980702874,1986.4503568583038,2013.9574476200362
94.45615898115402,83.56893423051638,38.59627783491128,36.19165578170616,1018.2913550113894,1014.7663200439583,1017.8712147412755,1018.6730760589946
37.242019292056426,91.48743600387182,39.98414206980221,87.90163090883814,1036.0584223831552,1993.9926869645178,2026.3996631712564,2020.407773027435
39.10812071716726,38.68912353834956,87.92466691966887,42.69429320002867,973.7219572499421,1007.0169389141995,1028.2465725749464,1047.9228431679103
91.4734090422455,36.353855477527915,80.55768121721977,103.66523828184984,2032.4256147497313,989.0329200494145,1018.9676474274809,1009.250443989938
40.256450150445914,84.6338739027659,85.56854774375971,91.75290089309094,2050.5194393524043,2033.4219961257972,1969.836665892845,989.4538720289928
41.811007484147325,39.45212493259583,41.045324347175395,97.95318920279708,1976.5927948754845,2004.9367101895955,2022.415359089939,2036.4713176935343
95.02299818152575,94.79778165386588,90.90086068237882,40.91921926878935,2006.4267019548838,2063.281784365413,2053.3341586052616,1996.988895375477
40.51073813207829,94.29704199105106,37.40441265222391,106.31282834990435,1974.335680251223,983.7753331264305,2002.5144429629654,2047.564909381842
85.22568237320027,35.44129206010028,80.90772722967061,45.307779484230835,992.5656775054122,2006.2275504442034,2011.3702701009252,947.9755850384308
84.06322034598728,35.55167427716155,37.18297626044124,87.3731616074929,1951.0195206991623,983.0975659375633,985.674164175138,1029.5724004618896
91.8943205675856,88.9725218806045,81.48941434567533,94.59769904146599,1007.986982805036,982.8828066946166,2056.788281527499,2026.2194091183896
95.13720054443164,40.20248833274164,38.93957530350113,43.13951306120614,1028.7644907194044,2021.993947993919,1045.3434845537558,1956.1497025641127
38.037068304432225,91.37890282360362,86.57010798132812,40.92888250090566,998.2847423696173,995.3113813177065,2030.5841747671661,2016.025240291291
38.6399141888941,88.14552682323344,87.35825574795581,86.84873628344504,1988.0099234229556,1012.9119568481467,1999.8423815828025,2039.1844171639927
42.318163935865044,89.97771860760243,90.07833382224688,94.93473397292723,948.9085559579696,1937.8716117761462,1014.1291137817873,1996.1898270280592
97.71138018285515,87.4346932078766,37.48217477812524,42.577774944921075,2000.6641871519391,1975.9625167427284,2039.9527763321953,936.2484772937322
36.03037074362547,40.20047901368869,37.428419249447366,91.913436959101,2036.9963260605864,1013.030199330002,1953.800632960712,1985.8409569576252
39.85733300719696,85.2168807370683,38.25474867219873,95.82433842228713,2020.5826879148872,1010.2265909353325,975.700283742874,987.7610126723389
88.74781330022164,39.407509579240454,81.19272561352727,40.84981934160827,2010.9957630803226,1996.2416425612982,1983.5538820498039,957.0486169005776
33.2384364982406,40.63893542785888,37.675523987953426,83.29537496229935,977.8996317869335,1015.08165455169,1997.5024865093123,1993.3492337015243
95.85698429672532,41.88376657090264,90.48715370683661,42.01437545359241,1976.9816012792348,989.7608911248905,1023.2139197342585,1987.0012218593383
42.357030441484284,81.38356569172986,40.64674580513652,43.880257457942264,1989.8489621923006,2001.7974013112057,2000.7877227455276,1939.261596927471
42.98097193307888,32.50179991663882,87.98773237040912,41.63927655256285,1997.1570061366629,2009.1589069091267,1024.6368910997378,996.2433157278788
40.33768626068686,87.95118150632764,39.62539411489185,41.230823397850855,1030.160700060489,993.8087385096596,1975.3091290208604,2020.1090781734426
33.50264560539871,96.36854279983497,39.04304809404756,84.5643186383799,971.8025268546373,1968.1709568478634,1964.305618568936,2007.9107147062732
33.84058444381819,85.20129583934438,87.31559827298551,38.246904728225964,1967.6552606009243,2019.1637758227198,1027.1671057402605,1022.5541763093481
38.412053045200416,86.32938837515387,43.049194777421036,42.27832801559322,2017.3704045078082,1961.5122029271793,1043.107693761693,993.5723124551502
38.00350838664069,92.85027031256467,44.50881970026419,42.33342561263507,2023.733720080092,959.497174870562,1019.3302297317847,2042.2481904420333
38.22378187404436,94.79170065424012,88.65906824756516,91.51447645407895,1011.7322136598004,1013.6331670805405,2028.4925749729443,1030.90642811123
85.7003814152612,93.28806830546488,95.81867859402462,96.75382223760762,1047.0707029933274,1980.4255028110101,993.6925290919297,1964.6815736268084
38.02006672969937,37.008202691089096,89.53189998931727,90.58761015351719,2024.6142449919003,1992.1510799408852,986.1282195561544,1971.7439178130003
38.47062462294269,89.9044199105554,96.28660869985137,45.858342692479354,1014.3294976156654,1975.740031245279,1936.050838652266,1063.1621829103028
93.29424607459124,83.18612253756554,93.36427380183423,44.71911236640143,1980.260241975836,2012.5100777243622,2004.3044617845462,2011.2826003514165
93.83987654985955,41.048445851425356,40.16928515694491,93.9803819809526,1993.1558929380026,2012.7444409363895,997.9744164373162,975.3505953161191
41.70957566668018,37.43017099105592,89.7669071217122,98.01197015090989,994.7247004316589,1054.8863317179719,1940.3778962125552,1993.0727540468824
40.630215152832946,90.64416415732533,93.71524963108766,42.59218598434216,1011.5380159726233,1034.489287713192,2015.5333071397433,2042.4516261595302
86.56698621196055,35.552436262550074,81.72802292543119,97.44154020829193,1941.9164598767752,998.8327676495471,1013.7716743539562,976.3851040530435
42.13159639512354,34.9424470719829,36.82763927930712,89.80226932180749,989.5309181156101,1008.9434896267693,1003.9207806122805,1008.5187112924181
39.69055052332888,92.2818538340057,93.7159143002306,83.37831105862624,1005.6680237279464,1965.7377690235328,1972.671497703163,1031.6754202200648
34.91183570715185,85.35039912714454,89.89911237651009,40.45214546750498,1042.8092417741354,1008.5277233815445,2007.901938570805,1991.777586232449
36.76270348555113,38.23326332635067,37.412027908661926,42.168363819292,2009.4698697187268,2039.8030168725672,981.0653249629345,1061.6142875373866
84.78696906017271,83.1493819719172,79.30472990427117,90.10882251254196,1021.3007054663217,2002.680309646059,960.6152556431882,1031.7223960050846
78.58647444487966,38.500663670689796,89.44160343903455,41.30309614953461,1961.9263323777736,1953.8840940445148,1983.1361796056156,1033.3802940454907
96.0581654041749,82.1460451185166,87.48003622715444,43.21760883567146,1967.285395783756,2019.0840674439874,1987.0563243158256,2009.4670016589812
91.4702170246869,98.73841360475544,38.14703601547602,91.89029498701855,1969.5929775397315,1960.3808749070784,1985.9401189744356,1015.0936922887678
36.67146154224609,41.20004795093875,39.425261110270576,46.59019128342514,1950.7631523510515,1005.0565371427883,997.141007982281,1001.8457504957828
39.34245670266861,91.21697384515632,100.25558969839705,91.50341008834799,983.5375283857352,980.1243068553266,2029.4568712744235,999.3247766686627
40.831114461971595,37.91918512577736,83.64000931328579,88.94241285351998,1969.8484145126354,1989.5068669947248,2063.1814892739503,1956.0212328495325
83.59290295506378,93.82347506480019,85.78786001846701,92.45096684297559,2040.1072969392164,1972.9130559500752,2009.8079664170098,979.5938819374062
89.88167213463755,97.36233966714825,37.92539885475408,93.5686869506597,999.926327885245,1034.5287456470874,2044.3511996259533,2013.1714496632248
85.27771957012402,40.11642294435795,93.74576888628015,94.09728585641068,1999.735129040777,1006.6274294510663,1013.7391794699952,997.9288527361032
86.21292680191142,95.38395979091678,39.07893002248769,94.45476033347143,990.1535154442336,1991.2420859080796,1028.8303326407627,1974.6532195301047
88.84312934655743,89.43402931748979,37.24272632694252,74.76801759537007,2008.7054777713035,2024.8852823754698,1055.1349556855944,969.5126676771813
35.69174035677818,36.43013838125563,91.46843873830987,88.13185595322167,994.762724800813,1006.008732054109,1980.9023502593798,990.9268348950357
37.24689189116597,35.896965365375536,40.17270485574396,42.23594807016448,1989.973408474277,991.9794887332239,2008.64832031965,991.7102403759131
39.032050198686946,87.08446605021368,37.11422000179195,42.44920533402017,923.8041021386626,2014.7137864565696,1956.1110904651043,1952.2243978952688
100.83981342682708,88.02088144021668,86.90811146659155,44.0687028385182,980.6357994378136,2019.2397284491046,1039.5400966522716,2043.8318872466987
88.01170007322597,42.64816506758264,86.71137895968347,43.69980189069986,1930.6089173454664,1014.0006933130902,1002.2964713011356,1998.0496654319163
87.20919716340244,40.135576630536285,38.35921560744721,87.76675127084025,990.162126205525,1980.5797480118033,1992.2499346390284,1003.5037756844519
95.29385961986208,88.51582266553741,42.36950515354036,99.23422050149937,1995.3462639765353,995.2736672295159,1987.5568905888078,994.3643101773238
93.66644005430653,36.75111977920909,80.83982790639114,37.26641427522607,2002.7424388740135,1971.123640514287,999.6654852360606,987.6128624068033
93.44149525148764,86.84911545149195,90.65875866993687,39.300921348803094,1002.4704573577462,1005.1594442168484,2010.5555750536464,1022.515217573369
38.660622844410966,83.25040351415751,37.78883591137442,84.52164809742872,1983.3659348202361,1050.5822140197415,985.9496891525093,2020.9184435385446
84.6047993857249,91.97860599014462,41.59379581518267,42.509969529039886,1991.8011847997946,2030.503799349948,971.2127055100798,1000.0611704469991
35.40902908058372,90.01050792880223,89.27198790919283,83.78823641380585,1974.427083254143,1984.3126441881172,962.9862753951793,1975.9776998751931
94.85557708977956,37.799737010146416,97.0743331832738,42.780138418748415,1013.6864015681737,980.4983955655102,983.1545028429668,2035.7034053214686
90.25988326184395,35.78826109553893,89.4330233355393,91.02040032776407,974.0248247561092,1006.5632856017348,2024.068396240155,1994.3920637268034
34.650735576648785,89.42337909236761,40.74725921584654,46.18601533604303,2015.1969221822542,1985.6970051624835,997.6928152535012,2015.3814200871693
34.965189786739074,36.63818189509833,94.75003053494699,45.16329391360439,1973.9546534198416,2025.7158615966814,981.0571686079634,964.1737143467153
40.00651188283695,93.39681104645467,89.30363885509391,40.208237054932226,1987.3071515375025,986.209616058662,1976.4405235646761,2025.6469358760705
41.81303498421852,92.74097964917969,42.62909780517154,91.77240688579357,2036.4210112894707,2028.9323122441283,989.6652636853444,1997.8511822709281
88.04459566609398,37.748982472540305,41.517260303445326,87.29817479649454,1014.3575953282138,1001.9120437844599,1971.5786463189804,983.2711060787403
40.34698444266731,90.43576256441052,102.32368768470704,99.4826009978153,2051.992699518896,2004.6873395703722,1993.778047827554,2024.6161890986984
93.31607537350735,85.93287782290372,40.143779031302834,98.86191914105416,1970.733599894152,2028.4049615658319,1006.8033415502048,1006.5435014581965
94.25979234680135,87.78279539843307,38.37818557575192,41.36570907387372,974.9343605465066,2034.8721331481438,1992.8336264045338,2035.2435768678774
92.33359453270462,97.97008532825272,87.78827780825195,87.01209607158418,971.586475714523,996.3861732143625,2029.9260369675776,2017.6431596095817
39.32917007831202,103.3069409005048,40.35216975716018,36.63366669379693,1980.2366406916774,1008.0308754459329,996.7575629740377,988.1945038720884
93.83733824132689,88.09717176654104,38.177315438304504,100.1196415961484,986.336405423543,2039.7010903090006,2006.207078242454,2001.5113306254564
42.066310113708944,37.25408872467188,97.56813411811365,42.34899893813768,1984.0304359396066,1984.842207724415,1953.8039404250635,1982.7285108827564
42.79034000980596,38.104217752391605,98.6729884750324,88.61419763732013,1989.7889949838836,2006.6830609376036,1991.5461166334521,976.1477370827163
92.18064445439606,92.21490559286853,85.82522403482264,92.45162208398533,1970.7464736831378,2000.8618495069659,1004.6870604038562,2007.5337311168987
88.6776997023679,87.32928779328881,90.25488671631007,41.77428809885737,2013.8801041524798,1039.207281144103,963.006974519402,2008.1133904633668
36.17898444183689,43.26183235689096,91.21228346510571,44.67142255202542,1996.284366640404,1996.15550214648,934.4793472078052,2002.7741732970626
79.89823746326184,39.72034997629848,89.77556296637947,44.2972233478888,991.1254416984734,996.0926563510852,997.0760558208954,1017.8682830849161
90.54754929716321,35.31790594091309,40.86133685528718,43.271182487740816,1003.2198369395816,1009.8506752747791,1036.3311770178357,987.8730218266528
97.93724734070611,35.32665615696565,88.41381249311064,84.96101177241565,2014.2827249824925,1007.428779067825,1976.4322532751157,1018.9625121613226
40.10021584288953,35.84412494312795,94.57805461220703,42.36494753688134,2044.6333926698305,2063.3826931903436,1980.249937112736,997.7450593302913
38.96008885164312,91.36043196132842,87.50168815427058,90.48810181551032,952.4867109847719,972.306579545536,2040.1255919188575,1000.678705628013
38.31422863905638,38.84364091110899,95.90376160527467,42.39021088679109,1001.6893512204689,981.8833438769287,975.6311109128967,1979.9217336759796
37.58076581721309,88.66459333221783,89.29148346404129,93.86634377125257,1960.5936597399855,1993.3182180353451,983.6815483958276,1943.659965729912
86.10906209666483,83.90602780657555,97.46675221715782,84.47967162641721,2003.941186881921,969.9747553796769,2003.1039594272725,2001.9232827562466
82.31224955742077,35.86609811020678,39.98542611878449,91.9736693141535,1979.0983087370084,964.9863917952007,989.1095520949302,2019.6929771476514
82.9565535379583,88.91055273055714,98.4809067482949,43.30388505698926,2012.7575444793026,973.6023073780123,1953.0816261650245,1007.1661694027445
33.72945487905728,89.64781553428465,39.3162269711459,81.78548183257675,1009.9051962067015,1005.2326854860524,2013.776197888775,2020.7881861143676
94.246240137238,37.90405558748634,91.64634728954626,84.29456239117773,991.8733486150147,2046.192706821573,1006.1345951298481,974.1969803792142
91.04592589991248,97.07780702267836,92.80482891418359,107.10037595516022,1016.8876346244252,1019.3926620974379,995.8230079960204,984.1274704126072
33.47095934585862,39.937204964858594,41.0638621786658,96.24916271601681,1971.3545575433768,2004.7999872964672,2005.121813708947,1039.7597446931923
34.210507706534585,85.2190446756509,86.8885181880723,88.79721691586838,979.7332704745277,975.8039127480153,1916.7752354742533,1979.156513658091
83.59618357360341,40.0356959777167,88.34655138536381,39.709981850545276,1007.9195967696808,1920.738263208265,1995.2353315555376,1927.7344184590181
95.48288319023953,94.17590435178495,42.78301278543819,41.026686493702776,1055.5022678105502,1993.5850024381573,1989.1737561160335,2056.8410386456894
84.42768317177341,84.55426334145548,89.35361561146419,84.79556461282877,1002.3421260835493,987.1120745856296,986.6814917590823,1002.6230903585989
92.1278372303447,85.29217883796004,39.38358859115476,89.32290543737953,997.4405994725657,1967.517920585652,953.1976374654392,1964.9233303983751
39.38892810802538,89.92384333618,98.88927450704891,84.26343724985634,1989.0345320431113,2052.0857766114736,2040.330792139863,1013.0368708617975
39.30363972583909,80.46973153148998,37.91614081907433,40.34305180286689,1026.4940810329977,1015.3716155320749,2008.486007599426,1045.3860955825571
92.19304240059685,91.67461782326282,83.87886844597325,42.58549305992513,2004.6423263450602,997.8289219307205,977.38093767583,1043.2290622719165
93.5829108567101,35.48559477325172,89.28267171526555,92.30008659289749,2012.8444842794606,982.0187598821369,964.5951046947961,1990.4126984000354
88.78515329481813,92.78234532604262,81.9966904013987,39.98580132729538,1025.2751374881095,2027.91334732529,983.8081682370836,2047.3162282716214
82.60374506390359,95.07988760498004,42.20495730993377,88.03189232449552,2016.8506876425795,999.9503625028119,1970.8694923120454,2012.6000058058464
36.39789935829828,39.3012683745945,41.19313671541964,84.89293268823671,1981.4013904279739,979.1725593104798,983.4560863754746,2024.5947144316017
92.3148892508409,37.39251911234973,39.40893620553122,91.92165097488358,1015.4655121534929,2002.7352188251639,992.4802358294032,1004.6989031317296
92.20777384999919,36.6636493998874,40.636829394677605,41.71865748736751,1005.8246724597434,2003.9687403820055,1018.0818509776025,973.4789323246941
82.70095153513026,36.40568813029401,38.446045309598546,41.64375301210312,2005.0739949292658,993.1658249476795,2023.1862526293742,942.1393266331328
40.97354117447405,35.754232658627146,39.58569062474666,91.65215648058644,2092.0096153877926,946.7178031219073,2011.5214974514313,1987.1103472929701
40.284338615901724,37.52751474887647,41.656404030539676,83.55067921190869,1979.7128936133072,962.9547008163762,2039.683635224298,1003.4422982901474
91.32700549382766,87.57209454606327,35.928328649804826,38.94508804092063,2025.764635514953,2023.786564097231,2024.6726114762039,1959.5295184628292
38.986579145997624,39.510416994031985,38.59338351269983,88.43917931867266,1001.672570644101,2026.3572087636921,969.2166403032702,2004.8906631739742
86.8386314207294,38.255820186756466,92.9181953001109,41.92125912555739,2023.1102990050547,1021.7680620104435,992.0343066119076,1938.808814485048
88.86089867351073,95.44521456354667,93.33182935207988,83.39006383895031,2087.9434186145136,2022.4730468990665,1975.4137738692589,1013.2249050296856
91.93973165915764,38.05483332994078,87.38810717352251,87.84075998693261,1019.515540911106,973.2380591672975,1038.901778399726,1022.5366951687806
35.83234908485857,78.4936028249976,37.19549250167013,90.43552363360187,2020.6659080592858,2040.636364624316,2011.3701590805083,2029.4674663220144
93.09059436811971,41.58386178665192,34.24333419500214,40.479498329682244,1977.0667104467284,1014.1899956524462,2048.8909023324773,1922.5628221173993
37.9327533997935,38.7863619153222,91.74200423726009,95.28225417409509,1023.3623508626897,1967.6865062491163,2002.6217774227791,1040.011806262928
84.35218977302094,37.933034889870314,87.13856303779905,43.69904135136386,1032.2137259504084,2029.3037098483771,976.1260612673402,1045.1805148966466
95.15312531851026,37.35525952673213,87.57659190607211,42.24750561238557,1991.932415850547,981.0536595451372,995.5262370720375,2019.4406336701222
96.71892879818051,90.38964221327583,95.69306822400279,82.62008938260338,1001.9444523106644,1000.3885030920098,1009.3769879696821,2030.058139093199
40.45995432522816,93.46604458030359,85.27614287956044,86.57996727462795,2019.8162642628693,1012.0820420581585,990.3445500263801,1010.8407065362464
90.90850530434722,85.85635007118654,81.03697423201884,94.5215934327563,2003.034852890499,2000.6489912853092,2018.6562868710844,1032.1064740156316
87.00624394115331,40.21382245040971,41.660987133702704,101.8009853738325,1026.3721681984266,1983.9824556534102,2070.0882760619165,1015.4737782597547
37.432643533893284,35.17244451823739,84.38742036210503,44.80579123612213,2031.0336700044536,977.7619419114449,964.5446410448608,1012.0766283616454
36.06867066305985,35.73614693453057,93.11481048334267,90.04166143485419,1968.8009737877574,962.8799868365697,1993.3541942785062,2015.553762067651
95.45361954135417,95.03502770810455,89.78280902535262,41.90766997320378,944.4738283479963,1001.6643900440324,2023.786326343402,1055.5553649577678
39.19813596841263,40.07290082117147,38.06488280348949,39.92639238358181,2015.598276263813,1033.761379371801,1007.5657746824268,2041.082455570983
39.54651086634395,45.37115407028061,87.7525725180637,90.77331189867422,1074.5904078935555,1972.0952103104635,976.9423221593547,2040.622193745629
79.54663193969446,88.99763908202456,40.678456099391596,100.27120737213852,2005.82396276478,1011.2069443485175,2005.346014057784,1991.4503428432893
34.56397105507229,92.83466090844519,85.59586033933594,89.71406443919793,2029.9678573901463,2044.9062166914314,2050.5933803607704,995.9039266334969
91.55451123713344,36.87148205025018,41.802399951517586,98.59973846521883,1988.6003262465433,1994.3967345772926,984.8808050257894,1984.747473890833
91.30677445437111,38.280752301284735,84.85585099505641,42.03394851574903,2011.7975495270477,2044.6197091651895,2031.8216393419254,2034.7654556967343
92.54470591303242,37.08098884609767,94.58208556882495,41.83441188750542,1011.6302583078107,1978.3956288546985,957.6658923086109,1036.696244216575
88.63110110029737,85.63322125907767,98.21793164053503,90.56895947436986,1944.6692594752462,1955.440968061357,980.4413461989325,1998.057302589957
98.03531746908668,38.29225525437215,98.4303995155725,96.96271385339114,986.8060758831498,2023.1435294788314,1978.0453359592593,1967.9409832543429
40.334111447193976,42.078437529986815,41.923974539828066,87.19173514427058,2010.6367174830923,1012.1928951976911,1990.9761904725653,1959.1423399176442
40.50579176539186,94.52883379589673,38.08305774547884,41.174686246534336,934.4887522808806,999.970396402764,1033.9323405329442,2036.4307183077356
38.74514789901914,34.8756436826501,83.84552779384224,92.18752468629835,928.1237261129933,1000.403268360378,1987.952122364495,2013.0607509658846
40.8630326555396,87.46004673148752,91.01521797807742,43.03177544949361,976.5637831697404,993.2572592365448,959.4024177487881,2042.2081601371663
91.88437345897405,39.504448947466656,87.21681849174942,85.30985344113078,984.413379763668,2003.8471949144293,2052.648326791872,1957.7694012942975
37.52266732506543,89.63469842025627,89.87577774375534,84.30627433272451,983.0486801316438,2043.479899557783,1989.0493721888781,980.2811006498462
93.6913366782644,36.44052074519743,91.06372241593965,38.71635059571025,1970.8655870880746,1014.1649269435117,996.5522740292438,2033.169525352254
41.1972284516374,37.24578980382623,84.81042930043597,45.72072346518818,2026.7897742848352,2018.8508526637686,1977.379915676638,2022.4876187688867
86.29321776948946,38.855766753925344,90.0616166110946,46.9435030214737,2011.224826283026,995.079583822816,2030.9376557609125,2035.0075794917125
90.58932553258843,92.62210768080473,92.02850460168061,90.95245280229456,1037.0433070959962,2041.4314346101435,2004.7867075095894,1024.6469200452307
36.09694377364953,38.21947884285831,85.38398625251382,93.32273721943068,1037.233133739982,1000.4669677713509,2004.0922591356234,1997.061151523878
90.09154379979508,90.61900928059215,89.38179607352184,41.33745244361387,1936.0859309657615,2000.7311600310636,1002.493700127904,1025.70581468694
93.23889673921848,38.44438552704291,92.19985295269034,41.868494155905,1956.325969230903,1994.6558270761773,2024.341534753488,1947.3804323300685
42.54290642567088,88.49189706018994,39.632256032582816,93.87382002376688,2032.6325436940592,1985.7520760083708,987.1817166028166,1972.475504840267
38.524821046407524,95.62128190826809,39.18010477089774,88.26448777216291,1981.9337825471937,1012.8444162100017,2009.872734526412,1031.2757708021659
38.33438861599741,38.75179707045801,93.05445938175674,87.48967818016182,1969.7676559335296,2008.4771652299435,1008.4138667280977,1952.3618273928182
95.48600113749961,37.64486862093809,37.39820978631154,84.32542485406273,2018.4953197716175,2022.2921043317551,2067.002291627189,972.3998340622367
36.46137859841607,34.79876820290945,35.90735507673878,89.25882635305494,2022.6684736123764,2025.1519960155285,1987.9211572441586,1992.510208994472
100.42184895274767,37.33116059160932,35.365864451507036,90.62423603603726,963.1876871938666,2000.1366019536522,1990.8488120773152,964.169961088127
36.640958968495326,39.532116316926576,38.1832874960391,88.68408623670047,985.4480527877361,1992.5547881550096,997.5815796873071,974.392365050986
97.62494548071787,89.27175504593164,35.44708585490304,40.20043371531029,2005.4962906941041,1006.8025165417794,2066.459196616254,1971.1842530110325
81.279319235208,92.66215700737234,34.45218411282881,89.08479660264899,2003.1305086780899,1977.3459363900733,977.8229588310992,1999.092531698003
87.70292174255951,88.52651835896924,36.62803170054906,44.147742904433954,977.5379664883742,1011.402649972911,2006.3681029925704,999.7631383720606
94.4130896863049,38.064092837844555,89.73343809796982,87.09540902327001,2012.9589592020236,2019.7528452274796,1967.8856722745552,1015.5622111648058
37.40280620973378,80.67987639397005,40.32036350010811,79.99868183393907,1996.2019421199334,1005.2549381457204,1967.4745560288554,2015.9103392188401
102.26253884264084,99.03996660521413,35.521385111174304,90.2636535020585,1035.6883303270965,999.4317255732929,975.0132018770221,2060.4364391389145
90.97041518859186,38.35634513411182,83.86207484377557,44.83112441312658,1966.9220792691938,989.8116771775376,987.2975277747081,1012.7488734632157
95.58304055210218,83.10603374457936,86.09226812427508,102.67222253433263,1013.0638476884191,2057.048299620141,1997.7031212607405,1013.1368635314952
83.66728866224948,35.31433109800694,84.5601690309544,42.11615672367918,2048.329704293286,2020.3118623061557,2001.463647190804,989.9606528784732
38.96562892529468,87.96855363443314,93.94422173887048,43.78395362896154,1032.9174940789267,2041.1560112079146,2004.024478786915,976.7421816825446
87.43977481102291,38.41979982818298,92.54136903615627,90.48258353595101,999.7986752121813,1949.5573755115354,1022.9682239741499,950.4574459008375
36.471296998666986,36.72142749464899,88.86450850462107,41.77327985277964,1997.2085536123398,1965.3379325132707,1989.4638708149412,956.3632509799064
95.49788543939484,37.32923095432335,38.36098060786163,93.28141248752017,1017.4630923292833,2002.8062053478666,1003.4177549639867,1973.4135538876403
39.10620136401644,37.74405976836758,38.50319959033006,41.024631100012265,1989.619811326156,2026.891174603326,1024.8615852180735,1998.743956562905
85.44002348744164,90.99900576038505,37.615993724809236,41.89500195322009,987.9612131682929,971.1503231206041,1981.557363097133,973.679695533308
94.8948653346476,89.59750484113,37.94471785011514,44.40881044596493,1011.8311000360562,1002.289697654751,984.940544943369,990.4100104557106
41.46672824296668,38.92651036813476,85.23170811189186,40.55089817427138,2022.269441766809,1024.431766797847,983.5233658731047,983.1326553109045
88.66756866738457,39.720525646401484,86.82335696802429,93.55582013202081,1002.3751822402207,1977.6249546680735,1978.6672260280286,1919.709428902928
40.410113212791984,38.97665432749116,92.67574252488511,89.02864914084024,2025.6136036842129,1970.0304715634036,2027.5462400926153,1948.9409250996468
90.3987937328058,36.14611596714016,39.39056649397138,93.8396393465002,2054.9146997309263,967.246357235716,1034.3598409635342,2045.5741289979103
39.26608799497073,37.69354349610041,43.70023226637757,42.61964748813354,975.5046529870092,2035.7750205500838,1001.6433299841815,1018.4058342739544
91.51713777333771,88.32349996794498,43.94389526255708,103.14393926543175,1986.2916359611288,996.3358963639475,2005.5838541554829,2007.8672733486098
37.67117402658353,41.833111098567,39.8699472324737,84.22307039577495,998.7087341910525,970.4612924068912,990.2847063150496,1007.698908252621
94.54032438203672,89.60119111604065,87.55136439577556,46.55727998893407,2041.9470120622177,991.0830412911665,2008.9127898083366,2019.6397874717443
37.56105509318208,39.55064835911584,42.39373091979982,83.67914315929015,2020.2009928361829,1016.4470090749764,1990.8680943955549,1943.1228078252473
90.23930428870906,39.06665698294117,85.56593678097772,91.95758791572034,974.4550591645752,1989.2775142344396,1995.1227001979046,987.0456533142608
100.12072227161103,86.10477290376016,40.518022633513134,41.74111012012488,2017.0424396259182,2000.338347509997,963.5428063677884,2017.5865919931036
88.58361803061699,92.87059850975221,93.33370135234472,91.67770707471887,2020.2836699580344,1958.6488846215136,996.5554546748477,1025.0059280839157
37.102991432393104,40.260396485767956,82.24671825277338,93.78382630042374,982.4111500647125,1030.7911385827645,1000.3059656403798,1001.9846332261128
36.90679810321936,38.72307277184689,41.30506934125664,41.62306888927134,2025.8964805156568,1014.0204512992809,997.4129808447384,1030.6564216204274
37.37596691020234,34.31518357556069,38.05912885377546,89.890972415917,975.8244839154388,2038.8512756032248,1038.1102352405894,1052.2226363462523
36.022599866894495,84.61807312101597,91.68635320866314,47.30351286831919,964.4301525621361,2022.4312741746494,2001.4526713153157,1968.9674873777856
35.27860817763863,35.99318826330892,39.890554058190766,46.93632776241841,2046.7188720194524,1994.4231529904976,949.3648131610753,985.9357604399277
37.385672398016354,87.59108853715004,41.52321476199866,44.70834133373669,1953.0775560348325,1022.4767445073885,2039.815769335897,953.060100437106
90.85878607106568,88.71011236023809,42.50345238742514,87.37348141143336,1974.509316125273,1944.7537604321458,2013.8676678539482,946.3101727326864
97.19154191729473,83.9934243578401,91.69540070212852,40.943653210822234,1995.9803349764686,1926.9076841432045,1958.7898342601734,962.7054706560764
40.18566987042606,95.29468251966875,40.41485676528615,92.00509073254398,2003.607309053987,1973.9256199881327,1990.0004327997065,2015.8024168481645
88.26676510298495,81.99755612149525,38.563033217908696,100.95166961759388,979.6920796284879,2010.323043678332,1990.995104451644,2026.8396104927513
87.57964804267762,83.57318113635532,39.197587279706006,95.4934167704739,1049.606201042583,1977.3541943119867,2001.7334813118873,960.8447286435801
77.2890168338662,97.74127763178949,86.92508037890622,86.83192392416419,1026.6150248075667,1978.8655001961704,985.932638121226,982.6581241976617
87.6371403495475,89.45861904152021,40.1873752962978,96.88979743098413,994.2300052512828,2000.6707210535592,1004.4747086202885,1038.2527177711486
88.87427250510106,89.77150482807407,40.5335867250146,93.75243599686172,1968.3594898635693,984.9722459073076,1020.294529370647,2028.5407657920814
38.63776605546319,99.50585620043722,82.76337084321078,31.125449628892227,1041.113101792324,1998.5953008743975,1993.292028238126,2030.8717444561814
89.57375124410872,38.81576864061223,41.11623013244238,32.61559260359088,2011.938019909676,1023.286507496947,958.70871180666,1054.0111679581958
39.166245903913925,37.07929484091855,42.25779277981886,39.92856759099885,1997.1754986251551,2014.9428437377073,962.9970202677654,1914.158482619657
88.42831154179724,91.60724507537627,95.55711644912195,94.33415196639416,1981.127285455933,1021.2140138591471,1978.4452472349703,2002.2058337048113
43.50261717789843,94.36649604908386,79.9902968374818,46.32690350170205,2008.0430014261246,2013.8593886203535,987.4590294668601,993.3233257305537
40.94053858843829,89.02304522487742,44.256436164614016,89.0122238413005,1008.066408097119,1984.6410855214226,997.6944062795926,972.1835536132992
93.36120703534846,91.71048562701785,44.71557937251455,37.159735133947905,2031.7259029117376,2028.948996109932,1010.4961483414918,1981.3383446584335
88.48810587779998,88.0255225537205,41.3583487941529,92.16094772843017,1016.2856477436621,1013.4780745046075,1014.039148656346,1011.8735018965317
39.96341188003235,92.12199289825989,36.4127985939751,85.21823375876194,1004.8223026729402,994.3928972930348,1021.7174774564637,993.6130779198717
92.07555511791597,96.58554759817142,93.40524216582776,97.50794798529051,1970.221048851989,988.8296829765687,1969.6655096905488,1011.1901045238692
39.36777448151665,34.93409525895349,85.3332466303881,87.13499221747935,1022.2388009881382,2012.2486723148127,987.9534451977113,2010.3197646462952
87.3047500082304,33.45659705781492,86.21176757192943,42.59001789322542,1052.1626600296645,1017.0317232417689,1018.3189263278935,1985.878216992877
40.09569782769559,83.18689172923916,89.94087758905847,44.18230577573377,2000.326262496221,2062.9256866773376,2021.7639079192575,995.1606299022778
84.82875129524984,88.15564516212443,95.0034655302012,42.04631972397477,936.072642846169,1968.3438689392833,983.190283782659,992.9257592362997
39.12014615166132,94.75802955863846,42.5313100861448,40.1848021180104,968.5089793200302,2010.4699538186385,990.7827158204257,2006.1613738993792
90.60276299989545,36.06375204645452,41.42254917349459,95.00602856967554,981.5539886576785,1997.4694358999811,1011.8528097776098,994.7544835104011
88.14834942534657,37.0201703863759,96.12525788925251,99.58125593235883,2004.566135199596,1990.9245440506231,1986.1918296739677,1985.8006726241974
39.99827906750296,39.31799847763436,40.112546932460646,82.40868304462188,1004.01787722376,1019.325554509454,990.212270221788,2069.411717794727
35.08345712240961,98.27661062118823,90.17195785644617,91.16589222318522,2001.2212260687138,1994.3882316101383,1997.4605199193968,1978.7515916866118
35.184634123731286,38.252141762955574,87.29063367867194,90.18693678525511,971.7630516988089,2036.4811519695984,1978.3637621828425,969.1158118551393
93.42846369456754,86.00077344183616,39.61524260319457,38.26941213168625,2066.208785945647,994.7864032370342,1007.2267944517257,1983.970747893383
86.35971550379391,40.100380944408656,37.84126115514639,94.35510753595395,2000.0878604007544,1990.2365906507703,1022.0038331311109,2014.2202803344617
88.4224307577992,37.01310813311605,90.41228147349055,85.65482789326852,1987.6715493598158,1007.2617286608528,1978.405201727984,1978.118445795001
40.51326771131258,89.729117643037,37.21248049660037,100.4302938176748,1001.7598939693991,1012.3893809202118,1009.8259554103731,2021.22103269232
90.67990839142647,87.08565845328673,81.80267687732623,92.78730403567832,1005.6444510517865,1015.4969511818815,2025.3022670855714,2042.5047530609631
91.01445390133713,88.94932151076877,42.77807066261266,41.531651114861376,1995.3823054085992,1967.0747332424626,2035.0460801081597,2007.0144306480113
42.308095914177,81.24141360522523,87.35758110170335,95.71345919475783,1031.5682851599158,997.9781484468978,992.4882925048395,1998.1880832550512
89.73405506750184,36.16717968809688,38.85936620852021,83.91326178872619,1032.181245924573,1991.1494813547802,1973.169167770233,971.9512429729771
87.48656959347059,99.68065427610985,89.22459190574182,40.89326363685323,2064.3455974926987,2034.4397503570513,2003.7985024950976,934.9668828229394
90.90925977611533,89.64531468276518,35.54486843412698,89.64761519635962,995.6838461056308,2046.172024464449,987.4923879163565,1995.7483157020067
91.30071306717961,87.30900720971383,38.96540807315571,94.94678136659299,997.206808726526,1960.2656448637529,2025.273284170905,1025.8665197169369
34.73192121186554,32.979749931242964,39.41816736491468,101.95348024483216,2012.1921759717623,999.5403147213035,1982.5588532031925,2045.2823407313274
35.827885019679826,38.95419944729668,86.27493478763996,43.34910629255225,2035.2336019943766,2016.4231711507975,2018.8925189920997,1984.660578222744
99.83069349076732,39.04641971215668,99.8875305137288,41.44235296721099,997.7744578301963,1976.262036704748,2036.3676779261405,2036.9311692381534
38.46953400960538,91.01250701938508,93.6368846851662,93.48633931249717,1990.6765840356236,1942.393156953747,996.9379104095362,1960.2663540634237
39.42942180266907,88.65747420529145,40.26615000184266,100.14018208637572,1029.1217245062167,993.9599858648497,1979.487809269519,946.7823001179348
36.864684316542316,96.69051873871184,90.82170395537594,41.00935034546313,2007.8960403745007,2017.3628162705418,1961.2876930467585,961.82477650121
39.04307461774752,89.30082750465421,41.54543328314303,38.21497696677655,1976.0433903248127,987.9386685298865,1006.8660631457949,1936.4122348395115
88.68783097424235,87.80364142447577,41.101350314480726,96.24964019962097,1015.7218517158333,2026.5196357069142,2010.5419942490757,1002.2934577289229
88.96025477416075,89.44177698049282,91.21195301253461,39.10528567964239,993.8087973767622,990.7800249319033,2044.8163304344132,1996.977223029025
92.74973831865128,36.62588575506908,91.94385388710799,40.597803792947104,970.1516910866952,1009.0536946503693,1005.5987822687324,992.3130435252674
91.53951030429552,39.2318443708498,40.244019262040304,44.4926134872902,1032.7324962344246,1007.1752344267159,973.7935247579327,967.9014329873983
86.69542692336248,41.20052761602469,80.60765011722195,44.612834930517096,1992.8285770453458,1051.1135426102046,1989.332993081896,2018.4425261835243
85.06422062300483,88.67713923190739,38.079698821011625,99.8507994405759,1979.1412066434698,1062.3100899651522,1001.085028525004,1014.0696860121309
93.30366807897282,36.070945391885964,85.98714349769277,94.85492543282166,1962.4296800903353,2013.9753492495724,1004.5625370686262,1972.71389100804
38.77822895972569,33.81964038378656,81.37829315198287,87.37925371267846,1999.4138444351897,1025.2024173068185,1011.6494009935817,2040.5921062138618
37.77922586747279,33.96457255560989,94.42365081458675,93.4837800283286,1988.816303528732,2002.4739529440044,1033.2593987414623,1042.8688425750443
34.116239907283706,86.08215074983319,86.88519518052044,35.321116820110156,1987.0029519443772,959.2907045528497,1998.2406012071751,1055.018801097529
95.40292498691717,90.79590618695717,81.88753361550889,38.42856910715545,963.1872518659418,2000.8321213105792,974.657147128763,1047.7229005699921
38.36846622867504,88.49744935753877,87.02959317204807,92.05556080483754,1989.4612488361793,1030.7593211683127,1990.597394106777,1983.4680071743217
38.94793244107184,89.30746303635475,35.20623073146082,39.551874086752626,2011.9968651842578,2003.3697525854764,1996.961097551997,1999.5667773591979
93.67031934398995,35.953067505327546,37.343653538315365,38.86816596220768,1035.8694402555668,1030.56207302337,2009.299753114663,977.0462613761783
37.446077429528344,85.53575749357555,39.09062877890034,40.04175686931653,1999.3537848599035,1951.6263762467518,1948.9253091498251,1016.5003973615186
38.32266182570201,94.71930360063939,85.60292094175658,95.37992795339943,2032.8582104666066,1045.1600797832257,2020.6151240957165,1007.7771734817812
36.38316859494965,39.44480768779508,41.46374857747274,88.84138355271992,1969.7648198078514,1063.62287655958,1038.7055564413795,2002.1480542507302
34.915698296797984,94.62521983770077,40.90491610644765,87.46956790234624,1043.3021068593584,1959.5809209031165,1954.7895534903494,2010.3867279808724
37.16814308501631,98.9834994528058,86.29148837429942,46.6304357928367,1989.3993809092317,971.7478425763898,1003.6430412718021,1948.9004938863432
86.67604792998685,39.922405698657556,87.58675722919138,89.69708580441173,1024.1182345644895,2001.1621115171738,1020.0622543774373,2003.8177156593495
34.41283370699748,37.38711480614741,88.51965005396748,40.34976453315953,1986.1470045644699,1000.744457967455,1001.1729721173699,2009.737338673557
39.31391925777517,92.8686034275678,85.40782449104324,36.989346413082686,1993.0810800210372,1006.4763171313391,988.505074615191,1016.9694027521776
37.22023896029845,36.31535392499997,91.45487180965792,91.7250129432976,934.6603759840517,1993.0037196296087,992.4037356474835,2010.9757756843912
32.97219059169845,103.71644181130898,39.650763929559716,90.52607588569921,971.6402563369313,1011.8338875475182,987.9543746283659,982.8124270272338
34.67323078789931,92.29620381607049,35.28916380974132,101.94391561470528,994.0505626538956,996.9076794639358,1986.141584945475,2016.2676144554325
36.7076644030612,40.36141294953625,34.66348479893037,96.13855787328974,993.0933094359297,965.8194979502534,954.6513143672516,1002.4310179707725
85.6347438818838,93.47456063876875,37.90691922632914,88.15560291872707,1006.505456846976,966.8848266115502,1985.0476194755593,987.8832412736508
84.11999465712935,88.77594742793558,38.64939887399176,89.68672209805908,1004.101509667253,991.9429226236107,2016.4917569399752,1986.6371560619352
38.831580558011126,98.51571316513292,96.3782517507384,90.11024594537864,1973.9128618372517,985.466494423905,1005.5900993114637,973.6883204894823
93.12864165814733,90.74581982550754,90.615035175915,44.02635990736262,1032.3309400622154,1996.883770701082,993.9977931205135,2000.852521101345
38.06389086698584,94.26378218153774,39.02854842743757,41.74751276896051,1957.567936870361,2066.117328841793,1015.7709448335272,1977.0569247698666
40.62073607040321,36.30708489873892,90.69597487816097,92.8844118997078,1963.7982162638073,1978.6205394388178,966.757473675804,949.0163481400782
41.81015542493485,36.36623495891503,88.2625192387317,91.24070730095134,982.3329703502923,991.4828366951031,1984.498359113159,2000.2411915280622
39.99450193082669,37.31420504620704,90.43952107868846,97.42084285316314,1003.7625293049589,1016.6106547261993,2012.44601529124,2002.568930666921
35.98946045555029,90.91761292088245,96.16141969622691,40.19446125387415,1008.4059537182056,1018.2322552077032,988.056106983742,1957.0355694320851
78.54114405285327,95.24659595008512,83.60766637037133,98.9639639967258,1990.243036231357,993.688279773254,2029.521969775128,1943.713895842604
83.63791313111227,94.54594868104746,86.6120504474873,46.115865012197915,1027.3219911037006,999.5988068683653,2030.2580067588028,2037.914350544664
35.663675944360136,39.71690504775454,95.86657457435598,84.8783040066632,1058.6414232938666,2059.7942891248003,1952.8430009489994,2031.1145955967822
90.81743335850102,38.743410592742386,95.78738788448614,40.334021064527434,1984.767191935002,1018.7128913270665,1009.5281837012162,991.2122048267402
39.35930089470912,95.21589677248993,91.35242235454258,42.66069414323889,1999.2295345065645,991.7985785262726,1932.9593050273436,1027.3407881312842
40.88774124467092,41.089383315075715,35.231631181303996,93.79757379720489,986.317967952474,971.4281320197663,1048.7569810844784,988.3844626043324
42.15133687757536,93.077327778165,37.271267962966164,44.14905841926678,1988.2752793002533,1994.5323856962955,1953.4377225966216,1943.040734545465
38.46461495758584,36.938532576761105,34.413668996648155,90.06997838870575,962.528794511574,1973.7493327968953,958.9609627618408,1979.7857821030136
86.38266162449997,89.97376115060403,93.55479289066861,91.66988771995474,2016.1907688292715,965.8314559448108,2052.0463401549505,2001.2175976345588
85.92048914752228,93.93651473438035,39.85946765877789,43.055308534157106,1988.5703365379857,1037.4642304717104,1009.7070545733678,981.3674796367841
83.21828140938857,43.655468404114785,88.92954311209137,92.39094705357381,966.0167595400851,1039.821349233684,993.7827904496551,1973.2861895099122
41.089618554646925,90.02203736462639,37.033003452164664,43.83296037909373,985.4325725297022,1010.3517757663196,2031.596493933642,2049.1212314279974
42.302716944018,43.22842997229443,35.61355974371459,91.46979534358374,2025.1284298198948,2021.2714378478815,979.1637921279456,968.1452907526223
105.47423850695706,99.02290704433106,38.421262121790534,39.67180541708983,2038.5568046001188,1973.6776235198947,999.1900676505368,2002.0983817632432
96.2013658851515,35.84673186380353,91.47389047083463,89.41833233087337,988.5708513056782,2054.2484521346933,999.3440330414167,1007.7115136080765
90.71665572730622,37.794896741788655,92.46375801936595,85.61334117022871,988.1643621355938,2020.073355331752,2008.0925438544614,1985.8809988774372
34.275220271680354,90.47899240064665,89.34755920636196,43.54740341823207,981.8353598439776,2054.629720881075,2023.155696994604,981.685715531179
33.98201175059534,40.31321291552861,39.25997113572375,96.1276681924628,993.371180989411,1026.3941920154912,2005.8003887446382,2036.6756949360447
95.36659795658358,83.55072715380922,90.08837838481557,87.12327301366142,1952.9192145296843,2032.322341436211,1007.7333343739556,1024.1208567391163
36.659365652981826,40.327731755236826,41.71301149668467,40.97323063518066,983.876549687064,987.4078424641419,1963.1749882336862,1039.639516843017
86.92208599390173,37.35092102254366,39.11814122509041,43.03077661828549,2025.5146648984826,1963.4813664340552,1969.4104870715953,2003.6184874521684
33.57822136671476,34.43855774929038,42.725802412441965,86.44458491193944,1038.2507825131395,1028.478561099706,1003.2741800885415,1016.1440744308484
88.23572982283738,36.23657714823928,43.64168266008351,43.49324937980208,1015.1983447211751,1003.2827683562102,2009.2160770562534,996.2718264614932
81.61494748442321,86.34415372255937,88.96289909080284,87.79964492755757,1011.4126444937472,2036.2086193624973,996.8951189539092,1024.3426188183419
41.43321605229399,97.42800933111592,39.911605482174814,40.6503609621259,1942.628021280901,2041.3416998573364,1981.907425025081,2029.5018614224002
84.34993769125055,90.72653591601251,90.59460601454371,40.512344496593684,1978.0835191917456,2039.6468496127989,1003.8626537110707,2012.5096149125309
84.87614620315301,91.99809463877251,87.7881189253171,39.50336098955344,998.1627846787608,2017.7271030006896,2010.6222742852708,2002.2706095134347
92.30377270363596,93.35694875517832,39.196415077115816,98.26023447982753,1998.7478145071093,991.827657172772,1993.5916861456503,2048.2208553879295
83.06892049115231,37.22009218042328,94.20107632021255,92.82427347889279,2039.270843390749,2008.7384667797855,973.9371337931743,1025.226043369731
98.56380636476902,87.31691349325384,29.712458045232417,45.32962321074261,1975.9268589583237,2028.9617815937781,977.402160359176,998.6853274271061
42.3052952971905,37.752636458470924,32.80703308288177,88.63332430520049,2014.8234831208574,941.1335807133939,979.5640574874037,982.1061029990057
38.992842581176355,38.97269909046199,96.2273344916093,45.16800003793089,1989.754775696437,956.9450065394384,1949.7708157239583,1991.0587717998296
38.734028206976056,86.79373298335248,85.3143348743655,88.74141658170718,2027.950169957143,2029.2315815488962,977.8241553356429,973.3423100984417
94.72908403810983,80.66663519082408,97.87794072161319,88.152880038619,1033.0070133233473,2009.5951152529738,1971.9481068256584,977.7727349913574
35.016146511196325,87.05997064845188,40.06841082175355,88.9510620620284,991.9776486361717,2001.5728029879524,2019.5694444931084,2032.8476358732978
37.77570462043478,86.12653165368293,38.29520465548346,92.32628478631328,2004.5951270096875,1013.4062996942757,2023.1464205843333,1026.7738004315186
40.42410322718347,36.99334725601732,88.74476564649237,41.48685278797363,1958.579278110817,997.4250593346342,1018.4275630326656,1975.8925586025043
37.35834328843099,87.16930020978398,98.5238986127355,89.76379589076745,994.1482366247748,995.4320965729951,1021.9685321962547,1973.1268264970786
34.73659251188109,39.167028292094784,85.42490425133052,38.62619636606759,989.4460398912819,1009.4143472039013,2027.1830074619393,1963.822295596851
39.820807701325,36.81031611109438,38.48117296152206,84.58887738495474,2018.7112224210066,2035.928328508626,1998.1222749997376,989.9531235918059
39.35223376133148,92.91874576265307,92.00243800506681,42.91913513573388,2035.3141072274855,1018.9709526330067,1024.838088742291,998.2921114139322
36.92513441010418,90.8057720051673,94.42404669250274,81.76447338259229,1034.0130065012736,1997.3508533587144,1018.4797876238833,1010.055982343702
39.18950263485546,87.15667071985968,39.12882943739422,89.0559399947881,993.576888279146,998.2112335987821,995.8241078345103,1043.0712495126004
39.15688430672414,89.53742461338928,88.71791567753219,43.620665686607275,2016.36897212152,978.8167788260871,991.0704682002015,1049.6977706202435
39.87282442975399,33.522448419485315,38.58315803272655,42.490800626704306,1005.5942113627814,1973.921458929108,2043.4836178733788,1989.6757071808636
93.54534892487278,95.14788258501041,82.08344473449831,40.8305132320544,1976.8966067438557,1022.8486920194848,2000.7200200803716,1995.6120888098353
84.3142133668119,41.34694177459746,87.54667025301552,42.955812432550005,983.9290012460676,994.5668303402398,1012.1729086246073,1983.2834404952628
38.012565746010985,39.77569923938377,82.72928588396145,43.874999099294286,1966.3320097366886,1982.7655360724634,2016.802609234136,1978.9268871108645
89.21609018710382,36.412280731630844,92.23306104301484,86.56517667470449,961.7009104711125,1011.8179772656376,1025.7747218943866,1997.5801215748606
35.0224287579822,34.68848934015115,38.20975858499453,85.08782041037216,991.719076465021,1987.9403820454918,1010.562334945362,1019.5990992107207
39.87607443185817,89.78416629360063,95.28152536517311,43.19311882313184,982.2208599314281,954.0876250085036,1997.819295774795,1029.4456244095138
90.16317157769544,37.69028233806519,89.2595026415713,88.49903282914806,1983.2820860300778,967.7086101012628,2030.4050711628372,2015.7337435392483
40.561634820320975,37.89265738328946,39.278680600786565,91.36043126446977,1957.3406558090023,1023.8117931226043,1987.2205393275983,1002.2436233925706
93.99464227340496,92.28760927557892,83.74575507226812,95.14073473999213,959.4557930165636,2002.6467685903533,958.2553250751698,993.8784218699896
84.52484631005923,99.36192046187017,85.87128110580143,86.40119185198418,1968.4340229132717,1993.939026410491,1017.6236232282745,1961.3445959632995
38.53874861929425,39.09150546120121,37.683662192868304,45.100154358703975,986.6227594191103,2048.6631459753958,1020.4657775810282,995.4300575459761
85.43409989604964,37.1357603206105,38.08729097933724,44.89599222529539,1028.829214488379,1942.3475987914824,996.6806438452526,2031.1483034447003
39.34396180265972,37.60260290479201,38.68831868597728,87.90644618161517,1963.226945399496,1001.418161424202,1015.7682702362165,1012.7473082260062
86.97175458759973,86.3963758084893,86.93271306437693,81.66859708748149,2006.7114890508994,2013.7660997022206,1023.2516664737026,2053.165143172343
39.00593701808688,96.53209469555003,86.34990630510494,39.412694801427556,2009.2192737542641,1964.1614595015049,1914.6520272115017,1017.704310748103
38.61903502259557,85.06485741109921,90.57938652744915,85.61518867774586,1001.1484884573026,969.2364942849774,1972.6527420335647,1032.3230223165874
95.66271276085311,85.80573547001529,91.77036517231099,41.134441384529666,1975.9539379612613,987.0594415384136,2021.3683421567093,1031.7354699453576
94.8983987567489,41.7454521917613,97.9367589041243,93.21606592668515,1987.5485850086889,2039.8285524597038,2021.8699935739444,991.8991318909805
37.49778689731856,88.43286141234049,92.00432062759202,44.7194162036226,1962.0774049646666,1950.232061369039,2012.3504393394207,985.788406095845
88.20220871074312,35.32517530441554,96.80238433159573,44.058442581276495,1003.0647109436538,927.0321662595711,951.3439459572692,995.6239956022426
42.988078341449096,38.4532974063122,97.50644330215431,91.46268822686262,1020.0825147150335,988.6255194638024,1933.282024771799,1959.3483063151125
44.043146729904535,39.166821965748014,99.27126102572655,43.77192452152957,1998.0947169510212,2028.187529383244,2032.445372209776,1990.2470489352786
42.74708129195008,84.409179960376,92.89400451617364,89.74769900041183,1032.954630772913,974.4465870454021,2004.8765625345927,1996.2703871512495
78.33970963790605,95.66461511084903,35.00595256879417,41.07362457687659,1007.0663684803283,2041.8061073676645,1977.0228096245664,2003.93657913659
98.71661211146585,33.99262679779195,38.83394741883174,90.97920268812122,1018.1159319731041,2037.2257187561531,1012.4263914616671,1027.5977772726026
93.23834555944943,86.63873187630969,39.25026596201102,40.37475144389212,1954.2825306539683,1956.5385043781341,1994.9835671149467,980.5110101677019
95.85170342441893,88.47861936516394,93.39828094037277,89.65075252488572,2022.3759679884333,987.6204043951798,2009.3563981917437,2005.6743935233812
97.72658108759552,33.05857037543865,89.2734230163154,92.79522444523053,950.8366313044501,2032.6071686233624,978.4920281736905,1982.6293941723357
94.18345943378361,83.67598313320728,86.2904028455083,84.87969553858346,1019.5547736508664,2022.511523074482,1975.0773331782775,1918.3631196355223
39.32246480141163,33.90760263151758,93.21078611890862,85.8532582490739,1054.0057671362501,1980.827864907158,1989.4667392866077,2018.8824746342807
83.16295465589491,33.497482832666506,84.14123436074202,40.66267155352818,1045.0249294795342,998.6275532785412,987.3204446521761,1982.94721353221
37.88370217478874,89.19054674497937,39.806275872721415,97.89468285682678,2057.607831278729,1968.5437785097752,1002.9885677998636,1997.7479831534229
37.10544740736519,36.78443984034895,39.87426561722456,39.103734722476815,2006.7850975784784,1010.0254127203085,1015.4111097180087,1039.3506786764242
91.06931529620802,91.4900525576879,38.476052215816445,89.28738289942574,1938.810636398437,997.3937345110711,993.104003477152,1032.2340392351462
90.84733766835501,86.31656651836218,88.76283103620159,41.86244305059665,982.234864767918,1967.4992252548448,2011.294464741519,1044.9623566073572
38.787226563117535,40.29082087079992,84.72215853628913,40.329122379950036,963.9129506756776,1018.6948937708914,1009.766128793028,1990.010075557775
40.197314433410654,41.510705066932644,39.36988349797835,94.3590148464419,1986.9383841851406,1949.7349163365477,1018.8220750178514,1998.0378670644782
37.983665690521676,42.066879519709516,39.37723532603812,96.40276782247108,1954.8467512624334,959.0321731398864,1996.0337406461706,2020.984934077555
92.53638458591485,87.03226043453543,83.75605797861357,102.1803966173714,2033.0556782022984,2007.3359509757368,2050.3395802002483,1991.5370858712602
80.10001929567365,34.95719893916498,88.22406300041897,44.41776533299391,1980.098188011475,1016.5461646489966,1971.1590932553618,965.9804268350383
86.65704959333759,32.88103865201468,87.13780741119169,88.9341264121075,931.7998223052147,986.0748634018538,2070.4470348879495,1026.5464662722786
97.49462209320635,87.33685483052535,37.109557922018055,91.12661377232384,934.673060026827,986.9160342545233,2047.726809512538,1995.7338962327046
35.870353321256715,36.51195915272035,90.89302810081236,92.83428538746547,947.7050032822452,2011.336631395268,1993.7076618924345,2007.4198003454035
38.43786853684844,92.2009190735024,95.87199926205722,44.59237594727641,1979.9336821382685,2042.5190543235003,1029.919954043784,1022.5276840075949
91.9367736363259,41.876597047552494,86.76365874441579,94.2103846957574,1990.806290977511,987.7547893148678,1999.849991203478,1016.2303713216742
93.39339299478554,38.23567919947599,86.08247788873567,95.34054431102079,1036.538640682165,2018.025887918445,1977.0003053645,1020.707773248489
90.60933464194017,90.14975676055342,42.77626995406844,75.5805869356117,2040.6715759519748,1035.1987724925712,1983.4530143279183,1031.4775966729235
100.73799468340641,91.9423418128671,91.86595443398267,101.20656941349056,2005.9462885801772,1009.5051988723432,2033.0905224832525,1029.788150408916
90.53305619353121,87.30463045346967,42.25043941429408,43.30379117740707,1032.0711020213114,1972.3699469819871,1968.433687588481,1039.130434005947
92.14754203440737,94.04223942570783,84.91303458552471,38.85521773827766,1926.7657703564294,966.5753138487562,1994.8746589262466,1007.1675762753157
95.23330152832978,85.32769275231868,74.97720206449807,39.01315242370604,2036.6150053488407,1983.9430134583558,1962.5798173951478,1012.9978938886507
35.585523418497466,82.87138600177256,90.82438541365295,40.178993858417655,1987.4880617996682,1002.4260209687124,1995.0194857360736,981.0560269376409
87.85157604962416,97.4358017282995,93.41057409620893,41.489774034811205,2051.1209947950683,993.8185567056952,1995.4533248207447,1932.93221645797
37.41408030185353,38.91766970227695,91.04269462924462,86.44801800822874,2042.5373997433567,1981.1731957342204,1983.7174024635458,2001.6939670511201
37.96780089941561,92.76146557718063,90.89173646377161,45.926289242055226,977.9167975797048,1965.0551776987359,2004.257897849781,2009.913051633968
87.6891860723063,92.40623354997398,101.75378119453308,84.52648589553799,2016.8640573844136,2023.1581516847416,1962.5979053186734,1999.3781041762952
38.82039156453618,39.559992459519314,85.42442498309941,39.2308405247753,2085.0881366152903,1985.64264181665,989.695727196811,1021.4559289203557
86.75239151704001,93.4435192037039,38.712346210713505,92.45602713163981,1962.7114635214168,992.7146748877458,2027.2641438346075,2000.106894855872
36.25680752321469,35.99964097348173,42.816589492158215,92.14987359928467,2031.897888533926,998.8053923280861,1022.8047884529618,2065.3315643367896
98.35702631830773,37.12476920198142,41.613730324162894,86.17587078204292,981.0060899296645,1021.1955486515749,2026.169923168425,1032.9763611213593
84.6212509048739,94.75053141565617,82.57044573759057,43.817202964014086,968.6156851621276,1041.081351478407,1048.229849699646,1006.5519616982917
38.00313165641351,38.32919264868089,89.67747399711536,90.25415523308867,1949.538025489184,1001.5449056265143,1988.8030448428356,2022.1982563155373
39.11202246255533,86.49562017958358,37.14327442352193,101.92396997681251,999.9102900440666,1014.0293553366123,1952.4455556091468,990.3333941075043
39.91754004247665,91.70779172278921,38.64403827103878,96.96260470685652,2008.0007803032618,1990.9592690556221,1028.7583395183424,1966.7516557015288
38.6726166797896,39.52173892269057,36.325247190249286,41.867779176379884,1037.264205574436,987.5164923734119,988.0160055683926,2013.286650951325
39.00313170467888,37.105500324111105,34.69157056227631,88.71583863983709,996.7437788540363,988.9568636338593,966.422624879149,2006.9315997679403
88.48737896477606,35.48788936469387,40.57099289508941,45.52467802292419,1978.460191418384,1996.1677550431514,989.414182167087,1008.7115105898376
36.770124899782346,40.327897097780514,44.391389582084685,95.06795448759803,1997.8931709056299,1945.5493599765134,1971.0539186873423,2021.0297264679593
40.29192960326381,89.96898764175155,42.319637477410694,89.7750757926408,1026.9091809423448,1032.7676554900968,2025.2168910249554,1959.7832632965308
33.059013681027984,79.91068346403247,43.479514474653115,40.63098017271053,994.2222704105046,2032.7617831357309,997.1771217820544,2033.6478359168632
31.633052096618393,38.14330090213392,83.72781215936968,87.36443706959585,983.6214123744599,1003.6687581141505,998.6451198447551,985.6086415426385
35.71343758560745,93.68626778510252,87.38581694657306,89.34616920110666,939.6032974571262,2014.006841483707,1969.561464451304,963.3877131244633
96.81108176475668,36.58314166156953,82.14857659319307,93.36397837427887,2047.1158243267516,1983.2312067469918,2001.5811776690994,974.6166863347452
93.65752719301116,38.26121998054737,36.58860181913316,41.32214565336706,993.3322766225751,978.8053254504314,985.9580686709143,1952.897739129272
92.04862108328606,41.79658124871213,90.85417710191194,88.95272087182191,988.1538166579337,979.574141489625,1012.3820693171665,2046.0479656566038
83.98409341515453,40.32852075606196,35.98712018525438,38.909567596305266,2019.4079858608582,1995.5771733128552,2001.6783709680408,2030.9311904517629
39.847452129736425,38.22969731715426,87.21374083286159,85.8713826972975,976.1912637941394,992.5526251325614,1991.1212050325946,1914.8382559086629
85.43488993651158,40.45217429977961,79.41765155255476,84.87670517637477,931.5816526854533,2004.7762701426036,1017.7940068900668,1991.988945553813
89.85211835844996,41.29673273424024,90.1019282855165,41.07471562444548,953.5960575416275,2025.8405229698674,1967.762451932895,1983.136074932418
82.1914835837282,85.44819500595821,37.53220228643572,41.68169966107645,1988.154004531941,2016.1290411744017,959.1089839904716,995.8831714949288
35.91338789971289,97.07033976935173,42.251025844573704,42.91502876734147,1939.6813326495912,2044.255308966335,973.4844428377852,1019.3318380790051
37.19922756840855,93.20344151577743,41.177742668604026,41.38258419278396,1014.6963307629992,1979.029279669043,1017.8870156773644,1018.7731263541833
91.89974815376841,90.91596764506394,41.07936194072461,41.86164889786781,1980.2423731601275,2032.254367731805,1982.0966475051168,1996.1526177410951
37.355989084146444,102.11246846940932,87.57712073214337,88.2335254769884,985.0494384144058,978.1784601915928,1010.229949502078,2019.2328332801499
94.98851918834052,90.7545707066203,39.52953608079707,90.18910035890529,1972.4108401666558,1997.7678193955117,2010.1233796493093,2004.6270320832277
96.50577848273247,41.796995687344904,38.18669075471441,90.01623874228214,1016.209196576666,1984.9273660241665,2044.1994195898187,1968.9799345252707
38.561908221232606,85.5963404793725,88.04629699775327,41.17612022579579,1029.067432052448,1979.3970646754537,2015.5114740202516,999.0077736510849
36.00148931867332,100.1233702789255,87.55574660323515,43.25739657672456,990.3351690337427,1002.695580041548,2000.8056479156387,980.3692467558478
40.64272539650509,94.38508087478638,45.045567325750476,84.75116511344525,990.9638818312999,2002.765170263053,1974.11461571565,1019.8936169627165
41.24715612943217,86.67847857712412,95.16998781538493,88.49140719039441,1971.1994660279195,2001.0923585167536,2020.3594131412115,1070.4893035204318
39.880363399003585,91.88024853833454,97.7910401510847,43.24940729064759,1027.6659788521515,1987.77540584009,995.6111723142808,1996.710158837983
43.40309482174552,86.58167005892305,38.929715678116025,39.964210738219634,2014.2927441883032,1032.0641543772458,1012.3185579486849,1942.934888757639
85.65575083155106,90.54296699506017,38.84626857834377,39.97975788326052,1961.730568746604,2031.2019647571587,2006.2468101077561,2006.2497104573147
81.4398464859462,89.28632120523037,40.34312823399812,40.801141334746646,974.7624727859195,987.2015927859112,2036.6021146566527,1026.0991961396376
38.76311171023492,85.31185205398246,41.82044141920907,38.36592325863525,1970.3403252222383,1035.3171186717123,1036.031290570953,1980.2994052854574
90.29841529773606,83.709017261484,88.72606334423845,85.53857132042444,2025.6947345269969,2034.4849902553865,1034.333258415236,996.0141136936433
38.40683997781824,76.40593117269708,39.40638991855904,45.1144114073107,2016.0264124790533,2000.7666681868964,2026.8434429109986,1956.5884803855204
38.204598794742495,82.71996607045527,81.11251104773172,80.0519284354486,1030.5545566763053,1000.0296877910913,1986.629274096182,987.1391366410514
97.1242116618701,92.53311452478471,37.481462050984696,40.82334951021947,980.1136354223256,2007.7691131601682,2052.7541921332136,2018.1024446275544
88.98573255485977,36.833512323830035,96.9689497554961,43.717639820269284,1008.1894405525597,1972.0733935653614,1009.4460462102776,1980.3392953165292
40.30889936624628,91.11925483155429,35.09519296092817,41.45542098030742,2027.4470258829379,1971.813817328246,1986.810718355862,1042.8194369738633
41.02141556644881,87.79682578046287,90.31444776421483,38.380629052308336,1992.920959341989,1025.1554324362965,978.2677025452523,2031.7492577111855
90.4196917775049,38.65127579336772,93.81186473519844,39.45303967392092,1958.5776046492679,1008.4380350067427,1008.6241314322481,2007.9084966803798
95.00516684494643,86.92414699441565,95.00594849205363,84.21791774414329,1006.2432088921834,980.8887090360578,1979.7034013690848,2010.4033789316286
80.22644028570372,97.03598351371963,85.07655213328006,92.90995829928883,1967.0508046292491,983.1046903813242,1001.1690756648842,1984.299916164808
96.03872907999393,36.53953298086295,79.2540328119178,95.71642505728933,2032.4738509563113,2009.0318175422353,999.5584440550074,1975.9733082444156
86.97142830737165,88.23782742894326,40.80234703850245,94.79625804796495,1004.4566145055039,2032.2019937385749,2048.673136706159,1981.703784363015
35.20496164312911,38.19308377923605,41.044572851548054,93.2161080426776,2031.8047660544398,1983.9105481685172,2009.4117874910157,1957.5513932969284
88.86845118398207,37.64419127381028,38.902955564868975,44.06342819383722,2025.4654143256284,1002.2137123703874,976.7887033547181,1953.5051143870649
35.782065372332774,92.29998503213697,37.73605999411571,44.92223603725969,1988.1929061662709,1992.8105818715078,973.0306147441054,978.0473287234965
82.75678641731133,85.96024495248354,39.78887819663542,93.34098714992649,2012.7203329158665,1998.1261416796904,2033.0182047848705,1009.7362127974329
98.74678655196078,96.30763265769603,82.24639278147043,88.65496660430586,1037.4577927533778,2020.622649931122,2012.8721164987785,1029.1248159319425
39.35846687404559,37.5878868786958,95.7679943371762,38.432679909906554,2034.6930640417174,1023.8777407500623,1998.930248611663,1024.131781439628
87.2781736402003,37.81864777348855,86.62113783586702,40.723236523514814,2018.262951583815,1012.9837665680473,1026.368046197094,1029.2125671827139
87.10008081495262,38.40354137522107,36.608797063444484,93.38692293070535,1953.7204939375474,1005.2723376180991,2003.646112601115,995.8462613380175
38.122249807613514,39.80466177704749,81.18499395948953,40.66820400171756,2047.0002629819285,1991.6623087494436,1971.4800130518913,2046.9290312567118
33.90891982628537,97.38419181193683,37.77166568454737,94.34518797954821,1008.821840366521,2040.1224644286854,2015.8557907168629,2060.473008179619
90.71925231392595,34.09852701679485,95.80110056806959,42.981430990497444,2038.775681170774,1027.588661174364,974.5416312785728,1026.1511699007326
88.49799656609333,98.49411471052633,89.28069006965401,44.72559998613677,964.2666566737869,1025.1728662899723,988.237421742248,2009.0276508504971
40.605890465691374,89.44630835857758,96.07058780930487,44.205519297012174,988.5296236375401,1946.8643819876092,996.0018557908265,2057.196361515312
88.37391545130362,102.1769191240858,37.4865918676534,92.7430090315591,997.8175007237613,1966.8892090598347,2018.9668332006618,2017.3304421482173
94.32302370615457,41.8347459919286,42.6235675774264,45.18002244191487,1008.1036988097685,1996.5831080161843,1030.2058018682978,997.494700401666
42.18702811587805,41.339287591105425,43.68782690907442,94.73613964550208,2030.795062836253,1959.62406881952,1953.2387558488485,2020.7165829827088
39.4841834273912,93.37163682121073,93.84799219405366,41.79739509406912,2043.7755011725744,974.7475552709521,1022.6144169527347,1051.2982930634018
83.08548241030078,95.2753290316363,39.33377194751562,41.65405610322929,1959.8811365562506,1964.4602769702972,2003.2888294669906,2009.284551950576
38.89686272353295,36.86753151807453,38.80398466584562,41.2918531271971,956.6704846384216,976.6588896323047,2007.6547146574483,995.4021324587313
86.59390772716128,92.893126325929,91.81892487472666,84.72919399913572,1976.6914141691448,2005.9777255833644,1006.2090045861598,1984.6279921885791
37.43890470903752,36.53268209895566,84.89704162724593,103.0435861651174,2017.8545437003613,1966.4705935517995,1989.7462300093673,2018.863848548268
91.60931644977926,37.39303375392027,38.869088041035575,96.99769989309898,2045.9026612398561,2024.4470538497253,986.4283791397941,997.8238461238759
36.85336408717345,38.363862499768544,40.818559283749224,46.919709722858215,2042.6916938923314,984.9313709556063,986.5332234458339,1036.2787992314002
38.12142835846417,39.665714807812066,89.34256087364143,46.60222738032901,2026.9517757478811,1994.5367183006992,2023.6270513931656,2007.1001954989338
73.83232187332945,37.14370098771315,37.331701548842176,42.65338891226574,2020.5783002342735,993.7800814308912,1983.6965956208521,1991.3773902496366
36.406799285427006,82.64192643195275,41.7199129365363,97.68616581223515,2018.6954987272857,2030.5314640247714,2004.2582608968664,979.5270204964054
87.1574680572911,37.56002048904657,87.55643922843431,83.78889113076485,1989.497008882473,1004.024678230631,1014.0939494647473,989.9821389561637
37.272707000545424,38.32569848392235,81.45427073502034,98.38161608329337,944.4819028939196,992.7589107244507,996.3183344830225,2027.8529166655599
39.254930622444775,83.9997716700523,39.734823648108375,41.554855628189785,1999.4883089393709,991.3135759532263,2010.3018952026664,1004.3953703578861
40.00944457244012,93.66344905744695,37.733064526287,43.69272423282611,1998.5534151110694,1030.4087985664296,1007.3226746465947,1040.0014169625344
41.2085656459482,91.92312489493037,92.12765508334275,90.66473955666312,983.7917348280607,1020.1679525031652,2022.7730775884102,1039.5145610919121
95.76967191280222,39.97194953501082,38.428972139364205,93.65379853188017,1018.4184589478382,994.8363546072251,2014.421837299171,1970.888857202528
39.74561279279743,38.607841019533325,86.37184622778382,93.29339680837415,2075.8821831736727,1964.8266815117315,1001.7756802840354,2055.2023282468895
37.641049374447945,35.34608037347408,89.14028924890638,40.75920575292392,1041.7184304218513,2028.0382001581881,1979.4842419634192,2002.084979310131
83.53821145759743,37.5758454325111,83.5411513550727,92.15487140029434,2015.4696627854055,2022.4484041816374,2021.504889717644,2027.7808884350711
95.20417523810312,90.40382043777367,96.84127762418943,83.658262634688,2028.0087967205625,1996.5470711977573,990.9129566121499,1997.893580608097
89.98029066674212,41.57884851863075,40.17474834822077,41.32187893186106,1022.2999884844796,1027.8988683165944,1008.0597454906813,977.6554107611964
37.85816786916267,34.98782677774952,39.32834006689258,96.25697056320135,2024.106241163243,1990.6307346059587,2006.8207615228514,1963.6279529057165
90.72488133143774,36.52744616924876,39.55433791430285,43.43693520906465,1071.0917029772254,2011.8662007593582,1928.458947400154,2009.7144623886331
38.7456246063273,40.35565741941281,86.05605533797795,45.14954384847562,1029.3595727986185,2007.474341109469,1955.325328515504,1044.1642626949445
37.59680119070512,38.64956700501281,41.47518105471184,43.38357897287507,2004.2497087892525,2009.2686022782118,992.4491694444077,1982.1678573171341
37.519110088612976,35.75866646422881,83.02403949855574,82.658640679626,995.9753794880055,1004.6590664748894,1018.2475990344667,2051.7188294572047
91.34164004580616,37.726267174979526,35.56847138671169,90.71661080016386,1973.0429538952815,1021.8756464458545,2010.2694249274032,983.1671193168268
38.336801280669505,91.30612224525332,95.8760195710346,41.46120515686191,2015.988568733728,1022.8953680813102,1998.0650528482483,963.4304204641704
89.86755902093526,90.12726056069516,95.57750453719137,40.10891805174106,1967.152432927164,1979.0877823490844,1029.6398597671546,1979.3999386536852
88.782155402557,103.90726635827274,39.17831996893455,41.68484030183264,2053.7824437145255,2010.5829231739274,1963.9138950127426,996.8504927488684
90.21922419810332,94.58608715477509,40.990670159839766,90.42946336623817,1918.3297983047062,2036.2009842645716,992.0536123241195,1035.1915351200867
39.31153883556317,95.64412106041097,90.55737270928,96.72918941211192,1005.814020758904,1964.8956308610898,979.2864396015725,2008.592594406977
92.77975623612829,96.37157183530934,100.4412862942418,42.596654875770696,2032.4195149209268,963.2618699025857,2029.415345658136,995.617695263805
41.64075554867662,42.38628021005873,97.16697103063932,94.12248355310868,988.5369875646563,1934.3291764591559,1954.1188950322269,944.5182399891723
98.736588576267,49.649327702273524,49.2502248815617,49.37338096785308,1029.2953900582738,974.3851373854413,2029.254222132473,2022.7753637008243
83.24336458879759,49.21084740078528,47.00385644834304,92.11358357174963,1018.7716352284328,1984.187813733721,1047.1239939085688,2046.6913272731392
36.308789408916866,86.27659761288318,79.37403852373748,45.007175870098024,2048.806953544945,975.9407540883935,2036.7007160503115,2012.1791935929393
42.42502384206187,51.682231549910746,47.876108761939946,93.85904109081405,1054.0830486723632,943.5263970544947,2059.9933776113753,2022.4723624096694
39.47983246433776,88.24314609427772,94.00692226308668,94.38377868858058,1966.7787882868786,943.3874443668294,947.8412772656969,2039.29225302716
37.16258884430685,84.60541797568848,92.07422358663895,91.41569886959496,949.1051371935155,1004.755596689701,1024.2215615115833,949.4788189344897
94.35633909909834,44.396989850216855,49.24924191636987,90.64338049848676,989.4014198918264,996.4794652234254,1091.1619980590774,2000.790702177556
93.72971681078094,84.6826677384062,92.41685174243189,82.56840035746109,986.0634451285976,2029.3531463358242,2055.144128208608,2010.2249062090316
89.08175502926657,89.16253843542204,47.84504533908234,86.61188217031662,965.8045421256631,2056.6281342048824,2050.8087943355,1998.3046949751892
92.40896830944057,86.51974226534335,94.44996182184046,84.9824821088275,1936.2372033569147,984.2139535501547,2020.404295594323,1052.805669306465
41.6684227307542,42.88416860264987,93.65920689869947,42.963198882783914,2041.7867368649586,1995.5647371685814,1012.4873986254794,1059.0444162327387
88.21248499555337,41.57683879420249,50.72165125340176,93.0330874818649,1005.8167905504275,2039.1078204659457,2043.980128658572,2009.1326058688353
92.08242192195779,88.52059347098283,85.79811654742986,85.4086931610701,1983.622615651667,1048.678599751552,975.2762162113518,969.1247948384143
40.91217866959348,86.77399198939726,51.13793431138667,45.419834598887405,2054.4732640055317,999.1763056072348,1971.9879233177064,993.7534124344229
37.82686702906433,50.50535119849252,49.686245775873395,42.968964031589955,975.9221461038078,1965.0889877948805,1010.1171067049736,2021.407934231312
83.12140715272962,54.63653041761438,89.3383255349084,42.306212089626115,2027.82860136058,1997.7316283211537,2051.8781097185038,985.9723829849673
87.34679003824569,80.52216834376236,46.8034227163773,93.13449582796646,2008.5415758020697,1997.3282228900339,1039.303965905888,993.4594275260778
46.83020231463229,89.2230473004152,47.76382558910263,42.22085927568825,985.2403830133253,980.4089978739457,2034.0468585823721,1011.1643861626969
45.218527100800046,47.631018170032036,53.234060343425334,84.32632129750009,1008.9385148315794,1049.1852942753367,978.5857337927614,1007.8248230588247
94.5053149703873,93.46210950698296,50.45970715057828,92.80361106397041,1013.9873122242882,1055.7124789126058,973.154461040792,1028.1211707549712
84.3577713175294,41.639354672815244,47.608474173736326,85.86071974711263,989.6232926338037,2078.509514126168,1989.2847236085922,2018.669203368422
84.46889245994946,95.28471955480207,85.99775104882187,85.8034488877237,1981.8956628896065,1987.0720128804326,2040.2415855932572,998.0245361668678
87.54022661794995,78.65874315802482,46.8993427602949,41.99029974617879,1057.3004433519445,2013.995075192361,1965.9081803971187,991.6056794585941
82.47584248830839,50.69970687533642,91.60656244146614,97.62500203958581,2007.892509410144,1065.817004680317,1029.6535213172392,992.1996625095753
51.62234437343317,45.647064243399875,49.31263314934819,91.94145836165612,1996.858765066141,989.6705570637756,2007.468901969848,1979.149553914932
58.845800769052,93.23607842309855,44.748514303874416,42.05894583802514,964.826826253686,2030.2982429437961,980.326395083931,1013.7393746747719
49.02563492893118,97.51775803065517,47.39105581980287,89.02492437560466,971.2713166679343,1973.725402945516,1023.0928766280658,2000.6903721698964
41.642283850430104,95.74424724103142,90.61440535794875,42.681681838701266,1986.282770807409,2008.7778687710695,975.3847277311722,2009.5550172865128
89.42013071310438,45.226509815975916,45.65831957407262,87.61608764788974,1048.4515013448486,911.579149167505,975.0537639810793,1999.2674536002028
43.27432593322323,44.33914465736778,91.64290227744019,46.09911323242842,1999.5741218621054,957.8153976233405,1039.122113799856,1994.88301766115
40.6320825462885,49.770950535079606,85.41061897412014,42.19042812161839,1060.4949745083663,992.7785225100154,1016.92700804006,1953.930678115142
96.97626407037492,91.5359903563631,45.35676915105893,89.69764313777286,2033.2517648999906,990.5102218096747,1981.1141364616992,2002.0038479291848
94.81681181311946,86.47651637890735,47.05543664232264,91.79196555585641,993.9454204707135,974.7200873749225,985.9014102694998,1005.231452363877
84.20152603196655,87.57393637309985,47.4694067630174,44.13467941765703,1030.140218435196,939.4202708785215,994.8112621053606,2001.6224782043655
44.005121115257054,40.02582500678789,84.99911389800249,92.73015649112855,2001.9532733906183,1979.2669319089432,1990.5944353989205,996.2361158547803
97.28464796919148,40.6402369519195,48.84496343802972,81.13260502098927,2025.8737349628936,1997.1541609545675,2002.7679173118706,999.9172193658303
103.28312390415846,84.67624646957705,45.33674542121899,42.92834483083075,1051.1086609135766,2054.5781317407673,2029.2272753421992,995.6383101782981
41.02532496336458,92.49843293317133,91.16291594170218,87.25290423465849,1976.929364374972,1998.49263348267,1903.1227011668834,1000.0177863020164
89.6542479798994,43.39190471301509,44.079620111066404,88.23321708906226,1017.9422364113689,1994.1014897889413,966.0206150578988,997.2429971212292
50.88120301107791,44.34247811069133,48.429472117099934,98.0339345154327,1044.321138284075,1026.6036047017978,1943.2526877724886,1982.9773369464021
49.4925439736164,50.57137953730047,47.63855243416805,33.10822931883303,1981.844524932117,1976.1975251277333,2028.4599760840103,2003.5820768023243
86.62443312598059,44.70486878277572,47.706214272199006,94.30112066325479,2018.7466314318415,1052.4052866084317,969.2136657617853,1004.4417638159124
89.34437057404199,92.85411225975146,47.85095068383475,80.8219819221165,1028.2897239945291,2006.2142451872724,1989.2017126870942,1019.9769512560308
88.90621879956899,100.51214145381611,45.33434152560867,47.46800314745748,2036.9948509601218,1994.254641956312,1059.0450312393127,2019.5647601908809
44.01773785361229,38.847072835171545,48.973782060758886,46.182485883338046,2029.6895658907242,1010.1431912655335,1030.7405919070934,2007.0280270684798
86.79107470594647,90.85948001593854,46.60653126131068,89.26939947094166,961.8891877219866,986.3083413489479,2039.1651396064071,2000.254500789305
90.31446421724648,46.54188250737435,42.891737049548496,85.00895623706562,957.8548139752686,2019.9365648618912,2026.325515411005,1034.4932600321647
40.97121641162742,48.29628633659364,89.69384847451855,80.86142907624334,982.9575082907111,1025.6109299403872,1979.985761900996,2034.167175483497
44.33157922290961,86.74534937774368,45.751554956078536,89.39299604874176,991.5024641465802,2001.4958450260435,1975.748931603014,1999.1633212162747
43.94899688766961,51.6542111599916,82.29836824042417,89.94011577025945,2029.324111398883,989.7855518942811,973.4868531625347,2013.8598178763755
95.9914778042707,89.33831883834829,89.09357721521815,92.7708947780358,1018.9194270629247,2018.6204004525894,1014.0426763721105,971.8014822525037
37.69178228522564,46.83831318701779,51.49350908182302,91.52051159717291,1991.7937366850779,943.1510051616543,1990.6429614807919,2012.3917045517085
85.96008110602264,89.26294494107503,85.38776977925923,43.17212245045019,1001.3059046645448,1953.3454600651187,2019.409666878068,1971.8643477255873
92.71185093017698,78.8365650423869,88.9397634492621,88.75271389933835,1021.9854751917892,1012.3665037384609,2028.6688687044616,1959.035589222342
91.09430362351524,87.74584631545473,92.47818025790174,93.82285377315264,1985.6042132189168,970.6989931963001,934.6245766137949,1977.3742833479653
35.76486407420067,93.83351558769893,46.70848400992264,48.88058141875746,1981.8821539581998,971.1994669095625,1948.0184240327767,1019.2512324209074
36.130752828749536,45.84520686194432,89.56174876160279,91.80890725537483,2020.3137937477172,1009.5975745261037,1012.9062379649492,1033.336127771268
80.02933529405585,46.08713037264191,94.96216617928764,46.28368477648508,1022.2528588259851,1009.9974423928875,1024.1107972848563,981.3933973912676
95.25918129090464,78.88657168765106,87.99956617743591,88.2524992639002,1947.0205857633005,2034.2115267264112,994.0108262735891,2062.0791268158214
42.61288911486195,89.32666755439841,88.291559956892,92.94406597196205,1031.669434875862,1000.6542773389207,1003.5694523994207,1004.6241009886454
44.625901905141454,44.15486245562228,44.41731221980477,47.616261128219065,1999.598922517965,983.890612987266,1065.6326228438234,1007.1182123886086
91.79122491838575,85.98032784007727,46.41441878637489,48.18273699775398,2008.7879094579432,958.8910779625394,958.4469176204209,988.0840125798991
41.50847284622374,44.6520324938204,43.87041132687027,98.48501377013878,2041.1144229715237,991.7530758887901,922.8643553334838,1940.242506278154
43.36507238426968,89.23852494745202,40.867005238564715,93.05340219350394,1003.3993169063533,2044.4333181267864,1990.9188786794991,919.6958572612627
88.85413509865087,38.83326732413221,83.88319872946506,87.83588353984317,977.1039678781116,2006.9938290987097,1032.7790852176258,2025.705554368937
102.71569912220983,88.83562708393573,48.464468189721465,90.19857266236625,994.0192950437005,2022.2022870747232,1989.981208118248,964.0113814443271
37.55121193075598,82.313995186493,46.05838583156635,40.00687313163341,1997.985294676317,970.186954322641,975.1778708382476,1994.905398883253
90.53720412076513,42.58641100029781,93.11410266942744,37.966873184959276,983.3954553886773,1942.5241209301046,2044.3934281906377,1992.979234271043
86.2471268636485,86.13522940521803,92.63292904411452,39.50694635522846,1997.3804488530413,2016.480198449079,1962.6211839245925,2048.9536151328175
45.031975810139365,93.78053337657288,50.63802375736927,46.89201276414046,983.9705247630739,1960.2234503050688,1989.3381186537497,1013.3245136953523
86.53853660922252,104.21734970364628,42.65265026141885,41.77213310773814,992.3800872195493,997.365378556088,1954.7786516264462,1004.8824237909056
45.83268727201644,45.78815080823197,42.47017819875492,76.47466713964921,2020.229113809508,1996.9534042977527,1990.7076765236352,987.433509553576
51.0760983033734,46.74731305628717,45.5527408305218,96.87695037346926,2015.8774608677008,1982.8504205476445,963.4116497762113,963.6558134565701
45.17184255560141,85.09382040996198,85.57352021133255,79.12460941569135,1009.838518836372,1001.7911178730574,1996.3629489743305,951.8190029895082
45.28577268521487,96.96734177301444,46.25779080058331,40.949283277277196,1018.1180372813571,990.2060655998047,1028.8670590763695,2022.0397007586078
43.80144689222493,49.41932508716868,48.7821481691842,88.69143401313345,1044.0718872770494,948.0888258067787,1979.080173247146,1935.3982916944667
85.47442214632841,53.14040061298161,88.4061642153745,45.18064083402078,1033.97082809496,944.0600337584153,995.2642599491064,1990.6495476614239
44.80827860070849,88.83581264435783,45.08180278004765,47.690196228372386,957.4083647779863,987.1379651749788,1006.3353016357357,1970.8186623263496
89.43082294934403,50.78221025107071,94.97915665190295,46.61435711390608,999.698035428379,1005.5750606341801,2000.9471248020702,2005.6646604040766
91.90536418960282,93.56721153391102,80.389778367803,46.40747674269717,1989.827648336877,1950.278987102587,1009.2405876928842,1960.969313968124
37.797598224828775,44.2725253404157,89.69071507406531,44.81045148431522,1005.1206363657809,958.5451737677977,1995.150318736599,1986.7827483972949
38.71744434420887,45.427560073098945,41.788860350346695,89.44920825509054,1011.2455222996184,1985.016964085195,1973.8829265280651,2010.1981607245648
81.72967464351044,45.39577539636668,94.65761972979324,89.73696870120935,1978.538076045664,983.8883382431934,957.3174453199711,1047.0073542920406
43.377416096721504,49.36681274131922,89.7656036828817,90.31426101961584,1017.2855404173873,1977.136697553137,877.4417625615009,982.3234737511589
50.17984580808782,89.35686496563592,88.7616394072048,36.034907908736415,1027.835141786255,2021.0062013332442,2021.4209933568907,925.301376688697
88.67955951801892,46.38520060711743,45.97173741808996,37.329562351797804,2003.2476877170536,969.7355800769215,951.801563366499,2006.238984104275
52.68694061705928,86.21243294846525,89.99817988224578,84.91841330136519,1007.5531353616227,1964.2650841522996,913.4555207879835,2004.464728939262
85.15783078848233,89.43011293173446,87.11824629837183,40.62804422269845,987.1485193389001,1955.4576813990363,2021.2931225929524,2011.3623853507977
44.90364781061161,90.1829409347138,85.90675261958731,36.77003744980509,2008.5584271331036,2016.0231134645671,2047.3094846552906,1974.3489733179451
40.57363294126921,86.53271965051516,90.6278321824423,38.17386504963238,2026.2942384309913,1030.3054336962546,1945.954327369226,1958.7344741801871
41.174799360665915,40.78141440899233,84.3967122030262,85.1790921350001,1991.8749837566625,1993.9665447960915,1021.8271362834305,993.0012549369583
44.09439446771277,48.94183238506676,85.35071780678847,38.54408498722185,1013.7337293517,2005.6729468300994,2025.367891554412,2022.7714431464108
39.27121345840631,51.13201362533478,44.70192206798086,47.47122558037244,1974.8668256713624,985.6695210698153,1039.3856174097932,972.2638317672089
40.889257548813,83.91238147963033,44.46803179835998,95.4017882607166,2013.948122258297,1935.336906170221,1046.8355189874546,990.9992217912046
46.04785118525997,94.30441677496366,44.298038755217156,97.10819039644312,1055.498180569299,1982.4238198985613,1047.7042788596061,1924.996538598121
44.026753564834834,50.228342884124686,43.76318252952953,39.63562882703951,1975.2432462993777,1985.847201131784,2016.3984194042748,935.3999632652992
88.43107613264634,93.08792418223037,46.00134233465457,104.93308278192421,983.3439966310705,1021.2779300349025,1991.4367424389868,938.9127819777373
80.72131909187257,42.0846435505966,49.134944355058465,45.80014295766537,945.391315399785,1962.8536926951915,1991.0643047063404,1977.9999301952168
39.18754323406492,40.146187378001606,52.29678910461528,86.17843521642207,2037.929581688647,2039.4783691402736,2062.695281481031,963.5950000915102
90.86702198154333,41.61939125033573,47.52952392590593,48.70286003143693,987.7561335743703,960.117658251112,1025.4039595147747,2042.9146322129425
98.83936731722389,84.97808842050318,39.68057802843575,94.15761258096518,1976.3171291701956,968.9855927454347,2014.1978231271996,1011.5445853877563
94.1053986794988,44.295027606157575,42.781721280515754,35.63030107083404,1980.757738032913,1967.0294413776546,1014.450925438059,967.395664415275
83.94963258285313,79.54485470417045,46.416776060439474,40.40054013036918,1987.0976507456926,1986.7953739159916,1986.8847839941996,1967.7387382919665
90.0544027364672,45.571947044765835,48.00185109031631,44.71796560425666,994.121260394915,1998.690816471995,983.99762023059,1975.411159292132
91.95616402917842,45.74966183605754,83.56891921832799,84.66466089905799,2030.774405794385,1084.608186429007,2037.693747150096,1982.3355176355624
91.49861674975928,82.35985615803487,46.646450011458,44.049336062017744,2016.9489300828986,1963.2742094724176,2013.0667183780668,2001.6782679215648
86.37564603462133,46.64781653883185,97.33761136266597,82.79930966745536,2034.616114084044,990.9251999938635,950.1076478490138,979.6923378329936
47.800767610757816,95.73483810784073,90.13418765257924,91.12049725362853,2049.361362143616,970.9160941774784,995.8325692898997,982.9486660899951
91.07016797475804,98.54550272613879,46.352636351051316,41.647563845638516,967.9107556699162,2031.4172256101883,1985.7612509691505,1035.7341351068542
94.75837626239135,84.56783872623157,44.825017921008026,41.57657366583683,934.2105845884205,1979.3543177318097,1010.9926341708788,1046.5345692182254
34.585231733479375,49.141022821502204,46.03964923557804,80.51095567818959,2001.2795503544094,2000.7976027541563,1008.3598494816365,1980.3104862252098
40.463013113223155,91.45669304403144,48.064293047731766,42.7580985594973,1972.3685237510406,1012.5772029659122,1955.4668057506537,2003.713278049158
89.65491932095624,86.18598978935162,88.23316634592666,34.95954947574384,2011.3873438547098,991.6326367369605,2008.644056703218,1986.2669311991317
81.70163554386633,46.065424423342805,93.55412877379949,93.56378575969647,1044.139678045649,988.8154870302379,2008.9228756756188,981.5717604848817
41.19236471025633,46.84937332289452,50.400009238521605,47.34304096973379,2002.1284638975546,1011.4523236961813,2020.4789553762091,964.40749386586
43.58349449019044,47.34535938204463,47.96144320565776,86.74637149596433,960.8785068607051,1971.0493246099225,2023.7242423513067,989.2142094792088
87.73471074381993,47.69866197909509,88.63961392486301,42.28019605328803,2009.84925352985,976.1484408550464,1995.60002501196,1967.1206482342304
42.01589410598348,94.09030759255961,83.90312118849249,48.24045217695068,1991.5898075341922,1989.2443315223672,1034.5515645861951,1979.434603699519
42.41373849436124,90.18303943545732,88.40368058380126,87.26606844825066,2011.3248163918215,2003.7219511924125,2004.8096597348317,962.257642925969
82.81870019478453,86.66153260076332,90.98574223327684,46.333514941008886,950.1294296108811,2006.906177672382,952.5384333629919,964.1005027460828
102.34491165159271,49.05071220699725,48.95177838370596,43.70144470507155,2007.1216027269536,1036.4246629544964,2005.8304736947496,999.2836494272854
94.35257484093768,48.69000497181986,46.973261719967155,42.79485770063427,1990.0956134567505,1008.9738903377246,1035.7107770571984,994.7971504842478
90.29083319293478,95.40351873637988,44.13325227546147,40.33293670989214,2013.6893303055804,975.4081218372976,2031.7778936352531,967.102179858562
89.91905375497763,45.08777316447008,78.97298027135261,84.7143006194819,2061.745829782439,1016.7671524227314,986.0140010944149,981.8305633727209
37.33576716970086,47.360073827063076,93.81332992038314,84.69558121580872,2035.127199892636,2001.713327138848,977.9473183095452,1000.9024584452386
85.45991584185035,83.50025290731655,86.9191694844515,36.92156840708987,925.393071274536,2000.6037784896137,1966.649207473055,1991.4516626089144
81.31912091264452,43.71168989436276,48.95739956484836,35.025115318187446,979.2255624883595,1976.5140842892797,988.4371432953125,2006.963501971871
43.1384888867808,91.7171388245233,41.3033878343919,47.885187839390525,1016.6650418753981,1018.870772997592,2000.5577459729477,1021.9675942280865
91.02614154144109,87.27258573241895,87.19167564379973,77.36425542209648,1024.4000743041242,2009.7678267305873,956.361594939272,1998.1822129274458
42.084933737166345,96.87765137317592,79.0710335629399,44.20818633876945,2002.2210860413572,2024.8119696301865,2040.004773412484,1987.865739363572
92.5044774155905,87.85464171633339,87.64550736688321,40.73887897683103,927.9367493778298,2019.5901671555343,2041.1952626802529,1076.9202711962516
87.2903891678694,47.356087904912236,45.572623090875396,97.96368753272436,1968.5951510311045,1030.7370653292892,992.5729979388618,2020.5152090563358
88.17721049904499,96.39957776778623,89.26554242081531,95.20566634033979,2053.16766053791,989.1716078762602,959.8752569956223,970.1451132145274
88.12590663225696,86.09845998523942,91.14419719185813,46.839856118548056,1032.813022784491,1001.4646805035327,2003.9227171106486,2042.2067434103092
50.354671271033496,47.246153934153,45.4368392505543,48.946238541097586,1995.8816657940963,2006.198231775643,975.7378337601953,1953.4546518047575
86.32359677050836,83.45516361452763,46.170976980028925,95.50536779523873,1997.9034591119234,2003.5188691619383,2076.1027211096152,2007.9160025736523
95.70104319247822,89.54350256822988,94.86575330245442,90.75353533914353,2003.9857722776796,1969.4919031338218,2003.1172064986179,2054.0503959756184
89.05211313307086,45.39028737230588,96.54311274608779,89.29996638344127,1001.6242729313524,1995.3975222330168,1012.4462914602109,2021.8168053708964
86.52725520549888,99.10681622604625,46.67617877512926,88.0972577406659,2059.8501633533697,1976.53518441594,959.7620634539139,2034.0428840040204
89.47906795777641,91.25656632999309,98.96845856795557,43.38833040155885,2056.251360435102,973.1441495409113,1974.0912162872658,985.7139362264461
92.62668979894832,89.20198105756107,89.68243005988448,84.31224842088312,2013.8322336571096,893.9799633863847,1023.4831251743991,909.2625203887794
33.557782210371826,87.1120047104361,98.32514761837191,93.80861393617039,1008.5591304571903,2014.073883438733,2024.8988533559043,953.346133460066
83.55200641663109,42.090626383429324,83.52237399025243,101.40086205891849,1980.4182505389847,951.3181491905948,1963.4442873008509,1991.206345795098
43.3137025641374,46.749363872431616,94.98520965270428,44.464954225381376,2001.819021659016,942.1792656061914,2010.004346182187,1045.5882644118951
42.41356823599818,87.69239785275983,47.358661621569226,88.37957024193969,1019.7606106402507,1995.5243608103954,1020.8834424529769,1935.4821961815933
45.84880056274338,95.60473615822903,92.97410570969858,43.99411330493001,995.5089136267028,1980.6145717307338,2023.473525804276,988.1585846404934
88.75912298471059,47.15408402565202,86.10729680237378,93.21445345811925,965.8488375984791,965.1550151013397,2017.8116345276756,1971.3777578775032
38.56236932750505,45.13436066201302,92.03005010739433,96.57058066032405,1957.8250723819358,2028.6831627272475,960.488259890886,1010.9560833796863
45.06184636407458,93.7247299161204,86.45612971292412,43.48743235094939,1001.6563793113712,946.9197245076093,2002.5689451810222,1980.202787139523
92.82133212036389,94.33422885270086,43.66125004061878,90.3484843063386,1010.541309704741,1968.6375750926177,961.6544186946298,988.181526825237
89.7082562325567,84.11483196996764,46.37017045369848,45.889528811906935,1973.9080846749375,1990.2551803957253,1011.6300875739412,971.5183485239675
90.22694162138298,84.90092696678313,89.84517497162865,93.07426570920998,2002.6053814076472,2007.5962349905205,2005.8221595924674,2001.2018400209608
95.1329497319528,94.84205738285557,48.319494395694605,38.3679245092691,2020.867355169342,1968.2029329176637,1064.6126474084801,1018.9391159866842
43.593928091215545,45.38956583304096,42.948641898322265,41.13754490857715,2020.9695369294084,2029.5686970666304,2028.4911487964519,1040.8284809125444
89.06848522576021,94.74519021749764,45.210668990598585,84.89432201593976,2066.0933120135437,2002.57745980288,2011.8247164817653,1025.0279492401999
95.02113252029942,46.839576293576194,89.41814105439354,48.34836042688305,1013.0157248064351,2014.1480779818123,1025.3593003510878,1980.3523547793075
47.5916371790576,48.84934685632621,45.29571754228039,89.43026242594283,1982.3734957194174,2001.966495152041,2010.5142351391855,2034.9812201626955
93.68013260760108,48.08283585328178,39.14172434658295,93.64399533016655,1021.5167828845797,1995.0490991033766,2005.5171515517843,985.2407107387774
41.6728420345552,45.85734372003414,38.67979840097634,50.518202828746894,1023.4676884079688,2012.3329103425938,1011.2550885294875,1978.252902765177
85.85899026354967,46.89641158369379,92.10956311047715,47.49152101546279,1974.2915455091118,2014.2312271730354,2003.9240982460121,1969.1703007002013
86.52557641405889,45.988218778978236,90.58720708633547,86.11127495341582,952.9384174488949,2029.0227256770627,975.862775327577,989.9110010850213
88.20494069649298,44.00528815896109,95.47600432991071,97.8429948312328,1980.5351542623143,1994.5511752685768,972.9400064170384,2021.459604038312
33.10937369791817,92.85076731166376,45.61638019907275,44.84051572822479,970.0345032403015,2027.185942916674,2002.1479167372956,953.3860836147431
82.21583258434985,49.60655874235813,93.37215076333412,86.46078631894363,1981.5644566137112,2003.3117724233985,1973.9446351939669,1994.9047437830548
47.80246170343685,47.64912975528412,42.03701343704906,40.50266328321239,1996.6183800295178,950.4750415910446,1027.0941132655803,986.7084663488217
44.90952477748657,83.95622543213963,94.62967482641957,40.85817903330961,2009.3032980899193,942.6469650597835,2014.7465738837568,1020.0170409784503
91.7517872088208,90.14027697136119,50.850094566331435,89.27250610686686,2000.2208499761423,951.7668038719557,986.6400010233804,1042.6709520665231
47.40643043503045,76.9859480491225,88.43749340189775,82.93948787863584,990.704057209052,969.0980430931468,1986.9628902044794,961.1389561200544
47.61466417832918,53.45344493158794,84.32602626159888,46.29470531130772,1021.5149224964499,982.9552552263731,1973.7729611225202,950.8281013537403
95.2420129868559,89.3660817592864,86.95861399934876,86.18089939091124,992.2036166922485,2042.1892921123792,1995.644722226406,983.2075681804133
92.82853441019213,84.67408460989688,48.18234228503326,94.91855711279949,974.0139661288351,2034.283776816326,974.5020581399554,1987.196686907078
92.3421095126748,100.4337439010504,50.21826202471989,49.729145665090655,1988.3213323521964,1977.1596105867932,2008.333692152208,1982.5250778002824
91.0921188878341,48.32676643545713,95.73800752786534,95.0360201574467,1970.8172872619662,1988.4092299389888,1967.580565183131,983.8790966547379
86.60307726820315,93.31432424329506,95.91966791710979,91.27343645287745,998.1941856192764,1956.1463918511276,1964.5863264669317,975.0470860914235
84.78760269815471,43.363394985276464,45.802349352374605,49.4581880573393,1988.821251671372,986.7607870262125,1971.9052757652837,2006.2213655752323
39.81902411852364,82.75828455067759,90.60267599780333,46.846755461649195,1959.561547857246,984.4486126718987,2020.3261846757862,1005.6507905207502
87.78067999761714,47.16471213310456,47.89897939086958,41.93934037779212,948.8317494431772,2012.1395694739094,1998.4015602471895,2006.4457519023574
89.09395277228522,45.193842688533366,85.7903299669059,40.87312625691767,2018.8443460785084,2037.7525315767707,1107.7977216681493,2020.9254372800267
37.70605798689575,97.39668742035961,48.080252694401125,86.31257914126412,1027.9008494064592,2023.2411862373353,2017.5499320109698,996.2123689906284
80.93321053871027,44.608951449363865,97.1129579024247,39.3652950111654,1022.4497067285629,1009.0648081557943,1032.3438044525928,2015.721537597775
89.2764228822459,48.03594996219523,45.3490073516935,43.739094666379515,2010.3108130223454,2000.27252200875,2011.8038914358926,1980.4538699848295
89.3185613080527,46.904594622766176,88.64372223263426,91.46442411395832,2044.8624334612862,1989.2602815819412,1008.9424615350312,1005.6824868400251
40.81945472478603,87.54479582531836,91.84344127936693,47.61661376294473,1976.8740258045389,967.5010812578411,1006.385680192024,984.9227819783853
35.25005003317851,91.04631580365022,99.29687735725658,47.38321504056104,1995.8890547144606,2000.1692486203644,1995.4789072958765,2026.6197567309825
38.48471934042149,86.32344799055092,89.22674565864467,89.67953044273192,2020.4514402416705,955.1333491575988,973.3431738152642,998.5440571526899
43.774835968556204,95.59408810060047,48.37127655949417,87.82714826807528,2015.4408316918173,1030.772235478147,1031.6183957155429,983.2312180304975
38.838156325590404,48.384794741124196,41.47462622842757,83.91486642015825,2013.9863820489907,1063.7569271235202,986.9941628983199,1979.8835088764113
42.1798147122993,91.76162575099208,88.37469911611929,91.18307906908346,2032.6664088444386,2006.9310834005266,1991.3290913730089,1946.695149212198
88.64180560664647,83.7731783929121,91.79235447425754,90.65957952429868,2011.0086060568174,987.0632871109268,1962.5093554406296,2028.8309071806923
42.3228275468188,90.33133323112857,49.701831325153634,87.39321411612924,1980.62741079521,962.2753369371533,979.8333349622872,1981.5010769709168
86.57845568323252,45.198702678611895,86.00637796954419,88.0565049711513,980.6049237285163,1010.2523276109127,1995.4219862397813,1992.6137465564416
92.82140760507185,81.78985363666754,85.98715511292302,43.44922118324576,1958.61418116898,1009.874847876782,989.0257974598221,1980.7200490153743
98.88233864083635,41.86201488827762,86.0399903895936,88.86181035724465,1013.8271972155208,1982.1373719479657,1971.5071641806053,1976.937589725564
36.96150028388174,97.21802591684876,86.59693608277665,86.8870369110601,1997.3581982267087,2003.8783350640706,993.2159916226686,1933.7384675705418
81.02236224744041,79.99648945798141,47.49326519319041,88.05564883065048,2050.3437701838116,954.6027878501395,1012.2858459006243,1956.4686276087746
56.750698824186685,86.04136052098063,97.05245417706527,48.15143223680482,1984.5209166053296,2019.4830613841877,1997.192568463054,2015.811846753412
84.35517016641403,95.53886415589207,86.56179812277718,47.81809022662882,1057.971664471806,1948.9780555719558,2007.4130228107629,2028.5513204849958
83.02769303887068,51.778340515642874,93.8714204043639,92.84596538268865,1056.9899792331626,2003.9800794422592,1944.793848145462,1985.585464196525
85.27607318299,84.70393219875437,86.30510154729521,45.57320504350852,2046.6358903136288,2024.3394821578777,2015.165978066787,1946.5101822394388
85.95596091986192,43.08675054666145,48.17027905587204,90.41498596256557,1970.9743695268357,965.2984037860393,1042.8328194805117,1946.6901109005382
47.024926186670356,93.1311306790106,84.39536575802036,84.55696901616905,2049.832329324145,2004.314726720183,2007.1768279568364,2001.4337742420644
94.07178742153094,90.30089189495028,45.073077778510225,41.86221877845142,1977.005578050314,1030.5043347776027,973.0464504790001,983.0860834340133
44.69313369198089,46.40014627980644,45.19603871275582,84.05864032107704,966.7761554431429,1081.8570243471634,925.3305748925891,1961.805962762759
85.92230453680922,44.6956481711247,44.63420289121061,42.627589590182886,952.2984857649919,1012.4853725619317,2015.2073431441722,2036.9323989462928
43.085433648983894,48.57081669836771,45.17912355091861,40.611692992520155,1968.9830795593589,1972.4708001478145,1948.9830608071693,997.9394839326158
84.19167716354481,84.08618736680619,43.823306532299085,42.7975244890268,986.4389770283931,965.5875845271369,1030.9001030897193,1973.6788843616923
93.97301939859156,92.6284289495664,89.85976066672373,46.418034771219816,2010.3426753163453,950.9570396651463,2006.0952162588105,2059.8509685980853
43.70632926877684,89.7115272432231,43.83354373928056,86.57557126627296,1032.7638103530542,2008.5246730440042,2005.6781871699218,2040.745147798424
89.79013053100617,93.62332023694205,48.294924706341675,91.25641858863388,1045.765465638594,1042.9678012764236,1968.2362438279808,1988.4424186417666
43.116557510769255,46.24184785458226,49.73836480990687,93.63319339747058,1998.123727135413,1981.2582822493432,2007.7139923929094,1010.6589859484823
42.87699787590816,89.31027603780701,93.04343537921883,45.787049120601395,1076.387756962431,2004.4676330948098,2032.1923397026612,991.9146931736896
99.91310380438229,85.74947125102105,48.82526854162089,85.83688355779336,1061.0810525647262,1045.4419155302594,957.0295856898936,1017.4467903495165
89.70494327498507,96.46734523207529,83.31044876231329,44.80059206663047,2006.6558121306825,1035.6355478072455,958.9701560846501,1007.9731059520468
40.77041590605329,42.61661193253476,97.51777644359808,47.141799523803556,992.4091879905828,1973.5143829290391,978.6003968163111,2046.7093903421523
97.7355057735307,91.65464938462513,92.34738099655094,85.8308954214137,1052.7836442758057,1004.1417121000359,1966.5920550657702,957.2554733197449
37.75521755636021,90.34949872112709,83.12273309802163,46.21791118447433,1093.371881723895,2022.9645693581817,2035.6924840472088,2026.2776014429392
40.95645663530482,44.11330634648546,93.71284240799638,37.940579728414285,2021.714477729183,1985.2060155578388,1996.095376931039,976.9610797180464
92.7153005297583,45.68393895460764,84.79595123534511,39.77769735782098,2008.563921670473,975.0476417302234,1964.0153546472293,1998.6116332607542
101.44996498345272,100.53220964424735,51.29526153315516,49.8492653608506,1084.1497970169457,2005.6025106589584,1050.4024572227154,1968.9119879870157
89.50786465673414,43.45257642783264,89.78134922272409,96.34375233200062,1993.216224728753,2018.6249765353177,1060.2576045121505,959.0789696566671
44.866808112442044,83.19193994735474,50.45652436682652,40.25042083134345,2037.4683207078826,1960.5316287107983,947.8194926790924,1958.2424252148871
39.52838242940743,50.10566490191111,86.89793239285972,89.29009120383954,2036.60148134136,973.7813035522911,1980.0587672972902,1987.0144631413518
39.35977063807255,82.661272459269,77.15115404847836,42.73539533898941,2044.0089235920498,2027.1675839989146,1956.131531310788,2000.73907105248
44.50648014811121,45.33316945280258,89.81942743187936,36.08924309582971,1021.447040347687,1995.821059773177,2015.8305344275188,2037.5873538113517
90.74422343773419,44.85034860665894,91.70796362391677,32.67635823003452,2028.9415959953014,2016.7182699441755,938.4869631136337,1012.1907880787626
91.49895536319936,44.95207807491592,91.49087405927482,98.0699792390607,1029.4165393997005,2015.915449085729,1994.4131417168644,1010.7141110685085
48.05559779296321,90.35234826073398,48.381771909432594,88.60110997396389,2033.3557293728973,1936.655114638433,2055.786643131104,1027.3974697697322
88.30836438828804,53.61685144245945,86.7581994273203,47.42200061537375,957.3997313582486,995.1617515424732,2017.6679567137926,1994.1405801543353
51.45023640793919,47.70239773677271,95.31055259653071,86.21524794956133,968.8166595638345,1039.265885740135,1990.2205579339243,1050.153908331196
52.85748291928977,97.5862823220223,91.70782036978692,83.49039915723786,2017.6409120834187,2004.4851876978437,2025.7931789353952,1017.9966466657309
94.00948749341495,87.48199273544894,40.3072372962815,77.27798898712464,1945.5852742839857,1042.8191802220813,1043.854445854605,1009.6734041976495
86.64197217148833,93.66795579694077,83.43955290154047,43.8378950925985,1002.9143467783645,941.9010925725032,1967.388162529614,1953.9646931639256
94.5670190143529,87.30047613604266,45.434252545118966,92.63697341645918,2016.3258872138993,2032.9832548219158,2041.4634975807494,1973.197644684915
86.44186468269308,94.37809048587651,96.35059598805042,99.23819521880748,2004.0940604258817,958.2132567815181,900.6114660748703,1969.6668044318487
42.545267194976894,93.94009818333838,44.58557446984743,89.00918039425991,981.2609678861871,958.1961822021251,2025.5684071851,1987.425913808666
45.347556438967956,91.54247878748704,44.86025452613354,90.60541996123025,975.1027450207007,1005.0662022193007,1944.599592163294,2003.345630046979
41.1763367271341,95.28074802275074,86.48741168287923,43.87959104386282,1990.9883833731326,2023.0474629640426,988.5992473433209,1021.5039370937163
36.937530614516184,97.32682959208022,44.36101064707168,44.041529749753494,1030.6039073693407,1026.9444105171071,977.1250079283857,1066.378151569975
40.57028189896732,87.3521958680506,47.64401064976508,45.650352472416444,1980.5912917199091,2007.8580025968372,1020.0924847581473,2050.437336666669
84.00915564987879,85.91937325111108,92.51596291742672,42.484227572912715,1984.1318947598986,999.3263397345504,2013.341785856629,1991.4367467188533
45.30184710786153,51.54546628864688,89.27938225922394,98.92150393647333,2010.6253603339228,967.1510942117013,1038.021729288927,2049.42136838848
44.65297575508146,94.0987287097362,40.71703088803568,37.53621536488383,2057.7196278436018,1944.9142255092836,1044.4392655604956,998.3701766805833
90.79721515399748,86.84281520697357,42.51872787531339,39.29710051909753,2005.5548464206797,1933.6518387505446,1977.411964764619,971.041227218641
96.95419273006883,81.88294316795084,45.32801986106267,40.26084002496201,996.8199066918758,951.2882216274548,1989.8430910220538,978.337419617382
40.53048058253225,93.66326346712431,43.20819056166502,41.14837796169908,2041.7269842908072,1014.6769317663582,994.1652348572259,1995.708402952757
44.22035414174969,91.59872085517374,85.76961311546121,86.65593518552697,2014.6032532279878,1937.5052878802194,997.4864967676467,1985.9421234226224
87.2715523149598,81.92288437058141,91.39744653641311,49.81866503403681,1032.5559252208022,2026.9401158265955,1014.458577262474,2044.5747448887191
86.2733453214408,43.84302151170226,87.91868347533291,46.43109623588622,2009.4331221856721,947.873972140634,1112.9101296292743,999.5638512747884
99.46970733385355,47.068937006370774,44.69922830399344,74.70307369475728,2005.0886064873032,966.6424426679284,1141.5149071461706,1960.8464523398513
47.68529196054957,99.0257192667334,82.01932865604645,87.96787819966809,1978.2125686753618,2054.989815769314,1968.1068164016433,1031.6865599347173
42.085978849171084,49.95965350421688,95.57287676510171,99.8125131500598,2049.9313759011097,1974.4409804474108,1088.1388575566612,1039.4373004036854
43.07605992744581,48.93338845706268,42.80232577450582,48.22795598818618,2003.5449020157887,935.477542567481,2058.172282033403,1056.0514141273939
89.98263110051845,44.69800558573888,87.92421102986637,46.733520678389596,1974.6530262802894,901.9924151642167,2012.6033656558334,1987.081099333391
83.88637747425435,90.64809884263128,90.65945956563863,101.08847917729689,1005.2163308029055,935.8199573854945,1048.6654407953297,2085.5973818332327
42.696033895484476,45.32052285906883,90.86327620123703,93.46633918766483,984.1470845430758,1047.4896418403873,1979.542880573433,1031.8950425417793
89.56340982125157,86.48190450463133,46.132570573545365,89.35193889107877,1008.2725715730976,2004.663790724211,1001.8533398298266,1013.109181657505
39.71975462350447,98.00663170675546,99.25718949304121,83.61036854743847,2000.7586239353611,1957.146296460531,2002.7209843102455,998.2626782404323
86.42617018891534,43.91010156980151,95.67546632952276,103.14694752503031,2025.7861338857576,1010.7129509388108,969.3600509792689,1010.7935664745066
83.27938379978961,95.64385112339369,40.5105011472629,52.0101036997276,1966.0108358507675,1007.3345523491173,1986.2419388284798,1956.5558657147271
91.37806441976214,44.67966732555292,81.96090746423042,50.203183966480125,1003.6467664931542,2002.8421325068985,931.220051063978,1023.6058844338972
44.25321499522708,46.49926735930116,96.03957279507583,93.63540301289395,987.5404835924973,1994.34988575058,1982.4319897166179,1977.3864719530318
92.42326192063325,89.5100945079169,91.99275564297704,46.68441501560578,1036.5105469744508,1010.4077101723834,1994.3512437130146,1989.9360616207093
86.80436780870787,82.10047529272906,90.48646104489151,42.04124022850115,1053.4536830049212,1929.9532803914335,998.5214491398681,1998.0748296430052
84.29075490587807,91.98714187433777,48.41814009405286,36.997286714813924,1970.0419612277162,957.4821190310306,1986.7632240130265,1017.0164589839786
86.33798355193949,44.92483287311654,48.93670072914486,95.94659088291057,1030.9390771103651,1988.2697672127156,2018.1381880422664,1019.3266686664784
40.070458538304194,87.75003185189595,46.604925386395024,89.8880645951167,1050.6105137987956,1977.3859160275058,951.299977762133,2052.324178450367
35.054585123776164,90.06594874097519,44.704437961284626,43.43833302114737,1975.9893050637145,2035.330068241103,993.510112668334,1056.8744097844908
38.643592711969276,79.92025255058147,45.63958621244031,100.7061365498177,1956.4434336228826,947.0975769369156,2006.997218168031,1972.8958192948671
41.843096630349066,91.93036408456499,86.83025355901556,86.03720805500797,2009.946260986157,2020.6639002084307,2002.6064953074538,1966.2903259107304
86.78876472654456,88.59927808988175,88.86530375274171,79.9230797862624,991.0235339311826,1982.6196811612504,1001.8135183779535,2004.8086806876247
88.33722943069948,81.11602512725632,92.43083393202457,87.75957343539955,1978.4038120176242,1946.4439284969867,1971.3263337209175,2035.8116828279894
86.08438472213517,94.88078519545476,100.71946184873632,89.53736424245383,974.6785562358328,1939.5795452777497,2059.794200729356,2024.3583881445218
49.01880979764354,90.91500969671873,85.62991657539801,56.71185601967729,906.1393059951911,954.9277126687231,1978.2693636509537,975.0527267217262
42.7766740469324,56.09487147681481,79.76428978172706,56.75743118149278,1947.5719421311655,1993.754471821204,2003.1304531075782,2017.1150465368964
90.02628554162871,91.86657918535798,44.259496239586994,95.86926959689241,1034.6861716680974,2049.057116933764,1995.9851177467724,1004.4300336729921
89.55214445952826,42.43661766370935,46.10682573343048,97.6672083508578,934.9657469480094,1992.326268071812,977.9860252582695,2028.5138522292416
89.29661080918999,91.9917467860252,89.44360569547955,50.232009546441006,2010.7559947641441,2034.2504261147574,923.4616053147422,1952.3331317334887
91.16207628993253,90.71407704419951,52.76351124301412,84.66594666517315,973.0961206592098,2054.783116759666,914.7190115002961,1989.0738431825105
85.16403000199219,54.799035599483155,52.004047708539815,96.23680859069415,1044.250231497675,2025.5406535811824,2001.7154255209132,2019.7907725988575
91.24309186286003,88.32155363720253,83.63350597369983,49.762311164768946,2016.5033272684868,2032.9099302108202,893.5640461573144,931.4659631404602
95.44043368851615,90.87103600659226,84.94684310273195,48.53885267377529,996.0884986698029,2027.2888138828591,911.1766737263638,1975.4249479349758
51.38161515824522,54.83918981958709,87.23880110469074,92.74902308158619,911.5309657972589,1046.6126971539093,896.6487292173356,1051.030971064316
49.54182299028564,52.42733776908983,97.98509874082528,45.14276782801606,1013.6948434880023,1017.3411512835457,918.9927407568728,1026.5667967141499
45.45379197065513,97.97852202118149,60.634723429241774,50.699220412915395,2000.345783034479,2055.3514772166995,2013.4129024848794,2003.2420328481137
92.52350233131617,91.72788660691428,85.78608149844456,82.41502326706852,1980.4001199052802,989.0863039644794,1937.2169395479839,2046.4769189783713
49.417951855475735,86.01648624851023,96.38758219047432,90.9026593778673,1978.1026863479915,965.408564941168,2010.8737777724102,1961.1716024849343
50.855715302884335,55.63667642575291,87.33709158038585,45.96782234063917,1997.0077046184922,964.0247936043677,2012.1641782171482,2002.9017517422542
52.776034271227985,86.40658724540675,89.54992650065931,91.66761792918712,1981.9873833151612,2013.8243354108793,1983.7615261879516,2004.9047962565176
87.0550988499046,93.19440509870651,49.82214365787007,84.99181707169798,2008.562492731425,1022.7506182556424,984.909144385389,1032.1653128571397
60.611299474509195,89.21433779572656,50.66310601386469,43.82835894711505,2084.4863797585995,1040.5589141976388,2028.6280764115083,2005.7082322323622
94.38562310183872,54.80066595621617,52.45185674892295,52.07150909986194,1085.0493669898578,1036.949333894293,953.0859919722815,949.3207689327915
81.69833743557295,94.24799590334304,88.7908673152919,90.62717177544151,1019.7478989115194,1039.7699845868012,959.4459739823928,984.7519943244215
38.337660561634976,82.21409212683028,92.21231293860968,82.80831030187932,2006.8009090885298,1079.3392982735018,2035.9743872301312,2033.7887003913363
95.0793003464492,93.04917756624764,88.65262485581226,85.72389236384429,1915.9933957423943,2043.6490706676036,1020.3709478920816,962.1255444089703
58.21172264351118,93.77286102686203,89.42765845631004,55.4390887487677,2022.7121944064363,1002.79502835055,949.9841825278048,1958.750024402899
91.22060375753867,101.95560269172493,52.15398517612991,85.04870835148131,1984.2020222452304,2031.208219897182,2049.9532555913734,1964.1179209843037
93.22319449404446,97.84985505374368,87.80409475620837,41.52629091301759,1010.5898581839369,2016.2494566193668,2020.911775488085,949.7326760613469
53.42131916709414,94.24272078561295,89.20650376732934,93.39792601426721,972.894364686192,1962.8875665098667,879.3549825116229,1023.3071404963941
91.61557048191767,86.41757422951115,86.95431323194913,86.2733682663099,942.7290997015709,1050.9985216701507,938.9530025306151,1978.1805237400756
90.56515734756279,89.82873699773552,49.944528541245035,93.60828647481522,1955.7488544466673,2006.3992326402122,1036.8214811668354,1017.335913444721
94.25897989718167,55.99626233663916,92.57261419507799,97.57421060272524,2016.5536483387232,1094.9956990648254,2009.754270117939,2078.854754416721
93.26161705352023,42.78118245844044,87.29396034493404,87.62914009993563,1982.1095772954343,2055.7789653067643,1023.9502210834642,991.6593341761646
92.03905052962766,92.44129625785442,50.78357547992722,46.07191932637993,934.6624210923192,2097.680617896648,1009.2915642751339,2045.9682771193122
48.64206454110752,49.87875966162878,92.9974152554414,90.94507965883109,2021.402780438937,998.0692918746395,2023.5630706321165,1090.4790116387803
95.47567170941,49.60960158659242,81.83325088826503,50.25723547224271,968.8166572134121,985.1915580973553,1028.236097155203,2010.5498964574122
57.29362483884978,46.25585542492459,54.3814374624778,45.772323795757586,1998.683675621142,1001.6640167878015,1954.2374977230306,952.8023399408389
92.4084509769055,48.5460077099965,60.90984195442849,89.60896467168101,990.8404141587032,1986.1508839339895,955.3867282022634,966.6175636075382
100.07608100324656,93.01221240485468,81.6863007055105,48.00774618931739,1953.2833755144547,1037.6899316229976,1989.1880166442916,939.3311551939009
88.03331017266824,45.9127341383774,47.99012694285253,90.17831827967359,2016.9431192331206,1038.8031260664516,2043.9101502423239,1993.9407784209461
62.45375956314578,94.36658324697613,52.21387473042047,85.15107726542712,2008.8952155710522,988.9424467521624,2008.4984114379974,1964.0279859557413
87.89302984594562,85.78722149253214,55.35315073468641,85.1956406918545,964.1370429880791,1991.4278970216349,1032.384826379632,1944.35842149212
88.91467762122457,87.77157474662457,81.66788776377928,90.21870674082845,2009.7211994645509,1966.7538392975603,923.8759166491857,951.3389368427468
90.27198346275942,51.16242957132583,88.4663242577196,52.10351552682506,1950.2272041036815,2058.660405447316,1995.4868134735411,998.043749906856
55.35299349200777,87.2837804963938,66.41594998946627,87.8729788242851,907.8368305634795,1000.152140569566,1981.1641149658844,994.6407891480665
86.60670087435993,90.73891681468756,93.11729399707706,87.29823451267968,1984.472708017856,940.1017097904744,1996.6998280931302,1024.851241922062
68.40119873728281,85.42595237458085,56.590433970447855,87.91389789439862,994.7009390379378,2025.2344949490896,982.0885929807534,2063.950680312375
64.24992043125417,70.59508586104945,82.8371727581166,47.83237696480339,983.5839795269301,975.8207608401663,1039.153144729132,1011.263359514592
46.57534251984376,94.30486308384577,42.744889777313986,91.26514053468098,1970.807869799266,2042.6641573048257,1974.4184777997439,2047.0601424039314
44.00653901569058,86.5772673047969,86.56962053634349,55.39687125570261,2015.584769008356,1983.2981330665916,877.7701661192692,2042.726441100949
88.02719905691961,81.66095684725597,53.05519946044096,57.649495061727066,2003.2662971913035,1056.1345258552556,911.9371700923582,2033.1368660123098
85.19198709290504,86.17974326183923,95.23536521319731,59.17394301980351,2020.0340175765186,2003.5012438947676,1963.049125911433,1995.6122839112636
54.44345743275331,46.406943270226236,86.1492300262024,60.85812667160884,1985.6677577390328,1995.5175958443663,2007.5048997590175,996.0570414955971
87.83260061839944,93.65482096922756,43.61118088461787,91.81649411512441,2016.9807618192453,2014.615697806064,1990.1777088785805,956.4607530440383
102.08221128580783,67.39722354995335,88.83808612750713,46.3182550760491,2045.9605619351685,2010.9947359250368,929.9439641322172,1995.14002948149
89.6792896793939,89.5841061977681,63.652297293220414,82.74849602744621,1936.71718561715,897.3566172676395,929.3071518007622,1973.1095404331702
51.27668557752855,57.06335672570533,91.66019349225715,44.69718760341782,1965.3102689519953,1966.9342100498213,2038.883769122367,1034.4482960949683
81.78501460383823,58.443247769015294,92.52686378442681,95.7293316064582,2006.7422648350064,992.8494515180437,2054.029385853279,1038.1617880198485
45.71927957570237,54.88801420086446,81.39770550047123,89.40940276422648,1000.868635495779,998.3483312395674,982.9203744521436,1971.5313818524912
54.19824010523575,89.45083904472422,58.02352362581134,94.29780883253109,1035.5308335603656,1988.9579415474384,1989.0607123681523,1016.3087655210072
88.23535571466505,43.83753064904326,48.728150102738944,55.854016957274276,2035.70030360373,978.1549024444766,2065.0995197617067,1027.9454797121718
88.33535836798843,84.06641626069847,54.54659677896297,89.48046597405182,825.5314552416594,1982.2684060664797,1038.4223673797405,2022.4112988338106
91.6163059170466,55.35057455499022,65.73629514504204,49.004989216348555,1983.8168013861305,1062.2103997202503,995.0794588620345,1034.9947705680302
49.386272469695555,99.94565194784519,55.83161889223415,91.90114405685095,881.6033438344389,1987.0501542016254,1970.9890736301418,1993.5850964972522
87.0816079968383,88.24536223018065,93.29035607586209,54.57465265733501,1991.2515306718233,993.5911819904454,1084.4329879310744,2042.4392930765507
91.64592395564162,90.89763499720267,52.04736479513086,84.9687453448261,940.4862517123622,1018.077157309164,953.9435201665231,1936.0910733572564
56.92924722334993,34.34430269332982,90.2236193210867,94.3489947590415,931.3721221525013,1062.4960924580414,865.6970863348326,939.086692028425
57.39710260544045,44.091427040993324,83.45855689849921,85.4831775579421,2030.2403067115008,2025.6617677758632,929.9796777061246,1018.3069726316619
85.11691252963632,55.12683436182012,87.6780035728585,77.7981470762761,1995.231327816469,1998.4900564372601,1975.073294955554,1985.0779664359122
53.22278477686023,82.41080108482639,47.19189066066905,35.037061084393464,951.6536921061078,1986.180287113126,949.613331461868,1960.5333480293684
55.138876395699114,51.08562304771647,95.89841329806336,96.16738592465265,1006.530602582171,989.5030591385167,1027.0862108161698,923.862323835309
91.11677058508747,58.20365493781356,60.1010538390602,91.7015673240477,1024.8132058963688,2034.0971492791964,989.3959523785702,1039.5628200159358
92.40054048539457,86.5979620326043,56.508820237773406,92.87732952391443,2024.0714504705545,1975.8149558052992,1982.630589361284,2009.0145824216197
52.986479833920995,51.11832490471982,55.294325904978606,41.70941017473625,847.5141575171008,1008.9031190314125,1966.8280045286506,1036.5103740599768
95.07436396640048,99.36122401935623,54.1027786314758,93.187756202875,869.2696053272459,1989.776079417794,2025.6970167657128,1058.2967467245928
65.71399628141272,91.92517545389771,45.27577164729796,44.05740948749778,2023.0410106721788,1087.8622526264935,938.0265156101514,1023.6793825042969
88.53262087791285,53.80172521939517,91.05337709359797,49.71827593595648,1045.67481591548,947.1812318065015,1963.714575692098,1985.6972761465952
88.51879865898933,93.06456140971319,94.76995857175497,85.32735128021065,999.1658929630374,921.973234757027,2039.773808765157,2040.503657394133
55.0691832555959,84.67342148840788,60.40831058447371,53.118678944492636,1001.3990886038207,2060.582084818454,977.4771667408729,975.2236509634184
89.48156311283759,89.07740986449667,84.36330188201423,49.91167624586861,982.2231638824305,1093.5440609546306,2010.0094502130462,960.643260230469
94.83465099434827,57.103992327136524,78.97161302360303,86.35403860246826,930.5114565500578,1979.9241581185186,2029.3195818160211,1994.8797201504626
49.901676812149326,58.62313453038683,55.69739142750839,58.40133689474894,2000.1671004026762,1990.9717029547605,2007.0542008311113,1980.8624661303386
81.62036024116534,59.925222292943275,54.82460204493872,85.32179818071631,2002.601361012998,1066.1223002901627,951.5192073684461,1013.9344631852732
86.51253700136688,91.1440176985047,50.38081323289046,97.53247026042072,985.6775619158648,1973.6628521497928,924.7878466583913,978.8250279885306
54.17494721626713,91.6763145678725,82.68676736687527,51.535933590127385,1974.0303403142009,2012.6240405669778,978.090731310372,1986.410015460597
87.01323276676652,97.82419185700601,44.09851788235271,45.107529992142716,1980.0255592327833,2039.5326573810141,1047.9424961687657,987.0283145334358
94.48904288615604,85.63763826902897,26.565996811724492,89.93819914773623,2011.8194578883417,2014.6938880685243,1069.7332281679558,996.1043829875703
93.72914928796045,44.58650587543234,96.75861677399655,93.4890612460158,1042.4902429810963,2037.6902304649595,1051.7425391177298,2012.1513040898055
84.33123133273286,52.52371968746944,91.71124862464973,46.1446903355115,2029.471336495172,1963.431042765987,2025.3944180401961,2036.1105680482767
91.09438752217957,88.19554656967085,60.28881892269581,93.92418330059134,1072.3458580742226,2047.7346274362235,930.347983712818,1956.5143408123263
58.66669178581769,34.33788929262589,87.91452433687247,87.18728430672472,1071.1652247664188,2000.1878423884655,1011.6398186722988,1940.7899071963104
83.65543280551978,46.452538615643434,85.47581716426835,63.365177943271334,1996.3907160006768,1979.053672867431,2021.6585350183213,2016.0631272844985
53.96393937125545,53.628365415301715,94.92571197135719,62.64032756443261,1946.8843135907578,1995.4600669222466,1988.9895378525991,1959.3521655266002
85.34111511374837,55.37292484741598,54.69832782523765,39.79519517289968,951.714847107332,2016.2815281664866,1979.7107954638795,1975.976554036438
88.45148675765343,48.32149692593243,51.63033512914325,89.9367651240732,1992.541321657702,1986.3060973061247,1908.8221231257917,992.9883030287551
58.07971822364635,93.56557877140843,91.68493498874298,50.253370170041705,1046.1274907265952,2039.2182883260427,1023.0892710645131,1977.1194715820222
52.169502943798186,85.231651069789,44.21428038251267,46.968595937866,1947.1868013346393,942.9718828935395,1968.126571751055,2004.8427671318893
44.94678174454118,89.6926170461913,90.30373469698708,46.62394750865337,964.7457233387527,1969.9238747988961,2000.8917027422503,1024.1026699561128
51.623231178764975,91.87387875835346,60.08738650293504,84.12541718570213,921.4878108773269,1976.5696447343887,2025.8547574239356,1070.25975710152
55.88671358789881,50.10576582312578,59.95103510147163,80.35807186760488,958.2871599270713,986.6195719580448,2007.733566134422,1004.9192386521579
52.635337614849036,42.41562725963816,92.53787884713954,91.91469029918487,1954.305212522017,967.5762018704288,1994.1506145002272,2025.4331404044726
59.62351858303019,56.04307364679919,47.53808591445427,61.385155214876036,2040.626400752456,2006.5414605378703,1061.3907182362777,2014.5588970815922
52.669443131444204,89.05574744605742,44.18879045752446,90.11638140518481,2024.861771908236,2005.1081354360003,1979.609801130651,2040.642935611164
87.82460453786956,86.67717413836115,49.61907196949883,68.37903688698779,922.9793025389981,942.6076379752374,1079.4200914154321,2017.2090830023528
48.50675287007385,83.78987717711982,46.1113142524936,94.78498556845842,2007.0257670750761,1015.9208900822291,1051.3623798177043,2002.550213541877
75.06888302473324,97.84485673016783,97.42077036531317,98.17361273474134,2000.3605916867511,2028.0857803413637,1078.9220235250775,1950.080645049731
91.54119006045165,97.29461861769369,39.07647858040458,50.27660207670206,1938.241504123648,2004.5285904225539,1059.0572559619648,1968.1093851560952
77.2600275613518,96.0097893950704,56.30271318680445,40.061574033206995,1066.4029308692893,2030.7483335538102,947.8523128496871,2007.1117540104792
86.0557314973444,45.04426462735059,59.54062991213363,99.95632318877495,1049.3087189467847,1962.6734733573717,1998.3461949613259,1045.9502847583549
77.75155908824978,87.79902480429205,90.58882186248589,49.02810941887135,1011.5288727342225,955.4707537548218,2027.8676461087425,1974.32073246229
83.35849251335638,93.93579517386132,52.378887701002554,82.95524714703903,955.7626420790415,2008.4027555332555,1028.7924432724285,1989.8113415503622
58.983283361245846,48.37433879981671,87.59186236965503,56.54895879398895,916.8301638776927,991.5402622762386,970.0512544560095,2024.6170755525106
95.03085143659906,61.38507082914485,45.64663378779841,93.00858905944845,957.9371171789421,1047.0548204084478,1995.8981089943995,1055.6009904962216
92.35403248639945,64.44999373410755,92.04468870745399,50.14421408699826,1955.3206845637574,1024.9467259150701,1028.0419524168922,1006.2665936537236
87.57085478235186,87.00798883492102,41.72027057649103,87.99192553893204,2027.5596076491954,971.0947972320381,1969.8362876664264,2054.6784913962
91.67406698977884,89.62677759492769,92.7628689814068,52.30682751067438,2059.7472456664996,967.397316948887,872.0092400227409,982.5260548256899
93.47240690580277,87.71078410580476,44.54901479818263,49.9231141579584,2049.6355056527113,2009.7955173493751,2054.964993211573,970.6484711695089
88.65125564313769,50.38594735873211,87.96992886962087,54.51198943353049,952.988018167365,1997.433329029885,1967.5975076603293,1061.8489183510383
86.59692633968943,45.65493800097981,81.65910224608209,88.59847772622817,1049.077439243231,1944.4176732752417,1033.882010803972,1092.1911707257184
90.33870187388459,53.92495599181485,58.36693785840558,50.63350965148438,1964.291874127317,1022.2132706398279,2030.9432451385255,1039.057535595986
51.65740617563002,60.01542464897588,92.77809962216168,81.17036555846899,2013.916846017768,1056.7389860801568,1034.2208216788174,1053.4336813188397
98.34229387677179,57.20330306743599,97.95453772229789,61.250044469194336,970.5559071553407,1046.9456733361972,1997.3626087430384,2009.9798607461419
88.17083811545163,56.51274281860478,86.67557487227808,50.953425763058746,1963.485893950783,1085.1127047379127,1954.163173297418,2017.7954683538155
90.87220454279262,97.54402776748728,46.255211465220206,89.22219781137542,862.124392968595,1963.2282441148288,1076.3567525093722,977.6324118144987
58.94631687811633,93.48256944666551,47.96012833619927,58.48200353764061,2031.1775453466455,1973.5721381642868,1061.8463636254705,2010.239266295782
86.5106380496656,88.1123512139338,89.45134517935718,88.04593811138717,1058.7882787483654,954.1860632030875,983.959964649802,922.0781850109945
54.61209481775971,82.37322821830907,94.98206381414697,92.1403349451372,1012.7323117370642,1989.398198173576,2020.3359490898854,971.9482467643588
84.95414249090597,83.43100923178524,95.31916475460312,86.30275857139509,945.8184375704576,1008.8116756556764,1994.210485142346,2021.5102117843835
43.138956987245244,95.95314518487416,57.84551891565303,50.03136663204501,2033.9538201264218,1002.5581780307908,929.8312836773862,996.4511007129664
52.262821611761325,50.73752309969059,49.982391524290556,49.06983806660308,2022.1798921758607,2007.4713017979975,2036.630925460074,1986.9854419746828
55.19972158861246,83.19772127731513,96.44014068201442,87.31601237295588,2028.2553361526234,1986.5484916359821,2041.4063083863866,1985.2297076237278
96.68470738168882,91.37559554691458,85.00051326308942,89.36233595205725,1003.332133758838,1988.5790785466393,1986.8144915017763,2035.8692643624222
92.94932357477579,50.81833869165363,95.73162422850832,91.7444155670184,969.8462313379621,1947.4971983303492,1083.8911472840232,1024.7955605170905
64.11161723485216,50.90456951372897,55.31231949761005,51.62133898764324,962.0883826253232,2015.0227720639712,1069.920871116659,1995.7014397484659
77.17565054974293,86.0296129647585,52.33814890689096,55.07245860304273,1009.1928735063441,2005.9985127076463,1985.848103733226,983.8041264529045
95.13219687459133,77.94876117205742,93.6728315328552,50.649642755255215,958.0042982956437,1957.7952392919487,891.6285587084712,1038.0174467523702
89.20657408070097,90.81300924810735,54.98659961701347,97.76442368394905,873.609883203703,1997.449308670826,2003.7597708414896,1971.172299374442
47.81328191203181,91.64607903791806,87.28744123813468,93.41351220388245,966.4906727687307,1116.9970836578145,951.9165578108136,1100.5704165263428
51.072811153737874,54.291912908459935,54.760469766467345,47.35935631259535,955.6455368419479,2009.9524276101333,2027.3631632196414,1019.6714293264279
93.74972115368739,46.83404601108997,60.83081571293259,89.99824938260126,1992.8540885398775,1987.4585358069473,1067.3628990300501,1019.1579190042805
54.259809435003625,86.16679108684747,93.6079821386675,91.89226408097393,1986.418294448212,1023.7987345151072,2008.8545889457014,2024.1142736810687
90.71096752212291,53.39033950106836,89.75005334653015,43.240837944004696,1026.7225713119592,1058.5094319881273,2017.6429150748431,1981.0515223714171
50.23482851641195,63.70176552904986,85.1566860489532,48.36417291407395,1001.8227372454523,1130.9725784718294,2007.3094974215444,1016.5274542315244
51.21438486720857,82.99865558640053,82.13667129985001,58.652768054171005,1014.3135304417394,2003.9000732737413,1990.0080528998278,1980.1483026047351
82.49020783390905,61.21661278505462,51.5568466411839,94.26700757987318,1019.1843441143594,1047.5517181554176,920.2758520181239,1015.484086056966
85.93694158465257,56.099122383574155,86.08598598964555,53.35632667731575,967.7038242102881,1950.2406158688257,921.8197660046876,1046.0914307288438
59.62958695512875,44.06782166803356,87.05195453405088,52.48938574231717,2012.304782890388,2008.7806690039029,1977.9217792387706,1059.8601793566181
83.79743921672595,90.42550977806535,38.97122396603162,103.84426668166368,2015.1497279894932,1024.6636923357287,2000.9571228921836,2003.71529951356
91.06683918815249,49.214738452350986,50.5228892670832,82.00572809387857,1975.420541462642,1981.5457103009567,2032.0103512156575,986.4707963822335
92.61011005809853,95.27156835726959,57.081754684941856,47.16404166504452,982.3098019611705,1978.769945845537,1987.999112321521,1984.9548998811476
39.39913703333346,51.53952427839323,58.74980237373813,42.27844585683799,1012.808675014448,1001.783997997702,1127.828614008361,980.7098611652887
89.00771123576459,79.10652753277581,98.33705530626617,85.10899261782482,2020.4825792676636,1964.546234937858,999.3229515903242,1024.2452080459252
87.94213682198404,100.55178490694318,89.31122076614822,89.5200595353107,2003.0052005922175,2007.8968668458506,1970.8803329198345,1008.0360146455332
61.500335986444426,46.31934111448588,95.96383520591463,43.981732772994945,1996.64289782155,1991.2561857991109,2029.4307754372974,1985.43239170844
65.66421379739731,52.23807181591661,96.93709615169848,91.62293797193719,984.4544883288237,960.8220373830594,1050.3216012198254,1029.4273923639807
99.1064402131407,90.49471435579702,52.526497782961236,43.369389601868164,1075.5288764492366,1982.2987986152423,2034.2497820917051,1985.4358187575947
44.24094107616639,56.87119153384406,101.26630492207804,45.265998864867115,1061.193195694277,1934.6463583175084,2021.1589791196716,2018.8941672222556
91.02842391573006,53.035717659603634,85.72509814216714,49.23899545010165,2044.4553076090176,1984.256302287631,959.0595130174393,954.4788119855486
87.93308883013174,96.73323316585552,99.64426372140932,98.30544896825829,1031.695244019015,1952.5258066877125,1980.413355934752,945.4325565899042
98.64738859611232,85.42042434065458,47.60279709899403,92.03093852856078,984.51067616882,2019.0296973512277,1963.0416549880879,1965.5796255076593
91.63007346258259,92.7912305640935,97.84319341967114,93.00553606242772,954.2637093043214,1984.629142179046,971.2559184308057,2022.5144100054197
60.075887990540096,58.0135859515787,50.14945821567122,90.1209443526753,1030.2150797261827,2003.1000716038886,1979.3448993787144,1955.249420316923
51.09650961199954,83.50466455080235,92.38430553481759,89.09726765826076,1959.0898391542012,996.4571154673085,1963.4900874318787,1013.1930366850308
45.607619034278514,57.854275592243184,87.1495900211842,87.78872515971166,972.2961962665976,1993.3490957802169,1980.4897513609524,979.6479022717562
47.64822800069335,83.20536533330228,96.1976384434729,46.60298829093209,2055.93253361844,1994.607324841927,905.0385506967709,2029.3791772241225
49.652845172380864,53.15384902391493,50.09266639376888,92.40878124420225,994.809578078851,1974.8540704870165,916.7314487939732,1940.7506852780757
92.03053828204398,49.39090346332356,47.56384600480369,85.22091736262776,1957.5955402173163,1039.4011109378137,1981.140545130467,1969.6260807764675
86.88843408336356,95.49629132749335,45.974264849118484,48.650249950103515,1997.7723656455469,1981.4749818614728,1046.35328067085,1992.302829341817
51.79891528282688,49.317909921982576,46.709700446806856,98.54913245084737,2057.42278983995,2038.4984130203354,1066.319662460584,2003.774542431261
42.192498863599575,48.86571462044188,87.90778743221566,89.7299498186532,999.9934067278824,1072.7403340002163,2049.0710884014993,1022.7799106079317
92.12740514728658,53.44408169525859,46.82938166494806,88.71838470190971,2025.6896018278244,2046.347255330723,1038.87949085348,2000.4194601963131
83.8047296057558,53.97989159480598,94.74193958372545,55.77041457505873,1986.5717657543287,1983.0480599852497,2060.87020765159,2000.440565026728
88.82674661131733,90.92641450195586,91.17219901175493,52.65068783997819,917.5752362373889,1989.897075811642,1986.0509057724125,950.5775172346624
