TempSensor0,TempSensor1,TempSensor2,TempSensor3,VibraSensor0,VibraSensor1,VibraSensor2,VibraSensor3
42.48711990932711,37.17439280321034,36.2700373687849,32.24041905315566,1012.8879381538484,1002.7686821433866,980.8511302690118,1037.8236262960056
43.47351897202631,37.034673158488566,38.190970606857945,33.443923916935674,1010.502087566287,979.5751233042246,988.2912891637864,2022.0789233855
43.49829442307748,36.689637566353696,43.31690783986276,33.615832207507346,1007.1456141747809,1994.899090517983,1006.7538367805965,2048.1974309617917
42.32899032091507,37.26175886835895,43.4648954446154,31.355392685387088,1026.3211680725856,2006.2796598101897,2062.736709595044,993.0450701128686
41.899294902587656,39.60889312385032,43.355963106201216,36.803732681751846,1033.08653098234,1003.854953342804,1008.390296774882,2051.932064529901
38.02537057939385,39.66322383843266,41.503037094397015,38.41858257703897,1920.0354822993404,981.057006614012,993.1320300421039,986.555032490727
38.289887270341,39.08570996945511,38.6980856122868,34.900334912094465,998.5876958554092,960.4523543494693,987.5110460018342,994.1314821938938
42.26450751989079,40.0494274337899,39.9812034443604,33.071116960590935,1042.168829602683,2009.017228760699,989.1771893570559,986.7786252655773
45.285922577582156,39.26102725841775,39.846304390902716,38.657537526765715,999.6862846410734,1004.5288115790429,985.0971134372494,1029.7336269167783
48.47656491614099,35.83494532604266,39.371203584611926,42.23255982508314,973.1749586933101,972.7418563325583,976.3951025706333,1029.9522123982476
47.0822777618537,34.47795078020657,37.27954638921783,37.47514090521916,994.8084223198621,1004.1862049709775,964.1885020899206,1008.4266320274596
44.10539290723055,33.89063323421185,38.715566554134774,35.32959650928948,1006.4645878871231,1026.7098311468899,988.978137479263,986.959518960495
44.4923912284964,36.37467447216652,43.55223525573574,34.61825894810136,992.5111373500721,1015.2340604980768,1012.6112070859747,1917.0129785742724
42.9125924375605,39.6221887742725,41.750144909927386,35.54242956294357,1013.0411896708057,1023.7720746144178,2003.969552820427,1042.0505656884934
42.1941376095219,38.27854285278602,37.649230241831816,36.193389247475636,2007.3464824835933,989.7838179699991,995.1988594693714,1979.5797344471757
41.99298848912852,36.57301230293757,39.22794288876294,34.929711106426765,998.2986868604671,980.1772312980661,992.169185863536,1988.653072546675
44.98405546860318,40.07766685560883,39.60021339833611,37.931959635495865,1004.8734899480503,995.3381596680622,977.8826316074465,1002.4183041528906
42.689047445431015,42.57918309563534,38.107605984427124,39.41382991576196,996.9226515206021,1010.2710385001781,1004.7359674720266,1015.3313283379703
38.32007349692679,39.39529929227555,39.447879717331915,36.11866353279301,1023.9303246219908,1047.243137818848,1030.4444157085675,996.2025516309689
42.40391224252313,38.182640466922834,43.374328511201725,36.06093071491354,986.4459006592141,1047.3324378416874,988.0324484936085,982.892061297799
43.106822172163334,37.956932914550265,44.81356851777085,36.69824866342274,2002.2349792787697,1038.731637077608,949.5596300415954,1993.972644753885
44.53807719114556,39.50730198410224,41.843749682519785,34.953926363189865,1003.4890865296156,2007.1201541519536,989.8727990899149,1001.0218787724915
46.72804497613124,39.18185686543384,42.19815523794591,35.87415824938897,1020.0907836014792,1015.8819917998046,1008.3210371817852,1008.0971612139979
44.550911040342854,40.678162244220125,42.524075360012475,37.7431497761502,1052.7846514700789,1003.8978481121301,995.417006575894,1005.1420312565602
46.435217360314525,40.124933468506576,42.420676258249614,38.8401629330293,1056.72127753395,984.9124216314126,1010.1188905019353,985.0752720251221
43.6035885946352,37.42584589938285,39.3630004300464,39.91409672801271,1026.1113681155682,1012.4240969582663,988.6343740933671,1011.4407272085923
38.59918497970076,93.0098095601665,38.667840472063986,36.904194529542195,976.1276519281728,1010.636991419932,974.883253589157,1030.8514099567167
41.46015461450638,39.181962389913224,41.468714808853555,32.627446848285814,966.7691501341835,2006.0139879667033,988.2115521529245,1007.3974018631503
43.07150322067583,41.69600891812523,42.56780436520302,34.81634504420682,981.7915091693455,968.0594401598632,985.2217776768671,2017.165507953117
41.38184591569156,41.24217475059616,42.06256649960061,36.51601689801821,979.8664697977811,986.2935859072618,997.3069516588846,988.2447994885536
42.122861649558644,41.3746868517891,41.72063173741104,36.701392301723644,996.222120026581,1009.4861006484144,1010.4664487312626,1001.9036034621195
42.0614092599692,39.7302310604046,41.40711187443169,40.024439586667775,1007.961669263182,1031.0415099906368,988.7897841166978,982.173808625878
96.1062770978303,39.61799702667348,41.96727539782741,38.73712332577111,995.6774237804498,1035.4904169038944,955.4711980203465,949.3301919769751
40.9609145852681,42.8271812392006,43.912396676801094,34.54826676683234,974.4112906987225,1004.8908500002212,970.830375533897,2013.9393111325533
43.686335055477585,42.652847722073346,37.94486948624974,31.847990032240254,2007.274861504781,973.4690321866913,1002.0980952311751,1015.6827690786185
43.26196434479096,40.2064090445911,35.33940275825054,31.437221428808257,986.9002093374424,948.1506507484958,995.6069706631204,1011.2209414991169
43.0990531254193,38.21447785253102,35.74306815694399,35.741240478129626,1025.7499916904574,989.2435127984295,1003.1799076195421,1007.8468113746496
42.26756194329525,37.06466217673682,37.17948518339022,37.314698510013464,989.6664994813272,2045.2547821491478,1958.9974959152257,981.6975607420472
39.52978028935418,36.67232682495006,44.682193106121005,37.39876167557241,970.1784853267682,997.9508810254005,986.2281248470903,976.5931466476511
43.53915268429962,36.67942423610314,46.889451296127994,36.75742329164032,999.6200095694129,976.0754900600069,1021.0910092408133,990.4590431732958
44.649722708295315,38.67096445705632,44.361810354442454,36.11329904114413,1012.5628596281139,970.8618905423823,995.0820783577037,1009.6175512880902
42.93741436106359,38.92045753540944,41.08038376680025,40.53529666306552,1008.2527712112767,977.6942577026175,976.9636145642844,1002.3474455956688
47.51109706232609,38.58882170456475,89.55728371324298,36.37692697645671,997.8806689641012,1006.6134270235032,1006.7909604645654,989.4955666679082
47.56192623500445,39.15222670279503,42.74138567657751,33.71519311649894,1006.0717439186003,1003.4604181939078,1005.0642188573013,1013.3695164578825
42.68313399995483,39.89457171012866,44.35411580950341,35.56135501884168,2045.1023005132834,1024.071002475854,1931.9357522292678,1999.1183489799062
44.41245979648778,40.82568693858788,43.35135855592485,38.1335287794153,1012.8932538378195,1034.5852066614955,988.6619733968769,1009.4311957679487
41.37461012166083,39.606944005853464,43.91018186058622,40.20201007210741,1019.2140900465163,993.0901964064183,1014.5440933288817,994.8040544734765
39.75073256187841,41.050315874016015,42.56002734967221,38.47721697081742,1011.4153713665144,971.4352661352182,988.1951497199266,970.9207009149493
45.74844692736749,44.54218076852476,38.501554519857294,37.620291287754625,1008.5002950734256,979.9395301120817,986.1069113741403,982.1359922353215
43.24706049135955,42.49388942484464,38.64043970111901,33.89342933940822,996.2679959349163,995.9364773421305,1024.8280683568003,997.894322646501
44.43806049433641,39.0740258167522,40.65120840812473,35.46202493758018,986.5710377546108,994.0615987373772,994.9643884261279,995.1147239587176
43.88011850234855,38.59254110282248,41.7056278072326,38.015960770403936,998.3961092971501,968.2678871366845,980.1578064878724,987.6124622182881
39.73327903413001,39.0973727536702,40.437691378229395,39.23657179896482,1009.8321099233169,987.628580908221,1007.8220953845882,995.6658697475486
42.37579136173413,40.211537059520396,39.808542713518385,39.46599007324147,995.5074962220838,999.3714579084271,966.9505145718085,1010.5658104665923
42.80950918541035,39.78111617381637,40.60963776159585,36.7668454743891,1030.484095573581,2016.8602362203712,967.0285992319968,1020.551607103702
45.59060058565706,38.20062525380661,38.03409972176922,35.3393709659798,1041.2917828497239,983.288890677211,1012.6344449569783,1993.3532556349107
46.390269818216936,37.9441788428678,35.62421758076519,81.40476057941608,994.0442835102699,946.7101236664934,973.3848800477639,994.609345249077
44.258271126397176,40.29417202940705,39.1002685017819,32.42265375895437,977.8244186882309,983.108137045906,966.2388504715616,989.8556298512821
45.19449060792468,39.39820229875163,42.322758242624985,30.72465862692296,993.6469373210523,1032.163981781693,2018.380417387881,980.2855113506059
42.524307316042496,38.654953074974934,43.84310189937301,34.12663150829872,968.61879383512,1015.8370675715437,1002.1743990153886,973.5391179843673
39.85481160239884,39.59175407796994,42.44776121228918,38.66542614285801,1966.4692060899984,992.992604385584,1015.2345427576087,1010.8976602358753
38.16947703737762,39.72684383220865,42.5127399114146,39.997943584408745,1010.1890276641848,997.6130361831921,1009.6117768844331,1029.7477658285345
38.276155628687874,41.26612717643473,44.67835085532285,37.580535092824746,1007.0426089360151,993.149454226761,1006.5823939007369,994.5000295640883
38.98758050871041,40.42598145474128,39.513592250207246,34.88998275272675,1015.9690253300311,1004.415698600588,1011.1998256416239,985.0944363372861
41.85357496679933,37.971336552953495,37.2913607541295,37.61388783095138,1019.5840825030921,1014.2208851479172,1009.5238538128315,977.7024940272154
43.37545806577628,37.16835023081947,40.4631703775858,40.253827342625605,984.6362226188849,1984.0080921060503,1988.312508225226,977.7514831054116
43.16424346334137,39.54846121310364,44.09787827476562,36.589750840198064,976.8690003495933,991.1429190511323,1016.0947260965766,980.4826721032126
47.77840759645675,39.25477460602119,42.14004656926162,37.04256238498627,986.5600262818666,1051.9520495998536,1027.8867907295273,992.700005013782
49.40982370434258,39.688154292612445,40.34739531778707,40.41370792128545,984.6804021111245,1028.8220996754726,989.1652524226452,1017.6094844701483
46.636434569217215,41.126160150717816,41.594871598115866,39.03878571828453,986.5427489979415,993.5056846017131,959.8941305392805,1985.7605167958184
44.18990384532461,39.8921998014476,38.99980267777885,37.64442548801274,976.9338241584262,984.0564341088361,1003.9748477561074,1957.689314225319
44.81144160902505,38.0427816465281,38.784243340385714,40.79298637489015,994.1291964682343,964.3553956353943,1043.5795419943406,1038.7522796979902
43.66361919223529,78.74466931253191,40.74743568939611,43.04231450717223,1014.917045063685,1951.4725067238144,1006.7404649793705,1030.8720623187714
42.31874036833173,41.363154775673166,43.48993172537698,40.64524953956111,983.4386365779296,1002.1961683057611,980.4583289528898,1014.6006196471296
42.89647543930806,44.98625955237749,42.59278455913196,37.38444396073831,955.4539321581346,980.9391164646383,967.4119516328826,1008.0876560941219
41.19812623238391,43.14080624757784,43.94077130580792,36.978836781407296,977.5265038082882,965.6306137105707,966.7826316608791,1003.1502919034635
39.45457478474653,40.62472399100522,49.596559594578494,34.913931675412684,2016.267747051021,1946.0721284615136,988.146674863125,2039.4946187920218
44.625526551065576,41.2771758071127,44.38889264919476,32.382581660883275,1016.7097610895416,1978.6415158555476,986.5729212911389,2039.4324521480498
46.1619756362597,40.705121855697996,39.63678569442049,35.59954219294512,1985.1570685817592,1962.978008207023,995.3266194744346,1000.8213365179743
40.27211224225572,40.40322673325518,41.15575878759799,34.93807466012505,991.8534220908263,966.3145242109383,1006.3761890003177,986.3629574477354
43.12334457819078,37.488910082797126,40.969089368047264,34.45219481017962,2042.6945238080236,976.2873181999096,986.1330875982876,991.3340879296277
42.69467534791516,37.13251012920598,42.101670596838716,39.236697628607104,993.5783025457115,975.9345990194945,986.078296451491,2003.3945198553993
41.849370293460325,39.10151194546599,41.89608448480398,39.67700605270196,1021.7018557376161,993.9239677427443,994.7303884781206,996.7203334523639
47.65523269661234,38.28540469160919,41.29021258436493,37.42243916477132,1014.1362910566321,2017.261632802297,986.0080440010604,1003.212219065991
45.16882504611914,40.96984900761095,41.73329820545473,35.42307219101741,1021.7676142970911,1009.5418757401281,993.5375017247959,1028.9099490359956
45.2333662732008,43.365122277286005,41.921238744901856,35.118143828372794,1034.6912804386425,1024.674895556803,1000.283512702008,1022.2017138934359
46.08050264990506,40.070841308357636,40.74679809382676,35.89082168453896,2011.1107404734364,1019.5329805284455,990.7652583003646,1003.8257350793674
42.52230301945999,38.59245026078578,40.084300692876084,35.86207868923609,1006.0155252581509,1033.97644738615,988.2250015583409,955.7410185285315
40.91365131162232,38.679672153501684,41.92169908679513,37.6244804448373,1026.2092684113118,2001.9402102395761,995.4834609524728,965.2655831006487
38.9281840107797,42.25269258336385,43.16991804045134,38.043505371468896,1005.7632519895384,1050.7820079218209,1980.167050434059,2028.2959064590536
40.42455543042617,41.91736846265418,43.98561492623111,39.603851825633775,994.7062756029813,1034.4942038926658,2014.0260904896747,990.8131234201439
46.93642025168937,38.02972257031466,42.207558169157565,37.60121170578934,1013.1904524258035,1004.6099453669849,1025.8825019573464,971.8943811716443
47.46772088792909,37.93524504351857,39.74828088329275,34.61562478528586,997.3983086690517,983.2539647013324,972.9930946766862,981.6126714607931
44.70703910541772,37.91963641654488,41.08612309179679,35.86544298669825,976.9750998655999,1022.2147962202414,1031.5538261110632,2034.653720846127
46.935957887484385,38.04460840252656,47.058644222735595,40.51639299255575,968.5900112764933,1035.4696652394136,2033.6092333633928,2009.0393496834502
42.33913239307267,39.43103984360786,48.55795195949353,40.07442471940709,997.6740879015374,996.586785625632,1005.7055491338874,1004.5025148493143
43.282998072549475,39.919796185709686,44.26259131228483,32.13904319074325,1013.2124953697426,994.2323025431601,985.6101759939238,957.8838169983089
43.49428932876405,38.39808853286183,42.25947345882574,32.88387086302459,1995.6064563875586,992.0723436885776,1006.9054563709725,964.5755736398667
35.77761311464867,38.248897873184376,41.524910308665234,36.52829997127585,2028.800508250331,1001.5592281993553,1011.9174017183523,1008.8634037260952
36.11280719766511,37.622321242220444,41.2187973303605,35.82195586241404,1988.3735173351,986.5935561733946,1009.0296480975453,1974.1329606759984
41.358074387923956,37.29494697512321,41.19085018539306,39.04851967452808,2042.4579633701937,1993.5226566175704,1022.6078028067352,1007.4122205723456
41.77992851009155,38.75431032681698,42.75363164133108,37.14350126663283,964.7417664567269,996.1544632493658,996.3405894557934,967.9761772729621
39.50116092012401,40.07555436205655,42.974197848400436,35.404520847446875,958.6104760642552,983.3921024096541,989.451588982577,2016.0430837987194
39.37505443302919,41.16436578936341,41.09342741404623,38.33620756477868,976.7559492732912,1005.2566984478581,1988.806912940599,979.0101002231495
38.2025405941715,37.810446207571246,37.52176159408557,37.528956196872414,2005.1274884794198,1019.125366012858,1036.3389494881094,989.4665205523562
41.21367488044321,38.20746302213117,40.58237781973591,37.4176848451334,990.9420353432935,1017.8176615035349,1009.9637512167558,983.6401872263644
46.75971260683678,42.02533973254564,44.48871576950553,33.40033754785505,1004.5358775454285,2021.1227505840768,1007.61278926204,971.0353338093078
45.66194643363882,40.741698722656864,45.48819166897758,31.554357068246837,1013.9850165850687,969.855751239806,1010.626754522031,1017.4780355802511
43.793844879326876,42.610731405002184,44.80548016895803,36.080909946805505,2025.453862298041,1035.6186315492616,987.9313458074361,1016.7594829164753
44.06378300386039,42.35095043541848,42.684070481510574,40.278120307207445,977.8452254127612,1029.7859166427331,2067.991235113273,986.3968335162181
42.98337928235706,43.13969114260166,41.46880841633562,38.50471246729443,981.7608557224755,989.6373128407236,1990.7988948604025,985.7308899725306
44.849764650622646,41.76992971884228,41.27301076287618,36.69277310995018,1002.0903201087259,989.5154660078426,1009.7064950929173,1002.7769210408145
44.022246587863656,38.932705529084615,40.542989796218066,39.4745000361892,1003.6098577618277,985.5103462425517,2043.3686898636302,2011.875403831707
41.75926653788305,39.989377587522185,40.2842495789959,39.93190190241769,984.3419693838118,1007.5299570060995,991.624204422359,1009.7892451025959
40.80622043663689,38.66195458650857,41.950101277381464,39.929256854119345,975.9305664942522,2013.207009721837,1009.7612980837675,998.4874295136283
42.237684370198224,37.193596104306636,42.60956070281907,42.186168217130934,972.7381280349323,1027.4346220198854,1010.9761659101725,1000.28650997065
44.91240545012239,39.84347747496206,41.61396292672664,41.34281982826114,983.295118708489,1019.9160747785584,1029.6330470505127,1011.0149722261965
44.91378252286796,42.4125362149762,37.34232725992023,39.88318387226239,1001.5357803606856,997.2890148637409,1052.800355491168,1996.1973984266547
42.221150388073056,38.12890802212678,38.8917178480759,40.92127389194145,1019.4815616300646,973.8051392958222,1060.58496544855,1010.5290797345006
41.44640321287879,37.7267682992062,44.771621961906405,38.20574271723865,1013.5325174006512,990.2050060534997,983.0130247735393,1009.8318398432008
43.788383938644614,38.959221009253625,43.88048663709483,35.275016970110244,990.6843717531893,1002.9022464710886,983.4410693572225,984.2334699059018
40.479101892089794,38.58731064388141,43.805451008140054,92.00302903599753,987.817539876363,1020.6147339161301,980.559828367255,1015.204794728875
37.86200230078853,40.76037554212981,43.23613616577822,38.37755921342941,982.8311347482628,1013.5132935538475,986.9547421246031,1043.491203747377
37.76879053840471,38.77568751158132,39.635082861897814,39.80996167706335,1981.220644367961,1003.8268354714585,1022.4207781176265,1013.6223858047771
38.58076539297268,36.83052104084811,43.13603023881426,38.2921759828852,985.9845617506484,1023.271991561302,981.857874850346,978.0756456135066
42.6351114740399,39.52147104947637,44.036035343576515,35.72953505961607,992.8437276898349,1019.1231604850345,986.0508987770557,1988.8627956381608
43.63946571238438,40.4332934058413,37.720050609942305,34.74283455720186,1014.6543322674435,1006.5787858604892,1950.5968667579427,997.0278850207595
41.26877196432389,38.11559842803737,40.01612632788252,34.31111464273873,1019.1017056833911,979.0528550652575,966.9611160780223,1019.5134832240383
42.202866285437445,36.07237671173711,44.82991996287352,32.64242752124641,1003.3076911259756,985.5472512414744,987.3653277096179,973.7225059563939
42.15575470474313,37.98400820915137,43.65096610113044,31.256323211977982,997.1134725204276,1043.282793399863,991.8312227450598,981.6111893261796
88.78183728585832,37.23949899156582,42.892429539913756,30.690916361832805,992.3006213844438,1033.1788636915562,980.9671252241915,979.8521749430804
42.606938331390154,36.60498290418773,96.72412857519414,34.75094582319548,1005.7604879539927,1002.2468670657811,1038.0614713575465,943.0104984011298
44.472973486208595,41.48382136449787,40.84643901026932,37.84507136625082,1003.4155978911416,1007.9479180031174,1030.4459727262815,1996.3369462944258
45.46002836585633,40.109325696133546,42.16870705232461,36.8821952525616,999.8332215115065,1015.1994696110384,990.9406717948975,1975.5819428726375
40.20917969859839,38.610975765074144,46.49396486351162,36.52571877824669,988.5063265877998,1991.3469487896414,951.7194750467856,968.5681541170877
37.390924469491395,41.01581832392395,45.15344157067299,36.52222200949382,975.7715898661443,1016.9134016528583,1969.8583834473504,1015.1161932651819
39.67895110974413,39.58596009128062,41.5711383543185,37.0143554773056,993.2679871612795,985.8970901576921,1058.3675944010015,1036.2801523095263
41.3620892048147,40.637296597814824,40.76232246396171,39.49704178156692,990.7623267128022,950.9803025877072,1017.8486063223082,1011.6753438310174
41.62361364144133,36.82969539724053,41.12049192594279,40.615523921367014,961.1660758915041,982.330334384139,1000.6095162717713,983.6031979905047
43.03577805808503,34.67108557646455,44.579701684310386,35.87097189945773,981.3120963267429,1013.3828278976561,937.4965240802424,983.7399378786595
44.09953003399565,39.07915349004632,42.263728871468416,34.81127825356315,992.8438779890279,1009.0725631842129,931.9423089061887,1004.06821799082
42.69050945601573,39.0764135915693,43.4201110957558,38.505698121204034,984.9408597238175,994.5597688141554,1025.2369905027126,1010.0371695710795
38.201581049888915,38.65486970645338,45.74284384364711,36.79614775605527,987.557147542341,1006.983102606948,1038.7126354805719,2063.6098756811716
39.67801831983688,37.258026279441054,43.9123811383199,35.80466004382944,993.3261347192863,1009.562912166634,1999.5606757102926,1012.4572121304868
43.85876328742606,38.48129752473027,44.029213958962586,36.32165046568554,997.5726392375093,988.4748610137071,972.3723009425786,968.6308820591291
42.41950031309746,43.24429941873271,42.80115620518674,34.29388247854018,1008.5680928894785,1007.4410855918766,1015.1669462721977,1001.6469121267936
42.11636032447881,42.45879794082706,40.262292008786474,33.72960861817448,993.5503255704937,984.6987004371184,1018.0758499123564,1948.9629564309876
46.30706650062603,41.329019632052855,39.301790093555994,34.915772602096396,968.7067835634384,966.662104794148,2015.4358539134753,1028.5521169664823
44.47610993228959,40.67244051984285,37.882880749374294,37.70168124217666,999.9406379215354,996.8802502939004,2051.3481227913826,1020.825604669365
40.31010657921173,39.81239833972306,39.449202550916624,38.61090957867353,1033.7198662385456,990.7735794035536,2006.9403515078916,1002.495591584902
40.6656961637711,38.79473986898209,43.06232746943391,34.70855488487252,1008.5067285255911,1984.022576254895,999.4490032735404,993.385645083918
37.878543984387065,39.55545413803905,42.73117367063303,33.71530955360289,1002.7420890935684,1007.895176790275,1016.1280384986455,983.7996862332676
39.217806611119656,39.635229164054344,42.73960838776095,35.150678489849895,996.9296740951561,975.0462168566387,1971.7457074649478,1000.9230710732943
96.43676751050171,37.910499694887235,44.07005204715657,34.15270415953962,979.5936867730741,1924.27265609575,976.9090877735462,1033.9774715957806
38.52234190066076,36.619723412290554,44.23410956254037,35.82353274475501,1000.4219920166197,1006.8742595112615,944.6032685161244,989.9516882955531
41.8274410005083,39.38254374052312,41.770253431650076,37.70485742934284,1005.4825531020688,1016.5653184543949,981.1363309165117,951.2536252563551
44.88391145447454,42.406876349052425,40.61674325963599,36.71588821889176,1001.4327919156533,1000.1274437658028,2008.8454773881915,976.7076384540959
96.80870524441848,38.408336879728154,38.23031679683948,37.41419020461515,973.0484405727782,954.8836784570988,993.5756580036181,981.2779439926431
91.42101748197398,91.52194743386472,36.24763321178748,41.25340417261724,935.9418005608898,965.0085962770947,979.7355872835273,1002.793836285394
38.19564904380374,39.57433804409503,38.15392958649302,41.62923226365238,972.9484090623057,1015.9057861073363,1001.37213775785,997.7251159072607
40.75711981805912,42.53601952376596,41.34563619312293,38.99210233144336,1008.6258700756057,997.2870187885154,1984.576132659779,1001.23672835415
41.74422838701232,41.84199418965154,40.29478693464672,35.53727954376188,970.9202316657827,970.3880413153485,1972.4312592755596,987.116537189589
43.449290671095895,40.95852018099612,39.675732292646614,36.02316476278615,1001.3345654055582,991.6014158751747,1018.4107229052667,987.1744026809811
45.364486762184754,40.03869416499456,40.561077816026824,36.090472973031154,1035.8124366511238,1018.9316344281278,1011.4565066773557,1031.0274100929435
43.86135527937759,38.45510397134976,39.593128157640656,34.8757009739644,997.2539490427034,1015.7586825529681,993.0661230502183,1029.8399656803806
40.824395046486174,38.577383568759146,41.759605628745035,35.15772497459619,1006.8689021073269,1001.2901013317017,957.049710244386,1003.0534073352187
43.68061648108457,38.706358621709626,42.94951403132861,35.351686531701944,1040.3226279621767,991.5477657778206,954.295125429579,1006.0780238363132
44.168807462007464,38.2285905205417,40.68392976162311,38.532362674842574,1026.6006179798985,994.0714095050846,978.3017037874996,980.1623142307432
41.68085398029068,37.593632624963035,41.27997166649054,39.736185603372505,1994.669909591758,2013.326056332683,956.6781530358171,2048.7529563758203
41.75250294574252,38.79537530072915,42.906955556923755,36.42293119337597,1978.8279179180201,1028.6734513053912,968.6795878941502,1001.0526865653868
39.65570829606436,39.43330720064715,43.505083819096924,34.326846511923065,999.1893855982846,987.8356697748484,1019.6233134162317,983.9135268653017
43.02546252794645,38.424747055874846,42.56530275372339,33.27359596228178,1006.3042586513391,2006.5543960508357,1025.302223175996,970.0131352813933
43.84472262313866,39.24771666954328,41.581829554011335,36.334698422923196,990.0738584523383,988.7599669165861,1015.3615820379543,978.2611949391028
41.76162130072481,39.72109145846272,42.52260151342411,39.58813235646885,972.0844878795002,1002.2603003091313,1045.125732829753,1977.4417829151232
42.62778896354652,39.64834657803402,41.808703925560906,36.7789737195755,2013.842725275343,1002.5330582647618,1033.8153071627212,976.2178163809738
43.68158642232497,36.95667291232857,44.2489044185958,35.22177562810114,1023.8318008415811,975.9720071366214,1012.3115376536516,964.7884246035921
45.49180898054446,38.358445247639466,42.84661498483399,36.813586974952,1002.96022750411,980.4036221535307,1015.6170152328782,984.7949308413132
45.99515929787232,39.56675946783839,36.83063922620238,37.09288108747633,999.5588631572259,1003.5681071904136,981.6110329545795,963.3516556637476
42.86750000898225,35.9010192627305,38.31182990752801,36.0624743111721,1007.6458452826625,1962.78170769737,970.1183295947493,985.9457022791901
40.429427685441496,36.22529618668527,40.35922157177792,37.37228046958789,997.7894663332428,1017.606029578872,1023.6408351656028,1015.9743756082823
39.69252535778037,39.29693540533338,41.648218152581734,40.262906620072386,975.5351853601744,1003.2262654998021,1019.3418195732318,1008.6069526014082
40.66457006981253,40.6531894705066,41.4962760120474,40.38536558276033,972.4795579664672,967.7779252568189,1000.904558987899,1004.4985070097828
40.99153453334877,36.19932995702022,42.72864392325576,37.87074384479224,1004.4061166334934,996.6820183947451,1000.5539518158596,2042.6365125061982
44.05646415116736,35.48163096263981,43.67892795440031,38.548821648307666,1022.7309575869986,1024.272107077605,993.7205229005697,1056.1340089873888
44.01166154712246,38.273356917351016,41.24592038445436,36.672150177943514,1018.3140069296367,1008.8918037953847,1009.1358089522445,995.0111623653017
36.00012583010091,37.90222971137909,39.932501836641265,34.98943201087313,999.5338659773846,990.0979936560896,1004.8189435290163,2051.551569890196
35.27662722333518,39.210502087899066,40.586428118406715,36.780016998037794,1012.3675738863668,1985.3562950744874,957.837997892392,964.1890455202756
40.321745856030795,39.546958205852015,93.31853778552572,38.92568880969971,2004.7544634290473,1992.2005402402103,951.0080514610245,1017.4548557770066
42.50737452226346,38.11629654859982,44.49589975710109,37.4906647393917,1003.5759123090097,1011.9803613628051,1024.1648919794216,1951.6700893063196
41.76870641062078,97.50171627797434,42.61861677442134,38.317125409485755,997.9806144423449,1012.2507201796598,1021.2439466207654,990.2029017252491
41.19658363250967,37.03452077570664,39.14994739871305,37.34705704123175,988.3308798652646,1969.8314018186172,967.5611370895665,1999.294381768726
41.290013139143376,40.409860816645676,39.97686427658873,88.88870690368715,1012.8640751452676,1012.6782265911006,1969.877273290846,1054.3478089817686
44.490225165655296,38.87107732005188,44.79155327416437,36.19272165947652,996.7901231144443,1012.5015051151615,1000.1968867666878,1028.1651019350707
47.287537849986634,92.02378644516808,43.466361056193875,41.536966564416716,1011.3106989542014,1009.5324601082941,985.2269106144328,972.9095142855961
42.60657075533189,38.46658059172964,40.760062999401754,38.35059466740312,1004.6065791952317,997.6826647298576,1017.943702900986,1986.8047576220943
41.69656006127116,37.14603574331804,45.892848760204515,33.8638786558434,1011.8150693282078,1000.0522284745853,1008.6433030216631,2002.216208903179
43.88995418948126,37.384742075917615,46.86578575745809,32.54199144234414,997.0488021500855,1964.729620568436,2036.9099328558304,937.0668548212504
43.368668030762834,38.0512487715113,41.48852562561754,33.867692074993165,996.2377519441013,993.57952542521,1037.7439351494431,956.2175829275532
90.25542977437861,37.79409948198523,39.14321991921637,95.81609700085455,1024.7648779116255,1008.8168385131261,1040.8271806421044,989.1983890398965
42.91648742934698,37.968374370707295,39.31928896522275,37.896998713008244,1007.4219574085653,1006.8037136322649,1026.1481122926095,998.3616712179526
44.80105479742028,40.967706016563056,41.533605237970285,34.6173980495921,1027.8110424221172,1024.2008828366515,1050.3421035083506,992.127213147302
46.568365198751934,40.356587725936606,39.93306226219818,32.57624038598,1003.6207986279506,1044.5786081876695,1058.5823272288542,988.8334441019913
45.97949470484588,37.881268704979064,39.75564111457281,36.81306676084159,952.8243164761191,1018.9561360012696,1038.1818680879815,1021.760537967755
43.252739634359365,38.358891370724365,42.424370269876135,40.96067655073884,958.5183389730591,2038.4655083697803,1035.8209427275078,1026.6986553992865
38.58094771283092,41.51453346986412,42.54408053223632,41.014177172100055,1014.4735176287352,1006.6062693447066,1005.3158041643155,1002.1761432209435
41.341080373120626,41.730704871697995,43.018458213398205,36.95253763046735,1977.95034887169,2030.1160725124741,990.288435551247,994.1763749965402
45.5266996176057,41.12958507447595,41.25924508162104,36.826683944226446,992.0013265874559,991.9064595460428,998.6597088813456,1006.1247265836948
48.9353197181396,37.66302604584553,41.24064289276873,36.50100525975558,977.3733082383583,1014.9968698795474,982.5659657292609,1004.5179211524351
48.97148710685421,37.099851821836914,42.96179279065723,35.80591153199332,1018.5685037154608,1033.264940854119,956.0496435938685,979.4175196894956
43.84032170861374,39.00659829818792,40.58850522419563,37.232649858721345,1028.9758782318363,1041.6978306203896,989.0805023082451,996.227297061715
44.62033857488597,38.82759655145716,39.86220860098191,36.427014479972044,977.0402128607982,1037.8180026516848,983.6935146857272,1007.0586758363731
43.009385778718695,38.47612032955088,44.21597839375007,34.693565828352945,990.1065971344502,1026.3316093654669,1006.9159402966823,1003.6151853860802
43.748655646728665,38.96972247246439,42.5873438944252,38.33565857940043,1014.4040206939032,1009.4446068559241,1019.550177392151,996.1047359849965
41.82028798326138,40.962689555820944,40.9668545101547,39.560830758634495,1028.3126600389928,1010.164586673839,969.7022096544363,2024.910671229735
39.80985426812696,39.40466195303189,41.88338822042997,36.1350560257826,2054.4474650427633,2013.1149129318708,968.6808039776952,979.8354226370132
42.365659348451246,38.90241733968544,40.240824891692576,35.230810030333785,1005.2061877162065,966.3312114278294,1014.0785483657407,989.429270504281
42.39649245755878,40.4759391231712,42.64305579724524,35.41223195526112,1001.1011206970553,1984.8849593268208,1009.6414679903412,981.971038054458
40.22785450598549,39.22981186456654,42.45015580080204,35.16571347893762,1036.4635567341315,985.6911231471488,1009.7879326453462,950.2050983738286
39.874862723186666,38.19935159580661,41.82796754158062,34.421027214427816,1040.7757056969854,1007.7831995418558,1038.4541840438696,966.8862211251887
45.60725028029586,40.42761762031155,41.68587291939441,38.262235482877955,1006.9073642477165,1039.8649700846784,1023.3202903190371,1005.0024343812847
88.36506245130235,39.86745671877516,43.80643580466979,40.675885665885446,990.2243985239281,1031.084873250538,1016.6518744774424,991.8065733690056
41.52216193117706,38.008592113452565,47.587960342658334,39.87974066389328,989.8402633858743,1011.7078637681107,1003.7119869250479,2031.4820623206472
40.321710870011074,38.53591748770522,43.374309210863586,37.18878367816692,1021.3473504882995,1014.0482317080048,982.1265829492081,975.0730008353332
42.02164117870808,37.281172606657606,40.846701760016046,33.8539421938354,1029.8605452031632,999.834953291293,1014.1816536678436,998.4891662518332
41.00978918319086,38.2121173135204,42.775562190489794,36.21538369887176,1962.3001642767915,1032.6701868022128,1008.0934560392853,995.2307375955177
40.72801033272568,38.40554626102973,41.56795025597171,36.478243107096176,1031.1620426044083,1023.2530742486517,984.1135484255611,1003.4798553553769
43.995908298161226,36.15042550179085,90.95972254734319,36.75412505878078,992.3677903412994,1002.8898785007046,972.0409431412286,1032.6128196165323
43.29471554897438,37.69467398053054,36.26638171467557,35.774965335174095,992.5542720165502,1005.8028404435522,996.69549593789,998.812636162697
40.666873141318845,39.591540192719876,38.04618610661447,34.87676391487794,1010.5268487888925,979.9921913236187,1019.9081698370048,988.9695688059732
43.28271820767176,39.7462307515878,43.68670386693053,36.368915540908844,999.2412790222631,991.1602979277575,985.1882425923316,2006.4674891762752
46.088483884023354,42.08906117567685,43.26686589029306,35.515650600770776,1017.9892154551663,2004.3609203639487,1004.6431162928315,989.504626514828
44.47840039817841,41.13117941655613,45.276969081789176,36.771228861613906,1023.7504241917592,2032.4804767573141,1004.8980977139295,1046.5275522542754
40.45964148866126,38.054621646694656,87.7287586194212,37.900869546499905,1956.4947660551086,980.8463604404524,965.1493863385735,1027.1841079694477
40.82883447970052,39.574091461528006,38.74046376894719,36.31399890060863,977.012784516726,1025.8495672985616,2030.387341477312,994.9049105353081
41.97301885250003,43.70489049675143,37.377046458675736,38.2969610551562,997.0231370266906,2081.6186007492347,986.2777956480705,996.6733498339119
41.71099504887192,42.08516167869119,41.040522593070534,38.376670337760686,994.3935292497508,976.9640181592086,985.1408158763154,992.1969189276319
43.44496773117481,40.94544154236134,41.10269939649386,37.27282971385489,997.0084586617744,976.3737541516073,948.6878845007714,991.6070384267841
42.288963698471704,43.45813015704489,42.3691853220036,37.765411282783916,1015.6177378031455,997.4288125352803,985.7954207157948,977.768831413401
40.834833275188046,42.10973477843776,42.57245128401533,35.37973374779668,1983.8183857665772,1008.4749967409266,1018.0760350431377,999.0123374208163
43.061564378815476,40.17468093990923,41.07598583867872,37.09330416347066,998.6009655177485,995.1591482920985,997.5811996670752,981.5505451002402
44.492152759327595,39.011430564151325,39.27102564095931,37.00339778223625,1010.8817731514991,2013.5498852546727,1019.9439478749541,1005.439692977772
82.69918814232506,41.06676136736344,39.776531075298635,34.2432720838156,999.1253556519077,1028.7218563898828,1005.5855636741674,1044.8161383547094
43.97650794718048,40.64624267100728,43.10876581659875,35.076473984776655,993.5388333648272,1034.9013777390328,971.0755752734894,1001.420857000433
43.61361203240798,38.707855009612885,44.39907780089319,37.41378810105828,995.6707325492307,986.1870133947693,984.8501989810829,993.352118882201
44.04747339981469,38.42930190929208,44.203727111762944,39.59429891680264,980.1343794387822,989.9898639278138,988.3968845329496,1014.0524500637771
48.335006352191016,36.468950053142024,42.81453107761489,36.89689726278185,1025.5709602948148,1029.9636874688817,998.2058922493914,1035.275990964607
44.22873090251573,39.06829031561695,41.431430774942676,36.3478218496376,1013.6430136855427,1009.1991703733831,1015.9867860436511,1027.3915473215359
42.3722282117459,41.2491117808477,96.25102767073996,37.656851147493896,1971.7825849427848,2028.3399367541047,955.905672109719,2057.893963731236
47.926060498649676,37.214386385099836,39.67356208036904,37.226120423309695,982.0166750263422,1008.0315311891286,957.0816841766194,1025.418408924233
46.90934827500686,35.99020317359775,41.91240336258889,39.13174480563332,1005.3452340203053,1030.2153014025814,1028.3720262747315,995.865323099765
41.843102559048546,39.76522680700086,39.361561622111864,37.82648356180978,1016.5660756194222,1023.7012554901111,999.8396219270629,980.0084777017464
35.07726139827312,40.822105868525824,40.91409822203009,36.561349903472745,1940.0345170667076,981.0920401503741,972.5388504767491,1010.571355558232
38.13232896877686,40.237910614296155,38.395225348746344,35.81665920317268,1020.8863747863363,1021.305949607867,979.2446332195126,1026.4074946063783
44.47606995123597,40.55357692914869,36.46946757962309,35.70857211606239,988.4517194404663,1037.850311159044,986.1191913785276,1040.5038343294036
39.49727138307718,37.45082924317387,40.3051985749122,37.141888961601936,976.0299890903882,966.5222875985592,996.8028292754325,1043.233953921726
38.47830371704862,37.76080829819908,40.46318973005973,35.40713792289439,1013.3583634402592,967.5381424463164,990.4607676629238,1004.3286712619977
44.60032437896358,41.336038173629845,43.65504624365933,35.028613489431876,1050.720537760959,2012.914329270781,1973.2245348570768,984.015197430346
45.698390068925306,39.81058735842471,40.34226451935051,36.283751840070074,1042.2814612025854,964.5536454310115,1038.3975603836088,973.6804258718771
85.92310055466238,39.323541980449015,38.69829279405191,37.29020174825017,1947.986972613732,972.7820520614008,1006.9104139514247,966.9380863887744
44.920579751856096,43.272771836519354,41.49063487315259,38.86811368773687,2001.1766832939443,1992.6122845229238,981.0732488961196,976.2203252963247
42.731789166355895,42.234580437493605,41.611301221678325,35.55815439269776,987.9995096920698,1010.1427050222871,1022.0592949500231,987.2206866487325
43.9014621369876,39.85618025017853,43.047618160952695,34.822016617670386,1011.422900655908,993.4642197809625,2002.3014148333652,2019.733668961334
42.788719184799874,39.14090280839152,43.575775670237746,38.38199280829556,1016.4702577282727,979.0899308835576,1022.5927837738773,979.427563141134
44.69371440507729,38.10741901775778,40.810714642902695,39.414805146913224,1987.773836858839,983.5846214624814,1982.9461352856056,992.3245660374299
46.47075420498163,38.87229272153857,41.7291871840617,36.705646409713644,927.0444423546201,941.7599567151095,1967.5826397154333,1985.3699312206518
43.06512084520725,39.40819694174129,43.32421230248041,35.34942090300146,956.6703509304566,2022.0347677133564,1007.3448136135223,994.8441785588493
41.76787975017657,38.322809843364524,43.85596863347479,38.29329713088708,1006.975380472057,1011.2878741495671,1017.8442952951922,996.0591874648715
43.75825436623598,40.95959239343659,43.96744379709283,37.548274894358755,1009.187339855896,1005.985819338334,1018.1963654185347,993.1038122163013
42.92055363149092,42.37473846187444,42.321211207242406,38.82658108325879,989.9641573265183,1035.396219396724,1037.778594644584,1012.3974926737985
42.38531351222635,38.818236186230386,42.50009727167361,38.92202363666105,978.2252899272639,1021.7879927222987,1038.9755049801008,1031.7297698279099
43.224398899498965,36.969096230476936,43.754063020039055,36.40251419184929,992.8965090779864,1015.125287911977,978.9146880865592,1003.0063156915779
45.3283382606563,35.003073797888625,42.958481323946586,35.97497496862876,1006.5168502477445,1985.8463761690361,1008.1585009848593,977.1578350728793
46.68938947536529,35.63639663586099,40.89215221842554,33.78871126122814,1012.0549513295765,934.328504142948,1020.7482840994421,1017.9200384403985
42.665850344063664,41.04092211605013,40.52097761611507,36.13176578579886,1002.4142112650475,997.1897807502065,1007.8403018813885,1015.9835669355343
39.24108925413168,40.07193633738938,42.86660903204596,39.1448851821108,991.0677538384246,1014.8075612625969,1044.9181917574795,1010.2833923217986
43.87999765102203,36.305575205226795,46.057431345372,36.938909207523,965.7037597151841,991.1437728502989,1051.2050628584125,1012.4617820879221
45.69090843712844,38.56992392301769,46.914313795017684,39.58996362174656,937.8283165522422,1959.7717734106257,1005.7939067914435,996.5242857121191
44.30897465152242,40.00031328705104,43.13073902335193,41.17135490899866,942.3523623305712,993.5524984054492,981.3552215415391,1006.0337895120211
40.093810580747814,39.454263831986516,40.704361090561264,38.63065901298998,973.0268020298552,1021.8020532527393,1017.5668853417817,1002.3477067866484
38.86278063890751,42.28281044742478,42.54857203383398,38.13866244804673,1030.3315094343932,1017.6910702669078,1001.6187962854619,1011.6263438000035
42.154203164564734,43.36534866777798,42.340093185499555,35.14370240745157,1019.3198733533152,1017.4156660549259,991.540912833246,1032.3022621306513
39.7424071529016,91.02791667727857,43.079508397953504,34.22823054597659,1011.3934355229868,1999.6500198297697,2028.1472279457132,1005.6030275453236
38.50878238939958,37.08119830485049,42.58817244667175,38.25183113590691,1022.6726990124105,954.8188174478403,986.589695487366,979.5130065043445
37.77853012887996,37.85906842382032,42.5638046425135,36.223194374553124,992.7353214775742,965.3400631474401,1002.6398164126224,981.961613568281
39.4220185461651,39.99964852652096,41.500657116006145,36.06501920806898,2023.8357616480803,987.9375744331489,1048.2532995746867,1001.4990927326917
40.73816642835462,40.267167744897606,41.47155702158594,38.23849797752911,986.2804695020809,981.8023515124455,1040.4989418663029,1967.4461438156486
42.92179552128292,40.93276763063014,42.38022175610472,33.50699308460378,999.1821527625638,1963.5017826021206,987.7661661932674,969.4954910095435
43.10435297264026,41.37494567790164,42.78188003445044,31.76427126874721,1000.9699878968246,984.6737233968726,948.7769791544613,959.2076483672276
39.39261563284833,38.815237560699565,41.8588326391826,31.823818836420166,1039.7485439413013,995.3553759876169,943.0409114124362,983.642554286646
38.54763018795535,37.114775549293995,41.178208765100806,32.66056946629378,1028.8219160961714,984.4229683614267,979.4251176611712,1007.8032473670651
41.60194384896552,37.884623346414585,41.58564170303748,35.92075893088676,1016.6026494767684,2039.062315580974,966.256436490982,1003.8730950768979
44.347230598618516,38.981663287272795,39.908210175581104,37.5151785098586,1026.5282212190195,895.5589826826074,975.0013396623142,1017.4271603404707
41.59137420814552,40.222599741551605,40.87468638121245,36.12234180628279,1935.249862795217,935.728840102666,1010.773473106892,1019.9917551132312
41.485198620350324,40.505850261120955,41.717383761582695,35.708379379667264,1003.2741901457907,978.0664905011054,999.9791899575696,1001.6891711352484
42.931893321357094,42.91620554105352,43.25306486149516,35.696625279531474,967.3948029846051,995.3581425892232,989.4130479737125,1989.8638400257773
41.11504419053564,42.31920797318207,41.813398840681174,35.2760102726156,2001.693498398028,1015.3335056211379,1003.9296849061582,1033.1190462788877
39.68678851553771,38.23348842492402,39.1385134788539,36.8439325390476,1050.9960866745982,1012.6553504171397,1030.2476121999125,1034.0406015850992
42.561194361468765,37.152558037290945,39.64487554141965,37.72900800197219,2017.9690820199432,996.598011585945,1019.3776464779711,2014.9947192369973
41.74259478838839,39.93553734790021,40.07395377573124,37.54256240436898,1959.0970540966393,2036.55693566228,995.9926685220859,994.7073315017637
37.956813367410916,41.272573265608884,42.60916008591522,34.94505355642792,973.7372944359549,1028.5492500669009,1013.5682169371537,986.5779186969755
39.77002447454936,38.98777066850068,44.01390813461839,36.09205052836137,916.9315779168764,1034.316686536507,1046.3641190303715,990.3094355113866
42.65044362811583,40.042392810214295,42.54916436165577,40.08919704480134,988.1495979581886,1051.446862475713,2002.6681846019842,1008.5294051702242
41.765368036992875,39.09665414097269,42.107537149691304,36.70779740143645,2018.558936664346,1018.9405689630969,1004.5565388913936,2046.7491573141779
41.40859065818177,38.56385154905214,38.21870285082798,39.66087326914194,986.1372049407994,1007.6375061203605,1024.9374785277184,1044.3907430387897
45.072091535225226,37.95627203488084,35.866996028514095,43.87621309536215,2008.6222842950863,1965.529832342977,1032.1519909069307,1016.1057250141192
43.22107890152293,37.17198729786065,38.41144131463622,42.22198009330743,1000.0228777539342,991.9291490363951,992.5219509962802,976.7427438614172
38.89774964618812,41.78884147903427,37.52282613459935,39.48412149134112,977.0238296846804,999.643828389431,949.1724989527395,972.4044544242245
39.98362598262931,43.994415064240854,38.626328569300966,36.59433587214079,2014.739790275385,1017.2455812268158,955.2273006596179,995.1052179739834
42.52630793623776,42.22200186144764,42.84108561530347,38.52675009137957,994.7157696801276,2008.4248977073146,991.987877385411,1009.639551920407
40.32314040804222,40.567344429695744,43.0897993714763,37.97584703030434,1027.072669327988,976.8329626625543,986.7028153149301,997.5927817244725
41.17135826578469,37.25180624189777,40.4794806647214,34.6983383562352,1046.0222115323854,937.0573676807178,965.8003954703864,965.6042927343709
43.44955700527275,37.84770982453013,41.34813580036027,34.332003054592064,1010.1821955818356,982.4699612729969,1994.7358982813873,977.1680016807206
43.844995557475976,42.15930787259384,43.83118645775049,93.10417766791853,991.0834179154699,1026.2651063383705,976.9565051703327,974.990949328015
93.26031253955719,44.59334066451146,42.14482838818609,40.27175449225062,984.0133653654563,1012.9150995921734,966.3770710135682,958.3854271037146
45.76956505198629,42.13806558604797,41.305817081214336,38.150168469719915,936.2957355037581,1003.4270286823673,994.0061990078293,988.1724640275343
44.98512603313158,38.50470790367001,44.784997849963275,36.74616524179159,2021.861577509007,994.9294981734082,995.8228436361873,1028.7481039525082
41.90325892240705,40.0916499218403,46.13766498283839,36.64033108672201,1023.3392861734451,958.876075063949,956.6123216546134,1026.2939312727729
39.28170568977717,39.28246285901723,45.31128788088869,36.61031187980116,981.726387905188,954.9041616264869,986.7415773305084,1001.3925320755079
35.85227750010638,38.29128664283468,44.28502528352321,36.97455946762727,1001.5061935550543,991.1592805159703,1047.793264334981,1006.2536487520787
38.13716552700811,38.76266779639611,41.012613953830126,36.44595274749559,1024.9021214083434,1039.4636931524774,1018.5133323510519,1012.351189460707
44.3443086317869,40.44759256691785,40.4897436298467,36.39426289631531,1042.892976562286,1063.9933387832712,1020.4583387097483,991.8195049488268
44.80473232728487,42.5110836512675,43.94767383198938,37.189605561318544,1006.3538325497195,1996.486204750507,1015.8368274576617,1978.9913283671406
42.424115291875,40.47811578811188,41.733177993325214,36.573249812919414,976.3617513909031,991.3094691289527,1001.8826118944123,1010.7582219290335
46.102311915613114,39.68571092768963,38.63544216698472,38.526429508507384,1005.4872969327687,999.3252530991301,1007.9375315540625,1027.3751605577177
44.62114970699875,38.49514929191025,40.105006678967484,39.59296707725643,2018.2241235161414,993.0378823741938,981.2200359594588,998.0894335411006
46.83849158217157,37.32120064669565,40.96570507424706,39.23281333268547,1006.004701129779,1007.7707203304492,983.1885626549308,971.4594523380492
49.430166170667775,37.25831951543124,41.310690666566856,38.38143078656147,968.5195218283529,1016.0828240408564,994.1181674645293,988.9887463589359
45.465955149072286,100.39971975172857,40.710523054215926,36.16242218365234,2039.8787944459139,1001.4286068730426,1001.549145341477,978.3656973318559
44.91682822024789,41.29716641598165,39.617131171569966,35.296263804686276,1971.782332322152,1009.1370460579404,1010.2971361037731,998.8202246917831
40.08818805256784,38.93738224558226,41.34782817367061,35.703077690817295,1002.7213569456533,1013.8966834467917,1026.0219441716517,1000.3685123196035
44.3278842807072,37.06031159550173,43.749410934711044,32.821654227168615,990.8898488635733,994.1284443485283,969.9481923261794,986.3925980185226
46.31192648339444,36.58222354812315,39.39260480090306,30.685029555231374,1019.4386315734694,990.1528819220491,2024.121476965665,1976.200774697288
38.401778853989796,38.55958358509197,38.15933931573701,34.44719771633385,999.8904204060952,997.1845315309324,985.2244548480169,992.4667382345302
39.772083368643166,39.98867614671944,41.018228338476376,38.154087938112696,1004.2436049739956,981.2856966954675,999.3878731937651,992.8157775996237
42.258523521136645,93.15016507678831,40.998500045312355,37.43565584815828,1000.6239818109027,998.8366692590591,978.417569460906,1000.959591503457
92.0051038252666,36.31087541692503,39.19460570509718,36.43476875981409,944.4321085157908,996.6507279960076,933.1971192868107,1018.5627387838628
39.77341279874645,37.37762555186556,41.39587264249925,37.11472343743926,988.9947706630924,963.46375125666,962.2921715015946,2045.5280660476878
41.67111191325547,39.43540634718141,43.54054176889201,39.36267041853853,1021.6441329258284,992.8295645345302,991.1014106386048,988.9594869384428
41.93293529530011,39.864507174720885,43.20035549084078,40.15332813925416,998.9521581077727,1970.0037550926872,1013.7303918740236,970.5712659391044
43.628788612792825,41.44194375244268,44.860624371558664,38.343707002753916,995.2893454560101,980.4527870640866,1022.2052939002272,999.6997733235819
41.80358888167973,93.73193712290984,96.81441326929644,38.0942832851075,2029.3420799226444,951.8849858535558,973.1968482603281,1003.7419870323808
41.537259526630905,37.51801347201183,39.70586824909101,35.850409451927646,1013.2777370199674,979.4472930909885,977.1328734625044,954.0965673574692
44.99106755302009,36.77188560428361,38.383100382928575,35.07460960644482,2027.0055963949544,1020.3491864285941,1024.2332616374995,963.272006347843
45.2089694607602,40.150285639216186,92.97978846858624,43.065970117501486,982.9950939036443,1019.761903582076,1016.1582324611696,2015.9043780987854
44.804646901204094,40.528983359854884,44.38468401457627,41.844285866019526,993.2443269364392,1015.248515583604,994.471006426362,981.1097924735969
47.88426645066218,41.866073128598075,44.39024382184057,35.65630916665799,1005.1231052779897,1954.1024178827945,1008.2650019429059,964.6813613110164
44.733317140733305,38.7514413612906,44.652839675870176,37.33568113180122,1021.7269101620504,1039.0986167909093,1000.5552786576638,961.3947090037093
38.99991042059046,37.50295607264318,44.31179461890965,37.80734802877075,1020.2480493727121,981.2721394981652,948.3483947457127,968.3057402914053
79.43098018740214,39.35278672415588,42.48762280634685,38.48515565635394,1021.7684586874575,1014.3539882627185,950.5268718810593,1005.6400951807207
45.24371012011609,34.07395009157152,39.24916653108896,37.95925876734806,990.373374315502,1021.4037494027724,1010.7287028000067,1031.0722873962795
40.06706973650792,32.927952852736865,41.499684962778545,37.60249323850827,1989.9854848061063,967.6104947068548,1026.8060758932406,1021.1316412600462
36.78366963956228,37.70006766709814,41.144960732673304,38.6906317412503,1007.8281449280778,1960.5780611639466,981.654723650772,1018.172142292904
40.7328835051509,39.56963257769192,40.340174575363505,84.17767183568405,984.6439030819502,2064.9666075852238,1008.2799811457443,999.520778586024
45.01638755714022,40.87650541580288,87.76620508636081,39.24661054322839,967.3043440254455,975.2478050568709,1029.322160215073,976.8786225899537
44.0779128019304,44.844545566169856,42.76192736745165,37.88023266726569,998.7268237959374,994.4655380789168,979.7921939400123,994.7703958726675
44.291657089858845,42.04971015400879,40.64617582811867,35.95593669618846,1024.1928816885213,1026.4293426996264,1968.5816290732096,988.3430865082275
45.20005495107556,35.59672023851685,94.22760355599107,36.360689185749635,1009.1352614514909,1023.8467255440822,958.3077662755823,988.6610649032918
41.47549663952996,35.20809088067903,39.88225301601427,35.04093323593255,1012.7074795375956,986.8685120074251,968.623464481976,992.1622210165667
43.66626360287943,36.223220279707505,40.258133141180515,34.291679458290645,1012.3006520950958,962.9177327385524,1027.840673393644,1008.0713600874692
44.78046742810228,37.245819527015875,40.426332714012545,35.644300575241154,983.7662937057529,961.6464213000068,1017.4212979205253,1022.8486591725645
44.13280521011998,38.63814979083712,42.47143276252579,34.737517321602084,971.6491806092871,976.6505541356556,1004.4592777764007,998.4795007909643
43.938059655929905,39.40446713716736,45.039578955066844,34.94318448958862,972.6807675359975,990.0483740341181,2019.0248679677834,2005.9708163943442
40.67856092669199,41.21416886256283,44.06375716092427,36.15043042512939,1005.4394930498372,984.828449867543,1010.5932268991714,1009.9177644230404
41.89239977107937,40.26429232132759,42.88122442993459,35.064780322275645,1042.455795003385,1032.8463633477747,982.5035306331831,1040.429297006118
39.22951709477026,39.573901808993924,40.636189447907796,34.69614479215443,993.6852238279914,1027.7482294179727,999.9805753160522,1035.7418519142748
40.176683494610586,38.7480246385071,40.623189642952056,38.5904409441752,958.6327266987114,980.9057308055179,1013.4836879445207,2004.3400059568614
89.78162640699642,37.3960274239552,39.23279013326526,39.049928223816565,1011.4280094208075,958.3828762930925,995.6116060080586,1007.9562378051378
43.68726381531244,41.65029692849906,37.767516396026195,39.43605517622241,989.9132884851845,978.49281206463,994.5680808054192,992.1576369322779
42.7818615428362,42.82080696660857,38.160940612168226,38.52074214331903,962.3055297306289,1014.7868727867005,1009.555472064091,975.9086722878504
43.2363265176152,42.301379357948065,37.3632052014527,35.17919559235564,989.7472392160685,995.1181294025439,996.6220118115274,2076.3175392309013
45.01443993488882,43.30006039184987,39.94823057572832,35.93251872153574,1015.8219314002057,990.9546610245172,986.9664118667895,989.3535835833338
43.84298940691684,36.45455288172932,41.1807959833113,37.69410665504492,998.9108476146043,1031.2161506729644,971.7453000936949,986.6000348426402
48.64459857892689,35.98068623573278,42.38854681516944,39.216134375091684,997.4770244689771,1016.2949945156194,1003.714959779064,1009.5127155276173
50.44253410492381,43.51412813251501,46.287260599294115,36.70509235004717,1965.337463544028,962.1997704833341,1020.0137535987581,994.2127108529197
45.30134312271245,42.601014029376344,45.951751644877945,35.930769584277684,1012.0569518791547,1007.7855356953061,1980.635936187866,1993.3151391989359
41.805158085035316,41.40907276341802,42.64192233570631,37.01855357641766,982.2910075967466,1047.1887419152301,1985.7600541396025,1000.3794630091594
43.97097502240139,40.199540348291116,43.569648077370466,36.89455044311917,1001.4529304023877,1027.3773799681376,993.0752402058458,1978.5427586360565
48.201835685815354,40.643343672747335,44.36326968993065,38.3007525068859,976.9771658694318,1973.33349300935,1006.9283394497073,973.1850299554612
48.09625881406299,41.39263691829512,41.9044395537861,35.29093460860485,931.7075170833955,1015.3195478271016,982.4304352341715,985.1116169701838
40.83051355812947,40.33011215548817,41.229109374513826,38.54435762978567,978.5793694979948,1011.6529832412084,1009.2032770362002,1013.7592608022175
38.79939840789235,38.41439538709182,43.2154873155997,43.66450449683936,2009.4201533637731,985.810612632207,1019.4969860812098,999.5187412855632
42.607199545189275,38.85930382549755,41.78009513009218,39.23449947632079,994.8823296933597,976.776148873062,1001.9522207842745,993.0226093084677
41.06990923524107,40.91286152689485,42.377637661264096,36.6430952759827,1989.2028297404584,1007.8422538792859,2014.6472534385332,978.3006291139842
41.65155094491061,40.47574208419563,43.94940848280684,95.38117139939918,996.3126358234251,2006.6875608553687,1018.8512504716978,977.3629806338902
41.70124663925279,37.55225246962622,41.05772884119358,34.818350929661975,1016.0250187484075,1011.8285890355153,988.1099253568823,974.4655265686374
35.66993745220864,34.15244166975789,39.96941446097585,36.24628761098967,998.5582039901842,1004.7382538562488,959.8976085781944,971.6029262672685
33.930006185543974,37.23344309927681,38.17092965709128,37.62909417572054,996.256597421207,1035.0832331058086,969.3496143005686,992.8657664823052
39.19712936725761,39.39462302194826,39.89856194227596,35.40650157742505,999.278982513596,1023.230125758605,1020.7285849306343,1017.9329586642855
39.17867650619251,38.422850959841725,43.15858749041815,35.14451924373407,1989.8844850279618,1014.0340193784655,1033.9955755570584,1005.5002602702052
90.02623849290603,38.63078596729564,42.22939483967052,37.545409984019734,993.4770939409552,1040.0802882397138,947.0239083981933,1001.3777498776653
41.691212430230976,42.98914866555771,41.97779309790984,39.5805418747636,959.2574239916933,1016.6745462637732,927.4563707485325,1012.8513083218506
35.37687844711781,42.515169185889434,45.53714259774384,40.51329895745529,975.9092856351087,1001.7416442896327,1998.6402116371162,1011.084386975836
36.98263296159031,36.31624204359093,46.01945214934574,36.07579862406637,1001.1385614608291,984.2726075165585,1025.7228577423791,1012.7080900512021
45.75697366169902,39.96114008115253,87.81305562704043,35.959099039648734,1013.6080810730091,992.397265730894,1004.1105580619505,997.1233849961897
47.57353283292053,42.866288847620154,41.51156104106102,38.42931612347499,1005.0530937568351,1022.3374550316701,1010.4866278123545,984.5491201057494
43.50993952260477,38.997714098669974,39.93596041602005,36.15528690262491,1027.9025566066173,1003.3687475650247,1031.048306535005,996.5734041804105
41.99087705942748,40.6285515140623,40.93973944235878,38.30668278589221,1021.9427803488254,1005.0785557681229,976.3599327324646,1996.4983876262036
42.42680211521757,101.96640265590743,42.670112889115316,36.633221307352855,974.204406811036,1025.0833940854154,967.6102318979247,985.9080887714897
97.18643374162511,39.04433341253893,45.482218824166765,33.469508395559245,976.168583305929,1036.1462041997736,1010.8786095601175,1002.407738619994
48.24538746525491,36.96832437421686,46.01817129661906,35.2601877508059,1018.1910276204063,2022.052714199248,980.2249906803315,998.9421907653389
44.030143324051984,37.25767874502701,44.24840217347888,36.14767232839971,1999.0508693413433,961.4044559153514,971.1536907889792,987.1346197700154
43.04157591296196,38.58144570194878,43.14294044871157,40.60140629756424,1000.2353169834585,2030.8517793541455,988.5243454043482,996.7451013175881
43.92154310573552,38.96319944708207,43.58122765655445,40.58059366256893,960.1195795287895,1023.1059605885944,1001.7820081981508,1987.1416123301242
44.110196570051855,36.63505911115125,41.770342804521746,33.81867404497431,949.602402891719,992.4949525296399,1038.7663959526171,1026.4819180001036
46.04493430593331,36.87386121447111,38.6313835701542,33.04699719096466,970.4955013796463,979.4172053172265,1035.460454007728,1000.5722588403297
45.100113764897415,38.71387209384953,39.386194828847664,36.38393925419303,985.84187351777,1008.8862003353327,1041.3638302424524,999.20058909918
43.63431233273002,39.95929174505199,43.26545916859406,34.77204866010093,958.9424876143141,1024.907738529319,1039.1926934518865,989.4544744233029
88.42827471606923,39.122151960074504,40.92724533686465,34.12644727586369,965.3727804263594,995.742412192047,1010.6310592219722,1993.4454115116632
40.589945059603735,37.96768086255308,36.218286190686285,37.914245888324814,984.1395660748026,967.6644682048451,1951.806096218254,989.83996126147
36.88056022707226,39.281470642316634,41.5948822170826,38.34303042575841,971.7450325532617,955.2250112803302,998.8901977951609,989.5093011776222
37.150242977872736,38.215953564138076,45.145032671716734,35.702344086234845,967.7085511787466,960.6747742534071,992.5015231417699,2008.4153782893468
88.46821403625671,40.25951152411359,44.75106891995429,34.47555439487172,983.3918343799596,1001.9032568050382,1023.277800275315,2015.5921926438355
40.37367452091648,44.07936135362121,102.71364913093312,33.50174211216816,994.0459107303551,1034.3570394712356,1052.9211992976084,1960.8025201652918
43.03698779389116,43.45764717349665,42.05069324809412,32.60710194140939,1011.3535799368847,1003.6612370051091,1027.6509100442458,1012.7425895245433
42.79637933770624,39.98608819940466,39.67308616615338,90.8619634518578,1017.0758727596328,960.7251252463648,1016.1087809096632,1028.2663167295252
45.924264095419424,84.04628348544558,40.40110960562552,32.12788904817958,986.4670112762783,934.8314488810583,999.9855300029376,987.6658458470297
43.873279363331996,36.59086199592498,39.483297709854654,34.48531330604819,2002.4381614238896,1008.4251162555886,1010.7190334582442,973.3559328901935
39.41156458447884,37.220633630208184,44.06114925293792,37.498351038596084,980.6190653148392,1041.3396739574212,1045.092670059027,1000.2668857218983
42.586729381458,40.69266152853156,87.7841022959168,33.14738809836748,977.6193094992229,994.0054002515724,1029.82047671186,1006.285772371539
39.88089323303521,40.58729839091042,38.12944618481038,32.45750250820653,995.5458841198897,973.6438611999736,1973.4484839005645,1004.7559018961206
38.77029544671802,38.94537181180255,39.3380754906259,35.94490098253492,967.0998761894268,1004.6169380747876,1007.3033841388508,990.4819817237014
41.00851145511103,37.082725785565295,43.48521886098747,37.76186133936281,935.9577902925372,1039.8908075180502,996.6546556295186,1014.5779093088856
43.63697123558984,39.0519204747216,48.17565157473546,87.8600477582303,2013.5978782245527,1025.7594729481925,1985.3244590699999,1025.6350429088902
46.919415987933455,42.503481422063444,49.42190042522637,36.033806573977266,1032.4275839294753,2019.7288618234654,1006.4588631998824,991.8534545062676
46.931195594178035,41.240722356671455,46.89164952416868,34.729115064396225,1044.4590448442843,1028.1189145432354,992.5984287201704,1969.1850797519203
44.86461540878483,38.832378820081836,44.65387088690806,34.41980892982215,1003.1881197468222,1017.006195430929,982.8138524655358,1014.8827432360954
41.73109221211374,39.801249658663835,43.70059132481897,34.84408693575379,968.7111136678163,1000.589978249307,994.2507765303042,1011.9616873036385
44.27772491612092,38.85353606737279,43.083362948426306,36.80313343212451,975.2546059584372,1990.2773779618676,999.5861939296433,1012.69253222314
46.149123284540195,38.06185045615815,39.580974812074096,37.13968337257825,999.3594254917423,965.8048206981985,2001.7485866006039,1014.049820425032
45.199980168135184,38.27742528659077,37.92933495658696,38.53727983656964,1994.5029671559687,985.1267153160973,998.7940251441387,990.7518797040661
47.665851813884565,39.56678901072816,41.26851081929911,38.394955852764014,994.1893367403562,1009.8736589980088,1009.1591219528191,969.6160640813891
42.95312364232214,40.075676358680695,48.9953596833421,37.01782326487576,959.1430893055539,1006.9388848631346,1023.7908496287819,999.5157866553059
41.22152872070654,39.384095864473835,49.741498291879424,40.84844089551281,962.5129676908281,986.0937787427254,1009.3350416346689,1009.6539088508198
44.612475803111906,41.33230826348431,42.978020919653375,41.42809490932733,977.7239775061296,966.9936133395214,990.3268910307011,1000.3070277121309
44.367993248980724,38.99550475739298,39.027316119244645,37.941128642133364,972.8935884533555,970.6655641013003,1000.9554604811865,1010.8175728744895
43.00928928189296,39.09967919245393,40.63882805177106,36.12982573605204,996.9107676945159,1019.4142632077849,1005.4858998867344,1009.9990474603787
44.926328625565304,42.05514250188213,41.47942923105664,34.79062818504097,1040.4234262672521,1012.4268147781653,970.768452863702,998.349013282484
42.75319761681516,41.352498036543686,40.12098098537769,34.30350155456621,1030.3002458086992,1005.0782250705056,1989.0270320406235,1001.0007153682263
40.68048167941931,40.500995118869696,41.30978728235222,90.20249019477697,995.9973192746539,1029.7623030414843,987.884319612511,982.4234711033803
40.730746402746256,39.30046284769304,41.705453657853525,31.543863353722948,965.9434234405005,997.1041886062886,994.394173813849,2020.0441122006962
40.01075062471236,37.28051312160127,43.085849060757766,33.447347656978096,968.9879498191972,965.2312749206312,1022.7212410301609,1018.0503712743496
44.192798136387665,38.80296942078813,44.13213023443157,37.15501979618246,1017.2034799768061,999.0311583811733,992.311625265962,1006.2097895322711
44.55386604624525,38.729157059394694,43.08022261529821,35.47155849469969,1026.8383615819394,1056.496916064041,988.7445522472915,977.6691112976165
43.03589582507283,38.10027668327406,43.17059211809098,35.559583432852634,969.8658362751805,1026.0952490132786,999.9391282713185,955.3437037395206
35.43104630975953,39.144762072268264,43.753417891932514,34.64808606874574,959.4712334710842,1979.694264813421,998.0849694281015,997.7726036208428
39.51218773444507,37.701652689510524,43.15943035608515,35.412037755506375,976.1979579434224,1034.3892839604441,998.4044183899996,1040.3673356362365
46.566301466731886,36.76392986609544,43.06312887167737,36.14727683999594,958.5374467620326,1015.7555489945669,968.8776128738787,1012.1163664820119
43.974724584124814,37.429536675938635,44.69869804462579,35.89946145345054,982.6491992145325,1010.4409995723092,968.0829799765115,1000.5152218005418
45.1654881762628,40.8051038338381,46.173200876205684,35.25254391928743,1000.2505011768767,1034.986808460547,997.5097117382529,1008.3013080989044
43.11333715434021,40.09748352168556,45.26635462079501,36.34824176290475,971.2112365974529,1041.4001579874034,1010.1758146764746,997.4237110973634
41.6290402365847,41.27855226634179,42.30143971819875,37.84419632036767,973.0801742791086,996.703969843868,1982.594636802649,1003.9497076007133
41.89645807256466,40.74143014751654,38.58412068043921,35.28318985041335,980.5769621298202,991.6218745192987,985.5839414775614,1000.9933431791653
40.42508899660235,38.278568592842845,38.41944284690936,33.73940680404403,978.3183009864986,2008.3300315759827,971.2603903415131,989.1968284732104
40.4163888686777,39.742161085830475,43.571508628138055,34.29016304163282,2030.8051918286533,1001.7642376094998,1004.4889300153759,987.4716102768693
43.58128307754379,39.650468980064225,44.637341472207424,34.171976065183614,992.0183341292199,980.478261588091,995.856656411511,1018.2851800491173
82.28787189328612,37.99226930536285,42.90951206519149,35.76814206043571,969.7501077707471,979.8285650817757,991.5497585653527,1022.2318382337392
46.32179086649369,38.54660412084886,42.41010035615181,36.03871419445855,1015.5315119231167,997.9553548293413,1013.8931919037707,977.2138265593237
44.97191557336292,40.54421028188145,41.351541648525775,35.1828946306595,1026.5864792454086,1000.9485149934426,1005.9856289188899,2034.1429877986764
44.434140458569786,42.78172224974038,85.43605708707832,35.16131774581598,1008.792639808737,958.7542817581989,961.8392412686252,1002.3332920549237
43.04908739414003,42.88964544552671,39.27230086830838,35.50826364664745,963.671415485588,960.365748117435,970.129164232087,1010.3053769448172
42.66499444555477,41.780524799660355,35.61318459837389,36.606203820951706,965.9523219216426,964.9582501466241,1026.0534431389801,980.8540615750476
43.32112953707586,40.723581937019375,38.45984907968882,34.02871379663395,2002.1028280555856,967.8246738387073,1008.1729526044985,971.6731183660213
74.42793448660422,39.79209316884075,40.6639561240018,33.601786806353225,1010.5965718329587,970.6993073247811,984.6240440913002,972.0107012501962
41.25743935467935,39.075537894906816,40.13273939835585,34.90958536452354,1038.8568268077277,994.6657449742213,1012.9310376799788,984.5254768877842
35.295022882774724,37.14458854320513,44.28275328299546,35.47604061996009,1033.1467106336731,1017.3010998399676,1016.4600286202008,990.0125240843184
36.482901135678965,39.68587856003222,43.76889855466718,36.318681539563116,1039.7770700017634,1008.7021179593736,1026.0193485843442,999.9521628800429
41.83405666986261,39.507180786120934,43.04316357139044,37.068432762767685,1028.0782055036864,2054.8034550489233,1012.3894256025369,2021.100628967789
43.72504358116447,37.71350640341066,41.63452053105266,36.24750846629205,1011.9556900395654,2002.4485627452525,1026.0806584889672,988.3297890808717
41.061188508954395,38.71574943513223,38.153521771604524,37.4350045274916,1000.7663791280619,984.1581296634976,1034.1142313711232,2013.3540869921756
40.53172779532515,40.2990937514103,89.53848259091248,37.463379369500146,997.6506182351693,2025.8086693053983,1016.2286151510514,964.3911121526085
43.41739261884283,40.44406812343536,41.128883010425476,36.212881729174285,1052.247651606803,1992.4384267192388,1025.3868726732094,981.7433890182413
45.849220811535574,39.4614226745423,40.99280163018686,35.45956885026951,1018.4985446744389,972.3249705728938,1009.0715409000234,981.3706832039081
48.82796469996205,80.31156369573318,44.3661483323403,36.14433863315037,961.2701177074182,1024.0266881146815,1004.861504956142,2009.4959613855133
49.19773929041985,33.86438289886724,37.24982584552009,37.978588475098675,998.6699282457641,1001.1290610782485,987.432850224563,990.3042769843914
40.51129379464612,36.75366575835211,90.96349673775455,36.11877259768147,1023.2457711368195,984.8096278082951,2030.7114528712486,965.8286754579685
39.56862456654088,40.11206692112508,45.44102060666961,35.12825934114504,987.1637536459425,1005.9450175229276,1019.6223781073088,965.3525308215836
44.92687502446364,39.86083843106988,45.545955124029135,35.942331661359034,962.1141855842391,1016.8108136294766,1022.8802980964083,1015.174687358387
41.99332171412763,38.770441799568424,41.55423048434572,34.77952496977985,1986.3932788269367,979.734151595141,2093.777303983789,1007.0787772301871
44.03927948444304,38.6079372633057,87.83611918657571,35.88927916410165,1030.246273052048,954.6636602432332,1018.8689256328375,1013.0648623549237
47.33606993684331,37.21233593574814,42.624042568190134,35.66745210570146,1024.0630239551206,973.4509330386397,997.9964615387573,1035.4078608073496
47.307286175038485,37.075158350528845,41.77867610756313,32.538098601674854,2006.742336485056,972.3251130840906,1968.766553372883,1016.4750672426479
44.12850951375504,39.49591503317268,38.88056736688526,33.6720268350619,1038.0617191942542,1002.9902981526536,1015.545726587365,1008.2346994814393
45.100513244749905,39.1565061525027,38.25013295490812,35.1292687865635,1957.5601970423506,992.6735448013976,2008.043948096433,1004.6838450365228
46.230655832917876,37.32026664583845,37.08909806266436,35.94283742146009,984.6596935763284,987.1410023875621,984.6376132071099,1002.0590063079896
40.36164850075178,35.719717160471575,38.24379344226752,37.03492023239376,984.4645827143808,1026.8887866970472,1012.8250296072763,1026.9266649768665
42.25029545677096,37.71664167396405,41.72226220786796,37.80296722306422,979.9235435569519,1013.0730683395201,1032.143117974058,2045.0991788011931
43.04087841630097,39.909283930832764,41.66861721330001,36.993220411686735,961.0711212836002,987.9308543360296,1031.9685549004023,1008.6491512410173
41.88746669873726,38.82720903305026,41.33018246603698,36.198521116903976,2017.5199185879692,977.6473894584411,1011.5079102891791,1002.3999253872955
41.76605608302614,38.305802894284724,40.20832589149079,36.90003987712536,1011.0428853663021,998.4593065575915,970.9005856340675,2007.0521822566277
40.63162396258077,39.80362304328399,42.64771036203071,38.741410024401475,1016.5372229866915,995.3703016639756,2003.7849590257927,1020.0706871852892
41.617597015347364,39.958961611803375,38.88536442952936,38.47434287165378,958.0171836830768,998.1104832045759,994.9833668666474,2027.0203239540776
38.51652065729674,39.633433056128005,35.74742154699852,36.14274180046135,953.442130545096,1013.7243129577882,1007.2084289152663,1020.208343692438
36.14682464502416,40.393153413903626,39.779579050054735,36.14389362200882,976.3079367485761,1024.4982740996497,957.2535235502448,973.1453451090919
40.21516577719163,38.31685869742411,43.206604355069686,36.342105210239765,2028.0754951191127,1041.1833516697843,967.8808200572727,988.190915857611
44.94726767040507,37.42604758395587,45.88586501061398,34.81763741989047,1009.2739541902552,1028.679012225531,1011.4099034007966,994.408983319719
45.59755281601141,38.65867650174971,44.46663686206932,34.395897118215714,958.9965815349647,981.6664179378308,1024.4803958135424,971.2155453709111
42.330490142038215,39.81198712607437,44.28148214049577,35.72653145420619,986.5051388043698,987.9573607022161,1036.6436288268658,974.1091815885122
37.13129574083419,41.36123739876022,43.576237861006284,34.70802747909366,1021.6696569707311,1051.5269674806032,1044.524384778727,980.5370039165696
103.85312825245319,39.836568705614596,43.94768063937087,35.03842299883883,1025.4756554691335,1005.1913314568365,1065.6647714044589,1008.3667703594372
99.62925979837956,41.087838976701,41.09152051271186,37.56284835566116,1018.2014127673817,946.8788501681302,2008.5914974885407,1012.5511013134862
43.759550973884615,41.12275709009231,37.397227991248,34.82964795165254,1000.9829968420945,945.9714730852658,975.6989196162688,1002.6495770753595
43.805742855926766,35.568782357090925,42.47157412797331,36.523337953708804,1040.6091892736442,973.1684560495028,976.7471770395632,987.98865506433
43.92130568378835,35.476229399576994,42.973916543817715,39.01495718269773,2008.7916731680882,984.0778610082771,1004.728760164988,993.3165797584204
40.656239148743026,39.39795223908375,39.095033118378346,39.57363337502848,1024.5238564247572,994.3801849593331,1045.2493601369615,1022.1586601882466
40.37898619758306,40.82154932715513,41.16088729199788,39.14570552925392,1024.6469046754182,1998.059167328895,988.6928291309983,1022.2237398547832
43.02682395819116,40.59744253745842,41.789504564472026,38.34625868467394,1005.7091014940258,1022.4633034513417,984.4512760936175,1007.0631746456559
39.887571999472115,40.63293926400631,42.258038633244,32.11701129348556,976.7192491008805,1000.6059476364175,1024.0069505280908,990.9207217494352
38.71213400283795,41.32010390573541,43.29632762239555,30.213629341719436,989.233367489956,984.1670711351021,996.2009813634235,1984.8863961501397
42.848976797757544,40.99716869830762,42.72605551143832,35.08016545164733,999.763417055037,974.3375062099174,995.2798372811212,1019.3068725375633
44.07192898176147,38.38678922142635,43.888796702678604,34.326998782503324,953.5893476840826,989.9752433727131,1984.7044075794033,982.9524873180546
44.92248715548045,36.70496005351915,45.78994311454477,34.58468229627554,1977.9935892099477,1006.4052595336336,1027.5928415759308,1018.7332428718057
41.41241599012069,37.69979697895804,41.283631412355305,35.47173667130405,2025.8106692915655,1019.1121772016984,1943.6936816314044,1035.0177966398087
39.23098946998172,41.120087175719235,38.56160011773692,37.66481098774899,986.222741187614,2012.4054264803988,2021.8174814115384,1001.762324783258
42.7935387643615,39.543323744798414,39.37698370830094,37.473289636062844,1007.171788332441,1023.148569379048,1009.6810099067698,2032.257419609661
43.83596404590409,35.37754451988465,39.12433414301097,37.28916140966885,1038.7217008507437,1002.6586179226979,994.3776436944727,1036.0851767054062
44.0936295096934,36.4986017299237,43.30819102646798,36.44286524493867,1053.2018209326995,992.8243188253111,999.3536702229044,1006.2151273953514
47.48179452964092,38.658911756211104,41.80240637602333,37.58047287950562,1059.1420903439612,982.2857354872876,1010.5581907264373,1964.2690603454098
45.00208443456923,40.70555835046878,39.76842761960041,41.39221586581908,1022.9855720257607,959.298981440543,999.5960460657336,995.1626830237612
40.41735161946392,42.35670360966536,40.59517463992444,35.6987635766575,1003.3968464207118,1003.8635279808561,996.7680154216612,985.4692336006597
43.8444951189532,39.42313935098017,38.99105264737511,32.432864974681195,1006.9063457611899,1054.7058879284216,961.0756363442858,978.3691068839081
43.334790267980175,39.48584842623679,38.768769490387385,37.04887610528098,1018.2059075806892,1003.6518467300807,937.4495961889454,1011.8582329362974
41.36703048058097,43.455690781890226,41.84454470011771,38.525569697877444,1005.0796795007857,965.7893793401598,999.6013580509114,1032.4242575523576
45.01151814113055,41.401583432853826,42.0398028765557,36.12235884781049,979.1967173090505,958.416055387841,1036.9839801878857,1011.7625326688981
44.26482070075369,39.50503967038451,41.35834951087138,35.3032319262409,992.6373473427104,988.8870540178979,1049.0531933589632,1001.8612558344523
39.610107291700444,39.86852543559698,45.045289794391664,36.29739985734042,1001.2237508969893,1032.7182133495003,1019.2519506694764,1025.895924204755
36.35698307167505,39.77998791957511,43.96009276703488,38.65322198302684,1006.9997227939398,1013.7080620018089,1000.6561622356428,1046.7634649200472
38.50978656857059,38.549078730438794,42.96420784483733,39.64126251573863,1039.750352777994,1956.669026611886,1000.5226564707807,1049.6451758228059
42.15770567485397,40.594308584042786,42.20275507013599,37.52778433053227,1039.4825157269215,1011.4521757351828,990.7814500929376,1019.6298639126912
42.90825627021514,41.20766141327633,41.353060851366756,37.07675035224293,1016.4396580984354,982.7856770756015,1006.036291190608,981.3495375085777
45.11294469571173,38.71751600072257,40.42312438127189,37.76829094379498,992.587094117224,988.500029894576,1014.65739532842,984.694562992433
44.72612572376837,39.41704502826529,39.417673910672704,36.53000991758692,1017.1742370108159,991.9442946979958,969.2340300649782,1014.6173369914059
42.74837642757117,38.60126410900061,84.08753621001097,34.94460679904686,1048.1268866010255,1018.6245523396226,956.1912672581565,1022.9522766476833
43.21758974713294,38.32321797227711,39.02251874651956,88.53549398613649,987.2561766215088,1012.828359980366,970.8812441015182,1012.0753724906392
44.472533961501696,40.20852457330045,40.89771646641076,38.286977580891254,1984.6842115731852,963.1068664045492,974.242346039277,976.294125286483
44.27807140127075,39.00767404930863,41.5585647305186,37.53587869984344,1003.7335384632967,1007.5892978365238,976.2716094929135,969.064001278616
44.08356812603129,39.15306557034582,43.604636160926844,36.583732720487745,993.2345126552684,1008.1256155667784,1009.3888770369364,982.8595618207368
87.44670025814372,40.170518551621804,44.09910904852141,34.00006830978748,976.4367906835619,986.4338114720847,1004.0274446929332,967.2717471325072
41.86689646634411,35.05275513037464,39.94439229456822,35.91220542423697,1981.6538813398874,2019.7732506351565,981.922354620456,971.739355843881
41.57856386478209,35.009491538430936,39.68430897162655,36.11778241140388,985.3711166805149,997.1331013519755,999.8435893346062,1014.0745097649269
43.388223578374905,36.47864193734639,41.065259884361154,34.66084242068358,1004.1238213002847,997.7937874853972,1017.3156910171781,1030.538386783946
42.286059808877184,36.372983564400926,40.39776556352643,36.05542511301139,986.6002058936901,974.2673591342459,1008.2020364416022,989.810368211477
38.521977743351954,39.6096422102951,44.13179554177297,35.18201424628264,963.1255485671777,984.5096387859542,968.7882806098861,977.1941220073896
37.9366285961336,40.7866951668168,47.95720737440788,36.76526231482623,1002.6200176564455,1005.319908442704,1000.7220513874909,982.5874340256172
45.13736053314207,40.05436226331271,44.67001626860434,35.324827495332194,1017.4692941053872,1964.2576564515987,1024.3244367923921,1009.0469765424782
45.20178958917863,39.48159112763369,41.062668303163036,34.52997369773716,1012.5159911452508,970.7005676974295,1979.7681203111968,1011.7706953733491
43.524800974362876,39.37742595118487,44.331528516049225,38.93925140236314,1000.0158975252372,968.812193223888,1005.3161008973507,2062.4572767411782
45.48907541143496,37.67800370232201,44.89996636617816,36.17997968140459,2096.8925574249165,2045.9763764046222,996.8191363267462,1012.1323744235501
42.70008844509583,37.024953039839744,43.112918475564555,29.23337124009285,995.3882616366805,1000.3930215523377,1014.2983664650465,966.5189180243897
41.1795058114802,37.883918001718186,44.6590629640902,31.175803117721635,988.4411439776889,979.5438586853982,984.5968380405582,1001.7176075189187
42.49464631567606,38.07784995639236,47.94948360262924,35.50108589666111,1012.9023581265895,1960.1534940274785,1005.060327698299,1005.4945210992096
43.898621522944325,39.11440261982362,45.506159325272364,35.52554412025984,1055.1540916314718,1016.4937758526577,1009.5559936671239,980.0112492328137
44.616116389452735,38.400929382909126,45.86319471630096,37.09073291887322,1042.0995855093097,999.5007867297511,978.9901886507768,990.0231339861064
46.84366508013565,40.04984764126739,46.60694562420409,36.42631587476238,983.1880648347992,932.0958492040638,1974.1947861837816,1001.4256845479506
42.48564314722503,42.154089923137846,40.32904584900966,98.26330687260283,1009.3988911443669,955.3857209450232,1006.5029528715943,1956.587194873379
36.50117744551569,39.78463001119301,41.745203104023524,36.67117944089331,1010.6810638815689,988.6444926589372,997.8997921256513,996.7202349347463
39.85696902828013,38.9649792829684,44.09120363094623,34.95554474612279,969.3099366531355,969.5326836205725,1007.1769526996625,981.296816592456
89.30775828680899,39.02818884508774,45.676723293345134,35.02816783845776,1010.4675820870486,1012.6203770229542,1032.8635070963608,1017.6348332157988
42.51108146914047,40.05542860412986,44.219445564634526,36.68688746754816,1023.505467693092,1012.8612818233232,1011.6040223337017,1040.6921485141138
38.378710487107135,35.31577832461812,41.32949464049085,37.21324921485543,1012.3132635056015,986.6358297877732,1008.2527122749706,1006.3556849262577
40.61847678749288,32.70729738203109,42.44461153420478,36.32941297987597,1959.653722219046,985.4086108275237,1026.7559195456847,1000.2926632465051
96.20842604558626,39.71450865588483,43.72313169656822,35.232286849412404,1033.718157571202,976.5841835575263,987.602631992615,1002.5454950929923
41.20633231851166,45.424536442663204,41.977787720029795,35.578582015135545,1009.4742592814202,983.4626185955672,986.8795748197178,2011.2656597381263
43.78322036084231,44.34412316755245,41.5356974602752,38.02748174421395,965.993330868661,986.2597211545967,1012.0819995712286,1038.2310557969881
41.15432775963404,38.326545014143875,46.054704446384775,36.9604297255575,970.6147596565575,1007.8150121413045,1009.8903546975387,991.6494738870056
37.563153256836145,38.12922424062462,46.543641411344,34.47923801868389,1005.8567890800919,1024.2662272266682,1986.9702153934693,1011.6732579391683
41.07440842379627,40.43248208688564,47.87622951435898,37.07648576157008,992.9006439241239,1995.1599893207401,1055.3525081603298,2004.6394339868586
39.89161726747395,39.021757456363304,43.4083848426866,38.40957953326435,966.7972469849203,988.1018463744217,1070.9040277003023,1056.435557363268
42.62225684235885,37.90883368166561,41.40125859041659,35.71509591360643,973.2942845598258,2024.4614215870436,1011.3583853749077,1034.0202384969655
46.042998027448164,37.65246171536033,43.611270368861156,36.50497783756879,993.5778323017714,992.3080381226517,1020.631428393286,990.22457621066
45.232952063405605,39.03215585626671,43.69435551321202,35.53627082243063,1992.4071925367468,987.949715761257,1034.0488476364196,968.4512212275627
42.2755716113232,41.90924704286854,43.94205970252296,34.96384500089502,983.2369378007088,1959.2743131482325,982.249045693008,986.0962878921664
40.37837054105192,42.15027504342761,40.33459677680895,38.31356040129523,1011.6787682586444,977.2863936613526,984.7059364188028,981.1616691008892
43.43885940398417,40.92182811373526,41.96427143098931,37.59984336884141,1037.1977800387435,986.7809636795716,987.538843495959,992.7879600084445
44.50345133362147,40.52096791930241,42.59821096739219,35.06090845630416,1030.4003172089213,999.9394872492978,989.2126765227524,2060.5680579595614
41.93491779077845,39.27854490228103,44.67676671216857,36.07175905883432,1020.1936504743442,2007.6311507068192,999.9256301444528,1046.5381225421208
42.31346654652837,37.44367106539303,46.70459355364447,38.384055826057974,1026.456931158779,1972.431762049631,1003.7414867676292,1050.3888321005293
44.03020059512458,38.1196477004558,41.12775084265531,36.431038443469845,995.1910681201755,983.1623949792177,1002.8055456627504,992.0464302120615
40.16946360552322,40.70596123292327,38.806302816170906,36.03460772173395,990.2367664414473,1021.5971320120659,946.0139898407265,973.1477693964976
39.16739463219723,41.98827071072772,41.57689633822916,39.11380357787784,999.6234163747029,1019.3876009552939,930.4698161588732,975.6378508938767
41.306908069887925,40.074448459655,40.90438481640525,38.7392250061424,1023.8337476444196,994.9776602345756,947.0376247715683,984.8811101058191
41.565005493174915,38.59150441857179,43.31653748080811,38.218105024507196,1007.24972796563,1976.670721313296,984.4001075050378,2006.1369661819126
43.86906234042932,35.33283717169141,45.77259829830426,38.93227833464765,965.3280907205459,991.8269989446158,1014.2839787431769,1995.2468718580933
42.38753004575753,33.372189706120764,44.087306136250035,35.7822390892064,974.6069675266331,1008.763705216382,993.2951861406489,1048.6047034120045
38.839917702236676,36.045878813506334,40.20173855403665,37.631890578591964,968.4472755529315,1976.8014522585622,990.812738586856,1003.2925195797454
42.75767835425545,39.86350791340555,38.59821526643893,38.78948348979121,972.3782758817152,1017.4089262095463,1018.4835110444874,990.984454707097
45.47948481067449,41.32657580029305,41.722712599023154,35.64777205142796,994.0469003659,1005.1173963497665,1024.4286382897703,1017.5626469344313
44.2055452693821,40.33049181443553,42.68257566429222,34.29593463777188,978.4358251849554,1013.8100817206412,1945.4153955344327,1010.42993307037
46.56004835915453,40.4748450662962,38.66299394184621,35.75016227660765,1013.4777523586238,1971.1269693075158,1041.55719397832,997.7189781817817
85.14367344663528,38.53317612429707,38.36457840299653,40.271242975457284,1973.1453240369322,1021.2787422137997,1026.6348963602577,1012.8413522112426
41.395404538043806,38.950710482089185,41.386675347691536,41.08608314526127,998.5788585317366,984.7306777801693,1041.6820799695918,1008.6915544942277
41.841501679981945,43.48251884941481,41.577953875299016,37.3976081443833,984.4322612578038,997.9754730949041,1976.087803029126,1002.0263620697542
43.5889955516553,91.92838494409207,40.169355117023656,38.24659438186845,1020.4045823661086,1008.6889386961222,1007.8233264789088,1988.5124094792634
41.5911077128353,38.52125004881864,40.07575727491958,40.22223386353953,1027.513315010831,1028.7562598110308,964.1217243850692,1004.5485105606258
44.943724520120426,40.605497929973794,40.53239811119461,35.73358716926535,1016.154138082542,1033.9590946933772,960.8447839227376,988.6197749752675
46.79039522086012,40.42150090769367,41.0112233134583,31.525416316671294,1002.7062860459516,994.7971533348929,949.2267158395574,1013.4908969573623
43.771388768375516,39.9168682519815,40.27286352390939,32.41493696923005,2006.2778728916542,1004.2218020424431,982.6507094841368,1012.8144214867784
42.9144813129824,41.44250644444918,40.895803248914774,35.03800347971095,997.2568455919345,1013.6419873334562,999.8072956229928,1003.755959639401
44.48486038397638,39.65816228082139,43.50803984718573,35.430769864740256,999.046870143671,996.6753625742224,1020.5603236207344,996.1833337490202
44.126352808842356,37.947522697985555,42.86961013893628,37.078889057204194,1017.71817823023,984.8998723339274,1030.9296231496269,999.9550023545762
40.43310016315702,37.88798835672927,41.673270122043384,36.92298610049686,1004.0771406327483,1996.671338623904,1998.6448264084231,1009.4664409177603
35.80060827551382,38.53768296381573,39.364313948602,35.67079753591763,1007.2085204223583,2039.2984163690035,958.172310053,1009.9323385888451
35.572757976876204,40.89328767753378,41.82024377020636,38.4077147911825,997.733672543056,1966.2488233576187,973.1212938399192,2016.8489662950647
43.59499054711986,40.03371992961871,46.62985275421552,37.52034437143301,965.3538732305525,975.7040682109068,1005.6404427514271,975.9361518054075
48.751504348063136,40.40203921867757,44.956548679086694,37.75912532262279,959.0771828719938,998.7057982070679,993.9884013207065,948.1607751354536
47.64670247674445,39.13753959790078,39.52192879597599,41.68292371566997,984.3359682506807,1032.3493432074895,995.4425532215637,952.810860684185
48.53916776049199,42.97940033186052,41.29003579053936,39.541611790409604,1005.3000951188137,1038.8643787121407,998.1462817140929,977.1228199607261
44.09960595221903,43.63427700138037,44.3766237004245,36.666732637521235,1011.9478168978226,1047.5432855295915,1005.358897522283,1002.0470717701689
39.15598279413351,39.1224390363012,45.506975943731206,35.39990051521322,1011.4487311567252,1036.9349649367007,1000.5438880631984,994.086327441689
40.54196905447357,38.196707614254656,42.71710289697252,36.17596731408975,1010.9101786571863,971.9968323342778,982.1300842632608,1007.7347117371905
44.940914113710974,36.83411675836469,39.035558710461494,35.74377662952528,995.703384756778,1946.968215409101,990.0989918299954,1998.1360619794118
45.437280001759,38.03935533261288,41.44151817084965,34.94771875597593,991.3266402953786,986.3248420476358,1017.7227732014292,1011.1604679460299
44.37405679624455,38.23849366468113,43.09262789971122,36.60956648080989,1014.0940517446891,1007.0978058560102,1012.314945770848,1017.6373683127811
40.63300758518082,39.61129787401009,42.80551428537436,37.94625738360914,2030.5204586711616,969.7253635293707,959.0337300538949,998.5009552841525
39.131035692180646,35.7918678963709,40.17666502920669,39.41392292388322,915.674686051803,935.6282115680847,957.594581604546,975.3259367967165
43.3282961063811,35.18516826675967,39.53966951528195,39.876394549160835,965.8810222869513,957.8643159851811,974.4951623279276,967.8133384151198
43.502760816094835,38.936617259361505,43.4374845642296,40.802206833242664,996.325913002921,1010.2768032965737,998.9791331918307,971.494355605376
96.62014033641671,35.90670678773968,40.75951785673131,36.300183906414034,943.3591876581397,998.7655153174757,1016.8444623233838,1001.5676271817231
46.8270206400765,34.64535060134513,37.80010925169895,32.79884219079652,981.1029625537277,1026.2318146382777,995.362094422718,2004.0400855880664
46.16258486572514,37.2091944332287,37.822442643948676,38.783647492618655,1038.4685948053452,1039.6411140549676,992.7705249792893,999.0880520223207
44.12342048026893,37.9487356327543,39.824159211747215,41.51026845459549,1035.5630446452074,977.1065450419328,992.8073406729981,2012.0196526614152
42.283040479534705,36.378046008217524,40.53759319974641,38.86019645516054,1012.3838132892662,966.8730146689558,996.6901902479491,1019.2157727888741
40.45562566900249,38.5353973986206,40.23478166400014,38.312405861483384,1036.103673141736,975.679636217171,989.9879045151613,1041.9677497256066
45.72020507668094,39.50274402969663,45.37263449444781,38.40172959268625,1046.0032961443721,999.9771929483894,980.2171255235852,1050.5246232221202
47.9304787691664,83.29994677004063,43.72622016427337,36.93764469473038,1023.8840606461943,1004.5161831921605,963.4417225350551,1009.246746267763
44.35067379688222,38.69034334463029,41.064501921484094,36.791767622708036,1023.7944938544601,978.2337053086379,954.5542544116361,992.6037815365498
42.72683374883435,38.8218366894029,41.43522058060685,38.82875406338392,2048.7094219669525,962.5252839994619,983.2292966435974,1009.426764036371
44.00842996925348,98.53693371405235,40.88415764601329,36.91815251561691,1985.5578725752625,971.759367024042,998.1665364757789,1037.3573968104497
45.15573945881319,40.10058428936203,41.97935664043242,37.524250713302166,1028.7789565028843,1000.2740131461542,1020.4225752873713,1022.0959974094646
42.38621032441294,41.12900885646469,44.57910582056299,36.69325340671688,1019.8839471355789,1002.9134479828806,1013.455268630292,984.8912714578594
41.02084735184533,39.818901874094415,44.673091948727475,34.363446656075226,992.9974639876489,994.7718631378068,978.2192288635501,989.9124049684131
41.00037853215568,40.61185953322395,45.48063204948169,34.181031065219216,993.8475333927233,1019.8522882301083,983.1902333443622,990.6926537169959
44.29292449972237,38.0001549312955,46.65234080900515,35.90860023078933,1997.4477015568843,1034.1462208548496,996.5978804463214,983.0471487158175
44.688738678885635,39.03487547469359,42.66857828177967,81.23476164462531,946.8633598988258,2017.445704986637,1021.1047968363769,994.3363776468412
40.86467671800868,40.43749322044308,38.84698811963659,37.05594625023611,984.476665748175,987.6104178323426,1047.1779801682183,1033.5728984607379
36.83665302810948,39.68086366085106,36.00601701799461,37.40995974899755,1007.9680208762024,1009.6697239212735,1979.835911028407,1037.9424413919678
36.96402257506482,40.97585826330756,41.157399139849446,36.92444111724445,1021.3887333341354,1023.4812474219079,2020.8882191832865,991.3626879217001
36.37353731674917,95.20609793081252,44.441290952403705,34.295527925285654,1025.887658218719,1004.4604180291929,1028.026813896894,989.0641157541747
39.698259502875544,39.15308888524795,37.2660448099912,38.27523324156486,987.9917641217892,986.2261999195193,1022.8247716219571,984.9270278984523
44.01012434053342,41.82604635199607,37.153932684315336,40.1652352627733,993.4615092866281,1002.0884237473407,2053.3118598869787,982.3496543282595
41.62622843562262,39.19566285650089,40.91748728061205,38.067226555139165,979.7364792861064,1002.3608187426946,969.9266511724576,1007.7181935866752
41.04285038476162,37.45048268753371,38.63942730632358,36.02735494987445,959.3572352381249,994.4005007416558,970.8625496765923,2038.9980032693704
41.79594534980313,38.38910542758315,38.84415904118632,37.147976255903714,1014.3520793198014,991.6136868254166,966.5854533899758,1015.8976081620382
42.59144968612795,38.705030824266515,40.952099809157644,41.1209925629768,2050.6372838395328,985.3935118764781,997.7918710498463,1040.1972992211722
42.897863593656965,35.16485822266155,47.710597721685744,40.16805865649477,966.6280558851743,1001.9692492934648,1035.8197176905173,1000.7175342995624
44.87186339609234,36.371088601892936,48.59557678401903,36.66412567726809,939.0144189758475,1014.3058773534583,2048.0208276764374,969.1197154384547
48.70144364089258,42.09139451751753,43.138418139235014,36.581928795012786,951.9158792015074,2016.1816552009345,1026.6312742079026,981.0818780766781
44.73763567510888,38.318140824444036,45.08858333443955,37.4897319830867,1950.0592983756314,986.2713949101894,989.5018651444441,1017.4550431160193
35.0873001183926,34.38762145864855,43.675385408746294,33.265441728648966,1005.6026304096074,990.980794733727,964.8366053021446,1007.8770639089041
34.35910522889152,41.785191727568375,41.9206455990154,36.49080168465539,1039.3476322502534,2000.9766281603909,2019.9155815992092,990.6313800384778
40.78377227993583,43.92149713281597,41.49373309432669,85.16044960092799,1002.1707871827213,994.0955913974899,999.6073174639708,1022.6315076487479
94.39053596572208,39.03537148741003,40.58630533723438,35.35613498725424,1979.9140720256885,1024.843761926093,1996.2667714679412,2034.7574414612816
43.36164929789014,38.87619596958315,38.97429491922932,37.340942059213475,960.9086962877875,991.7274673199267,988.4369398315337,2015.8110735145501
42.21701232347982,41.94070814060758,43.848680704166966,37.093505282493894,976.0933165999214,986.0002132630675,1005.6379699571936,1023.2428029528141
95.11519402650525,40.49369940877962,46.50823337011573,36.769420048393485,2001.2493994273998,969.3104474081276,998.5557107105869,990.4297440320723
41.877923319301786,40.862197599877135,39.65149447163316,38.57695995996104,2008.1493993170968,987.4697688883856,1009.399911196768,978.1021750171204
43.70025755536999,40.820938249216496,40.20253315048622,39.30196505058552,1014.0729138441368,1014.172788883621,999.5077216845132,977.6850095426605
42.250071293591745,37.95137896428678,42.409404758705726,37.79074014381888,1009.6111639261237,1000.3311403113003,992.9607972583716,1000.3279062063066
41.45291346761038,40.11832118389019,40.272058394397014,35.980312534773844,1037.2019599858015,1009.5689341357595,1004.2924160339719,1037.512336148496
42.94808671849391,40.61656340376515,39.93673835449283,34.82350517749577,1038.5123402053243,1023.2652041628687,987.5944160689037,991.4445621427931
42.49341706493436,91.19072289760584,40.864077744104755,36.05887784371262,1009.3401887895438,1059.0891864363698,985.0777976249365,963.2312648041459
44.191840369362374,40.982722258038905,42.74281290143088,38.29817958332376,988.3115932988915,1065.2503666159887,1011.9958993996677,974.224894951322
44.18167223565381,37.4046757476321,39.14001530361457,34.936720754910475,992.0763408247566,2014.0354390826228,1000.6956621041974,995.174710606729
44.860450734970904,40.67814915076839,38.10139278210481,36.041579906603616,995.1955237945649,945.2404914932991,1011.1878744040123,997.5672615427154
42.55367793065988,42.37255582717625,43.63451878076096,38.79846622100112,987.7869330535502,971.7003255420359,993.2339637316802,1002.3256649476381
39.61269631920622,86.16879091515207,43.60868676014776,35.15417438281892,999.4388829137833,977.5713191294573,1995.4543059754205,2013.5502780598877
40.181018345159586,36.55324425917085,40.473465872165086,36.30437162018846,987.9872606542613,1019.8126615597407,1044.87263260469,1001.9015401795232
39.421545463857406,37.43718952870456,41.29296003180123,36.873030176868866,983.4527694029118,1058.2722957530452,1017.3185758559711,962.5596248216418
41.28644107979224,40.09589270583727,38.746922497398515,34.81505996802254,1008.2749079255469,1042.9473645897515,2073.6252931894696,971.3131894700826
43.035605725245,38.667996461792896,38.227292826349725,35.79508089419777,1052.274470961434,1021.5555505697253,990.6529906751516,1015.4708845877572
44.33398978157123,39.26972253226902,40.32300289232764,37.26556590857834,1052.0198399366618,1014.9471956951535,1972.8154977590973,1024.260761861184
43.52314932549611,40.738459122621165,41.73304696102909,38.31466890921662,1003.5803425999188,1001.3213323006523,1974.4867651812353,995.2981615593079
45.72584596619983,40.97856513206226,42.70399077320447,37.05805939269435,1019.2179975986342,1000.6871763724744,2017.845189586033,1012.1166118812669
88.05355638986858,41.04715168620406,40.45337772738455,36.25024067699479,1033.7487633829064,1036.9645914232701,2004.799359880926,1009.704056616383
38.68534974974973,40.20557063337124,38.841027225870604,37.24313043455794,1006.3529907028892,1026.316862717626,1003.1313434262838,1002.1617087339766
42.77650970947282,39.54829774135304,38.97681741322068,36.53234334186975,988.2316587859216,1016.438525889283,987.5932989235714,1018.9182054111043
43.28877265254596,38.738587552701034,39.088824362713076,35.212580647351615,997.3645025650667,999.1614475354767,996.1959169939396,1978.2993726907064
44.39435604464539,37.753732748891466,39.24282308322315,35.64898329068444,1026.7901272104154,2031.7746539501,1038.5265248647984,1039.9300536639525
46.04949719968238,37.15637377388742,41.00781520563809,35.54016686786062,993.0127120532964,975.96481656871,2027.8895932726093,1047.0496766776016
47.85293197851132,38.10018811037837,41.76569299211501,36.497032497430865,950.8842309745442,2032.021330543404,1997.5797309531954,1009.0263116896233
48.387789399093066,39.25685580128944,44.47524823201889,40.021738526792426,1946.3168936959303,2018.2448297335209,1019.0567274510788,1016.3932789512339
43.29414439862373,39.80293640224053,45.97016440430654,84.56172087057789,1018.5439004657983,977.7761028064405,1015.0495342281355,1018.5336519864343
41.86655168571075,39.85227231949778,86.85498705373351,36.99105312956171,965.6930084605377,962.348855538198,992.146629747567,1017.8872609091347
43.22545573071526,37.01109565023759,40.734740698285734,38.331026465626074,975.9093488059085,995.7258290260631,997.9972123311913,1001.9211596322318
44.0209470586279,38.33241517796214,39.058314661254,36.721753007225715,999.848313994697,1001.8863030793872,2009.322953534558,1023.3638588491146
45.47642585558265,38.991801182090896,89.93920826184109,31.998187459321255,1011.6776355351901,1013.820490977324,1043.3107636456352,1040.5488458656214
43.93935596801583,38.73359462644851,45.38021673992339,32.52083086075027,1012.7088747775022,992.9826776500806,1043.315997415464,996.1619465274929
42.69232438495451,39.45668590122462,43.04143030107494,34.367594642623374,964.8927762788913,980.8356982418961,1024.3444368526652,990.6447885880447
43.831898875574694,37.90735327607199,42.53104826854447,34.18494610309203,2014.5039084899092,1013.7291122247573,962.724237423442,1004.9684216477993
41.33064123830981,41.766382926584825,39.160643859452385,89.76722124583947,1008.7064041933081,997.0530892972188,980.8743555815472,1015.3377135853964
41.604934075545614,42.9743377524337,38.84270450202979,90.05120461364854,976.5573485722919,2054.605159616446,997.0823473839229,1006.269037546451
42.779416230926735,39.52662883838924,39.86883026475446,35.243656244389136,986.788373654621,969.0886408421497,1011.2020347135777,999.7705355864571
43.75507931610922,37.89375139880736,38.59235863026029,34.74551387761358,1003.5995165537659,1001.20446581548,1035.6381689212235,980.4273400532621
43.42585568651084,39.59444253646467,41.130661290910076,33.39030111885657,989.3563468316997,1031.203164203423,1035.3068518178568,973.9716060584366
44.0654240174676,88.6169033875114,44.02814369860154,33.054342375952295,1989.2847823219984,989.0782114960962,987.4008248426708,1005.2743091968716
46.248280800371816,37.60039314341185,43.35044365279455,35.11521845041305,998.458905902761,970.5612599096578,963.0314001156714,1017.9114999205347
42.38274132312468,41.38931558051037,41.8091954548394,81.15384875881742,1033.5468386461691,981.8346664668104,986.3600738433721,1029.291678457288
40.49402216323347,40.11520951319457,43.10453138877331,39.4362159443737,1942.2703326099804,2014.8107798457852,998.2885710060211,1020.4015197875807
42.01246990469102,39.75573385453686,41.68225017229194,38.128406134454124,1967.6272054613298,1035.2970776984298,995.5025798910399,993.5635461212717
50.88158182250983,38.62398954227929,39.875294427485095,42.729455721159056,2044.680704120609,1003.2237619361149,993.8831574956921,970.305584534507
49.920710727795715,36.412673136082944,44.42337459887174,41.62782444755214,1004.134001830962,976.5181801389544,1005.6802057718094,973.2067490882707
41.60966240863681,37.409606855087944,44.74291831233084,33.9221950804613,969.7740521577582,1937.7929934694998,1020.3039113196675,1014.3452135933104
42.08463670071821,37.710072602692875,36.02142831022597,36.064166136191304,1022.3241373030745,1935.8040735954146,1014.9307174318034,1018.7116633131023
42.83806423348068,37.785266663850976,36.719828682443314,35.754129240894486,1017.9885015024911,999.4171700637312,999.6421851007283,990.9928253236108
44.547921142681176,40.68229890543739,43.847678624023594,36.86262853066103,987.499235300693,1003.4337452232244,1010.5482697872872,974.6754699310499
41.39944748352151,41.8758397877655,45.13013364409103,36.62928325096671,997.7270869946002,993.1111559021331,2034.669767445602,2011.490440054002
39.430901487069136,39.98313271072476,47.60993735251246,32.69225253901514,1995.864547613272,2004.6677873518709,1001.3313653748235,980.1786505517498
42.85874770030013,38.29274303081707,45.15175995281399,35.30952644094046,997.7583350073792,980.511516580623,2002.1476640755898,963.9446798599616
43.215960555754556,38.50092312314524,44.27704537541716,37.66728745957161,964.1599935735499,1002.5302315958437,986.5538321577058,2009.5282878928908
43.34284998141905,39.7372667179193,47.003263695289135,37.595708636767,943.1386953285396,1000.6036516569178,973.8420112717654,982.1838357015505
39.84328638458432,90.37434500723693,43.68235401349961,40.85494815307393,970.7624900030814,991.93197713574,991.19435442967,971.0896493772877
37.06207493853775,40.016907999853885,40.37080062395307,40.29205171804594,981.3112812944256,1003.7360429236336,1012.0482410827253,1001.8401208604195
36.636369074833084,40.54120264685457,39.08835544387449,37.192539440284406,1012.952642964379,987.2252533597682,1030.1482088809653,1012.4722644001766
33.281862658058245,40.52207454072379,39.194561563518036,36.576319702030695,1959.1283768176602,1016.3700055759518,1012.7528394750236,989.9819663416293
35.932468010319425,38.951588521629496,41.03889845912613,93.9438653271161,995.3597659381317,1018.7942123138569,993.9411093579665,987.2025998093203
39.222894775871936,36.92903267436698,44.340846660487024,38.39594550130029,982.9810189497946,993.042712285461,988.3505158070825,999.6365756849743
42.656435203043074,37.88345011111504,40.53495442499394,37.6531128709499,997.3297726943291,995.8104694329063,956.9441060889186,1002.4811626041087
45.66155428341906,37.458317031344144,36.90595026713372,38.61708974502707,997.7137671415906,1017.6338425506398,1015.0269367682238,992.1257438254696
43.64696115543808,40.23161378257779,39.91093016170231,38.94842423253766,1962.09507473381,1026.8087500312859,1994.2237328933875,2013.0801419156405
94.2745882451232,47.76555539730526,42.978408151695945,36.591770479660745,995.3771502249663,1017.7469573427667,1011.1197990426468,987.3895527346149
48.45575727556774,45.93001133224965,43.660619844995146,34.55972588847969,1019.0604957388531,1021.1310180765167,1960.465364007702,1007.6748091986923
44.60022584551325,40.59810934719387,40.556563807895756,38.32344046125533,1006.9728640341955,1989.7250661359667,996.7755139050287,991.5857365630537
45.3849593831349,39.70593291297786,39.815711896460726,40.92476119393363,994.6160544138236,1000.8194970704326,1000.9022961647889,1021.0131726042491
50.8758498172068,39.76393438640967,39.85714307457731,37.475448995697064,999.9637287443452,1026.9899617608517,982.4164000356757,990.4806844829232
49.79792133432603,38.3460688352944,39.57344911825443,37.541695877369136,1970.42037246307,1990.9780859409761,996.580939056123,979.9173499301156
44.101865456197224,39.58703820658567,42.01168228609859,40.15552180326189,978.8079215535595,1013.419441562638,1009.1550463542153,991.8427560448466
44.60656909265588,40.39997352805291,41.93646239925562,40.93270980152164,1990.625106648567,1002.3741144874174,2036.8321880774174,982.8866103397597
42.331452369502536,35.99812681281196,39.886525036706296,36.56810602866498,1028.6466751114426,2028.8148639592787,1064.163753418133,1002.8610597971908
37.01832430751686,37.19112534704401,38.3952512045514,34.40520245492245,1040.1336436490938,1019.287826235641,1036.5006095010583,1006.9057747610376
38.986488055449044,38.91291554901255,40.90967830516642,37.03055302851479,1027.4350760948264,1049.704072802505,1024.2652009778233,1013.817217226313
45.99045739253164,85.0574386267461,44.31115932958378,36.393508581739155,2014.2098859361279,1035.5980995207713,1013.6875938291457,1048.6848417217439
48.13418750906217,38.76554336118294,38.89791360331448,35.51113237890172,1033.470661275264,1026.5036400132806,1023.8233044633603,1042.355483888939
46.336941872688044,41.700207697210864,39.480998898383035,37.75054837174946,1007.2856471005551,1013.6226209887731,1054.965254936094,1012.0492992594804
43.11632410929913,40.01218696181937,44.402325936558974,37.061743236314896,1011.3397346295026,1017.2603378605277,2026.207889361368,993.2487957125837
46.12586550292401,38.562970277878875,40.34451705165974,35.17160976495012,1025.6738938140766,1955.9317356933475,1015.1169179924134,2049.809883926362
47.795197726944295,38.21710266605343,40.16787232574511,36.31712793433101,1003.3900986498707,2014.761212405574,1066.081682948404,1022.8267778524439
46.9835277988207,37.934470699657055,41.99576190440351,34.767383062736315,2080.8183026693655,972.8302968522489,1028.5872594542634,1958.653469762814
46.514473047768675,39.620706087488585,42.24099702614529,37.60313259635943,975.2193122628336,941.6183531140005,983.7858388910903,992.5665436268216
44.329735281748384,38.32825467031314,42.67759634591684,39.248184383872,952.5002293030063,953.9543030707382,995.532053371981,991.6413122030513
43.77261376071249,39.091278952786524,44.18112419306797,36.69107441389125,996.9925520550847,975.7001333674904,980.4170948320962,1023.0419232070013
43.621596494262775,38.069680892423136,44.64787788404986,35.95928150478913,1014.8569659685427,1002.2409163729767,988.0496372577991,1020.3200368398732
43.14220729373881,35.11037771184982,43.609643512022956,37.279651732129665,986.4062282513842,1999.9312164882476,1001.9935543880207,1000.1078514160902
38.369098822310434,37.46133925812305,44.42431395705282,40.710785030477794,985.6229923786935,997.0650657598462,988.5259627944115,993.0977012865856
39.63400159208722,39.648180320488706,91.96718367349598,38.64859133927412,984.964207338058,1027.54847130881,1004.1179228184686,994.0936249936462
46.48754095822029,39.08606724709948,43.679013356185564,35.50049816054726,980.9000177554592,1003.6010615170967,984.8071238400117,996.8826654996847
47.329471775384064,37.7276611308408,44.322651066524664,95.6671951152585,987.9239050720723,966.3625660091395,987.7011281545391,990.6819009547863
46.70271887323477,38.45999231325108,41.82264121683886,37.36272368255638,994.2851216565388,1965.521651247668,1963.0443301338667,978.0855736505243
43.89293262939755,40.307325467011324,40.80697501914467,38.208218015872255,987.3041944269797,992.9864009077586,1003.1749546753178,995.5726258662766
43.52508212573021,42.23303506478217,40.02952859296914,40.39001649971341,974.8131692719369,976.8840335690342,965.6592137411733,1004.8703910190295
44.172424380851,41.172557334185065,39.312868493450566,40.756048254833985,989.0747532440267,995.9231443270959,984.1038649753139,999.0226519156702
43.34141625341226,37.827093314201825,43.3738780771456,38.90289643682863,1023.0282718178898,989.8108574086862,1007.9928879678451,1003.5164288343085
43.72285924567632,38.93847963298269,41.62891694759958,33.97043496095296,1977.383248045601,994.5395497979229,1967.6003471154372,996.2449785245433
43.25071851161832,41.01387169176783,38.41380427156634,33.677744736234445,994.8893782792069,1008.0821371738903,970.6745682656208,1957.6639075980297
43.714002691792274,39.907868273813534,40.62846837724264,35.31617812100254,966.425461947032,977.6382067460688,967.1270088694653,999.5246253055723
39.340701831549715,42.26253969596074,41.5982424010768,34.67027139709417,961.2059160079596,977.1264705058975,1038.3149596053847,981.6258804730116
38.467620309688215,42.03644231622166,41.61634346440593,36.4569779166608,1002.5367347631943,1008.5507612944383,1005.9206561252402,965.4392692915623
45.69147246755672,40.371210599241465,42.31859311346568,32.893544089529385,1010.2491345957121,1015.2615227959434,987.6631966709801,994.0114397018176
45.39780815372294,41.42108541571813,43.33960360644388,32.157563601817515,994.096636611568,1018.5755481528545,978.5299044848039,988.7945411704915
42.6002133028539,38.44853172449351,43.08604513458843,33.22316940707792,975.0078634827751,1009.4659849549901,972.9922445567929,1015.9891462655507
48.19584119735063,36.28962834582978,43.91175456084727,33.00052049918388,982.1829788671973,982.5423777203644,1011.512804004064,1010.4221081455262
46.134064821874574,37.573287832541155,45.028829244077556,34.75677259162366,1025.866040401761,1002.9085164969315,1024.902625738394,993.8022062796208
42.84045409985581,41.80418866994232,40.52816667154408,33.73950324663615,1020.3984198966228,1020.3627814794024,1039.0354794714008,1992.7550515322896
46.475880937698335,43.22311340888964,42.85095484689821,35.56641473071326,1006.5958180017011,1994.057156546722,1946.8319262498733,986.6953977439457
41.00666268053784,41.275698914394084,46.972347535589094,37.737209371234385,1000.6900708388682,1010.5545438163647,1985.5755476760564,964.1884799831985
36.65902018370194,40.92536636420185,46.03514901435064,38.26155323427189,1011.1189458438586,978.4970096215851,984.0174712377931,971.3845022127587
40.29881714395512,39.65627899966468,43.42864033517496,37.87620169902671,1018.6203981892,1980.7811896241903,956.302591869718,1004.7275569532101
44.786410608633915,38.41862357800719,40.2412060456988,37.35148944129045,1015.8868716199424,1022.3424937530513,966.9723493414502,1001.7961645526349
38.169189515405314,39.24963629994819,41.9148044706622,35.137922040264336,1036.8539821560883,1023.9332365208204,2001.8871494142543,999.574850095586
35.832219990542875,88.60217739969113,41.69793429466249,35.81631730187406,1054.275990045601,2064.0457318583844,981.3921343344858,1022.0782904433195
40.391213317053015,41.60660810745974,41.41843068899318,39.731804276382675,1015.4227802559651,927.8054835257844,1019.7426794921789,996.4951690730768
40.775821468027694,43.805677172047176,42.46383426987033,37.591467007538256,991.7178595940366,970.0249643667089,1038.0848833412288,1983.8409423281955
41.373622879543746,41.56930056770581,38.97521919296769,36.53806622527595,993.9908943979132,1021.0960012094815,1050.924666941521,1003.8917251397586
43.023659809669574,43.284338479396055,38.74300742563135,34.14330510337444,1031.307157124762,1011.5969965200891,1029.610908969162,990.941082355328
46.206899247891315,42.97456511098572,40.69315554328729,35.657839076044496,1027.1410008916814,986.5682915686973,964.0155170408163,980.3839873272257
44.77150054363929,41.28043787681979,89.37477251576551,39.29394074365586,980.5745839892736,1992.6536307277074,986.1205614919588,1001.5210360568217
41.29094185981154,44.14861859642544,42.942640341486225,36.44096331669042,1002.0617826342635,955.9726241980726,1967.4225331495447,1003.7536700583391
40.030386948083475,42.720845134948874,44.156570571112944,35.24217436618734,990.1292090271061,967.4337511645525,958.5801005012715,1010.8424144146597
41.053943592969034,40.85021591704596,41.29154786705136,39.87388172810483,2010.315101281446,1027.2620393385405,959.7272769898411,2007.7283157053207
42.70594020896566,41.755201489610585,40.459989783080744,40.55981147047655,1995.8883767828534,1023.5594187211559,1971.1791311147601,994.2331230804284
42.25915918717,40.53600459248271,39.103889019976336,38.36944417985556,1047.1136224108566,1980.4624069605509,996.9708374861837,1019.3219893503431
40.81680851966929,42.12480869366893,39.32159403671276,43.10480355738608,1033.3390091444444,1010.2666673277329,1007.7045832272725,1024.122721740362
43.35968554406153,43.47110890760352,42.57589923907655,42.92786662029232,1005.4355295997714,1008.7139171002925,1026.714926835399,1016.0616345124586
42.84772570248876,37.7079540551085,39.21457534054818,40.88406520101124,2030.5420574502475,1042.1465504775265,1031.7083398586833,1001.1352621690613
43.876066086921114,35.19985732297877,38.08547514554577,37.90078452736549,1015.2665157738684,1030.1878258357387,1014.3922050070541,996.5841063664354
45.27939559495695,38.28375423357008,43.67066614106318,35.078617960695674,979.4568191773801,967.5969949551071,992.4920400179249,986.8393114988726
43.27993422422361,41.64591700422933,43.174148512930856,36.734383753521506,970.9346034060289,963.2197167388514,1995.0387430052845,988.7386790624103
42.79119641819108,40.04115667407683,38.972375368310914,37.92213767677231,992.821436920755,994.047266769335,1978.407333128353,983.5422467551061
40.943565465523804,37.22138734274247,39.920043963724055,38.01354110734306,1031.871776511582,1011.6779894246147,987.6068558427155,979.0024287592046
38.687149853478914,40.26422698703854,42.82874736588205,40.192771030860385,1016.1932506381639,1010.2265582259738,991.6791643393165,2059.002901019419
90.25018864780597,39.87126735995993,47.103653324438106,41.463181416616735,975.7208355507673,2007.7932862958107,2017.2908288160872,1008.5892298499521
43.574620165732014,39.121194493876644,45.020555685400424,36.7554504081054,2018.4919344068007,982.1842145950427,948.0573271253093,1013.5784828241578
42.55099029278812,41.39912059988342,40.13137964142561,35.007803870648814,975.8962949924963,988.3363157498293,989.1065745464919,997.9238334699517
43.62076408086985,39.7691454843976,41.40843412307995,31.71812139571982,992.7825170510025,980.8089758561429,1959.7419060860655,1034.688755359264
44.53891798007025,38.37208430212696,43.904369123475234,32.461630332165235,1989.252113685398,990.5958172251761,1993.4242090245534,1043.6065918424615
43.490404776248525,39.36187575298017,42.01796104586535,37.803883482958,1019.1077030554168,983.2434239423085,1005.4463779976026,986.8729510925443
39.639895477681755,41.51832757011167,41.502350712948854,34.928117791800474,1019.2550216339547,2031.06186881306,1010.1845815977347,985.9866137076087
39.97484990035073,43.60503268705208,43.99266199881224,31.583157674793547,993.5479896232463,1948.191543630415,1998.7620171160968,989.4193107886017
42.93354141137614,41.5661085540644,43.869325359788654,33.28134824712012,1038.7694738823636,1016.4252059967794,1020.6096226884353,1014.7342825573751
41.47412059000054,40.637004084982806,44.833052442259714,87.4818858080519,1052.6494488464632,1033.6350876570607,998.9053305580683,1021.0146176655387
43.170125128558894,40.494821423394235,41.61613333336437,31.571770770499594,1022.5154303348045,994.475846291806,995.3681026412341,1001.6546768256173
41.19134230404438,37.95764140967654,38.73058539330846,34.52946941718227,1025.5630589504597,1008.0740959327085,985.069956854486,1025.5126249505447
38.452410912782035,39.98243245135836,43.137885758602906,37.013514124824894,1018.5477277465444,993.5825680223661,2029.6934862481974,1011.6039252324275
39.72656262840938,43.068846362317146,89.93271347187182,35.4496712517777,1023.6544637907923,948.9216179340773,1990.4827914521388,1936.4471535351636
42.173285659697704,40.130808392291826,43.525405718165594,41.09285407738683,1042.0126406095492,951.9780613137241,981.9166494286665,979.8468669313171
42.47067291089312,37.93594588860711,39.59855613440675,42.761939378446954,1054.3424582583627,972.2239841112512,950.5352925453018,978.0148404933402
41.4641787687598,42.33686449052565,38.15192124387037,35.57811818480616,2003.912588049772,1987.7521145665567,984.6749819819785,1000.3274799958897
44.14900146890845,43.88939536751198,93.82446553044898,31.794708127878966,1042.614481244656,1002.6670594301395,1001.5013377076484,1018.3973506763332
44.44359798222969,40.32129766818494,40.84201058689944,32.47627263069733,1012.7742183847072,1001.1242078382706,990.5377214635492,1000.7662849111964
43.44695729885456,39.21399011994262,43.37416883183177,35.39041930542395,1000.6862224294343,957.3928833284255,1015.9857106695731,976.3380033511769
45.37768999999472,93.73556176207335,42.88565710381923,38.0006133305441,1978.2795871524531,979.53017960227,1004.6357999852855,987.9242247502852
46.36636449229759,38.2968121683507,41.08207096239577,39.422622857741814,1003.1030221404884,1015.3517112459526,974.7838157237308,1015.755187268976
44.30006526684167,40.58750695051582,44.4699788566204,38.31721399185382,987.3040367719873,1001.5569415598252,968.1366948366244,1017.1405806279059
42.496445917095,40.067688895910095,47.76265339484342,37.40585318209461,993.8197810062336,996.8611588742183,970.7059124197266,1006.7679448091972
42.73501167350254,38.419218794731385,46.932337882886515,35.624591055059646,1011.73015074466,1016.0692046740537,1003.1497136794193,1971.9931860236504
43.03132728230029,40.27087037106814,42.69646700331262,34.373685565919175,1050.5840736602813,1004.3596461710099,1023.3279297896964,978.6421476555142
41.85824935882426,40.33521749569742,41.88106238086267,37.10206609590512,1028.7533142025718,979.381441861275,987.4364780491059,1003.968793114188
41.611311648218646,40.334309445133115,42.57318446318524,38.17771521649541,972.6068873664403,949.9438536953523,989.875371864969,1017.2018253589173
40.4695941985573,40.17179681495235,40.75766174792297,37.76126272057073,987.4567794394691,981.9336753730719,999.5521713482618,991.4836152311577
42.99928650850937,38.49789859332665,42.76069344203713,36.23637741473545,997.9666752585656,1013.987861888417,2000.9709045505956,1011.1399308247687
45.18073986866444,38.28049121652923,41.69695161978251,35.62737003503494,973.7072702754278,1000.4998057088337,995.9473560186818,1004.5922206711662
43.00067382870593,38.06281757209996,39.912790956101446,38.337818075796605,982.0323889504584,1009.459776400131,2037.6414191055428,988.6351201476141
41.50711872034396,39.14265635294423,41.63985749523077,99.95406253256141,1010.0853158701423,1008.9377599249724,1006.0940165480943,1016.1860315844137
39.25463931891609,38.4838988174927,42.04323915583546,41.40728717547405,1002.198293207683,1011.1529248012006,991.5691902614598,1012.7185261835206
39.49457534497533,35.704201416615795,43.2194381412459,38.40040761079021,995.0642762741309,1003.2865285988712,966.2826259807473,976.9911857426498
44.27573778042912,37.09948268069361,38.81642159142234,35.130696819999436,2036.3274104232635,984.6040360804784,1000.1761953946275,955.5791814639854
46.28320248131169,39.062005895522425,36.89131144250209,35.704219874271445,956.3032185245179,1022.0752704948733,1029.3423750248935,985.9461697823858
45.57682875505887,39.47556268033443,83.66177509059361,37.770204798200645,988.5212615481181,1984.5949289197526,996.4649159538416,1008.5936057200574
43.05978336917217,41.29332873342152,40.96665201136934,38.6022462724528,1003.3832743252318,2012.7040034307254,2035.6437383018686,1002.9537907063985
91.60465768845766,42.86896735496744,43.227457679090264,36.896295185676735,998.9956129816924,988.2280913189227,986.4070595581834,1011.941771169106
43.914563462269484,39.38252842953811,43.55061408335894,34.969312224913295,970.1081976893356,990.9789001997577,989.8519853892369,1016.1775058889739
41.106534304136204,38.46658021173664,45.398248976629624,39.370225808156746,2015.759497367655,999.5669133378892,980.9988098981171,1001.4837794000421
38.48029493115205,39.51710107417779,43.45281743178792,41.09650166954716,1004.4060622294024,1042.2662859826378,953.4770234668212,974.2451952344372
38.499385992081486,39.58380784436913,41.7378979745003,33.83010994490419,1005.7543207051319,1054.5257865754174,941.22656420756,972.6379848672314
38.17052758700207,39.69387293209425,41.85691158731626,32.60326476590879,1013.8680390457025,1018.0296807760683,981.4978443886087,966.0508309247421
38.90902433186829,38.82437171979316,40.550136629759336,36.03001952258364,1966.6838326185853,1008.7655286379074,1003.3723848299376,968.5588117647587
40.912051985536124,39.55290591519709,41.625262936710165,40.9563328753175,959.4670962932483,1005.0701534535292,989.892942908695,967.1694104182618
37.902314172059235,41.193198315142595,40.88715524097981,40.71688741160847,958.2741329019088,1989.4767987185148,1019.4431887786013,975.2987720590654
36.71194182436898,39.13239725456657,42.36943873962709,36.97774008835566,1004.8843018641488,999.823905903061,998.812430124917,1008.8603728719686
40.087883206048645,38.07204255192879,43.37143029547401,37.73549820717689,1024.8995878687135,1024.2513841997095,957.0672985958838,1021.5049146232691
47.507563788711465,40.47622871571635,43.600109777943516,37.29708746431761,995.4063333514416,1003.8157976280083,978.9089039448381,1990.9039025388724
47.89993961092573,39.52971911296984,41.350836185809115,38.8583759628077,993.2771772607712,974.674508681904,979.9728769034926,970.9067839648635
41.470064554812154,39.71282442366521,38.06712720645945,39.04560582331042,1000.1261150645961,1014.1746532543137,1955.0560240870168,983.893110213365
44.827366606935556,40.17452207508104,40.10290640162137,38.44172318101884,962.5719888225389,1003.1170442143,945.0296299220881,984.3655180049082
44.33972505021397,37.86868446608696,42.92102189207867,37.70454609683593,967.7979719696114,986.607716686373,961.1252385831149,2025.9660220958926
39.14238117516605,38.60793110004328,42.45375965049668,36.01110812390713,994.0799824255539,992.074744879864,981.0351852444326,996.2244001437396
39.212566011378684,42.67934667078481,41.704520699730026,34.99100949134153,1019.6903876292903,994.3279136191376,1004.5277952862187,1031.1476200715497
44.5140490502304,41.61700204361847,42.74983615504158,36.71438460630225,1012.3791050285045,1001.0482933200724,1014.4030774875571,1022.7152997742891
46.345999205861446,38.55004332380031,47.48766372746553,38.72484348920726,992.8011564931089,990.0179534188319,987.3401787103275,1014.124788320865
41.40775400138158,39.4300617766753,46.94735070809914,37.46907812461538,1018.3548586908248,992.6024854580346,971.8297926289363,1000.2222865714624
40.69238740362837,41.710821495245085,41.420817164668556,35.851018143432405,1000.6958332794147,1989.2356772179621,1031.660062135171,959.6675460402018
45.63737141808838,43.45378638838753,41.6693603951,37.727945649978196,1001.5878649078054,1022.9488060396767,1046.5122470743281,975.4417108230707
47.180530004275695,38.362430856029775,40.94252627851707,37.06992593432745,1043.7093214184147,987.3155185780611,1033.159278238568,1000.1591191687069
42.157844425918526,32.92831834853017,42.0027737321966,35.63983001032011,1039.8148401110097,980.8762105513924,1033.6426349664544,998.3884003011701
37.82032341208739,40.57908526935524,44.48438849870772,35.09247478635493,1044.5573472087783,1015.9675661201343,1014.6510768227809,1031.6044778409503
39.766645969332956,91.79956258430809,44.37594493217098,35.479346827600054,1017.833857953895,2022.648627486676,998.6762674883223,1027.986820355582
38.61967955576216,40.31734668738936,40.61040433563773,82.6381252495436,1997.2358553855836,1025.650016959661,1002.9311927754396,997.6819182716928
39.28929227234649,37.35779033207329,38.41303001130022,36.95363863258346,983.456365946269,1003.3409049359046,1030.3135423335375,1014.6327557504117
43.376582180263796,36.86471373100156,41.32335941981964,37.75344604194267,953.1772953617117,985.8394725423391,1009.3126747440414,1001.4197065001193
43.27175826285344,37.84623947650133,42.60534919189058,39.42897588117764,1011.8668886059866,1030.5222555749738,999.0110438464329,984.6259909990865
43.67214865862433,37.386087837504355,41.86478842414541,41.358443916704054,1944.8544020467532,1037.708884904017,986.845753745361,984.6192173187775
43.52555357373028,37.9949885505027,40.48489755175687,40.80423308058341,1048.2880853132287,2016.8050964331587,986.3408980166662,981.9190368264582
42.72416990775649,37.23570493178454,34.1611450929677,38.14935848402065,1049.815102620863,995.5492821429079,2006.7529370798545,986.6825770272394
41.778943273212704,38.306642163114205,37.589008910426365,35.17114302010073,2024.2072804470315,986.6794042051799,968.2059976880219,983.5304645490255
39.968218739488826,89.00860371231634,44.06003441412541,35.547033711447405,1992.0844034532565,1021.5908239119703,989.7576616695777,971.3242405271812
40.612678615644626,38.04223637639193,41.13569574328678,35.61637261978808,1029.6631963827729,1052.718860457881,956.701881886087,989.6789646588322
40.457575413665346,40.30555224577962,40.106110635637165,36.555191461327745,1005.7462712320382,1035.2931652951138,933.8115100134544,1018.0667369923015
45.15517186294295,43.41232842082413,40.666190361200435,35.63003191722409,990.7138866379199,2010.6887748341535,971.9430344333748,1005.4714297634221
48.53168683175937,40.54656416707772,40.97710998690927,35.329590759597096,995.9773290958933,953.3059224483961,1023.5896925346756,985.3699149524125
47.373322827128774,38.22559521222402,40.19762067406724,37.35096572655814,1020.4143003726133,969.9803201762354,1035.321238361253,2037.906513892388
45.92128983418467,40.39043727648286,40.1289461861859,40.12000969647757,1020.5488355362806,970.5679120725617,1000.1997643523418,989.4271767303527
40.73706161286194,37.524802315562226,37.81620525493128,36.666192837624976,1019.5262844801169,1003.0254544620493,977.9302379959228,1011.5062343170894
39.99908792448916,36.20147908945758,39.57162187365103,31.9513476680763,1038.5737744438902,1004.8884115153123,979.5189390723731,1023.7727789359933
39.85281643383402,38.970433996052066,41.64895992945316,34.690587019889094,1034.0417535904642,992.6225436669865,980.9732857914266,1010.8697987037888
43.651002765226224,38.04970972783041,41.52534266963072,36.1475829244377,992.7975250054428,2009.305397500768,976.2453750208266,997.7541140872912
44.82159231277773,34.77857341322454,42.469896548823215,34.32579293648449,2041.0885703518359,1003.0599588888833,958.5101914880725,2004.354684528997
41.71369808495248,32.26834289264972,43.66607412841752,36.06394330625885,1059.4113150612854,1005.5843701618815,989.9469614037341,1014.8288805332265
43.5114218610229,36.79748446823666,43.64905395799106,37.80658545935317,1032.2148749539626,993.6024293318632,989.9570668118622,1040.1161251295366
39.117142492863636,39.055086521348535,42.78313373265033,35.32721509068004,1006.9167052384653,1009.7303681568972,1001.0938925543579,1025.299387022663
39.16467561529278,38.490123892655745,44.037145424540284,35.89490606865098,972.726458005259,2038.8563950615167,1035.1298451517291,972.9810142989675
44.523593824908446,40.834820095420284,41.85658057525046,83.59166797884455,972.6470014480869,951.7116736075695,1027.5255355393924,970.8916899883972
45.075901997767616,39.32817164433837,37.59977753249389,36.94029396896762,996.3911995856324,986.0144243698676,1010.2778957137195,978.0899147407572
41.87596186492058,38.14728025612718,36.995415395025866,37.909963650809885,1018.7414130225457,1028.824372506739,1008.0926880841732,968.3709792094486
40.22734781108579,38.63965975763786,37.72111718747538,40.16140130595784,2008.1294876583581,1028.487725554606,982.3881546759434,986.1308320483158
43.99271871503204,37.00596508692239,37.10419018529001,36.40954331531182,970.3998597199966,1022.9234884723222,952.4728970504323,1019.4341819545805
41.975269095329665,37.16280159920885,37.16292632711991,36.27082909479156,1013.4149480031056,1017.1647465923477,976.185448506521,986.5669809268617
42.20837750010848,38.544466879756754,42.000052025494384,39.0580904595453,2014.9347099906688,1011.3177321884036,989.0487700627705,978.4185712753749
42.29036596000762,38.374751083152915,42.86599298495557,38.45057200555007,2023.6022787631562,2006.5564766413424,975.2472401072162,1997.4416294951784
42.859563705947295,42.56137889884598,38.4055454885106,37.14021085939197,1008.1510821173506,952.8851053710371,1001.698047341797,1006.4116294942971
43.61095717820167,42.80267817998886,38.83317494976858,39.68340446633907,973.4993200216961,975.5733421361754,1027.7252801262794,2032.1897852482637
40.63692510894666,38.3686547159012,39.95579404270762,39.48173217963419,978.7358382254861,985.0439249347247,1008.5957744369653,982.5666891207509
37.717012085000746,39.78426537043867,41.060518680867375,36.47503239181107,986.0340759230301,990.8918697635149,2015.6192419471029,983.9598689393872
38.67873024824877,40.826351113332535,42.72273704982992,35.091759849366504,988.8536532375546,1010.8358686056272,1002.9131319185071,987.2061667781059
40.09723498575964,42.29112821095191,44.10588634216924,35.73820050223185,988.8670090482342,993.3192704362666,1049.0705604864092,2022.3677276574545
40.18931954852949,40.37963684815303,44.232953618447695,35.74961002715814,993.383105127851,986.6684160852026,2017.701287931779,967.7610572077617
44.74918228295971,38.01636664804845,39.1786707811371,36.36204096781989,1004.1293170347865,987.2516010406541,984.314513751136,991.0023537603931
45.406484804817836,40.0899156274374,35.62466093891662,36.851025059485906,1000.6788632115878,987.7661919148763,983.2110239543108,1031.2584514673974
44.918741772614744,41.44521592151324,38.219063962033864,36.682976907421505,968.0042081087247,1002.8472925581048,2036.9446870877762,1012.312251950943
43.38433753498768,41.10732797548157,40.09410208179054,33.907717563754915,976.7779649501326,998.4970102617704,1016.0274568659611,993.4590725317004
41.03507084026797,40.811734770865115,37.75924706287741,33.17155605787709,2031.0240069923495,1021.4583987816625,1019.1874006431502,1011.7106755549212
44.227156400354104,39.78564271151215,38.68695243544009,37.991830747768915,997.8647363377631,1004.4748715929086,1018.5407869469764,1996.1098762741187
45.2288970354367,38.83050656061207,41.44717419462414,38.962505521094634,979.3078504700823,957.8987775216574,1012.1465464392559,987.7605857846252
39.42023727402221,43.579872961688054,38.31923061929154,38.19973489625055,1011.0614194876015,979.3560917802452,1010.3132483049754,2050.038524535986
36.01902545332301,42.17290523702353,37.507200038152426,39.04237966477703,1029.325298909345,1014.9842629629554,1030.4227713369494,958.7028431762707
43.48072105791141,37.603406201086656,40.81590744315646,37.08619382883391,1021.0493141133461,993.512005696291,1039.721736287107,2053.3645044762634
48.84791149833275,39.330420235631365,44.263738727805595,36.31387634681485,1020.6719636589096,1013.3116955123572,1054.6012416216072,998.9078893486562
45.620687849987306,42.354464487924744,45.82944058693612,37.49348067665049,1018.7917972131423,1018.8672725541652,1023.1584674635415,985.0991637013558
42.88370834717729,39.82967908471804,40.98208054123409,36.61185652874344,972.7604783408697,978.4157713187615,1995.8718336036873,959.0750128417369
43.618663762965426,34.79497510258673,37.83813058797125,36.85496108164839,942.7253684206049,976.8528018892086,1032.587365067022,996.3888385022802
40.036414013558584,36.21693769146493,41.89400170064228,34.08189626669349,978.930143627933,964.8495970111005,993.2881743388805,997.4811401409636
37.65596463171261,39.61813342563344,44.018672402102325,91.08697134658269,1993.1533603648932,951.8234613614654,978.8545998984627,986.6979829693555
41.43386698091378,39.53091409981523,43.964789500306935,38.57441185690234,975.777163236424,991.2922569526587,1014.5675902469798,990.5297030497222
41.300995682898275,37.81668268153929,43.39605204728175,36.97619980759281,2003.2840230725942,990.6230818616339,1979.835144566151,1995.90945357924
43.93611859493227,37.39102209258077,43.68085397569925,34.22518533158642,1006.6409974878247,2016.3797251043277,1011.6846932441513,1998.5593104652573
44.778560949406994,35.38747314790061,43.30462339917764,33.76781791447435,1011.95297289103,938.0721356105951,997.4229608506321,972.4880970477642
43.85721984526478,37.30303682550833,42.88007982183534,37.38423660216605,1024.8401718116345,965.7082757294887,1996.5030144988227,997.228798547407
47.207120947381,39.57017937133077,45.71489247772847,38.367897112795234,987.7981276694643,1023.6916402547998,965.7146347880723,999.1937096317068
45.75519432168066,36.34957897543354,42.59194617529644,34.58111929444976,928.3726264289674,2021.7588241854069,1010.7349117813599,989.2821378608476
39.58632224675905,38.22579710837906,41.342444067395704,34.726882303457856,1983.8150334314266,982.2090155296997,1033.7288118164458,974.8729853426714
38.942920103319814,41.08270492779613,42.18256564200257,35.791068314242594,1023.1190956098602,989.8159179558011,961.2570274347388,1005.7934285975161
42.62044671635647,40.707554524943085,38.32959366397428,37.09036417565555,1018.7115905139294,1004.0060678799679,2055.565004268166,1955.2148269084769
43.443394759955126,37.512487201633974,41.17811470707381,83.0833100171324,1014.7911222437373,1028.5327571008788,975.6501537012512,1004.8460308214969
42.30421229670512,37.44694119760045,43.30718921691074,92.18129023664626,1010.8836214262751,1007.9879138550484,2038.324573670452,987.8504893173497
43.82372196865941,39.516871795946216,43.205456982697314,35.86136929091997,970.2301053808867,1009.0362656483134,1970.7262175708759,992.3926760039493
44.3199364504952,36.647620938480614,43.73464970291977,32.73985805471222,971.5661222635537,1014.6239221312006,995.198691018308,976.1048939198388
41.72325507677476,34.68496134908884,41.98315830827703,31.256933051070142,1017.7561452639769,984.3907661908005,1034.702776098155,974.4709864866218
41.75202036473907,37.33120635872552,42.907158506608624,82.2832509105417,996.8804612458924,1996.5522526904772,1025.4799651001292,991.6091316463835
41.93852191618963,38.419101100613375,41.05905874914488,36.14768161155295,968.1012717571065,2005.4460940778583,962.6044762947781,973.7639804703467
41.762428012756914,37.41933577136096,40.286249592700884,37.01986732478204,1027.064430159543,1031.6741771622455,941.0210147394523,961.1895282235298
45.38275591414781,38.20839283710327,39.93755375470087,38.3746442036463,1085.169699626699,998.754241929009,986.4159588218158,963.6065344389515
47.14879699527778,37.67598720791723,41.427766673109375,36.85475400688475,1044.3177430503883,985.8160921176689,985.7629261215438,992.7602918906445
46.52974427963735,37.22518624213236,44.09992457545869,33.70930243418724,1986.9336776601563,984.5746652857115,945.0076103892336,2024.0803198402168
44.71964909657158,39.4611608776507,43.00827209124491,35.873975998121445,1005.9812895797967,969.6050351968915,974.4478377980709,1013.0086974131609
43.21641680346733,41.42544793390181,42.11179038759111,39.1956167425609,1994.0700655147182,997.329005374339,998.6646379920519,1011.4000390343451
42.60188771836509,38.00923399799487,41.183188333907744,37.95675046660974,977.7742020350206,994.2305267049695,1005.3449026253012,1941.9616278544631
42.65048265477843,37.39957072381535,39.58648651020448,37.19748163276566,955.1336136521334,994.3666489640623,1018.315404789666,1010.0905684290638
44.30615504929868,40.308146672409094,41.02850406207412,39.2577871404248,2002.8148416452311,1004.4848287353627,1003.8609704096988,1025.541960209899
44.19977246612406,39.95790958660908,41.12617552953034,36.71715479915635,978.9588824777812,1003.9094094332293,1010.2670570953953,1010.6754629859015
44.22503722188653,37.36918223620613,38.850155740961185,34.431095079060256,1019.3647552125375,1052.2947036876237,986.563329948354,2005.638268711604
40.199236905725954,35.64389788449728,41.357547891729865,35.89018966184511,1038.419102394641,2008.2672817297616,946.5946655175468,989.2671176802844
39.111537734558695,34.56889485063722,42.14827254241837,87.29022934092099,1042.0114067880818,988.6986170775118,969.9425821793191,1015.234204354507
42.84015813028425,37.06933758080713,45.072032494719764,33.3407404241149,1040.1037864311859,939.1186131208499,996.927903299455,1019.9144805546389
43.97521949917484,39.3943119865185,45.29004364561326,36.1115611225055,1012.6160345804997,999.7542903123835,1030.402110767152,1965.5351908637942
40.270063854213475,38.66425721556859,40.062192758590825,33.009728702537046,999.0872650037134,1045.5087844684751,1017.8877623318916,990.1749411390479
35.44962813727333,40.257389675197174,44.14427316134851,31.469725819107005,1011.066937367078,1011.7770257083216,973.9544170713019,995.0820456663594
41.23004576938263,41.49163767974909,43.741064065558035,37.25159731952989,1016.8031967070979,986.0269675996406,987.615344825218,1006.038809357774
47.66037801964576,40.68400591525415,37.59263880669182,33.7536707223158,990.2119956079664,965.5829262604154,983.320889975387,1031.4621384430702
90.8045374078278,38.30768361399464,39.5571963899003,34.47817799195292,1997.3822946727776,942.8032204657725,953.2014690845806,1027.3420191230919
41.05313955024501,40.15911940355264,47.280409444013266,40.59431092524466,1023.3252236534124,992.8392212787119,959.5180514092949,1011.2350586785317
41.73381400267945,41.49779566067707,48.53616757622756,37.02759047621464,1044.0323401381497,1012.6418442100568,978.033087220306,1014.3322246971254
40.572684371049064,39.141693605298386,42.80406442577885,33.27536637461839,1040.913581034799,955.5410131528309,992.8288218924693,2006.9218629254653
43.33217331286452,38.10718362162489,92.87741616755417,38.02868009212095,1012.9534042994908,975.4073456338327,2015.4726651296392,994.2597394086177
44.53526707175844,39.82205081500637,39.776286619643166,38.36325473890312,997.5578471087015,993.57297966185,1038.2668958198055,967.16839913861
39.212494462756965,39.111069663047026,40.432362949732266,34.719427421258224,1007.2476445482362,2005.5364759868535,1030.6253842804367,957.691901076455
37.067364762691085,39.45626752140433,40.94068289807197,33.1794444103827,1000.3363356378977,973.886096775567,1008.3968572955913,969.5107568730832
41.94961628786785,40.21527210638648,40.37737542609206,35.091925915901854,2031.4818004829615,1001.3303314653745,1006.1349089377604,982.5584802323634
45.066913293756585,38.15043196348054,41.2873381243269,37.53817028200612,968.5255506724147,1007.323622266737,1014.2116141362512,994.9958594871089
43.283690700808805,38.667688988129896,40.225295395305245,39.67414877591165,992.7592219678382,986.3688402942037,1018.8216110011936,1964.4399706891832
41.4859219700878,38.80577781222131,41.13172293001832,39.755614401314176,1007.0600409313126,994.8531769790106,1022.9222027487458,1925.8109557226724
38.7301944187218,42.02981099305404,41.4285249918999,41.63842280336836,998.0394878712241,995.0052690551381,1005.7691892386695,992.2757015210477
42.10012230732633,42.02446576554137,41.56064811753831,40.69450684533504,1003.7773813819542,963.371246171685,2027.5396764946786,996.4787908223503
91.79324052838541,38.200631959587454,42.927365700859056,36.39010028301867,999.5577313809817,932.9839058224486,975.9355964628592,987.2156266661019
44.42589000143158,39.45797382470758,42.45740354110282,36.46803730512282,989.440390785174,948.1402014852267,988.1139067185874,987.5172364325567
45.93570416463261,41.71026340006732,41.358953812196745,35.96217356220599,2030.4378055370257,1984.4188282525186,984.8584589824382,999.616827858189
48.07265156565079,40.622541685926734,44.25888309619413,33.68161557370217,940.6747828379062,1003.2546714565045,1981.4471041759916,1039.0389422080732
43.853474566925904,40.882476023438755,83.76247915055177,33.08000259986565,970.4694984920955,1028.52472768193,1979.6536898222594,2014.227793946986
42.556983624270984,38.61271864104076,40.813280556082674,37.53309405230682,1003.5390422913335,1003.6198332018307,974.7926741834052,990.4627173464297
87.11496755119158,36.64152653880318,41.620212220001996,37.58975966666026,997.2795529453545,967.9883753233768,969.6952999562623,1985.988096133214
44.200800005956204,39.56159467477456,41.68739181685266,36.97836489700515,1002.0705068344392,975.8470932176574,1007.5972484925121,1027.2259139352911
93.4024897209092,39.607910399961185,39.363330287346656,40.332804378634734,1027.365195785939,1956.475821747134,1048.2654149995838,1021.5363226234547
42.05449295920032,38.64061686741941,40.92881155432569,37.576310103957354,1050.0480676419386,1007.4266477306211,1023.1468134746144,1025.663016151317
41.970880193269764,39.735056460650796,43.20929812649824,35.59795255600405,1967.2759671306758,2036.8671879937367,1025.9796589280406,1024.357588524743
41.64303390217156,39.84923403905259,42.1578315266874,31.926677162692577,972.8828790921175,980.6337047695358,1016.2155369425341,1013.1956249852768
41.17112133006573,39.14552203165415,40.14264386352635,32.98818560665554,954.7332342998086,1018.6618773849207,1003.3762804698242,993.7122078752077
40.87232924684291,39.31629962883034,39.290967753439745,38.89151400200213,987.3229986127863,1008.8615159784157,1041.501167676277,996.0432479866915
89.41603745494818,42.81573624799694,38.86888880953242,36.915245527117534,1003.3008996639203,1000.1093934874824,1028.5740828646294,995.2292309722434
42.248552585071195,44.430694756673034,37.88770996159121,36.20728946393557,2038.1019297141854,979.7157925456728,991.9129140354977,977.7451593443991
40.923614489209854,41.65528651107344,40.939369505881714,39.972808098376326,1006.2545627853578,983.1036512329672,1000.2208276379437,980.9722487763495
39.898098212136745,37.179837649680856,40.93030843036519,36.02203410003236,1003.1124191158533,1032.0803610236408,1955.475834683569,1008.9658073851244
41.44906771948649,34.0133309425471,39.429334825882606,34.32251592955531,982.71650703506,1045.8656267364217,974.4627656429566,1033.992823151714
40.75752689539629,37.24646817404955,44.11302312225541,37.064907862351966,960.1728362343935,989.9566748534323,996.6159968124808,1011.0946139084879
42.194553850906786,38.5386910613314,43.80247612573484,34.09514264179547,973.3058119994,961.6514212722117,1047.3284490822382,1999.723830561284
40.11460514215486,38.34710999573845,39.48254458928966,36.43891338455468,1991.1360746608896,1003.7657086404381,2016.9339067549076,1030.0467291873276
88.44803311281426,38.50375253954061,39.942182955819554,39.594973993274294,978.9144545566253,2025.308527327197,1019.932001529463,1010.9181300411344
43.60329514109574,38.85084883352626,42.581339949047006,37.04442954084918,985.2502321378802,1955.3698026517561,1037.3573818280447,997.288910326917
39.76165294789055,40.49434715477128,42.61182924460957,33.56585833961944,994.6729894695657,946.3776198576468,1946.7615919411794,1004.820679609973
40.52673003316359,39.81286220036026,40.21270057068808,37.41216530221588,984.9785490615473,965.4821336759545,1954.4512821545386,1983.8901289791972
42.14824326665431,36.52280031738921,38.53546206925272,39.91399876230586,981.5577391885679,980.8513665136843,1028.9254208512384,981.3107942049353
39.04445682247392,35.48702340718329,39.69797645275813,38.60751822856881,999.8425189721448,1014.2203223961479,1020.5050205089633,1915.7110975257417
41.68779288066583,92.4930506769458,42.440058000294805,39.198946555194745,999.8479460274721,1026.7857689464677,986.3913742766292,998.1771219243192
45.784698979456635,41.49011796135374,92.34684712468436,37.29167351466443,975.1151417723077,1013.0813223282545,1025.5873185783853,1950.1536028930784
41.97215406408591,39.87600171087436,40.79995960936576,37.065762266039656,983.5065354616228,1008.1790334556024,1030.7990786383662,999.8780411526898
42.21597610049032,38.0092759094932,42.447168637353215,36.7352106150079,1007.9029367371451,994.0507309331067,1000.1627553187955,1983.344955196413
42.64944618931106,38.31900494895339,43.3599620441358,36.26654865937838,1003.2640601497708,2042.9440724439128,1011.8456562840234,978.8425770204017
42.29095865658597,36.948651186072524,44.808493014583405,40.34204946929353,2016.288278783207,1974.575963311335,2009.7077028919273,1017.859674623282
42.74923087909732,39.24403514710886,44.90717235109465,40.56884436147338,990.5836607632718,1015.5609974865615,967.2642129948445,1018.7143670796538
44.694573865511856,41.718710667353804,39.86118891166942,38.1772935186229,983.3509945107774,1001.7022920820903,1026.8440082293598,992.392981735328
43.85547763325707,40.524193152044866,39.51339771527837,37.451974462755686,993.4600019510626,1028.2526299004526,985.9536755887598,1006.7093829111293
46.8550005587082,40.31428047517943,42.34800047762943,37.54134203094126,1004.3491132886302,1068.7817135688406,971.1250152887072,995.2647595758781
47.070149506041105,38.88391325005844,40.66052219512231,36.592965687888395,1032.856839091959,1013.1220056205832,1006.9287897699303,1002.2814426460501
42.17410808788741,39.093753068597195,47.0222726240703,37.66414198755369,1022.9322011381031,969.9170291574058,2013.5647105479188,1004.1854729889169
43.131337261434254,39.16966748055478,48.503069500797935,40.58096509319987,997.4849400298407,998.9022797302296,1027.6621155811742,1025.1612848314157
37.10576995622458,36.71401526491655,40.28597752265113,37.75627536243762,994.8942623655096,1940.187975890388,2005.3214508212602,1021.8090187711338
35.730602809754146,39.08200737934742,37.568320808404565,36.771735445193514,1023.0532067314605,1004.1703828013503,1989.1294688936298,1009.4940713622631
42.69349661063758,37.818972560100974,39.92250868197694,37.68876426029016,1961.4385020333816,976.1139134589985,971.4215877898569,1038.1831155228224
43.39456509619103,36.252478031403356,45.10587731845416,34.07129508838887,1008.5421587647052,2026.6859339290647,944.7928022469177,1027.589495355719
41.06368084850129,39.25847028497557,43.83031955023761,33.44378179180947,1013.7616916514334,1065.688479211412,1968.319687211858,986.9770312346495
40.328344771347425,40.053342753816246,41.639958183375875,36.89648845890643,1061.6721820252344,1025.1110552802072,995.4164499696828,976.3223504445994
37.66913225808174,40.3085493489246,41.007998287416775,36.98342408512721,1057.37094575501,996.132146815086,991.6395657628839,991.4625456715553
39.399628755911834,39.0891187061887,43.99508838917056,36.68128057515778,1004.8644684379472,1016.3956643864344,992.2488735489221,998.5576782861988
43.58694804239296,38.19086044140176,47.01207364473488,36.45174894625343,971.2641830373663,1034.3638764739994,997.2881050839608,2001.3478490852099
39.54160616307347,40.281438150978374,42.20605662854847,34.965061930463555,995.1817811209007,996.7811100333265,987.0690581144099,1025.547507436515
40.30472889263135,39.22164505464872,39.1969045421922,35.53069347856781,1001.4506488259269,990.0754334254589,991.8562286045947,1006.4589626737168
41.980869749819966,36.74466821156096,39.248767102830826,38.189305058092756,964.2849161405513,989.4555439066401,1009.3610437554414,1014.7505357346457
40.24209731196025,35.97752326158416,37.50622491530909,39.23505645549942,968.8308797092502,971.253366410285,1981.8611644954292,1998.2990015041576
41.98997469810105,40.182032117672364,39.67266544630732,34.4876861981515,973.0719712188652,983.16597804353,993.2429915209839,975.6451682822712
40.77947290521997,41.98312284239857,41.006322237614455,33.70197537552724,1000.5644575715278,1007.4587124398653,997.0963199281056,992.6073561431837
40.2543767416732,39.88039442737495,41.672454301638865,36.74129926821911,998.4626142422346,1012.1884411901533,2054.2990846317916,954.976421009502
39.60587125685626,38.170580739387326,42.62001539880825,37.57242773299545,959.6453244124693,1016.8236767039764,981.4195757032297,975.388837098754
38.25822589265085,36.341518578695705,41.749287037340935,37.01382919531426,985.7384273690409,1967.2841528588444,983.5537512671009,2017.2401484186937
40.82446064372932,37.45890966301904,42.54222571551841,37.267839774924234,992.3931453816548,996.7515470630028,1000.2111464179116,1007.9982536415016
44.65336740061774,37.89132969474453,43.02609079900017,36.80732478319096,1006.715049247448,986.5796211944843,1025.9329504092652,2045.5976892657739
46.53308492032275,40.85141166180422,44.531607642315265,36.341139258296735,1031.8495689622887,1000.3206644812935,1020.6561958843145,1927.7239161277241
44.250127746704194,40.36747771778265,44.53800525173867,38.95160989389797,1005.7700775061008,1007.7425262506342,992.2522138329648,987.9952677221186
40.41291154040165,40.634990531446874,42.418294559281534,36.6307700989187,992.4280922747828,999.0042850397083,998.0749860367578,1011.1683361714545
41.238232875397294,42.864164222522156,38.33558377454911,32.185537526901,1001.3259564130309,1989.7495079120915,995.2688007914132,1969.6464988553196
43.998754334990025,40.64042661370611,38.454376191644535,33.7717597964279,993.2686846515087,1002.8023683564611,978.7254191471186,1991.662489337358
43.79991288930136,41.33063215198883,40.55579408149649,33.31542140993015,969.9438127872343,1000.5068397324684,981.87693905683,978.7461568192591
43.12203900550969,40.462242930963974,43.45170157270003,33.948645477200515,966.7198965775394,1008.2109279441513,1006.451571375713,971.7716447537607
46.47085177172492,39.7081303058878,45.17083164578021,37.35522750932765,995.1185237594849,1012.7660271261343,1010.7123544051269,1009.3396467332981
46.17736470831576,38.15908848261041,42.76594134210133,36.51836890743143,1015.1589495337516,1988.8005027852237,992.8473010541084,1031.7027770599675
43.007526031233084,37.52098751117428,43.77159540109952,38.23446724764321,984.5534790150684,995.5458904811691,1020.70610271481,1016.6107939697165
44.63648696025131,40.40482160639935,41.555605649355876,37.84991725126295,966.2468194711064,994.2459663663531,1011.7512861602562,989.657322697988
38.386724177766745,38.14821399549702,38.52759452328684,36.33477880179365,972.7445651340768,1000.5099922087754,971.5871709055548,962.7369824492973
34.17531994502742,36.21248961185689,41.68220502139269,37.13177306491634,993.0699902641754,998.5910437225707,967.7682658755946,947.7634934871649
39.39196234252671,37.214276716184855,44.53201906673453,31.782112986414727,1962.8651215659538,971.3389209966376,996.2088391389757,984.2447084591279
41.501786266595275,39.89828892143839,44.66459357527195,30.503320001445825,1044.1365737678323,946.1552993356767,1968.2421396716052,1017.4253189305687
37.67809429499452,40.74297337034076,45.027987979117526,35.90854894619371,1012.9008892003626,975.6162597068885,989.4614227235174,987.9372921311414
36.82355090632737,82.90249752118692,44.70655353958503,36.56506685704184,1011.1546914650646,967.7310466688082,979.7464858813898,966.7797104162129
42.42063839827025,91.42854016058854,43.20281650912172,35.79443273846941,1020.3733001690741,950.6978423974617,993.5228884998071,1003.5840671859496
42.745829445923164,36.958893478888044,38.02455421790492,35.629399728796216,1001.9533564395845,936.1014325260203,998.1976084409519,1002.2009519820323
38.745255325928746,36.374434117523364,38.80019427711841,35.168771826873495,1001.8786293108105,969.5070360138741,971.0283921098667,980.8104452203268
41.58343214007413,85.30190918905913,41.899027723542616,35.34565915395034,1010.9337199808487,998.9462638231516,968.4636639186833,996.7641006398778
43.73227471922543,41.32511929269161,40.395298186193465,36.893566578784416,2023.7236943910482,1006.7332527563694,985.930363249712,1015.1680305503869
41.602910150427746,40.60289226415902,42.764872045948344,38.49399732346033,989.2256219578951,2001.4571293717568,983.9654990218023,1012.1728251402218
44.93376532922338,93.37159884463634,44.19554846694556,37.22130409559314,1026.9705000649603,987.1182857131607,990.5887773447423,993.2978260672589
47.43043705058351,37.58238756682581,43.63598320316139,36.238198096191994,994.8894024050962,995.6907154466697,1007.6150894260104,1009.9533043981357
45.87952800720218,37.2418120705664,42.45458112269982,35.134580608173906,965.4046930590666,972.5458705713108,1071.4934880344758,1023.9525818252671
43.69008330357338,37.27095383461424,39.99598896376753,35.19148177859477,2028.2796888043515,981.0454430257528,1034.4114906211562,992.5019682649106
44.659235376455115,38.55835212339902,42.33394713778427,36.35113153695784,1025.027156054395,1022.0816000564787,967.8912535802272,1000.8499612880223
43.5147080372671,39.02445269741396,44.40586705673505,35.98454764064004,999.2493959800679,1017.5744273189202,996.8697928593895,975.1234163238397
41.09777337464616,38.104380142769735,40.79409222379877,36.562772630617445,1011.9729215533644,1005.5295646364066,2048.7626930787596,953.2660774326688
45.31654305178651,39.92096285210593,43.83504527533083,36.46894035016852,1006.5918546741759,1017.2272941414907,1000.1592254645384,2020.2694885912197
49.25292468117381,43.963500787764545,46.28266178744001,37.26879292162707,999.1491411724415,980.2901332352076,1023.9985920743724,992.9549108547935
44.98419392735692,43.15772367692759,43.28424437481158,36.42694703617397,998.3482168909034,932.2178943463016,1002.8842849774908,1014.1602848851458
41.596760279289306,40.2115665777858,89.77864454122076,33.64815196951369,1018.249870726723,979.7222293847602,1013.5851232516005,1011.8490470682425
44.167313495649125,39.105030215821955,41.01519278570812,35.51204627617703,997.7647597857504,1014.8302068135141,2026.4710805650031,983.5671779479882
42.620717777261135,39.88363483108123,39.58948723961456,37.922780888572134,2046.8982275440603,1004.6756333384554,979.0552709073618,1006.2181781559534
45.645011900382386,38.71524548257076,41.49133573275351,38.00452269410846,1007.114311019784,1017.8840394809629,1015.3515442291265,1027.027780993088
46.46213165110479,38.153310953584736,43.097283730845405,37.55566878100572,1012.8753140253414,2053.183705238228,2033.6735177125981,1039.3271599910554
43.9622220537088,38.252620889970714,41.422595284096694,37.66171059806619,975.0218886619359,991.0154250406212,1010.9967004361997,1036.3955413863646
45.82726663344458,38.07289382418521,39.85281898750148,35.668129707003914,975.1006033939482,998.206760078386,1001.6903673877443,1006.8048647787072
46.06957301342746,39.54134175275578,39.638408958088476,34.09693801234024,981.9923795336686,999.0797220871107,961.4889882028388,1012.7766502440944
47.498125011619464,38.84034116605024,39.324651478138854,36.96809496296068,992.0153826294908,947.7048043644821,966.9194983872194,1011.2153496319031
45.61328888669388,41.185250971679125,39.1907235663215,40.17656369136742,981.010175447851,933.404393459018,965.0417001680396,1004.0816481416985
40.81060496249067,41.69205721659086,39.70862099928011,39.86681519347141,966.6938966451996,948.5009140055445,996.7346242992885,1017.323254562413
43.01611411219595,38.807316240633924,39.115655564696134,38.38684105529063,2028.1193153674599,968.9190214691921,1013.1812035575665,1017.5232955281583
46.61646216891636,39.337839556108655,38.755484373844034,37.21477188653559,1931.43339972361,994.4881221012736,1034.7188448076693,995.5909796381432
43.492107595565585,38.455856515868305,38.989706944321,36.786121783445935,989.1978582016218,1040.3950155846892,1034.0724298840291,977.3553733983508
41.856137676010434,37.71709518392883,40.30803084432952,38.23146769837517,978.4772101402863,1057.047486492469,2024.6314453604646,965.1624553440827
41.58184803049192,36.95238052433981,40.12947679373609,35.332787955341175,1001.4392876462509,997.2300077785474,1013.3516861970323,1989.5403016337102
40.03727965980515,35.101527777428856,37.712531022439535,34.33766493694452,976.3703776832231,1983.8086457696515,1064.1826666695083,1052.264116827711
40.063273112548515,37.2094362142832,40.39712122056267,37.1822029006905,968.779657618408,1031.0012857768568,1025.5658343316713,1001.7038787040084
40.47015916001068,38.31641067864206,42.305069316656954,34.87649846198332,958.2889295901014,1026.250663508757,1002.7870199899862,975.9096583490533
40.54300765201777,36.338427975045434,40.68890733873941,35.17767648563283,961.202284257381,1002.7839860496865,1004.3075390677324,993.7055241019216
45.197737823018684,35.93490645476818,43.63971992935439,36.72364128638044,1007.1479856508181,1035.938307480979,996.4719634069381,987.3714318975638
46.87010728180648,36.31069843293342,42.35672585438748,33.450018122911814,1015.1755479375634,1011.825275175511,1022.5285195838885,1962.5233549145137
42.086914423422684,36.92857230151944,39.376739781527206,34.130597497919595,994.5097349633759,1032.6469077922748,2012.93169413556,983.2085248956291
44.232667835136475,38.29237062799604,42.43815378130638,34.58585348941836,951.6288820371146,1998.811013872146,1010.1414370153525,986.0047554931414
45.10062436509594,39.62183333195288,44.87362466166871,36.03300952838623,955.883447197507,1001.1445264667044,993.5650847601412,964.1118251859438
41.41693857749547,39.428394650092315,45.11207807752688,37.25990122455148,1027.877660074065,974.1511028991611,998.1069446709203,950.1763815716488
41.434128710557445,38.58209226695542,41.63326047745157,35.58559643536714,1007.0828814514406,976.3306371948702,1013.4684438509191,971.8053529932256
42.49497392137408,37.398031791969956,40.02237916949561,36.11930925117326,2018.4282852535262,2012.2745048701406,1023.508306714404,2021.1825778222285
42.1239663077472,37.10232089732958,40.598002455070144,38.4580338953332,963.8379373772184,1026.248546030641,1022.3694454653214,1008.7861436144863
45.21744580679208,37.59157505868801,42.39677096577084,36.759610281465484,1013.4496750940477,1015.0122504670142,2012.744377186968,1012.073989635794
47.44561081160077,38.77291465415754,44.0969866367858,34.74387473741764,1049.2599259290305,1007.31565564263,963.5385823469651,1001.1410327258989
36.587102998558976,40.04443652198198,44.65383557748847,35.74895811375298,2011.8642641259753,1001.1565890213703,1000.3725567749029,1011.2448931327907
35.59862077498846,39.216744897483025,45.51631021486206,35.5532646293414,1004.1237210663644,1022.3796684765869,995.4847317387052,1005.6256727646025
42.85732645798427,38.89875895193422,43.72716183961295,35.4476176587839,972.5560841808197,1017.4743898413958,983.2988590406442,990.6217253302688
42.62232907262293,40.81457658654088,42.771717278372904,36.682883245582,959.6462143850762,1001.9301772386295,982.0653793689099,965.0725576215957
44.554794604408514,37.02510988788579,39.25356591029382,37.59165720939182,1989.602986510647,1011.2809080656555,1000.6967685119157,966.817028590365
42.3461446632391,35.61566723658372,37.93000157175486,36.77327611296978,1981.9801412283807,1056.3288306970212,1971.208907812527,968.6345573920557
40.391835110561686,39.55529891233404,39.57167410469633,36.8124142096525,1000.3842642010378,988.7941665261416,1002.1999325085415,949.3579995550052
41.82134622373242,38.19675886592728,40.388666569167704,35.1874547905837,991.8320840170652,949.6740034893969,967.5311674769453,971.7703702033461
43.9000703947027,37.85886262969413,40.466086075815895,35.67231263234946,1983.9014469395067,1012.7693640267646,940.8616215542877,1999.1060111891197
43.50680192792057,39.06042104129596,94.6469785485472,37.02938705700562,986.4051086801012,1008.0732572990233,1017.5959494715613,1006.5322339297863
40.6339944441919,39.12332791009296,41.627104299380846,36.59954262674145,977.2311739954795,1000.1637794986639,1958.4640505833613,1010.4939044727103
40.192581208948624,37.04997273062772,38.790999644269746,37.2233075321239,1004.5344048804791,1010.2786037673432,992.1345314765963,1026.7331402566351
41.77788403895503,36.96433132632633,38.84649805544851,36.37422365142288,991.9171136881191,993.6983577601032,1020.199700005858,1016.2343095650465
44.23752592797193,38.88670124792276,40.268442772829786,35.5526952632518,979.6432671545039,979.0355204025786,1013.5549400032396,1003.2420548193065
43.513274075509216,37.35493048558783,38.82949729075578,35.22576851147127,1020.6266885035393,1006.1115542990667,983.7780696318027,1000.3467240767416
42.61517963652377,37.14644257035698,40.88125675593079,35.70233095452792,1029.9665204675305,2002.194729713764,2013.7827308019625,1029.6313002666689
42.55117103042937,38.12069893321624,41.87702038142763,32.264713564441465,988.972144845404,984.9722012455065,1002.6800061918457,1028.1668824542176
43.09713148951877,38.23675436126576,39.559135382689334,34.406993106202194,939.1539320463677,983.2357540824144,1000.4921946310426,984.7689718383658
45.12998209930109,39.85552128956967,39.18127839818915,38.058172335072804,966.0060827601465,992.684828505021,1016.7736730133477,1011.3104284836144
43.87894388915086,41.04497512371694,40.55021752723692,35.94473601070821,1000.8911521152725,1017.4874423202509,1936.5323062491275,1017.4615197125561
40.07384883696953,40.923729567037554,43.9828536584439,35.446496905711186,1003.5391238382238,1000.3449599514734,968.9163091830726,977.092978863251
45.20317860636331,40.73934334297867,44.848201615102994,89.50582225813723,2077.3581672235923,982.3706521159448,992.3180628534119,985.5854937421922
46.1108023480498,40.57105511003704,44.90828790464438,37.360410531773,1005.3152075758617,969.050241418674,1040.2139833500842,991.3005832393098
39.380655860975466,40.469547403270454,42.02782473082535,38.27689681912989,1004.0875406981067,963.1983589813343,1067.871000039108,996.9930780493745
39.24042578652015,38.82161616014621,39.60237124858577,38.23681713161688,1038.2770778889876,969.9274021698124,1047.2240759661909,978.242789208723
40.945622913187336,36.548788551059886,42.83815807049276,36.05140073630418,1017.903181926604,995.1289605915049,1036.1798818938373,970.3279252096033
41.41197699735977,36.084372848630835,42.740998917258,38.54513432589165,1000.7429953254575,972.8541134713698,2016.0049126483923,971.2406878401539
43.67576994634631,37.06714446263721,39.06331670072848,36.70078158696032,1005.3215360660594,993.8787611717496,995.7642199698479,981.6165183189867
45.16292074781295,38.57208193282696,38.30656749211798,35.71098409885039,998.5933098088522,1011.9353081866707,999.5844105088227,1038.454983338139
41.53217117777349,38.41326927865076,37.644112717639906,37.27943165893349,1013.6825642129672,1003.2466621233673,1034.171592366088,1006.0694195283413
38.96310792718336,37.46035314072326,36.404156230182735,37.81457236496094,1967.0582928611875,1037.755651567938,2012.4688331979175,996.6069902084597
41.06052242637408,38.877521675086754,39.63982144481484,39.287084646431275,1030.1533415495012,1022.9393737360385,1019.4235242260013,1026.9466985361182
43.94416322732981,39.60177832086825,44.145047447169915,39.34361437234895,968.6360778783306,946.5844851092791,1978.5757109838519,988.0970438013562
45.438263902439076,41.024686810009044,44.03165883319346,38.12925263465756,976.7096223880301,941.088217860049,968.6131331386666,963.06360261194
45.61183085711094,43.1404085420825,42.97212191141066,35.950423208395705,1004.4423992490047,1010.3859899347553,950.5135761514855,999.6269445160624
40.63308247473911,38.41398934952116,43.26006544844549,33.680024405254926,1002.8147486301672,1965.0872527458052,974.522815404838,1002.1804989942636
37.39789781076518,37.63808365471141,39.954240889670785,35.680524561832,1017.1524215559696,985.1231224288201,982.3661906769064,995.938774241602
38.03560859238813,36.627752028384734,39.337770826752845,36.0588499576145,1957.6017826501316,983.7369689699373,996.6619547577948,1005.0119282292289
41.18511914866791,33.92267733556809,42.2198119251605,36.39461484350292,997.9079322524997,990.2628365553858,1022.6600790889345,977.9723560056365
44.47374222203002,37.15107619058722,41.144620492874544,37.536841423238585,999.0607761496119,2055.2488024178383,993.3151992836913,986.1463706131535
41.9218257223888,39.962970480728444,39.21081278636741,36.51960514812407,1015.7503046154361,995.7582158574216,981.332313099492,1031.0347543889652
43.89675451803982,39.58430567182049,39.70365726947411,33.554600884525996,1000.6547881388249,1997.136838053529,987.6513227967689,2000.7508696021823
47.32215872590929,37.99457522342567,40.92613369521216,33.623846125538485,1032.4811218624213,999.0177457508246,1019.077027978138,982.0979080639595
48.520082769187326,38.658944515113916,41.135974649139854,37.996823382313806,1035.6604613936984,1006.4256214765173,1039.2640180911603,1009.5152573292094
46.734609561357004,36.34541279457504,42.231567034898504,35.004017889184354,965.3449051379721,1008.4622979536307,1006.2270508056006,1968.0878627935344
43.35968825674931,38.31933742618768,41.2625811693225,32.933517849160516,959.7650034347596,1000.3578489304662,971.9205967415671,986.232578055319
42.33969816820296,40.4849256431709,39.59958347676084,33.108482162237834,975.9777814585655,1009.2923192776848,974.5493597584025,998.5441344159457
41.241596232602035,91.25212538408181,41.87502980389688,31.717707560749247,968.0144884462168,1038.322557536923,999.2391344873909,999.6235319681465
42.78674892686793,38.829001384210684,44.27630652951899,33.743785183225874,993.2496744622769,1009.3769476010834,986.207001465275,1005.7183152473153
43.146825968069976,40.30670155614776,44.634808596600514,34.91347066951114,1003.1921749994542,1000.9644672771558,2064.1151882784197,1030.2042300356966
43.00383970173915,38.15679349285729,42.91894764317499,32.38805427387806,1002.2642547883745,986.1076105790381,992.6048655393598,1013.5504466144021
42.79945541521053,39.37005452498397,41.92450317768507,30.35641508637528,963.6360430487382,955.8451282144056,991.9227257975107,1015.738881227031
43.484477926235826,41.87176889265191,40.93350960450283,33.53452911919399,931.6594880979279,969.4322398566593,1020.2661868108785,1034.090021060561
50.157793087205796,39.08052679446409,42.38288098461869,38.45534177888729,964.0945251050816,982.6540353240621,1004.462000093381,1995.7107747156322
50.16213865879122,39.51536580978416,40.397904123879734,41.31035524252995,957.2685441379394,980.8919317878658,2021.69228790937,2007.2854612105511
45.7397314515189,40.58888192696864,45.440157981758496,40.59642224808586,971.0901871510716,994.5745826145039,1015.468740730635,1036.6755939663976
42.17138452867091,42.246116802016466,48.22699445769071,37.39692463255985,995.7324906900526,1000.8311601553155,994.967653358548,1028.3013568045626
40.58175247295543,41.79223792291417,42.610218706255196,37.67319911342142,995.7430251193373,1010.2859845248488,977.9751230876363,1009.5438496312152
44.15036712376101,39.97111636161181,42.51318740421515,38.27037374312032,1002.5511324898337,1041.5452625511655,1024.8430166208113,1014.1140235321518
40.53850021778258,38.275211858483914,40.79578495631638,36.97019801219592,1005.7674919216672,1038.9827674908547,1998.939965397318,1001.7651344338053
38.96414250026698,87.68418474744016,38.140479232537196,36.34542265938873,997.7870796078844,980.0226173231749,978.2273684662528,996.1400916578377
41.49476394125642,37.98127219099517,39.70586076758289,39.68618814423287,999.6838688703256,950.8425524284237,1972.567842411921,1008.2631974322975
42.498385006930334,37.3168622934579,41.7371815223214,35.66043407309927,1014.4924690278815,978.7789919165177,1034.9076639681991,1007.9142889889728
43.92733710414495,37.748847928252815,93.04318857462545,95.02366354713325,1010.8286019370385,993.9779715944367,980.6966255574746,1997.8393730292692
41.057434703159366,37.18442848923725,43.550563664540135,33.519521608118296,992.7836650307179,991.7438743096664,965.1913092107482,1001.6310718146331
39.68564329029124,38.45104917803954,43.84723867077,32.840665541488264,1009.6720154393925,2002.6241242830113,1007.3323712733229,1000.6381554731021
42.09549772865091,38.12579960086555,40.08807651225944,36.03546350009411,1022.6916973813504,999.8989422531587,1015.373634131727,1023.1834411937757
42.15020074606788,37.410851004908125,37.582238003602754,36.80105251643188,994.6332304706619,978.4112085904428,987.6205508597448,997.5589543612793
41.18733995481378,39.30121178724636,37.99417687232355,37.69798914054003,968.6168223285669,1000.219009790664,1013.2411162404667,991.0225610240059
39.5429556432758,40.41704588297823,42.39378506998479,36.12221522259529,958.137759333898,994.2421057284733,1009.9088213421167,1004.6589022055978
39.62620240811244,37.57319609825412,44.08530680787545,37.8554887110966,2055.028758470319,966.2708200329744,963.1417683450537,998.1947374645074
39.05895329833399,36.383797589397815,39.508199610424754,36.636721680115414,979.1556011266556,991.1850548740306,991.1147187180682,1020.7110673816942
37.66626926414935,39.66318417869566,39.04331090791469,36.12441455160861,985.7148648453268,1968.8026937676022,1013.4519040854753,1058.2807909199664
40.21741684408525,40.82078294974975,92.90687212318831,38.551207621329894,1997.6999703801548,1014.7689774844662,1010.2734512332413,1053.2325580532633
44.385948760814756,38.2777702133242,38.49862527974902,34.866518646134935,967.286267237814,974.2048215924427,1000.1016522069234,1002.5710473327722
43.36279465003602,39.00091161828878,98.66240377627827,35.62598197561122,996.0855030766709,990.5230058590231,948.1919934547575,981.2701578770248
92.13497299188462,40.309401559258625,43.89231909015312,38.83116864587802,998.2465870846111,1013.0615271136678,977.169958759576,987.7731989376771
38.89665479407597,37.33269864940591,39.93775309871485,37.09083131722507,990.8153939620007,997.2076469865867,1024.2709201267799,996.2376311613812
41.54525229104759,39.502547037405506,38.433200756773516,34.94557123090043,1999.5667336200631,993.6559751621583,1010.8114757224741,990.6550679989731
36.67462771541826,40.000589984326126,40.85866179320104,34.05175091004625,1010.3349780827887,991.7866854277431,989.2253765091765,966.0634010966371
41.79196515731908,35.16567573189225,42.502747703993364,35.42718200736658,970.1120968968498,963.2528665958964,988.0143871257903,975.3727147810696
47.47299562080068,33.542953972653294,42.0455343393743,38.035513156975554,994.118062552273,948.7311209091622,970.6451223362722,1011.1034528526304
43.022781381164265,35.48481338710927,43.10702651652083,37.44772748344546,1017.9701590186794,1008.5721244115073,984.8272810199815,1005.6534590749795
47.01883191822965,39.54506179634619,44.47565477499001,36.84484591005207,1026.3773795580607,1016.2174858489338,1002.5167938206671,1002.1189487127383
43.819906945276756,42.364418289902765,40.68942134112667,38.24498628906544,1951.5989456069385,1001.8982718803275,1002.4318731238061,996.7417737025951
39.806865486993985,42.683957028986384,38.77869451829717,37.92636378202154,1036.4561585672752,977.1200722046976,1006.2109179987764,995.8421607720993
46.24202982775344,42.76900404600474,43.463636068639175,40.80656918688685,979.6311507092289,998.3189553462013,979.5024710425367,989.3795120274519
47.16854457362397,44.54117571316079,91.34333857804319,44.94715334345916,932.1604035775234,1037.2277638056053,985.2522236579954,980.4706391533634
45.6444198131549,49.58018512188345,85.8336437019219,42.96906919839199,1006.2820830799951,1989.2581093045737,1013.1628180960778,996.6367469866115
51.17973997970127,86.21460304745155,47.97677427555839,44.11561972418271,2016.056499226456,984.0093855043378,2012.1453978308255,1032.0561646205374
44.83469931416072,54.69214903888003,49.61051129215911,44.4285872742503,1058.7348904261999,2019.766617751146,2017.6103984237493,1050.7715091382502
39.75088151103178,47.86874620425179,47.01600106027503,44.73250201057587,1037.483513354261,2041.05796310418,1008.3846867692023,1054.4245392897687
40.54390497308884,37.07508701270476,47.38981644921621,88.99444016496122,1002.9197649933839,948.8772938312134,1027.8203989830397,1054.0871747625429
39.397978944147745,39.569149429505615,48.35621727253546,50.527447559963235,992.7786343132664,929.5253229614977,1052.9112933577023,1019.2571071589144
43.29994610883068,41.97261074126281,43.24853089205533,48.33420321757954,996.886860723557,964.3924495124318,966.7651244747017,1028.1382805837234
43.836785444397606,43.303206879929434,44.680117698363496,46.200120189659074,1005.4487462663005,1006.2891977399025,2029.2246771159541,1981.3729712835564
45.883716107891615,42.39626874232424,46.30956481698022,49.14134634839114,1034.86960573121,1036.5527548753034,1055.3874061499355,947.2456296088608
46.34651398289044,39.94803179355844,49.11782851041133,45.988430706887755,1020.1974881115814,1012.2284022858374,1035.6044384931226,1973.5290725849038
45.26620916338206,46.958275297898716,49.86154409148705,79.08238061475178,983.8598309889416,976.0040872197353,1000.4022154086031,974.8741736220338
49.568099974431505,51.05439159624316,51.83169423086722,39.91299146342061,1023.2238222272993,1036.1887522134186,986.8311020015249,1992.1351151786346
49.140152655589496,45.83277051671917,50.971723583607954,42.38686359288555,1006.862584240144,1041.689253734741,2034.440623298207,1044.3900684448922
42.93082457018835,37.29185721954072,46.238278742089456,40.2186805156399,980.7205576079476,996.9070126259778,972.1362361956787,1028.4234604155156
41.55107239623944,40.98512947430116,46.21905486404302,48.6102767332127,1002.2638439966013,1024.7653133424362,940.84762140617,2014.5714988388906
48.05951273788858,37.12743444434545,46.221257839818705,54.916865506236874,1046.219642801564,1025.013839845661,984.8184172684162,1003.2263888990342
50.00207704717164,34.138879866041314,48.98385936734787,48.993058144916645,1007.2539998299484,1012.0435280324645,995.8755958243539,990.8582712104792
42.549732119765736,44.981137993186664,51.66937022557485,48.67221125476135,2030.3820484269934,982.4671780309793,991.9469819427839,996.7541884371325
94.76748291122084,41.85443192735761,47.39254641086663,52.95754004208301,1043.7959818895083,940.0282817828158,1033.09451378115,1002.0583017251847
41.33831963100355,43.790494787644825,43.83991159611496,54.68890306166003,1029.2330571449584,917.5899379007388,1031.7111404436123,994.7558098589054
37.29839455096295,40.752734449324706,43.425397658371025,86.01540112683115,978.393631457601,975.0389821938846,1007.7895606896452,960.4564880948731
38.88708014864194,37.50222733989166,49.596892323804,52.52225232336375,949.6981716183993,1007.1794980860786,990.3845687047642,960.706626706024
43.68819711745566,43.666416535469665,52.70545709476434,55.05599349782944,986.1465530706855,988.7926005615136,992.6954904088149,958.7513726399211
47.28057782047552,45.14202167786047,45.87753341275162,52.63321287448258,1009.6784348680704,1036.435987050199,994.450643000697,964.6228199377936
51.87386110671039,48.030149509264064,41.229957703112206,49.41962266839087,1007.2580798750912,1971.411198044026,987.4287470611534,998.4347119738328
46.71470246444758,48.75393420319703,42.71013325918301,45.702584520160485,1989.686188541141,1009.2591084257558,1018.7228924252167,985.1076359206456
45.34018495583464,45.881248995737565,46.71335480228197,47.754246824398145,969.4796354222547,1007.8273833025701,1031.7214520971809,995.8399350178922
46.644100705316674,42.11842794957695,46.4147278420742,48.20842344910022,1981.527381402723,999.6888760259553,976.9515432104156,957.7512050669202
43.013448909163856,45.893782724121245,49.12064760670545,44.19143506817593,970.4773981302002,943.2698064073468,995.2690779376876,932.4866924890175
43.51197669529161,47.59963732040996,50.08185943271634,50.63703625491933,942.7141417502079,930.3428677776584,1030.9320669181225,972.0203687079329
46.028884556709784,47.99822349106158,47.408677060136185,53.396557262722084,2031.5489517888495,999.8754014376466,1002.2919447286038,2029.4179887758405
43.53780216498966,53.05017684856398,46.88837382475942,45.08048962026682,1002.7754215051804,1000.7619749507605,984.916610361397,1002.6464360378345
41.61148360401004,51.087396520808,45.556154249911856,41.57420514858988,932.6131968402783,989.540976618666,1988.0102079887363,973.1294363803887
42.60711528365903,52.35603356600438,45.10560554767842,45.881789070279865,2011.0673528028685,990.0771338617424,1013.2173044821723,942.2662741955832
42.384243201539476,53.03761358028218,48.79771765237966,47.02274415327754,1000.4158498481682,1991.763126100898,956.4173352878075,1024.2531354948223
45.619660921205735,43.467154882438905,48.86582160318994,44.15035966466666,1025.8457415995988,1040.2184441153386,949.0986535604966,1055.4705166278286
49.41281205672941,48.27334709027408,43.263039555537624,44.2441208467055,1026.2607494100027,985.1969067324424,1020.9214744570199,1070.2574175061393
48.50710629772837,50.092336666475035,48.78562160141154,45.930585622198855,1027.0916008107056,976.1334688211961,2072.0296418274925,1070.008261620616
53.901456019228974,42.9054981023823,55.435123453318404,48.6102166520612,1016.3810633165656,2001.0022085447433,929.0128578189647,1033.5351084322388
51.93482543703702,41.64623471503221,50.79853071262583,46.65136340338848,1025.683900610764,1013.649528584592,998.9342397934946,1007.6446259944332
38.27518874241936,45.8873466194811,50.66007307588772,47.04218606309916,962.8036171208923,1993.5097766672254,1991.9961203667117,1017.0450345568502
39.06393908516759,48.80499369023558,58.050229178287154,50.756251791802356,1983.973293379018,1030.4734257714388,995.1630260194169,1022.6881229685303
91.73999983511388,44.345248356235935,58.12609209398636,53.54502767642204,999.9616522621282,1029.5222156843647,989.3943059458841,1011.8987109246284
45.44972422119977,40.93083135880803,47.576876379756264,48.71628883459201,953.5833892621938,1993.7894030783941,998.412227087796,1052.4765231028082
39.076980811712374,47.201770915759184,44.52036073330493,42.866118792079035,966.9072147757255,1005.6423033377052,1989.2367523765367,1067.2798593466528
40.02189726813601,50.973902111310494,47.03111171570341,47.50281996895059,1043.1960278135955,1028.313297980451,972.6891481361389,1989.6587212089614
47.36837629973146,45.1125751918683,48.05977047392033,47.798701810116995,990.9268197980398,1025.7754336546377,989.6931708352931,1048.1678766494933
47.52093492705447,90.17338350292837,52.269885341988655,46.1425598970669,1955.700132024892,961.8996120073436,1018.6769251112314,986.5324840871074
43.51739216234097,42.17483338440017,50.43718538800618,46.448261687604564,1964.6598912318773,1006.21504744319,1025.4948737259672,1987.8510215456045
42.67950861403801,43.53793086159392,50.15388187673609,47.27158124274807,1022.0950911983125,1036.4241792089588,1010.227401510117,1006.1794373238678
46.66660479027608,46.78154172361491,54.39202006885934,46.91445424296773,2044.1353016045741,985.6275417548011,1046.1672818867023,1068.7115482679355
46.96546440759947,45.428892646781094,57.60313122755021,45.699217168456,991.4227929669881,1033.1553225257871,1046.596141763135,1053.748243869191
46.153554117613254,95.57267037700753,51.82228968663662,48.545852309324445,1016.4602396495318,1039.4849822816377,992.2103699925699,1004.9637939913524
47.1233108759543,32.385496722517956,47.905193089473336,50.04528318472165,971.5420060491496,2045.6953515339042,1006.3433062253812,1018.9267119073317
40.82119492373379,40.032332486075006,47.761187836932415,48.428838880990355,940.7485392957946,977.8811139237437,1002.4712897674765,994.162198148837
33.90542400987552,52.16712865773124,47.444119466393204,45.60673999408198,981.4810137813473,1034.9122818700316,1048.1220070420861,1009.169336661807
38.33997892803686,47.405347047726224,47.981739641740475,46.92405719995112,1033.6050164947833,1948.126971185827,1056.3113892604679,2000.5092418512727
39.5906800921457,45.30077126456763,46.381686154336634,47.18071995385367,1034.4759114761678,959.0322990162688,979.4443509635194,1015.0701919696605
41.76094516511007,43.73928027369031,49.678780781620816,45.83896917757946,994.0966845437006,1005.6324668892184,983.8768212936686,2024.0212219913228
48.70464531968602,38.68150290480145,49.47674640176493,47.089599346969294,922.1258985732441,1055.6566469438485,950.1363211602472,1972.9785361746558
48.137931089542676,44.32420144078653,47.45473565437122,44.73586845736934,941.4366718276586,1038.8839198879714,914.3260863519783,972.0984928632915
43.347563651475554,47.63070631334553,46.82665833245942,44.53824203999221,1031.7302667805288,1013.4634873072258,972.8069404296857,982.8500203655634
38.82644365116053,43.61358060728594,49.13456251114607,55.494787903651144,1054.6666926997618,1003.974288558991,1955.3708456018132,1036.2066086470913
40.9769433632456,44.77870754226293,49.098549781902,56.71913086111445,1007.8008905743009,1033.9560052697123,1034.4037286826929,996.998403636017
44.372980241984905,44.26645151286657,87.36822340746704,48.891260193383545,994.8021625098922,997.5461186409736,1018.191940853748,921.1217631503978
39.789719393273515,43.64167626518281,46.753706589300684,48.083643884858546,1053.2788983176765,947.0418546827077,1004.1079596102636,961.2226595134011
35.933724720185374,41.98801946036955,50.0792414519112,47.1543894941385,1062.3156294250834,1974.5117145742668,1014.3886876567078,959.4518086095688
39.210088276364786,38.84016630197874,50.434585403421664,41.55605685744143,2004.9592225193012,1035.9144894821861,2016.1441624668414,921.3803536532371
42.29306047611739,44.323550630098765,87.62096047326456,41.73051373550007,994.8723618988754,933.6947627288625,968.0125991624302,932.6114887390887
42.54884013273754,89.42490419393388,51.708031556878986,46.78791201220906,1008.3051601404593,894.9586669387188,997.5736654926893,942.1062815491064
40.83449514662519,38.620495944743055,46.08508978565226,46.69353236274486,976.7038311060537,1993.1231299306633,990.929385893008,989.4824672712678
42.04711606264029,87.34129813874775,44.732320368658584,92.51858789561032,998.2765859499207,1046.9972415863672,921.9110187529232,1002.9935996917134
39.81656818602048,37.27721632741725,47.364770167951534,45.30769700299176,1046.2085171816657,1043.3728358862054,971.8694716595501,1971.8959242585543
39.115722469984306,37.68244577448969,52.57606316724986,48.24903294310162,1013.1776001718811,1022.7495772375573,1017.6293956963566,946.4628581765451
46.46096555089901,48.59346278650203,49.82452921806038,49.628982631221476,944.8983359315191,1025.9388009808617,994.971849596092,943.0493043835129
49.66335511675735,47.371920949575596,42.761849454566864,48.602698015597426,922.3700066992021,1005.4233174707824,975.6208421851288,986.8617914837431
46.10778441407139,43.70291704188264,50.13267024665092,45.29467857885547,972.9392545703313,977.018787975828,982.7764721336187,2010.8383718735288
42.59201137943228,45.43883896036506,50.662504791484935,41.65827615637792,1027.821194909304,996.3239873837113,977.0181214234358,977.4159602713685
41.469310815488235,44.244904347597746,45.166094268503294,44.350681977381484,972.5703925030156,998.9585261111827,1986.903276093315,968.1473887741304
38.49894759514699,44.26425956741549,47.31100313249567,50.7013434049217,968.7208714931608,987.1729878639158,909.1668928243979,945.6067604101307
36.30781397897938,42.412780946547244,50.25773371031326,51.4543355942329,2038.6974959226561,2001.8939268412987,986.1283093246352,959.1399503781979
37.22421294860346,41.487623585155134,50.98654850817124,51.45566921735042,989.8703482920898,944.7208330339686,1071.0850236515703,1009.0735823897271
39.20018909778406,41.80846535770348,51.38167100364731,51.15342834408314,979.4040307965514,1005.466297507186,1040.9554488323552,1026.5177519840604
40.03324701635728,35.176035354207656,50.35426781257835,41.517800884233864,2003.1884699005882,1080.7693387018016,986.6535185467234,1059.4553371026666
38.09487646913871,39.95828094638096,47.91318788498636,36.06482451467436,1060.5762141966295,990.7612096804278,999.6387778366993,1010.1132400083134
37.37760025980309,44.7019989354919,49.891001096788514,39.921676983523795,1010.7003669844479,939.8002324480221,993.8231285907824,960.455612433105
47.586493290476696,41.62285265769452,54.67970414140443,44.55253019560398,986.0368427940923,957.8011757600199,980.00099802193,967.453122797984
46.348098697642186,44.82682439011377,50.85085119457548,47.72836156506507,995.5323092733422,989.238540705179,998.2473583029955,992.716405761661
40.830410459070265,51.40011758521358,48.22498088904877,46.44004905709501,1031.8185471563347,995.5750452012405,1021.8414452540673,1007.5800394240875
46.444916614017586,49.804909064143935,49.46508092024823,43.576011215617214,1054.8645052211143,1003.5334786271619,1036.6485203772822,958.6278788030228
42.296687207985954,46.02495525316142,51.44803356959791,42.257658600800376,1027.225570600435,985.4793375545148,1023.3033942733932,946.992307607823
37.78413677311751,47.63494339382559,55.750522526548636,42.873018573515495,994.6772835727297,1005.4094570515954,968.7466859718594,986.171809080457
41.66406984701307,36.751503061704426,47.93525829415662,40.88899681016369,935.7436934365394,1002.3708305675893,2026.0211847984199,1000.1449631717526
44.46331159648861,37.823369022212994,53.107088003888336,43.78763760710376,964.7798819870347,993.8557173815476,1008.3336050083578,1006.6086940908988
44.30893775721972,47.195609879757974,50.15382131713419,43.42715548122222,1023.5319677801483,1043.6747261008713,1004.1986040874272,971.5651166916205
44.33859950317154,43.8448235836904,42.76544547939881,38.817859334231116,1008.1894559675883,1003.8201911168758,1007.3267520802199,978.4494261932435
41.67382247032258,44.43845979469893,50.73765345777049,44.060436782574385,1003.2270053694856,955.7063388121072,1016.7247722660234,1003.7486429041703
41.46385447469028,45.29378467401294,50.15290319549535,85.65065061711135,1026.7527129193052,955.6216530275408,1003.8377212294031,973.5924570559696
43.955969716645285,43.0726863074715,47.44984026534585,44.79065077804435,1011.7066311679944,1021.4888670662791,968.545015649166,968.8169696518797
44.74235591187727,39.54283277036626,45.20969747164646,44.00397504222746,931.6990254798857,1012.2737524093116,951.7467050965473,2017.3118190773332
43.596970304715995,40.084260581370515,46.541521911748916,43.64649753874998,952.4460626006373,974.3880948634767,1013.3516652767172,981.4639651653513
42.58043846339123,87.00335731932047,44.994110913358014,44.10039251190199,1000.823258404432,965.2751044521805,1034.9082951295945,1004.557322574836
46.18106793077686,41.70346344891571,43.06062998891668,41.53370525195298,994.8983547321403,976.0099769021205,2007.9245351519937,1022.284056705437
44.33592203113903,44.41799383194703,47.25186405655172,46.67295699934657,1046.3610315484107,998.5561893570728,957.6689950540724,1028.9885740041036
42.21899633745301,41.80097112648802,47.39401822893704,44.09989430004697,1980.458714213771,974.7559505602848,968.6376233288842,989.3618405795634
46.69746111266744,43.31572522203084,48.02026371273698,42.86742906679655,993.6049941582687,977.8509033573179,983.7363319572405,974.9848180199238
46.06903427338919,47.40161765267603,51.16340345181396,48.29271977535035,981.6012020048672,990.2297721644721,961.6294438982975,2017.2993193777409
45.45536427669232,44.192031279055406,53.03476423596696,47.62655027669743,1005.4623587984449,1027.159404041202,964.1988617646098,1013.8287954737003
45.731950163013096,45.16950469572279,49.591233070811725,50.773589837749874,1037.3881670961896,1026.9824824264647,947.6960407778221,1023.8073648507827
38.89923496255137,46.32852006739766,44.45727462325601,51.02924765289112,1087.6469534862822,1010.5728315674797,959.0875606406603,1968.3627133827238
38.48460297990114,46.630340213033946,44.4727134447909,48.902232462589595,1078.6587278632628,1002.9087940178638,997.611133029832,1000.3120898270554
37.24616932683382,46.92353559670234,48.28247297702811,49.80391258088848,1015.3650392718772,987.5224330918381,999.9655176907879,994.7737422097913
36.886511398035324,89.92886405909789,49.76314186502201,98.43412504216778,1013.480088464059,994.6334797260552,1026.6023801782408,916.9717857727755
42.07218308174837,50.72433088917529,48.85825648034766,46.86655214508515,1034.8407979770354,967.6481700123734,999.6032482871418,943.5225197377258
39.5397391817521,43.22989874426521,46.20548425266952,48.80471588237056,1011.0376381874571,941.9410185469137,1011.7430957226746,1021.341967509165
36.80713084014485,42.78668381423671,44.70789241247934,46.611303779276085,1021.1053326179322,990.3659416849721,1083.1383558121026,2035.4071257899866
38.480277585304634,41.794239148710105,45.397136715697954,46.23629960850319,1034.3709916704333,1002.7033983062462,1074.3962845054584,962.8217870919168
41.093483874108614,44.22585011873292,45.164547141508,44.22574537048995,1015.8040808300195,1989.434866133411,2018.7660554274341,966.2986855750473
44.52877104403282,45.57134361101791,52.67532257278431,43.05589335574493,1006.8183868805977,1020.1999589972183,1052.5614353779524,1030.390267164525
47.265121654169796,43.403947794843106,57.28503813561372,47.745646602260805,1009.9801661995435,1010.1172763992597,953.3129372789931,1091.4338065275042
47.47379203397759,45.09048266053516,51.04600198338767,48.55212872931459,1022.6062398391673,959.850940384443,934.145161421178,1034.239859975888
49.477895031281754,46.01334781773505,43.0211949785251,45.753560449118154,1016.4077492633115,1015.1758231511207,996.53521376513,976.6960290775
46.639472951641245,46.241531906161796,43.708267597494384,45.17938173023022,1017.7797342938848,1037.0321951108954,957.907224030511,900.2776860547413
43.9373112095419,47.70653264073191,51.88686479387235,46.428031356785134,1010.3857865767949,1007.4177137466754,971.9867543102243,907.7802059438802
45.106101355522725,44.89713155625615,51.90862620167576,47.89126537984299,1041.630277959372,1041.50212266229,1061.1514834650184,1003.2534544402315
40.22275690648773,42.776841841084064,42.29750943130202,45.883996211517726,999.0414869497611,1019.6900780395267,1064.6446493867024,1023.9163046014964
39.957090179305794,43.175288843074526,42.335794324063215,44.01293181008745,918.3052370627227,985.9376411365452,1993.4584074337563,2022.3681208238968
46.91218501796777,46.651183762106015,46.69474270573393,43.1581829358328,900.0035144118556,999.7899997400043,1046.6593383982786,1070.3291004624725
47.46961548355985,46.8357468101874,98.03845014788773,45.73621356634296,989.987400823019,986.3441200536278,1965.2972194376557,1014.7934616974051
45.13798716647641,41.579159736583534,52.54836923970123,47.386065092455894,1072.5143847664394,1019.7436263658805,2014.5888375063191,969.5790438015543
43.37870536822152,37.090632374246496,95.26637773242591,89.52292587326579,1000.4545082781816,1061.765362875301,968.6349375639448,1000.0887566120998
43.4924566318104,37.82903973057289,49.94809042005026,46.75699409009071,1007.2245366799112,1019.369854547619,1997.1896600579921,1022.5599938174644
46.93801216877423,43.54976159372808,49.966385277417146,95.46309915412134,1029.3055521327954,965.2646201509515,1022.7208752560343,1051.664758577473
43.309039899418195,42.261399342217786,49.87815855041072,47.803779548652486,945.0043433725905,983.0415463327236,999.7653536532287,1018.8608305104476
40.88196948910888,41.78577309008483,51.32700027959563,48.31105024545398,932.654659883053,1047.8641742985444,984.9289749470656,979.3469371562175
41.23935282137688,46.56874172189232,50.554323586006646,50.57439225714036,999.9777628165542,1051.0293041343812,1021.0364468678742,981.4935325265012
40.08999348333519,45.7060178696995,50.85202715083655,47.54713131978249,1998.6967480582787,1002.4694307888799,1042.333572314413,1005.6058506963866
44.44904209471913,45.05084569196021,50.92395696628684,46.90944054393735,1001.5379825246085,1024.3134502327616,1031.4489559853419,1016.4430613145196
49.69176910402672,41.90199842351204,43.43300902543128,52.35979844242704,2001.2915709144308,1063.0962918771856,1914.7631056870778,2024.223240998276
44.78444562390882,39.41887449030458,42.06973109072635,50.76649914043321,934.6980760628028,1028.4225924720733,990.8177300955815,975.9486955805598
43.273526137789716,44.66925127462788,48.07044536325826,46.33752728440184,983.0735934327629,1017.6665344044438,1008.5509024530261,962.2059285558502
45.672664978829765,46.27242773741324,51.4340759957898,46.89309759421072,2034.6330460192642,1006.0441944332902,1036.9503027368203,961.8671443661987
45.18058076907509,49.43460916187874,52.61119256794959,47.01667178524319,1027.2570335989171,964.5101244311657,1034.006898138999,943.8451375505755
52.62165556826501,47.96105568120139,47.56486579134886,45.4554583897517,1016.8546703582064,953.1881097225104,1009.5910036490345,949.1605126700739
43.624656491665604,47.66440511856972,45.19143778378968,43.052865942341555,995.2326820290607,983.0845465491836,1002.6962101373489,982.5223279200443
36.07027191830531,83.04012913152941,51.217784565980494,44.11245809394879,956.8014629943639,983.8179441326647,1957.8644432839137,983.8880262746081
43.2821727164945,92.68752895915608,54.947979773993154,54.46223745384878,1984.5889428313196,988.2342987760001,980.5429958425739,967.6176807660033
42.93873252600431,43.92461066926727,55.156992996781966,51.769063543569175,960.6061966744,1005.7826629316239,982.5864106598935,1016.7521594503696
43.85572957144542,43.81351878257368,50.283252430037365,40.96106025126701,973.9451409145329,999.1838854960511,996.837180145288,1059.3342641284466
42.046439092430035,42.61824152381938,43.9010255282682,44.518689280177306,997.8862944099826,998.919726102696,1968.898972409611,1999.4583492354632
42.169063030556075,43.40954858160443,46.23740829557794,47.13439493476977,1009.3528302161814,1970.9190989530755,1005.8976736072896,1027.7105971867868
42.94832141831628,48.16423286428241,49.87611823926479,46.543720630847545,982.215208103825,1024.323403771988,989.3554011516285,991.3232430992902
41.43360881794426,45.68114903059741,44.1931629451782,44.443730753914295,1006.4994581632711,1960.9450930780572,1028.7021463720253,950.4639548127474
44.196276908818334,38.25722565328286,40.365186334450875,42.0712786896662,950.549737372123,1988.4305563721755,960.2270776647296,999.737448328928
42.82618105092919,38.68446918133279,46.484163068171185,89.608310922851,929.6107991320777,994.6712840851808,935.4245153509437,1028.7067756304748
41.57605095935348,40.64079348413783,51.87338955088079,47.47866204237437,987.5517551150667,999.808258324858,935.2054663947379,993.5062426682462
40.11282741660102,44.18873707979391,52.221710320836245,48.91382712480754,985.1462947708496,984.1179538774616,959.3623567761981,979.9029763998651
40.736101797392486,46.4576550182052,54.45362527783158,50.17061522503316,2023.676507398157,2031.5364959947012,1069.062171371524,2071.4613306397946
44.143494161509324,45.63049728397219,49.41219384274079,45.26851097826295,1056.4108755515701,1022.869832570518,1053.9610073538938,1066.7636381498392
44.355731863109696,46.537339291552875,45.70114777220888,40.52461202725277,1060.9809102425347,1052.062343874933,1007.019123101695,1025.83475900309
50.06963485962511,43.46122371715362,51.492069558904355,39.6174699688758,1011.0735786846706,1001.7981170137064,970.2261872127754,1009.5904444287219
47.95887878212843,42.38233504449147,49.21508862135548,43.440343481523705,1002.3871824709325,948.3878249025873,1001.8868352461838,2001.1834819169862
43.60670043384078,43.30437725485029,49.761433326422,48.99450624233128,986.5301577260516,1001.0237807527459,978.4845803912385,988.1026409957615
39.35834202084331,43.57815347416509,49.16116428729745,48.53544103248001,978.4981051886234,1008.9623601562004,944.4458634764505,1012.8873320507139
33.77939014773603,47.07453860764231,47.729511661692015,46.43982693224399,972.3479828873303,1022.7534035731771,1054.5638601553292,1023.0999375690116
40.31829975632041,45.291414136034646,50.883639337622,91.30120866715333,962.3066280178826,1001.6844726774407,1033.3063515867254,1005.9121824697572
45.47358747554105,44.78856102858752,51.7899687355044,47.233581720947285,986.2121889532037,938.3804975508433,940.530822459001,975.233773610471
45.32475543209696,45.004774443592204,49.29416314122303,45.16750407907534,996.7519658217105,1968.75459035323,946.0206450787151,1021.2411445946154
46.60408997296202,43.08949416512311,45.61964007558586,45.35029291983048,2025.8754798430598,969.1071501294543,1013.2536094687841,1043.2306021118789
42.25162144947386,43.90833042421795,45.07039620070074,44.13539926057807,1932.9119972423218,1002.2842256392214,1042.354988408053,1028.1273085593414
37.94649615102813,43.137453042128584,43.66810348047984,45.1914699433961,988.4434266153869,1033.0461594329254,1009.698362683704,1020.96909609169
42.08454154013561,44.092371598422126,54.07126232958329,49.16691832433334,982.9045585325669,1046.3599116900562,996.1969640828863,1011.5912122784896
43.39098345367494,39.94187645110944,59.23419691064546,48.57883987897836,1004.5067156824473,996.9251177505043,1004.1459580988502,997.7650578360917
42.84243256017952,36.64123005390958,51.929529820305724,43.84054661917091,994.3627766065315,968.2907519496393,1035.894266602237,977.671066437538
44.63949721946571,40.448838939377566,54.525374392467555,46.55362896839068,926.9552492382361,999.0216736824846,1004.3514012240948,1007.5832059528019
44.29319821374973,41.70061092964011,48.9755790949049,48.88176812429493,960.5636699856695,1028.5118652886968,979.9785606405012,1978.1273174707624
43.64158815900352,44.18596436975519,43.659788087104076,45.46939658983108,1031.0294640376674,1029.4207475990622,975.3572263581708,1001.9569967267694
42.31954207775222,42.11346985683541,38.80510988037321,45.01965286339036,1021.8634122363997,986.6948136981273,960.537151414407,1052.7369869032525
40.29873223070554,41.6429184085613,35.801601839084064,47.17108240604736,1983.571075477879,971.5468256966958,1003.4589427002436,1072.3513355090877
40.27436360369338,48.60021744163016,41.811107052208065,92.0209068770035,999.3004210780605,1006.9444367282593,1028.8274179134044,1088.7221827225553
41.28383375615383,45.365308086135286,45.77733886409348,46.38754780059162,1978.116917891975,2061.0687675280856,1028.1428820472886,1066.417775684637
47.01924299948647,45.37392459302521,49.16110791538492,50.388809719892045,1025.888213328528,970.0551216996,1008.6667906941192,960.3669610914515
47.478390819853274,47.51311747851976,52.2953973910888,50.240937744253316,1040.3292890932798,1013.5807365955299,1050.58110758341,926.0236027691408
41.29553480730024,45.18261624911116,59.004256290963184,47.50584794845473,1065.2524039177524,1002.7400803406556,1007.1303487808846,961.6669936333869
38.32801192203077,44.81319329519077,55.37818229857962,50.27970586993461,1015.7916978936364,1955.5723822562363,956.4199171959965,1025.5536444573181
38.21004747367104,43.395379304698764,51.27105104801366,50.18189656874013,962.9259180555267,959.2153495432007,1028.6874160081948,1052.046764047955
36.46211307035526,46.67983786787782,54.23306131838174,51.29006723639098,946.787436662888,984.8854960585161,1056.433468381626,1038.5547736465223
37.302756951159616,46.89586741646098,87.95289278947504,47.5391631258559,949.3142865813095,958.184963977241,1055.2749987816728,1002.0254755897967
41.2605724902491,44.89362476412494,84.90122554783473,38.91895737517387,961.2317426949103,985.3003898541742,1077.1492084564093,954.2810109794989
38.82676323381406,43.26864119459553,53.69642437436099,41.734899626586994,968.9776728680613,1003.3181085056356,1088.3722239641515,959.4395371392768
44.2556985221349,43.81831852885236,43.31545612658179,44.12811796807215,998.726325580909,945.2286970853986,1062.8266574709114,1006.4966851154364
47.145242361783076,49.384627421706405,41.54856671326283,44.22332552457186,1992.2271793978332,1025.890894934173,1035.2129143543655,1012.3624879895115
41.14755133686356,51.68787498061485,45.736583565511786,44.668176105321635,986.1369751683102,1073.1736298109442,1012.330374879699,1024.431426558253
43.47086314446313,49.00389280710303,48.62446520564053,47.876816797756106,2037.215206099875,989.5477786622753,1029.7499993341937,1025.5706154310992
44.22851796592736,47.19544261521965,51.505421478684724,46.31674143684866,1031.2811537200437,957.6411873786265,1000.4222097273807,990.0506180633879
86.50735942858162,47.84923077014011,53.70601996044953,43.43467538536031,1022.2087258292217,963.7997309258953,977.5399661979853,965.159180168291
36.008389075108745,47.413690298501955,47.114116941806586,45.0358137619627,991.6025262867322,1023.3878748858035,1014.4426839244701,985.9099050283173
34.80254959365585,46.418509456679736,42.704630289836615,47.4948084942523,1904.6131521294487,1038.414742127091,1026.8396128957863,1000.4583031696345
43.53010742006694,48.82372217664877,43.05012530600042,49.77935177883242,959.13579310568,1009.8730949948833,1005.8955709548381,2024.7435793422972
45.894957772393155,49.976830722130714,45.32497989148685,43.976635018738634,987.9058950782618,2007.5821086181932,977.3108037704403,1969.5924747157515
46.108130948087584,45.80359777245992,48.675000387545055,44.573832622707805,1036.441185132334,974.8967709585232,965.2708761698332,983.9616272723533
46.7747833685182,41.54698679775841,50.558269920315794,51.00148836796903,2037.3176104924532,2014.581439230862,1983.846351933517,1978.8057519555575
45.13857953623807,45.125487954314906,45.88366903873526,47.49136249028652,1010.313280201342,1010.7975634511965,1044.136259209689,995.6995995110844
43.102293337168604,47.365457492086705,42.8778076853598,45.603629048177375,1000.0697826227158,968.3667522687709,1062.9657689248477,989.8984907995895
43.84624906319736,45.669575111004846,47.368169672795275,47.51576408166462,961.5924452198212,1018.2245650221545,1945.5395212958776,998.9333071293026
42.912738140417034,42.82528264207189,50.27447932661252,48.48319772136523,974.5306335450267,1020.3062300881628,1013.0867186048525,975.8798763385316
46.50405275263211,41.96675247391062,49.600255065829074,49.14790857168576,956.5627589494087,938.3520026012259,1969.04511936977,1028.8349903714143
48.96069620567621,43.79731295685494,51.2603536172143,47.056062029314404,920.1727256092865,923.5728980674153,1011.9413446487172,1048.667720814518
48.162913971803654,43.13490044345339,50.5044000334907,43.86790755683549,943.5851902022421,928.0022066708052,1009.2037638659151,1005.4050309455176
49.97995000180735,47.24474932269493,53.64091862700643,45.56956130912507,989.892902466517,951.5102661950574,1021.8867689948878,993.2905987046804
44.16326876443631,46.73742789529039,51.84828969844841,47.20759036996613,965.966687605011,999.8350697814342,2003.6277621239499,985.0317873360233
39.615059871610995,42.539892522455304,47.41450530042846,45.96172078541407,1008.7477273442316,995.769390309114,1018.5217023772852,986.917042916001
43.054255061625895,45.26205228543624,48.97807899129326,45.98880668446703,1036.902688220839,985.1514420958504,1079.4857755456,1047.5682412026435
43.307244879573354,45.337825869629526,57.88280745048679,46.92609974630033,1056.0815824960177,987.806880461,1048.2555871781124,1031.6130649170154
44.49552715384301,45.59487873240839,97.5149025420947,44.021359037646384,1118.953001110926,1030.631272340581,993.0302231548542,2026.5338468364148
43.12620043264201,48.293044485938736,43.89425646679436,44.52517437299636,1065.589659791071,1048.3367812434494,1921.6315809821003,1009.7832365725968
44.463853257515936,41.756657349268465,44.439345275895576,42.870138315684414,959.6958651491234,993.4377376396255,1973.1499814860972,1029.7250363981627
44.16871330025576,34.18052641655524,50.305084916234094,43.14904365865913,915.0846996156572,1935.2157670192923,982.8104318146163,1018.5311215744298
43.652144513504254,37.29761407713748,49.84461060417092,48.51364622278723,1011.6948039749957,977.099686783568,943.7154576428677,1012.0994703397583
46.81506297592425,43.14855447127127,44.73797703074434,50.582170009313316,1068.5154643321634,964.3028665102735,962.3869693804775,2003.2969061670046
97.15568424506782,48.25448913968158,46.70131008083948,53.81985342831935,1031.2759316229851,1019.0977614872015,1031.3612028254865,2043.0539789808752
43.45961904998002,48.22238375995242,52.448884369791244,47.75833923385345,994.0934752495136,1061.0691011212039,1003.2671152496462,939.4077742228287
43.96369273456689,46.2411380962469,52.612370789007755,41.87462184755376,1008.1616589233454,1053.4904625986508,1013.1671736739477,963.1033115892012
45.620064037315416,44.56575995680376,51.8723238356278,44.869126318082714,1035.0386774873891,1036.2101241681237,1001.7908603011487,1044.2075727323274
43.532338527519464,43.832332117182965,51.68405474877058,50.04088856814565,2012.2016044530553,956.1577149171146,962.0625103276626,2019.0343547134241
43.31746422929935,44.27104635719759,50.77446345506665,48.24198872599432,1032.634377852035,1976.0695482843769,969.0177978866827,1011.2106315215137
46.05297819623188,46.293243380583405,49.46923589134917,46.843383811275274,971.1999286736723,2055.718335300508,981.1133419081675,1013.2238126319564
46.96104029197948,47.56659550980053,51.870878311075856,50.51796979046574,1007.493835456527,1006.8521739252776,993.4490327652165,1985.6139992373492
45.34592159684024,45.180873614835775,53.297879793986944,49.0166430645714,1023.5119614662561,1011.8821749708536,1018.2740654494582,1066.3263602924367
43.48097117445853,40.26918373360421,46.313672643662386,44.862676648896056,1001.7181641375828,1045.2656658228468,1024.3386085809884,1063.2119397167892
43.68986224327001,90.74750052224044,46.94559193296132,41.435302633157775,981.4612067002529,1007.7249518843585,971.275900363618,1019.8332795295082
43.11572436368756,43.06511951839555,50.161701429793425,42.1881777428935,1005.9594471841042,996.2087988275885,2018.7107593322562,2041.9492497712076
44.987968332748245,43.63953873084794,46.754637947580875,45.88238427548544,988.1591915248052,1014.3127395491983,1006.5617797998584,1023.3924136698064
45.26344907642366,44.760139345690405,95.56482528339392,46.070941547828056,1023.4740369332276,1024.4613533188085,971.2647887258752,1024.4114449874141
41.1773631122968,43.24066423564362,52.682006452152166,40.1094207272657,1040.808877343502,1015.0116911728404,1029.5039851695162,1009.0281899305905
42.13817343814628,38.27886972786811,55.45232036761482,44.02260132252749,1002.3006750407407,1025.879282947262,1014.2248260921596,1010.1150950858666
45.534854765880965,41.42645834717113,50.92452464247938,47.15037719707893,973.7067289189009,2004.9964627581644,943.3555479051054,1038.9834652879601
43.980107956281124,47.02090439808296,49.452228385529956,46.49405027816901,942.8737205517875,987.1128641480757,977.6342121355877,1009.3019869123291
42.46564604041819,46.27331319930892,51.40363140635281,47.68963852985484,2016.6605798210048,966.4917212791481,1978.7402861320038,1018.45081318419
41.92827203649947,43.04621777407805,51.99271293301797,47.2856898732284,930.3544607004638,1016.7071913554075,984.2934896022919,978.6645279901563
42.57871478285146,43.80417397824109,45.88562138242044,45.393273267843654,979.0171162880038,1053.8336149013207,990.3742237327765,939.4027738875649
45.28385824845657,44.98409987597901,45.64372421866585,45.58125374046268,973.3378187837407,1022.5438824178025,1015.5292483163464,945.2214223241058
43.39909698037448,45.200395989573224,47.61405942107573,46.77204225803001,984.548494717413,1019.2861896278284,996.5306536671311,970.6761872469403
40.594140049502734,44.93991521527152,47.78522712730749,40.10467463446168,1038.265058581135,991.8671287063205,1004.8611167338188,981.9414749587894
39.01847431433511,47.16142518809879,51.003870394161716,95.02010892952752,1039.7873636156028,1005.8637689031626,1031.0216372231785,962.2594207499635
42.21208510348228,47.877295904843066,48.82104563225114,45.441488930266836,999.7049345097317,1044.0714792148135,2012.1008324459947,1019.1736386183215
43.50582520672262,43.516705403803996,43.91023363874753,51.25374282930577,2000.2179757327494,1025.2362733723642,1060.414075954946,1048.2051923123254
41.5502065680229,33.467950091364756,45.08670369140766,53.65759137403236,1028.1462139633927,1021.6812059623244,1009.1597696693764,1016.4180987792843
42.45061428779363,32.73317624244518,97.51892484385033,47.35504368332418,965.3682219347261,1039.1747772597862,1996.9894349231483,1005.0101716486163
42.179864714091636,40.860372762462625,50.63429734881258,48.20462697971123,982.8454401443926,1021.0984658070215,1030.7099442405572,971.5179646673347
47.6633928162432,44.65340629438832,52.12923314999857,53.72170129319194,986.21341307442,978.7022655995909,997.0607884909493,983.6116417572084
49.3328995113971,53.59152398715372,53.406561204103475,52.485280268386504,975.4028823665337,987.3576912395022,1004.1777482082992,1027.3370026056575
47.41944052108157,52.988241763530944,50.90731021934278,52.10602705199976,996.9347777096643,1043.4797710042276,1073.8238477618918,1022.0271343315935
45.033119531905605,49.13499734642053,43.67825638566727,56.83147872400946,998.4162321662297,1081.8376846696183,1061.5934705711556,1050.6894287813757
42.54847823524007,50.09103076864342,46.696725659117774,52.706135952608015,1002.4646538432569,1036.6772260364578,984.294084638607,1000.0345505809078
43.67307004120002,41.074867870282645,49.51069926536254,50.09500809225228,1047.1944340041227,1031.1145905076587,995.0263801814565,947.2463126370417
86.68060922114537,39.63135533036525,45.86776630067253,55.263125380293765,1025.9229991784425,1012.364112853586,1008.1097072119389,969.2163551364738
99.07528593350128,41.365223424297525,44.119152734432134,51.806109492459726,2029.6617705820026,965.1615638617723,966.3982560462243,1984.9562819444322
47.576331941471764,42.33143687961733,50.050818669692234,45.14923002854631,987.9987643935928,1955.295028009622,950.9760061516688,988.0119886321197
44.02042367188384,44.37598971433998,52.48958669558341,48.94572948177043,986.7766389477717,1034.8195760901453,945.2031191467956,1048.4305048023716
39.68589081206297,45.65367109524633,46.830793264374435,47.80233448617013,1029.2928684649619,983.2068267333204,928.0281990455801,2000.340160277247
39.918576929356895,47.95582055490107,47.3884610060592,46.13394568760961,1061.842355970558,939.3332739708355,978.7481358815837,1974.6093555160694
40.75865688545211,49.85916739345613,46.923218218076606,46.889038811496704,1060.2999559152604,994.4265887261603,990.8035387908533,968.9311529476315
43.69239973960731,50.46025288891901,48.56003145017692,92.12809448664339,1055.3091198673665,2011.5114203477353,955.5716664159899,996.4071724073165
45.9363348187327,42.67676028584917,53.84706641923396,44.32372868322216,1083.5549427549272,987.3149036391007,968.1183167748729,1040.09614914641
44.43903008207327,41.441310620815,51.395417658940474,42.33296199889673,1991.2546633520813,948.1459875597748,1006.8634134021397,1018.2494377483948
47.18064725513531,44.850402853430275,49.785349001864276,44.878625661735754,942.3268552838574,928.6485304091327,1034.6453383849098,969.410667203075
45.39902791294968,42.660282932507826,50.8865954666437,44.50067329613326,981.9837095181254,955.5829916121356,1038.5617653891027,970.6395508184096
43.278627636652594,49.046587291125704,93.53032859403784,44.96655204133303,1005.1137559468527,980.1647061824814,1034.7317255656817,961.9037637493327
38.84678081944385,58.428650996242524,54.1209044502354,42.628441654456985,991.0198251216266,1033.7699527470602,1003.094942809639,957.1884995034061
46.98379242755385,55.64439947027449,49.13683377742477,39.4330210880839,972.5466810858209,1064.7139535459632,974.7258064043044,1027.3678455248853
54.9875362199434,45.608454872003556,43.07793033595601,45.657989948840026,986.6768991882939,1031.1713586905423,975.5899174410745,1051.2571850353424
47.007760890587065,42.51490302047313,43.90254734828594,54.98018171847728,962.5302641688204,1005.1059828360678,2018.95702044525,1011.8903408817927
47.158514658114626,44.617885032625495,45.69923974358091,47.40268204342375,937.7111477283925,2036.7176208640922,1050.2684218256181,1011.4555108060438
45.43039086090424,46.25095188031183,49.14746002810247,39.93310762331278,2010.234693392823,1030.5519180851995,987.9400521291718,1000.0046552492647
40.422114285231714,47.96215104754721,52.28592898719366,40.96890218590957,990.9707493260314,1032.8317056599867,881.1847389265972,956.1164338278592
39.184528059493545,44.541653623781656,48.946808146873195,43.6791467557543,980.9444747275932,1061.456419415546,954.3077833515401,967.0980159133999
44.06236899462261,41.78468834320227,44.89059916073283,48.0153499907551,996.2536739282875,1057.3438895250051,1051.797456964094,1012.1280831463829
45.08701963529286,46.482869317211026,45.39702591595822,50.483653409677636,968.399863595967,1017.3411286064169,1034.5405850037068,999.8808190410684
40.55795003778895,47.99669467034634,41.86190277962284,49.43419166255768,937.2575404970792,1006.6290894695367,1005.777243044948,994.1070406614756
96.88798589482951,43.29022862473885,46.61817623312692,48.24123018808849,977.6959526107203,2012.3704978929661,1007.0511790549892,1018.8422595657794
39.91573374245216,43.88266681656105,50.76083850668115,48.71297671243779,1987.882104095375,965.960742082967,2040.0152222793197,1001.0910053956177
39.358218421381046,46.92402771568037,44.43037667545519,50.98634941730573,988.5330470728844,1007.0570694569076,1991.3243749589055,913.7276235672132
43.12518855022816,42.44016593524219,47.90073670339363,51.1264551680565,932.7781539831522,1027.4459889582363,974.4036439288215,941.787658478851
42.42258138783774,44.28432298216238,50.385778768674115,42.411925660097566,940.6499099932686,1037.5098015461476,2031.4619857428381,1054.8642791946086
42.2950626511395,46.008475903145,50.376528517523916,41.80792847755538,1011.3599114304006,1037.9404249899135,1050.1669160734173,1025.9088341504498
45.551774876227654,42.00719512792169,53.55784015293838,48.382120731734524,1012.3507021222877,994.107128691175,1045.279537124482,1002.4328939706327
44.97772883195579,39.12081968142472,49.801119253578065,46.19897745374013,1986.6168747028407,1010.6569827624871,994.5394551925901,1050.215982920049
88.90706155630279,40.771800161963085,50.83493340522307,48.596986524859346,964.0897705208314,999.0139428034662,1024.3374416173128,1999.2006316485777
48.60919767709781,42.107330881943334,55.544443060944474,49.612740061133415,1964.3805526010303,969.9381261042511,1023.7871503802568,2056.12418965485
44.55588946115443,37.60136066087959,50.580088672028296,43.25884068144279,1013.9633208511226,1008.0500767844487,977.7434423845499,1066.2464637060077
44.38441085821792,45.23628766760872,52.09553355039232,38.72956032026904,1033.5886468199558,1018.2836960112404,1999.3675828873354,1013.3469225553984
45.957929841489666,43.68587109281928,57.21345262450972,40.19494954184449,1033.2557315621293,972.4951590328433,919.0093454138012,1010.9204303713133
44.989221328547785,39.7542122158477,55.26657668173321,45.89742412610771,996.3284279115148,957.9639161098132,958.548720808778,1077.0894089887058
42.068450013545686,47.15835434883503,51.95988841553917,45.93439086305946,980.3547630041014,1021.2730946723394,1029.8785433003238,1991.7730940947988
46.59501621631923,47.99669434566374,47.14202508619117,54.95986641034905,1028.555280536717,1047.118203481099,1011.8317353970922,967.7625701622186
49.61585272998233,45.60710246728526,50.212259146446144,53.66239897962312,1008.040246741841,1021.4241210709276,1007.5025347205747,955.7994883991877
43.211912781008074,40.97620710084621,50.671260221790945,43.93219621986068,1908.8120284195195,1003.6917246006849,1017.9802626272157,1982.8354419706225
42.24644864635796,45.8578737213619,43.93779645453188,46.38482179524517,1018.8333672152812,947.1889597548379,980.1676663737267,972.4955131937395
41.529027488016816,47.35365165007221,48.54796349425517,48.98636906396189,976.4857492304407,931.1165320941777,1020.6727760955878,945.6040613705976
37.83042113685936,44.34033947096715,49.375399952949095,46.38316949281473,999.4176554108586,958.9966471327828,1055.050959157732,983.0436411494729
41.667009298335216,49.038407211516855,45.80706400105335,43.28342942675016,1015.7187551703208,1983.8054978056778,985.3849563692015,1021.9138912364122
44.14047323158813,46.916096374557654,48.07073329603874,46.76518630372682,964.2875891026484,1967.6723997013091,926.0321013408945,1036.443119810019
43.42321624101288,37.831898671671,51.68362240604705,47.22590355435189,947.2654598989893,993.4987629180087,899.468451303002,1110.0265928853698
39.5700605569331,36.10612891728681,48.35516828267456,54.127678341616736,958.0923048415059,998.7254657063337,936.1221966661818,1011.6230453630217
41.27538739385485,42.64228789321683,49.12656125513756,62.363945565587784,999.8195348547035,2008.9994673536298,965.3813595870009,1962.9374568389023
45.442580061516765,47.168553670531026,55.27331061126962,53.69955324887107,1004.1744646654806,1032.1008692136986,998.6371468857968,1011.5513824376961
47.02707556395307,52.33696189883452,51.667726421321696,41.9214136104086,991.7422701106459,1085.4575111206004,989.3414881728204,1007.5800634611264
45.93085966295271,50.52163091829259,48.16398448431005,43.68735783022612,1030.8125337818951,1042.0594257293992,986.0152990554484,995.410708359549
43.44676337899804,42.85109444498383,48.60111011506608,46.77189051604594,1006.7838363284093,936.7930155895124,1044.8276604405792,1024.1479544023352
45.932943999838955,40.54163252706587,45.92935013448022,42.59125583652029,935.3315842537661,927.5442023028149,1988.7474632260273,1005.560479940963
50.12401660779055,43.06969070587333,48.22624794757287,40.098457169447656,935.1970007118745,1002.0013051797853,979.4377694553896,970.3081606647002
50.21744603697039,48.6636036048224,59.83663201787286,38.60874926822663,954.2688271261749,1001.475571860529,980.334417721803,974.3665803312185
41.2723266144486,45.00619577300258,59.652404706055975,42.359888416518515,981.4327138082822,967.8395863700632,1031.1969738026792,990.953122017341
40.12814624168307,39.71299253714318,50.579972324357556,49.328250462981934,1021.2742734148176,972.9682854977377,1012.3470914596228,1050.8513848164048
42.01940599637453,41.182485282583954,49.55483475436857,49.33781510318661,1985.822987507043,965.3580053099533,1003.4906761471481,1017.8664559550043
40.00954127101956,40.999209744743695,53.28110829863911,40.644403192380736,996.41486938402,977.6559362974145,1015.5598223761856,2010.4221595265988
41.51783262212892,45.75026896169669,52.286298783799076,36.41866944996643,1026.1985834074908,972.3724515912295,963.5124883993061,1061.879925756169
42.85190967469613,44.4286906604975,49.585279423368284,41.61637869313327,1014.824469996898,1019.6875789613164,944.8047798824,1970.0803835655024
42.23342290358056,43.221560241581166,50.05384258858689,46.3136104922323,985.2375601125877,1036.6646647343719,1004.4861974355175,968.3214713340701
41.55203829837731,82.20066225719646,50.62590057989902,50.83620516535851,961.673920332898,996.5520408751435,1008.4772877446323,968.3496091125094
41.15089511972596,48.70555144851488,46.27785767769851,45.05262203155837,997.5547453847846,1974.7289827758364,2019.0576126777717,1979.4869996609873
40.78712558667501,49.51201357737073,43.84699573086627,38.110022583114095,1001.5002891981412,981.4300898982582,1022.7845318129746,1002.4917376788626
45.26852397734878,47.67346371013934,50.86175059443521,44.17585114863013,977.3470219092954,987.6714243491822,1019.5076286410342,1012.3895585735308
45.06819100383682,47.98910624784266,53.65606865660494,47.20649601085499,1983.2993880774557,2000.2932444939966,1972.7737044762093,976.3361622286691
46.41913321403014,42.66388503527385,50.28706256316302,46.95036694702509,1028.048333399297,1008.8644073317912,1001.723968949935,2001.0159445508182
48.232130576199324,41.60979948882217,49.51598844542067,44.04442346231793,1020.6172909452775,1970.6528081139822,996.1481080911392,1019.2869181124416
42.37129508490972,49.99887116322884,49.784867969040974,82.32290934524418,1019.58052875985,1004.3238089982981,1032.407909598743,972.8603667203506
43.053743913793085,50.20561046569815,50.165742080980465,39.95021009267752,1014.6262444582553,1002.76993858727,1011.9036808221979,956.7905292065753
45.899452103727995,39.680970831007244,50.92299551443247,44.41563540126022,950.4707393226793,1963.3161409252627,1016.9470326101632,967.8152738886013
44.49615475653056,37.527475802282865,48.407275027539924,47.32081497065137,923.2427628248759,999.9497003047456,1045.9834783031251,912.3472992038138
39.58193609022105,82.765597562113,43.40622335371327,51.80152343665492,984.9639635134422,1031.2209597547453,1015.6402799157969,945.7424157656566
40.9526545733317,47.68898502178182,45.12975748869419,50.18048563870997,977.1992480863565,1032.9977791310862,1009.4810144004587,2014.787501034458
89.36383983418,47.05534481952715,47.657330527678084,46.57129311273595,951.5054516909615,1029.3961578619871,1061.9770000312365,2057.3824129045097
46.480814999820154,45.14462032775622,47.233468947855535,43.664563327584986,1000.729352356667,981.3437018252332,1045.512989988199,1057.1368111042764
44.79574030516402,42.63453778750319,49.29862256108218,45.17294508228326,1041.4180873980092,966.5091737438987,1005.8963813941655,1013.2689916893645
37.00639680283635,41.66450682901311,55.35479984045878,48.39422396515503,1013.1250058563978,1024.268380942024,996.5835738504999,980.953511250284
40.16471270683553,90.44446594674542,55.691947674089604,48.72005482944175,1997.5998461188983,989.6349093691102,983.8400362740168,1008.0551420481264
44.671816904304606,44.74776941657476,47.55717924521227,45.275342955375365,1025.6159398366563,929.5533492600314,977.589723239337,1046.1839221701618
40.19570833256372,44.36522170314832,43.7484175101342,47.50068662558054,992.0836441489605,962.738784687592,964.9747834683529,1000.2708251529338
41.306544146823136,45.236839383382616,45.232683085854575,51.77632705337081,1001.1574037563355,992.0091521167782,994.8763653378371,959.1915079190493
39.94482919146128,40.787253231736614,47.48059093676034,53.82106978387475,967.2906147519268,971.5184713697963,1052.1462944813586,1026.1321703601654
39.24285635852482,43.626709754307,47.56081116053731,51.93645128843864,994.0388397231316,1023.4849643653131,1972.3154474774196,1030.716261289493
48.16062628303234,47.13564370477975,46.0873738495697,46.94524451897642,1064.1597049045085,1100.304985801909,2021.9512945924375,1005.188075310637
52.55690557296542,41.06488928946351,44.62209999387823,48.51899946636779,1006.8075682025479,1025.492996455952,966.7404505924872,1015.726474461356
51.88996536296616,43.04090565228154,46.22438133435719,47.46545308892524,947.6876585116506,980.1529207192519,996.7286897216807,1040.3907530254446
50.322627012715785,50.551503403383236,48.39654828106116,47.94475444779871,1004.9580993669981,1017.4221151875211,1049.879241172036,1064.464730516115
43.47594283882432,52.03761373140446,54.356967361290785,45.66208134882403,1050.6837118222438,1097.9580277354194,1026.521646053994,1069.704693336812
37.5203129851118,51.065604677628585,55.98417398409768,47.72998308247145,1057.4124772048074,1050.8598503891249,1052.1392111537168,1036.2148805683833
42.464804654703954,48.107286270301955,54.2783660848947,52.652444079477426,1075.2986286021055,1964.788942006071,991.6582173037855,999.3057816503201
45.681380940536314,46.27443502383208,51.56706422891148,53.4170249245888,2016.5566067560974,2038.2255601154698,981.7536551602896,1034.3690326757114
39.87996368125981,50.3811688038065,59.631017790983904,50.251023535120396,1002.6865587615885,1001.0426287615622,1014.2809090920575,1068.3363700966356
49.53962616677761,40.47843176578768,64.8767830924855,47.92922119801946,1026.7767909257072,922.4206176883368,907.129840494182,1039.3203919447471
53.28558515851719,36.061689358641196,57.45171134949217,86.85872304041776,1067.6699092142505,917.2077721596702,949.0930720634393,1005.4500279769015
49.992981884633124,46.70439101918927,54.74092248881638,36.84432093249313,1015.1534420140338,977.2523685810294,1096.3966633193668,973.8781754023387
52.218655185894974,47.90100500245039,50.87629331840087,34.80873912048032,953.6920955859093,967.8897641604453,1060.2258994926822,1015.846232424334
46.46210149328794,41.12525795644829,55.15398107705399,41.827633876380546,952.146383683024,986.3610447986355,981.0812694852676,1052.8792652050895
54.61148752903332,41.62633840051049,55.32863657816042,47.03418256443088,907.4383618819456,984.140540314416,1982.699163094368,982.8091608899606
54.230362596517764,44.38016448751229,92.86625981921163,46.89473011720148,956.8177668275953,983.1445015020996,993.4147744670463,937.9283020592566
43.41500487941282,48.88830573640473,45.40819762989863,48.03391924418716,1023.7156078920508,2029.5210176369148,964.1204972858222,939.1687168223783
47.48628139924038,50.80373494676509,50.69759739706912,47.78122308755633,1003.4542334487421,901.1939395368039,1966.5473161699317,941.739624113999
53.72123222294398,45.08344234702218,55.02645714909467,51.416150709714586,1022.4631486226887,957.2904967679515,934.5856248727137,925.5970876277893
48.19247160613128,42.73449553682089,52.99193282234407,52.23529619297915,1002.9857162088188,969.59463717123,931.5475740936835,1025.3190360390654
43.639468787094046,94.11858901090854,50.49436808805294,42.78087243392595,1021.7439788085549,985.3310195809491,1053.2945973977783,1144.762106972182
50.983855018423505,48.38419327060278,51.07071784170626,40.090685184650745,1944.198128310073,891.0066210292141,1979.6526951391659,1120.7177661295832
54.35040558231293,44.28302417518117,50.31334433958852,38.932226873156615,930.4446782545053,1014.6213810669835,1106.677551178447,1093.476632764407
50.15343911134305,40.925978849576666,58.891608956198425,50.45879383468999,1009.3335959052866,1099.0530406778307,1022.5526582316584,1061.291762427029
50.498049556041764,43.37304952328672,65.24898670125876,53.92107714379483,981.4245474956072,907.8200445619857,946.1105561840432,1044.595613410174
50.93786852393965,41.16252879772031,57.80547028826409,40.54039837508708,961.2427300731904,821.478130160004,1011.501142299149,1012.7402646302703
47.93347993816323,37.222753220535374,49.01778397088313,36.00450331224131,2024.6730272679356,953.1945029906756,1047.4753103033452,973.0773544300262
55.1814536738175,46.90265483222487,41.68738036082975,43.13177730712971,944.3292592963022,974.3156334080749,1025.194699790183,962.7988836132404
51.26481865328691,55.84410345083049,42.55541251615126,90.52206758037106,1017.6269988190312,942.5430075477401,1089.0965690727119,954.7932603441138
40.23146714832326,56.36580118293627,44.36513025679966,48.26109595166961,1025.6873485641368,988.1990724962062,986.0021930236804,1023.1028738221798
37.85500614904723,52.43018121973528,43.097483214321244,45.61898392952779,982.3585990213405,1063.0523554511815,909.9785194850622,960.4168427934509
38.19882876073348,40.483483349061345,97.7207552308686,52.94324794942894,1038.9912848774832,997.2026405196075,971.9200994908474,969.8473327760137
39.85136019429517,34.28420573982767,55.442461824165456,56.51735730878376,1132.0338872624384,917.716424647535,968.0908084505127,1046.8372751287325
92.00405592416458,61.08256345644367,54.48960520318475,43.434628593881875,1072.3280792482585,867.7234133977704,975.1092988630642,1002.6803282665932
46.52856224543643,69.59143535802448,92.076566685247,44.371022245906175,1076.4480226956239,1975.8522112853423,1007.225392793938,1954.2752717634166
47.240121886033435,49.31507720087996,60.64076791973915,56.144347821226695,1042.607188399813,980.5016989608439,1023.3865511572831,1013.4591064930469
42.93738051577081,44.73692577362216,58.61284414643194,55.888030861974435,958.7797930245606,2050.9105086586856,2008.7746195800762,1046.0857099072402
49.86020780132897,48.94067060884258,54.40085963141601,51.2262138688297,970.3845415755814,1047.5706276709755,980.4618111217101,957.4882144207406
54.51948741866629,49.200049960357816,48.432762435639425,47.60171078298285,972.5713456593983,980.9896248346238,948.7178375645044,919.4929887536448
47.30421123944702,44.56210076724186,51.8310477585964,56.32621452421556,1001.5645134679661,1051.7924580731524,1996.2128044694618,2028.888681897466
48.19976110766862,48.41765125031975,58.021118124645724,58.33562598002512,975.8548540353625,1015.9311029156784,1024.2141881725624,976.493177289063
49.638462082309935,42.12938056732957,60.5245171560839,50.48806716788472,1004.3611099761697,902.8738015686229,1019.6520478570819,938.2764352840798
54.013875382708164,38.892215184775836,55.04154113404081,52.03023278616815,1080.0663948159925,904.3767454811489,2023.5918582932895,999.19738321673
51.97391597435677,92.34151012255806,47.074868229993754,45.89911465755759,999.4748923360704,965.7220716580956,992.8778379209679,1030.3273115408938
46.083692006865164,51.06466422646885,47.94439681042833,90.71886697513776,953.4477491731279,932.3475464439243,975.0249069425317,1013.8331631077042
47.1585369827728,44.090750296885574,51.82145675848497,51.51071136266492,1005.5489471231579,1071.0093360361825,987.242758617426,1050.1004681249447
52.2693463054691,46.85121676695951,52.969222795876526,40.01599511515401,2028.2062204435674,1048.4997613862824,999.2900887770991,1004.1688372657488
47.386134039905876,87.95831170955063,46.00419138472556,90.2965224829574,998.9203022507654,955.4412092656572,1129.359067142192,1007.0265289319633
42.14494992227293,51.352784379675356,51.57188962415533,51.31551754500872,1935.3941121396226,1049.130554348841,1064.6155950170757,988.0952699484462
41.80722473261178,49.95876490332073,54.82108052546608,48.150585475951836,996.4791444829824,1001.2998125375102,1008.7900201957345,929.5972724423721
34.49593375379942,42.527961487663504,36.427014785437514,47.065061709053296,898.6718518019848,940.5858431822553,1029.438004622481,1007.7149534458534
42.23563865742945,49.8289837359992,36.718583724341926,49.86199119361778,878.7638382626357,1040.236960546728,930.9278070327633,1069.4970009467347
48.42033248014482,54.77902703951766,52.12289482059778,50.91316329582855,981.9510214357822,1086.6071740507014,955.032766311269,1039.083492999839
42.768441641884664,52.237761209352065,55.06138011724498,51.825913813240746,1985.5326246649297,1991.1664323753757,1111.435503530446,1107.5879506356102
42.029619109496295,57.20051506671103,55.050262203534245,50.867753670533084,1061.3869121368543,962.7256911763534,1064.9760403253297,1150.5390587437455
39.61207072477393,56.48284951924421,49.96207184030452,56.44021571817167,1972.517005859221,994.1214393850391,1049.7128339617848,1022.4653720753874
39.90327470401334,50.21464511064926,60.343394106552836,51.859166793373035,947.9404519389354,1004.353616201167,1049.1188884702888,895.804700288991
52.26566370271334,93.4373884572487,65.99169379073544,41.05999864266863,975.5559095512046,925.7301154458668,945.0862391992767,892.0722291367665
49.55463665088013,50.781237313378654,47.70513937078035,53.11433841911696,1010.9932946910384,947.6222062012002,969.9761943361516,950.6977172995346
48.51293886667307,44.62124550978261,47.01869341313752,55.60250701291493,1017.0459222478814,1006.0753925572287,950.9947723194014,1016.8452088417235
52.72740887811881,46.25645564682799,53.101290555869554,38.01989203943522,989.9862472127595,1045.8561107846735,1060.7727128288366,984.0416807732884
50.112875416139566,53.0208932028242,46.712614789243986,40.58122008548148,1021.3426166229749,1103.5954537191287,1067.7284323297336,1013.5938225823822
49.990532172094106,47.18365177643807,46.54645518420071,44.53195969461591,1080.6776241801172,976.9002081313431,1989.8258057661471,2024.8449468868505
48.63188706243357,48.14123218208181,88.06782506903748,41.75218931210462,1045.6669072422153,855.7816335266526,1001.6920919164556,1075.3928375184337
45.560447333780964,51.13682585841357,50.171893095217854,47.91619191296315,933.077062752183,1013.6950508866461,1043.6659454752253,1077.7077584145234
45.7732033166111,49.35682186341182,54.27074453364956,48.76593390510487,2002.2676015209863,999.404937241409,1929.3120692779835,1037.2445511066076
48.5361209803847,48.98906773826795,44.765430774055176,50.880362545126765,1046.7995736644475,954.3677102196505,1059.2469733124162,965.6568988471417
45.42347212591982,40.27933975514484,49.78053454330609,53.15294334954899,1029.5983154271355,991.3559154100119,1063.811636504155,991.197435565555
43.9244217692759,39.37344592333483,50.24849401768432,49.831805584645494,1011.8011951817989,938.8941619829013,1951.4392030489769,1026.077950408817
39.66645948178231,50.332075873286584,44.00682865719699,47.62147803908686,1036.4960020068643,877.3922743910671,1052.4516274220946,2002.1049744293903
45.77514942939278,47.66779095830307,54.224072775126984,45.63428065369527,993.6358986919169,891.6821179779804,986.3251544660463,2014.12675071325
52.813861295489886,45.15622854624743,64.88043950143384,50.78448335998077,1024.043527386802,952.6702524714731,884.1528823590759,1004.6872366995766
49.554866216661345,48.91577422542534,63.83679613062763,48.00891710234342,1107.4699003225674,894.4765450658199,1005.8108914413078,1033.2581553413365
49.91618753322338,48.22231023894906,60.326932529041784,42.18595436444643,1091.4914642801311,884.7127833610825,1127.328332514403,1039.2670112834144
47.57114324615314,48.773217513364486,95.63254021876122,46.28869979144008,2030.4358852517182,1013.4233441126304,1054.279957501953,1016.2209501064928
42.07225677162716,60.70709920531576,57.84716697836668,42.63090418999073,1035.0476731574445,1080.8521960169153,1001.989519931157,1031.2743181416033
49.66608148699937,77.77480886265727,58.7024182610064,39.09912611775174,1046.067827311624,1063.2617698014426,960.2479404383502,1069.308642093239
55.785123493456325,72.8455190118187,62.518893598805114,44.6351414622587,1019.8576818277741,1090.1410588417327,980.3796931729553,1002.2679539196581
38.77088451659071,59.90806699651648,55.66209339016187,44.20735864307571,1050.3950313880287,1058.5534748554373,1081.3202878295647,1020.3078806861313
35.71851732250405,49.323556304503654,45.8194627393614,45.88455100801815,1021.7064066639382,2056.4975955593127,1040.9049527667187,1032.5578202852691
50.61936970724932,44.940629160745104,46.53666995578469,92.83990690958343,1021.4017976078155,1005.7275156627106,1099.757896122053,1044.9752718661166
53.52103764983596,50.55332630184732,45.960866054016286,43.281641191394414,1039.6192981985414,947.324123162346,1104.604291350604,1064.8292049625552
53.01075258726395,46.140823503979064,48.163094786166084,48.07794637351319,1028.5798906116888,900.2971667954121,1990.7299360722038,1011.4898532349794
48.68769812972801,42.581247325054434,50.39662643688396,46.22828386681013,1070.0556016127973,1986.6483294815364,993.9156768081709,979.0870195709459
54.66684631783209,47.63472352641816,56.281782290458544,48.66397293220129,1979.8896156763076,971.3833275407237,1044.8572707536828,925.5384437347907
61.042638285973254,65.34195305032662,58.477576117811154,44.62072185543033,1011.9239679409886,974.4213745252166,1107.5240822640858,1030.7832865024195
52.00105949496731,64.30567727917187,51.407615352882345,41.637701110422285,1980.8074054184005,982.3451924546528,1110.4683131839945,2018.8403456639164
41.69409024997144,46.923376738130656,49.6572485378598,44.45782489723379,1010.0197611255621,929.2371510507378,2064.9783472801946,1000.8482972484476
47.363880846585815,40.35830793433402,59.82980448097065,49.522000199927135,1039.9550090286261,1026.014883476334,1068.7888938908206,988.1955193895947
52.724688118142566,39.49383641222028,61.31697100820088,46.95618761630846,1061.120891040171,1028.1837843217309,899.55203329812,1026.4967943972476
52.62324860655434,41.00311239695022,47.316855574840524,50.68014503740535,1016.1298325339262,946.2356191987114,881.752811194616,995.0020180632538
56.03731767121873,40.15059036320632,42.46349023285251,55.392175916964106,920.7322369034986,1046.9318665573117,996.8518189230431,1999.8751442435928
60.595064017283235,42.942448074842275,48.392613081141775,46.04081784228696,960.4045661053252,1025.796019912487,1036.278444528449,947.4208182014211
61.70529066243347,45.47214927563677,56.29725776925868,42.13274871204872,1058.6983729757003,959.5720438658584,1983.5745108817255,1067.3289879243848
79.55795747074819,49.589067802467895,55.95114787609212,45.19276569799668,1022.6932505101386,944.7028894652386,1007.2580553355738,1019.3121845834288
49.314720129951326,54.07047882812463,50.87672888022599,49.652783034291105,990.787774205276,935.4888012070862,907.4375832419425,1084.3067902480366
48.31549228805734,48.48875422563071,51.64044359339292,50.9222065537359,2002.4114927963415,990.5368625818835,900.0131101518464,1192.3817582332165
44.241537822913756,89.15406001870791,51.78414421003306,52.534425006383756,1078.3461701538358,963.4576121987036,2047.856009659327,1045.53756801994
38.84312066243579,54.21751710583099,57.435506162240245,54.38436514998739,2022.7511843274058,911.4848866224047,934.743336400589,1975.1478157889244
47.952886704498034,43.0807616017313,58.26257691758572,45.84481381051969,970.646837354731,953.3878076739436,2021.8145240850633,983.9724655060586
59.050896889443905,38.59958576397988,58.37064099381209,38.50582694759616,1037.9374698274705,1010.7906269749164,1004.4262650719779,949.1275932575487
49.34799231408364,49.21298428466599,61.081387462307504,42.315027622220796,1039.9358101399696,1062.3297409241559,983.7999084563367,877.7674677720106
51.1114343059546,53.386193693225096,44.883623107386015,42.27550710004168,1066.370978118043,1011.0692576831696,872.6466719119851,962.2417726465956
58.18788246637186,48.687910774181006,37.00601072209182,41.97872994095277,1024.778399146474,921.795836832426,1972.1111241833992,993.469046018231
50.2626719645379,56.0748799013221,44.95502157277713,41.40217680809641,975.8940118305384,1069.0276328146251,960.2277431464778,1015.6356999405866
44.96755849984632,52.064235257746134,48.89392100688561,32.35882776981876,1996.2279853188727,1236.8146185247256,964.0295947045761,973.5263977483188
54.53170629346622,49.482461465173856,54.370096400238204,45.575334070392586,1048.0833079259032,1138.6417484369813,911.2750033465877,967.3487375350527
57.77869351366485,65.65286479359828,60.98199032824942,58.819608153130176,2047.2167746130922,1987.6691978908486,819.5735365559937,940.1949927815306
49.99812684052411,56.81296909263579,56.18609347797661,49.7280897840799,1070.4302778367037,816.8456162407854,879.3893172619931,942.1627122632414
45.42229512802464,44.203096575759304,43.6095011385126,44.782295853954984,1029.169594004318,2024.9781477572947,1015.4364897276472,997.7275384852155
46.65440748835856,48.726188527909805,38.6263079585809,51.05539014471164,968.3085702170605,962.5159142607823,1171.1757746761873,1008.8603103235214
41.81776911029111,46.567398411079665,52.10499938306644,53.271105433356254,947.0121997255455,821.4272233207591,1137.7446300918828,1076.4504686747612
39.31790772834711,52.227837611360826,58.16244762610204,45.85164748913917,974.3137294862319,2010.1535349840037,1009.4479653223341,996.1356759373094
44.84555699392994,57.89695413643946,54.961255063465444,41.02237731882412,1060.1562820797194,1964.7546826430898,1024.256502245936,1992.3544142863745
