TempSensor0,TempSensor1,TempSensor2,TempSensor3,VibraSensor0,VibraSensor1,VibraSensor2,VibraSensor3
40.932490574840486,37.68375787380177,39.66567455167503,41.45148799861981,2026.899437137385,1001.4664114541331,1020.5212878660684,1006.8103860890512
40.94861505063764,38.29831426668008,40.759126576352,41.598432673472324,1004.1261226566123,1020.113151476147,997.0716280240088,1002.4585476805664
41.91345653684235,36.30141470321394,42.5873101023103,42.161549070496555,976.0193309479669,1020.0707331947347,1960.3444553960474,987.368123096834
46.33324023152502,90.60786411208947,41.632267597074176,41.844137012151315,1000.184384070638,978.5379730065838,996.6561809708868,987.0062531815679
46.349766602894825,37.929211185688196,39.80146392544921,43.99213828625818,1015.4044523902542,990.1192498644618,996.339111559604,995.7682602713794
46.172330979853044,38.71959707233954,41.03958271356544,44.72887918268485,1018.3132467524355,982.3716086313764,991.1197672510327,1002.2201890228725
44.67272506963303,35.52882640368797,95.33327230172999,42.79445105745563,975.2685085558057,973.9317337664597,988.2519409800486,1014.1002392475696
45.99312194506736,28.879036275203397,41.30081264520715,40.662529875271815,928.0545814094204,1008.4115392217466,994.9925481157372,1992.801900779433
45.423569584215,30.538803200486235,43.70569479900075,42.43555302831783,973.6832345075375,996.1352877413226,2000.4873251708834,986.0794977773257
42.5695758326197,36.35409121577186,36.44121707810173,44.29834039039924,1026.4306268221453,972.5088728369371,987.382082231934,993.6111829821142
43.31102943466192,32.54163661529717,39.070928757834615,45.423342223138576,1043.319415206939,963.8296028380864,1017.2762959554482,1007.1559879556344
41.03900061237906,34.17933757658574,45.42114408383033,44.236711780838725,1050.6651346383119,968.6144948281287,1947.7074290386065,1011.4878286428964
40.83995030983675,38.45876642645668,44.32754804389806,43.31604495366642,1021.5273782760714,1000.9101550392465,940.8922032594487,1000.5281692037994
40.186911923358466,37.23827121373907,43.19551234885596,44.18051117147964,989.4304089203661,2007.1678074054241,958.2068464962497,972.8707561583668
37.500771662081036,36.72186311728004,39.9585017901644,42.39376306133039,987.6407578424917,2026.1797665377799,986.4755469134591,968.8346698636807
38.11742723846299,33.34968373051566,39.52775405498102,42.65444809843997,991.4637107705992,1973.395445380382,1011.8022825026028,1960.846152123877
42.842444007628174,31.943155270778576,41.806289001796785,44.22099931338849,1019.7010649629362,995.6219906931726,1014.3067738337404,2036.2324664169646
43.21083054317532,35.86662940685909,40.6542106960907,43.61666166694455,1038.3787966386783,988.30499629958,1988.8260882254453,1004.0800819860774
40.546480773816924,38.87215810501499,37.37125777391816,43.81003179542331,1000.2990014884851,963.6496154959368,1010.3541724363473,1006.8369554185526
93.62152084139426,39.258791704122714,37.57226783525015,44.647815089099154,983.1842822999712,2018.4676749955827,998.619825633687,1009.7320519427833
48.84981891738636,41.84791855997118,39.215428794295846,43.95923699080563,998.8510994186549,995.2266599684999,2017.8815137145725,2025.2467567985582
41.100098492035265,38.43426765617885,40.14996124378002,43.152590157291414,972.5869010706404,2025.4352665399724,984.6219756489766,1023.8229561235753
39.47845467108174,35.124583047961785,45.62858533195826,44.174410655357335,975.5153028972628,995.8422110242461,1000.733173186337,1012.8385958551521
41.31667087015167,36.606392056655594,47.81305114434465,43.76297240023794,1011.054851136113,1006.4234132582181,1011.2975603622292,996.0345787342117
41.035808723493794,38.20375624604512,43.0443302713023,40.81617687456713,1043.150207674127,1019.9715150737384,1011.2106499533655,988.2332385931766
39.790386394206834,42.3282860495258,42.73012652517407,42.089517501291525,2007.6817402842405,1009.777627452142,1022.2015842949048,996.3374388607668
37.03424770380859,41.282264845594355,43.31536942441802,44.0939485252066,1995.5037835765404,989.7794510244464,1987.694141903363,1000.2597879935626
39.35021069246799,35.75477114315936,43.37724609211215,43.066059260774914,980.1833265209177,993.3968163381571,1983.0197028269838,996.9723073971254
41.04532625343045,35.400345585552024,41.751929665197125,45.08293842975667,963.8966519604365,1010.7294582945121,984.2890295435341,999.9098505784344
38.5008009427468,36.93624860827792,40.799074402308804,45.82052134393814,996.6956992224026,1014.1192753950505,1004.9307453840498,1001.1686830987344
40.24427222152322,39.57829292290347,42.1037899690817,45.6765836876762,2007.1509779849966,991.6302266005653,1009.002064282346,1970.0858134564658
43.660379288246844,44.22572418986918,41.998245379068194,44.28484335527327,1009.7780058036983,991.4146931456846,1008.4438521289215,1005.2599144048892
42.243886989780904,38.72393058125273,39.32105816661783,42.69544730337357,1011.3371966134623,1964.6015868506129,985.5014495423117,1010.1609287585757
38.32345030680489,34.26858882415236,38.83621046121919,43.36027375612366,2013.3790386363662,1998.8036303897484,974.330115184908,1005.718666011011
40.12577572077375,38.48153582779868,41.27759127917656,41.724466279973655,1043.9140067139197,994.6637109058684,1992.6407085877165,1001.2352148002517
40.45435850927812,38.69872236675723,40.76150838875635,41.33782272100196,1056.5128678368687,990.1075795921686,968.5925319421294,988.7613170396542
42.255423940884036,37.9607499721332,39.771501589618296,42.59492745830873,997.0833851904816,1021.9528963747479,951.9453491860545,998.4701040646823
45.36469356935915,38.10067584413295,41.22253463790461,41.58510400781286,1012.8299708041119,1023.4422794875165,975.2851269270767,1006.3004584714124
41.39794095013889,35.37979855207602,43.13786164823456,42.84056862851364,1990.1859712403034,1031.7336469831725,995.9915923093359,999.7691688763994
39.585014469479646,36.29136496526479,44.83702906132798,44.57999689083464,1024.7969423147213,1034.9936496204311,980.1740948242658,999.1442307973527
40.926274551496434,37.44850324482039,44.810074224686424,44.22570146544082,996.7522919665769,983.814125948969,973.682213615342,996.3885616160117
41.568331189100235,37.86713100861917,41.1891025690189,49.965438072933786,1939.386565259127,966.9548772482372,1009.7753767480291,2001.7457757894267
92.79091128116883,39.41002777479931,36.626758610831985,48.9071502074338,990.8862222112439,1017.6467781127125,2018.8519233398797,1006.8516043676727
42.2375328380579,38.274250493099814,34.60776260410829,43.17528787197833,2050.4932217889086,1025.540111546678,992.5123443468412,998.6652210315916
39.0174893374787,38.03334597009247,39.74316158817708,43.20725135202746,1047.5661823470625,980.445922977232,986.3580507098685,986.5621370525453
92.13359327772528,37.89297869680976,40.57812701347609,44.133457258293255,1013.40926491548,2039.6876257654458,985.078619079095,992.9229967976449
39.19031988265602,40.53153705294072,39.210977693282345,44.55010342446823,977.7976321872331,997.5723917856541,1992.098651113043,985.4938931585848
40.122637803103856,91.40444670855379,39.59202761278878,42.26160458022055,980.6974699397246,1000.3234136903769,1000.0740958602541,1994.8039903685337
40.77459506415956,36.105220980148296,40.07933207104686,43.879947618321125,1975.754911389629,1025.3226917830239,981.8558987372583,1007.6893897783968
39.11136183070277,39.5155771909251,41.777459629812384,43.67045375723616,1969.1883819895456,1044.6079192510745,998.5889743993419,1001.9122056330069
37.53706904895943,36.27443770222103,42.432498830265715,41.90067023500245,1003.2565290330474,1019.7894674079447,988.9782601499744,1982.5408705177072
35.086677234375045,36.03874581186844,41.70073593951017,42.39539383267622,979.6028783561965,1001.2868763493386,998.2776746980028,999.4867684748695
39.614295801288904,35.48674245712104,41.153402542390936,43.103595341273035,2045.4750544952722,1001.0648287649415,1003.2963176626013,1949.8980601145238
90.87089917197346,35.785057694028424,42.090539767931375,45.734241005654766,992.3327214437288,983.7113870108225,990.2469644015904,987.259966127437
38.991258161880644,37.44097760402242,41.26392867582568,44.78398035080072,997.3918431642754,997.4724883596766,2000.182206944163,977.901386440675
37.27113622651716,41.64604838201916,38.393017226598815,41.16125332634819,1033.173452254544,1012.6171280021343,976.4806816424373,987.5569596037441
39.812588276142094,41.1554024923554,39.48114006951843,87.38661892463983,1989.522079713594,1005.3051306194762,986.1417547110229,1984.8880271559601
40.1337970172799,36.11827478601421,42.216189236519995,43.96361236720811,994.662839426645,1010.9102537556919,995.6116007028779,988.8803569139342
42.33916428355619,38.402752585371736,42.0448785127165,44.66842979947899,1029.698153480829,1004.0592007805792,999.5468790602215,984.578721274439
47.77745212235311,38.39106985732891,42.80072920766761,41.233582850200385,997.1262064518298,992.4253787529694,2021.7359562999886,2013.1521419004123
43.9894700757539,39.4072469123694,42.09233441577996,40.203286827224574,962.8911543930653,987.1111534576546,1029.1572184220786,990.6015041475907
40.01768057819201,39.18412020304468,37.91034174775959,44.89440824041823,983.1575664688114,989.7410787847423,1009.2368706840837,989.9506408141833
39.52790585754897,35.147946817334955,36.5595714598703,43.65874839091966,1017.3030102044172,2031.4400407142175,1000.5282604427239,1003.1930560754853
38.685746767815,34.0645152603242,40.30981270962859,41.288938225135254,1011.3244910309072,999.133107767007,1013.7165625641388,1020.0908824856842
40.03202360999015,36.885513920247654,39.91363782598011,47.243033885939894,995.8004471404636,971.5628312360029,1004.0946818642401,1011.9479530013493
40.555483997215156,37.749594943797746,38.87963528639719,94.26527457899682,1940.7563957879295,981.9913356590298,991.1155166350106,992.47533006224
40.46970603585028,36.4946198486715,38.97980614912851,43.24032781994665,2048.706160087791,988.261725445843,997.9793856804081,997.0998325459225
47.12606332316562,38.21126960532319,41.030743496871935,43.05906700097857,1012.2917141273226,975.0799135460961,1017.8990026959386,1004.2742885431223
50.20350770223345,34.729760170715494,43.931769975033035,48.182954713831165,991.5137080574211,997.1305879115163,1008.3740457960561,999.9377753473731
44.48078394217465,33.89937056214297,41.823303781423725,45.65477676430344,987.6022671107489,1009.9465962671072,992.6938734434273,998.0811923426795
41.748102867009905,36.38108911618715,43.52942042890345,42.06203405216263,998.0597622975444,1006.8710473050178,987.6767398990495,2017.957853010528
40.33578302196207,37.223616470831466,46.366120089760784,43.71295008274784,1003.3006967295679,1007.0919899574532,966.122884192433,1001.7983799831889
39.608348475125,39.157682550148245,46.39326411150793,42.241074087986064,1988.287073776265,999.1255486860214,967.682604375593,988.7999749625416
40.67718888813173,39.84004754401958,44.41204053260208,42.84665321287444,1062.0295217256325,996.5885435205782,1990.5911556853137,2003.1834449314024
40.646707196227524,38.47755744136027,44.601564709193596,48.19715665159555,2046.816165971082,1956.987760906479,1009.8658509044152,2018.1900321502196
40.66498212051327,34.025492712552406,47.892360719592645,48.257611287399016,1972.0688275055952,986.4795354354135,993.0736379773996,985.880687173397
42.6603437076811,33.12490004045174,44.87543967434284,41.23193788446564,980.265415728451,995.9274148783829,1022.0471802867714,1007.1572678790183
86.9564115384175,37.6107143732321,42.84863620917625,90.582323588353,980.2201170453066,1000.6494536093203,1037.2108700458682,1990.8322718800723
42.31712951385114,38.53270726425956,39.852873595767946,46.23479086226047,1035.4356096863416,1005.2887051707039,1976.322776442136,1006.3712752725294
40.419375597712396,38.9135725919935,42.74636053499118,43.58827765573713,1029.7499511925366,1015.8367796796747,1968.3993248925597,1008.2938610755325
41.35492617940268,43.805100754581964,44.272535100363,41.617152638158586,1998.3924576718512,986.0004174685257,983.1490728061904,1016.3082852032126
44.24865946036775,41.85032784147373,41.02845645967879,45.80131174443754,983.8374336385966,980.5403574697032,995.2267307808095,1011.0596458866064
43.43302223059668,37.47745196081408,43.09209420668458,44.56474198315021,2019.087440077246,1008.093646416648,2002.2204235936156,1001.5906031801352
40.83842881679226,41.57895024825986,40.965296212753046,41.49019587230271,2002.5822629534136,1953.8673585712984,985.4015697949012,993.4878466917262
39.379124809613856,42.605678497235374,39.419499494205546,43.02773976788486,2041.6934020108802,976.5222749613284,1995.8386657933213,985.628217272935
44.81500159651432,39.10631788979651,38.19903634736748,45.94143452886132,974.1038467480178,967.0284561820334,976.061290851675,998.5365807891601
45.78149913684043,39.31003756825415,38.84468093307724,44.61277875289479,993.97860147137,984.0870035428277,980.2167870608591,1988.8535742912575
41.70455106347971,38.46443778808405,41.91766834600826,42.552001448984576,1027.4288069772142,990.3089765476225,1003.2376221298775,1001.9791960356251
40.826447977580095,39.16901233820268,41.93862214247463,44.741788940745046,1027.3424378559134,991.1163700687166,990.3438358451658,1004.2559398270196
42.68318230068242,37.035484347098404,94.27654788189614,47.21167314184944,1978.1343015250986,996.17259464944,2016.7720679291522,1014.7106535286708
43.306983540444925,33.66433990945627,46.13789952207112,43.81174097991721,1002.3366431412114,1963.8838527001217,1024.9696623929412,1025.372980538472
40.3609778097194,37.735040833385796,45.443861832714134,42.4513669234579,1017.5403849811921,988.4960289832351,989.8540011676209,1024.5724089227854
40.53830547491866,39.239506638881224,42.951703376045046,44.564485017205556,1037.0228875174498,981.5892152244354,975.795239739071,1008.3655367293288
42.244850583913745,39.06015104968026,44.30822689143484,42.00706863871953,1004.3571745325526,2019.5682101932493,997.6346463673108,1001.8598212078319
40.9262951228182,40.653020128101595,41.23620335674634,41.9196175175623,968.2671352927609,976.8713439335401,1975.0931240989132,1000.5790100964523
42.91243573501394,37.92511271400628,38.60118795962809,44.57242371325846,982.6295955986216,993.9340874599413,1008.1548405506562,1982.9717839306593
42.372787026965746,93.39830504075981,40.48830210179568,48.62138886943585,1998.358060405171,1004.0597919347498,979.0972772779642,1969.66235272785
41.034072880843816,38.780646081046754,41.35019472906582,48.002743399069786,1017.9353934928763,1006.3729682175219,989.1162667505325,1003.8850896914632
42.70682055931784,39.04285635407083,40.67104536575805,42.442977780750894,1972.5192680647,1001.4436040895348,1012.5315931453947,997.9991779713376
41.284540050451604,36.08054071018564,42.18104327352817,40.6792258747097,998.6583790646605,999.8642070823321,1033.5024723175115,996.5973902756466
87.73433815868427,37.68757575589545,42.15618252572832,41.14828902344787,983.1351698706537,1016.6921733868087,1029.0842066924142,1004.515692563722
40.428949778171344,34.74692107599447,42.865296487974106,45.780508064225785,992.5201482644509,2005.901433113483,1036.3546219602822,1000.0743830723106
40.244715144965284,34.99257121180964,43.50315318479029,46.17146064451731,1032.7479482255178,1934.4912268799135,1013.1879603883101,989.4970965531095
41.66345611587903,37.90065007910472,42.15200877032379,95.43951864731511,1041.0802582925207,991.9046153145846,1003.4811247802684,987.8394066135832
40.037378793676424,36.98942036521491,45.863760267617586,42.80046922621166,1977.736413905715,993.6878479648716,1018.3197195885067,992.4036579445981
40.06040619705084,39.757001948478276,44.31272724500799,43.076453851405105,978.1196961908649,1979.5434361915231,1012.2041871864649,997.3354123172426
41.94313867598434,35.50463190930338,42.51030770087639,44.41744732349538,962.2800468469793,1000.2153098269966,2038.909513896476,992.2808250757155
40.91219618884808,33.5127034332516,43.1675115283226,42.79998014985659,977.1665648438741,1000.5141948100639,991.8955293626441,983.8223283403681
39.504983704502905,37.12764703249062,42.663748445271686,40.835596930004456,986.8793694931708,2024.4195771494851,986.4235862106254,1005.604680364716
35.64552759027205,35.357561949659775,43.21333624549935,41.33382034879611,988.331758465161,1037.782050281248,997.7943446940894,1015.7206860734526
35.30804824312868,34.76228967056798,42.27552255801881,39.453194016277074,2047.5872842169206,997.7933936850477,992.1064141862933,988.4376822403378
40.02334401200958,33.060214504019434,42.579602647110974,40.334580397873594,1033.255222919616,2003.8066307184433,982.57319172031,1990.1746430200938
92.31636510892125,32.81903535733793,91.60000231006323,43.24244251190626,2048.9571441056655,1006.2216514454947,997.7386233056676,1000.8676460121901
37.300615924485555,36.064144549462995,46.63826729077431,44.52213785880878,974.2206885088557,1981.1363880688014,960.1565414551603,2043.5486022728157
42.26571807988847,38.900774593509425,43.83809330487815,44.9929745064327,1006.4937181798873,986.6214985547472,2061.997932741499,1013.2160455430328
43.298680481028,40.0420965404908,41.09815899024827,45.07657378937395,2042.1583211352347,1015.4067450174905,1000.8526716047214,999.346870833198
40.76360656264086,38.94594684967499,38.242929443763884,42.68403523748418,983.2959287085107,1966.0059917189872,1017.0598099796892,981.1531786032835
40.63606789866333,38.17669455706198,41.76608534500185,43.757606863331034,2025.9237679750456,1007.1634614396888,1996.3719625372646,987.0470320703625
41.156276214166866,36.008525421695836,89.8269472898829,46.6109125577712,1046.4502957373597,1006.0881861286518,971.5169273547453,1001.4676150120501
42.05607169317979,35.66032805438365,90.35669513937337,45.43894608134566,2046.9365944903607,1950.2412122181406,986.2710157442586,1992.4577716369736
48.160964130879165,94.5030993310584,40.811426567862,45.769841805580754,982.6618537151135,1022.4107321569138,1005.1551120607237,994.4063926959022
45.26508352890459,36.40925377223986,42.03225551393048,44.346069821261295,1003.3543147757655,1986.0960595891895,1014.2628449371596,1007.5033997762973
35.95352971928517,37.685507692293086,88.2045432259352,40.54064504668439,993.427573552942,987.388441670949,1010.6256758954677,1003.8720635771001
39.439989142433355,34.123303939841435,87.11135519809318,41.51844666590794,985.0086343592275,1995.4996218508857,2003.2875682797844,998.0015121396953
45.466316229095085,33.106730007330405,44.16275675679975,41.700007502615136,974.2756255678897,987.4427329911557,1996.6787243473784,1005.5751767677971
45.35600042828581,38.98998815164066,40.617292656939135,40.02436269561634,985.647251624172,1984.6087772630626,1005.3664916043008,1003.4167920471973
43.43084481118074,39.23673531919005,38.90896755062767,42.37214806824974,1009.9828651405,998.8568116923137,1003.1964251845377,1002.2826197740947
42.31474829335731,36.58206051295278,40.96618672118635,42.789652195351565,986.8679641738727,1025.380727605464,1995.506942640669,1995.9322146221614
39.530785487362735,38.4727313188246,45.34548461166638,42.427180671155526,982.517500283685,1035.0233984129504,990.9422049050122,1001.3446871457941
40.796275447566025,38.071662697350085,48.68724768092671,39.5015997877483,1007.5525231470378,1013.5406697275162,1007.2712289604939,1014.2791892157084
42.799171616270776,36.25640719762473,43.70646017009124,38.61472469966604,1029.5374000824304,986.7593432944747,1014.8993596505445,993.8156155828776
42.86146447221626,39.03818345930124,38.0194361238798,40.82301846217055,1041.2949985663317,987.4587989338934,983.8560229705929,998.4314829117541
42.741129489303944,39.343358200227215,38.071671274208335,40.71691276221635,1016.4038976094008,1986.2963179985654,988.5579765961141,1013.7675863726671
43.52810861613804,36.14353474936043,42.211876429352586,41.43885512863389,992.5232628713159,982.336659491887,994.4296331648088,2021.3560889742628
39.832472087866684,31.972036883476257,43.147327839676095,40.96796120864705,1010.6255787622569,994.6358508443911,993.9435904526895,999.4767425584953
95.13655018690709,31.2048584246901,44.41430298746014,42.83530741727952,1023.559822472175,1021.539756762335,1017.1882527126292,999.6462676223341
42.91864593286013,34.64543503202252,44.34766819421392,46.44558469799705,1008.6425248137205,1010.3824433615378,1911.742258469263,1002.9391033729596
40.79158664816282,35.06443481587719,43.917002770934005,38.45311142862417,2009.2577775962936,984.7966938590494,984.4204814681492,1001.2660169909516
44.993151209069325,35.55380375432213,43.72657185876973,33.926148532591654,991.3406950074747,970.7346922532527,2024.5511028010885,997.6014065235319
43.69015890577487,35.24625024967189,43.4485980724002,42.1865902442848,987.8886140543472,966.003209579993,979.1009201355098,1006.4580894699664
40.33388137241326,36.85994886902982,38.88434842175241,44.469969668069396,993.448159244792,990.9794879860433,980.6764033878571,1016.3437364534994
41.435831721313406,38.470690842065494,37.74823865454151,40.59732569837152,1019.1711657788262,1024.158401863259,1001.1532441176055,1025.4911659571974
42.351635955065916,36.18863685838835,44.37668550069806,43.251474015167624,1021.119556089008,1013.0371644344859,1983.7663794198631,1032.8349355840387
40.43826053128879,35.74175807987405,43.40487802127669,47.98531678729554,1033.1709129000321,1000.1684376774331,991.9838859043361,1014.7601674382554
42.100423485033545,36.064450303393514,39.10291422750293,45.779902990478064,1032.4536986628145,1011.6775372077334,1014.5896089475873,992.0801519730998
41.91897637853252,36.98109997908945,41.700807165247966,42.111577533558346,1011.63087424175,986.4880012439833,1026.0236377377223,987.2527052704006
40.77042771488153,35.84222287732931,39.57014183601359,40.75601168728853,987.9609458509972,979.4308803494191,997.4622751016193,998.7333484634945
38.85339510969937,35.60521218684785,40.702482413826,42.401470973893296,2010.809296144,959.1032265695083,1973.772793202948,1011.6978485418708
36.17025361838827,39.15907657520255,46.40901592244922,41.887680763112336,1032.1669176944088,956.7877909546379,975.0896444606503,2027.6989617981021
35.723422850462526,37.12416743151718,44.61559649887253,42.81196313644547,1025.088370173342,965.2530924647695,1006.9536506145002,976.4923663008519
37.90147094709042,34.835321707311806,43.374131117209785,90.0454904903624,1968.4153607957683,1981.5262582933437,1000.6884376928231,994.1871222627091
40.55546491806943,35.71121672991764,44.73672786906084,45.06705629581599,957.2068807319451,982.7717665728937,977.9069502292475,995.2161142832385
42.60248541179621,36.934537476692626,45.254634692371866,43.458692069089906,945.7434678236209,997.4473814419495,978.9939711128238,2007.137973344517
44.27062983960272,37.627613051859,42.98995176707275,41.73839198254187,996.0713305013691,1027.441476712259,1009.2562719880452,995.2284639446259
43.11137035805248,35.11703811789083,43.33980701710024,42.335132743333006,1016.2839967561184,1955.466949514584,1018.5029090084506,1000.9442166154168
41.03182687328949,37.2149775955986,46.147302623175776,43.00166587343864,985.1285744559364,1023.9848964926897,985.2080773182226,989.3073420060934
40.37523863529083,39.024349186899535,43.50831124872936,34.37148578721409,990.4823209373524,991.2987361728412,1001.9195054973508,1012.8023904994272
44.14709832552411,36.83022193804749,41.59177061189256,31.726801521225482,1002.665094682844,2034.4046525688464,1016.631875981903,1020.477733688391
44.28552375096591,38.145619730613376,44.57507629741534,41.97292528433802,998.6925784595016,998.8778933599594,1943.8034735041279,1004.409512234562
41.26604950711819,39.130366191523756,43.20364365459293,47.471812651721876,992.5841086062441,1989.7032555565431,2034.3556601278833,1000.4381768475081
39.85050134193605,37.42612201759077,79.11956013275382,45.33833916603,997.3872910679786,978.9282987132916,1000.3724196881116,995.3392271984826
41.07419812553509,34.85950386768815,39.9097474668203,40.038987746535554,1014.4617115163294,985.2535461961777,1002.309842487264,2028.0120605266354
41.21285055137457,35.73002146978299,37.28550387490437,40.317794052165425,1002.3802169722062,985.3544350176252,1001.3421355843637,2045.1340970540623
38.5456944965202,36.493085007036726,40.429222235332574,42.68027232634461,1019.6642685988991,967.4213799616798,1011.3808344209071,1001.6349911417433
37.98371206364291,37.06171211661383,45.870142805594824,44.08127283145064,2010.7245049655373,973.9774992519451,992.2878856646139,1001.422704236011
42.80445466085018,36.51223796451057,44.21952679602126,44.762967504124475,1991.2212218116356,979.600923638065,991.4891612025768,999.1886586295682
43.33159220073631,34.634243849958665,42.35664998651025,47.58178279921691,991.2628765556346,965.2146114105243,1011.2835590750071,1009.1737745802916
39.437459655368144,37.41619872367195,43.593174002019595,47.31627320622147,955.9917359093605,976.785039190715,984.5432392611435,1969.7181370310423
40.95859436038032,37.93862783460717,42.103875071256866,44.155826102646756,2025.1293726524502,980.1882254011209,1972.8301163031772,996.3972813583148
43.43829386484918,39.15497996717279,40.77633590018165,43.345438763764676,980.8414049963089,980.424724647341,1004.5188478109169,1969.728228214083
44.694011607534236,37.673943518649665,43.132714382498605,42.158749483368545,1980.2366292306938,1017.6995501158681,1008.0046921146579,996.0823503783422
40.86423886703016,82.71360022427625,46.84522119992732,41.271005552086834,1009.3255033540815,1032.7597479507065,995.1154184344019,983.8793659092439
39.925596345935844,33.82808789030237,43.45174736380011,40.526191403845836,989.5218677027221,1030.845045338537,1996.0961667871293,985.7343496037957
41.765460672282764,35.14937478468438,39.46132392912242,40.77760729176828,1025.896156451602,1011.7759254502082,2022.585238471378,1002.1160172478448
41.457867588131464,38.16726451129991,40.360887586066205,41.03315076384378,1011.9682914500519,980.6879477299387,1997.5743646142978,1000.2294629602341
44.87380413068321,32.43553245150913,40.683708986172206,92.34328810549532,968.6911038518538,980.2911024791654,990.3366753688889,995.4864876619886
44.13931457335336,33.15893727368684,42.13369248005078,47.44441592849497,963.8990673318617,1991.8313388395818,1004.9046028530016,1000.6344933522819
38.81839416662275,36.43017064511491,41.16155873732707,42.156347748990385,985.0829154371645,1002.5479489816371,1019.5840904071665,1005.206412790079
36.62665405393287,35.82829126957764,39.11982860709227,42.60771056324832,1011.1824760014681,1018.80869775378,1017.1519261181847,1002.184839819017
37.19659301380702,35.809396981559345,40.03383637164675,43.76943148738128,1002.600402356849,1020.6594722017732,1030.7472362359129,1004.3035318170149
39.486343587641464,37.842126545301426,42.0126294246498,42.88464645575867,2009.2034237886437,1950.0577123468709,1023.548647487135,1010.2366713125565
39.72540941156703,40.63836105493233,43.950705905302144,44.41424181098738,1037.0152221413914,1027.7853960017676,998.3233732332119,1986.128861287034
38.128690144025626,40.04866559534658,42.92807027165861,43.763167805990776,2036.1992634090063,1033.5939867330958,979.1334266913914,1981.660778271076
40.58032353764706,37.93825478230914,39.422188069932865,40.82138173175868,1996.9006279003033,2037.0032213235825,1992.9700167958617,2059.2343687016737
40.471960024638676,33.193336413099814,39.16717384555416,43.88535951451428,979.5860063263533,996.9466704517291,986.5553202012209,995.5677305775944
43.10324796537881,89.65002515044863,40.861822999721056,46.28479971020207,997.526752799318,1012.0893115735389,998.4596246812332,2054.2235601986845
42.8807711750369,37.9225003232782,45.16165912777154,44.03476441115495,1004.4363171722443,1004.8325113825974,1014.9162830866787,1004.4699465185181
40.46356681998316,35.43836864901908,48.47915513928907,42.13535933868799,992.7139929792592,1000.1492239589993,1988.0303520121172,2031.7361683225079
98.82313369101155,37.32968448775644,43.51481113137077,42.69597220064721,962.2853812524327,1989.3675407627682,985.806839052254,989.7157106077893
41.47675756434505,35.989848608491954,38.56577540819045,43.14730844273119,2035.597873555274,1006.6950063703697,2009.9139599513708,2053.6944539259675
40.880867176929854,90.47577546767285,43.05289698041265,43.1926710909912,989.9886771570937,1021.8199784191058,1010.6264024412508,986.8658081578412
38.190354869598536,36.403564434354784,42.49223062986476,46.196222504083835,985.1965365383674,1994.0855121744753,1014.2016536950553,2073.5586173018737
40.71197723061887,37.2374453543164,39.70685156921853,45.288940524567856,983.7154431852962,1977.6395284524156,1001.959006257139,984.6372632786984
42.00306678993525,38.277739296392284,42.621796731424276,43.03488207976824,994.971615425578,979.4688053003606,1001.6198220345898,1003.8058429287211
41.06264833735693,37.5849040968197,42.20527835967976,46.99433891750109,1021.7981182166066,2023.2916980290229,1010.9260959303639,1015.3899987140811
40.111280630190905,36.30469732043463,40.82371563213727,47.26061690818268,1982.7253268280963,982.5461831427276,1019.5097487290832,1983.612317554446
42.41750352266897,36.37276152850045,41.27945338659255,43.526895317815246,995.1366736694142,985.6452113384366,979.6011272898501,1002.1331877366508
42.908729290768,36.113875917678826,93.24004107213213,45.41567457224294,1030.0519042606254,2037.7962678609663,988.0284513114107,1012.1653164492177
42.537103219706836,35.95762657222123,40.40130847482822,45.45403690146726,1004.0520531524472,1012.6059096760941,1010.1815126853513,1012.2032478093192
43.25653759231189,38.5242214083109,43.067685612997685,43.07027511791976,2012.7112498124352,1016.9339598090226,998.6576781228173,1000.9491992209671
41.13274495549295,40.261522309425004,42.05606264283672,41.17259964584632,938.6151223537311,2049.107113056145,1974.7990165056515,992.2782258209274
43.63229714010592,36.50450711303637,40.75497926070406,41.147297532627576,1970.3892884472314,1998.268882436023,2083.9798940540404,1978.117934021021
43.488597122923366,35.47336196117127,42.960111730428245,43.579466542310755,1018.1086620370049,997.0321088253065,1023.019404396741,1012.5116088155376
43.27677784989622,36.46530557551765,39.825165885131426,42.31192351593769,1017.7316104124907,981.5332622722012,1006.3115915785102,1004.4773136370725
41.35428164084544,36.30038471679654,35.42294064145604,40.92693112569968,1005.8519717713714,961.3276029126055,959.9362319015642,995.6222529392179
39.01061970600912,36.33196724128858,38.690215984260945,41.47444350716279,1028.4284811421157,968.7378530859309,1977.6286549424635,993.6044740524285
41.63776134446971,38.78763343161967,43.896804951506965,42.79137620470142,1031.3398861761405,980.5768030118468,998.6795361892986,986.9181749374379
44.38825566998314,39.75211511759019,43.94266581192555,47.01372825333663,1005.2244182039153,981.169778137149,2040.6271720444142,983.8829871686796
41.51566694163165,36.56511247533142,45.26270842442197,48.66735193293347,998.6859405548847,990.2842143582445,981.6978618256007,1985.149922201677
37.656095852545285,37.852202339322325,46.985680811624846,44.02171721929427,1017.6076561372007,991.9225860907657,1006.3824205058186,1005.3416482772091
42.305708014162775,38.82378354606422,44.79776502104133,43.40548845416801,2001.3020753847213,997.4866419897114,996.4381340679598,1938.6472138017982
41.201805634364916,33.58492150321979,44.9129509501451,45.936543720893226,1011.7835321845191,975.7900590733108,1005.455727811121,1006.6074644072111
43.508340032634266,35.20414670860824,44.13253013531713,41.9314782996577,2088.097262244576,963.02008465164,995.7046600234476,1990.6111313725776
46.075226824120136,37.19234129971171,43.86944553821269,41.56089386794259,1991.934013330032,994.6515772374792,2036.5552446065826,999.0657737018453
43.56301255584586,35.82959616343095,43.98073567662938,44.692004231249,1005.6736372942446,1987.396818674132,2038.9174165050524,1005.6683082657254
45.34760068438278,37.03480370799848,42.70578662099623,44.7673081649272,1986.7138520281726,2027.038133191314,999.6197694232417,1001.184478363313
43.703804988350186,37.12902173989371,43.99947139112142,41.57085774203078,999.1494142896281,1008.9495036355167,1027.0472240149265,1002.3577210888491
45.767055730333254,35.85015827752838,41.55707753188648,41.85107373251421,998.9934494848212,1012.0547446673042,1018.0087153095191,999.9623402703629
45.84281405854178,36.1054888847893,40.411695920263966,86.99325736704499,959.6908359467209,982.04659807299,1028.645283800691,1006.0444574261841
44.71783491643907,37.69094421968688,42.3390961483495,45.67415412283633,977.3449317240293,962.1040841964254,1019.7792919154213,2040.7901065037966
41.021963875950064,39.680876270492035,43.49438813747125,39.40042082664539,959.1975648293983,974.2678988791878,1988.0947912142294,992.1887839624073
38.946261836381765,40.18953042040312,42.99965575886149,38.04279484222735,978.8483042279858,987.878859548626,1967.2293550935415,1013.7845440279073
40.03890555984344,34.6610508821074,41.49179099894185,43.631339345649,1011.1935633902559,1008.0172372381614,981.6868563286102,1003.8102752163782
38.79238995916501,35.57736135835874,41.263673113356134,42.70148326382248,1024.9297516747442,996.0052586126676,970.1641424046321,1009.0253478265763
42.135186515279244,38.706619554315054,45.5275814653408,42.42709762275395,1057.4995065106184,988.1597400449557,1019.3175586118595,1013.1288567284316
43.836065929547146,34.70900060336962,46.203470268352575,82.07130292703113,1053.2771260735094,1001.484009714768,1008.2470273638767,988.5963654405643
42.46222093531857,35.149733102559054,48.28708256570806,40.75478613520532,1026.768839833439,994.9973092985922,1993.2603979026237,984.5380974411114
39.13577788454561,34.57263931361146,47.34946236444931,74.03904749880058,985.7496526064982,985.4631556810114,1012.0258679647877,990.7829589033921
37.95020171689446,34.86310208487248,44.50228757138243,43.34484488974728,988.5701517445381,998.1363614097505,966.9030947343189,991.5951496699522
41.896605961206774,38.58938082134863,44.5520364960596,43.59669738169205,971.0049288452724,994.8049556209329,976.3267804540365,999.0994029779063
41.09893350523588,36.9212277090743,40.29421378866889,46.53843244190506,1997.1007908497163,998.7872374873708,1001.9077484725483,1006.6692271278519
40.46982981249107,38.0054443832864,83.086860468923,46.74436313853125,1050.9941193929878,1017.434940632924,992.6158080778062,998.1424229729164
42.15635860759723,36.50571812660195,39.19516713624658,40.45082428361832,1017.6106138249316,1008.1816470575159,965.890630795594,996.1509749456839
39.71716557125109,35.14609990602526,40.72476663967748,40.70221884693373,1956.89236988576,1022.8232811027195,973.172187416471,988.9708747532575
36.85527694236181,37.82440797097432,41.950426924028235,45.65501365860814,985.5177758910606,2005.598058715549,1008.7044706808931,985.3181295108333
37.565579947425945,35.90610050040003,45.38637321613763,42.21474637334423,999.1182437582456,982.771636603017,1973.8383970381678,1004.214203037943
41.270363010795855,34.65769865812567,43.80818531939825,41.25318121765218,1025.0278485621604,990.0421228213921,1035.565183794501,1019.869039954386
43.42931122060642,40.29587039123962,43.24256279126101,44.47199287457008,1005.1142789594589,1024.257611638619,999.9543336923628,1000.7894348951086
45.59702452825036,41.077141658241956,43.838300208627956,85.59129686080855,1022.1272672600948,1016.1179136022054,979.2796734664622,992.324066053864
44.05354118773741,37.29941532854226,40.677748419654435,40.696102473570605,1014.1511502034145,990.0203559443337,974.4105175992564,1009.4695672778973
42.49763748898711,40.32970677070813,42.42414048440041,41.05555569999516,996.6555767845668,994.4802982039066,1978.371068266854,1006.9850865794617
42.121006252561486,40.96314923638181,46.90899908413117,43.987498587854276,1006.5843447347418,1942.7284338797615,2005.7371723898082,1018.0909753686637
39.25918794596519,36.385114796267935,47.149201633695924,41.84465131573684,2034.9075196010085,1012.4677258602838,1020.1559164254161,1003.2670373213136
43.963633531147735,35.186773034955756,44.16951026689697,40.98353697226459,1019.1193209327723,2033.4950470211368,990.6557462813086,985.1561398440437
43.7428400137087,37.68355756720723,41.72318885640961,43.017842784834,1007.3415147632338,994.6151932335404,1009.3936001961334,987.5104762738781
38.64710464494571,35.55001206194633,39.13478860089059,44.4786257845461,1980.2609969179823,991.9177545981656,1033.3463874103186,992.2420235583279
41.63808779031347,35.419990610600266,98.1539436921478,46.28226701650181,1029.1846638454842,1011.4537780564028,1017.5232442469951,997.6580793536275
91.15770320114454,40.37170372321279,46.983093592251834,46.49074977620708,2030.88533321673,1016.195363133909,990.2063659096191,998.7388009881851
42.02480989394057,38.67079051064437,46.039062431964396,45.12627956521709,1004.1872942109084,1001.1173127272074,992.0411612608559,987.4404581995366
40.48855452817647,40.01584831080895,43.187458555913665,44.93127514931132,2063.747215619594,991.7730119235887,991.7237219022297,986.502611151048
41.7588612583113,40.54763631944755,39.5381437627351,41.2512945160627,1008.0736789746597,1010.0549778015147,974.1811469231803,1006.6796746351451
39.946769307317794,37.55989758009069,39.919891654230156,40.019964321024446,1981.5125831372393,1026.3821355499065,980.5830045322732,1000.7584220580377
38.972871987014,38.23933252092145,43.67281367714762,41.77079932104768,1023.9397600769296,999.1212576361261,992.4322046529591,999.1318091332897
43.70545143811589,37.55826781670201,46.411937806553425,41.99868198266579,1019.8725897363604,964.9114138731738,989.8246262502269,1002.3178560658936
44.51621232395392,34.96086149359692,45.566328168541446,42.33600397844191,1000.9782155196426,972.5665657831552,2071.682763670075,1005.4049675932965
40.465393434870826,35.339169171514854,43.43287781479985,43.26443661106119,1994.8563250343477,989.567946382147,993.571883277275,1018.3895280569373
39.93176143968151,38.9850489636398,42.0443833906514,41.968233310358485,977.0105326898374,2008.102122943636,992.6291494366662,1027.7765469778965
42.738214851517505,35.277145379342,40.8314345013884,38.853999782255926,1975.2055822488003,955.7783439655128,980.5051771813341,1020.0197572179402
42.03496527104929,35.67201689087382,41.888551842808795,39.95047291165238,1009.6999801894818,985.3281337488656,988.286687016835,1006.8860330479853
42.00174210764507,40.937712554609334,90.43129448641653,43.339137359344974,996.381297375651,1002.1588939623603,2030.2732276829443,1997.185392613514
40.742430290654696,90.18137395084518,44.95189741180113,44.91759124844051,1017.6381994615492,989.5073136486711,1000.2444416376077,994.2414409825134
39.385385498459996,41.94147899023737,95.3230929246764,48.675100682861824,1039.293419749106,1975.538519149261,1956.273910406121,2006.2765559589882
42.60483273083743,36.67962511593799,43.063110931027325,47.47991248882514,2013.782634490848,1002.0856667274097,1018.752663936575,2017.8669654446644
46.857118329357455,34.40411939884064,43.782622520425136,46.10802220850053,1001.9664742902801,2031.413894160374,984.5092308339766,1012.4717620016503
42.926781107074284,34.53131569286362,43.12902142285164,94.60505468622533,970.010338989789,1008.1187914255759,990.5500544811873,1015.8250110694966
36.34485105355625,37.965130621159865,39.0808113778889,41.49323035893228,1007.0476693013186,1002.8198123171142,990.4649112765385,1003.3181635594757
39.15288783285662,38.97316725846031,39.14253705562683,42.874032469284984,1024.11658890443,984.3830791463045,985.0356163699241,997.9686726125581
41.866798565469274,39.66076933652022,43.97054972405665,43.20436899794308,990.7968386156381,1000.8123510451583,996.9584739613233,998.5754221240129
42.890879218720954,38.80288392614993,43.906040518557305,40.01312217255289,980.5087600155933,1011.9945536136174,2011.338669166829,1004.4724615560912
41.86509205560719,38.6406232065294,43.21356241343486,45.121774790435936,986.2942147885803,1012.4528948593638,1002.1808118072014,1017.8705249368422
38.81556408458334,38.14771619672333,43.4278549291079,45.07281880887625,1011.4774864834525,1017.6237449513822,983.4013838925516,1996.8021627081312
83.68456616692872,39.984958342153945,40.93448773809348,42.87605032999619,1005.8406636861504,1005.039788689776,969.4641498344697,1010.1804342007924
41.70174490510867,41.551818594623185,42.0343312956768,43.99293130834683,993.5363053587816,1004.7123922096832,993.3080731253486,995.8693919674281
40.18533170847959,40.73236614445375,41.52921689207257,44.08452395559401,985.8852853023744,1011.4403342386556,992.333475493886,990.6145320856563
38.89715535076366,38.00944646309314,40.83316000672843,46.09121452598498,2018.288364195011,999.9167669678657,985.3743582742277,1001.4819007929698
41.21522277979277,39.54471192267188,39.61639763262396,44.616093238799465,1012.5157775433656,1003.9568911697472,999.9886553054407,1018.0825684030167
41.97252779433664,42.391653887889795,39.301710304516675,42.4410611056528,992.0614750596039,997.1803396718849,987.0922453366998,1003.7369703183151
40.09168490738276,38.271177510632015,37.719196298225725,46.55039620356911,998.925290926744,994.4775166333309,977.5555702223023,2081.8912997056377
37.446237200105614,38.80406809653779,39.69648568851889,47.72838424606462,1023.6838315400832,1017.7683695159569,979.9658217112301,995.3432399301558
41.553629344143594,39.95645474942777,44.939091223860785,98.90935364122566,1022.4422095327982,1020.0654607461254,992.1037901581922,2004.735085928776
44.85091668238931,38.9693992257982,44.77084212105594,39.190578763768954,1010.5262039277995,992.7166434590408,990.1638387984673,1010.3126067433262
43.72346928921847,39.34981376628032,42.42439535776589,39.972140100924506,1000.9123640361186,1004.7235344314419,979.0068440791558,1019.6170593253348
39.24910948698226,38.23037106745216,41.34432088282672,39.75120180859636,997.0626545139794,1033.2413896569847,976.8707709651221,1984.108684437358
36.12621722856179,35.55418368442504,44.58148159162755,39.76064516048734,974.3570405960975,1019.2147669298108,1006.927050000141,1005.3728482500201
78.97506261687339,36.442960658518686,44.36365417866795,90.02761505607613,980.0257126019328,1035.6071741942174,1018.0447995805955,1012.1690422822787
42.768632027231945,39.07913064256522,43.16096531518845,42.15910504949515,1007.8287386984433,1956.709941017904,2007.9662136793136,2017.774787230782
45.652191899894476,37.933609618136316,44.10192399889726,43.14030026585434,1020.1046233476632,2044.2266376164434,2045.1987230929024,998.7382373797377
46.31686675045627,38.07257251161638,41.7404504842363,41.97363488123675,1000.0924817201881,995.1066867087147,1002.3454883227498,1016.0106884087941
41.43987454180849,39.273348130514435,41.3760517700825,41.89530708729805,992.4367839626943,1003.5577469233075,1010.9821454989885,1021.0470700497351
42.36977920273351,36.74699735045361,39.99986539589351,42.53577090303163,1011.2247857452307,974.2039831224539,999.2178285582545,993.6923261781457
39.91221117306381,38.69257107441618,37.048736735413954,40.57374994328815,1017.8681201036072,978.4263766497386,988.0700259978696,993.0663485462784
44.710860442104185,43.18416304537145,38.1190474822448,41.71225819046647,1008.8250424088251,1967.8751014942695,1011.1016467847317,1012.2241405043494
50.952503100738305,41.513365820389325,40.2289978078996,38.26254858070724,1977.5024639022586,990.3755912055869,1032.1560736480542,2037.3549879428765
44.330752002259764,38.3374040933235,38.69819494480857,40.74452598135206,958.9620399830856,1003.6042616866661,2036.23310959281,1010.7599222868935
42.18393279632987,36.43641010809526,38.760027978436,46.54944972344269,983.3538459227661,1004.6439466871091,985.3875472586361,1014.7348575547226
42.621965250553906,33.702887994496336,42.68573999161826,44.404959151758085,1005.9167349615346,997.1468214291226,979.2626004001535,1007.9078020068247
40.639093584368716,36.461170038378675,93.11373676664928,43.50768350338045,999.5157822177661,1004.2676158776994,969.4000197013703,984.2111720331633
40.24438325939388,40.77129011113536,39.862364995806615,43.364459507045325,2017.6840927410972,1013.5412012198665,967.1034930808082,991.1504775692326
41.98476158175204,38.7168991086782,40.964626165848074,43.31717640931403,1009.5617084333945,1013.9678275477404,984.4252801435043,995.6666901966883
38.796918205619846,34.948201080981804,43.85245826437068,42.26893077441194,1049.1553288736425,993.864791330072,1007.9308993519874,1000.7551832333286
36.36848775702946,85.68105363463394,44.255034082724244,45.39982424247327,1976.0005500222733,985.6771969975143,2032.3990112930578,1997.2529024897683
39.36082641849416,38.712051580676786,43.6358005073279,45.560874616837864,1991.7029133838475,1999.4738355169134,994.8975742882258,1006.4350536519132
40.96430592153014,38.36291121347625,42.62098820096431,44.34971485805006,1010.7297410863177,989.829105626842,1993.1602158072283,1005.3749822508406
40.73040364968898,36.12503765768076,45.41479964925284,46.487162152614346,1001.3888190004423,990.4248599739472,968.3745475783057,991.6531836049085
38.50892337630317,81.87751933905706,45.948400221885706,45.670111044500956,999.48540161036,1003.9993524644489,959.5237307636405,992.8979439123755
39.82580058168584,38.72289002638779,43.98807975295594,43.877637301799375,994.4311373519931,1004.1893055884765,964.7320740975072,1006.707582590293
41.255152265614846,40.45915083147656,40.17753794268083,48.90768709143455,1995.2655939327897,998.2857186612107,990.9703350846715,1010.7413627615643
42.235417429830065,40.75562536702974,36.89323961224119,47.8061422149448,993.1824122281589,1001.9098605289876,1009.2053770071232,1951.0243833047516
41.877163993658016,38.68316500632898,38.4464793149117,41.358921363595755,984.039788468206,1011.0658906364338,994.682863399652,1018.1539809219255
40.98722971704778,34.14310825433642,40.30679264391344,44.77932898418426,957.5836357115277,1006.1479356243387,985.230703247227,1007.8829219921317
43.95773957034305,36.80629192098436,43.23938295683443,46.21719879160245,969.9687364662354,980.3066871490626,972.7283260658905,1006.3716105596845
43.188903962227755,37.785859621420585,45.37465901356791,42.461418244789954,996.9920811553768,975.6738793065506,950.1008584443225,1018.2007397551345
41.20167480007184,37.1435578177568,45.37479863766486,41.692443591409535,1009.0221500494706,2011.712854036271,956.9333964638065,1001.9188244170235
41.745202410277855,37.90349089051874,44.508090302355996,84.75556240204146,2010.0485610340215,1000.2341321262243,973.257575958954,993.9102323180146
84.0471095579897,38.685198494482975,43.26706909877588,47.79708173495144,1008.3343383178455,990.8030632133422,967.3263987397011,995.40278892587
40.72071035787964,40.72484572264884,41.645958662202375,44.32155922419594,1009.0339183167478,988.332626532728,990.1201686592983,1951.3439644570963
39.46430164519886,40.31547491621674,40.31798614575808,45.31238718198023,1011.6302034378971,1003.176977268593,1008.523121307071,989.107929723891
40.73930544410452,36.947948983123666,36.8879468415334,43.770197091532,2023.839265467809,1960.6155895121387,1012.3036185449869,2032.5309240434929
40.08531606665183,34.555849620519346,36.58481899394572,41.84403991892161,1013.1462804517554,1025.0599133232681,2059.4963834103937,1020.1823978889254
39.40022552721794,34.492167052602674,40.7672082246892,41.98511148276371,997.755157138772,1007.3362102774847,978.8314643821686,985.4072079577659
41.35632795729212,36.875343594982155,42.18912387042445,39.84909025277455,976.0214470577685,1996.9264647047714,975.8896061312059,988.0818327328425
40.2347695087085,35.59519672775778,39.91597831800053,40.67476416906036,968.5134696806861,993.4819904202134,976.5362638685554,1011.9738332170791
39.0835422673681,32.234567738793984,38.50919013585167,43.14067239257327,975.3628046608783,984.4547493515295,978.3083124909845,1005.1741417809678
40.321236903906225,32.807920912041084,36.73952861563079,41.94590167094826,970.24865493697,1000.0867405374551,1977.0676517630404,1001.6449884572178
41.161954645040176,34.26756031351424,38.14974272857731,45.03958444603899,972.8559882886725,2011.3961474873936,992.0511052748307,2008.0311647772435
40.40116801463547,36.398746777981515,40.99229198612319,44.37478119603515,976.5101589824567,964.8875249508797,1982.228588324335,1001.8667603543106
39.56785109474687,39.014850353877414,43.69422772047864,42.315228479735744,990.7389041931635,960.1049511437799,973.613544564279,999.2950461543346
87.16353765871281,37.06209173424858,42.85497430429749,43.68006613164258,990.0861615905286,977.3342736733172,1003.1864091386894,995.3371927106197
46.34838797599929,35.010450126666385,87.2195725489809,41.19181951238225,1019.3242139671386,970.5338258271111,1996.5357978576633,981.9505659625429
49.645416818559795,35.39692989603901,39.37829486382688,41.56516680523268,1042.759471201724,993.8621330075637,988.4760203154699,1988.902054401049
44.41498682471716,34.09348296009567,40.618881027078714,43.079485418843745,1016.2633901365641,1010.8555312089816,1010.0333774931084,1017.6200419028661
40.797619414585085,33.55111255113439,40.8335435925291,43.782700555346246,1954.57464954576,1985.566308053058,2001.8106327352223,997.3905586060848
43.84417344517702,36.90332751642293,40.95897012498498,42.50871503791696,999.9100594693613,1960.681786396086,1009.1969622960222,991.1281736919652
42.84476432549742,39.173266025373465,39.32536485110906,41.03010194576086,2007.6194899839184,1973.4852957907053,981.9728278431501,2044.6798671006936
42.66824851227535,37.42535746334772,43.040915746496516,45.46446368991717,998.9854022387387,987.7751913484238,984.446889893479,1004.8924000837621
44.0807448605529,37.446244844555096,44.96034299666775,45.963233662377704,1007.7070389741612,1980.3421662620603,2027.3891411430627,1013.3052829430208
44.24167381645482,39.06361254588817,42.28098946737356,40.304201192301505,1005.5877634323458,1948.6424269506067,1014.7161480695727,1019.3984601994731
44.36294874319894,38.09369287206817,41.685111177539824,40.83937136791059,998.2654312929184,1010.2369401599457,989.2777691225458,996.9699446418177
41.586320833183734,37.182827423503795,40.73937137044731,43.401036221430985,1002.2459996953351,1000.0838992716394,988.9129599973728,989.8829557923355
41.39291777710139,40.01194016331081,40.33429558027788,44.32124468061715,2085.9945793301863,1005.1945072024241,987.8607401054132,989.3649302667214
39.903433226677095,39.35948482541879,43.2688862179826,46.4329353642177,986.5627713616135,1011.0683961038733,969.8862171945316,997.3242298513178
38.40457510443816,36.04357892616659,44.475429354183746,46.53195409750914,1020.0855055660361,981.6160410101245,970.9307323050941,1009.7099970112718
40.314725460056074,35.798139011289265,40.96405567764404,44.63009008090675,995.0780464878951,2018.3863655612336,968.9982233407488,1009.8737689196829
45.60294826081008,38.620488917980325,40.19954956866175,45.08045662275842,957.0103344313288,993.152478905289,1991.8506396481393,2001.6214559854916
42.96269039568126,38.317851100632964,41.897450847514946,45.95913841969883,966.501488367117,998.4248432506713,967.2824722324847,1021.2639839705669
38.157235760897834,36.17597792014418,40.25610051038352,44.41273773395525,2052.367824255451,2018.350127781821,1939.5976976004524,1007.3463446092917
39.52609036181944,38.09080553855664,40.44065420572362,43.14223609457734,984.4086050922701,981.629836781638,1016.1649950044152,994.840783660866
40.916893048097776,39.625376655981086,41.52939588954001,41.94799738471146,980.8672994472689,985.588189004299,991.9133118091129,2000.2656385360576
45.07248811643291,34.91037183668719,42.43637440420834,43.898087305623406,1011.8389584367461,1009.920872043453,990.9167164272362,996.648684810317
41.427294492702515,33.911592259369584,43.635103644499864,44.13130412833857,1020.4281682375265,991.3338360587197,2017.8557725230658,986.730354658097
36.426818224490276,37.532499149809844,42.51755028735461,42.9575834065722,1978.2307045463617,1003.2222721532187,996.1256834542736,986.5309564282375
37.80569770154328,34.85315352142532,41.8869133691997,43.864185530105715,1022.2661075956248,1001.6640155850257,955.6563741109902,1002.4320429559993
37.53043169080484,33.9719493192038,42.09455388793238,44.13564803098808,1022.7747748077807,2003.086247414824,989.707606215328,1011.5210254268902
39.57909614558477,34.90878344611389,87.59886345627535,46.22813582835577,1004.2548816845692,1995.6622018790172,993.2749195579183,1002.0083177101108
42.72221146438456,36.72088572709336,36.48407127018227,84.29462222977025,977.8928393070835,995.5121449456334,985.7055354289666,989.8500437720035
39.96566200708874,38.12045231955785,42.26835499921619,44.604567454404055,953.9641338514484,986.3107243334639,1024.9250174357758,999.5617353649393
34.63507436356165,36.96886426976248,40.89597841303737,45.72555779119699,963.4022748378234,957.846114859789,1001.0288153907293,1018.5921938087763
35.28776094332738,38.14665338618599,39.668830492782575,45.95688495653339,989.111663181373,970.720272400396,1004.7666986155191,998.5533629709394
37.05971630725826,38.36869098345231,42.92624054656348,44.396063317376175,986.8695863425298,989.4218644115203,1003.2159830177845,981.578566133247
37.66663933615146,37.089996733309874,42.88146771255074,43.57856511480709,978.0471575910443,1012.0705573734755,963.6073022872417,992.6481849654167
40.091088944643836,37.29595154524463,41.311253339805845,41.34998893539267,1017.134151917725,985.7650742498912,995.3426297240946,2091.7350716161222
41.46368622020863,35.998796021658706,43.264435734984175,39.57779434151584,1065.411977928443,961.6502216211038,1010.3840824405579,2032.5120667089263
42.506493052348475,38.66462721391005,95.03472986691443,43.27301426127493,1017.7652351915546,990.1637089402104,1012.4771297422124,1013.3780568948703
84.83786547390648,40.56995191719366,43.6118420284096,44.536622065172395,1983.80321403326,1003.3563444035528,1012.4206583964615,1008.0331117949365
39.69869549551245,84.65697157125125,43.83598496752882,41.021599983933044,1980.8991064967693,1006.7620871790581,1004.1752126313122,1006.3852164778698
38.08721498623477,36.553270426575864,41.947816875822134,39.309288338123494,991.3184929314625,1006.0763897291363,1002.6396668427649,1005.2777867316759
39.730546886630734,39.830566883953225,41.62253848878714,44.48088948744031,1024.023517104688,1956.870904526573,1004.9241794780497,997.7340427465257
43.154233024492896,40.29294466609985,94.44742032852612,44.567804252277554,975.7862492478821,972.5964747149178,1031.9277576438442,1003.5355496614753
43.41430496082262,38.56630415049984,48.41847061487405,40.29828283119993,938.3667068037776,994.2380193643137,997.4661176662214,1004.7587909449669
42.824919547814936,95.7983707563173,44.360038998464404,39.85263440453498,984.0945148928171,1005.4012750668184,978.6714776588883,1003.8246299575001
42.684514639810814,37.15617596018062,42.16206737449737,42.38775704965215,1003.2627118659046,2016.374713050363,1005.7440116180262,997.7673443217166
39.82308500132725,41.717511987186654,41.163713307319654,43.19933078516791,980.9216844232772,998.5745196800506,1009.2030374074686,997.0327009270145
37.0585945038534,40.09095448339747,39.071424662569484,39.72241551623483,989.1553558796455,986.7713499623003,1006.3585584686589,999.5601579587812
35.94586618810363,37.15367796551762,39.61633064222656,38.48598195675846,1000.0333972167824,990.4953476331239,997.0511231662975,987.0670197772929
36.75938221910203,35.23880225726883,39.3412804471068,39.887029671775146,992.2734359291441,1007.8467073898947,2063.115363804409,982.5945956354035
40.983216173344886,34.1272621949674,42.61462745600758,43.604824687380585,1002.3387880530789,995.6789564242792,1016.7372900075821,1005.6775774784993
45.010085418175706,35.332298116757244,95.01457474595863,43.61615075529102,2002.076846845931,1000.1513640578731,996.94561888882,1013.6929949875362
44.66693135865462,94.58221988963392,40.231237205794955,43.40590001657408,995.0976080053596,1018.4524792919076,977.4872561350072,1011.5826415653207
41.23754365037719,36.283383665660324,38.49415484706618,46.71596317684538,985.6268113906929,997.6458816627608,977.3095057905784,2005.977916552396
41.63968998542638,38.27498487849826,38.868477272398216,46.967439943047665,978.1916719219771,1003.1066009988535,2004.713685490785,988.6667873278918
92.78751559993103,37.11952582846394,37.97623790346813,44.14264124382671,995.8773290822983,1012.0982473435323,990.7085874595408,992.2985242572933
41.65182005092952,38.06127658124352,42.915078093794406,42.54038553792967,1011.9018537768325,1009.9270505163279,994.6050103393462,1003.6395397587225
38.71674812619174,36.77409166154942,47.0514608958982,42.28034298388459,1025.648424134598,1020.9690542387539,1006.1635917621387,994.9371978883714
39.51723876773639,38.03442142402961,43.38470009505015,44.56854919603718,1006.0963125549345,1965.7223979315895,1005.2853112034693,989.9084300221061
41.61387901149209,37.69286961724231,41.61623530127957,47.33808459306364,1001.1105452909565,972.2198084007969,993.4101280364634,1003.5386765105129
41.85025775532915,35.78769858311207,43.56931405870435,44.74152269850288,1018.3296694619141,983.693371214528,1949.9964480686588,1008.09865253003
42.39899328965383,37.518509999792954,42.6375337337532,40.97629038888344,996.4499599378742,979.6201328071043,1000.118439642974,1006.2085709474998
38.662645711641865,40.77479359666556,41.62306289768317,43.38675906148332,1945.9382097172963,971.4330590632012,2013.1610233214203,1004.9717250162597
36.43490928703739,39.291685538809006,42.306174662748376,43.23883162821305,975.7933022363703,994.9188231413009,2045.701391057706,1013.9473124975539
41.47019402053383,39.97729505429629,42.31392368069754,44.03100992401523,1036.7195822615158,1002.969988778774,965.1773299353899,1022.7034700364911
41.02426156481632,40.86556606782906,41.43591518220196,46.01163797811623,1022.7006576442255,1946.0055142916187,977.7548658457931,1015.9208229737305
38.50201545553994,37.07357272782143,40.97320166620307,43.378023560480074,976.56019793439,2027.3322880393803,986.9813248873897,1005.7524245438933
41.293533228636306,38.217837261741096,39.236297270171946,43.72924310095317,1003.4711576923079,1992.8754934890242,1994.1325979112053,1000.0546608314731
42.42640681437594,38.13832455434893,43.09660931442357,87.12055544234737,2011.9553635174136,1001.8777473680516,1012.9937063168702,984.8236594214052
76.69807937083783,37.27262975728445,46.22215352067597,41.721218615828434,1027.4365259806925,1016.4552277204848,1000.2776217127089,977.0459554746196
39.83893014257923,39.410286510650224,88.21155953438993,45.8733760665759,1040.5759582012997,1989.6943924133523,1970.0826541607123,991.1111485612714
40.62191367960892,39.68294425181241,43.958575947669615,45.6124570043916,1012.0678720514233,1000.5071982630575,2055.6821449461045,1006.5011632578239
35.80383207959915,39.15915844389882,44.33008505700592,41.89297023209063,1006.921904662767,990.1593781497488,1025.5861343560946,1013.6753866858976
37.4534926920732,39.91533157265219,41.835471026722416,41.3471942007391,1019.1674703685749,1002.4118228564091,991.55395400411,997.9217179269501
42.88880089431899,39.88958591727221,43.62279839650448,41.68801092475944,1000.8135883045895,1001.2278178504488,971.1861406842545,993.5521849467078
42.29390440213094,36.43024336434365,43.3058110125972,46.60476845840183,985.8876665658152,1928.197123229707,1007.5544813421677,2012.4479456570698
41.341526327829484,36.77378714942804,42.79550014080026,46.146325384209455,977.5440004643883,961.5794900427411,1004.9834192048229,1005.9892476903719
43.64698076331293,35.982616974014334,44.2722628507172,41.91207170473709,1006.5314785683224,1003.5810421095978,2001.278016209512,1010.9071069720977
43.38428733400856,36.11990213358709,42.15175609535373,43.80644013924763,1006.298288380766,2053.002414941327,991.2372782056386,1005.8136657352193
41.6336293227929,40.04137905820217,40.48555797054408,44.241598012632195,964.4212486618385,990.9365757080932,949.991175332384,1968.1626384441356
41.13170895982794,36.36563074101613,40.43304383484315,41.13779006060584,977.7127432087873,1001.2891573771549,985.2695284243516,988.2403821490708
40.010418886647294,33.538963624564424,41.88697579832845,38.54996336226482,976.4315326838921,989.5238736408623,1996.2316727068376,982.9806749774176
39.813508123581286,37.913710256613115,43.054067307503445,41.740520740475105,974.2477439730001,980.309756422374,1007.222382019915,2027.6493482321919
40.836920859860385,39.035677099980035,42.465954983009624,87.4616562231173,1032.4543313142804,971.66073063833,1017.0051209967154,1016.9652634671381
42.22047587874491,39.62146306787854,40.33626129604866,41.44200311226237,1012.6507809803657,987.3690590087306,1021.963091570356,1012.7704447335843
40.038706390796115,38.86472142159863,38.09863538529996,41.21913563611087,952.9408057681195,1007.8371727476306,1001.1254791859017,1006.4699917286656
42.03307340982918,35.63227420064914,39.55020927819236,40.499631539277026,960.6582700659387,990.6272393827682,1002.9902804711776,1928.8408853863557
45.21487082039103,35.173176598554825,46.86510684707485,40.316734281896444,2032.915163850395,1003.1994714715381,1031.2302885872678,1009.3713035628405
40.45181821460454,34.42027809188046,43.664564004884284,42.05433857836951,1014.8838515166517,2037.9345883252265,1012.4688404601967,1009.3572736877657
39.02255985514097,34.87165672609862,41.37608524296382,42.91571374832253,1965.7002572933363,1019.1470691686145,1009.519520652763,1004.6658709329008
37.34612049381842,38.35036978740639,42.74979592803169,41.906312762426836,1016.404084254561,998.6901686123927,998.2195339750357,1001.734889201264
34.2647248404437,42.136836084439665,38.23499636850065,46.09235444833456,1025.6790696656308,1006.51286665343,978.4908084242162,1006.1254982335522
37.11965972200968,40.20884579246649,41.68145183831081,85.72250265440611,999.8352904029691,1005.9513483595163,970.0474565224122,1006.1974342337423
39.80794589427295,39.21368669130752,43.42829778947318,45.610821248556356,2021.698390950169,993.5381096820315,973.6872246787001,2013.9022184560897
42.43479427587407,85.35546257340594,83.10065017140053,47.81263383985484,1013.6081512706417,990.871705434847,979.7645413720853,1997.751045735596
43.80207239667628,35.12476222548795,41.11354327333237,44.35399940359894,1017.4192968178425,1017.3614062273864,2007.9083955557476,2032.6150676359698
42.390393826947566,36.71543226433124,41.40784745315369,40.13365510528493,2003.5084613078434,991.8802408526269,974.5007310396973,2028.0708263639333
43.73241304251366,94.66834130997636,42.15982630818142,41.22526373248142,1002.1018990904358,978.7274866278334,984.2239468046633,1013.1969152701416
44.3876801742358,37.66303541155656,41.71410443565398,43.77183148054258,933.3100931466576,997.1091586469767,1006.4373150740973,1005.757135627375
44.56165858808134,37.50896851153867,41.636122772115144,44.55243928525686,918.9198162578502,1001.6330373296367,996.3666788133755,1978.0639042918287
44.67976844016215,37.945266376063415,43.00591318982534,43.98824293240726,996.8613612458664,1011.133156136182,989.6198981628518,1008.252175189757
43.38340716428007,37.545854721689125,41.275475354888634,42.36320517455383,1043.235907968177,1005.2327594070675,1012.8934842932659,1004.1291311612522
45.975838134470045,35.574494367391125,36.40511938814969,43.66512284242956,1014.9603337970648,991.2109408454013,1044.4254287259344,998.7911738725802
44.94659497897772,35.21379342703163,37.060403304587076,43.425794562228845,1017.0661624055149,1006.7217105645968,1032.1991219126357,996.7322909555793
44.023338506734326,37.713560139662064,43.71851596116744,42.22235154916174,1981.8813357826423,1030.8178057148832,1007.2122492393496,998.7757491262385
43.53006856442184,91.16009179739899,45.23725060649916,42.45842379946069,1004.1958366919717,996.3942379604695,1027.597059313357,2018.5246419216908
39.76098389794518,37.68438071642046,42.39878381016692,40.69763564479992,1018.6377633601329,963.8977608910217,1013.944686608048,1015.5731169193589
41.387283563175686,39.41944061780641,40.55736180498562,40.48756088517152,998.4087535833967,992.1519255051296,982.4554129848484,1009.8615606638513
40.45317873579661,38.85701294477772,43.77315126686082,42.2359720592896,989.2586940152573,998.8565388995783,986.3299301880813,1009.1309233988351
39.7888761857462,32.79978021632454,43.62522149084266,42.43021463848603,986.64259494259,980.6683443839971,989.3657785967628,997.6782591615265
43.176787799600824,84.59906995767133,41.516971885766395,43.62881598987482,1007.302795214446,993.8659623447745,1002.0139013788477,1988.8682936514574
44.07516709984728,36.55804851728707,42.24542432825041,43.30291443187939,1001.5885015668332,1001.0983608783138,1003.0856811761865,982.3030813525506
41.36848069596852,38.97287188246693,43.3781895167763,44.50620477698365,998.3547525517477,1015.0841643767319,1036.1269066407558,990.0980259885685
38.81839120349297,38.50233401083402,44.18455956559048,42.54741337898017,1007.3707537574778,1017.6421922009006,2020.932990271392,1001.018039018774
39.13904205582999,35.137824810234555,40.4240600752176,41.05300234805051,984.9877446036285,1009.4814991568958,2024.9638082025035,1008.3338095723118
41.17835758325249,33.90255467056966,39.42240341392982,45.36404849582986,983.6300271661707,996.5047143714291,1005.7469795409525,2024.5464121804634
40.91470569060829,35.06559303866007,43.123389218815184,50.56243805623198,982.1166071612913,996.3399059362814,966.458315139933,999.1114236618755
44.685353864952006,32.6723350052398,44.45722290803606,48.31645230480612,971.4530386966401,2020.1959054112592,985.3078710712007,993.5914898156054
47.504362873549965,34.26467227879536,44.63590890323624,43.90280532983364,954.7083567840821,991.7209709621952,1020.932822445475,1003.3795395688518
43.825174230539204,38.39255177381713,44.63239097849448,43.435164122890754,2001.397428086244,998.2469391914022,1014.5674981357932,1001.5897522616542
38.548590055067464,35.22062778671764,44.33504757207059,43.014748513441006,1975.711498108518,995.2072477940615,1009.8923964761914,1011.4140905678639
38.2132951287922,36.508541885162415,43.180656820057905,42.997011075024375,1013.6398194654428,1003.0127494346652,1995.7674075451073,1010.5678860682252
96.52263487953175,39.57961894413039,43.15760396412084,84.89501032673184,1004.0205797227247,1000.6783013267344,994.1002995546771,997.4569327955744
39.26070365983298,38.688172800073474,44.54266901459414,44.06889233256035,1030.9928218210953,1002.0314494680066,959.6655567932212,995.656360639576
41.14832702223381,39.93104352434088,42.97649908658399,42.456193162436215,1019.2466010049718,1951.2675043612574,959.6475058577537,999.4274863393352
42.2841549553285,43.17378777183583,38.95564781588651,43.083109837368994,1931.99327635579,1022.0258752432935,2042.2467256384073,998.0497765884878
41.45348002590031,42.49916714917512,39.60985619521472,43.67529688920319,1015.5685759635551,1001.6006855722098,2041.2716337280783,1013.140931822967
41.35629142496883,38.926653238673985,41.187187265519,45.045526723024906,1016.4188198111094,1000.9019614713864,978.8348826658106,1018.0292177769525
44.48180046368486,38.32685784799462,40.442679305235984,45.942038199432844,1021.7649688627013,1021.2624948297707,1000.9317525273079,994.8920675924699
42.66474547421711,37.19601262683247,42.42454414964462,43.624157064083704,1005.2379081935151,1978.6740049238897,1000.181145140579,998.5261823778468
40.09512209607819,38.75948793637019,43.12362098998338,40.35304416913263,980.0530779077858,1987.4344107363813,989.0487201726194,1989.787898499366
41.66044420146636,39.47694023184623,46.54738291157366,43.07179906217496,994.4599538229456,994.8721886882711,993.6865794259209,998.4628226200307
42.18822955627593,36.21513939734457,44.971079815679815,44.33463761947915,1954.410607425867,1005.7581436018008,996.9569445787118,1002.7548502307612
41.76531999076923,32.73557079942706,40.1137040907322,42.403656339577736,955.0971895792946,993.7187038380735,1012.6043297403808,1013.3217751990695
43.78841306695699,100.66788577986216,41.230691025125054,42.371323227507915,1016.8163500131789,999.8475045040731,1003.779281384043,1003.9241217335571
42.93282740407252,38.33559870031182,41.23198033456208,44.15146761946219,1031.1378340436972,1005.4498938491572,951.2242508077259,1010.9613946174736
91.84802242909105,40.951919841477554,41.73923827978615,44.334288782684155,1015.8975750247782,1010.1755546106147,935.981452198594,1982.6848636659133
40.87965827525302,39.0683235531815,44.885323547487545,47.38222466418914,1027.784384622802,1009.1528986567594,1989.6956568453036,987.7873457864655
41.4428852549505,33.47835155602596,51.80798070986115,46.92469501782466,2006.7010762088803,1010.4592890406286,1006.5708257245774,1985.2745055915475
41.906560578210645,36.45947713159766,50.9437895631092,37.91973037158253,1000.3472882676117,2013.0531279235981,2013.6764619669896,1017.7196282492591
41.995233533174634,39.71970977223868,42.99369396642706,94.53716001206034,1995.9724054038,1005.4256501804119,970.9722109391478,1000.077160347251
40.543524387258074,38.17582322858157,42.52725866833902,42.05330328637103,1980.0270303337895,999.3569868882576,1012.9751477533193,1003.7346617543315
39.83981727928163,35.938983001572126,43.89686395292178,41.21138097293849,1007.5273011777499,1968.3193395812996,1020.5917228587325,1020.4108916631931
39.31430444136201,34.76002752283668,43.72911298692499,36.18901277404448,980.9734472377631,999.5445767112544,1002.6791642196048,1015.9539549159904
43.16599821976902,36.29475613535078,45.79992951687992,37.68949606518522,2000.1528107782087,1010.4045809909167,1015.135701553518,1982.8292754373192
42.58858193866297,36.09077801545004,43.53902555401655,42.73299717798294,1005.3102779405309,994.5762974076716,1016.9775494957387,985.5264845655278
42.45903881604157,37.68838943632177,40.20654485130089,43.12812954856629,1022.8401386840803,982.2083407261018,1005.9553883889107,1000.2538229784925
43.86744148411316,39.836170056866365,42.378208770074366,42.8517350091809,971.1484733139935,979.4122908584799,1950.418911472663,1014.3017980934386
43.58935233402861,39.783101159850034,42.37326295899115,39.79968204694905,952.9837059678416,2022.6009380849762,1014.4298840610636,991.8758120910206
46.115286243787274,38.93531846949688,42.04257612153767,39.79794715906557,1002.236124743574,983.5006760031347,2001.7911190533396,996.9550756972128
42.09151710394791,38.22825022552708,42.3165648709557,43.28453787568715,1023.8781297521971,968.4154592448353,994.6473003962348,1010.5459942659608
40.8600847304366,36.22081885903419,44.85356466874505,44.33335151787721,1986.0294669305276,978.122189127638,2008.47290835441,999.398662059262
41.46231585954886,33.08673814620733,45.30841591021232,42.3385624872226,998.0646696021199,997.4690468658428,1990.9073335952035,995.5403241487898
39.03494919208393,35.64223013347545,38.80495550725432,41.12359372741348,976.2615533768651,1006.0756514917343,974.3437440913378,1002.2400222311896
38.63063301345714,41.38872306296746,37.73148109250339,42.55154325858453,996.8913805692298,2023.9532566031592,984.0887890137037,1015.7881702045195
39.83436429661563,41.05256115454066,39.82253109098639,44.60198417112903,1018.55143175472,968.2701043696541,1950.4837494795142,1018.8568400638258
43.24024839233716,38.33377343669197,40.65837580316784,44.58934203990833,1015.5094312646605,966.4511659898434,992.3510652058985,1999.0401169535478
45.40374475657474,37.241275505165,40.91269948994595,41.968561318467366,1002.0101727156175,957.4657495723548,975.3548590727205,987.2658458066949
40.59809812937176,35.98890112746305,38.80448503065132,40.45496631026565,1014.4286217359775,1982.6366910790234,1004.5459910532948,999.7722425283603
36.92731835821424,32.89845300386295,38.98448594113227,87.14600389420193,1018.7640102841868,1977.344494595859,984.3788583681642,1008.2755754801296
42.56868680356396,33.84424041072599,43.2943788329582,39.5116092565766,1034.1320975075096,1009.8747619366387,971.9044810636582,1981.9656730907059
45.888226351279414,36.18528856126029,44.14548262262774,40.60376819045505,2022.9084794902233,1018.2934924842085,1004.9360413663532,1004.2799418822127
46.006478118374794,36.08927918803124,39.64920428471662,42.8202363469563,992.5384050642243,1024.3590025627059,1003.3343817260651,998.1144250211769
41.48121345092173,37.52004489588033,38.138457062364544,39.278001601140964,1011.4044741592279,1005.0891411807852,983.048312648928,997.9328908081832
39.40895285700811,31.87003034473409,40.0923158036633,39.4738021406215,1023.1813193382078,1003.7770494343623,1977.767853673059,2002.206943024772
40.90582956172406,31.247415186414635,41.13132349926507,41.461925698465194,1005.5934460749304,997.385773080222,981.5833223851466,982.8850533406703
41.850781578355736,38.931660956202386,40.76923512708517,43.29649919016472,1002.4389704104292,981.1123929096727,2036.9914925477854,987.1527997919461
41.249520852693266,40.34470579433913,43.222417281220366,43.01820024688972,1021.60901229511,998.9802140790807,1007.8409153108724,1980.240430285278
41.3950353963378,38.88348159339404,44.64033656847553,44.08451468876545,1026.179649419136,1011.6321256927615,978.1563995206693,1003.1619478125591
42.923559634808555,39.4907104874715,45.763759676863984,45.294714229472135,996.616886583335,1000.9146493096011,950.081463977717,1003.2965549435006
40.051334695406595,39.11290499989672,47.47777054207669,43.93689086819465,966.6693335160153,999.653344941769,993.8874434865958,1007.164401040385
42.354976496674226,40.134851758586684,45.63295058257384,42.827302505964624,2022.7557367990237,1024.18164737314,2012.223307223334,1016.3784348230524
44.68799532242531,40.44119358039416,40.81833127150975,42.37965609529354,1024.6275848770842,1006.1418441980504,1937.7834760630292,1011.2339833704925
43.37308763043636,37.882900134250384,37.078897953349724,41.45982316983236,983.7523728972465,996.1400908102288,989.0818030634478,988.6866408516922
44.252910835256976,40.99908454551591,38.638244689532186,43.467709890190804,1017.6547224530766,1008.4504678884235,989.1061468788331,1966.1157116162851
94.65487329656679,41.0078065320633,43.39244023040152,43.727356334328135,1013.5076362322133,987.0842367885173,1033.5355224939635,991.0618662354318
44.53934793915625,37.5553448025537,47.108862778900274,43.2314666972581,967.356745373271,986.2893979073551,1005.8960082819127,986.3730854600597
45.305836082492945,36.565511978604476,46.15175404008154,44.370173931606445,987.6373492981147,987.5881466162872,987.7567553360325,992.6638549872827
44.69982663999055,35.99376966827923,40.01206797227894,83.46774990323291,2028.0540376847891,995.0636132871844,1002.831263865839,993.7040591680891
42.580466477120325,36.45265653520742,39.46758253003108,39.95474707312143,978.3813089103655,1973.3034640625742,959.307014468738,1006.8679939497267
40.446816732542885,34.92626508743521,43.463037596503234,40.12818311087233,995.959957411391,1023.2899969774062,962.1238829065173,1019.002539228678
40.21014200288275,33.980317390371,41.99205525258246,47.514000563509825,992.0000607286956,998.9591343763236,1013.7706293350768,1011.0462761763822
43.20353792357892,35.98329632634881,43.89624011667934,49.76096334905394,1968.7382306609722,965.4765504294124,992.1776893668621,1001.0133356735649
44.52334736566283,90.69607783263065,44.80441427622665,45.768247617266965,976.3524824395935,961.716758011682,986.7905583402085,992.8670679525153
42.40120793652904,34.498997576243376,38.98507908151493,42.336795392983966,1006.0528806662403,994.3235401020409,1012.7327980546515,1006.4643789753476
41.197148960303224,37.6277311112558,35.90769473755957,44.11426072370742,1053.9460526800403,1006.4466970732353,2036.4743594145964,1002.5897123693645
41.28667652969556,37.20640742172881,38.18518542816517,46.400143149933584,1027.4808491004333,999.9597741656075,968.477064773084,997.331851829704
38.46793158806918,34.77580510007013,45.3176892365492,44.271372622123934,1012.1421206116102,1003.8608508128898,2015.5799602529826,1006.2114046269746
82.25161431774788,36.26181154385631,44.804612971256695,43.78153958371652,996.0435397094857,1008.4436547989975,1013.6500147201064,1009.8241697316278
38.14787205427964,37.86679647132078,42.33246250626315,44.484691838791036,984.7911935654431,988.9556222028187,1005.7363881842546,1019.0043108830705
41.54141862059388,38.000110276805536,45.30318582093666,44.49673594969771,1005.055262050849,981.9943914968575,1008.672977394725,1001.9836273024663
39.69064019216903,40.42653734579143,48.08538225652413,46.067808105226455,996.3481796065759,993.4228011642456,987.9817303182899,987.8721914641778
40.50049279721064,46.445884151170155,47.22122068864794,45.2504944167403,2019.0312787201751,991.5052917159877,970.3909941486495,1008.3211093676057
85.40234641755023,44.25783358923094,44.058640974072674,40.87344615089904,1002.4751519624987,980.5017394618944,985.2086961901089,1022.2263184983568
40.30724116509,40.16237967770246,40.43965702392899,44.333828382928964,971.3736324505337,985.3093294961724,993.431252583093,1005.7992189151637
39.3107916222064,38.14050868012357,42.110182648581464,47.230777540626576,956.367918207055,1003.7259597643631,995.1933105022304,995.8993824219075
42.75514234320321,37.27689736954241,44.5523861144675,44.752354243332064,944.1252959323201,1983.7064452364752,999.1925569504026,991.4025778448574
41.05192744934985,37.89858275063071,39.4376765996771,42.080232216594325,964.3699204278728,993.6484240396662,990.9317524184914,1004.6749398989825
41.20563572503735,36.95330242411199,39.07128553350333,44.47946401781837,984.3070398376138,985.3297289379751,1001.977395416258,1011.2307878010101
87.56183629805838,36.0927387640527,40.58374696046609,46.12687164740892,1028.0994103388443,974.120876561873,1014.0889833420584,989.7151416989761
41.62316774147015,40.31759571941264,39.93239870145217,43.65907322970527,2005.156654627042,997.5443627176163,1013.6496217280694,987.0100113771205
40.93843933182628,41.680694655070155,41.47599412251669,42.04879188400058,991.7885159465831,1020.1404465701113,976.4841935620108,991.4339351007152
47.402811596128394,37.79466654952677,40.73975239378255,42.02883950707732,1019.3271448627543,2032.1076585276412,969.6730437651906,1003.8220256869483
44.18698112081957,39.46354372402658,41.17973417374283,42.95358247418913,1051.969507561877,1003.3285785616929,987.4658832652102,1005.2666930786606
39.52002238253666,39.96434231860749,42.34191255036056,43.66651782682097,1979.588311325527,1013.880971121539,980.6059275250414,989.8356285897944
41.30307794988134,40.89484489714164,43.49751772241862,39.94900122352443,989.1799057617067,1016.352343431694,1001.1083713678672,999.3854920472627
38.89150492991969,38.29550364501157,43.19662689261633,36.57185459791071,1020.9187681600615,1012.0124409338802,991.1575390776293,1008.053386739723
35.70621278088235,35.3616016687196,39.43875326910273,40.77854844049702,987.4182173995949,1005.006411065603,991.0995311397526,983.4741449101566
37.842126718375084,36.469091860611435,42.24529040161213,43.119825276727155,984.6402585225012,993.4970414844511,2017.727473619835,996.2290806381712
38.895767563120486,37.87781707969286,44.88204741600446,43.19762197223298,1005.4539711375779,991.4951129389935,2009.1639948467896,1022.3883252490624
37.746960323758515,36.75009721683469,43.1409125033144,44.04707661887231,1002.917668741868,989.1763095417909,995.3389075760165,1014.0562097165307
41.13831454125943,35.525195907762516,43.16116278391977,44.4526187243349,991.5826017187896,1023.5679714139992,1001.5193471887544,993.9669058677141
43.70331391455462,40.600277329466465,45.134590123137684,41.2198160678759,1001.6435177219307,1001.0644471163666,975.6814315248952,991.2144239174274
42.685508348386165,38.361623144165634,47.45367118566476,39.216003572606695,1041.1428534121733,937.2851758860656,966.3797149069746,1017.4341056184483
42.30746966529668,35.78141477841295,47.322427371283794,42.198748520248685,1034.2816402779742,961.3132710094471,989.1202583169079,1032.1292728642252
38.696843977653906,34.758684522517854,45.52135782277085,43.89045432535396,1009.6267731966957,1981.855780919816,1003.9446110188497,1009.5179163982689
39.559190669352695,36.12816487489283,41.26647437030731,43.614363667520635,1000.1006088173132,1025.4379950050125,994.5068612245068,993.219406042465
41.717093872109125,35.02131700994033,41.158664759695725,43.916202308422484,1993.42116716584,1032.1930980811692,1988.6979766692095,1004.3891501652208
38.92879623231789,33.33881524397805,97.38131580153156,43.44493394951546,995.2008668792789,1026.575833104739,1002.2937993869809,1015.3903977526684
40.256898315456084,38.97700150755104,41.622522620089796,42.32679399072683,1953.2726170941,997.5755258941231,978.4941875962802,1010.1273188359851
42.25971026991142,39.79627632181183,38.373980858342726,45.88841180835009,983.759655970483,989.7566782347828,974.5621251237026,992.0270466285237
39.87537153193509,35.84513988649458,41.81038708147449,47.95664446132608,998.5546572675036,1000.3067626119905,961.9470634660499,989.3295995831247
40.67135999090614,35.66172753974011,40.87983805882512,44.93003184181934,1007.4826091506368,997.9343719990713,987.9948913654167,986.9896315892145
41.69466871319678,39.939494383709985,38.52777222878066,39.64912531537112,1007.204509906681,999.1019676344108,1040.2147839948998,986.7629139626698
42.878475989075454,90.88629660417493,45.28103169506883,38.39089491966749,1015.1934819898258,996.2085183144417,1033.15151254288,1005.9057763983374
44.56262682627964,38.53674256494249,88.95474869661012,93.6147151285801,2069.0823617388205,988.523411279157,1009.2516459807334,1016.2769667878481
43.08491172415256,38.99180172983089,92.39898154518133,44.19794199078544,982.5262555332572,995.129422010516,988.8570983125069,997.894246232074
39.964771986423116,37.2541873753786,41.27820956393913,42.708955851035,2044.7903678818573,1011.2145795545775,968.7487531169202,987.9033961260586
38.34808155329961,35.86458613822417,36.545102308914586,42.489385781477054,1015.2559373140223,1042.0007131369302,997.4612043894432,995.3608985850032
42.0166515977685,37.319793617901524,37.54427040009562,41.4460483339989,1045.2444039047414,1964.5694366828184,1024.6238869396602,1002.4363203853127
42.13554610282096,38.62062417692893,40.99916103972997,42.1723100514003,1012.1693254139418,993.3870710850794,998.9288318446343,1001.4310503979725
38.295008600940335,36.9494979165767,40.44620400799396,44.684021028750735,966.7836297018721,996.0873812011824,1003.4463452727254,2020.3723799086406
41.00412798798825,34.24554617867673,42.31419001388308,44.54382381661188,997.0194893199958,1994.780319985874,1018.7852273303632,1007.8730744713364
42.265196566294975,39.123603309232465,42.063773213949474,45.203624379814464,1972.6386301441958,1007.6826308428019,1004.847425950333,1989.0905662122298
42.657676938110605,85.43249146579856,40.29149846949083,47.299107552309565,997.906107291644,2007.469818807832,992.3907736536391,981.731102085648
43.17057864148475,37.45999513685241,37.28931878036033,46.7967490567348,1031.619886672289,1953.2562781310342,990.3088099669201,2028.7739231861253
42.26789383958768,34.977889634466294,38.83307913448604,40.90885175887824,1037.2338092585132,1000.6013477876111,999.5833078516445,987.8797870709179
43.955321966649265,94.99823327240914,42.77709354752224,42.63420626777126,995.3056710764318,985.1263850393063,1019.2766430488412,987.5418717946878
45.23477572759157,39.004864982015405,44.659825202164924,43.88403776341748,1967.6867139147714,966.7863044393173,1004.0800402422491,1001.5821583320255
48.31965663626801,38.7634671097958,43.79109357528513,43.507872841151624,998.9022600557148,2057.280415790939,975.3299460022396,1004.7628078001928
46.96658764983248,36.8625401293566,40.942209838167614,86.18546466321116,2075.783599913404,1020.1860434686113,983.236621826324,994.2218080563081
42.53038932956823,87.26202082834938,43.160461092013726,42.50817043023753,996.8022840353555,999.2984199394527,982.7871918336089,1002.1647334080723
41.78883979468169,32.15074979728472,42.308028332777766,42.45895662496312,1001.1158436196367,985.7166505908461,988.5422818779277,1981.8663983171423
36.11233938161003,34.93780967066155,87.40881208336512,41.35447375224254,1010.9877085700072,2027.1227544609897,972.397907665189,1017.4084142610022
35.17053960894745,38.9051390192609,43.626519079058326,40.12374605731449,2021.0287789778715,1011.3775481621735,961.6750832126636,1017.1144466039607
42.4234010909037,80.57885107447811,41.02923114903979,41.47578153937592,1972.627553816093,994.8054338648079,2033.9007004627629,2009.3592773677567
39.10936140357166,36.54011281560284,44.84885580454104,43.785171427411285,1000.8256639218822,997.3712799013526,996.8496998158389,987.5019648343559
36.95761250941705,38.777771118707065,43.042181936588634,44.39944465953478,986.5492713953597,1001.0123154983696,1018.0566435084625,990.6829332216573
39.48927406352636,37.53288973398983,41.626517484874384,44.32874102355028,989.072515828184,990.4031797873834,1037.8519030334073,996.272282058611
41.265036230238145,36.423280299142064,43.85235791917526,44.53569185877774,1952.0421738982084,997.9198190870526,1044.9667961373088,1009.7117240954335
44.33311039016687,36.46870573875562,43.91707175351502,42.94223940536885,986.5829170205068,2012.9381023305796,1036.643114816441,1009.4036943335561
40.4665524512032,38.23937201572326,39.054465717310904,43.017961756653364,2013.2703733519893,1016.47764128364,996.590679609725,1003.3447059240357
38.152101430722496,38.585851528221895,37.25087858176006,47.8911390031148,1014.3838493178129,1010.5228582442561,1004.3465691275892,1000.705825566216
45.23809696155486,35.21288530714148,44.03111495356818,45.89297578675813,1009.0624639206583,993.1862359709959,1030.8840223600118,1010.0550886155294
43.919391178699016,37.88438716589364,45.34676270748186,42.95948066036631,993.1122577521166,2057.4430303664863,981.5806034697702,1001.4800466037
38.07168187336196,39.29873525949327,39.93476707959507,43.21523478411101,999.7234632146702,990.958586892107,976.387687359053,2020.9433571075517
44.11361386100528,35.24934265136514,41.34307233275831,44.55402289067713,2008.013646906017,990.6150838207922,1018.7983551350976,1989.3260964123194
45.307943070234515,35.21289982969362,42.61525780987274,43.722213686691234,974.4492990494766,998.0737220977112,1024.1388531502562,986.1445548699985
41.76602618314312,35.66850730136984,40.840401476116554,41.389958958506675,987.921240809977,992.6851069326631,1012.3143734330715,994.6775302202637
39.359462573545684,37.65105099927339,43.446801516714544,94.63447828111909,986.5960820868761,973.4361037512956,1019.6050600634196,998.545233636605
40.3750247444885,37.66101112489471,44.64085670635138,40.82167122315742,1023.7963265804312,987.4377855877135,2002.913549287241,1009.2873341202487
44.640920269793455,34.659028873603816,43.43350297590871,41.83327740699907,1042.3767142217225,1014.0183865569202,1021.293327277335,1010.0280574127896
45.31168225295872,37.48237893688823,45.32107270724214,45.25568459668111,1039.0762590623563,1010.1438395327823,1979.422854818487,989.034288811885
43.728780611287405,39.05555581335973,47.65979259954086,91.44812743071799,2033.2455417982844,1024.2545484522343,998.2524317387265,996.4746680668886
44.18579986040104,37.34848503898844,47.15463566357442,42.4458284006931,1046.57416010811,1027.334002320866,979.6774056231745,1019.6955102918016
43.58204345656256,38.04745733802235,48.032896366600916,94.96886001212738,1025.704821345066,992.5937743049003,983.783598605306,1016.1213250298832
40.36431366253215,36.74955697403454,45.44013581220449,42.21928047167532,1009.9502574947458,987.553162034374,995.4232680054694,1003.5143436841394
39.5983631326729,30.9977611327268,38.680219649209484,40.58850510997053,981.716811303231,973.8331552249952,1008.3422650800107,984.8327732064736
39.47706031895687,32.77462982785133,36.13507446496442,85.38029382168833,986.4557378926867,952.4223615550568,1018.6701561727829,982.1877542579302
43.16815409310313,35.965932729464015,39.61920363411713,46.5474235737921,1009.5061655849876,981.5204383511209,1006.9364321923663,1001.7359387900234
41.88070041989657,35.38537955968408,39.861481194968846,46.525008481253096,1016.2889100748487,1000.128578874075,1987.6934304283545,1015.5207189072519
40.74786372659502,39.71921712644847,39.68709518353754,45.88787272464204,1027.34865557966,979.5322089464437,1021.7706944603523,2015.9140410266718
41.62370366348917,41.44339827002291,41.2628286301365,45.06412944048614,2013.7288122064413,983.0180747367658,1969.9841761812359,1002.8283861788973
39.82950100692166,39.49114486631588,43.058376975919124,45.06388577790329,1034.0332504440323,1009.125601814188,1029.6664226368193,999.6903207465764
38.27465834698579,35.568972860864264,41.49301653552976,46.290724417505,2041.3344341537438,991.726338049287,1969.0590234591434,1005.348609448509
38.49159163023366,34.99194352034658,39.40283463366575,43.86253185352538,976.4744862569473,977.7908298166044,994.4290210595935,1008.827397580912
40.84800903754238,37.89775485960954,41.137470275821116,40.892502895898474,993.687404960433,994.2853256259918,978.1655122018408,1018.744550611063
92.46013789016159,36.19911621441567,37.66602088935032,41.786607542740235,978.3065275096459,999.1512736310572,995.890016402951,1025.7042543606224
39.28223038455138,36.06249521520871,36.68515359656005,42.15263809869952,1995.8617904376574,979.1966167849805,995.2704032482716,1011.7740081663369
47.0622645184513,40.17834078770565,45.17202510081594,43.885133797994854,1015.1099646631714,962.9418206302312,984.3026963248611,1000.9545138010574
89.4832996665573,39.71309427489051,47.64332579598071,44.17306978555493,1009.3436636057934,2011.6604314772678,2005.9455076660774,1000.197714684703
44.56351923166028,37.94233977477268,45.24263767429417,44.48363154142155,1007.8783897177232,1001.1221872768037,981.9842643850002,1002.3123561627634
42.743536657399105,37.93879293375053,43.894856489074,46.37862276830755,1038.229231564962,991.3753964577074,986.9411563070722,2011.3801044755655
37.958489713622996,37.42539866539397,42.142010262842014,43.11261595192488,1033.9414770467074,997.1188425695016,996.753493368191,1003.3211504205782
40.81956124930647,41.29939036871882,40.88295736476448,41.79765811587737,999.9599869009496,991.4174178850417,1014.0571436860025,991.4898482965846
43.00018357439495,42.338883101329245,39.306317373737954,46.22410304472538,976.7566735068435,2007.6535002020141,1007.6153112101542,997.6324589865994
37.476588651766235,38.43003319214098,40.28160686371075,46.50953764957407,1999.5579613147806,968.6588200973588,1005.7924850660529,1982.640617777468
36.92916936155279,38.86460212967917,41.69288129184082,45.535438343494434,1003.1042882739273,2018.1897138892582,2033.4532160896888,995.8540022372364
38.96277961336509,38.41278189970128,42.75827056238141,45.3631548798609,1027.0433994274608,981.3637355706737,986.8037637144243,1001.1355099721354
38.005620448842734,39.25806061537169,41.890725370353515,106.026339876865,1039.7544916634015,998.3157354672703,969.6286086730065,997.8793607644616
40.87713112278949,40.22145832066976,41.69295718784929,41.784371584970444,1995.74147314645,1012.9585426739441,963.4027036383075,2006.6400329365438
40.89637981407519,35.29556868254535,41.73283542467932,39.4733144973229,951.0890744653263,1948.5177101065358,986.534279322594,2023.9489051637238
43.15086912081733,33.17132797911404,39.49152621106687,41.82843742923758,972.5048025833066,997.3354664524129,1019.6319067577156,1002.9902988533693
46.2018393662304,36.7867067952367,40.09872004389201,42.66707408519258,990.3815246018873,971.6991019072027,1024.6407873738553,2035.184235099027
44.7419995157408,39.29204073696455,40.90482021636791,42.285024657970865,1014.1707960268349,997.9020264873463,1020.7798284505741,997.3649279088752
42.845947247729136,38.057290778472684,41.232017151262816,43.819613585554876,1070.5658003276958,1003.3491982164115,995.1404976589822,996.1662040564108
42.820455424285456,37.63414407749873,85.4512741986185,42.58553806901666,1057.7561853207142,1006.626433346815,997.985429788102,993.5554837884345
44.22399722418866,37.15001121357264,44.689091282283556,39.9463820826322,1001.6762146045935,1007.3487509504788,1014.4254549539323,1006.1106407979828
41.97624019021707,36.150440371826726,43.56479088909357,41.82100128081052,985.2428267607028,988.9312873602071,1015.0338445044679,995.6549432108493
38.584381740310825,36.968024209546556,41.286096887787835,42.156581136552404,983.0368100197554,1003.3011055123229,1012.2545485220496,982.4436633449723
40.62890234940261,37.473963601407235,41.154529111065045,94.56747622421808,1002.1655814701921,1014.4673358436173,990.8619397117895,994.5030005549966
44.385610273609785,37.63742801913642,45.409622819690156,42.72922613846734,1034.8815134060412,996.6919159899007,1002.2107674533934,1001.3514041714482
44.48917927770866,37.44746067272036,44.316245424270086,43.9092875313996,988.5031997132279,974.5048214019287,993.1085524155455,997.3389772669394
41.93267994586802,37.70912003383048,39.92794085652375,39.632352449660246,946.3302978575118,974.0408621485699,957.2275273781738,994.06049054912
41.215539564398824,37.09464800480063,43.43235797468057,36.434512880034305,982.6322232971271,974.9958373158072,975.2817554251883,1004.5344654468048
43.2414756741546,35.4888283458441,42.748279051219484,40.77841626331989,1010.3221188283057,978.0816691646116,1011.7479635131842,1007.9775261921626
43.430308773288495,33.98363064756245,40.61325297706244,40.85190348295106,2002.7657353823151,987.4442443502766,1000.5264554216333,1010.460915304541
38.75990981662164,36.75722992610814,43.92777694710863,41.09548410229924,1025.7950164402787,2023.3413497678214,989.8323982291267,998.8434245009612
37.98314373881403,37.555396556013896,44.21534549796633,43.19390308034528,2023.6296282392802,977.8745704799819,981.2230562411287,988.7613395758805
39.70776532957406,36.948446873897424,43.90558681963982,44.605810139085264,1005.9547893129525,1987.4452733668743,987.9330754835323,997.092004894289
40.37853431422897,37.49472669625687,44.82450869363633,42.172730814542945,1972.1589676613628,1006.2185888970155,1014.592745785933,1992.5082098583907
43.08424676773067,35.461807408418736,42.09541846794127,39.6355878226849,992.349755906529,1012.6081263521384,1004.3505498170146,986.6608583810444
44.240042470247296,35.39381656720339,38.030172264681035,42.03271800692964,1005.1957669932134,1006.8139990033133,1017.049456616811,1002.2998813342201
42.91975754321223,36.94286328534431,39.308532707957085,44.454939525817494,974.644558396697,2035.1288505400387,1018.2673295686611,995.5234736672048
40.15729295813946,37.792293996996456,44.92945229567442,42.48099945498687,968.0339929115919,1008.1441977908255,2051.3715748314366,990.0387886564876
38.05234491415293,38.947947227839414,46.94084773990811,43.9984087953284,1000.4788295093742,1022.7353457405395,2020.0360750841085,991.5662666367982
37.97320095180785,36.9788552336339,43.117958202566896,45.4897249600717,1000.302672615034,1005.1108187351961,1015.3576053392211,986.0703191287774
90.00398291320532,35.98639728120049,41.71582552177057,43.682761578396864,1014.6600821140057,1011.748501629123,982.4742793977196,994.3867553544846
39.05161797719494,36.472364741676635,41.16384021696673,44.15672698567619,1989.1990149272813,1028.6348467855587,2001.830006649965,989.1949767525037
40.62196943028289,30.891153268321805,39.93158760609518,45.89399354800564,967.5281408266035,1003.5013825821462,985.1625231795316,987.4610815308498
40.58070167207972,33.37229782098058,39.83159664356795,45.74932618798864,984.1747251702853,964.5667920486505,977.532506047901,1010.2869445054318
40.131493486146184,37.990513636745604,41.43952137788819,44.04707370617528,1021.7028796341656,962.504816094083,977.651245110702,991.1373863495288
41.70473850930361,37.54030864091957,86.42373154820261,42.44829969539937,1018.8127998211696,973.1364091103378,993.7741924319203,976.3885367446287
48.26037283978218,38.116934378005745,40.72489650068272,41.23728618469083,1940.9102969330258,969.538405546781,1027.445340853991,995.4994499751133
45.38529290390345,36.638713461741474,41.282742223521325,41.632328342891995,1981.534949181323,990.0555520383587,1013.8042680970585,1004.991767978864
40.93025050728839,33.380557296007396,41.63368477280384,43.32074584706885,1012.9697836746227,1988.1328867230736,999.1858841865394,994.0890949693531
42.8344410496573,33.746969263827324,41.84535391592644,44.51715402034144,985.2439854642842,989.3563022240196,1024.0640926722208,991.306345914055
40.61300594032777,35.53338793613361,44.44984215282369,43.62873502414636,986.1360187209848,1009.1032003654809,1021.3991307846813,992.7771904824478
43.15266483619584,34.05518424785132,43.6380406024896,43.66169111730207,997.9890771776822,998.2900742295931,1028.1947255856026,984.9457317674186
43.03698503859691,34.14444336472931,39.998699181470066,43.38462607713514,1007.0921122908949,1007.5659281116943,1036.6018222429989,995.6614699858875
43.378322837413194,91.30870724722178,39.433234029203625,43.52981691164337,1024.9536227936676,1019.5611035178788,1009.3679839735005,1001.5041642339645
45.671154471555326,40.46970757577239,43.10126217970516,42.65168003369954,1028.377339610765,1957.1403993296801,990.7914333755549,1007.7386228943465
97.60911482637235,38.04983528431251,43.11105645541041,43.27348066322998,1017.8500261805691,987.7259618253377,996.8575723476711,1002.0937341862998
41.47686133132983,36.85759746744242,44.35242175678741,43.14796264580599,971.8867152012947,1993.4588516929703,992.9312401371346,1002.3987829833254
42.028280737470205,36.9371916177155,44.09029988703535,40.560234542739764,2021.456343243924,1017.5369706401245,988.1212173933659,1013.3487478204752
38.58886788971493,35.42730882874778,41.57901038429271,42.07683450731514,1021.058925547025,992.5328885439028,979.022168956068,2023.7883894117763
40.5517801869116,39.026814933976574,41.75744940423694,44.997820818720584,1009.3717595342953,1002.8808636984828,975.4172866595529,1004.565904993985
41.32140019120001,37.04841615303051,41.39120925832722,43.41748253685165,984.5714163278979,997.57287055707,999.2420166686887,1005.2620170233872
41.5812034629755,34.31443862169294,36.747038983833264,42.4001338942673,1014.6010387372035,988.4343223234885,973.7354206397989,2010.5977049724513
43.41469420328692,34.901937332494626,32.823810400634734,43.138228105058545,1028.9814385761197,983.5026263484793,981.1078542111882,1004.5793765569337
36.73147615051161,39.86675557783153,38.89139226033261,43.57597733116549,992.9255834220003,2056.2705243782157,1015.826613601425,1002.9296209839392
38.49514008277097,39.21960960775202,41.22360472358564,42.68711796991727,1027.9634456168974,1009.3848163406453,1010.4659027715747,1007.9627932566586
43.02196854657771,35.786412016444245,44.73826441033978,41.363855184707205,1065.9986620176887,1003.9830152753655,1020.3829780136834,994.2626215507516
38.63885149055689,36.22993116688333,45.46580403374265,44.02267901509914,1014.4966543290857,1012.5511633047267,1012.3809336962016,982.969730000735
40.295207447227284,31.339284087689627,40.17930904015668,47.59512450433519,985.6210396085849,1023.7850498902349,987.5016807076398,997.1685686328419
42.21151933537591,31.506542797215786,39.6579658360517,44.955049429156844,1014.8069744133516,1016.4739722281399,995.640438805986,1001.273302115261
41.966326609183284,31.592612667034356,42.01788857189352,39.50531413746074,1988.6359086081688,1006.8495608556265,1024.2359874438307,999.5884306028961
45.50750547631853,35.34243097362007,42.59428064621325,40.80908154796874,1044.0677135530855,1015.6362732616817,1023.5661645268542,1009.2048722675804
44.59342071351761,37.52043162388617,42.25696451858474,43.77611661690371,1053.6404327464459,1024.7422501696947,980.455806960992,2006.6586632457702
43.0438715385891,34.42952190211651,41.48790186602896,43.89884324713904,1016.5056749053995,997.1132927426722,963.8987362441799,2018.2931185453738
92.71795937715447,36.639981512743475,43.295459476710214,45.0390543797504,964.0411812708375,975.4853596192108,946.4200280776936,1006.7776813190962
41.30179618863147,38.267500349793565,43.11231541230934,47.6535212347699,950.7069228984387,999.364391274624,953.9340141239026,2005.1636322843206
40.114984430040174,39.048676480478385,40.43241641974103,45.858425320192694,987.6765315569023,1007.7788963144019,1008.2212873974115,990.2064166371867
40.81702720037126,85.79742247556918,41.747124353365336,43.350069478812784,989.0434131080992,1013.3463797041082,1031.7910805641834,1002.4206544617475
41.5801751986519,35.930242164552695,45.38830505389106,43.87244744866574,969.073930450817,1018.0930345940944,2004.5588188649829,1010.8205258354387
40.408051656641504,34.49424224686003,45.07590862630546,43.53045732189483,1002.6801199130907,1018.1750691595548,992.8435841597294,1008.074482253492
38.40392025025669,33.57243405090321,42.77142095462296,41.15120151005858,991.9395470239278,1027.9140284630303,1971.4379428884067,997.2841464306933
39.531876208450115,40.742775586950586,45.579546161831814,42.097769268361304,986.5313472905482,982.0546754131357,994.0356638666443,990.0649620194132
83.29363598348469,42.47183416227253,44.639365284476625,43.53566747020052,2003.6426592895764,965.3326312654872,969.5956961931175,1004.7679208309879
39.90492072296959,37.97501929866482,41.86225806618671,42.728948351450484,1041.3875669031968,984.945904442119,982.1722388287378,1017.6840552097192
40.74649355733728,38.44841170183435,39.0381897960066,43.42947620761524,1018.6849129027167,1004.4606572629002,1004.8058557221304,1008.0804914186245
41.5304691808423,39.11586628451829,37.09563145958879,42.9335494906843,1024.360836161798,2021.8649545577828,1990.5827902059684,1013.956128111701
95.15247286700047,37.6528604273698,36.886013810622075,42.098320326853255,1016.2218750485688,993.9001253120991,981.9666874219636,1003.5679419841955
43.92233476199753,36.701180591442196,41.382208793758345,40.868716125659105,999.3485205077759,998.182021557906,1978.973602947355,1005.973667467159
42.27997781338456,36.733991279753205,43.63862481917316,43.12884828021786,1023.0596416776596,2008.794702626835,979.38124553911,1025.8585435066343
41.65284390578739,35.52361798239116,40.16237490749202,44.271275670879405,2020.606517140074,1016.4939339602713,1007.0384504827805,1018.9500201291235
38.48895509335749,36.07756102033217,35.54337127007847,46.565010662793185,1005.4378818890034,1009.368392962068,1016.994144062312,1002.4214870248627
40.622085123847604,37.78580544906035,38.17659558530815,44.59220932365411,1003.8057502846751,990.6228830095007,1997.5601047203797,1008.6637310386807
41.06327374687474,81.45490258279891,41.06571936913153,41.49468656000083,1002.1603686222232,1982.805143779147,998.2111965538111,994.6083994431151
40.24451338354595,37.778785351420225,38.46020045990884,44.10231718889034,1010.2532779132258,1959.2596730588311,980.6643058739343,2027.96025779727
46.34785794348164,39.37785860973504,40.920819363822275,42.682562952054944,979.2674769941166,960.534931783345,978.4518713484699,1006.5509600477881
45.29621842127017,84.23500008434847,42.09539914412975,41.75497987013007,965.7039140221257,992.3426448349494,984.1280980001583,989.647857466198
41.839864830874525,36.44036754833533,44.27163774203656,44.19933296534126,1008.2168874202488,1006.6631693719505,1013.6807029319434,999.5110923626252
40.50486098561136,36.77226231972618,44.154786765493434,44.90196408930953,1004.399058569486,989.7739131392942,1036.8755363744476,1013.9880100029236
39.63303410955466,34.61827822178022,39.10065638969083,41.92422194552956,979.4759200070278,960.3363885241736,1988.7554146603923,997.985884263499
42.98844521164705,33.07750349287619,38.97248146059399,41.3095318735735,989.7071711340508,982.6548367528453,1033.9686204866046,2017.3765872054912
46.37457087960776,35.12975309583473,40.41991432914811,41.518235710731744,991.1559714533046,1007.6646090815926,998.8610651819215,1007.5543442291334
44.07743360643502,38.84462688632104,40.21051814225566,42.97286104151986,972.2829205264068,996.3687973751253,975.481276942535,995.8608506604428
38.09228447502426,39.235872301824585,42.79728461019831,43.449603164257255,1001.6536685480708,981.510609384932,997.4031312389084,2021.1404607950972
99.07707816252065,36.55647069668876,41.049350234990754,46.587544214977015,1008.7127744109547,1984.3309798898879,1964.3903939903767,983.4278452981227
41.4741947419369,33.35623047166581,37.3301791073923,43.897335414644466,1989.4330663709593,1024.4193996834954,1970.7687539204237,1997.9017641921082
45.13552793700013,32.04671307929848,40.13618001681111,39.7173479789664,996.7676197391768,1011.3699851343536,995.3995376601928,1000.7604299419213
44.734693946833396,33.98950917047969,42.02987722899576,44.74333532632976,1034.1064507779406,991.716033201461,1007.8064940036397,2001.4682431894078
41.0433697047868,36.27739535326205,42.67078887245812,44.69320079385034,2027.304918392457,1005.0154277536012,1000.1509933249952,1003.8324670942043
41.486865470589365,37.643622370950446,41.92122238855808,41.039829431088926,2015.662828310265,1015.0333723128876,990.9610402309764,1006.3995469881281
41.71723156049518,36.88293165657461,93.90689641153222,43.47058652540535,1012.3013324127776,1009.3912137297867,994.4313817282442,1005.8831603002254
37.90385282815085,33.026276355142,39.01711384381258,45.90870355333017,1015.9050023757104,1007.2050420840807,1015.0714546275606,998.79548617863
39.533996108563,33.83447677641986,38.08385254512322,43.69851338781372,2032.4729884303144,997.059549628047,1017.0662194511328,998.6102339153364
91.70869035384142,38.349370210767674,38.25858743952206,41.98285299252702,1019.4839883058144,997.2060947526054,1003.8406977343391,1959.707650955184
40.23448644114276,39.84276183484836,43.20816335324305,42.47777678152991,1017.4059182233611,997.3564577828013,2006.663336427434,996.5337258975214
39.69016222767007,38.760030369535016,40.91602896408589,44.75935697050325,1032.073319369883,992.571866844845,1013.7356437764142,1001.5481160441151
40.19231861839578,35.70202719981741,37.11689276153666,47.142898061055206,1986.4408459186213,977.4092204147557,1003.6399949331708,2009.6018943197098
40.70381427917713,37.03215353547858,39.23317294696545,46.75902107097562,990.5082810928259,971.5628191611617,1004.766443968366,1919.7556589285214
39.62723058753465,39.670160043025106,41.11967342452991,44.084785418434706,1017.7232232442616,985.2810282666146,1017.2683395279648,988.6573071562009
41.11395819867888,39.25037549394551,41.60040625778946,44.3984883309956,1047.408383265989,988.6807751791687,998.4856233576902,995.648778274214
38.49678926691117,36.00903314362732,42.38347704157175,44.88873888738299,1047.0331393977926,978.5487214681964,1975.4136878874754,991.8308281798469
89.07191660548887,36.678451678150964,44.14920750279124,44.293222347310575,1022.5761913448359,992.5193656709114,997.878072744001,1006.10224047375
40.52889411703445,40.357886933673285,43.378984038262985,44.539119925994505,1039.336187520917,2057.2530821349987,1011.7739393905066,1011.7023061804753
36.47855017732762,37.56845697833238,41.59031930397544,45.66027208926367,1930.226041025158,1016.771173245664,993.8004089049375,992.3769887827668
38.985721089815534,35.66118560689622,41.16918772410125,43.080616385978054,999.5660337945809,995.3534490741814,991.9019273646327,998.7131361397492
39.03343786690263,34.788623319498726,41.98475046626784,41.490676119411674,994.5079113189606,994.3826058864528,1030.9824774530998,999.255813648484
41.15636426923357,34.06049004982401,42.27038627443478,44.00856960927533,1008.5777714558782,981.1356851267703,1011.8112902534315,990.4182098146753
43.81244055035941,34.36371719811516,41.66352680277315,42.3451526880571,1017.6475045898608,988.6486063316707,968.5574978647476,998.9847281256173
39.931318776680804,36.566403277247254,38.47419453479954,42.51519074844458,1027.6251152374882,2045.9068130589797,977.9207467882238,1006.0007159155505
40.779612019523924,38.92054990056266,37.92156494507363,42.733882515398975,1014.49018947643,988.6597575344655,975.2809280621825,1975.9935979317443
43.77113243394513,37.40116280350357,42.88279922407234,88.68241769249082,998.138453202713,992.2487020605658,985.9890436510691,2003.4958701919618
42.45023847470246,38.180126977707474,41.64041217854704,84.57838207809442,994.1092776264968,1002.766175565906,1013.1364469834407,1997.738779565586
44.32112322922122,38.21285751470198,41.22583350659915,44.14042520596467,1006.1302157742523,1002.8111554455627,1013.8434642568711,989.3341775506209
42.796007905040184,38.820138936025984,42.27226278398396,42.47199707159882,1007.9177371051811,999.5077000317535,996.7453837302398,990.1913192006739
41.667055171844396,100.22703257087728,41.86076340453526,43.54801955112306,1001.141890418622,986.7924223319849,980.7626389190118,979.0733587362508
45.122471269197504,37.2993597297876,43.75970422780303,43.81608289314398,1989.827801928192,988.2170795705454,973.9642701954033,979.3517935989541
44.366236923253524,32.93174132250282,78.9789929302871,41.65110139363219,1000.4191509001018,2018.5284505483767,1003.6858775633715,975.841204215176
39.928591490868385,29.935906021737793,40.698574244927016,39.626038778950345,963.12412645584,967.387753067074,993.0534837476617,989.5864227264319
37.104861372316726,34.66915433113543,41.95436870558412,38.90161805565853,981.9793277787119,993.395682581991,974.8753206429224,997.2085700975707
38.50913633448016,39.42514758857957,41.53601922579721,40.604711428079085,988.3767947452116,1022.7296485076129,1000.9808543438962,1008.5555093273363
41.16917562774849,40.503676622047706,41.61509623947225,95.03741040788482,980.4202740510746,979.5787380810875,1003.020071599605,1012.8447609594696
40.64048825556145,39.09228602888349,43.34216071573379,42.449200727361756,1965.929807473382,981.5232682431167,1994.9440119653584,1994.5576522575989
38.092752683442185,39.542199379981014,40.59003699389039,43.43295474076299,995.5472787901201,1013.5098825114421,973.4040789277315,993.4122478106874
37.62303991918485,37.81210471163132,34.15621509220629,45.776782997765906,1026.9197160048948,1004.1121499216466,958.305781907403,990.2396949726647
38.05506801653105,35.16375552794765,37.29944554028063,46.05465529367492,2057.065970693895,2048.44953982784,997.0487993595588,994.8757510124783
40.48142291238755,36.064916171606555,41.75113803033017,43.62542069101024,989.9322792260007,982.0103276299608,2016.048916261036,984.8791911692435
43.917598356499596,34.48627647761932,41.374639857878094,45.62747462424453,1019.8442697217713,994.8860850148044,2002.1325323704216,993.7555829572943
41.12934826935056,35.770227762239834,41.4815097081004,44.291266628752254,993.088297334954,997.7627798147012,984.3858177378661,1017.197722472089
39.28227464056643,39.712766819039985,39.51674112886957,41.04363094045681,1975.8226119487754,993.3022414859854,999.4761795414577,1954.134725027649
40.742547055409304,36.16012876199207,41.333266502230046,41.07064263880572,1014.5773943689103,1004.3360920602977,1018.5022664407693,997.0169416567583
41.57707640099886,93.96465251591704,40.048279795807474,42.58783852305804,1020.7362632908582,1945.145030491585,2003.9673515891552,987.6602265135826
43.698696251689654,40.12277317432158,40.432179543837194,44.655806968088186,994.9707750836252,982.4011356979215,1014.6480738922592,1995.7717937984696
42.02545893958755,38.78101380522419,44.85970661413748,44.01112450796363,2015.9997541797609,1016.0501510836509,1964.6298981089471,1023.0966802694816
37.520266919638885,36.38238599795262,44.00057597181367,43.19529418032677,987.751080791103,998.9269197613148,981.5115493069004,1017.8807018084849
40.58260242301928,35.164037481460426,38.89181281611357,42.76594502167784,1968.2257514455803,980.9032033291048,988.2789747816068,996.0338958036241
44.85579103492161,36.70648088762371,36.72674487614945,43.02859863227057,1007.8383445131066,1004.2296237875031,987.378058019591,1002.1407573456561
41.49543993215159,39.183689090885935,43.25456590371549,42.27360348555233,991.9052455097603,988.4992160515799,2007.5712817408416,1016.0503416010956
42.34413025801488,38.82600805735899,45.617245553035374,41.369874127165694,1975.77558631246,986.5842627593979,953.5871610757595,1013.121089459708
43.265692252871105,37.05173801321137,43.214677065984546,42.750008386236004,994.9103364673676,2048.598964568391,972.8932322580442,996.9855497404816
41.37801166816696,38.85494282936061,41.87637641873395,41.93162490534479,1007.0744550505715,1015.4450636589886,999.1452584993137,995.9411141586074
93.48799915904293,38.424335757865634,41.68903944014861,44.70433684119749,1011.0929216633629,994.6704535969715,983.6903114657913,1994.4053707851217
41.54679176295167,35.24925721080497,41.24423779348855,44.61042062846704,1010.4981974267055,1971.1484811891603,2018.6676448775158,993.3802476020408
40.42392379777928,36.00535969801477,45.44684427481269,40.70292358701695,1014.1495362519626,1001.5507536469237,999.6785420888325,1001.697100983851
77.77332079392882,41.80965364864237,45.543580392889695,40.497079710003675,1017.4114239432538,1008.6850741500557,1055.3569555786858,995.0837253042325
43.55106301399136,40.31860724264426,42.77262412560389,42.95901208619337,1035.3561729500811,1006.2715417025806,1035.31072980727,2004.6116469801682
42.65041769887067,38.11921798165752,44.098766432253214,45.91460521209201,1019.3123801341819,1020.142540196348,1007.3098930298278,987.8352071173073
46.21052284931587,41.00225352151993,40.81459061127753,46.98166757101212,988.9005433866566,1017.6766402729188,995.4446445948355,989.0099920364257
44.52872099073399,41.314819945114664,40.36837369400216,42.74082033781029,1014.7438449515187,1984.8359127423992,999.8972391851164,996.2078382635946
37.30880003007347,39.33453453624224,40.63762553085702,39.24911067520449,1005.5024012239246,1006.8300164016186,1971.1068315104776,1004.9927254717911
37.900428290032764,41.14758483628847,41.43075491050292,42.57573858867008,985.3650600479236,1004.6510337971336,981.4058236221788,1012.9303809042044
42.989512473042815,42.95374693081214,44.35347761214594,44.184622418598494,1014.3964080739157,1995.9929774562054,968.558869422928,1011.3709199263117
46.27783102567961,38.479539958352106,43.49432103183832,92.7501211717659,1012.2577503309436,977.3993555531023,1000.6211444396812,2045.587583809386
44.06303659738503,38.024752073679466,41.07310517945881,44.86691892822165,990.6576899660186,2002.6821460281872,1017.4265100027687,1011.5085085429948
39.26452328392122,38.50165077716014,39.54576408786845,41.202995957672954,988.4021341745346,1003.0215337258455,1992.5877388390427,999.207697353296
39.586766516856926,38.332888280607705,40.19746855137376,40.93824369457759,998.4703960355,1019.367235852894,1045.5931195361,994.5673288598184
86.42353133465222,43.89449150594967,40.70273736810097,43.27820261598963,1006.2124370227424,2010.607753509589,1023.0151375097539,999.0482936002505
40.37581743416281,43.78306416115048,41.80385528064017,44.957183486441025,1031.1172626649036,1979.2102510181344,1014.7215801000311,1005.5686587438149
40.75092418281824,37.116711835286935,89.5272555400459,45.51175121630791,1042.5798732462101,965.0223256167076,1006.9312850957965,2030.7964736971808
42.07491344026616,36.19495566426383,45.539371896561065,44.13407895264554,1060.5758436901374,979.9085548422673,1970.9105195570585,983.7943470400338
41.819590580465146,35.67692840038475,42.468240975674576,45.64355351505349,1027.3182989528837,986.0994415150192,974.2546673485965,1972.3398868473428
39.72385111586094,35.9012492281997,42.715447399353465,45.2311799884634,987.375949289401,987.627978367987,1993.578876390933,998.6112205018223
40.34085790476681,38.45495208809841,43.74652533491453,45.03815735425415,1002.9876745908596,1003.687316504854,992.6507828766174,987.2098247281942
41.37240301963155,38.36331687567474,44.70164786828376,43.162134837957275,987.5360568678418,1003.5203596599954,996.2153610493043,983.2680099926154
43.85028466150612,32.7692985529597,41.3330511420241,43.88021051802497,988.135089234368,1003.9713122676549,981.5076849434842,998.2966204030365
44.84340106098359,31.075801970085198,39.181443743979855,44.15302167528112,992.4375427944813,1023.1232841628034,975.7672189712973,1012.475308989165
44.88024733584269,87.19057965098632,42.55330183878012,44.55208354475775,975.9716998456908,1027.3406504030067,958.3750843505504,1008.9130312815763
42.02534755446919,36.91877991790446,41.82641453372453,44.28823541331397,973.4128164717865,1009.1696643718258,970.4052866934942,994.9960757940185
85.71836016560863,27.560168082076245,41.67683419146016,42.063203153737355,968.5487825520711,1001.4318379219995,1981.4750619929914,2030.3012802018418
39.73851283817731,28.956387357450787,44.57216602688845,42.459350659141705,961.5789445553576,1010.1298476225038,983.8539608879173,992.0473209218549
86.39219556195181,33.08762370529392,43.02746652361526,43.42415610441458,997.2624859389217,994.0829192640249,972.9600090817305,986.6716126583037
37.89530858042457,36.603957323346606,39.56045853202721,43.392861030985046,1959.1031386250343,1977.6607860992497,1978.984169380031,2008.4453724386692
41.075219392277305,36.79149997940713,42.308105950348946,44.14183604446418,975.185464769105,1009.1870295431692,986.2483153498856,992.7162417075815
94.19730405575024,88.29105395900946,45.97862403101621,41.73138496436559,1995.9980717329443,998.3866466211107,997.4107752761386,997.2005886439573
39.80399991315143,35.52957053842426,44.56514336139664,38.56141146025942,1017.5812969971462,1985.4445167575716,988.1742548051383,988.1246293868462
38.18327969771957,36.31572657195716,40.12743839213353,40.898266303266354,982.9236660815984,993.5628224537072,981.1267133051322,996.2881138260791
38.67829709765279,35.7894314228651,39.50582398348298,42.57381726518,968.9217962207908,1011.2840470429956,1009.4255740657475,1941.1465535842697
41.392721357545014,38.72121216073417,39.99802813231962,43.03899549934205,2032.1424553133877,1010.2955361585696,1011.3188716865973,994.0069269907144
42.54532119624173,38.81420853755746,92.9423920476721,43.74647739742565,1006.5551312560367,1017.1177315308598,1007.7545253963577,1971.262197186948
41.50941052253629,39.90576312341766,39.66043276221481,42.63539878213368,2008.5797226131788,1003.8263998793971,1020.1053574166916,992.4603859681524
41.473334680101516,97.0106502607321,41.460630885185466,42.76319767952333,1004.7564797679737,993.1123873765189,1008.9583925139127,1014.7274479019273
40.090016901681864,37.41194845374871,43.21612744213655,40.65664210192591,1001.4038916209142,997.0576547970036,997.8739353984449,1009.8195877355076
40.98710239187048,39.050609347970905,42.531867092468694,83.41172776498571,1985.0426693700772,1011.0075635152289,1002.2124552641051,998.0614948593591
41.06906809975281,40.503487748494436,41.70101366252023,44.63271462139899,1013.2943693985515,995.862705386877,976.6970877594888,998.2633806096743
39.24244027405294,39.748472390989946,42.4532538538827,42.11746552107252,1036.1344594187458,2027.8256344922427,982.9219576008525,2027.1968515400458
39.734054068553064,35.1357909882957,43.038547730219506,43.888497154863806,1011.2707703267545,999.2451949539895,1019.5134305054577,1004.2702851846302
38.29784438609287,33.817556354873,45.090479607661464,45.549960478073515,1003.6331217727372,983.1948275157031,1008.7717844892344,994.2634859166217
87.06861181878456,36.8459012681383,45.230819938027935,44.1580750461131,974.0225668774933,984.2884225952737,989.610572181041,2008.9615058256177
39.066026604321394,37.60972705966132,42.61372121536461,41.372402449095716,941.0613986490198,990.8850162843107,990.4407402915631,989.7477342468601
42.137878855596234,36.32203373186181,39.24721658334901,39.329749160017,1005.1348948721842,1925.5872432495034,985.153835186348,1000.4737330634888
38.60436061636942,34.870561685941155,40.93908877304589,40.68996172922296,1032.5901936494965,1989.878889266903,1986.1158758301694,1000.4968461191507
38.31166539102863,36.59234574666364,45.265145322862786,43.23970258870249,995.0052527609591,1018.3931834274375,987.5880527461982,993.8043384568994
41.411876050295135,40.08457941929381,86.4175580132476,45.87678093041106,993.6724734240304,999.6106801025634,1004.1143635957992,1996.9315614205839
41.50034863105913,41.012152539756585,42.886551500077914,44.49442405008505,1004.1955567277093,999.2510841694411,986.5304512923631,1004.7959276069748
40.83411695850214,37.88948285039076,44.91217338190424,43.76844447375646,1016.3075742984663,1009.731553830808,1002.2239733855672,1002.5400136087533
39.97977294352867,34.89006083487619,46.51490676596244,45.107129640574726,1012.8177295420994,1018.6491395864252,1012.5592584751487,1001.065423029188
39.59318700351211,36.21785618138726,42.58784337204765,44.48542608944776,1003.9735588521805,1967.315401514758,1022.4100379300446,998.924695359136
37.83758272245983,35.62006844077494,41.247838337282815,43.37518239049604,1002.9091535775824,999.2151094120616,1021.5898191618338,1934.3068398997393
89.13379997297395,35.49436106328231,41.732168212313184,41.869420633326186,1007.9412486960143,1004.6694242659538,1008.043929931215,998.0529489665364
41.002622757825726,34.65978121456511,42.66934020605103,43.18426761761924,1021.6563780147122,988.4084964466863,996.0052891541027,1996.3475324358067
41.22582682138838,35.49888775234908,43.06458047068619,43.60060825567237,1014.8736590098888,981.0250158300876,2012.935287746097,999.4037313752685
38.93805010369016,37.155341288376505,43.21542702546877,46.9041692698345,997.8672611740801,1948.0529245085265,992.6449623690464,1001.1729426792734
34.196855603700776,88.03902372821676,44.65370835435254,48.66132333560226,983.5651106931723,990.907704380091,977.1319170878133,1004.3375845717926
37.23496767599026,36.394276026564455,43.656868661316466,44.65740240735683,2057.397839680779,1008.3963648578031,992.3755235299938,1000.3950285088581
41.61091776357776,36.65519627151363,45.24183877719889,43.05609612119069,958.7213310776349,1010.8192483341318,995.2886191166392,2002.909647863913
42.83505285580851,40.66637080706657,44.694914945647355,44.76459927064079,1005.641043762279,1993.107639469845,988.1154053789222,1966.4131089416014
44.86696237905327,39.46817559826047,41.35633239879276,43.94557534594158,1053.0225300077614,979.0674807066151,1004.3418731044163,1018.8636923175318
42.6637983821859,35.28331660376098,43.63069530731509,42.20290069914006,1024.496281245422,2012.2574926496366,1965.2569966297558,1013.4783378144781
42.71828883085508,36.74976931435852,41.94604980565458,43.449469210288996,1003.3285328840288,1008.2034022244236,994.3758346412073,1007.2359580813943
44.27247563969915,33.69180801500871,38.816824656965366,40.189871548740754,989.8867819221433,1000.8284747899916,2004.7435483031757,1013.4883105743817
40.23095645426025,34.06958153294121,86.38922280398111,42.021952690594134,997.4545731215968,990.9829288131532,1011.0463006943799,1000.0906341071723
41.86100748832285,36.73510013504519,41.728483544957996,41.11916261888531,999.9025212094818,989.5315048440327,986.9810038773496,994.6809339767724
44.26538048409151,34.81897611587878,36.77132350266426,36.19268534063727,994.2014125673307,989.4376415723784,985.2149225142085,1008.757990157585
42.0824261305111,35.70690440157008,37.701389779419515,39.695324737549484,1012.0489377812873,1001.7124803418037,2043.6473379852864,1008.6281788023034
42.14155684798778,37.06588115572325,42.026930153620356,42.20475359969849,998.5603166311062,998.3891380532907,1030.1270897045054,997.6255329736651
40.95688673613391,37.218734196353196,42.99609229158716,42.13037857638284,1990.7655790419672,1005.3341665685275,1028.0874186534083,999.2871984105759
41.24958179669241,37.91144267553335,43.42586182310603,42.838971987594945,1008.8778060801869,1006.8766987635054,1014.0718197755054,1017.7312034127399
43.836743777470645,35.474582148755125,44.41059123297913,43.26200473547094,995.8331123853069,991.930406268374,1031.7992495020135,2032.2331418359172
42.70571961837429,35.48319900288193,41.34937490652509,43.299189163092265,1008.7274301607318,996.8148735227137,1015.1930238217543,996.546187781398
38.29107073702447,33.17231181599337,39.032368305062825,44.528567591946484,1040.901394542953,1015.797122907307,978.0048991558567,1002.4704935483397
40.08388359897166,29.400802180929592,41.32479751575531,43.85871493172006,1056.190689745261,1027.297448766391,973.170264471534,988.5874935144229
42.07676904360915,33.5554394657747,43.95725735926378,42.24378142712713,1009.2833762107512,1001.3498523210221,990.3347129893974,1972.1102044722259
42.77445260116971,36.66372041494855,41.09249520353069,44.981936714145796,994.3577228839254,977.1919532477,999.0528940651943,1001.2573242854681
42.625224521289184,32.98752805072563,82.1488692144307,46.19945276673751,1021.0257322385164,987.6549100691757,1006.386367497601,1002.20036612598
41.404871185319124,30.971548492300997,41.42739652361252,44.888895361430734,995.0625792728474,990.6814315824793,999.1922986401374,1017.706506957513
40.60078192732328,88.28240398583225,87.13306431633247,45.42759675755539,966.5622930202792,977.5927372520698,997.3305517799927,1018.9000684390095
42.34828936793785,35.32559605638935,43.81778365000425,44.42594898151412,999.2076295188517,982.8731412211384,970.4383180100681,998.4127787003835
41.073445783932605,35.372500553556605,43.609949111335716,45.80770655751055,1018.2584738467345,995.3177895842366,1995.3716744704598,1007.7256518002342
39.396752138302894,38.771672635786715,42.69773418130635,45.3032597102168,991.1010634968261,989.6177273835046,1011.8176319617581,1012.5167415567316
41.163400752962005,45.49574746191915,40.404683834958846,43.97378728483544,991.386391230336,1929.4329733470206,998.8031715418482,996.5899839293078
40.08922176096864,40.894679003130115,39.81061975497938,45.73564298262602,1009.4919828842926,973.3293037346137,998.7000931079324,996.6734348656362
39.08262275203086,36.03076019883513,40.77794405354268,46.495444479290015,984.8542242279588,1989.4615532650016,990.5578503290996,995.1969607687236
40.53396561390748,36.98322963268409,41.09374606189503,46.025786078354855,963.3649842084571,967.9238565921644,1957.4489643404208,999.7080436297288
42.077279608352086,36.59647729335476,38.978840416506145,45.63682455071371,1008.052637011811,1976.4913391032087,1978.2429233691053,996.3128954086083
42.93114264808173,34.51981328821323,39.282449865071214,44.97170962914037,1959.6401453134595,1022.7435630201012,1012.3557635700333,995.9574148141534
41.649168522129855,37.608682112860905,39.613335399858876,42.959743202914694,999.3976537123904,994.306170879344,1016.7311879642014,1016.5571504347552
41.65998886035651,38.87197804335796,38.25143343445724,44.57323968819527,1019.4647738797848,982.4034189668241,1003.817499092791,2020.9229586760257
43.158616984578344,36.45205404775963,39.8088944407305,43.0926739985196,1018.2632297718155,977.7464543469605,991.4977855305704,1021.0259714720173
39.962321182849976,37.47811699125515,43.286634074139215,43.71189137823962,1010.4438962158835,983.7441475575438,978.4155495188375,1006.4557188557607
38.21568594093035,33.94123496354686,42.37853163113793,46.494270418802245,1031.4699444611692,987.9154513897892,991.2407394092359,1004.3715085438171
37.92298085045772,34.651433616848585,40.96882488882376,43.05876140861294,1006.4032526602749,1930.072472626048,996.8187104694548,995.5756884144214
38.46465644489235,37.63841802727747,39.287055971631645,41.13207838344009,1018.0185141113908,1017.9244016082565,2025.0402746412813,1005.3094324676407
41.81239096240894,37.40871503524502,39.08628497348883,42.07216552428349,1040.5002908448564,1017.6817531321224,963.1263544164251,1014.5180444265661
42.26887490396013,36.39721285545502,42.986438999490005,41.901170961130134,984.5728994477031,1999.9372720265483,981.8794037846396,2027.7577475968815
39.92702529167002,35.77956674611123,44.755377963102866,43.670419031759856,950.2234345230972,1977.4475481057175,1013.0926404277426,997.814914992707
39.72131062445527,36.469334723266726,43.85104872899155,47.042997609428326,975.0689857256783,990.0846875965774,1013.5240250419042,1990.0756261445208
39.08099735382882,38.30092528696155,41.49218622687816,44.445858301626515,1036.9713156881976,2026.8433545811724,999.0152207790381,999.9227679886617
40.679736788934626,39.707663996945485,40.22490307474781,39.19205729436597,2010.9024490417871,1000.2971409699957,985.6573131434689,993.4135360434234
41.73016116690567,93.456639923156,40.87084672923609,41.469442374073104,1002.3519135633766,972.2959190762192,2046.5982360185799,994.4001206577703
40.36154345684451,35.18132617807178,40.964426354263615,48.50465608065296,1008.1633640532627,947.9142627295978,1963.1084504621952,1007.643925227261
39.25869028462405,37.84303946342588,39.98159676437128,47.02738198273585,1998.5602410395022,962.4459846387601,989.7084535995454,1014.4150858708305
40.215942852561994,39.01979693298752,88.45731368730392,41.20485019070096,989.2416046579575,2020.2306057457938,1985.6430764211957,1019.1789065975104
39.323640985730414,38.398483969811686,42.26453461435224,41.19661841837782,981.7387390301376,1014.3252484470629,996.4966235644886,1001.9156404794271
40.35950616490472,36.47487072371227,33.540562739514705,44.59862483051272,956.089671280457,1017.035065149068,1011.4384589463496,2044.0063992076368
45.96948356975835,36.27881072984145,35.009538275666394,44.59718936959694,2049.4016565640586,994.2000240012698,1006.7041168444537,2024.3459446546735
46.47274369453733,38.17335858687619,38.9572479422583,93.97799953700547,1001.24974176924,993.4420323524278,989.791699393774,993.5931518052269
41.70774504628875,37.68458775377757,38.44665176136316,42.603999175656824,1032.4256464352266,999.9266276367387,996.1128604899648,1001.0379242715412
40.87548604250888,38.33307091128067,40.41892277266533,45.32514874123474,1002.7234348416794,1985.3872298097865,1001.6291506724785,1009.1124396975692
41.88082676293885,39.14772744687074,41.697444402713586,45.23394462122313,961.414876145664,963.9209112359515,2016.4233531418595,1013.715203273103
38.020199412094314,37.188918783724546,41.91621331147006,42.965651098098874,974.7557506332719,2036.2114079842456,1972.2772886625041,1008.052126000025
36.86700495349862,36.63031935331499,40.04345687582078,43.31460742593765,1999.1019363998907,998.9333266449166,1013.9297578852957,997.7493901691935
40.44590586182851,34.408465894165914,39.53318265147578,42.59020570678021,2000.4918804420593,1011.6870324049194,989.9887856231818,2027.0097203221721
41.29422060050405,34.32194887187832,41.66616816768631,94.05133323541276,2077.4637811734383,1007.3550469087992,994.967563388612,982.8780032874527
45.75062503754069,35.272722423054496,45.56559909703249,41.1932760102091,1025.5163946503974,1001.3658746688989,994.6843671617523,989.6115499544485
90.21169239034265,36.7056463176001,47.44690803645866,42.182961329429745,1019.2394232553536,995.8255949706137,1005.0123073655703,1003.8077897392966
40.904931919062705,38.182127571717714,44.078998911209254,44.26251883634187,1994.435355337595,2020.1675254171937,1022.664311580488,993.9087739607063
41.469023611850844,33.65493515977259,42.0564278143777,43.03930962908167,995.3805517232722,988.8723279328857,1002.129534188753,989.4171793201264
46.32909900135415,39.70127335736755,38.63671646925305,47.25309097146038,991.0405817775296,2004.2048594203088,990.7378517988229,1026.0753357088133
46.78958425782105,50.00790798530293,38.92079474049295,48.186105358135784,934.8618197242906,970.4994993693422,983.1544542879285,1016.9827660236256
43.24387053834772,55.28094151735332,38.640636410976974,44.80786603634145,940.3631208035575,1006.5624750024801,1009.6354389779739,990.6798387749079
42.74977664734935,52.05544330626211,35.66273125676889,49.80729316913977,977.4010429257664,983.9776303253864,1004.9077697095545,2012.8897631501775
48.84351335966623,46.06109228284069,37.711885227694,48.31274210044873,974.1558564543391,972.4062724442861,958.8757798415327,996.284155821531
49.18152392690499,45.0239471963132,40.32622125976931,44.70416204680176,2013.453292091957,2049.8959331121873,990.9782939011366,993.8419809307801
51.59615088311796,41.14637608813844,41.64304207780515,47.59490111457943,1047.0037961080384,1014.4989712947696,1007.442258052905,967.5770822993261
52.168861162676635,43.86399095722412,40.87140799395142,46.00106729044596,1012.4506179194055,984.7369591370409,2023.4504527384383,989.7053555096795
47.4892338240867,46.717697159224144,43.898424658276575,43.495722644780265,992.2234224351437,989.1240190643116,1018.9195316832763,1003.9575720226863
52.954521293604266,42.81371017878929,46.1919248571002,42.9174984345842,1024.0055038875769,1003.563964880444,969.5281022885965,955.624377658151
53.178157305852366,40.11764997202267,44.22158900469903,46.94632964655717,1058.6980733516064,968.4631461815584,975.0911645942397,966.6924068583774
46.540720890853244,45.38854148411946,42.508876931989576,50.940580900918775,1013.5711165013769,989.3112376623335,1002.8720121882114,952.2788883421025
44.116028933714844,50.8764807371837,41.86511961867114,49.526777773917644,978.7760784721139,1022.132662023472,1001.311708298593,941.9994338704973
48.64516092038066,46.94102485810819,40.234534327447875,45.753722012631066,1001.9439128619528,995.587598924297,973.4275638862981,1005.5929371504299
47.59749672048731,45.11239866213114,36.00434259990904,50.78325692255342,975.6312754539758,967.7169716488786,978.4319623781234,1939.914451713794
44.98725513000552,46.95564081429596,35.18069125056434,52.33880580676859,980.431965555895,1091.2371151682594,1035.8530387719693,989.9300043986811
48.82863719670145,46.50477712683123,40.81230069631437,50.80577886379932,995.6645656274384,1114.1106286562767,1051.6040870494633,971.8350812050575
45.124625248573366,51.5674615943267,41.23426108925922,49.8494755212662,975.2739498712958,1006.2033707814759,1039.3384868232897,1008.6186005882832
40.6723113612243,52.3620070254699,37.6401660674093,47.94800871695817,2016.7086120577114,975.8376545343359,1998.4360465099503,1012.7378756014484
45.36576376517999,47.00907273391436,38.627625819667614,46.99012485741363,959.0847211875791,958.5623120673057,990.685192430289,991.0737615104703
45.611663310558185,48.84924247963292,42.61146988285152,41.230716990822195,2014.2668726876452,999.5489995901457,977.5010283821379,1027.2755134997865
46.30013632807615,48.74195656734146,42.48535674475154,42.77336788829186,1020.3403328242237,1010.3054643881896,998.2199640940971,1015.4581612148356
87.82942913729306,46.86325251386177,41.32555787306545,48.05317309788782,1004.6787590601816,996.8840987167816,986.399445227566,1000.1589711515113
44.90509050805814,46.372210747870625,42.02196020643642,46.8507438882137,1006.3105489270367,1956.6574369315767,1015.3826186726362,1010.1294406325261
51.3068506135281,44.972375133229306,46.486706853624135,45.84473984261351,1038.7402735138635,981.5379213004373,1018.7165717740259,1003.6540329906657
52.5983049826912,44.155991536993454,42.10427935720852,48.331754620566315,1022.2349848603832,1015.7529973289932,2017.1081796775884,2022.334809230244
40.45497177485625,44.21170440866578,37.66181379945659,42.661926032287994,997.2521312431153,1970.1173738989444,1985.5283674489328,1013.7068271380979
41.849836698643756,41.49026577232211,43.25592159259039,39.90939868388942,1060.365063187705,987.2658103919963,1076.7358040085892,997.9200843943265
49.05362430227872,45.6052474019309,41.691664746573124,44.11371486425796,1075.8070747767733,1022.6652234554882,1076.9009502363238,1983.2014798987045
50.21923586280472,90.86017309205138,43.64752715953287,44.36427623720328,1981.5397972108565,1068.6378417563737,1001.8343640779811,1969.5854427012864
49.86754407946809,51.24481914005002,44.248426586255036,42.77527085094327,2010.8283548645488,1977.1860086196982,995.1269859778822,995.0982617456089
53.58604882709955,95.21541761697436,44.54949562059838,40.62508340826099,2011.1430303787297,982.6185200612554,1055.7434694234348,974.2309033882514
52.212977614652395,43.10257606885638,48.21776766279375,43.82263242140275,1056.0303572504895,1064.7254620559293,1042.4686753244025,1017.5974022070965
45.26630604752973,46.17067631000542,45.26095483903059,45.001578701668855,1033.0612015983393,1049.6796227941445,999.0269243322972,1050.2740791378844
48.60013764986168,50.66999677775581,40.584353213654765,44.73954203689169,975.8969368581822,1034.5629608559166,973.6896007081295,1038.45910600113
51.01385126772699,42.52439543451089,43.64434871549228,44.97096610888296,1002.2462353129255,1042.5546872779128,970.3767629355791,1026.7642907443583
47.631142027744886,44.29459301396121,41.92407181838544,39.781916598515856,1040.9024368513692,989.5524678525935,972.9250232516906,945.6867741454627
47.90819675272987,46.86602989841793,47.23712222913225,33.710812972368814,1004.5193076632322,996.4422057852084,991.2152401197291,932.8826532446622
48.61715609190835,47.62491844224525,89.11636543281283,36.44357609652513,984.7719274797298,1018.7159991936508,996.2469484745034,1020.6295762850762
48.178008036117134,53.51291831548734,40.787490470745,42.89737572853528,2017.044843476463,1032.1517483509374,965.9120407704513,1052.4573721998938
47.0876807319792,50.55406686303157,45.07722401056718,37.891589236965736,1053.1331425198096,1958.3307229187385,1008.0194408628256,1956.5650894834084
41.25226729633986,44.60011023022148,47.55423554860434,37.466316467559906,1005.1047944207498,1013.8335700428112,1037.5337818040323,982.8668845323184
43.76202538293296,44.14256289653723,41.57678125653395,44.70895542380537,1000.3542635897079,2022.831322368904,1004.4199981066013,994.2086622427515
98.30854679035232,46.627503739111404,39.60464439745738,44.12973643520277,963.6325972766081,987.3757260122422,989.7685233895559,1014.9915278040708
40.17196925017622,41.80805935347958,40.46092426301506,43.733923175217875,944.0752792532368,998.7801443954846,1044.1819093539207,2021.0340379089448
44.83521142918701,40.637721159194925,40.72392242447365,46.06030308353175,992.6479255675281,1013.9179415965664,1085.6882768734563,1983.3193581161793
43.92597969867321,47.71994734925063,42.22266790797973,88.9003848244336,986.2259558246718,949.2616821082443,1993.9034134195647,954.6665596160069
39.841780492121536,46.23031062125439,38.41397814450049,51.029197197544065,1005.2457203756289,900.9886790943772,1039.941465551904,950.898347519663
93.57658013009065,44.103797565078864,38.61964822220469,44.228700262570015,977.0798869147195,970.33370268012,1004.2186583477855,969.4216872940319
48.15333481599212,41.500556984703465,39.742128971256335,46.98723309718842,947.1414663947282,2050.320952485642,999.4481795379138,1042.536696289055
49.87275951897388,43.686138336880106,39.66523123587427,49.310837919586554,968.0402917538844,2021.6646936958218,1047.5268544005621,1042.5811760493855
45.831045392432905,47.71283968021575,39.94048967405297,49.290814729472885,941.9579063403799,1054.4729297217878,1015.7737261189384,1009.8800698294269
37.877128247641224,47.62632636288101,42.13316245855669,42.60766651436793,944.26197674482,1007.8269436881876,981.9118377723951,1028.375532633703
42.649491194305234,41.95391644206269,44.24348331608712,41.00256558284226,971.7087151489011,2018.082607453878,2013.7556154215158,1961.6823045665526
49.812795617115356,41.789643365973326,48.43940418125408,48.076852903643015,1028.3984923471376,965.4214234720606,991.2545474073341,1921.139718448996
50.764053017315604,50.75595607434787,48.48239096707762,48.178802351394594,1042.4994083890288,1972.224522574343,1023.9015371197106,1013.5419023287661
50.55130708996462,49.80883156893499,47.15258616590903,51.673593760706126,2009.1620335207022,971.5728651566837,1063.524647701503,1005.5913691877583
52.550548759478815,48.06603847938561,48.40592718697796,47.48102607551071,1144.3098940809875,993.2557359868395,981.4934562941603,1032.3525580506214
48.70707046455588,50.84242364509463,38.44442572658346,42.660437028103175,1108.5229622461648,1006.5974815656394,954.2642943810812,1966.893484820518
45.17925680738216,53.683036493037946,34.09531875754173,43.73833091219767,1039.9681944290724,1011.1681263335086,1016.7033164472624,1014.3502017855964
48.15767083360578,85.20828205421458,41.11001412651901,42.66912000893517,1997.3121336202373,1966.5453099130934,2064.1597907371574,1002.3444289907709
46.740532007771996,48.97402595018764,46.39807393776391,42.030178012423605,974.4462123611977,991.1969234493263,1985.4506764952891,1995.34979825149
47.786738834177044,51.69671168463643,42.83479339999637,42.58650408650873,962.432302860326,982.7587668639972,964.2809659538071,1004.5386176742783
55.191675597211905,49.52484762966505,36.43732636655335,45.427037887566925,996.2258004242054,905.0955443742165,1996.6341962570334,1025.319033245486
53.058236860887725,44.499913265692726,39.89381324385492,49.33501113706376,1018.1410176548495,892.7931762078022,2039.1401956352627,998.9324038361918
43.94632906510152,43.47828500781095,44.825892863202796,50.489799318046664,1040.7571746122235,950.1512544485865,1082.2758769540949,992.2180144799497
43.87099576701688,45.94060622526378,44.79851532227181,46.96887576900046,1064.7262057918483,1990.765107054548,1128.0273488162047,1022.6303923034552
44.126671347971374,46.33788905392282,41.94090801126418,42.29513896240699,1084.3238131819262,999.0479379495084,1052.2495338710996,1015.6324294754298
42.204269546814686,48.736590514861135,40.76584878996,44.46289823092704,1072.4543623558197,967.3197540239601,953.1054897518331,1014.3014057861105
50.534686034433946,44.737887446645686,39.10494847621431,44.768530175121455,1013.4572480806557,1022.613240547725,961.7537424045477,1010.1478517299277
50.75515000868871,42.79250287199095,35.695974040504396,92.15242958525333,1023.021572415683,1982.8538056776042,976.3668956097443,1008.2785885689489
47.7729005857573,42.97362696122572,38.120349306063176,44.46219650189577,1021.3695023876522,984.4598619688587,997.9487734067695,1995.131220123986
52.62289880016513,50.98696813076093,43.78753281729307,42.469157143781544,1953.4609198766973,2001.5093063264935,1007.405184393819,1982.2744107097594
50.368776487247644,54.8287344304928,40.62045660887492,43.12436384285847,1022.670793011072,947.9958776845325,962.8608114512085,968.3466463808334
44.84017735379874,45.92158988161405,41.84765248332635,45.61491674309673,1054.3825273551026,973.623792580164,1003.8546245630785,959.6040996732182
50.83568736072226,46.776319346358676,42.08855751079065,49.48535506255223,1004.0991005341602,1006.8486993820918,1030.2490968159516,1967.713814885791
48.62638867221044,46.0446914751699,37.99753917815677,45.407507960094975,968.3202372117402,996.9634860580969,1023.4566778969634,1035.8028620526165
46.25129893470084,42.725151676655145,46.21142079733176,40.601855938681425,972.0084660247458,1017.8390555771621,977.9105896011201,1063.7036504001949
46.94402346832455,46.811649836008385,46.48247928596159,87.40286030294894,936.8842389959556,2019.9094371060505,961.7960785505486,1997.3595993064284
42.01619366177656,49.635374972893594,45.306485172079064,45.61254970915195,959.9132386935022,1053.423788915846,1006.0396708496678,1001.4157257720858
44.55035358693512,48.57966271708024,51.0171383682058,44.30777276974123,996.1560532414906,1015.7996983836301,963.483400895167,999.5234627746163
41.7594035371617,45.77921599554346,45.55335458304219,40.93635366757175,975.5035631845296,1010.5516727919878,983.3704886870663,974.2109208488391
43.14596236683974,46.288712831389205,83.52339883829943,37.55727283187706,957.3188382509998,1008.3654803534375,1022.5484986610054,2014.7357469143158
45.023682021908826,47.87369380931935,40.458757853769306,38.73600241183709,937.2764785498555,2025.6050271882002,946.1246757866254,1016.2027631910147
45.60655947392631,47.584892564070046,45.44941163284193,43.825304737675964,966.3498574911266,966.6556024053477,955.7016686915152,1017.9892964368279
48.5790211933985,49.65948698483389,45.02055039771373,42.041785270089484,948.4505642505735,964.0054346844968,1007.3688067470525,1037.8336163098563
47.84572971777396,45.17152961287459,41.35139692791121,46.53542054088874,964.4718044491882,1012.7972923307398,1982.40602244022,991.3936145624762
49.33367320702717,43.616391730954234,43.4771678697799,45.570708094727394,994.7076177850023,1996.2995095717968,1941.6266213685076,980.900989982273
52.43886432294913,42.31955907028037,42.02511766569445,40.910742815989494,1002.2835316647124,1069.471121079238,1050.1966903184216,2002.2256839073027
50.28276292033946,40.623121028876255,39.65711878591342,43.89382553704587,987.3035743804239,983.504421308314,954.8328048570619,1016.3347207145933
49.52285433634549,42.71247285365378,42.70293397923376,42.29835963879265,2021.1644451473358,972.9744896309612,991.071457634574,1034.1819896881893
52.07737652150698,46.57617079628537,44.5387447437421,48.21974636036044,2000.7080544272299,968.4217018550223,1049.809868223791,1067.972029196617
49.413701682013105,51.57374024098881,38.99055442164689,48.50547754375779,1016.7782787431469,1002.2132384627741,1037.2289612015443,1021.1984504067083
47.35895608978048,46.360264809819256,41.34414262396099,46.85122949004163,1043.9035270896834,1012.3807357041846,1048.0139349709057,2000.923822218744
44.676745888689965,43.62220928227668,48.348049628942384,46.252440819477656,1058.6259918999149,960.6527959413452,1057.3259814840615,959.6202222523771
47.321604020881715,48.92111398691348,40.65991796091311,45.12391399296112,1010.8990721450577,1978.1930566660437,1065.5473222985474,976.8463743398547
48.28407469706781,50.90432228715956,39.969813237190934,44.24245129765984,1026.4861351642992,2022.5860954791508,1968.5354538852548,1012.1583065033074
46.105246995589546,47.49410839295419,42.64456618569753,44.07223958653165,993.4159746740022,994.3009179682865,2010.896395009043,969.5221680501517
45.45702046795108,50.0616739340894,44.31969431465602,49.70872091882697,2013.5426410447908,996.1243524590079,936.9496815693321,959.7019710125123
45.26060911030682,45.84068754115559,46.1083514858509,50.50314391571333,1025.0678583254628,997.7018709926124,967.9151232065428,1002.0330074492163
52.45690841770812,42.42562810624392,42.75640236448557,42.58834424812578,1058.9509149606893,1007.8126492833337,1038.2095449699762,2007.9927678677154
55.360488414817226,45.99290128255339,50.0789667483767,45.01761202532877,1016.7797254004872,1017.6660843599866,978.1669223191703,1970.7985514494053
51.18943906515896,41.233650322481495,53.298538056512825,47.782445333166685,1004.435508721131,1018.8160047230938,980.6854741889917,1039.2343871192497
47.910155648753154,45.09001321954879,43.44811757976737,42.91908928209631,1010.4969217628466,1960.6450046773468,995.7614273278177,1020.4434790641772
45.73364366036361,50.248149660080955,35.324236650011144,41.391546293581186,970.1746745833607,1033.4954364574428,1006.6568006095865,1008.4029123433734
41.267058036612866,47.019682163355924,36.7861215861373,45.066673351572845,979.2074310780598,1018.393711362721,1041.6733405706204,1021.1612382752157
44.31063257366347,43.773560988167375,38.413962059912336,45.98453076920477,1012.8359936802623,1003.3784791945202,1038.4849320445185,1026.5982466562007
51.45620502329503,43.568978927805695,39.625974742076465,42.00987970537152,955.8031373527572,1982.8899539068796,984.357922497725,1046.1825067967127
47.27650559636505,44.66947513061619,45.6267035211491,47.15104130514938,963.5217122788081,1014.8869970807614,975.2717217857546,2048.7184168619206
45.69518122518028,39.16419722382838,42.79593483338665,48.07062049097624,2042.4125150274326,986.1899792156848,995.4120548402695,1941.9906897262708
55.936511822017124,46.070138641442355,43.44487838747938,47.14023164908271,978.7508438604542,1006.1793478697282,992.4568270172563,1003.1764784658783
59.160880420137396,53.37797081583908,47.2199766251009,48.007591374307246,990.8819497883026,1042.0531076029347,1977.5847449259445,1009.6189915521559
53.00471408092398,93.29226078327129,43.91418857359068,46.65346648051368,1999.394392666982,1010.0788879010609,2001.3704097426123,1979.312920696912
52.06202328732601,89.45227547499353,43.340106452075986,43.58179022966997,1010.3517615719211,989.9739797863836,1008.5262537834341,1013.9906069677245
52.36746160065823,49.95256479505231,45.27555109936036,87.6999892963746,1013.4031383489694,1010.6043457961075,1961.5614223547786,2051.3732705372477
44.08144227986856,47.10783931052761,41.619665848212335,44.455949972292764,1024.845993887792,984.8913096881267,1977.0805029222204,1967.9868622869683
51.591022081576334,46.49977302805729,37.36207251280052,49.85688861547827,1036.261158208491,968.6693658351428,1981.8791217896985,2005.1051648914563
57.03946902861637,38.56725720769968,47.90397150565654,51.1320300725492,1045.1868126657998,982.6239025587514,953.4295982659553,1012.2557093193452
47.570188889198775,42.00359687053641,47.76742120972586,41.85249675069345,1002.1995502301754,1023.631227759492,965.8868475634638,1010.5814109335134
98.60374965408296,45.54606277712544,38.35407350517143,37.882895523665255,961.469945571032,997.2327857577985,984.6122525156931,2019.767813477772
49.74524380361389,45.19039593852216,37.4012036483268,46.97242886361357,976.89203151066,980.9294376231509,973.7298783397454,1011.6722974501185
45.43711388177467,45.19059448586092,38.37241160548861,50.944089616915214,1023.3047435371229,983.5998815458468,952.5943105164378,983.9589874393766
42.15771958565185,43.52377215033725,40.18112160431414,46.41638321370483,982.6146654858394,964.4803980797046,1042.7872293446885,988.8075554665031
50.71947991411818,43.43733947536939,41.77622327582375,43.197927772982595,996.760730245378,993.1240423118635,1058.9457648273046,2059.9269853100136
52.395249803245775,40.759993127473194,43.291197606429705,93.63718549486923,1031.058407973882,957.7856394584678,971.2719709152449,1934.9973573471912
48.367391605077984,46.49189367807998,40.69503578662091,48.0225556809037,1042.6998559284302,1011.3728011616313,926.1082947350483,1034.7898851532123
47.48808272182362,49.56577069511121,39.308828954489414,50.646760502868005,1046.9815831965516,1067.1145297870062,979.2628397444489,987.8006740379766
49.07692091582469,43.06474180160539,41.93006316405149,49.59928718493592,988.5235899995107,1028.343018847712,1990.887500183602,989.5097588859951
45.47031705214253,44.38705873330319,97.12869477213479,47.7121007446057,952.8133300969878,990.8735583882258,1004.9522374254558,2045.2050439284533
43.00540152293753,47.51225888881612,91.66395228585229,43.59711464842859,976.3351778776907,1014.5113038501311,994.149666013946,1037.7884341325432
90.11243553597531,50.283557648601004,54.43060534500637,40.73795049230466,983.9599557227859,1063.4728396873147,1040.0332802150015,2042.274053778099
38.72491435795828,49.33497402027389,48.06331634348342,45.37169869293763,971.7015106671353,1036.9218476925876,996.2634253087685,968.0095552029312
36.18346929752843,88.88213400793487,90.78491601069561,92.81907647366543,1050.7739274456435,1063.4053664915791,941.6095769909089,2020.1437673343592
46.27589953365516,44.124622950549295,48.58915466689419,42.14674303404679,1034.0832961847748,1062.5357932896418,974.2435311164467,1010.7057004735893
91.3607082932216,43.33649001468542,43.503709221830235,44.75209777085243,1978.5975116016991,1039.3279774501834,1014.3198478156319,1020.7727883493924
53.57507243599667,45.615889392556326,82.31460572693317,52.45459077098549,1971.425088420868,1053.003008567965,1029.623179364391,1016.3187112347057
47.698188174462004,41.9575430684246,45.10628801843698,46.004414900336,997.5359741374991,2020.3920610282175,1076.297769133399,1013.3458413750097
42.71959756124458,41.92904910342398,38.744353933370874,42.82498267102615,2007.1837761713525,1024.324295468524,1063.3418972393542,974.6835334066886
40.77552217632877,47.33257361113799,37.32903413936586,46.79371334188018,2006.8478708221496,985.9026689626047,2034.7095833608248,985.3631979812494
42.99451454263249,44.35713999869302,42.00069005626088,41.925881782960886,2007.0755518808137,989.6422539133381,1002.3946776892888,1019.5183651065688
43.45433910280424,38.132941900723836,40.84884388825906,41.94529003090625,1058.5670648413275,1024.242373035434,1059.7552906875421,1047.8754052323568
40.9013187569075,41.1354602470535,42.880789694606975,39.406715097108176,1065.0325473359162,990.6221161942665,1033.5475033731404,1024.1116984054784
41.98191606980628,48.769595023592714,44.74129464129088,32.838935104886446,1030.853197315176,1007.2426599648752,1012.7661665479845,964.4294153363917
49.29564661932838,49.26598707002523,47.49690881976161,35.06138012468216,993.8883673050116,2029.6974428323197,1001.8271310546186,964.8489217709267
48.4537573809732,46.89217756326991,45.77448494096999,41.33848058850694,2016.790389217059,1030.5848202816078,1931.8456234349483,987.2857994811079
49.113639708513496,57.766550968483116,41.31235988731066,48.94439122684494,929.1689651602608,989.0893449306433,1029.477436268589,997.8361809659228
49.942863064270625,59.80710895679809,41.17450163288982,45.70797273208554,1030.0442248745087,985.4470952550884,1007.6352780815278,1032.7778895512715
48.205587203183796,45.905461048144325,45.525092391240975,48.1206323941135,2080.200806616156,1023.7140995748896,982.026278191621,1000.2204615734743
51.64700836827642,40.39139555365081,46.366446932879214,52.12891363457598,910.1416829221056,1011.1808886389408,1003.7062707495893,989.2962827916444
48.03662146415712,43.4633286410248,41.69367358393816,37.723482434878086,2010.930454850285,975.1302125249881,984.1413019546696,1985.1657525038283
45.67560515458797,45.72760587749663,42.09329859362489,89.63970599976034,1052.8077482176293,980.9843302520151,948.6763850209093,955.5766686999223
45.014103971725895,42.603050039721424,41.8245217270435,45.23645405177538,1035.123927335845,1013.4224248900675,1006.8100468891288,979.4189425217817
38.30199835053325,40.823507945613926,37.72576133108424,46.34314332415625,1003.1756770294128,1014.12255443449,1026.5576416993074,1021.2769394999721
41.27584044351168,47.16770660920724,38.149966946677296,47.99447551392219,2035.014423759261,2017.6614926539953,977.6718970298483,1023.7841060821277
43.209218013082534,50.57522688839903,41.67138077471124,94.5837591520572,983.2947419369075,1959.9395837400696,982.1010071062109,1018.9421964211599
56.030533239265225,42.722022229676114,45.34336644752717,41.696192756150694,1045.2590279860126,1043.203579154619,1011.9323524673714,997.9616615676198
63.73782671664537,41.17385001907362,49.90486325751626,45.690934619835076,1059.8127876369217,1017.7989723992328,1028.0557250874956,2042.438935182339
49.553178984879985,46.439957755102576,47.59447952321034,47.16284698830946,2038.9645242872705,1989.258367660214,1071.8408666191708,1019.8916495347761
48.42145840988566,48.132364057566946,38.057582728769006,49.09484845666845,1027.5923924163458,1971.985594802965,1059.1685842522647,1008.2035642736589
46.03161846687223,48.897527731719805,38.20548349887892,43.6224650721456,2000.8294943832427,1973.522193612264,1025.2986173118536,1032.3053783856049
39.40176416849769,48.770056085408726,43.808792278559736,36.4410538816725,972.6979545743247,1036.2381773738368,965.9405975757111,1071.8392255061387
43.816704455689134,46.09822653899455,43.049686634454375,38.93221524878382,1009.0553754940851,981.1154310896072,964.6748134067027,1050.0519216033167
45.57952935812145,45.99844293949329,42.64890548245181,43.582446702129054,1011.7755270355982,954.5443670569175,997.6720176496374,995.592527352793
46.94808893040621,44.377494826114116,43.631342183547005,45.65907258814275,1026.8992172394605,953.0037240112481,2011.3401252686651,986.6936404850048
46.677556262585874,44.25195934160443,49.60704790858791,36.45868594750057,1060.4089765385947,976.9641431216784,1000.7388419055585,1029.809953184443
46.73376623758817,45.9932303389932,48.45156092227832,38.25001764953481,1064.3884016393865,994.0697052590167,952.7854406050271,2031.5298349258283
51.566032372893844,48.18756043405378,42.08379131371922,46.703224046690735,2030.5847533637361,949.4175440077661,942.3874870875138,990.4066413229001
55.887518451621915,47.899112496479006,41.94103607764794,45.87482362884913,980.7129442558714,902.9233169760585,1029.6424454927244,1004.0338715888599
58.352738568207414,47.86705048259873,98.35585154185394,44.26297855395739,980.5453446815204,997.0607592187116,1010.2106194362316,969.9930074941994
51.27197754876734,50.27304879466484,43.000606345121255,44.18979756866901,1991.9096078080574,1064.712660440279,994.4702818764013,978.36559322515
46.32601437670694,97.9987182641947,41.48210496636067,38.7442928345992,983.5368870207317,981.597052334425,1026.7885309549229,985.2866536843435
89.16076426006963,92.61780417980397,39.31346970880608,38.079879375711826,1024.6777440011956,1931.476474700583,1039.9291020522369,1003.7000074530961
50.807074985026105,47.77409523986702,41.405922887570014,44.65385780800585,1020.223309165613,2000.7222528497066,996.4039724256545,1009.1202151853261
48.25103360860429,48.664882306523694,40.881660242837405,49.286254448806666,982.2417650509201,1098.2849888025544,991.0918475509645,991.8556360387151
45.79644155866593,90.53598418983259,41.4043050097241,46.46192154092784,1016.3837727995224,1035.967085121406,1025.118434065154,979.482186113157
47.34086976187878,38.64017655300975,43.918647675734654,42.29989076021787,1026.468780874577,982.5924998831308,2014.7579999062527,952.5268561181961
52.09020736371817,38.152223768996656,38.95244061174553,48.87636948353219,1043.2172134654277,949.6421463524308,949.5477323477458,1003.0588362344502
49.175511470313026,41.788224358079106,36.542585447780326,47.465370612060084,1022.7009958368642,1000.3657413436111,952.1839270136979,1059.1696774368938
45.0335824466196,43.88258433770865,39.56084135434173,41.94352238801223,953.3789835926086,1018.9208330169613,981.8130998292318,1053.9049562103814
49.471223804493576,45.21474135788185,37.94698244071721,43.50981432787894,2026.855405838798,1020.0505363639916,1032.9414526156872,1976.031956031495
52.40922698548856,45.65733657097752,39.83603063592139,44.36723592788641,1001.1401064470687,1037.7967586535003,1032.9408293322952,1007.9835362018046
50.78835803803053,42.36101673301276,44.08631830928206,43.339492549335645,982.8245146143163,1013.0059146228288,1003.9525257254213,1030.9165915683434
45.63387139794318,43.38046673037735,40.93189689388586,44.401514839256095,1011.9337375372047,1993.1743537126704,1014.3336455988014,1028.6430790438512
43.767474209898865,50.67003278495385,44.5677317992529,44.01944151722931,1044.233931478657,1032.6946322628846,2032.1923911700292,1048.9365375401558
39.49562494581177,53.48493906452535,49.626764850081045,91.36131808165986,1015.5299700435361,1026.0829379328993,958.8387359955905,1011.4600872065699
41.253286191444,50.593084524262466,51.549566092366646,47.84744742586493,952.8358884939581,1051.6006852619812,1964.0967548574156,1004.3956084100021
49.75682034090886,47.26695610840241,48.623086440531715,50.70249942864462,945.3056861313086,998.5551784796424,1012.0998160714475,1975.6855118700214
50.50411720877628,39.27668671625918,40.062927249724844,48.49286631177539,1005.0696063270957,953.7288639427059,938.1899921356926,985.4911230485197
49.983164861094195,39.625308562306785,44.167682798868356,47.123925737070024,1016.0958202210463,1006.5917040379547,990.4986869476488,1985.3504973322003
49.1857382062703,46.460424372241086,47.38421744666546,47.94928003865802,993.2250485601762,1098.202757098465,1015.3077508572021,997.511254388378
47.7202910099454,51.66223137998759,93.57609593794753,44.372680682047424,994.3369548612732,1095.0196018179636,989.4242637296725,975.3330780038846
46.79102678078588,50.74864801994523,40.96770231924651,42.45219794785618,981.2804811577871,1002.7217108414662,1038.7980779752993,2003.6467696870063
47.36275420049339,45.99407050644287,30.82433194438273,45.0626195971506,1007.2532931308183,974.6111860210685,1043.172083762674,998.8945934050685
43.82038051155702,54.29147776497159,30.530604287545817,41.65718646355967,1006.3859077601246,994.3293694341487,998.3404556333969,1022.5118238041862
46.89886211870839,55.93094543537226,41.38130326817596,42.15183829344133,985.1748633115476,958.9010486501593,991.1200502111849,1028.3857992612166
50.316623410294426,47.64324297082709,41.42421087517276,44.86216992303479,1026.210972865964,1982.0976971427785,1988.9849242842963,1025.659388640707
48.15617945630392,45.43772181819877,38.15670812506261,43.69336225823539,1956.8174255834267,927.590311149321,1081.1718766986535,997.2513385960601
52.961765355931576,46.05018145505811,35.5423381959105,42.479893253248015,997.7902998609011,967.3110090671476,1025.5324933453767,1007.0087520442142
55.71120090957693,43.79810200498996,38.04406062943862,41.102510034975225,1079.697395780931,995.5084484742322,1002.6943173236425,1022.4166481647255
52.62317394010169,42.557188732147466,47.562689161121206,45.86521262783778,1046.910066610897,976.6596341753334,1026.594360652362,2010.4120265485697
49.26565116066085,46.70412334512787,42.09139288821477,46.17563957737695,1012.8728580908685,2025.3239626018164,1954.6122865212376,997.8955742300727
48.34019573633954,45.15076955098837,39.33014863647471,45.401949727636435,1026.6462127220595,1021.5882778678549,943.175446591355,2026.5993181806014
51.71485420720614,42.77527359127319,75.9006974538713,36.9633763777744,1131.8895736629179,1965.5139063578388,1024.7080457442896,1058.4295723602197
55.10049475335667,39.982245888809416,86.73262207007785,39.37860919112372,1127.3603092126302,1094.5921675057157,1114.2027136460524,959.8015310376109
54.07409572328434,39.924222880897645,47.60392746933456,54.934299531840836,965.0773101906627,1070.5502232260292,992.3632969956583,1947.8407940305588
47.86430888555317,46.13251148099635,45.656091116168405,57.012447526822626,977.3613474370006,1992.936475526429,988.9046368570389,1024.914172563625
45.192321643597595,50.77992422528146,40.2132625903653,56.95956398884839,1036.3442337008535,2006.8907236386947,1116.381535380062,1987.652869819784
49.186031826830096,49.55410576437656,87.15283216848636,55.61837647220999,1005.3899190798235,992.2969248714489,1024.8425049000357,1959.7840807556868
50.42772002272174,48.405398813578174,56.7911801001716,50.34506304506322,1082.1220924913664,983.8710954832344,1012.3939612235371,976.1414323572408
56.15761316853701,56.60140592922479,51.72322355873567,51.64674497007144,1017.6121670881388,1993.8550697350477,1035.4111494006588,903.0507155959908
63.471587427076244,60.6545270174948,49.17138963029019,49.0054570505486,955.7805312257609,988.9528295662168,1008.5362792086898,895.967232812978
54.42779614585364,54.145101430474284,72.33801021398176,45.30976708849094,1005.0115471014,907.4590495759256,1070.5789348612461,1009.490805275346
46.52615096308709,49.36794210110422,70.02716463100037,40.33706899716154,938.4545352590553,846.3774797281931,1111.385975405453,949.4982730512877
49.73491202375915,88.71659218444964,51.97672452301528,35.64283445819537,965.986139451041,892.1800640520416,1038.8504414571478,2030.3128149284405
52.10645401191003,50.463229441293564,53.239123232753364,38.482908752305526,1033.2874948273898,992.2996670245257,2008.7785517239336,939.713919326136
54.06645563046694,52.47666243989627,42.92689114162366,42.82618378625393,971.1443030619523,1986.7067812802013,1008.5114322077695,1010.5076896283556
50.88330152700421,46.25257190082066,43.743399183822994,43.71573122725694,960.75538566029,1028.8113301580458,977.3719661867103,977.0993436905702
49.426603939391114,46.60790521515251,54.5720653630166,36.43701880658008,1018.2712366160032,1055.140157932156,2024.8333606804078,1028.3560907877315
61.28630233476446,54.3845891104355,53.76276181278018,38.4449588030006,972.3600853610606,1061.3097915017718,1973.701630627456,1038.2038024954884
62.89925609072474,51.27834415858216,40.10608641736899,43.938622285632206,1984.0745704797948,1023.348916713252,948.9995571130733,934.496245398452
49.850675229303924,55.577390442434464,44.93271095140505,49.23467501648194,997.3314417062252,1025.8403624004668,965.2189150529064,978.5200094228085
39.485328122344455,59.805573028737456,51.03337158365527,46.18066533937778,958.8109751016848,966.8925153791591,1045.9586553626636,1045.63495184985
41.4630100194866,58.77544616307793,47.70263766063927,43.0364870677777,993.3158666985516,897.1956574017113,2000.191838152133,1034.7691226369498
47.42132421652022,54.17382761055929,44.58983603177907,49.686725163715735,1970.0170902023692,1999.7227841350873,1013.2988956221142,992.6824518103053
51.371835351139325,51.632715770264,44.54888312054935,56.98410284945509,936.8507373727939,1948.5953878713415,1092.8121473481046,970.5267375515191
52.04305552016493,51.04989766218328,55.04007517047637,50.634907123031724,1058.3562600904547,1950.2895422032386,1036.6757867295808,1014.3315431235364
43.22495959599843,51.701291897008204,53.28383260401262,47.738624800287155,1124.7972156718283,989.9908705474079,966.9882000544482,984.6408481669266
55.85417749030688,49.29855841163507,49.46471408406694,53.740888352082514,1069.897147222439,985.7893211100638,970.9878833925773,956.1731164982336
69.35921258039927,37.68951428966632,54.346665682986156,59.968770009089404,984.7234201627658,877.4786514200839,1016.1780955845278,1059.9325359343622
54.49524037631499,31.49195410221774,54.00606807083878,70.30388265851695,1980.6553115699148,956.5556031833522,988.2691104992346,954.482138097798
47.02881324329346,47.89095656504587,44.75228647519976,59.17528007891078,1040.5263974476152,1117.7918918137295,986.4953447487446,2028.6573370061076
47.517890660744285,65.66144600047552,45.42128840110015,47.78920564226741,1090.9670337380471,1026.0072803937928,958.8417978617006,952.3197832465123
49.20392933586399,60.028621635308504,48.07745196672268,46.47981727452367,1985.9476865218105,1002.1616484354962,994.3916521835879,996.445521044823
62.41090312612249,52.05017710030126,45.53361387275321,40.299628860560674,932.5449118516246,976.4411366265952,1039.5388601516372,1002.033454818323
59.914161422393704,47.95953186718559,50.596809720709004,39.213208169324275,2005.365044484942,945.6014064737915,994.7902327289017,947.1743104981559
50.823766855495585,41.42825638884413,51.724229084309925,42.19498179100734,905.8408441038055,1002.746260177353,1990.2927737191767,938.6492026242629
51.10276477642848,46.22064664354352,47.547524937671824,51.69245950578234,952.1133516075537,1032.4654975344474,2009.8290594120722,1027.3795647654442
55.241174065279296,47.36353758892732,50.83338758808859,50.22181204791431,970.4309794159068,971.9671312464104,920.8469925902846,1098.4467029845162
56.58519557985749,42.91504301900619,49.79045121910808,52.328035971220416,896.7796606190611,937.6782389041307,1040.4586455254794,1996.9643801227012
53.73937144170047,43.39798746240007,47.07757625585586,58.38315355611084,914.0875694599342,1944.512720464628,2001.966298948502,992.3432453965315
49.87250781626065,44.53456270464943,54.57236470186776,53.11588658589128,911.574096732827,2057.055495499526,1049.2311597407897,936.6104625076223
44.55586036168869,84.18928027345108,50.63239477132231,52.39348891226074,912.8057423449535,1110.66132645507,1972.1151643489488,985.4032694470077
43.817252731479904,59.51180333791211,39.026612137413565,53.679223100761256,944.2542223886835,1014.2452704496649,1008.0944964701094,1012.4089306078338
48.29240612888002,60.77976253605503,50.4387764219763,49.39626982503433,914.7162752886888,978.9162692409021,1053.632677518537,935.7547662477576
53.29665165030808,51.77607946020086,56.95326385561708,45.421943381086756,968.1695625308673,1964.1044249452882,1043.9773367673874,993.4998420668185
48.9521426598769,45.64035743648205,49.81121736801693,45.27068222705442,1053.2742588514257,975.3931488958428,1048.2627202691888,1091.6843726215898
52.104158312806845,48.05017699170758,47.757646304950114,47.93490434668501,1093.2980309076215,911.0379372558393,1006.401330459659,1039.2969263524542
58.495884478611,48.350101139517925,51.17050466368789,43.1982784801516,1084.9775501208392,941.9946086754347,987.6177240324284,996.3233987026376
44.95001517357608,47.52353956886701,50.6315013498385,49.91109887686563,1068.7120417407277,1977.5813866962876,977.7053991372215,1047.7684781899738
40.01453775343954,43.74663411086544,41.31086915811771,46.78426010466704,1987.3163057181143,961.1104321225642,2019.8835409717317,1092.7969664229222
42.15517612463513,53.19891673191847,38.8827845680554,35.68107208968975,1110.9685699224378,1037.2607389773448,2000.1755513342844,968.8992626678694
45.172001000235966,58.47346086815861,40.745938987086575,45.874905817173754,1959.651227837362,1015.8422264658255,1017.6786377439648,1991.3702152275578
51.51690742341999,45.553066588281226,39.08463346980689,52.50056903699368,950.1310716666828,980.7355272610696,2010.7478584142189,1097.018509128034
47.518250018760725,51.850838116489356,48.72909364304309,50.23368539427406,2039.3491987989391,931.313059260694,2003.6072490405716,1043.060430018537
46.761838588333504,57.662913926456376,54.41108645484826,96.56492978461263,1025.8994523639312,2037.9733112302897,932.9239124563296,860.1515777764246
59.672572394465135,54.715315189016835,55.214978971311865,58.36017952423647,1007.2621800805846,1042.329202994399,876.3493116322138,852.6282549268606
56.443156940744004,57.696614300214236,43.30590478009962,49.86800705571582,994.901947515476,1008.9965704943111,896.1514600852194,925.411931335283
45.446856037214225,50.80707360428907,32.5477471411529,46.962526814838,1100.018802561854,888.4122685051325,1023.2234620227212,890.3842063212901
45.40851115685723,34.813488455047434,39.63564048615243,88.78254249112294,1057.7892653989488,919.5976740697704,990.0518341093335,908.5432459142227
43.22793413091441,35.98835082409595,30.52715371226682,41.35665360785226,995.5689390075632,985.3769064041377,981.8653956703678,938.9249070930962
47.039591544929095,45.033374298084965,42.947561732870646,42.699600568298905,1104.8101761002576,1066.6490479612435,995.0908627682322,1975.8516935152447
45.85253015272676,49.87899423599748,47.786322255675906,52.17619056711189,1085.2627817332263,1047.6010164380018,1099.4238327946878,901.276643194221
46.91296944876655,48.86782640221513,40.57591326556688,54.55114408419611,1975.988105240428,895.5922835784512,1132.093678740443,1989.789791227663
60.35680360060552,50.57381111255843,91.06828433151992,46.50600495682036,1078.265517884629,958.0951711904463,978.7908431356296,1135.4748168127953
57.04189872863027,51.40753468547286,41.126824389257536,43.206191523038385,1043.7416666270133,2008.5460809886333,2001.1850181321138,895.3068377143161
45.16645933004342,36.41405029700695,47.759432058116865,47.03977629524255,913.1892459303635,979.1470264443974,1937.7011271678311,908.3571828459768
48.36676648069158,43.94218942823442,51.290772275817886,48.68659413146735,987.1800274625849,1001.2697695111015,1039.1376623761203,1983.0659915038464
50.960457644415285,87.83471881387814,50.208962134822684,50.00890469854666,1051.3814646309847,986.9906888563389,2005.1065093500847,1082.8395735114777
53.15312032547502,50.067335122486874,98.1661154529204,56.261110372438374,1055.5021262374803,932.8416703221963,853.1678259938299,962.258671675628
56.663784630334014,43.66690295766081,88.18437287904244,50.50553977319689,2033.070854484603,853.4069859116648,940.4060417525409,981.0181498319776
54.30025894824317,48.844458075972625,49.833194314372896,40.099893860014845,902.4511681530987,813.8255269032117,975.7808543177212,1023.178435859369
49.33216792094586,52.86338927504668,56.0585564061482,46.06870665108674,1009.9093888398063,888.4795151958463,943.957508400069,1010.8231211263161
49.01574913823856,49.567634413550465,47.77218787226323,53.671730222181296,1073.0612296701133,2019.6212578973023,999.3882011920036,1987.7954818628352
54.08691477561132,44.14254731453485,49.757960868629254,51.828205472810495,1015.3999699677556,1037.667143650405,1028.4293120250288,998.7421289177815
53.93082190743775,45.94885278623126,59.19716403930214,46.806423792374275,941.3590339397261,1017.5315481849257,961.2855781742302,885.63436361019
41.81804082973781,45.38396516267803,70.88612118968338,45.27665703899911,1010.6617169947831,980.8493704817492,979.8287855044993,906.7837675262888
36.692010926366144,46.84731155666152,77.85087424323561,45.24981690500158,1050.2385453017732,1088.0783610312094,1055.336768199291,965.1135700158932
46.290161842425974,45.15601592117419,61.45093580116706,43.90330053194307,1026.7470020983721,2015.606742937525,1089.8268328884196,969.8031737014436
54.486674867687555,42.25639787657128,46.08636051768583,96.62030247221315,981.8811760239122,943.5047739793331,1127.6804762088077,1006.6194437458521
53.99861014429247,51.160188399898814,51.216391330894595,55.178847945674164,1031.276262207095,1998.2356369194736,1043.386408958368,997.5217833872241
56.86861216334197,54.995232509177455,52.08010949978021,53.89658694627032,1045.7446049898708,925.9631264698262,1044.5070606993609,944.1119051872163
51.220155837105516,92.33576460469945,45.35838956523094,42.97795489089614,1018.6310463111978,1974.7708724231015,1060.99024336291,959.8153668788827
44.63349928090932,48.39982150880212,45.48165591369727,59.10086683415784,1003.8731856275398,1042.3343630644686,1111.4893650664358,1972.419306615043
53.914894724524544,53.12464630053004,41.926536766814465,58.46802953497301,963.3871338151529,1041.758892238667,1071.7974217079534,1056.2657786888158
52.047268356582656,57.90580897451995,42.012729515449536,55.383994093851115,999.4053223490919,1019.0585273047243,975.0543586180484,1070.314481102234
52.9660008401557,48.817173626291094,44.663170728902074,70.74075771050445,1030.1926766170893,2022.8516785368545,1007.8698294510236,1019.4899454707422
51.90651329359544,46.550459902022624,45.20848461912149,66.68948497932968,1009.7804288462676,1014.3714537494213,1022.1239972300284,980.8688867144194
49.122947896890295,47.5227168848291,45.73890401283283,52.597765156221776,1006.616237350393,1005.4516327906683,961.8997827468229,958.8209213579869
49.81491152142802,50.86149540250071,40.19663563824858,50.38299989283344,1082.067234173669,993.4103326635486,929.5348069474726,927.659252056756
45.989304364789334,49.91249605981652,45.77298383706351,51.91083048294077,1944.4261101585967,981.9889062428938,989.4679754396534,959.296213563206
44.77966542537594,39.60356238250043,44.211247336109054,48.095084242257855,1072.721473763921,1958.9841138082966,929.7513490390056,1975.2607345981212
41.52435969990369,36.35894854177663,43.68374604120211,45.123058425051866,1113.0221785350209,1014.5239114890587,1986.3849535934855,934.0032019041867
42.50814114640022,48.45287423900535,54.91727069659018,52.142284600936705,935.7119763200634,1038.064774836033,2008.0338681010583,929.4790408298795
50.780308584760604,52.46673692262402,54.91966399621344,48.11881447997692,946.3815245898359,1034.5514857234677,1982.6312743644573,975.9170064631511
56.50336963994984,47.5867782493293,59.650997106743866,35.98054488419477,1029.5468067167785,1019.7930639451422,998.5632372949274,1013.246468098868
54.25720443397965,49.21465783838249,53.84477796788367,32.358358852671216,955.0737842859538,2026.0487243841346,957.1252064684759,1016.3298752507803
52.74173959433567,53.148454203931266,44.926083843128744,40.635817714941716,2001.8754699661345,1041.0575932605404,1995.2396199904479,952.4684580818949
50.49033616020749,42.732114117215296,53.5466441863568,48.991084853170165,956.7776696299816,913.6805154715761,1040.0973866830855,988.6426859612698
52.53061909286096,84.5435149710092,50.5389990788468,37.8935078266597,887.5242308445759,863.7662747314537,1054.6353590814078,1094.3084739672136
53.052227104777444,43.77692648084907,46.77534365158134,43.57513200050352,932.6317792213097,928.9008245775731,1052.3546928738244,1029.7530225432006
49.87942312074583,52.339390250766954,48.831296524154666,57.070590723152186,949.3219412775172,946.0344630495421,2043.521571664143,894.4329956726517
48.88528543029653,54.08835194347188,50.45610347324782,43.10477038651978,903.403695973562,1053.0104929056542,1953.6270711491447,826.7098505380495
44.38283399227812,48.33732047834057,56.44712706843235,35.051308131188634,966.3495000872226,1102.0524263818938,1051.0156709915864,2052.0573789908904
50.14961530963021,48.88234955254397,50.43662905770571,45.17151525777925,998.7308961181056,995.417476458261,1067.712539732093,998.2692704835181
50.14320663818191,54.93648940030242,40.99606057973787,60.77471048941924,2025.8451743164933,929.2039685598111,1020.5293347568515,949.0357867226606
45.388878922692896,49.62240474547971,42.53721987474339,95.26384630424431,992.032019733284,975.7025323277943,941.7135512138735,933.9206978935617
50.048446769238666,40.21777903045532,55.728721941182314,38.72124913614316,1990.6013532701804,973.7305163562644,901.7781777581173,949.8951555673551
52.3687310177087,45.30638166022037,59.68819843419806,42.14234757694886,1014.7272058412766,908.0349390894255,956.3019457455516,944.8307350687446
51.2665860085203,43.62262563203334,48.92285663520252,73.59517539162444,991.3352544927948,888.7792905799208,1090.9184449872337,856.5178909981149
55.383526793401884,44.346151095524704,46.8238449956542,70.34862897596481,1031.53968648808,1000.9982910213955,1126.9671950882478,908.867123094751
57.62805027241437,48.6474679416337,52.72486902607895,52.29595390032432,1942.161215085935,1004.5747253570555,2030.346445430138,1061.2504211026092
51.37188337251992,50.89135625625273,60.358727759481795,45.286021572018,892.6238110543047,902.568999054736,2004.9929968595236,1024.5681615437638
34.61745230592216,46.04497429542537,49.24270819752065,46.043469824348676,890.2318501042837,966.1591438600068,979.2760999603729,900.2521837319313
36.22577773872354,48.953007384648046,49.35575844778485,38.80744671930788,893.2247814907288,985.016971378621,1998.4083139428453,1959.5087308846125
47.54199505722587,55.28535369032895,48.8250974253475,16.15872299481878,991.5625774508078,1012.3582508813408,995.3389243275775,1011.544085169485
44.32481670002611,52.487060697524015,40.70799216101183,29.262928062503082,1085.6982793124298,1093.8253763401967,963.0144544035148,1996.9423416122959
44.40367692499487,55.509444173285665,47.09087460329731,52.06234220982532,1088.5958137700254,2007.3237165302419,1054.092418880356,935.5917379963604
50.91921117787649,53.45797196116095,46.921472949789376,57.39661831035908,991.802952227494,1062.7597797672695,1013.4552533717631,1010.0741515240586
61.81164058538411,48.74083682888241,45.84106781755014,55.27055695927642,953.6042178381556,1038.7746997365507,952.9222654950174,2013.6815664254252
56.95943728684442,43.31909092984179,50.151879319072506,48.982616552416985,1023.7354447947291,834.0766761421723,931.9628355564251,1007.8052440044557
85.53025709753065,35.760740094226556,52.31239266905133,49.096930209284736,1987.698221451145,764.9760559897751,939.8457028973311,1039.6112850326645
48.15201736217567,43.9264681900282,49.385094047720756,50.5574357933737,2004.3685504221,923.4145548567058,981.521403158292,972.750416489607
