TempSensor0,TempSensor1,TempSensor2,TempSensor3,VibraSensor0,VibraSensor1,VibraSensor2,VibraSensor3
38.34297804921723,43.22522687090088,43.74732882784459,42.02254536012636,963.764616763957,1014.047862475376,1012.2794690213285,1018.5713616477894
40.07017849302763,44.34278522744086,42.25165531167524,42.803805418885084,1994.1311967411377,998.5600035691671,994.4675993237673,1002.4823569841631
39.51664339424029,41.218552312186176,39.66425781075624,43.836247397912146,1001.8429263847145,1005.3486107735256,977.8537074027884,983.8780267230416
34.5238327473234,39.40347973241133,39.822591216546044,43.85784546135732,1010.8860362315875,1954.3612942748964,988.1043366126926,1009.6213084690637
38.45212651744992,42.29200419944556,40.64450354929166,42.92368702702089,990.0688755380813,1000.8534922091708,982.3130429692029,985.6695908493996
41.76587259320513,44.44756575844502,41.77029336569662,43.56226796765634,967.3711371030508,999.3163391121036,982.3313787294442,2051.848753083539
38.471163187823116,47.059271144518185,44.0862789604222,42.565007710446906,976.0390548156392,1003.2144670757967,1019.7472288278623,1962.2016771989236
37.26311490926123,46.527386065336415,41.85925375682599,43.28461001236831,980.030868151995,985.9626976419689,1031.9765156552269,1004.4091417578404
42.66302264207046,42.02057166430816,38.06601298384932,85.46838916501987,974.0285345004985,980.8238395568915,1026.7151459347708,993.1569135160692
44.180371863886414,41.43456040630237,96.46167606380342,39.606611263081184,943.1055719978319,1006.3753394704211,1005.3923526610407,1043.7582277725708
42.4850214303937,98.28270544897117,41.525705143747274,43.61366817728992,958.639352403777,1030.1365591649665,989.9638316649334,1052.4481853833595
40.239190798230425,46.817385886247486,42.08823094374002,45.315822252697856,1001.2339995575262,1010.0702516494505,1009.8090902743668,1021.0334083110874
39.559841455287085,44.73700012439572,43.94215948952066,42.81469853401729,1997.876817878859,991.1573198366666,1987.99583704354,999.6735218921397
39.6086792419924,40.36143801464752,42.11132314154402,40.49477040291107,1002.2003008815464,995.3917205000698,1027.496443740211,1005.7388404011815
38.79763204115554,41.0759121858478,37.614542944551985,40.30564058620199,1032.420025057195,970.8960065429608,966.3455610763701,1009.1601493728612
39.8069425913161,45.53448729134975,37.152146783238265,40.720963731946064,2002.6277873028673,987.5611661704946,967.8057421490865,985.8286868885505
37.368680909615904,49.19708383867783,43.04922613653198,42.17139629260596,1025.9522325897015,1006.943020706683,1023.4038388581741,995.9166016250485
40.06281625672725,48.12095095414456,41.3313235948207,44.75476836025099,1990.9860241202687,1000.187791471648,1003.1930130835763,1016.6344078509524
47.09268319728607,46.32291464905333,40.087051602113036,41.43710759814992,1012.476786947817,1012.5906126690817,1002.820176438458,1023.935206020396
92.19139407514056,44.096196736025256,41.67686462224249,37.995132050096636,1033.9102324096089,993.2128661929066,1025.0700238462557,1017.9151848129256
32.907726681634,37.625759477912624,39.020131031430836,39.89194498668658,1006.8016417444267,984.3163665094667,1006.505810672084,1007.9763100155922
38.13918044853898,41.668193425218405,39.38345049766059,44.82230428149643,979.5345881711203,1009.5637955740707,2090.5137744665926,1003.0368763485009
37.91778253307788,45.084983504883155,42.47852507406242,46.40431680789142,993.7024294723503,1012.357841573134,975.135234613773,1003.3989974122874
37.23991725467617,43.18747483524346,47.208339240824316,44.11823168349065,1010.0020210833338,1957.011668559874,984.9874201874059,1018.6601306607067
40.20593062523301,42.29708203151312,51.30244947942537,44.503365882353975,1025.1039603977229,1030.7470928752227,1002.4721148700278,1019.0598213709925
40.398988122431106,41.40307693527822,46.19015159074119,43.32404536332758,1000.8025161691955,990.4593787606245,1019.5359463910519,1021.0208617576927
35.865486178084865,90.61820833279879,37.90092772788008,43.63089455695839,1972.2954167521998,978.7329859101694,1001.0554435459919,1039.368099111413
34.899334264638796,40.38100448100982,37.70726956884087,43.56608061433603,1963.4985580485632,981.9700902273503,985.6189195733962,1035.0906758915144
34.4567880068346,39.90027324951075,38.216786029570855,45.01508775155543,1004.5922673159293,982.9706796739786,1958.2108490081532,1017.1463817339718
37.03812500441192,40.426225268118586,39.470662904862536,45.59964045543433,969.8031217744182,1023.3557517796273,1007.7864884378148,991.8685897433169
38.60553789184511,41.8674030872578,41.01171825646021,39.639287354282644,983.1186542898665,1025.2213225857593,1024.970176636393,979.4118407412757
36.39704172869794,39.58159495772209,40.733683472963676,37.67599112577897,998.2579364108369,1017.9905030221969,1009.9637541042164,1016.3814578495801
37.55059790092463,42.79311144109822,40.04433331356344,95.19670483932653,996.0614038503636,1972.375812415399,1000.5176124969344,1027.5331058657532
38.048382384451045,47.05714836864831,97.55225694278452,41.91651729976044,977.1879681768357,1007.3634957026259,1030.1004363045195,1983.518722457476
35.522057886137624,47.92144741964995,42.89587052616836,41.21723441691496,956.5344788587367,990.3804378859406,1026.881668994976,995.7823538697157
35.96958271653595,47.3292149814785,44.29005230908565,45.589364202835014,963.0842944802165,1964.7477520835703,1024.45360026902,1018.6775954258794
37.37804689166941,45.46485122326652,43.69992518602042,45.917794006667506,1000.4355081407625,1982.8459279595563,1021.452332089453,1028.3657185976424
35.96271587729626,40.247725403359624,41.51860343330914,43.48186098601243,1062.6090406181665,985.1829262638437,1010.8288564742223,1011.6148238478916
36.662773627741736,37.03483325851206,41.55579415740777,44.957032303414415,1037.8501197596856,993.6986744804118,1015.6647327629494,1026.9057116079193
34.83321384756998,39.13695354094375,43.450368374632106,91.26148084430888,988.815612210788,995.974443958233,981.0041635924078,1054.3373942735125
34.103479714206145,39.762859670655175,44.42348419292534,40.60060692284998,987.8225954731372,1002.3756194619144,966.985956204061,1018.2685412126787
37.641657239727216,40.70563891864788,43.54254808653985,43.14108381285358,1025.3512230466404,1012.4735423337175,981.3946471908964,972.2872400067878
39.19658686026543,41.488166962708945,88.54736311700708,42.1581225303167,2045.9501791606353,1002.3160764968063,1000.3546668461015,1014.1620097068502
40.370670170511275,41.58503288810986,43.08331947551761,39.82898113888156,979.2861057513046,1011.2917694770829,1011.7866278898316,1045.9748774555624
40.33752006758513,39.90122305379145,42.09758838507396,38.47206877808681,968.1140040641653,1012.0115197358491,1002.7518613679026,1011.3301530124779
41.43991002922151,42.22304155453807,38.77811385678771,39.51013099405397,923.6963953191246,979.0942475894562,2030.4864815754806,982.6759286977637
40.33179986651464,41.946707048564136,40.837034866980474,42.702557042292455,923.029278430912,2001.504626619863,1002.4898200843809,1008.4717168703385
37.31537588300916,40.27413424239552,39.30554621569374,43.94937714501112,975.9467002751535,1012.603415700507,926.2768724726241,1009.8571587335708
36.293267088851934,43.68234401180645,88.72082800417758,43.27503216709108,1989.7219348124095,1031.767008852113,992.526685097518,998.8426847805495
35.43876230800661,45.83759481387062,42.208625543335685,40.54706793623477,1041.0776309989064,1036.0114164878178,1052.9870241562753,1011.4741358937345
38.58107552927818,42.85713215127976,42.266309066900035,40.00094403459954,1022.6728490928657,992.8278345995295,1031.5076312983338,1000.7467937409108
43.72626112695782,38.75837725179119,42.47346612771205,41.62752344589572,980.0861020364656,968.8740696307906,986.3364008543298,1010.0446199778085
42.59782116060833,38.87622583973535,40.46581149037728,41.483343987654806,973.9618297800902,980.7448436037996,978.990136139417,1030.5162629256733
40.66398070415689,41.637002652759975,39.46674068717115,39.65541474690541,1024.0476061438508,1007.2650102812199,979.3142149325886,994.4223172184807
40.78513392558203,43.105681710671384,41.88787172608484,41.835526429731715,996.3255772667949,997.8394737324829,1006.0980362439766,1015.9864518688404
37.35844153459763,42.625992992286825,39.41623412577485,42.05402238579139,978.9828024367164,993.5100565996136,1012.4179694124272,2018.6471495496774
38.36832968260069,42.35262552537514,38.25706829786605,41.107650387810324,995.5097414644802,1009.8471447289247,1019.4361989652494,1014.6652815088064
39.16674745588742,45.12033133172544,39.0374939501904,42.69919621351984,1008.420921369924,2007.1233073218377,1047.1136979594544,1034.09420703752
34.727102275448274,48.1760383805802,42.10536450671633,41.52495467954722,1017.9382787793306,1008.2975628935785,2038.2763546851863,1053.7379283230543
37.39216357535899,45.820080763857945,42.35223626547992,42.88702822545703,1019.8070952954556,1005.4572437619424,995.9527704939526,1008.5042849174142
38.15936374744915,43.47979338735138,42.185377558896214,43.12951223367061,1018.0306224537896,997.5780426139856,1004.0014780987267,957.3473519230811
37.09219827066825,45.22094246130747,43.38814863466327,43.19423916852533,991.6169854985992,1005.6319645859533,982.4435842667407,1006.2254789756847
38.264551663934895,43.465535831812744,42.965476096994,42.56159359507001,1006.5085790606547,2022.2404367536894,972.2631532718258,1027.7350608385404
39.88428479349355,41.71657403820599,41.937921666259406,38.728384457161596,1005.7013716526751,1030.241376788107,947.1173657048002,1006.0748069385478
39.388380325406416,38.58956208141788,38.7595488118248,95.76503929756835,1006.2365356319854,989.1188958997607,983.4326814199006,1014.7862838352924
36.35708737770054,36.831452988817475,37.621349634616436,43.02923406680901,1028.0050662301617,986.2250563195499,1026.103970583261,1039.1694397267072
39.67534689238781,41.568616281106515,38.89863582081165,44.86042863706814,987.2843663745375,993.7590786253265,1013.2861566965709,1028.4194365473638
44.07296350249305,43.275850926226546,41.91990505010171,43.14994805269289,978.6012734937005,2007.7384663338808,980.5764498100261,1021.9544448104111
42.55339293294922,45.01128838299212,42.76987234494598,38.64361548457614,1007.364998301098,2004.373076212263,969.710174067146,1021.4535915481545
40.215983577379674,41.74831465273378,41.569311893751845,40.906377482010456,1004.988881966693,976.8066063178137,1974.908448644612,979.6404714757165
38.416877839617754,40.670140038010814,43.92187352579044,43.5728489046208,1011.1042992045875,980.0329071437029,990.1148825606559,1983.6545040922388
36.15410136678507,42.60626169836618,87.84390485895713,41.73750283092232,1991.5716641769136,997.6181607617233,1001.0963674916497,983.1400376658407
39.92761149950096,42.56166733927936,41.953684788845734,40.027587875696,1994.8916673488761,1006.2328935349685,1037.295662911036,1010.4056242801262
43.75093543984627,45.549057284834575,40.669094927070816,41.29935034818777,992.6877646826875,1960.2032820490904,1030.3770468546504,1017.8760947586859
37.49129747465788,45.07818065523956,41.85018761428004,44.07140547541962,1969.5126026592136,1022.4908132216458,1032.7766032298796,982.5705349932578
34.53186357609211,41.1180076984316,40.74454639463012,44.138018327507595,1004.3663165456626,1033.0725131593056,1048.3689353004347,964.2294644050045
36.81894678645274,41.29228790423727,40.75791650688355,85.81265128496531,2003.1641113343178,983.5192877250829,1030.675102616287,967.443573740373
37.57553422424404,45.40905627443287,41.33435249561285,41.43960371856066,1005.4824559744513,990.5955407853797,1008.9985490384188,998.5407786266123
40.29488440097382,45.33519188378922,37.87180580215731,42.35950092971465,979.8914434081785,1002.0181934342647,1010.2743257610673,1008.8540698014956
81.64651252483013,45.853845616899136,35.87298951863548,96.71967549086213,1995.7016964416155,997.0001886110106,999.8767925186864,967.6724467558249
40.80462967144959,47.98307372028485,40.47717281755445,36.89326262316002,1019.1329562911387,998.0144036527097,999.5079590857769,965.0993400360592
40.26833135972703,44.78537608245233,41.92565947090044,43.716865075659854,991.9031972696635,1003.265204634444,993.6022557232664,2001.6837059455665
33.89121657916669,42.69417634090351,38.34627213154923,45.20689732933622,1000.6374991862573,1942.3482221090142,992.8866309199993,986.0417942956232
38.28644743895078,42.3898489744013,38.5845462557924,40.23528443133214,1022.8556480748903,1985.1538567743853,1989.1989222475408,971.3636433594537
39.889663820787874,42.22335149949819,41.86733362192321,86.71098168809726,1020.6959152216093,987.1554530846629,987.1300528954143,988.066504168954
36.44968151007644,42.69336747563851,41.98171602586132,39.01240894475983,981.755935315569,1008.5302172626592,1012.7639678955902,979.9324422182071
38.419750373952766,41.44688747368137,39.18407757823272,42.261064509255185,965.9668690126359,1011.067092674957,1024.7174550377504,939.5572544828524
39.03391364871541,42.98015451000991,40.1611153492924,42.41493927719789,993.4714492438349,1003.8246760255413,1045.5092958440673,980.6066019159148
39.442170592058446,41.825156191858966,42.720082464254865,42.09719398893006,1006.868925943412,996.0554704751495,1021.8327456809964,1013.8126104938729
37.57153127419168,42.698667787567516,42.51427580842753,42.923864167243394,1022.8775551476391,1005.2391673854656,1013.9402954949394,989.5426949751576
32.49658857697168,47.58569058628763,41.69877327518499,40.62890464556048,1003.2210141059606,997.59214920092,990.1628765195194,976.5554305233047
35.91719852509123,45.57138202500859,43.94139762322813,39.975364411254475,1017.2861289789437,990.1754628723154,981.9901551105013,970.5299132587795
40.10442289919072,43.779364702762926,45.336132693356284,41.970473408042224,2015.0178851962241,1018.3689506254178,1012.112878230669,976.9240216879489
40.04631432105981,44.776297292547596,42.23102015579359,40.24583144131316,986.5823839439647,1026.54806138056,1001.3272887677613,1009.081669542518
40.58714069957625,43.16667195382756,41.6301132112004,42.2208383976391,966.1747524453344,1003.4524463467967,2102.7090561835007,1060.7086548767556
39.75280573610186,39.32029029424068,43.76428624743042,42.96777459341114,1017.6608337141653,986.6668898951011,1948.5351061205504,1048.068564156708
35.974954580027294,38.7980907829436,38.43630986136498,40.43519273456419,1030.2418216844615,974.4121416824396,1917.0117731283997,981.2529671704299
34.019067216311015,41.228438978871026,37.32397961000281,41.06205182927421,1015.8860778649312,1974.086182942414,1066.4581438984512,2007.6606043071733
35.52251404284789,40.34424947829726,41.93649634276217,40.55361764784231,2007.2943860149035,1028.626219223676,1009.3318511539348,1003.2754252627121
36.82725027749434,42.94698864853493,41.21063028453706,42.705930990316034,1007.547613105216,1007.052518811087,966.0284243712872,987.4902631163757
42.43441625687523,44.64982092354268,41.16843301573268,42.25428859655633,1005.7133908009962,1009.7156789394594,970.8096342414785,1011.9002290160255
39.87547455564539,40.665849509664014,40.52809797325663,40.754687552933476,970.0997224536495,1021.7794184787069,997.0498014339707,2002.8094213798045
35.515824126197245,40.98313184847732,40.08959858837645,42.33181524469225,998.3355431233188,1000.7278055519967,1988.6099423290714,1029.0355627557929
39.124721883047386,41.89100964818781,40.70891837585299,44.2498111887704,1034.241444408827,981.9641666284285,966.1626331107536,1028.3797422247803
38.86129985389756,42.70014964252702,41.73774069626295,44.960806219392026,995.09875372679,993.4746041398439,973.5077736553571,1011.1947299729418
32.19099978568565,44.7068623357454,41.73377272049038,41.14401618956627,984.0848730614455,986.4555039428108,997.7751376773589,1034.6636121301708
35.57710060359693,44.579592343161195,44.51883820444961,40.565546300065236,987.6896000332626,989.1581742645656,1010.9821593258582,1056.1013596646535
40.951205695037714,45.06341742287006,45.93095313515949,40.28725955646617,994.3038221530321,994.945556023278,989.1564663345694,1027.622466928021
38.08386291993846,45.940618903698194,47.10679759995021,39.64492297469831,1003.6094904103752,2003.6498028878686,1005.9604264874695,987.33741835696
37.56556448414162,45.70450513729796,50.19970293493596,39.547019729866605,980.1662366570914,999.2774782442214,1084.975606645035,2035.5556177696285
38.47213498085938,47.190892746394816,43.5383995269559,38.919814689393235,974.8499156469593,1037.7126930214936,1049.6804515255142,1029.510342500393
33.9195446784268,49.81843220269815,37.959078099985504,41.40906695297413,985.5805633871344,1034.9302210692465,963.9658610635091,990.5776218203468
39.23391107327389,44.15497917427794,36.17417349559347,44.60498616906412,978.3026078712159,985.8394038602673,1019.8263528145596,975.5537158061442
46.82953348713007,41.974486167639625,37.278346901222804,43.62594668865453,986.3439929635098,968.3325979884078,1046.9139844639221,986.0473064733537
41.392487080146026,43.76496681399066,40.600937196928555,41.352010713361764,994.1336434796576,982.4105379933624,1002.1560339414553,976.33393151957
38.25482670363681,44.52089835931841,39.448398968068965,40.77184698899151,996.6047438343545,998.2698636587143,984.9602214299891,1010.8272764096471
36.72386158834093,48.84071523907578,39.551758660971714,41.88420926490214,2040.652795690112,998.2470557589353,967.5164276556643,2056.6262345194937
37.644100267312474,45.02747945374804,41.13069529877467,41.59973689550501,1027.2271474606111,982.5495107595087,2017.2152767416721,1010.0094182203511
38.85124825336918,40.86671067833518,41.587297951388486,41.28525239790551,1000.8120517849698,971.0694294858561,994.7908762060272,984.6382679349992
37.87544866098695,41.27430968107044,41.631636106473735,42.972925804043655,2081.911971635744,978.8016504086152,1019.8686062000213,977.7781095277755
39.18681290806847,92.31700452758712,40.179026865509904,40.711017745181906,1032.2564470182435,1009.5686144451926,1014.0344517359197,1003.4089807571406
39.48306800374213,44.86799337383877,40.01583775965329,43.12516336952433,1018.0129112573861,1014.4602243717138,2083.4199055587715,970.7821070962307
37.55745667294671,42.69466864844538,42.00052542413031,40.99450115263937,2023.1620666042775,975.4902656150693,1028.9704493041231,1993.3964548404301
35.14422153526131,41.06866474480859,43.82876496017302,37.30697598385855,1018.0715644076013,974.2982440071808,1016.9133977212124,961.1267519891638
40.89859217588538,42.43647706073551,47.56904459650039,42.33574539227106,999.3843087243654,1001.1457647513666,1006.0347359724793,963.7750490427607
86.12426504127615,45.18241921601608,45.23867623834027,44.450134200537825,987.9396991174845,1006.0964546030793,980.8131015759085,985.4922291940888
34.49027249823022,45.96320195566906,43.00604539228954,39.601137000745084,987.052124920216,986.2731675255429,961.2799883487432,1006.0476547795462
33.333137367185614,41.25472516665182,41.352251792901626,37.91148366646752,996.4466535513882,989.9693560011665,970.1799299450221,1018.1037743848167
34.43334228820851,40.270707391619915,37.894188499237146,41.26903133819968,987.3240636920759,1026.1248304284272,1990.3544416582279,2003.706374798496
37.145322705901584,43.87942979069699,94.3075053795647,41.694320170673095,1995.7277291794921,1029.4318700037747,1001.8197387098119,1004.792317803749
41.64302781343767,44.692557718282856,43.75733756852438,40.18326572382504,1967.1376696047685,1001.285116542947,1998.8364516679283,1007.7694411476612
41.007123057203316,44.24197849956816,41.55901775677796,44.33552533494237,978.8754392171065,986.8543036040244,1014.096119615033,2014.1124944403698
32.83508535819894,43.063565076992944,39.688528806963504,44.113511549458806,970.8533694782166,996.3698384730999,1042.2955394462028,1003.3481474594566
29.555755843283855,91.35261200144558,40.194610476640186,41.494400322054005,1998.10978205669,1010.9102180981349,1045.8655789312315,977.8721322634906
32.654259054449035,47.913989799651446,45.860339766804515,43.50251015482253,1002.1593345853689,1009.070640151059,1021.3695416097141,1006.0498727810914
40.63049657538241,45.61723089420681,45.704917440269824,41.43258212327678,967.9040102935769,1003.742703022101,1007.6381905290746,2013.5512903915496
45.594176047615996,38.151316553140944,40.31719925173761,45.1682944660657,963.5898026727589,2024.8057558286857,2010.7838178479774,1017.267246846688
40.337048461414994,41.715439795453364,40.622818068031734,46.50861605407697,993.0795672449581,1003.8448914745279,1002.8500502733808,1009.3181913558362
36.792458587252604,43.34060118169536,40.42887133900409,43.70216159315703,1009.4087005765389,1009.538785212353,981.4869675165369,1034.0707115861505
88.29743305692969,39.49989596429207,37.48479982186595,43.280831789525045,973.8124516240516,984.2623557943148,1018.6292651914616,1028.9010545449703
39.6417820100733,39.32359916499999,92.57520012160104,44.71041920131282,964.3479410706468,977.9807137385305,1014.2311517813387,1016.9676033100285
38.00857233131818,40.894549849945996,45.6820132778671,44.35787547448575,985.6575834313185,2001.0006597942438,989.6976951347392,1023.658787737975
33.28815541833215,40.00311793536879,43.867775530548776,42.86713908039327,954.5416204761058,1007.79772689495,988.7937965398079,1039.398811502716
33.40319211654461,41.707552230266145,38.78882776322198,41.67953592266251,975.7661488931251,1000.6103658020622,972.0193747119044,1022.1151623841997
37.88894132247175,44.343562628757425,39.54155187349028,41.02532718070439,1006.9024590641628,994.4352676184692,2032.68711064849,977.080716004979
41.06941869350538,40.78621479225478,39.97397271626114,42.17300540023301,1018.3288588038162,1012.0713134232976,1012.3956706180531,950.4687890793714
42.418105668407506,40.72812033849662,39.28625927195884,43.26098460100677,1016.6557264946853,1013.9810418155012,988.5387700442845,986.923623947481
40.31955539342135,39.32362560465681,40.686699404133044,94.18176304697798,1004.9861511331367,1014.2109924632168,991.7082904392736,1024.112976891513
39.181883249028104,37.23830103899032,44.00819999241351,41.682692856657326,1035.8469064296164,1006.0534591970115,1016.5330522327989,991.1900376125425
38.88979995491666,42.381865686042474,45.02855887740961,43.075923078014185,1011.877432897784,986.9937560165762,1004.4989068575995,967.34912069868
38.773278847445596,43.54055334734659,42.82611718882367,42.19701683037208,950.5582227524844,968.9838853199052,1021.8466144572498,948.504026703132
91.06874130578213,41.78225847284949,42.3601769337108,44.37828877335126,959.9501346500629,990.5220793755559,1017.4200089788097,2012.0863752255887
38.32192117746593,42.409989233702476,42.02527790084963,43.54791368580828,957.6194600681353,1031.0929219656732,1008.2094056917956,1005.0536814248226
42.011383911561765,40.53912742464186,39.65981019289415,40.811191934460766,967.3839654135536,1968.8587811853454,1019.0107536671499,984.8853335184187
38.93996329666581,42.08628502373157,43.1916528102937,42.44652286717589,992.2423259896366,996.7667344839301,973.0069584792773,1006.2477294538811
36.813455580575706,45.15447529382532,43.0057098059539,42.44015577711372,987.8155238249693,996.6283769004322,954.4340087759715,1027.2329669324934
40.25301356804924,40.47346616485402,39.395709600820254,42.003823804465526,1994.162017305586,987.3328898580294,985.2306888940948,986.6241295815076
41.56018355011109,81.94485760980064,41.376579771595445,40.17554012820139,970.4833092822971,986.7076350993075,987.5560998869048,999.5238468590085
41.70529604761607,45.51717167241462,44.14686431864176,39.540431951553416,987.4530322921123,1016.560721506555,991.3468899510669,994.3779476375769
41.08206041091918,41.78817545846552,48.40528658753114,94.23075353498895,1012.7819364555043,998.2938923128457,978.597784084053,1926.306383628891
40.46587492770191,41.28365078605419,45.296190855749124,42.14657171610342,1001.2750286368209,990.9584130776936,964.4683368500171,1018.003861444447
36.346550731494986,40.44193263983049,39.5520018561412,41.554700053303236,971.0993388120004,1002.8321328704733,996.8021426614823,1008.3916921683583
34.88386112320873,40.60199160471596,89.99634847382785,46.15916337642311,966.7037583076254,981.1589489143062,1000.7503235772518,986.5564680607179
99.0096532232573,41.15122082899611,38.32779898333393,46.44154972972633,996.4154262115895,994.9187430195826,2049.8692315097287,1987.8925855620216
44.03974634330631,41.60773296646174,40.10349143537465,86.2316597094456,990.989864983946,1015.7731715997959,1025.906360697758,1001.733801367038
42.91806812674177,44.029672691829425,37.801015904163194,42.19039994637099,995.1109168820592,1016.758553519788,1008.5276732552179,1007.9306376908944
39.92118034229825,46.036240845762734,35.45720996388865,39.088537618612065,1043.2931178180647,1015.4465517642586,995.7661285234058,2000.6984882982183
37.99745022473106,45.892626517983494,38.133066966868995,39.04819037830499,2020.5029337910796,1015.6666249721741,1003.5313217012524,997.1071824737912
38.72182534907925,45.682048668468184,40.87873574133452,41.02525911895058,970.8724943565014,1000.0496706053846,2011.2625978995572,1975.3642511393994
42.213489925715294,45.58638710575579,42.47232109485393,41.52697642934554,964.5429969679251,995.2908687584261,1034.5401261249908,1028.8004178401711
43.42081982525967,40.862416050338055,41.468019026386855,40.62148419044186,992.9686793960176,1013.3299061079249,1009.7372211244242,2001.4567792504427
40.758009095739055,40.57418502641707,42.3731147675875,39.85715320548944,1007.7417260813005,2022.2277110051414,986.8345706351018,964.3231384701342
39.373674558459754,43.24170581511724,42.01610403252134,40.7530849993823,2010.8249498868001,2051.7395400393725,988.3361081874516,998.4719687331401
36.72288246275346,44.07111933579391,39.526348279399045,40.807189494886074,1001.4876638548062,995.4603708968207,988.4705433882027,990.8218069435302
86.09039499697563,46.344125428943,36.06113922664068,40.64158361858868,962.1502719371217,1014.8498284264494,1001.9945948480422,994.991210524314
36.14868601475886,45.918246917088794,36.34711305826734,44.83022807326111,1990.8247916077705,1025.693252977032,1017.2217236823117,1000.2626336979537
86.39203347843915,42.77608655655037,40.67356745962752,45.66645247016278,991.9975820727756,1017.777488985786,1007.5479465026418,1012.6131014665475
39.6059768637864,41.65469262144489,46.3438960686796,46.00476009366439,1014.5507007880706,1009.0897238248431,1913.430574422948,1012.2681001529493
41.38336833066992,43.60437309266233,45.17105565479843,43.746120245652094,1007.3190893488925,1998.8050908343669,1009.5849683319848,1934.44163635488
39.832487828660916,43.19015461083971,41.070443603621,42.67681675307121,992.942087570204,991.6625706364196,999.1259657342753,995.4114001221592
39.5644998378146,43.79706884658023,44.77367477708596,45.66782058653376,998.494896765774,980.2406792236945,998.5042484904995,975.6561858189589
41.32850688781939,42.02483511879983,42.89341424079517,40.777711645241695,1004.316101429391,957.3248719479095,1040.4297212595798,958.420399371149
38.43527271109611,39.10174640130921,40.080451444510054,40.05036745167918,2039.232295352624,969.491891308981,1043.7808363156491,961.3776108620007
43.561225175779825,40.7600746292524,38.73640105757647,42.98165219721627,1018.102861448655,984.9112827988622,1028.6566004053993,1004.0755241343827
45.57706994102155,40.48391522493557,39.04605369770343,42.98899709996432,1039.6866011673296,968.7659102224957,1032.938286018329,1023.3816172674681
39.21865289064272,39.25419239872931,42.4678915333907,42.94133812899709,1008.1533900755283,2019.8056677294621,1019.9097658731298,1019.5214443709253
43.153373121122385,39.99437679426235,38.28498956821687,43.09046295682833,1021.1123186538783,1026.3558181422534,969.0317000856533,1011.6675867999365
42.81492019982615,40.44214500815107,34.609929371490885,43.26010154693803,1034.1052616478717,1004.3570033896219,981.6733481893949,978.5434666137961
37.12425562736919,43.11355708476105,37.80413139858477,40.506147684785006,997.0258955236113,995.4306915565247,979.1847337122581,979.1295349515044
38.48838487156459,44.82891515443396,40.12642821789258,41.08297421946173,2029.2551453903743,986.5067982903493,969.6600792029391,1000.0313631202009
40.22347805597275,43.75631204944202,39.59766516014511,42.27269047388319,956.3279095388278,2037.7088076097575,981.7603333065451,1045.5808273614698
38.35026881472242,40.23929818412282,43.0974903413454,42.545790010766076,2021.0619543833611,2039.4069954900992,985.8770580608574,2014.52428355242
38.23529383420956,40.81817992571881,43.16744584634044,41.458843650219244,981.043884093421,1025.108913866147,994.8715643732075,1018.6238006667159
37.71780479695802,44.053204579780314,41.03675424535999,41.005579798648824,974.9373736962589,1013.2258358874726,995.4991682482089,978.1610410806202
38.435812207478776,42.219200554762295,43.13691399198828,41.72569690374383,960.2832246989387,1015.767673961818,1030.0825286652935,983.8964139813086
34.519152870065774,41.92472879001167,41.79871429686137,87.58206383212806,974.170127415407,1966.8921916285988,1039.457873398052,1015.0036999987917
41.07700953267918,40.480563833864764,44.42521990447456,43.26205966665643,1020.0994541026407,1999.0176035857432,1006.2931085264099,1014.6378248911943
46.60652398301023,43.389418127426026,41.742079042258155,44.50653665969391,1040.7175904442165,991.5093138186717,1981.5656795284826,1038.2991790659707
40.15998558961064,42.56931280588472,38.802209019110705,43.979154819688226,1021.1572761144855,2044.4482223728626,1022.6310230260412,1041.2112989432492
47.81736702662458,39.08588707129334,41.23137946798501,43.71044851260403,998.415169877626,1036.3079701262673,972.3085109282658,1015.9079598932883
45.67101767367076,43.51071801132162,90.1877163576483,38.1040252515003,987.452263843213,1023.6713097850572,954.0980498408805,974.3025422061392
37.02809026343371,43.33756362084011,41.3714843284408,36.273636005285816,979.295918507444,992.0305325695911,987.4173189718787,952.1267494115702
39.857556356022556,43.72078597664898,43.399173599891625,42.13547700659777,968.1404215291443,2008.571902384876,990.5715984328917,1000.9325806790234
38.96551913489772,42.81386916872772,39.99021017532857,43.24908318165544,943.1646762521298,988.0818131732447,2008.0785046552724,1975.0708434569992
36.541970872336734,40.63367151211196,36.834064579762185,42.28925514196633,942.4943411102217,2064.438319753072,1019.0487067305326,997.3516273554043
39.56362198777593,43.0676377451025,39.33327638151292,41.82089589853676,1986.9221270460782,991.5896873072311,1016.23442606578,2046.1001447315844
41.11387455585783,41.70291532473077,39.06953951777655,92.31194942997867,967.6023803089366,998.2579988379558,971.6297122131157,966.2159713697492
38.69473168164285,40.242844281692086,41.410127937267035,41.83011494994055,970.4537331868837,1000.7183704944075,961.0915734476364,979.7596027029809
40.56225282450341,48.71340911182155,40.29867074473778,48.40464662708432,985.11943659454,1023.024133832985,1962.3776706871652,1018.3859296087819
40.55026463729559,45.62088304500816,38.41404548056438,47.88182537426548,2034.192682876467,1018.2048198421473,941.002450735139,998.18456849627
38.95018429978019,38.241144905533524,39.27406271926158,39.4382942583897,1014.736597125614,1020.3703479833941,965.0025122376004,980.282171634098
39.151033389426004,35.101400500973256,38.72747598942637,38.3874767880219,2017.8246065800336,1021.1862251698528,995.9443913634907,982.1782439629148
35.92630272744711,37.09896982210496,39.73594727045272,39.25460437913571,1009.5894363739978,993.4624578157495,2063.1987190058153,1010.883166340567
36.98598730130577,46.05370085808751,40.59976316088127,42.40597699131969,1004.6838493577199,996.986486915898,974.3419965592313,1020.1361959977621
40.26724162282262,46.51320711363344,40.79733900085874,43.03855642754553,1021.0833363996813,986.2013998829515,1008.0191230968719,977.881865153278
38.42107622543451,46.402625849747324,40.30374004083855,41.712479120609615,1996.6502421542552,2014.5576513849546,1034.7806150306615,990.841029305303
35.41210803930643,45.91844136333961,41.14702955379305,42.32901121822927,1981.4529312418165,996.6919202283705,985.9654837704998,1016.0486751529484
37.08027377509082,44.69309306166613,41.96389971357078,41.20057233148583,988.5353822273116,999.5921395672086,962.1531188321012,1005.2691120130669
43.57841694619335,49.16141537065676,42.008683472302366,39.96394991371982,1016.9756948688361,983.0392420587505,1983.5496543911565,1001.7753488652002
40.34480107296409,93.37473598902488,43.643640377090584,39.75003995182493,1009.4432705950658,1012.440376055753,1998.7669118865513,1027.7410141184364
33.86348976538772,41.644426051529386,43.28884567436622,39.71514354629048,1017.6739819961444,2055.341220117596,987.5762186347775,1043.940351830976
37.87086840815414,45.96097764118717,42.54193428759059,41.106316760857254,1021.9435241712592,994.7755815116653,2011.6951291618752,2045.6380447161316
42.66647880906995,43.10134679272012,41.941022396284026,44.90753545042912,1011.7632593752182,988.3160221376879,1005.8725392259664,1027.9250936323856
39.91327280746652,38.05225446040154,40.588074832167266,46.39865351162397,995.3909595828178,1969.4925548025624,1036.4905728102685,2001.5118588502196
35.16709152486863,38.627022414064285,39.299149803727985,42.26001389431782,999.9817357682514,978.1829535503091,1986.147272299851,1014.9353187733011
35.06654941115039,43.52036667592926,38.39769959470955,40.43453860775869,1003.795431034234,979.2655439805428,990.0608000794593,1020.0640057202494
38.53916678335262,45.63127331971475,38.953274502096285,41.16979183121897,1010.8754164988497,1008.2419610118819,2008.3992844836018,996.875717231529
40.154982893031125,45.012263515439955,40.59657434819651,45.81125872951598,1011.3950150163602,1024.824661813694,1032.0237939510314,992.8652519420074
46.05832413400759,45.415420953783524,39.933085548321635,46.287942691738735,976.4009302708193,1010.4808196808522,1044.6372367921354,1001.3619064918558
46.48998101941136,43.799791046487876,40.94180436012907,42.73492875316069,981.9776145265369,1002.0455115249266,976.897917263361,1007.555847992915
41.36248379534318,36.952593544737,41.53896241904073,44.61390176303576,1014.2494330790289,992.5824038957688,1004.2602603109385,1003.9521110398558
43.4896127025431,36.32452913913698,41.880755292714014,45.56862769486701,1005.7039472527645,967.5118831144639,1040.09094502403,977.934336541002
43.287843025780816,39.18455582467561,42.70794063187474,43.25712773907745,968.9844800528656,979.8531674683611,1019.181755111236,980.3230531666957
41.49197058396784,38.45271895768994,40.577928807506396,42.96356592736073,980.6995657716691,1008.3013868002286,2003.827572141275,1947.5253381783043
39.78006157610626,39.36195944818556,37.80709072379595,40.27740308472269,1015.6124968077843,986.5651564494722,948.4392761931754,996.4194824163699
40.66676541290157,41.96222541418467,39.590568666416374,39.579484407105014,1016.6704217516574,973.0201926899767,983.6004076931542,995.2208094427436
41.64586657430134,43.522648995282836,42.08807710481248,41.555876772053175,1043.9864678821828,998.4632227690977,1003.1394106326022,990.0113997993719
39.74377935027866,41.993698944604674,39.57792226727767,42.47755662280953,1055.4778979219136,987.8790650286456,2001.319257324938,978.8185484608279
37.34436863259944,42.18133096551401,43.819521459259576,43.26707596174843,1012.7025464911094,1951.728322292259,1003.0794935649056,982.1481028777857
36.28810778769152,41.7996615511515,45.426468022532134,42.999856776131935,966.6130497633268,1002.9627947696491,1022.6339995250135,1001.1463780516077
37.041069053333615,40.35661320512438,40.427772916828836,41.94107086250506,956.8942714649311,979.8391327086757,1028.3631402350547,1033.1812100405068
85.83115994220516,41.28033996787135,39.9341397929718,40.7610540646451,990.9483774015274,1986.4998341853536,1029.9038212230141,1017.3763110787103
37.59026294866959,42.36111078377162,41.16690215380723,43.15281761010044,1018.1767616593352,1005.4856381952798,1010.2838890735635,981.3333755863482
37.881352390671935,41.81093345704572,42.000941780727395,44.05464511273219,974.1036692589969,995.3816608485797,1991.4007050088069,1010.7963743134671
38.463088294902676,41.204734985211736,46.761290376955884,42.92477235336102,937.5380788558981,970.603525484838,996.94117286797,1020.8654739576289
38.797405944832605,91.27831795158164,45.02024771455209,42.42550634583546,978.1343736286044,999.6885206436746,1016.4710927202811,993.5127782719949
40.95673241122954,38.56060606078943,40.008421847235695,40.97041834544406,1007.6464270829483,1011.5197399554668,996.2272211219795,983.6099013996204
40.444792587749106,44.694450867005656,40.51187286544115,39.41411838584433,1030.9044731456747,970.5949456675107,990.1043114397581,985.7819665630673
38.53127543770404,47.01103991826122,38.21528615218301,40.81244023692455,1009.8554189790481,987.8601691306258,1969.0036658097376,984.8148051262963
37.81680829651265,40.55111531076177,38.91207716680728,42.332132183338665,993.0560162809952,1019.3223353671985,1013.7467375413179,971.3647454594395
40.402761254926915,36.49477565775504,42.06180796656927,39.922342302846744,1033.1040432922116,1017.2856551595557,1041.8095917348346,974.730747844333
41.89725103237119,41.374415747611366,43.35306601673331,39.959210789320124,974.1799956872625,1014.1084452802429,1024.0269299325305,1022.2532514851
40.662023287419686,43.56234611931983,39.88269680892037,44.91633070261815,949.8783312470648,992.6276822691653,1011.1314135466264,1024.0765264410065
39.62573034215086,40.91254528491613,40.570693646498626,43.77730328925187,996.710340925825,995.6109569405537,2013.7090001522192,981.3183024930535
40.82828952527139,41.224598580298014,45.31757373164031,39.02452450150992,1009.1201453300525,1006.2996741158154,976.2717370037144,984.9906935505023
40.67051088180095,42.51298148977992,43.540625943631014,42.40226809998407,1012.9059121697185,1011.2014990853758,950.471467966365,991.9116096824724
38.13280292207375,43.38489264082179,44.240093017987576,42.9969992344504,983.0186416450579,2027.2833187836834,1986.7304403482858,997.5461072514561
38.36128046161121,40.406034963335614,42.77034067094056,39.413794209706694,966.6486614557919,976.1463995258719,979.403682392573,1990.8260088539862
37.90888669386096,39.83702194530906,40.83805176385896,42.07724816579748,1014.042632464588,1009.2616185081786,990.9962267612191,1014.9055280090938
38.24188262390474,40.9082454896008,41.68781200228816,47.55598386225083,1992.9931381544818,1010.3491111818763,990.2120888927492,1016.7674205698684
37.04456632399142,37.39059876430241,40.75775687034907,46.72452719707976,1033.454156330854,1007.365793488995,997.8050144664526,991.3987512363726
33.97422865973253,38.3665401384027,41.224879337826906,43.64979587344908,1030.0703302972706,1980.2308107771341,1021.484041516263,1001.0701966654675
39.56285142169154,42.6295207034686,41.81663156725633,42.15165522837863,959.9015195438851,992.8194024177265,1007.578177904958,990.2234099589971
42.25421073236822,41.2518342901312,39.95665198286221,39.64762631052021,974.1736109478313,994.2370358539347,1014.5946211306677,994.9804897206516
37.11189018279287,42.37095101809507,37.503015009186214,40.32884030932722,1025.1162446371472,987.9242237906565,1025.8404217032942,1030.532999134528
37.25325392704585,43.95985280824891,88.52806223326223,38.22456370253782,997.748669907896,969.7844019073561,988.27002210405,1027.6347987024135
37.921346084010175,41.98278713779601,40.775160425414576,37.3536537361113,962.7796524769365,986.5230326930896,981.2475127585229,999.3762633060292
39.09829595836734,90.83555613878949,38.73504848690077,38.0706568268301,957.927625215902,2000.7032332956587,1975.8344905303945,1005.6996798310968
38.41109802733746,40.8826318781079,43.23538579164769,38.95539095017135,985.9610023516507,1004.9958671710693,971.7975847485402,1021.4343831387791
37.33280083051982,40.18457066177103,45.778615373036644,42.9519940684988,965.1190852754585,1007.8973354539744,1002.2878273857831,2005.5232207495599
41.08682688278351,42.69438541986123,42.11976473608957,44.35316808459224,990.9861569254865,994.9674174763516,1019.8320566036812,972.3563715881573
41.807231136619876,80.14572760171343,42.254844397207336,45.250448275237986,1016.1512467767923,979.7917606948358,1024.0461299199553,997.8148007870714
39.647874432770124,45.939706669362266,41.116035273652315,44.616289203684744,1008.7467258480049,968.5975628705479,1010.3986065176191,999.6070965635032
35.17782282342205,45.14519831735383,41.26950317394944,40.16678820335391,1002.406551373877,1990.8268624922136,1010.0875397503255,996.8533346694222
31.444601232817934,41.301647760188516,92.50762463835765,40.38885672441618,992.4555468160848,996.5745497716573,1016.1491959905637,1006.6251674385004
36.329474597862394,37.867932424584325,43.905685821760116,40.68087282743819,1021.6260432194626,2023.7334914154067,1037.9367393784123,1033.689500392368
37.78780421282296,41.98551372800877,45.008476324610974,39.38880788261917,1978.1454855251025,1976.497604054178,1065.1558133662936,1031.2439661206124
38.523421437279296,42.96039075292941,43.66694736842034,39.11418389927673,995.8387001399224,986.9786819392777,1040.746120597024,1008.5100848427358
37.810898028732915,42.111579325971405,41.96036704298925,39.94644001247653,977.3014770324851,1004.9024090586533,1006.008734805634,993.1968446854369
34.40505779399602,43.228357876135306,41.08427104894362,43.05307496448237,983.0455726854445,1017.9804098555663,1976.6979090353063,975.2127260669529
34.105036702199286,40.36264349365178,41.10849652765788,43.02971789153648,1994.0971626856435,1016.860512625587,1004.5476614529975,987.2294068742538
34.990800476511325,39.99416033811498,37.3393110598695,41.10885619050165,983.8358490234652,994.261395489028,995.9802349610798,1006.7746420972612
40.042493657108665,44.131068935911,37.38933121443047,41.04374490522982,997.5735018362395,992.7952384177569,996.5866137219341,1014.0590705305062
39.133590456032884,45.073223529150205,40.2885458829302,41.27894405464923,1021.3588025408883,1011.5625683852107,1013.2936773171252,2056.6558341374507
37.01297636818953,43.506244603422914,40.70392929247791,39.40064760157165,1026.4441822794843,1006.2977444384746,1030.779507765225,1008.6348361697369
37.31773024812817,43.39850265973657,42.731365708006436,41.961675913854336,1007.6746002453594,999.1302096139914,2033.5029100599704,1026.7602298062425
33.80129458824925,41.25540740552613,86.33272183698996,44.139636447523245,977.0173427411571,1013.2917069739888,2019.7143079086138,1023.3770522677419
36.62759087068551,41.03413342436059,39.70272351535094,43.482595545947,1001.3109991868129,1012.5534012487763,1042.577684715865,1010.6673872426235
42.291466705689245,42.52273220451781,43.25586245075577,41.931988406415975,2008.3948950083995,1019.7257427348438,1017.4563371298437,1005.4138684654445
41.28580991566908,43.46784877462588,42.113056450866274,40.69328925146459,993.631111207427,1012.484324052298,997.5876847390423,1005.724438823059
38.281353629511116,40.82863268328248,42.32680653292033,41.630054994673465,981.3531187144508,993.0378748415669,966.5755514480804,1029.1966490161535
37.413601858134555,41.6546288761408,42.36104695600973,41.269601318719495,999.2281794590589,1006.3122798924353,980.425445143341,1028.1114624001932
37.787217066827935,42.66926118932886,40.65758848259526,40.884262656048634,994.4583014020988,1000.2156603686005,1031.8710534839045,1024.5198651484761
39.868324887245535,37.58667921494443,41.98394950386525,39.69687354102834,959.790094749691,995.1399580992352,1018.9813151373093,1028.5113685878373
39.50310232243851,37.17109794554179,39.67048527378361,41.82853036971136,986.2900199343424,989.1149165807233,1998.9764202154247,987.3301391754881
37.61179252246119,40.318996382497275,36.99354243211803,44.523598612300674,1019.8899907572147,987.2420422139553,965.3623394390896,969.9510107530007
37.5606202409412,42.11063264186801,36.279752612581014,41.7763360235566,1006.9544229715593,994.6799076817158,1005.05753778818,993.5197056718469
35.51153961286966,43.17960387928048,38.44620167818468,89.84660541829355,1003.8994152489418,996.905085296977,1030.1000278829404,982.4855179396382
39.18165390463615,42.17604101052323,40.592716592519864,44.80019444553027,987.5870497491899,998.1343966067775,1023.6732399188303,1965.9487325837142
40.990044197023316,43.1143784777712,87.86156243032123,43.90206785870449,990.9264399353967,972.3168339692386,1021.2985150621794,2020.7092360469223
38.57424839063807,43.64433480657832,40.976344565178024,40.76328116209436,1033.946864941157,988.9887314979055,1012.1013153821211,1012.4077153913026
38.9194081220339,43.77464232903576,38.27047792306552,44.3695223775583,1005.5202418289639,1009.0032722245047,983.0927234252977,1041.1172674133413
40.04693237372566,44.17336775487502,39.33377428461993,44.31619747066671,950.5792841046098,996.5768573576667,977.1703202978493,998.3770631785287
39.960034839637025,44.61986432946216,41.82376464759492,43.766191473197196,968.4515028537284,2017.3036975522627,997.685050763005,963.8333469606719
39.275866165132896,43.88485574298034,44.37640738795733,44.13601745236184,1012.8589675626567,1972.8072339351666,1974.3149098715828,983.8098858586982
39.73054191425778,41.31856737837924,43.863776640200854,41.04254063041657,1038.2161034097514,2000.958715993822,1013.9263322035066,1009.2566939391947
40.305601752276225,90.65666639091228,38.96746661712815,40.16802190340894,1035.0455883299203,1006.1391235689789,1987.2494400877445,1025.542747547367
37.708315740166256,41.89698749740613,40.8648039968422,40.233690786777544,997.9516746820007,1980.1231093796155,1036.4080764030014,992.7005817849358
34.031960265917704,43.31016842365145,43.79528677960076,88.9670762627692,984.2096626296164,1038.7976430052252,1955.8810670883834,1996.8978640866826
36.44081483987175,42.57839962631418,41.369709913257296,42.4314887696713,973.8831146998978,1022.3686046766238,958.971627546229,996.6258773969788
41.31077491924093,40.58425292365722,40.67158688263509,43.68273509168894,992.7631369061785,1994.0092006111786,972.5585407431062,980.6348107985175
38.44799851830535,44.15292822371434,44.904254288601614,47.579680726205765,997.4313299407399,1037.9113068170805,995.243997597063,966.7249103014653
37.898614838345324,46.44082933293943,42.41612309997991,48.13100563593589,1003.6663818783652,1007.2105137454818,1022.8847305992933,1003.8027352429674
39.5616022421854,44.409392026661024,40.01854444602763,41.25106845006504,2046.1427173778661,992.7266314763714,985.9882250589575,1011.7094709811422
39.00753011762749,41.52683987430238,43.29983863939704,39.33326075391682,994.385880003301,1009.4904764179182,968.6479628000341,981.2174011415157
42.88840054000494,86.0609864816364,43.50044980877398,43.063387530439414,970.9844617467418,1003.2410742371819,1011.1366606274041,974.7543525427166
39.64899381906199,40.753331746467154,41.80895714492195,41.817686342448106,994.1168393527455,975.7465009406185,1036.268332182835,1012.333130314445
38.56770069770013,40.55463937494228,41.44744140304711,41.76305631650655,1027.9238082146614,978.3388181732073,1021.0996157991601,1064.0690456461946
40.608844837008235,42.19914413569097,45.3203859118955,48.283421283374096,988.2531120185251,1985.9182942475663,995.9535683775175,1052.550076295513
37.7619607780421,43.8328552087989,45.41190120395876,46.199371448724676,989.5676143042259,976.8461402085252,997.070300752916,1029.4948569713165
38.223041071373665,40.71337740583871,40.95746951155748,41.779123326589264,1022.0599375971525,1000.2656685987877,1004.4197607421852,1035.6848572734366
42.750823063087665,40.05509914915515,39.7578885648191,42.86037431111633,2031.5600949371187,2014.4427670393054,2005.8427287453867,1017.029425036375
82.45957363386,44.36476787092606,38.96104870795189,42.12005354815426,988.6382523976978,974.4637576109297,1024.1862840815943,992.589229475846
38.80670061096168,42.65012719374545,42.684405950474726,42.64279623695432,997.5035316825317,1971.4927674297137,984.9569784538382,981.2947004299156
39.73953870266185,43.46411814734722,44.869128581226704,43.794875986429474,981.1159044801171,987.158305962281,2002.3119712699731,991.7556745347492
39.6875260886258,44.00587951180046,40.73887029274325,45.14617146434772,971.1095911289076,1024.1271285929497,978.2986475921666,999.979705147472
42.915347692080104,42.47910810033395,39.03129882511672,46.137754427385985,1008.6727418304392,1013.0797705457128,990.8521703086735,1961.589201736358
42.871454378710425,40.97856535856434,41.318709697634546,44.2420577265044,1005.4041545420686,986.9852674406184,1049.7581293478306,985.5459419138476
39.74377173722759,39.02067070611747,42.4555010624875,43.30183424616884,987.6899703262884,992.8996592902133,1013.7867074102627,1006.549341661492
39.09105986519339,46.434467766594736,42.89111537273125,45.0724141372764,1007.3652019356009,1002.9034591783379,968.3655687240548,993.4113099264465
42.2975263808941,46.53755830504541,42.70820029861158,44.379244878525846,1019.9649786446336,1014.803673672222,1987.153020075583,969.1527978409158
41.096803220200606,44.572690619079665,41.53881770457403,43.906288480814226,1018.4118139782946,1027.8773640697666,999.5638980368049,984.4938109960359
38.195270825858685,42.52571795439054,42.18864991563849,42.874310685781495,1021.6657772385248,996.9789307815339,978.8128011119695,1001.4247552395383
37.043050654796644,37.399288214357625,39.31857135454082,42.51854519107469,1047.3081886638029,987.1500339760448,2024.6073482054405,2004.9011589104755
35.22612209438462,87.2459885893803,36.4357296365622,43.871620691447475,1006.9497662772922,1013.626441480664,1000.608574045745,2049.0405158107055
35.34130759511851,44.91909896892957,37.944011691752415,41.92814733131712,981.150028880445,1024.743172379447,1969.902114234457,1025.7744412520567
34.31125986609379,42.89269213700614,38.7459356610434,44.14995519042931,1033.4004270751695,1023.8244837414388,973.1568342079531,1012.5338855941305
34.94245621346322,43.27986275400138,39.25544126796225,40.20238262333256,1028.1730004886917,1027.571671941215,979.7313012867302,1008.1407782217644
39.22790575315315,41.86593404940034,42.36843781759721,36.83526902719305,982.2783185616706,1019.0639623950826,1032.885831108701,1008.4086270145589
40.20831599735565,44.20414160746169,42.862032435982385,40.914427482914405,942.4025928431925,982.2987285351419,1028.771295150094,984.1737517482642
36.66292815457544,44.181009571101214,41.407894234320494,38.046981656251006,970.4540659151966,971.8327037040025,1023.1256982573091,986.3944148410856
37.70067781650728,39.05192085811086,39.681815575208816,39.017334491208615,1025.6482601892708,1005.743007622579,1029.7444407421538,995.2726649703084
38.69373494857828,38.97575896073391,38.61769677135163,40.62848431834682,1003.0388814162113,1003.6121132982332,1954.002363412963,984.1034845498971
39.29960760956007,45.886876400540515,42.13303941442581,40.40646473399414,997.7256234488179,989.3054020809379,1044.5262108808492,966.7397953598554
38.450661413577095,44.452265032793996,41.968428555403804,42.18958124854402,1023.6546402220511,995.489021659434,962.231943587289,995.5888713028404
39.1933710928583,45.325334344600705,42.72806964537695,43.38845358128748,1037.5453910288652,1003.898068620933,958.0505739321334,1022.7383742096977
38.9134320879627,46.81840419461228,44.09948482444112,45.33623798395949,1024.084276964643,1942.770226923071,1007.0332496526064,1009.0687802167374
39.25910109851474,40.042425176447004,90.46198979950572,44.989814359357865,999.8971633215433,2062.8714874268494,1025.4940933859189,980.1140865955701
41.43139827138576,39.03861633802804,41.83272993368872,94.1513495103006,1014.9013838264852,998.6236925760379,1021.3857870283554,989.1481653711613
40.21318825002864,34.25365496881341,43.46929256047538,39.97185821394084,1972.2538497928942,965.5379058204642,995.093706414292,1029.117728409512
39.80434531188182,31.371544003014844,42.83877571885948,37.8916247685362,997.1297490618526,987.8790204085817,973.3198455111632,1045.104837379245
41.72489568921685,40.290239078236,41.1518602061371,36.485871342679275,1022.4150726753737,1016.3645890200546,997.6469869630951,1018.5526291701358
40.20529826614247,42.61235437957782,41.88922575614948,39.3283946408051,1026.9990238309529,1008.746844586076,1003.167481239286,980.9313764982735
39.26733919414606,41.574195593361935,42.19043297066798,42.876995648468515,1986.5423318001765,966.4522955252007,981.3405101681683,978.2827154331026
36.51662897218159,40.29304034487441,41.541499422217576,43.66498875794482,988.8305995309854,966.5319738733047,1003.6614804850237,991.5465927112123
90.44022031719855,40.38263450096709,37.907395060298626,44.140975111210324,988.4610819071522,1026.3716884739356,1014.692993990039,998.0647933372474
35.179539593617264,45.49235434084383,88.34909790159814,45.95491001490169,1938.1584266119992,1016.6408619815961,1002.7891030031469,1001.5062201593182
34.786892405600895,47.88076187921942,38.03030069625607,44.38731261537163,1009.1675730951242,976.5487446182142,1041.4673022621703,1024.2261891001642
40.53388483804791,45.79709367369701,39.58223326040395,42.62461148108232,1954.770899870721,985.7025426077282,1044.590537397936,1034.7926644349616
40.47267009183145,42.624214624015146,41.50001327159292,43.26293653132718,985.5269545790188,997.4304893432368,1029.2929620086816,1004.8054115664411
38.521853103317795,40.193247085295184,41.67116779791833,39.408469067472225,990.8359607459572,994.2588741562754,1031.8003473982712,2033.0821369655812
38.51239086708318,46.34850629242726,40.58116880981888,41.00615896802678,960.5046600419756,1007.4261011744609,1008.0364892630466,1015.8939156971678
40.93315858085326,46.065288195575704,89.88123434681717,43.60528775190663,971.8919571576291,1018.9147854959809,1012.4540851041305,1019.7231573976644
43.25393742590946,36.797569631097105,37.49263740767607,39.70172889639184,991.5414843242525,2036.8290208266544,1045.5899753433607,956.7135583872401
39.5751565920614,41.28064585626828,38.6320462672451,37.46117329488653,1016.9722715233316,1008.7629969543916,1024.7577086599508,957.7877813590619
37.686208123209965,44.44275735553508,42.34373372713101,39.7150238569329,1010.6287713579261,1014.909744529089,994.7982513170466,975.4628096955612
37.818043283516175,40.40947988032339,42.890769035933566,42.35793455274779,976.7952428845449,1994.9855870791564,2057.0384786651753,978.802472386903
42.841437742951854,38.23270009157997,40.722743543465285,39.68553403683442,967.2552327399292,992.980240222372,1997.6169765297318,2056.2420247862265
45.62322158739846,38.23428756477156,38.736539882669575,41.27215975912243,937.0777218448131,997.3260551241142,978.9839704421511,964.5463096518491
39.53293716750024,38.080539213564876,40.05113514351884,43.20712865557424,947.3747741412685,1000.8381393501846,991.1355766665013,1012.2777330770369
37.09883821713345,40.53380330994981,41.970238891799426,87.7312438689105,1006.7473514493511,1007.788811147532,987.078973347373,1033.2519466295219
41.12644860601047,44.46787597542317,43.37192699425163,42.83851057720697,1012.6282161792245,1014.091520815047,996.2179104429905,1016.0055480747151
43.10061718121019,43.067512499159676,42.378047587099545,47.68929671862431,973.6699325472464,1001.9150849382256,1004.4789550474743,1028.358802481695
40.02321485146791,42.06735910625413,42.09407866485094,47.279251916744954,1991.3663306934134,995.856859284949,983.3003418321122,1040.8530198894998
37.087465577033036,41.280027357267855,42.65287366057106,42.912995710444555,1020.6257187472461,1002.0264780540037,987.2929415171536,1038.0274225655062
36.98951022829843,40.820623999604564,40.95304591362732,41.800733928130526,1001.345154154762,1002.1329125944329,1001.3735021347875,1002.1099068944261
38.619699747262416,40.44760693911718,44.29415739076596,41.18209200599352,999.2815714615538,993.2424069656474,970.7776802881267,1989.958783870526
42.87437634359501,41.421210160955184,45.78248628158612,40.810180658972754,1011.4352185214234,1012.5848042513219,989.4174510457467,1015.4285658064118
47.17282953179413,42.865520365873905,40.9864721499714,39.75771606656569,1011.9672511082078,1014.8932189274775,1048.1838606450606,1023.313172439967
44.367592129959895,39.861698538351455,38.45409250384688,40.20822440206784,1008.3879651149557,1004.9502177127533,1059.3334818443168,998.0944804265805
45.0741210784798,37.39742534231753,43.045241471054396,41.44151335511256,1028.1391255275998,1007.5256410543834,1014.7316595193395,1033.4959552053435
42.89341530930433,42.675295232232344,42.74270656783078,40.4983602427433,1022.251165975044,988.8771170748037,959.1977822601898,1051.3541434949675
37.2805784824655,47.991679963324046,40.637211530848624,40.36220118292957,1030.1945505707313,981.1247669064783,990.8373991884788,1032.575678970978
37.23214937652037,44.568215403891585,42.52844078422424,38.931999720804285,1024.8403098259096,991.8266454170057,1015.9663919726389,1019.3744484240787
39.89570281877716,39.248666954694656,41.90946854118283,36.8926370975423,999.6577464450498,993.2717941544158,1008.7758724112912,966.2313224527675
92.37507203645426,41.70041672875004,41.83001675566385,38.92847483840286,1951.22456059797,981.1191658779176,1012.306891121811,971.8761287891759
37.1927979580677,42.673128748286715,41.32291068477556,41.407810420591005,1005.087836494153,980.0973374116427,993.9024691933373,985.1521004068652
35.37464200927067,39.19828335412337,39.648529481227456,39.69638421364104,1005.7054156793236,975.9749114887976,986.0844996239655,989.1874687283328
38.301941871834686,38.78694146922206,38.81686381771063,40.88598232210717,1006.2241749072431,984.6544382238174,1001.4768609896231,995.6279421093386
40.03336132104029,39.3813140164813,39.187008854211854,44.5230049886035,996.760689012717,993.5800778937155,1022.994752376517,980.7078483973235
39.54047764392732,43.694231438728394,86.77408557928356,82.81973312851788,968.3168375828265,2029.6345652659859,1009.3167711718124,1002.7586986529622
35.82943045120763,43.73374062728449,44.38975385846186,42.83636646641736,998.1031025196455,999.9987988765242,1009.2738743121121,1007.6751471403984
35.17729168787346,39.952714057488365,43.1674957414412,41.44097638086599,1007.0395855423913,996.0689423297003,1002.752881168525,1012.8713183303082
34.28483341740483,42.244932049991874,40.20849998501916,37.378655999321225,2055.679683263126,997.3068144504198,993.4973579550054,1002.9174866466287
33.16462840837177,42.39893606030729,37.500291228412266,40.62611914573226,987.2394643568705,995.444135896901,1020.24445577182,994.6349993317308
34.94145043951734,43.386846471249235,39.22819231202503,44.14264574882334,1008.3316008581437,2041.1795166321444,1972.4415385547954,1012.4252332124511
34.76885938713527,46.02605842197131,38.47328284962965,42.44929746924926,2027.8302444948624,984.4668434130057,1056.8299755611813,1003.3357049474578
36.62042748244901,44.48468845858531,39.317904638072775,42.18349452401619,2025.5993383680714,978.2485132582854,2003.0151223710507,990.5183469388137
37.24755789258468,43.34207469885334,41.1983368476436,42.88647188072254,1023.133151609597,999.5913009724134,1021.5145924942673,1000.6338007482182
36.84994925031344,41.53194432754938,40.41325128066812,42.259984280966435,2009.6123865943364,1009.401261190577,1932.8020452162655,999.0001027404985
36.860548231878994,43.12022204441634,41.43987902153167,39.966208234781966,2017.4258667729662,1007.8006103292932,1020.0228602119297,999.4295263847418
37.59201526435709,44.422720681462636,42.09828612549727,39.61789356773541,961.7728865288957,1008.8765203811183,987.9457413811137,1040.7313968438343
38.56266786166249,44.25410683179339,44.35457138061609,41.61791117874838,1004.8129275219402,1981.328640770063,1961.0324973653735,1052.5678390539106
40.46885148012396,95.36917536547509,43.629190510943886,39.329615499825366,1015.6431926708283,1009.7400611520602,1016.4723408297665,1009.8516600824478
40.568843584678305,40.0954353302928,41.642598787183914,37.38201234152646,1008.8025854542852,1008.0534944963803,2046.3610090973878,1009.004155352578
41.4084293472159,41.63633283872883,38.59748725410178,39.80861681336842,983.1694576139706,971.7977672754909,1003.4410824251391,1931.5843132770094
37.08240751776128,41.32176466772696,40.63734587926547,41.625923575102924,981.0730732141542,986.759168215805,980.963670967897,1975.5389172297223
33.805009052423486,43.57395573692363,43.35969721491979,43.95893877219676,977.7320297416134,987.5793244171346,1984.0081710037507,996.0227344608477
35.022272097561654,44.70334913963633,41.13976512991081,45.10364545830079,973.3814307411351,986.31675607221,1014.4731929077523,1044.2569105553894
31.657192777636354,43.00545999394383,41.104452184791455,42.670469442956374,963.4729653570607,984.2000418352638,1003.5802875335512,1030.5121500394846
34.54221246588238,47.92591905376719,41.083582215440515,42.67418343372691,948.0217571280749,978.9681298453158,997.7284439304728,1000.604751789689
41.0491729520743,47.06484871925826,44.61577553876542,42.7938374102779,973.3622214089551,990.7967728111512,2012.8447720105764,993.4977836647374
39.745120755043786,39.70091202412938,45.58451744391493,41.3883925703102,990.2354029787884,1004.5870965857648,1030.2154000010023,1000.753776692743
37.04801761702194,41.83919991343518,42.75636482628386,40.2387832377258,986.4996572836251,2086.3364921973694,995.9682371713184,1022.1321956244631
40.328029510765006,43.68254068715636,42.881944535343195,40.128479850112285,967.2805832835983,988.5742899299994,1970.408502229978,1032.176685058051
38.97966843935961,42.17906213484693,42.97950620333306,39.19265247090233,983.9739528746237,962.9583452618842,1019.236561050703,1010.777453560497
34.00298438309456,42.38883700988005,43.193225945318375,40.20159277808631,987.4897635395885,974.5111399720456,2028.4531363175513,982.4304639440429
38.40306767764291,43.16333679752933,35.53573724840513,42.13340140104356,973.4147828129138,1024.4251248550142,2004.7932999114012,998.1505674550499
41.19005122746938,43.46809735359929,37.36263932437278,41.2353083450985,987.0053338784633,1009.2060482234945,1036.3570961434045,1022.4375147823321
37.86423730643797,44.306152629142034,41.85249756836001,40.2388866481169,977.0541870384197,1006.1938559887228,2070.4378575612054,1022.6054371068794
34.2413294183466,43.85880581104285,38.694292674735514,41.12499079148008,961.7663532321876,1018.7959981000797,1996.1633391104372,1020.0959779070072
34.33366042191456,43.28518880737582,36.383754466340164,44.01240199807232,974.1037939943243,999.8536779944993,1000.1882764077367,958.1920190916258
36.06085544551534,41.70245002785932,37.70660997277474,42.702316900456694,989.3667659472447,986.9471199503321,981.0156955056129,961.8372067104627
38.58028946933424,40.64138071032899,41.75265901219878,41.052318799231955,993.1477372854724,999.4710256790278,1007.7481978854346,1025.1451970554049
40.1672270113621,44.23964244976509,45.111038123138194,88.38644428635273,1008.950790837263,1013.2567566189084,1998.3375162861926,1010.6494942307226
38.60566009037942,43.19740600914871,45.84261094165498,40.91870991214154,1012.6552662362877,1024.10034278397,1013.0335516533712,1013.7339374321582
38.052901163874495,41.72685062169349,40.134848049009236,41.43194556463175,1014.7561080806005,1016.4579367018937,992.6175312816067,1026.7084305168028
39.91523405885185,44.85425510107078,87.29854171170538,41.848325865634195,993.4641555002534,1016.0118898651049,977.5522735541172,986.7310009926105
39.93808215738281,45.49732050572484,84.99698336812702,42.001439483618796,999.3828323162402,1019.3351696708498,988.2324625061456,987.1815341536535
37.2861007586433,44.25242234313241,41.60371697952246,43.0023841652408,1027.8616223784663,1009.0907005773424,995.5009151553068,2033.1232060757566
37.633841714986545,43.2353695670793,40.02765791770038,40.50689487407472,2082.2144246026564,1005.9532773978935,2015.81705223337,999.5953513394137
96.37904763273006,43.02489213313255,39.574485921733164,40.827727508855546,1028.0838420163336,1001.8190175236666,977.4353787463185,993.0527287041525
86.84697114438237,92.57904046086634,38.51189765128058,41.98251662223939,1041.0864718133566,1998.981296716423,999.4052994762942,1008.4261593246442
39.9058662635904,43.7685340454759,39.27449203869648,42.801214590722914,1961.4340460609492,1005.3658443608199,1015.2813983282956,1030.4561891968947
40.17740957069422,46.14666052303657,41.735051540758484,43.15933525445736,1002.3581656750578,1997.879858073924,1041.7739034606261,1030.371186259633
36.29195240777236,45.75706009486407,40.91190353253927,39.597720803932944,1003.3203852303131,1016.9234244680756,1029.7497812489669,1014.7010617844971
83.37766263080863,39.84370067420711,38.54148360273573,40.89315682409391,983.8363235487045,1009.9967840239071,964.1549978265821,996.942157298656
38.00142030910464,39.059279576034214,92.00802314507102,45.61242853314597,994.4516041784121,1003.2588187972865,936.1776689497019,1013.5489668182995
37.05213367097082,42.56768147576874,42.42926353510228,43.903030062066335,2023.0913559442174,987.7017597732829,959.3088405794825,1029.0261989080157
36.08873635981253,41.97771247716597,46.01477440708404,41.77904100605239,957.6109490027706,977.2413201292859,1008.7858204654134,1008.7029094696395
36.25387050911215,44.65423323760031,43.67469746181314,44.22483365241264,1981.1403712132465,991.681053457216,1035.0065580088954,970.0099032065883
36.84573903551066,47.2503025249744,40.451179033658136,42.66561572596137,999.2879268319296,995.9762082899771,1011.1278336688074,2006.0520378552637
34.71714451326984,45.231437652708166,40.88026556813717,42.22661793059123,1997.5698670840657,997.1113558260508,985.4263451839394,2058.8867827369872
36.48461753849824,43.70469059368858,42.367566909770574,41.417240271398256,999.2456753212462,1042.1818955294966,995.368373552004,1000.1282989139779
39.37763359121573,40.17433789222182,41.80986014076105,41.13818827634783,2038.1836309492135,1040.7382759673148,1980.7581570598522,1029.4240652124536
40.553318586915665,39.30417027796727,40.0768552867376,44.29658471448916,1028.5760674787387,1001.7687432676589,993.3208063999903,1010.6583606881404
36.77746699453981,38.13006758241975,39.556183228099435,40.39082964645581,1026.150149392069,1026.8977741997403,1020.7701414888209,993.0155211190295
33.58318081051914,40.83376448287159,39.21450360986463,40.27284502471592,999.9024429530812,2006.1259202088033,2066.6410360788086,968.4883481085515
36.50986177210602,45.32986632649036,37.23344555775863,43.69199889902748,1026.6545029099261,995.722587472014,1004.9165321459171,964.3587534937485
35.28849353834774,43.23929382880018,39.011775040810186,42.276729073113785,998.5444624498291,970.0522700160203,998.5120496555865,972.8862660365069
35.4775492048578,36.878622877066164,43.77672496006381,41.229761183094936,2014.9884363780097,1006.5145187923483,1988.6373372966923,965.5734932257322
38.27978360246469,35.87720745319821,44.38687427850846,42.39536723796482,1017.1457558287984,1020.2805957293917,2029.3655731025974,972.1841202952924
36.9043977500165,39.86045460766668,43.814685263462444,42.060709572176265,988.1469716756599,1014.4663006490032,2005.0737745199142,975.651359404987
34.19961851932814,43.74982421470938,41.43753064527562,42.69676578492815,1978.6565750524815,1015.5645558831404,1019.1857794295635,965.6257091896261
36.09754405741148,44.51631312016518,38.54450864509933,42.77204566004178,993.6377028093686,1014.8361735391236,1981.3318354764751,982.8165730910052
37.78775998825567,43.58028519446407,40.418195245409905,39.74285897160968,1004.7283285244924,1011.2451848516105,1027.5440125022774,996.9697946740657
39.90786962560017,41.44146199320333,41.3398850712846,39.24245171931156,988.833114874707,2010.9322475959902,1034.6459155915759,993.6483543462643
42.11708339701196,40.212698810844394,40.44584509344316,40.863848128383026,949.5613284620488,2032.3739010363822,1008.2805545113406,1014.0494372868236
36.89739265166786,85.0329962796363,42.64110128148007,42.32448034912386,981.8843594439131,1007.244547238781,980.8743743098994,1026.9297218063368
36.376894276716726,41.378422453773354,39.295822149714915,40.719220569634274,1960.6944541864782,1034.011173254387,973.0678964046049,1027.0665332286346
39.57720747741931,39.935167489233166,38.891077561889645,44.47849451680598,994.3545522703994,2046.977593217416,1010.724667406281,1014.9980927948216
39.658406673842535,40.62871298068963,41.84892308198124,48.6955800123084,956.9892751249588,985.8553981621155,1047.0646746678412,987.6358778466403
38.39204085539842,44.672103635765566,39.23865381613354,44.87749512251348,1974.0554656378088,984.6403501122779,1025.7670118969352,996.1749431867393
40.622568226806635,43.21640613829112,39.13915162873593,40.835833529894096,960.9196592928263,2021.9123302995592,1000.6020592923536,1026.7166696682418
42.04336356522303,39.51301820835576,40.26500219276512,41.793279610260456,985.8888180681392,963.5337440285202,2029.4823744430682,1027.6540262061096
39.18929257678299,39.51398906117849,44.70828802466877,42.41333546340967,990.5272031357374,991.2371113905779,1021.726355082764,1049.1270107811133
39.92881510949063,38.28132844139965,44.8045318273318,42.87698691091379,994.2596250399869,1014.352300214201,990.4840318579473,1043.3572595867677
38.53345438344802,38.11568250366737,40.622555483025494,40.51520960895584,994.8442075870989,989.2937209243432,993.4074465471433,1048.8310351341818
40.24346857406485,89.06104731059362,43.56246326322171,38.156295440725174,1002.1110461798096,979.2859459787135,1036.9590128880143,1026.679286698162
40.568657249470085,41.55755136160175,44.46519804612288,41.6643203626904,982.344952257884,1000.6829624564543,1016.3188861146248,981.246768298134
39.191673436635924,42.00097399143099,39.68574048412019,42.67321208936609,991.5676674063467,2078.220080202486,1013.0829251412124,977.8760028751765
40.750226402004785,44.00580542561595,40.257281009822904,42.41087036129667,1018.2866895299617,1022.0075557737522,1036.920737958067,956.2916263859379
38.743992984148065,43.74216841160262,42.109847015156674,45.52134111469829,2001.1730727810675,1996.6839789968224,1020.1620019080638,945.2786373949102
35.55978465220994,42.497117116026196,41.12006283521886,46.32196215559384,972.7828915889041,1012.3577934204244,1015.9143930261865,971.7475113328765
37.997756769643104,43.89266872062629,43.33667256755902,47.28945514568632,997.0374895367518,998.1750458614998,1006.2178823594859,1012.9657448101634
41.605081106274696,44.863969745399444,42.295650168258646,95.5233218210633,980.3302113826189,982.5858854882828,991.4474376751127,994.8377541089675
36.78597579088617,43.48008342967996,42.21619633665978,40.12386161013484,991.4813925748357,997.1843796253586,997.5031858782725,960.2550046681813
36.7258011829058,37.34294587872021,41.1743095639588,41.69220339682053,992.0464711601396,982.9773654846219,991.3889416382565,998.6312476251151
39.787447353868245,36.20445143430326,41.44446641865346,43.216686947272066,962.5550430600122,2041.522583447715,1998.2642304955434,1042.4743522318752
38.85158378165663,45.275528960342484,42.54441816956088,44.0403245164933,960.5098814654498,984.0453009506713,964.9160142038156,1029.638271206579
40.98543416393125,46.138564261952794,41.40771053788775,86.14210311203215,1009.9178469717838,977.7194543374466,1977.4035805582662,1013.1927409751022
36.516372853891845,40.55932552209079,43.288243259519305,38.6674711000874,1002.4055814108531,1989.9398829615222,998.6087758711401,1028.7953077606276
33.98366971963251,41.97621465893472,41.512316694320866,41.09917467755223,969.5556782034188,1003.4109253950701,969.9840322752741,999.1963533552689
38.186884947562156,42.49904894949648,40.710773002381764,93.36397451133506,990.8442533532067,2017.4466118982155,992.1833613735953,967.7479266185949
37.099125380100546,41.70773906110263,40.10791137403858,41.67758658521362,1004.7770763291396,1957.7763602018279,1011.5145445240462,985.7547873852502
37.09866855155794,46.787076093179124,42.24729801370762,43.23469939869014,1025.3670517174019,1988.9175793734826,978.5519061553628,1014.3882431891383
37.0638619173732,46.84926183364943,43.58646782486849,41.30114654084301,1011.7939118860465,997.1387482005705,965.056289135661,1011.3452264153752
38.79773484996617,44.317555589451665,41.796288770180055,39.66456535466931,964.795477400821,1011.7140051801591,1008.0873904187818,998.2729799215894
40.67394305100344,42.904731083785094,42.28830099465972,40.64559990716148,970.0133565001161,2005.680251365944,1003.6118924821552,1016.9928849522964
38.207008658622655,40.37087329815979,42.63900545716876,44.70691604456225,974.7756577690527,1001.4482838186375,996.6329449427303,1025.4187699745883
39.853249006017116,42.43585295990216,40.591683872403394,44.077368844581116,970.7491195013039,1999.185365901003,984.9650353211016,1030.501549237934
45.906013372025356,46.02287268223073,37.656976096784334,46.00531111817354,976.3041258405591,1014.7020785061253,995.3877365659107,1024.6838982104819
41.93179701261185,45.3126117458707,39.081855677853696,47.35112037694434,950.2796654856537,998.8099448186988,1005.5742871818322,1008.6954959284496
35.717261945341875,42.74664156681155,39.450672008386746,46.77649306200462,948.5290004540916,1017.9641444368784,992.8286153310339,1976.8095477926443
37.335854231241555,33.617261680738594,37.84276755075674,47.599389485785494,983.7068467384554,1002.8969963961595,1983.5657342599504,1045.1777939369067
38.27848757103708,34.76113538191571,40.439651282200764,41.67597137790979,1016.9183542229566,981.2193375925664,987.5562481378836,1013.0739398264589
41.39192973379547,44.78414502574641,41.746891197637474,38.57685987837989,1060.4128069853753,984.758767450731,1003.6604763718015,987.6149298632337
92.27926613792523,41.6241321716389,43.78638454427295,41.22849101841638,1052.0133226252203,982.1245790668407,999.5952385717358,1015.9640870283176
36.21256203425767,45.97443839119876,44.34033947402849,42.447672527450756,987.3672154654089,992.1718922825064,971.6851138330685,1045.2815282630095
40.64175359689533,51.003199086137485,42.979660614712,42.22448329905254,978.0035044842946,996.2424539946079,1002.5051548969095,1016.7333137084582
41.87236403073126,43.55604335780389,43.064507237621385,41.42568915533664,990.7668745836138,980.9023676447796,1040.8327533275801,996.6630101280396
36.848093009391974,35.92056687045186,41.614650205293984,41.889280189156985,1036.16507104163,1996.538316337492,1071.2737354202648,1016.9051101200171
36.866545584019846,35.25884127034166,91.19570297463758,42.22048289297308,1050.1393640560502,990.956065531115,1018.7008245392849,1998.9906838710176
36.32592175759527,39.74063764453879,41.025682047246235,41.736242206217426,996.5176749476973,979.4025268787972,982.6782930904767,984.2011796629632
38.081102597665,48.23568578690423,43.45059141637539,40.523614766206265,2038.7521490143806,984.6834937926753,1036.744250063898,990.5324441717031
38.181653651159664,50.55391296353093,40.89010908874671,39.27473265077748,982.6389370182966,1007.4533768425379,1036.1684850569234,983.6294295636278
35.213999215431755,46.01618431815102,39.45390887940704,40.26177526460397,974.2800447251134,2024.8170139727783,1039.3432950764345,989.9076086933517
38.2152328455044,43.656654488356025,38.26606373252636,36.06348775844664,1979.1014158467049,983.3209636009859,1018.3970832176037,982.8004412187573
39.21220612338142,42.86041347233352,38.38571981010467,37.87770912397292,1018.4205862813328,1940.1439693866507,2041.6004636782147,1015.372943443811
35.49764206602063,94.26840025699167,41.8351006862059,43.78206342375051,1008.7872713666436,1995.530377469965,979.6164159844109,1030.6625569036387
34.532391956228764,42.87728945426865,43.10981080377155,42.4986217128305,977.8669660637754,1024.2398060198116,994.4512057506618,975.7170263145146
34.23230289015044,41.54927415704863,46.01675413368031,41.73756857462304,2007.4597241619115,1003.9315393490288,1002.4352709754025,984.1980585526047
36.32062306225199,42.94042195477623,45.50314385744859,42.67553215618888,983.9060270087907,995.7243090260466,985.0328585133534,1012.4237043592857
40.55091193856537,41.98406070759288,41.5902837556884,43.84952336043213,996.3841748122577,2023.9911494535954,981.7685032822964,1001.3050450286966
42.07173254768378,42.999038101092694,42.051392864669644,40.63293789924096,1004.2092501998814,985.5955721296167,990.1082789547163,1001.7135223001336
42.94861391951551,44.968767150498415,42.74088194024543,41.38300564594894,1010.3441733561726,1025.2646801868327,999.948893179102,989.9637993523233
39.67937916805538,43.05194900225763,38.77451923786809,43.09295960230554,2004.926517275483,1013.0635481150825,1969.635799622284,994.6975319485609
38.89860341552472,42.3908335239972,38.871375448924724,44.07207532439779,1983.183441564263,976.1598609668749,986.4448114509075,1002.2325606932754
41.46906334617627,44.324291014161744,39.67711759004511,46.15971949252789,991.8281625944458,986.3102978151782,1018.772886185274,982.024390412347
38.18048558323851,45.37435123261754,88.76493468564449,42.4722096612428,976.2055717460071,1002.9413875611534,996.1736500733509,986.5648934255769
38.04793970943368,44.186116246440186,42.54465714841503,40.532688742876516,1020.1128906640088,1015.2064174100576,966.0411619741765,985.0875665383574
92.08763060270857,43.95458682197339,42.81463245848902,41.36783268319698,1022.3321776184222,1010.1069396408448,994.731721342546,1979.4228759716616
37.48019991308129,41.923783766634514,41.417472393203795,39.00332259463973,994.3905054806592,1025.777171942414,996.1828967858027,993.2218498126331
94.44795557458653,40.439369366816614,42.06129497247682,40.745523604605154,1034.276727928573,1010.1115340005873,2009.9407987689658,1015.2124664506493
37.08359046731073,44.64200642921121,41.86259704919168,41.6890479557746,1005.5140489192545,1003.5682130800565,1009.1211793576986,1953.2164019878721
39.88222897595044,42.011456553786545,41.35412372381782,39.03801267506918,970.3393416633835,1023.1663589093848,995.6120227246317,989.9895257972996
37.08262661077383,37.317375630523046,43.084008545007435,40.15661937514889,961.5510231985177,1033.8004501987866,1005.1229246856885,1024.5942556406758
33.64935754474923,38.256735694064616,41.574985049390335,40.02689525426126,981.1452562534312,1988.888155822849,989.3896721853368,1017.9092424980734
86.18588630630765,39.39132125935988,42.4083529316936,42.78285686419433,1018.2223084260274,1979.1770109950505,1933.0612228917507,1015.7622605698648
41.56583810529459,42.19775739242193,43.665845561713326,44.04572398725241,998.9438446598401,981.3096078546438,1030.552242486887,1994.8161633446239
43.856270883560335,44.773818695415784,41.01867318999053,42.25172559479363,983.678684582736,998.3910405976194,1020.5183397797689,1021.9887046592802
43.02838774162931,40.39211052625996,44.355140731893385,42.414735866180735,964.9325270081933,997.3141039055499,1041.031760078321,1001.8190298814977
37.80921787690605,38.81179874356282,45.107044159550966,41.29137110129756,977.6373036647135,988.973571681538,1012.1118237240565,1010.0013796884625
37.45843677278252,41.70721370039658,40.986817800543136,40.79632546442612,988.8099500407595,986.150521999394,988.6311530414414,1007.9159329226106
97.01912601635834,41.16370282626981,40.38323541040762,42.83664565407324,2013.2897299080566,981.6837772984718,2006.181801216262,986.7014367196459
35.88779371074259,43.02402345268553,40.452764024759325,44.336575307956096,1011.2087640404293,987.0994422202768,995.5338041830105,1001.4943094668453
40.43256926715907,48.77578201376325,41.0078797104304,43.371447108308814,1004.7099757246676,990.9187693177261,946.9473287274518,1035.4692151670629
43.70618538716837,48.53020982592744,42.27976662335657,44.51645367704212,980.5991310972927,991.9476628305297,2011.618389217009,1010.6292277324238
45.47024572426122,42.21743081255577,44.21426554948661,42.33916223995515,990.6051534042687,1004.3424551785292,1047.1742980592308,1006.6099552732423
41.374802281880804,43.42189906644384,45.295441314473486,35.74108446919172,1003.1097180689248,1045.5323070230334,1066.7437520996702,1024.6775985123445
36.55063472691943,41.970624883161264,44.565259283982115,36.73567561485301,1015.5959274161914,1044.4513634759287,1020.689702986382,1009.1886050436387
38.59880724066322,39.502423285641754,40.09579685402363,40.36411952041381,1036.534499146798,1020.4250386051622,1003.2749072270661,991.0425269208472
39.82502248117724,93.19474050035808,41.918691500138955,39.9291988075384,1005.6828827293764,1001.7558228249791,1019.3558888089221,1028.2780723575943
37.28228014943385,40.745381671719954,38.01199335877155,41.126885054094586,968.0240354850421,1002.7972194685544,996.6134865855593,1079.3044258482596
39.32099299678784,40.07727980520208,35.99988096431731,42.80499120549136,2031.9517175275487,1002.6605463728881,999.8775625055305,2028.6056882433722
41.25955062435641,38.96362085043725,41.227216463703215,42.03853735352169,1976.6918321306607,1005.8063252257709,1030.285988596654,1026.7480875917565
34.98088031305132,41.021383769600476,38.67069333178722,42.98961318402661,1006.3279023359863,1017.3725267981149,1012.3478650064939,1016.8450534570828
33.884872862333005,39.535114182590846,34.16769069221266,43.37348221275262,990.0284386961478,2030.1693570770997,1009.4944258184742,996.7879209938053
34.54037496907738,42.33074721221541,34.989135004058745,41.050965240196064,990.8295631037248,1025.5257860869904,1008.8748591565318,956.2598095159897
35.05460412321301,88.3231814961104,45.54169870653763,41.09566228451383,1015.0979833621311,1017.4774384131723,986.3525892015559,971.6953818628901
37.3019365666158,40.02337812275264,44.76409145061714,40.85339859899541,1017.3303780381523,1022.073265991743,985.5851193427425,995.9090561365888
37.18375984413191,39.614066802774886,36.19522789431127,41.823636645388795,995.6783241058438,1979.0274668027785,993.5937657336497,1006.7243398625083
36.096676484569585,43.144188762470414,36.7661560957,42.036319607245574,983.6106420735111,2014.4393129540033,983.8079435067121,1011.9282782910402
34.74513335205063,45.52914766554994,39.89948142613018,40.12043849484947,1002.115924075472,994.8787654430408,981.5948854309745,1000.2465443991981
35.21374420867234,43.66933460154059,41.77569492797005,41.057780233731805,1998.1726821314558,1989.8744525487482,987.2679220628305,1988.283979251118
34.68210862129161,43.42340715807334,42.03327935589107,41.43424752479987,1000.7691561190375,2045.5518931020076,985.4015203916504,1037.8969659043655
38.10680310737169,42.38398032675646,40.850329139665085,42.088667437417186,1986.4023522811954,976.8604683085297,1006.2911755066433,1998.1079772553935
39.60951753623503,42.065609955259404,39.542903108828156,42.302025029537305,991.9667922800451,998.8272971161639,1007.0367782279945,1949.9321062463953
34.566231656107156,44.313440305746084,43.51975127267849,41.25823287626212,1008.3279403827844,1002.6527293594038,1001.614396378707,1038.5844563472276
35.27701694898744,44.11995200513437,44.93326466004883,38.55037860809041,1007.32130002738,998.130987670974,1006.3046505519186,1037.2484197793508
38.15688628116796,40.03884148307662,41.10178415266044,41.624748192261805,1997.64964350654,992.6473849738977,1022.9164297764794,989.0448154142405
39.04752377583183,38.870848747072344,41.405900564683975,46.941672720528786,993.1806590630915,1998.7631107522868,1975.5587387766036,982.872498748465
36.40661754402588,91.36958260587154,42.58520323237367,46.12691348208874,989.6959032761686,973.2457125153342,1022.9837514161524,992.6264276130435
36.33578080006161,88.68405838248344,42.9439525307666,44.1273915397047,990.7104900852858,1002.5703489190494,1006.213050134358,998.9488158169794
42.207218830636556,43.80780112297106,42.50280700051724,43.46647149970132,994.7667373968636,1024.3191486901567,981.982430415632,2002.9939673071965
41.08613542821633,45.49105004543707,42.43094216313631,43.39643638765662,1009.8491507291358,993.6577053075911,1004.0560366265008,1964.23307867904
40.701735864113004,46.226001591598106,42.85025218127334,40.75979143501618,1009.7005424016679,2011.2380540521137,1010.1690227930035,984.5791729376003
39.06634597085302,42.334136594326594,44.60055411985881,40.40818660850573,1006.7213685563677,1019.2007455260616,1031.4817640408125,1911.1153079475766
35.591867158253365,44.30124611733158,43.04403150577004,41.50765798249353,991.5457011371568,997.4429147259937,1033.7232045918963,2016.658978936534
36.53743991190281,44.904136580692025,37.1116514402327,42.39416078933826,1984.2153684284788,1008.4274042969191,995.4345380101331,978.0428855669925
39.39559048455534,44.583102599888235,82.8468427912835,43.89488861767697,979.7187585502795,1016.4400326004557,1010.1223416554592,997.1473535881407
42.05432367881539,45.97441736289022,44.13982652762569,42.85947548489932,962.2234354469881,1019.323020723227,1006.9477037569937,2011.1156575818297
91.42482606400668,45.85023048939142,34.43992043267595,41.48042525869813,970.8969246879271,1013.268173632484,962.6065579384699,2005.2037396521673
39.02103928407452,44.61327617922761,35.67892384283196,44.32471309073687,990.829002916947,2041.7702372343872,979.3553418754689,1008.9795064749758
38.25401466052042,43.11549757706999,42.051596876153496,44.80407656524346,1010.7408267640096,1007.0964202140774,2000.9942002853113,1019.5858412585108
36.48634940400923,42.73923225948457,43.731097600988434,44.045371579265016,1012.635891937144,1008.685114656883,992.838379006032,974.869815932626
31.717003050736402,42.22239293678041,41.635010501168594,42.20804289276603,1001.3291582782258,1001.8595894466648,991.4701680458827,996.8069061817182
33.705679915899424,44.542106695277255,41.36674866800361,43.13316025718011,1010.1082579560218,999.8384184614106,1007.0276778875307,1047.8583465020697
37.498425441691765,45.64906919661255,44.20753393616057,44.20148120941479,1010.0042581170001,980.4499150718291,1035.4290381334613,1034.9456363474021
37.36571307884233,42.263388749999045,41.471770315101566,41.568678258021365,1005.5400262926705,2039.7090982242496,992.0398593036268,998.8001780637691
37.31054738368795,39.732857474863195,39.91744370387458,43.052356689963005,993.4982695059066,1952.3405209857535,951.3225440902183,991.2259940845108
39.65164896305417,35.46403628359956,38.3167800724611,87.06026587444234,966.2751350210187,981.8735172662302,969.5208762964288,1016.3614211112985
38.91245122306243,37.8978930992364,37.16287809734828,44.15611428702965,951.8843501211945,1022.4156290041827,1012.435479932412,1039.5036663796898
37.953047143491574,44.00599506162659,37.241762421409405,40.55087538752768,987.5173366159585,2014.1278807132562,1015.7427790852755,1009.4331707923019
35.77854710513345,43.10229111523023,35.68504097540499,42.07289500211656,2050.567655176003,1995.3177494590311,977.7117369028439,2029.2188407472872
37.923382680455425,43.65116551655977,40.838247477198394,45.64110844155127,2020.1734638628038,1003.1680652191293,1023.3017171715501,938.2873031107845
41.455140693342415,41.5391566201929,44.13622391360794,45.35123799752493,998.5398853199476,1001.9970797774947,1033.400825863444,941.9928001526066
37.40568588682845,38.53792969887456,41.44124869822228,41.23416108568233,1009.7616043121263,1003.6105005761586,1009.6514492718519,2032.2528790256335
36.77960168303171,37.21554718413373,41.76806586034495,38.222175513706226,989.606723088621,2023.6867911460213,990.8624687209979,963.747204664733
41.22675816256795,37.66760994016451,38.78339602860348,40.108653189553905,1001.4919312308871,985.7026707716459,1002.5369205380302,1024.2721272633032
41.509222558874825,41.46242419946199,39.63118397473144,92.51002251112112,988.8866037844793,980.3165109173938,1052.4564540840015,1057.5931641056245
38.969669601881165,40.444778558602565,42.505051202558654,90.93091112863318,991.8140853535523,999.4742475596705,1040.331656606087,2023.3307919176552
38.63683964081423,94.35428397113118,42.8623318661742,34.56509334353636,990.3776642877258,990.3502004572385,994.185552374669,1046.8132428074769
93.32238634844737,44.11322397211863,43.652813089926454,37.24982034155429,972.6277831108586,990.7230953628812,959.1571345424254,1046.2744008619343
43.89746256806893,46.8150095402886,40.11975771650695,42.49390867472971,987.0080335150612,1025.9953814739972,974.7842573133867,1013.6440783746777
38.2975515746766,44.21623482210035,40.74106894650575,40.08607462817899,2057.8161116941505,1989.6467648405376,1007.3040165824235,995.854600364757
36.32513299173097,44.17529468996243,43.29054766508065,38.38585076041458,974.8420951935643,977.3827970347766,1003.4433993918378,998.6178794894154
39.81843542879148,44.12603678790305,39.59567445828186,39.28502433004846,987.7251031180579,956.0363529241104,992.6349812315278,1000.4792862256941
39.930317746321336,46.13559192739885,37.11450536069808,39.92860068205246,992.5694748616932,975.304511970848,968.3983421196014,1005.6966210507924
38.53712748007369,46.36447498055792,37.890947494243235,41.39880553793824,2015.5671759922895,2008.4019661053894,1984.281128986681,1010.7191661513224
41.03788348880785,42.60407530956981,37.86650451577829,42.19842154502605,973.6750875542973,1007.5007516242521,1001.2882437535064,1995.400085396438
42.51172024386775,42.15860182333665,39.40252180331855,44.98047506323016,967.6441098156781,1014.2769616539013,1019.7074062417423,1000.7013793554672
88.39177889598767,43.72757453125112,41.969173372820876,46.79463164425336,978.1661609152003,1010.5556131021899,991.3217518889711,990.5224235135665
36.73560052320003,42.02294165893528,36.20376391313299,44.727108277462676,1018.5394328213201,991.7777952410245,971.2978057839275,1037.2212425549633
38.99718212969242,41.67257525896279,36.44448255868784,43.08359056440715,997.6057553660796,967.0960423115594,990.9138396644563,1064.564016678446
38.71185694011825,44.240917674461826,40.68937091082855,43.650825704500676,2033.61090760035,989.419094028264,1030.4475466008362,1029.0785438942034
34.854889491220995,41.151213897076545,39.17950360752445,40.93820961369707,1035.962432152833,1000.7596066493027,1034.6123740608907,1000.780115057094
36.18547566266254,42.28051056439746,40.34290734681332,40.136264646860695,1036.509737514501,987.3311789807617,993.0126057216967,976.0886547897833
39.717610449643104,46.15660983466542,41.22710104379982,93.6406717327886,981.6438316418023,995.3364424550081,2062.635255459602,2007.6708212212968
41.4505689494941,43.96797097737445,40.71566000690352,88.82871952473285,2010.0453606869746,997.0104224996658,967.3577459239618,1018.3525188849167
40.547545904045606,98.0628612992361,38.89033478737021,42.065332082738735,1033.1841560358528,1021.1691973953443,979.6324441733848,1010.2653764208774
42.225978550630785,90.2413538757775,41.16709981795236,40.22868895359118,982.3075499606528,1037.3594759771927,1010.4059793618044,999.3941048751618
43.490255322753434,43.1284655920785,43.670574637978845,39.25205621518385,984.0007063421474,995.0561575408258,986.8780252185416,1023.2099223136026
42.45544165106396,41.67325528402577,39.558191345046936,41.63748059097661,1032.952631904445,970.4858178893278,965.8395826429944,1018.473557523727
40.956145079029795,41.19885268436088,38.337508332269955,43.893388651125306,1977.6661315341637,987.6740441782243,1002.098628055214,998.8873906783078
41.31662282629572,44.20295873344642,41.02775263570335,41.65138242725632,1003.3209026828144,970.9525656078364,983.7475375829453,1019.7745831636207
39.915433691322775,47.452752368773886,42.030432122937235,40.34523936387008,2016.279275465315,980.041955548211,960.6307785474371,1035.282691445927
37.26193197263281,93.89562457532087,43.933649364834196,39.07552636165319,1012.6159130707015,1008.484122542858,2053.6092392978135,997.2611846456122
36.84344475708053,46.85518718206951,41.8227266673015,100.506158245287,983.3361415085736,989.1389963519207,1000.2762862328307,1993.3954924585512
89.13890158586655,44.55525253244313,40.09465416277041,42.656424865883224,977.4431256285725,988.701639140929,976.2314093790377,978.5651487269197
41.090090053756725,39.88562883895365,40.685951316941036,43.92348215184851,1001.5756380140012,990.7003374626813,1012.1078134566538,2014.5032806288698
39.903587959441936,41.74657910204073,36.092644714537215,43.1184495521441,1010.571445938247,965.155237534816,1019.4433485669184,995.4466793608606
38.81314521136357,46.52495945924383,38.24877804084774,42.531188585352055,2014.3401211407784,1980.3312383417467,996.358509994939,995.2050338743074
40.93205430924232,46.800044450956094,40.925213736794774,44.224410640412955,969.7489772520943,983.9953121311664,2017.1843970690518,1993.2313708747888
43.24495227285789,43.04421829637293,38.037032039957325,43.12444475145911,938.1381934244341,981.8850364804603,2015.9694038057314,1047.8331385063716
43.205534113005484,42.064518285199576,39.746449339710416,38.481086293867534,964.7038056622931,974.7376777946297,1041.7351834768745,996.0616817414066
40.71297311324644,40.84780416726617,39.82700691866562,40.67118592343871,958.6838920382123,981.5043968889216,1028.242259127844,2008.7513125658686
35.87921692848286,44.763028779695944,38.82830909918376,44.88404411240704,971.4591534348904,995.5151861133911,1008.7170618401979,966.8113569785052
35.99611414763547,90.96181892506723,42.075029548629146,41.86525344551757,992.605441694453,987.8466647585981,1007.3599942013732,999.5658147249355
36.449098960560136,41.237396378794834,46.214558340428496,43.71718399212118,998.1377314357171,980.7835533165113,1031.7082712384477,1980.773775133132
35.34315022253883,40.70270223151465,42.44562331343698,42.50941500742434,1021.6752055356039,1002.4071079909781,1014.1301713858517,1009.0071365002544
40.65170222659469,42.338896675208225,40.09916160306659,40.19745566257997,2027.478334236208,986.7723947918673,994.1309078216186,1025.0818922189765
39.47318668308006,42.35751994758222,41.870061185652276,43.60732963493423,993.7583155677123,990.3340665553238,1007.1806124170716,1035.6113567404882
35.97449358949348,41.13248349370063,43.466765926776425,43.15248381454644,955.6614727889108,1003.7506060795084,1953.1524509756457,1002.5312255643395
38.65696266122449,40.912105621155646,42.799648210628334,45.86469598163421,958.8348608351195,993.6943472444082,1019.4328903387167,1000.5173734002021
40.68140301863798,41.31028832506746,39.371834065893445,47.25120802727806,995.3398162249161,1005.0065366445806,2010.1119977693374,1012.2207631458456
39.69788600871135,43.008350640378715,39.296754959593486,43.007727179836465,995.3820840515612,1008.8478335338139,1018.0386411311241,2013.1973428029519
38.54930514518751,43.14272251755486,37.16894501290014,40.82408963779524,981.3077739728382,1026.9162517149418,1027.7965579827414,1012.8259091400714
37.54843919631365,42.048519984505326,37.2964437380714,41.999746948973055,995.0007129495239,1001.3727241960968,1012.6160571761143,1003.4723471807199
35.73613910736704,41.44667247079656,39.96199739198771,42.044730499547114,1011.5148522952413,976.5706178714961,970.0250030290621,977.8306492243488
39.86535124829787,40.998811779980656,42.312372437164235,41.298566158499085,1006.6664690889405,1002.310687112349,988.5407926275211,1000.4582849456326
40.48834632511612,43.490091868794494,46.48684355864201,41.4302697729931,975.3374071016394,1984.6197767591573,979.8049265210534,1015.8232294882763
35.44252446246285,41.763918580214344,44.67108900614042,42.1351026986912,960.5132119027454,1036.8261854064888,2020.8322864198135,1025.0235877928444
34.18463175745586,35.28668694109664,40.30280008613731,42.5668378652576,983.0130780659813,1014.5188250010433,1020.2676867079376,1054.0121413847119
38.53528118126777,34.95057136054942,41.25750640129892,42.62586480481562,1006.7392220215697,1015.3951363327794,1012.7236283373148,990.1511770299654
42.524255190940224,39.86843082669737,41.47701728860778,42.41863643248027,983.0811900445567,1030.0895583384035,1009.6915899448535,981.5953815254742
43.51972287665133,42.52283347098742,41.84320300193674,42.85620560912709,982.9693885488525,995.9503778018454,1015.1133054545803,1027.1668896839392
87.99568916939737,43.340589426608176,40.05549715691642,42.36982130241181,975.7061592721275,956.0795837980261,1020.5940685152675,1014.1386000468956
41.82247563354906,43.20249484702656,39.17984099295766,82.20799654385443,955.6290886617521,964.8808754750817,1005.3409214667138,990.9520772423298
37.41425105548232,41.74927434811762,41.22220092991511,41.70259591234033,1998.5248917346096,1003.3567964911422,1023.2528645426023,2016.1855633072414
38.43582182101626,38.250978607729266,43.01482149396367,42.177201486564655,1006.5993809819207,1012.8601036601691,1057.6051208803165,997.9614400208602
39.821121556975875,40.09114232740382,44.701993938675024,38.76542050501929,967.9174825027835,1000.648751658966,2014.8963764228247,999.2042476021212
38.52180312217436,45.67677921381088,43.69758942770582,39.30667249223787,974.6169157635009,966.784008755599,1020.8256531480017,1962.3039963007377
39.57737208609282,43.216644468061055,39.887335141277326,41.9216353834924,1003.9541744864822,948.8749156543323,1020.6277930433321,996.0911505349
40.02769540119297,41.90073755978324,39.79216526569006,39.89141182603455,1995.9403857338973,981.7161511984527,1026.1339682633457,974.9407859231437
33.17722407073613,39.98412841733099,45.134991873688314,40.18310489636581,974.6443187770575,994.8877655104837,1060.2964314986193,985.6214529932788
33.850793537410354,38.44902467502678,44.15006557332792,43.11332583699243,999.5656537496329,992.5282407544148,1012.8564311981411,1020.3990799358581
46.17441655844558,44.52423630541267,40.13997168455796,94.17706761540659,1989.8538000955589,977.9025641716069,1991.9461540382952,2000.7215995911376
46.049250019761615,42.222759227456585,39.93066518830352,43.37486763186284,1000.9988387967348,991.5332929921165,1030.9353320764935,988.0812108577737
38.03046368865146,40.67135257607511,43.39359719519059,42.49348054008048,1997.0762466623178,1945.3668255333255,1007.5730813921184,2018.0008202857816
37.50047858503898,43.23176543079779,44.17761032894376,43.6783424008896,1009.429888531516,991.2573235256373,1988.9513224563598,1002.5708943045975
41.42202659376132,39.75304454084008,41.85332203035695,40.48756919132337,1003.7084767423864,987.8526397456402,1042.5765756501705,979.8814646584212
41.21749634811261,90.60195136681129,39.44562369710615,43.5358100662512,1003.0701766830764,982.4236849058526,1043.114202047907,963.4450209996105
41.74514354081795,42.19299459707777,35.58569373533334,48.16766761004223,966.0861079004795,962.2155631736659,1014.6183850527707,2026.4970410891538
38.23481755709547,45.137103364343474,36.56843017760369,45.40954429029498,930.1548844579156,1998.3370666598996,995.5136602616283,984.6004533619475
31.54508560377362,42.79387574510125,38.31361367855284,42.846207340578246,971.5594412931475,1007.6993214413224,976.2931882176417,2029.3632433413363
40.522018548252284,40.613583963762665,38.03204488197457,44.7957705502229,1991.6520564003495,1004.0084377244168,975.9960249208123,1981.0988430763935
41.81290696598831,43.76520459456022,39.616593981915415,42.6150487747814,970.3338857579945,972.0984313255326,993.9542158363925,1025.2668458126084
36.653637143898166,41.18815673171595,41.72851389754136,41.13576711297847,970.1759944442231,998.9020047812828,982.4980388603094,1002.3304244257894
42.22234899636402,41.412494695638834,43.69001800916239,41.65133589666503,958.9394021275195,1020.6371852417129,989.8514490399984,946.8805056306838
40.78051827901872,41.70089548761872,40.83215532889991,42.208437454937624,2018.893279804838,995.4783241689827,1032.268727753959,952.7903719162161
34.80830288407495,40.631882907111944,40.36125371885893,41.331704338882666,1011.2996433285972,990.638843330502,995.2499053204372,990.9826756455093
38.41041101169707,46.270742492223704,41.90258005007447,42.51343716951736,2027.933123370472,1010.9442693470064,956.704757062656,988.6706819019585
40.29776446704403,44.859741706626565,41.665734259618056,43.66286744965726,968.3159753994488,2001.4582136766526,1964.5639901549928,980.652217338141
37.005588466494785,43.65662519695133,43.33069938720857,41.17924116668905,959.1162917459792,1968.5352027144895,979.5938276619811,970.0599071127053
35.89626625915756,45.48112927596476,82.76037910482991,39.935411558916215,1994.479667198384,995.3050084729673,956.955347999336,997.449369114331
36.466212201086485,40.95972774647349,42.69887135436982,41.288779859893566,1041.0497499701942,990.8836326878463,990.0339639004244,1993.55527675956
36.808434964449674,39.15073045449195,42.209984973806954,39.383198082148645,1035.759394593952,1007.0284271539148,992.0330159176738,2002.963560316143
37.73982552053579,43.5612628820909,41.834503001552775,37.218503004813094,970.0061116079776,1015.1045956748155,1010.8152303822369,940.1185181797385
38.93674687478378,45.82288401126108,44.80935394233239,41.17951882575908,949.9766440007259,1966.6338436096257,1055.4706598476787,1988.216335926486
37.327201659732495,44.96093817964159,43.0369846880284,42.68564800022618,959.4274920621741,1012.7850391226251,1042.6800678502977,1008.0785664930654
36.11601869482811,42.41720407764598,37.939256729754106,43.90256454435517,986.5099363786592,970.3500173219513,1021.64614375871,1010.2277953363125
39.3950312920049,42.584286089140676,41.87659833449194,44.205729624203315,1009.8825382544883,1008.0260282576987,1056.009854042124,1018.1508648236984
40.834297056530644,43.249341108394496,41.9181171574635,42.523828686538295,970.2593228538019,1004.3374925416688,1054.2246783160615,1008.7962931145062
37.21920448760304,43.7484020425038,89.6615128433477,42.778214264469455,2021.5747556001777,970.9924412337741,989.0623399612475,1027.6145778649163
38.44076636708364,42.53194759080895,40.2533425904775,42.719682303454924,982.3829023284694,986.8370568565538,997.6272422348904,1010.0060796284613
41.21948375277378,40.189117798871365,39.089622610230386,43.59446624165622,1004.456132003863,1977.4846035682913,2027.555137220672,2012.2580721896873
40.54847724715425,39.466432525196794,41.358873572525155,44.387419652389596,1002.2337675604756,1005.706471830156,981.7889365389731,1014.1065040306282
36.34755892321566,43.32290873209634,40.31635802111951,44.93016818312243,1009.7553838353215,999.3361817158202,963.6613571875947,1006.0154415956326
32.308966180030524,44.51222133943932,40.258895164798474,43.42383284368323,978.0050659998337,1975.000032065223,958.4511545097525,1014.6666494753565
35.641711479865556,42.133384231718665,41.96177752517264,42.617847982862244,958.1593277239276,1021.8881184228377,1004.4196785750169,1057.981467864879
38.719489483986536,43.015073084903,42.3567846963748,45.210353299856415,1012.0550084478377,996.5426566561218,1026.8206497034264,1018.5837445715224
37.05615084916354,40.31185691565591,44.11991184834526,44.64956150059504,1022.8827560834052,2007.044457871035,1007.7098817141054,993.7011155170782
36.33350668196611,39.88248697603,43.32579956383317,43.67350751383144,992.5691435089302,974.9837107469918,974.5515318591515,1003.863784512591
39.899190267609946,40.08243332932764,37.96495182095797,41.409666768450705,996.5188774025062,2019.934278777285,987.7027613652483,1018.9382369633815
38.840296179823234,38.106675025421026,37.57000519316145,41.84977413284193,1009.315471070885,975.9070678479779,2000.2299862695702,1011.3518007826224
39.55607925998126,39.807192190463134,39.59814248544134,43.72171408462604,987.6522133309279,1981.925948254259,981.206245363897,969.4539585110692
42.48542545610857,42.53123294633501,39.3823323605,43.285662866615134,971.4286354065678,992.4383265182834,1008.8011171130014,2014.5558353126537
37.43799196705364,44.13205737896683,40.81705624167565,44.103011665974236,981.0817314851074,1010.5260703312689,1020.0266249768113,994.5657066279668
34.79968575143022,42.91236116462012,41.50816822593757,48.020365462444595,1000.9095317520249,999.3325186089683,1011.6364599115595,1017.7638035881658
37.64806791350124,37.43839320197968,37.05949981957117,47.389924383298734,990.3118073600168,993.2876132731836,1015.6009546296518,973.1090902506647
35.97615949169899,37.164247033226275,36.75690974275604,41.96462990005449,974.4864907360321,1006.1823562914946,1029.6655144441297,934.0736637809805
37.47199381687163,41.88338163279687,41.662752779250255,83.73232325538585,1023.3453691465972,1010.1300803816046,1009.4194480498561,972.8060726215344
42.05570809536934,42.50782087547836,41.992275065876484,43.38987913646898,1017.280633478998,988.7943642258365,1973.4486220217905,996.2744337100032
41.01180500869761,44.10820670297998,40.63689243298779,43.458546466608176,979.4409053848683,1000.9407881086895,974.9018718944653,1014.1991584558828
42.28422070452136,42.98079961319324,46.18987514787467,42.76600474361554,2026.4510525639425,1043.0437667318506,1962.2036843679455,1015.2299577460733
41.03629965677257,43.65414802081295,46.711919173447185,43.11447311095857,994.5755144996614,1012.4990530038513,1016.0733546105482,998.3776778545484
40.65974051604644,44.484117117594835,40.73364687498761,42.16924692231538,989.6766995786784,980.7920722101817,971.56145224799,1007.7008411618011
42.8210562556402,40.836190628790916,38.8116669919967,41.02061929774633,979.3531771385162,1016.6152158075672,1965.4890898793342,957.9798592913592
82.13873240524185,42.975870491842315,89.1576923198368,41.98313673822686,992.1480705006438,1018.3270182590815,984.5319180941283,929.8328141465629
37.94770989907895,45.733020952353115,36.98501935664606,43.440130321536714,991.3611820078258,997.2925299122875,989.6091637575312,995.0150526869843
42.71461624884134,40.388082226092834,37.294218514335476,41.646982622338356,996.9185947482317,997.3853348409737,997.5018158727951,1016.9936606151932
37.086425012758156,39.707968894812055,41.24669956507215,39.64073205373915,997.3712212140842,998.0617911521625,1005.1123826527089,984.7964207596508
34.57100530719355,43.018502748674834,40.356166925503786,41.68381792148861,997.845585821358,997.687300521907,1013.685996734011,995.475571177494
40.1178506824897,40.49721140510097,41.670459281850626,41.5950958725394,1006.3655511460265,979.1471728449701,1033.3152706291053,1029.8377338274017
42.12878935996873,94.3193808323624,41.687282856380065,41.88215051586357,1014.0928088015318,993.605186184908,991.0715104780896,1012.4635800861088
39.34432947797653,41.93973120782766,41.71925687366163,44.76134449825638,991.4193041113011,1007.850157694462,2023.792011504063,1034.5650220366658
35.57908249296422,42.74072016643038,45.041200543777414,44.04229690527611,949.0940087872088,993.6275578505149,998.0602761492305,1023.7087809292095
35.61092813573259,96.7486151281319,87.77082128485729,38.51574740849884,2021.4654716899813,971.1521983410207,1031.4088628678949,988.5480553289128
37.13273462986679,45.30073058832154,38.92010402814432,38.365287057106826,999.5647262787008,988.300126999022,1001.2556422379696,1021.4669081569964
32.78517580016627,40.480480254152056,36.97838816558231,41.51482817248146,1010.1829810767392,1026.1707779319229,980.0476990658124,996.5808153449552
95.01947127193476,41.248788793973844,39.33581682493099,40.511251644090166,1023.3533316261708,1013.8363009166316,1006.2804280900625,991.6354300117027
38.88665643807525,43.48308187830389,40.64108783751978,41.16220878877494,1001.4998394206928,997.6891070402546,1025.258841557436,1014.7974272372296
40.02242618790149,43.31988796900245,40.83954117352147,41.72236082588027,1001.9987592856892,1002.0634493872874,1004.7055347082938,986.0502057831793
41.44218509469745,41.843837364006454,41.177281476339395,42.66278693543744,1030.397140376053,1023.943115242645,1021.8641271892408,973.0320580920024
38.290577190399475,43.1488566956526,43.41938410310998,44.974251219256914,2028.9038582201406,1015.6020376999763,1036.892404855856,970.6283649667171
39.37093505241337,41.977115789242845,43.66966892623631,45.078041662604406,1006.0885188466953,1021.6178707618519,1011.6338272085148,965.6748804243762
41.86043806249073,86.17430605751544,43.176028207113994,44.046158529465686,985.3966105032575,1024.0217335906088,1034.9779977638648,958.5933909232899
38.74758943645708,43.15317180598394,43.850753127385815,43.53233260110029,998.504129761696,1015.5054839003096,1029.1016892944592,1019.652560377212
36.35877685391657,40.73171752352793,45.054733121531854,43.12202406809023,1023.9098255875205,1002.2796488131924,1019.4418939057975,1034.238227557739
40.436669546743296,40.47684389207748,41.02418873015873,41.48560681168914,1011.2609134044516,976.254147883013,998.4445316934891,975.5693110987118
44.20207586498633,44.33051812259988,38.168156898940424,41.39293338339169,992.966196628497,991.1044562325044,994.9961634100699,985.6423886123193
42.5925879562156,41.78109608895535,44.639930397639844,42.262537884351204,970.7643053748828,1003.9511583008681,1026.6670944968298,992.5715042469471
44.7083561227231,39.745143916898705,45.538617554375705,43.95034676719887,966.1932995666593,1021.0494150701088,981.3319246755184,1007.484879836963
43.85203645782642,40.85088616219238,41.6240703479642,44.37430558695212,999.8276504414694,1000.608182933489,995.6204792834242,1000.316498916953
39.55908067273961,41.44158638235179,41.69335503754237,43.32043128989049,1026.2567920238084,973.4211808102303,2036.801683859233,1003.5063556415499
39.326339777813935,43.43829395938263,39.757332289481525,45.79084418104378,1005.2638446069382,2007.9921870516223,1985.7058532105311,998.0060779129074
39.134648965694964,40.29584196392893,40.7112678821239,46.03913392543508,999.5351974751388,996.5877744270749,1017.7999237418571,1974.1998562109388
38.39325333090792,40.93948820593358,42.12686157063371,42.635043441751606,990.8729147365152,1004.2905773415912,2008.8335852869477,969.0140429586334
41.740991295933426,44.6281870535002,42.70537050914676,42.56964761112275,966.7642615279372,1011.3289224706987,1023.5554643911673,1001.857052364284
39.44840728334785,41.12062352557946,44.17513399228247,43.58362945360571,959.0648232010708,1010.8135167897472,1031.4121270134474,1040.8406654707908
34.9106965987846,37.45891894291549,41.23759558521618,41.27775970114098,972.115676804613,1018.8064042812719,1002.2841994973045,1027.9391669325723
37.37853002383615,38.913803211001,38.30278155279308,41.1792984009853,989.7671501539658,1018.627747094192,991.8059852411509,1005.2746010002627
35.45572084808058,41.64554809383848,39.13098443439232,43.23493023966681,993.2592656072528,985.4252845207046,1029.341824697472,1000.0072407463075
33.49037895652845,40.636408428223874,43.132452682343065,42.80017372890899,965.7133464847286,987.5296973030067,1017.5944474794625,1019.7359880027282
41.22690850666544,40.867749636697695,42.67107810225499,39.47270064079665,993.1928423506848,1018.0381810751992,967.7773383694175,1025.5071733269788
42.78075383513149,40.88390271755771,86.23561050280254,39.883501995899906,1020.0585216537861,1023.4290275138039,1965.7229062998013,997.9217048447751
38.142925151634856,41.314470641835165,38.907482893774414,40.38548479165324,1000.2435062060754,1020.7049393214795,1011.4263554057904,2021.5915825733261
38.00694444936909,41.505232608470706,40.10391806718064,43.08301164461902,1021.7405848086064,1003.8171444473342,2037.032146626976,1079.0491705747402
40.23871011601457,40.33525593222879,40.98928299697684,45.77055161471524,1010.7629691181314,987.5969243153693,1023.1743376675097,1032.536479707499
42.028557373462824,42.73481638575167,42.18358238662261,43.953873286310156,955.3440454933941,979.496670571867,998.8293173552584,1017.5934092491464
42.70801371114514,45.69827193072212,44.882562690560775,43.455421694045526,987.6238317167483,981.8433192357828,972.84779051717,1033.4363233336824
42.93425921862364,42.20918552437649,44.34683826188602,43.41867573112356,1054.1888716350004,982.6959707933607,981.2844861733456,1026.6036963568235
42.49300746841562,44.42357852059053,44.25447443806371,43.44673097501634,1044.0731554724825,995.571497013364,982.2479619104201,1035.2948037556334
43.46987900512569,43.297951799940265,42.99795988215375,35.13394759067215,994.8478437385787,1007.1584802427924,2018.1678893462636,1027.1787235548313
41.33941624625033,38.514800768442626,32.66537609412269,35.53409816900623,1949.4215400455246,2012.218613387295,988.8321436281155,1071.0072294028378
40.97367359784151,40.83544118181628,33.174115018745425,41.999509391923894,998.6851443369171,983.9962495572938,1040.5418603007988,1073.540076477678
43.42484699045575,36.9080871112636,41.823067857087665,40.97905692514016,989.6500975982583,994.4638903421447,1045.9651136908305,1011.8122564957982
42.26113047639862,39.07300686538328,43.55645759677667,41.516853473887046,1007.0219121120799,1010.5494536094766,1011.9383015351468,993.0882316673426
46.827932374810686,44.252732611349614,42.85267179030838,39.66820148453801,1040.6176899868087,1013.7704282070099,1007.3265266202561,1009.3177573536857
45.757946888373965,41.74814046234185,38.6547407952653,41.77507329282624,1017.3598607351435,1007.6807557259615,1007.6197984559304,1016.1636862809676
35.60325738413435,42.64877421054467,38.441824214898546,44.10352290803757,973.231096091011,987.2290079594318,1051.3758183306968,1994.6141307875996
86.8300877900595,48.4364966576987,43.65581148315442,42.22271975326328,959.0470132667042,974.0227080121999,1066.7623999281072,1029.070390067446
45.66641518727292,46.649024576155526,44.98274695181854,43.03895102463002,984.3432830831263,992.0518012961568,1017.8379620629553,2019.3969649240842
40.03321316612957,38.811068791151904,42.62422592433836,48.338382079092725,979.1812326795816,1020.0783166738745,1985.549885416509,1023.7271343254072
40.89655913075408,35.925667396482694,41.67119546712618,46.65811709242101,941.4860783878063,2027.6024377630315,988.5734472591428,1036.0725470040084
98.90617879354339,38.52072991550394,42.135111027648534,37.92951816549066,956.1293737956446,1006.277201078437,988.8811120138246,1054.908861713986
41.62479520706316,41.77478673019875,43.80448647908901,36.83795995421792,972.6102669804984,1013.6663509319187,1014.4064302266074,1005.2314126971357
41.57465795013094,45.217950028009845,47.14029000863646,38.08795532804799,975.9485094056469,1964.8735559246732,1021.790294595452,971.1525495489328
36.557037271196535,45.52125358358511,43.19633573343971,38.56500496687594,977.6785058290089,1026.7470803422175,2033.7677198106182,1015.444658345363
38.31245944874651,45.82592314136579,37.81852165066374,40.519746651177655,991.5940061315778,1020.903104842035,1028.5373925273577,1026.6078093221504
38.78888625780036,50.05677587698319,39.72715004798077,37.37087746559884,2049.121399427989,1027.161201102795,987.6913135103771,975.3757156688745
38.212560092771945,46.360221881751556,41.17654487371067,36.84089103963947,1000.3749902634488,1036.6526265105595,1972.6537810752436,955.9589536127005
38.81065197020396,38.843935002809744,41.28924249895036,38.407418945164515,1035.2578169538974,997.3578557216949,986.5818122041992,993.7366807942082
41.034710559487635,37.84481160979537,41.939799973536104,38.87882841568947,997.5594903987178,971.1691672556655,1010.3998396571532,1992.9123959821204
39.30048971413315,40.304125738148066,41.346019672651416,81.76982379521893,978.3233539964526,970.3872330086899,1029.1626719750147,1005.8476296741082
36.192990372473844,39.07951903100435,38.9908153147783,41.771729645235894,1008.1059387031952,979.3408752058119,994.6122960722541,995.4782510514915
38.23508036075406,43.2108562702298,40.227543119553786,45.357047973410296,997.6761689557462,995.7119944428078,1002.8096346291297,973.6637227113249
39.87949457612331,44.604465611417645,41.43049098289865,46.99079802600666,992.2213935149725,997.8380009097132,1010.2913311294594,997.5385805988105
43.045659126790824,41.387443539064364,42.05543221875301,45.19340140251895,1007.0892992792578,978.4797124924158,977.1889492247844,965.4752086969497
41.7755396428964,41.916352908228255,42.43232385174264,41.219981094723444,990.9084287630133,993.3220386519961,991.3413359238498,940.8521404474395
40.82122996707055,42.71534647581642,44.99452661750051,41.83089037228021,971.3497649694709,1017.5586923253682,1019.7431292387453,965.1171783496923
41.13303888304459,44.20370748498972,41.81359210704979,45.87945385289381,974.9845136772459,1016.9546057923797,1038.5431625588164,1004.5323737999718
38.6907974082315,45.505872922267905,36.56436851155033,42.171156539872115,2004.343560550101,993.3091585925118,1014.9245661126346,1024.2346986516486
38.997772509209014,41.57088158517525,37.58821205292876,40.69424301284151,992.1350476629004,966.561790658965,983.5944863358034,1006.4670855593222
36.58977861186587,38.9824615209529,41.93891497454882,43.328289663882785,996.7643218625112,995.2712123689463,1000.2458371378127,983.7355086263633
37.757748818036205,43.653651188911866,43.251569509006565,42.43119532985368,1002.0590003363775,997.0732796045548,1017.1284307619321,1999.79082337212
38.127024934590494,42.45940323298524,39.7383243531663,43.78585209831358,984.6904773221786,983.5212831236745,985.1534515949826,972.5426027556296
35.411542686429854,42.24559662464527,41.34760520294495,44.27782455170568,2037.8205412520324,995.8038918805587,959.0523862009602,995.9672037067236
34.727864617255676,43.63105465102237,43.36372369982851,44.75068829953523,2014.338777732928,1990.887265675442,1002.8337913554203,1013.4615573140784
36.153795679214454,41.47499744338347,42.46405676119264,40.12210634922886,969.3136572942988,1949.4597782641317,1018.508110377084,997.5143606542736
39.63184787151198,95.05973168033218,43.519993613215384,35.580037170995894,1957.07348931038,1002.0657036802214,984.4996034329871,985.1804797363045
39.538071639813595,43.27875868812289,40.53854307799805,39.07839764191445,968.0517238532578,1003.1693947555799,1953.0092315869422,993.5949639462444
36.18737142661223,46.01418000804139,38.239774714615606,41.3333529772643,986.509501636135,2010.6387699097797,981.0622338418218,2001.373371265862
37.39112254728793,45.53687155791967,39.52229889947598,42.7774436779172,987.7896062446896,1002.9872194092693,978.0641113291689,1005.420176964257
41.49200254624692,42.896475508515444,40.217244257598956,43.652930948094365,983.4783851257121,993.6465456913104,985.274853641466,1029.603256653816
39.36299782907871,41.9485484962429,40.72962970247704,41.711698610009655,993.1848358466103,1981.1860511940795,1013.2462955088901,1028.0649502295482
39.53936957440641,39.40436888700178,41.353367147510596,40.91095915037276,1004.2254029883422,979.1718003194094,991.3060497157255,981.004474275617
43.049617273076905,39.00177156217639,45.195364411674916,43.08616244551287,1018.4443022748985,2005.2694411210127,944.7497447508872,971.0652898271178
37.35101418589849,45.89819141172946,46.84834146604649,40.84123604210352,989.8963315691065,1012.9085652127243,946.8292374522625,2005.8159415530026
34.97283105819552,48.163650856694886,43.19398739038965,38.12199829889246,949.3277849940996,1018.4724730469221,969.9846422466411,1003.5233622929032
39.7951576516437,43.01710141599967,38.19750101062644,38.96694780603369,959.6648666665935,1977.9120553350674,1016.6516822286935,992.4442151177291
41.60140919037338,39.617855125394755,39.39859345594538,40.137586850876446,974.3215868186994,999.5019581263653,1031.0956021948364,1008.443879915366
40.82580783417095,39.42333524089999,42.9554880401771,41.82619013527111,1005.6592857990984,1996.7464547508741,997.5364074307683,1030.887917045383
37.50291264065429,44.36085660017795,43.474120121406784,43.64384380346969,1940.9719481969557,1969.9142065787423,974.0289396805451,1019.0992097168464
38.25214268297334,44.84028278966473,40.21036464780087,44.22612295119956,992.2956935044344,972.4143989983381,994.6301241515068,1003.9177563292952
42.39581100570389,38.96456565503013,38.76400859126179,43.62340467063192,992.2855052302698,985.8707858722296,1969.6661072220031,1014.0795896870536
43.78572930133785,40.270360043734435,42.248966812061674,41.46969318645406,965.8922853207469,1021.6900482818962,990.3466415963908,983.0045708635618
40.99887149530695,43.818933954138586,43.03090687285698,40.18627684045703,991.2935365308044,1025.351587457868,986.0005687538612,955.3987487756499
37.61643937807264,44.907232424427335,42.10980140787433,41.72490703329663,1013.8145270381347,1010.143486691604,997.5846894844806,1000.4218496939411
35.58572763786668,45.01624748567728,45.19995525344939,42.757885937748014,1975.2102431695073,1022.1509535122941,1014.7941271018241,1014.6505906162025
32.49834789070277,41.832191782034954,44.14169727846672,42.97309959343519,989.3149853030202,2014.1096986213533,1023.0072880555733,2063.753597591879
34.88565437655034,38.67331717088042,39.86794658321031,42.29750747592914,990.6484916201089,1016.2396008755752,1995.001983137091,1995.3052648359592
38.9162174828184,40.22003413908888,38.809928339062125,42.54824516531994,980.1204413026985,1022.0279785197661,2006.6503107192052,997.6085193762715
41.65955202521727,45.47490888671143,40.30643988523636,43.330319285203544,955.4151737991665,981.9070335285724,1002.2334694075055,1005.3870828479623
40.57145087375225,43.982414720016834,40.71161057777843,43.90459564368268,967.7940838440193,2006.2474063448578,1006.4171019421209,986.0643046231512
85.1782330351474,42.27094667265558,87.33793622644973,43.63561302696954,975.6880639126088,983.7908820535104,1020.1679729670557,1001.988597141214
39.99070942433927,47.01035321298301,39.47861188851285,43.17192141956034,972.9650770082096,1010.8231793129524,1020.4318680925014,999.6266840711228
38.08107498222167,46.30230646433168,38.685508992245076,42.06141727230545,980.5326420743662,989.8373909333219,1014.2528035126753,988.6702996587047
35.707391963734764,43.596163030662495,41.856576320777876,39.44950068470497,2030.571422909604,989.4791682028273,996.5172770616259,998.7948480158552
39.17293594249429,45.72276642575835,42.08926069714927,42.82054272596051,1016.6419846031039,1012.4755590171872,966.7666166496443,1983.070032501172
40.178574654682784,46.66612556580699,91.99635885234592,44.47153462035255,1020.3616439598138,1019.4144267600298,977.2065670374163,1043.907790589939
37.260474449187484,43.93253337822206,40.73412230849106,41.83692039056124,1008.6179916005951,1008.1835096811395,988.1337447500237,1039.3850696141567
36.33060714899942,41.9422032152972,44.525750750953705,41.974682006474424,1007.1464691462463,1004.0145579148476,1018.2642069043368,1921.363616857667
42.432774334790125,40.7999581877536,45.56247807311648,90.20217225866027,1037.6954652638171,1009.9506020986701,2013.193889220309,959.4009816694638
45.18684411335676,39.93013708222191,43.572570429857294,43.66751938691387,1019.0059056180396,999.8080493298949,987.2895638746304,1000.1247101303795
39.830019203112876,43.31012341579006,43.49995187787263,40.87564641476473,964.6194579667912,996.6006424351159,1017.244169738901,994.6210798423332
39.02033018398983,46.116072331485185,43.77360427584276,38.40418799771365,1001.7324837291344,992.9573192158418,1008.8983619918322,1001.9418024295552
37.29713082378376,43.960179349887234,43.117716793820875,39.93825022111043,1010.8936443206281,992.8490227949499,1015.6423057747836,1036.172243373554
39.25815735048038,40.682026816329355,41.87023937403582,39.974404668874115,952.6968258254517,1006.0760769125977,1020.6752314519439,1002.82074799207
46.21245553539394,37.025692237048105,42.11879906651414,42.394478826951556,971.5810358902822,2022.3280903064647,1007.4601372897165,2065.9661936364755
43.43335075022844,39.10839427819141,80.14406519387762,42.499973852075335,1005.1666100924381,1003.47659726359,1003.6247294094077,993.3174739011959
37.76546342086622,44.998824255471945,42.701024895030265,42.92498117693913,2018.7352751257565,1011.6460715601324,996.5164317206883,1024.6766202355427
37.939873683168685,41.19344258818658,42.88690541527906,45.96397028795475,1018.1939659025591,1033.8254322219923,992.6787304457422,1014.4207602323669
37.7792971963287,38.24734906840128,40.67033616912994,44.069213418441166,1003.1310727763913,1024.6618499727058,1034.1624505604716,1991.9450639167344
41.07798170632185,39.732793295986745,39.17720433211504,41.25352260615995,983.4450863799063,997.0966829465224,1031.1129508396373,2027.95510137358
41.55735466693568,41.37178369493648,85.36423744718797,94.93150369472559,1001.4841877161028,2017.3302285428201,1035.358075661839,988.1618097835242
38.16812859444838,48.690650346164695,41.95343998744724,41.19826573789179,998.818382336628,984.9541442678831,1028.0302110111343,1012.654328253634
38.15593233751092,49.827947040721554,43.586384041447346,38.961866986770104,976.060738090231,969.3538109951326,986.7574457991877,980.9639514496125
37.01952367630898,43.0641845212991,41.475073937424234,36.10804960186715,1003.1454016429088,987.0720498428946,975.7107582674964,997.7745468660934
36.73777777732645,41.618197267966416,42.4303372874938,38.03453360994335,1011.7451462102729,986.4505098887009,974.63254251852,1036.366387398551
37.40383867617942,41.8450329398654,42.794215981017494,42.30224955553045,976.7789155648106,1002.654427159638,1984.7676132041015,1043.5423071807354
41.19219781220113,41.99300637700327,44.97521919253553,43.68063035091947,978.6377350499758,990.2962966974395,1025.8126587204254,1017.2059123639193
47.14957004069498,45.91759328574801,47.67975905628085,42.595497573526444,977.8176852955413,974.904602352115,1026.978547528909,989.972317250352
43.64826112714756,42.85483886432961,43.77040732922299,40.30814805192348,994.9671008770047,2042.45877881391,1994.3541759735654,996.2682951321603
38.395489924708244,37.02537448628747,41.623554175633686,41.75332024365075,993.6934394392895,986.2273584357996,1084.1164986742074,1023.0999177904038
38.88784847314764,91.94797672069375,41.47192834478528,44.15971492994585,986.2891982406504,1006.6409627026355,1037.9741149385611,1014.5614047337732
36.34578376096846,44.076288553382,42.49658197347174,41.84097706488643,2010.8048704884513,1005.9200011035216,998.512153837988,999.1221103045718
37.252160812676266,41.56163870991783,43.180665747577386,40.398522370711966,983.7911954832323,2007.2584094356312,989.5667137276316,1986.619496089634
40.87972003851908,40.164853545095724,40.53378190588673,42.769169085676666,986.6615879498058,1007.964122726509,1013.4554392812856,980.3387252161936
41.115697664175286,36.93972197132795,41.23336750140839,43.91117457099457,1002.1075459393088,994.3577626910819,1016.2187848595778,971.2906611038643
39.392362473225226,38.474499532541664,44.52797544522529,40.57183766170519,1028.2329920363093,997.7500706323049,1012.5515649146932,980.7328874937881
36.047413784086416,42.831312013810994,45.32776501415161,40.61542650758376,1997.8305711825456,990.2991408019459,1006.6961249211581,983.6767600003939
35.42743545985762,40.79538555605707,44.51673571875321,43.48953426178312,988.7630180120324,983.8869377970877,1000.1158523637382,990.8936309843857
37.265818742711886,43.04614423014623,42.363617222126194,43.896774482644275,990.26978905272,1010.0444768232105,1004.371251832285,1015.8830271406619
41.73290970544208,46.45432180317344,38.50110370690567,40.05642098879517,984.6011043815475,999.1924639122842,992.4609510790085,997.6016762081923
40.84297420611371,44.84872231838331,42.768480954320545,40.66984069436537,989.8463556322081,965.5805402812816,2041.8104952153624,1001.9861369229355
35.53777869716741,44.14503180695776,47.825763553296866,41.68775883599077,967.7424669667416,1995.3625301256106,1028.1200736590597,1002.1326820614642
37.882197804368396,42.85129832361616,46.22925381755455,37.00201078394613,955.3116528127919,996.1575342579534,1927.4679037835401,986.4079268501326
40.22324108099264,39.80273327274017,44.92332452226435,36.92241821400562,1001.6416820631213,991.0013418580713,1014.7288258673346,1032.7310494361554
38.94716681844144,38.96256858033745,44.978814882739655,42.06185862289961,1017.3714763583575,988.3790502404026,1992.748781912455,1049.1480674177028
35.43895793577576,40.68567801297851,45.110723940899845,46.257457295001004,1010.4426788759688,1004.6095210695355,992.0584958557727,1935.5662237114689
37.378146834486564,40.08550328856191,44.10905627196655,43.327311486144396,1035.7985083646058,1010.4920911444477,1966.7761592596507,953.849144383481
45.09579189593967,40.96673663529619,41.10924750200877,41.86423408686798,1026.3709083324134,991.330730953772,996.2936862041922,992.3800347998913
40.57754897032117,40.562336856373065,39.31612949764367,93.67227805395359,1001.8488060458981,987.5206460393608,994.4003480961676,1024.1315164466796
37.41628024159181,40.61321538390962,41.82156067788108,41.2844153199956,1009.3342425548228,1005.3473838793503,2015.670887804885,998.1451648618018
40.753680204076254,41.38452480951355,39.02928338970575,42.85106366904377,1016.3706029609226,991.3738874988085,987.9749872593502,2000.174736389795
39.35420098225657,41.80533304459671,34.511684862043175,42.37788749167423,985.7904637761668,1987.4810892079788,979.1529472005708,984.0910952545562
41.44995868221767,41.62411137996902,37.1557900284687,42.05594944368231,971.8047432562141,979.1683756516225,998.7613816068599,985.1588370015111
38.151387225789975,39.30512927955037,40.30203409403147,42.86312840691602,1011.9002517986685,980.9744710910854,997.4623977792517,1016.1817362564435
35.8553054775384,39.62382249425882,42.34233286756333,39.993686378665814,1033.1185754457215,2029.1926910277123,1000.2258861787059,1016.3882541576107
40.38927204476326,36.961704330981846,47.27511764145092,40.41498509706952,996.0104113771451,1003.5950051327377,1017.127896058454,984.1392338707121
42.31411244726463,35.508408798256504,46.560937642122,86.51376936424019,985.3159461334245,1044.4468763495408,990.153871262396,1005.8340624366076
43.66478707428152,40.11151786771996,42.922588502720664,44.70887208212778,2011.6075541142106,1043.5703925182938,1006.8001707304738,1030.8736650309067
41.28426052831862,46.98855236279412,45.64569514186117,44.74602337279167,1952.7120407200728,1007.3966727728357,1021.0574467922469,2014.5048896832739
38.77953212038537,45.51739907282017,43.559641889269066,43.65401989892415,1967.2270744420503,980.0646230730592,1026.0897339742532,1009.6859054267472
39.26734045450034,39.189426366929375,40.700691475621966,44.304172038267595,1022.323708379583,995.1634413006194,1006.0502326895946,1998.7904197199039
36.75752593942636,41.87155608737429,42.10296289575631,44.47511133053242,1019.0656821671114,1006.808214969915,990.4398455330695,2018.192132787285
36.62677661080514,44.55623614018555,43.0444614804369,45.81033282820049,995.1884419024478,987.2827338608013,995.5631431613963,1035.766064290893
41.47679164313069,43.23149562831151,42.864727006926444,47.36356747507031,994.6987070537411,2018.8580023710406,981.1677960730347,995.3025872907542
44.93983684813387,40.6779479238166,39.12120875614443,42.342895444506325,1022.4731512001811,1022.925864011557,1016.531255629063,2011.2374119137232
41.37928220855786,45.35735895731202,40.588301782319704,40.28463842760501,1005.5248048645418,1012.5263129299016,1041.565908589724,970.8459963838368
36.693394243368836,46.196943434751624,46.32355726794977,42.35919039858907,965.4018416936192,989.4048209986573,2031.1098708944814,2018.8187190854705
39.57276575179892,42.36171505066466,43.00191342629242,41.78545252003059,986.6743781089735,994.7765676934837,995.3659524554596,1013.8637541994715
41.58011856856221,46.546574439103324,40.94264998361758,41.33445183377094,1989.572816539571,1016.5982362958528,2007.1630874991224,2028.7685737055447
38.64002730819817,46.17889491754944,45.29541233831259,42.67945423373314,982.2668122915254,1022.0985849503691,995.6133399794041,1985.8179363630875
36.15017505483543,39.779908753898056,45.45803355224216,43.34697049037899,1009.0493990277357,1006.0319319813154,999.7551116454531,2009.4504999476321
35.43351909801848,39.75911785874841,42.58579044262356,40.974270788268356,1023.9789574125878,999.1654583348482,1027.7873981653834,1042.6479546492715
38.04164505151307,43.22765144374179,41.6362223480061,42.097573103030015,2025.4229852810042,994.3464457098249,1062.2714898140287,1053.387600040908
38.9339389903282,44.75926365555713,40.989976913152276,42.24722394068047,1021.8070380411004,993.967953773867,1030.1973243367363,1023.3749625030022
37.058416630197186,45.1867739495508,38.320095149495174,40.94716581162627,1003.2626639062526,1002.5235555514574,1001.8477582495411,990.5508319654027
38.70567844077773,41.832074762337996,37.4163235514966,38.36857180905425,977.817449653114,1000.2823261031162,1027.7157419994087,992.6636122737959
38.25033049481955,49.27729869544907,40.18418955026724,38.80941271557319,980.8838628231158,1992.8565395794158,1026.5169125982445,993.1653041844813
36.23197340290682,83.15561169351822,41.50505225671164,37.702969453065805,1010.5231045463274,1009.9938777533916,1004.0111577717494,994.5960939285835
42.9675334622414,47.96184807809826,41.099860254624964,36.63214973219414,996.6337710717066,1003.3373354545085,972.6402931149383,1034.8861548836621
42.5085482341314,45.02262520723569,42.48938156601203,42.19120120998811,976.6248305551053,985.4481238253061,971.645287091894,1056.3399219658977
31.666822266877475,39.77052675414141,42.02776742305501,43.425851492995264,978.7453842838277,1011.1891531716076,1013.076634167543,1998.7556987723199
33.64315192764208,41.8384258369712,40.41267120366935,42.64427000186164,2012.666864574862,1024.4747107405108,990.9963691568228,1994.4612411811634
39.19796554848122,44.55993335441413,40.38735411209639,42.31701472672667,1015.1550297116655,975.2774823659445,969.9741662686513,1002.0561300272973
38.58131738365195,93.95593627926569,39.02419656051415,42.06230639911972,1000.9209075931642,983.483226251153,975.0249714335522,995.6976462157483
38.00298665716625,39.59913668745452,37.52038459496478,40.7032709135959,956.214202014273,1015.1849792441457,988.5895668544504,1006.3462643484644
39.13937068890441,39.86233030004965,39.229049520634135,41.20215293831521,988.7520089420941,1014.8821537250974,1009.558168579512,999.0667748957881
39.80846668109845,89.05617795796803,40.92506722913477,42.763760769327604,991.7588217474993,1003.3043995003987,1011.7679834340194,986.9509280990014
37.01129545823367,41.0568175541936,42.34164689823169,39.94910804918737,992.6856737515267,995.3623941295821,994.4480809077901,1013.5302082937962
35.435924957366055,88.5180656855831,44.48819623143498,40.27284070752454,991.8614423920035,982.5170969271051,1000.5102158389791,1993.836630843189
35.57823696954748,42.77503142218265,46.4082251497332,43.24065646720737,982.8617016100436,967.7316755502289,1025.5832322510125,1009.676890663344
36.265998919026714,42.88296854421742,45.00345022572289,41.48998842947778,1012.4607015751656,981.8662032814865,1010.5455665224868,1989.8451639173986
40.54510932940626,38.45382154780826,38.713771682900756,40.44850977386888,1015.6116115558373,987.8154270475534,1010.0872932079019,1003.3550032822122
42.74200930579049,42.97888070054245,38.48711590496161,41.075851941672454,996.4213579214148,984.3276328112988,1049.464779664092,1004.7442650910261
42.42576245821028,46.70265845190039,42.168751252876774,39.28323921936506,993.9325585935321,991.1066090965162,1047.16039797314,1961.4521597198018
44.76271233668612,42.29134217271912,41.814620519447786,37.59308214699965,991.8557971307587,986.3923687830863,1036.6978020732156,1006.818638466244
40.13057696599198,42.84016275094408,36.28858447550128,40.48654025468379,994.3697583888134,982.6601590052742,1027.8327260763067,1011.8878423520434
35.72377907907183,90.93067669019452,37.28805986862376,39.94811761341577,986.0007688280575,1001.4559998987702,1005.721765195243,1010.6090950479705
39.220257207395704,46.899092167854675,43.72594915219982,38.89017471106497,968.4573543329964,1005.2933000040335,1039.9653708035935,994.8597226952999
37.25629973450231,46.544168959994664,41.49794712493264,41.53749532739617,2015.772660260833,999.486364670505,1015.6900377795945,988.0920888160001
36.28539335305234,44.716854751442725,38.778035260077075,41.01586955421416,999.4169292315487,995.8206596509888,2023.2163945273594,2020.1572285267862
39.78468175590824,42.133426613646314,38.296702324633685,41.19838384745451,987.8772833125377,968.9131451373494,1961.6605583678631,1009.0814746549391
49.52773765501935,93.32822310066258,39.978670170683095,42.393154751170975,1015.4977668311242,981.9932046805059,1006.710596818064,1999.4154760200067
82.7857482553533,40.45691849685798,40.63076867483617,44.38835457838899,1008.4489640455625,998.4128968175635,1019.5150554681738,1968.688373166266
38.53559461431921,40.0087548581202,38.76437348386167,46.44169259536085,972.5060194689959,997.6571928631499,1050.4953513842024,1021.025026024183
36.06864224970607,44.50592651953775,41.51917015904267,43.62374483786659,971.2220578973368,989.0131914881138,1032.1794897280756,996.5694523200771
37.8068463648753,43.012966400307405,43.79180154786981,39.32287103096269,985.507914300355,998.885465837651,1963.4289189717645,1003.6877588306054
40.47372586755703,39.303982777979215,42.10314372055862,39.206157168324964,1014.4248341346238,994.4828842624026,1014.1296985642318,1033.9513332758079
42.07302543672097,40.04807630244624,44.638320086528694,43.45081786339396,1030.1550795634166,984.044438480905,997.5539350150934,1943.163100697223
41.37166466581229,40.098570783469015,44.62130805449019,45.31832732145655,1003.7942618159916,1011.1657793082522,965.3592976971661,1973.937481951951
38.84117794385769,41.16695990920336,40.55509755131253,42.84814202528614,982.0336869975533,1011.0387327165049,960.6549216826822,989.2969610751693
96.32043547415098,47.03670959457348,39.36169929973908,42.87911540591703,1971.5327203451725,1009.6716771958073,989.779777245052,991.4336359528716
40.93231952722975,94.00951256958326,42.70396801210988,43.462477592534285,999.029459954827,997.4709578405175,2019.297521497153,990.1017611328635
41.01197298219142,40.970169566083584,44.15501867800554,40.021726621192315,1014.124039030618,990.3338259801892,1030.6403766553058,2041.7858605017684
40.92767362598248,41.432211309957324,94.28913647539511,40.48907309556219,1012.9903130346022,999.3795405571707,1045.6151809105397,1003.0066688495217
36.466491985204684,42.31837259422488,41.38755296108127,45.177905182094335,1006.7872562734199,999.5989961289093,1031.4677547487222,975.9152011231074
35.76162645729934,39.52259224310674,39.448132236027604,45.38522441696405,985.2130399995901,997.4000795177384,987.8529200843742,952.6249153296355
38.56599462180762,41.220000587735434,92.15400764853341,42.70335728490201,969.9498897451354,981.7891923058032,963.8620107291956,964.4702423480658
39.92708297227873,44.06603040659145,40.77550309067465,41.66634256520294,1005.9895992082875,981.3735317909442,983.8456879535591,995.7560388983914
40.11489314701606,43.929103371245574,38.29170176674109,41.58898683084561,2000.2479267435986,1018.2380841252489,1014.2542425826064,1018.5166457894948
40.068688881654026,44.064076988901014,35.42699095841107,42.750340508788796,982.3949490218588,1035.3206374757763,1025.4006138893042,1012.3499729148156
39.48323116919953,37.02802428204436,37.89172751105279,43.788544749683126,986.4971534439063,1033.4397043249378,1017.4217067810325,1003.5174385478208
38.99339707217946,88.55806381079424,38.42189853769969,42.11073633500092,1014.7005761808509,992.2995181636579,973.6836784167039,999.4911470681755
39.91136049231559,39.8089170784493,39.33122567955018,39.15273406062764,2007.2837585023528,967.4160414373317,999.7446308728544,1026.64326847928
39.17965952233647,44.011222675071764,41.7481171622932,38.60085346869876,973.1205732531294,989.951563385248,1004.8268933519482,1057.6498213248092
38.702742782459026,43.427883088771466,41.42171842296864,42.71537816183526,967.770839639334,987.4605620970124,1032.5338478031008,1035.659820681795
40.567774169412914,43.22218059027283,44.066683818391965,45.96752145975183,964.323549714278,1013.3134920242526,1049.232440174803,991.8518329245868
37.86080563009133,46.47717974119625,43.09585698496339,44.65213810917189,976.055067301385,1018.047652126388,992.0971576615646,1991.244553765068
38.00438531380854,47.03849804050843,40.6874983180908,46.525422892259,961.5357213198417,999.1266849670224,994.2220820223962,1020.2651947201055
39.19506805030644,44.58493665854079,40.166578855693785,45.621297602229404,979.6903544235886,991.6268185177396,979.5396138294535,995.1392829998919
35.950118050299835,42.21768694206821,39.91320846119512,42.1578970857686,1015.4432062004568,992.669382698488,971.7946201339171,992.3294337393362
39.60371635587171,41.90310232320791,39.81666997001935,41.69859430631185,990.1811206450358,1001.3068224461757,999.0833855147437,1044.7139989367279
42.51428719999504,42.516819404699824,41.032794466832854,40.31782434722082,1969.906445978038,995.9479535474513,983.7682500400331,1022.9280094004748
41.1210055750735,42.061858815729934,46.00185677354794,41.621864813039345,1016.3675430761589,989.5448229405627,1996.9803879643557,992.9784265005394
39.61613901990331,40.50520245852713,42.50479965723543,43.35959404000306,1015.0256308307365,972.8158854378648,1066.0575419649108,1004.3570555825132
37.644782014737345,39.48791990899275,40.509408780338006,42.181080228961115,984.6428521592136,988.9379093545947,1923.0655187349716,996.6659216353211
39.99529669970731,38.00419533964518,42.77097034435033,42.36705929031102,990.8545891904427,1015.228207262463,1004.5934875197644,1025.991501568416
93.24961194581613,39.58274889485369,41.61343173068592,43.06137258085502,1023.3265704171943,1031.75782967851,1003.3203923384873,1026.0034379241333
38.84091304517263,42.19266225233167,41.565657036527924,43.698520080759025,993.7410030513051,1024.0978386577651,989.7898404150832,977.9799927386549
39.371155356581326,43.96243499278796,39.91629289248392,45.51506997836847,1013.2629788921956,997.7845620089303,998.6762492693863,988.6969099643101
37.97779698677098,43.1839297966319,40.20552126681886,44.55139078520115,1031.6110104928653,1003.9086709751871,988.202499756128,1024.072706473123
36.761067189887754,43.24457009733508,38.391137783956985,45.4091309897544,1984.0355662086615,993.2598498135078,1023.5374248135846,1023.216219300412
35.78194845763749,42.12607092380961,39.80817127963303,44.696159798576154,969.2986743831023,963.2476536861238,1025.6540889210878,1999.2550360791208
36.65880942739898,42.26251594482254,45.15950123077265,43.63790564267612,1003.4298297999289,990.5058315224695,1997.2069331326747,1011.627179042828
39.781495455922766,83.74146487428845,43.172879047366564,44.43402910194561,1002.1107814906625,1010.8134647596985,1025.6435400945368,1984.92829037117
41.613496713137664,37.121777965871146,41.028782484208115,40.405895123835265,999.6721328708712,1002.6848159744517,2009.815591198181,1018.3891896351315
40.29014114427754,43.30351613598379,43.02104745957767,39.62377788658832,1014.4905685425144,1999.34734172505,992.0041651928725,1000.5058919071273
39.83170935927333,46.02457478857485,41.09085977508853,44.90109803463562,2007.3134658358706,981.1793773934507,1004.3746591058323,979.1263780487211
39.6747803155631,44.20507031617723,38.20375496765298,43.10774508204524,1996.8920495247241,998.0883752843724,984.128609875759,958.6937739945347
37.08174740227879,45.03178108560708,36.23480614467181,40.30848989083031,1007.2513049124711,1000.1228733997134,990.1512987410935,961.0981386701665
37.97219646712594,43.01693449777592,36.060775218035644,45.01403282057707,2035.5783703845852,1013.0375308091575,999.8876076867489,1014.8757973630547
40.513935309513876,44.05930650371349,39.383099528740814,45.18935873030571,970.5431844239106,2031.6276693010086,997.0589556623913,1030.1511395875189
41.742389167269494,48.154396448256286,43.04190091004143,43.1115720502394,1926.5926107237985,971.1576323521804,990.7949909390196,1034.139484759372
37.56615804853881,41.31771597539566,45.71582499555864,46.24384593017645,1046.9110659887672,989.0495093355809,979.0475366062994,1021.5958521796535
34.547646712790524,40.33213896914931,43.36894594463878,46.777045627599804,1028.2623107547734,1016.6961716668591,993.0365200549058,2000.25031354581
35.240572144311116,42.25657589743121,39.44260009653101,42.337636641569034,999.8943544758137,993.2355519182768,1001.962531114917,1000.0554109001173
34.83728453633221,40.48685499876821,40.04177858535001,39.143100541256814,1017.6990893651806,1003.7602876327333,999.4952116356591,1003.5999952072029
37.773533171983615,41.98583479542741,41.847135254664295,40.9578109861288,991.7439222100762,1013.3685073731732,993.7388485590818,1009.3028685264023
38.87387631900589,42.68853681023266,40.45414082489847,46.5346211485798,1001.0243384603534,1002.8952809826158,2004.6491402295226,1020.6342321514926
34.081785616320616,45.095988744149125,39.92656855345817,44.77856139518124,1025.0721972074964,1000.0794327828212,2028.1743374663456,1995.0840915617275
34.349964458034954,44.40673926727068,40.14734744885708,38.07017352707744,996.9229235171498,985.5460230628539,1033.225911712581,1990.1810615065442
38.321593563928076,41.90557893556233,38.881121346123635,40.048620939790915,982.907789133192,978.4895006935532,984.5029034120298,989.5636434345274
38.28786175336295,99.15462114793088,34.27386072939339,42.2143228205913,1011.6180988999796,1006.3500310211106,972.361066805891,1041.663341097613
39.965795463793626,42.75205477097791,37.00628127562739,43.67708295875387,1040.6627095651163,1009.5432654523578,1005.3124879109168,1045.88554883172
39.30925898075303,45.768908940219674,44.43844219814679,46.5432051341384,1010.6269951022423,999.981865758851,2017.9341914068889,984.2982509908431
37.33813150960031,45.45295452903224,45.013617244330554,44.34215277703944,996.5927597491551,2022.4408361763578,972.4422440726387,994.2112360616363
41.592914165453905,45.42797508834129,40.879408245632234,42.08680355014708,985.1996944674275,983.3780007502473,1021.1473727607314,1983.1341174748627
39.27372214325709,47.329762919646754,43.56405057990179,40.5750087211447,978.204479171151,982.4315823552955,1026.8610525952383,996.1604971346046
38.65970909520095,43.69145751487876,46.230617524367744,42.25658885147543,972.7252671812232,978.1436244935626,999.3398526202009,1000.6305339552277
45.38375464445423,40.75508805939886,43.66818724662268,45.55857916846726,939.3841708542836,967.2431141472334,989.1173987319896,1010.8193448437424
43.79773513030449,40.98683932046022,43.65606897359341,41.375657124327226,998.3329853410091,971.9514213566922,950.3712041154348,1015.5411248241965
40.7165022547658,41.35731273676186,43.8009813793986,36.956620374790475,1030.6509049877834,980.4562039510377,978.5772410319846,1017.6555341083593
39.32240223469156,42.44421745375979,40.255437776195166,37.80653528352209,985.5241582150056,974.330084711642,1028.161064296126,1026.750966988474
35.938462344731064,42.08283199125261,36.02029893418272,42.499742632310436,993.2179716271078,989.355353407751,1008.8273230931146,997.0770283208676
38.16459313383987,44.72911659746141,39.5439746151161,44.016862667186686,1978.8327067991004,990.0928823727179,1036.5485712112622,977.3017582080577
43.96521963532331,46.55253680829867,43.65765492878522,39.647809103901594,988.3217164255339,994.2159259650887,1047.7074935876062,1003.5306233271752
41.64134020044113,39.90505790956851,42.650783170168,38.04596304745186,1976.4721537700639,996.0940726759732,1017.0201110433086,1991.066819105088
38.866803633773884,40.782277614741005,41.53533556267726,43.18315953363233,1012.839101002299,973.5410462626089,979.8143017194648,1978.4455382613676
38.73848367968753,41.26046795322834,41.71991833525938,44.79799967756421,1029.8627457481293,991.0350480434306,973.1978822383094,1004.065743703851
39.9777489306431,40.12067978891946,91.90557096907882,40.852921863222505,989.3322283924383,1953.7221182695869,1006.8784054800236,1003.109138211122
39.05414164160038,43.278218508432886,37.04980091358412,40.2212599324377,951.4564320195456,1001.4086634402549,2003.2821205021967,973.1463516839218
39.191344393553194,40.570960789962406,39.10682503332366,41.825902974459666,1000.7296882017656,1022.5175573320439,993.8559772527908,977.1558086902885
40.82532859289947,41.287368678290235,37.042795522639445,40.211427780525256,1018.6207722191667,1045.7283628898076,978.0254147344126,1007.5438536851966
39.367523939599565,40.53048128769425,36.794104614164624,34.7721792752933,996.646679436897,1042.7065790517145,1022.8293739682963,1010.3489988212555
35.97117619932638,39.283528363959604,43.04911949005313,37.11161490836881,976.996931593319,1033.7892832355342,1044.5153915502715,992.6709170284162
37.695156057130916,39.888609868721446,47.06063853506926,41.707184778325285,988.7191059928591,999.7812065091016,1026.8583307088688,997.6680341539558
39.994623952697204,42.09068409664532,46.83908001534044,43.33120029369971,1027.0137077440188,983.3893685363093,998.5060441614162,1013.6187965205256
36.25756465370846,41.74660495277428,41.72160813258964,40.44636162821662,1023.1875211713048,1022.6384873959241,1991.2790861051567,1015.7270271144738
37.27929158966746,37.77510545403554,40.10858855652327,39.37855378605498,999.2002974766552,1012.6102826735744,1025.506073699038,1006.995237825126
42.68569122945136,38.819739698471835,40.732816076694334,41.83284985204803,1002.2193327950372,992.6561796510964,1015.0438652660109,978.2293711911418
42.070393428117285,41.9127696811079,41.53271932502997,41.63693181929903,980.2452954173275,1016.9802620235494,1011.7810701713706,994.4330689657596
39.50354179418174,41.60373131663306,41.116636369812284,40.860328109982106,955.785501862476,991.5220532013607,1037.111651329713,1015.4671881609437
39.55985420033971,40.12513476802059,36.72002046293058,44.587625516454295,970.7358430050093,1993.796926846946,1987.2858018866343,1013.8292302484513
37.30505267052145,39.61743487970814,37.629675085486014,45.49795028153701,975.5861913587145,968.0649515433066,992.2624936089103,1028.477204318261
35.902849529964826,41.14740325149686,43.984622994270026,40.77418511691598,964.2409286330603,1009.2931493007264,989.4290351147308,2004.6271369747562
37.58538275508263,43.16879557247155,44.111665104466674,44.35048535866271,967.3069104909121,1027.1016358047234,994.0427587098424,1959.8211986237318
37.05512887305136,44.07983111458441,44.48624914940855,44.57819240409052,972.1605948345822,1000.8212981203194,1001.7070862272241,1025.1128567419378
35.30287538040213,43.95920820790393,44.22413338300706,39.44729489434833,1940.8702821650147,996.7275653286147,1009.9540281567506,984.0311119198782
43.67320388619838,45.774543883975305,41.50302601715117,37.84069509050962,991.843315130197,1958.9052647711828,2017.4610585759378,995.5999341608094
40.83080536368264,47.57508804967677,40.48554898095419,40.024424141691,1004.9637268747317,2064.7666203792655,1028.340929353998,992.383165351154
34.423500995306135,45.60734615526367,42.999327287066876,41.849880520935415,1034.15782125642,1021.9501599774796,2044.4678775423063,1007.2749778219167
39.49533724457894,43.17670389153518,45.035046741912204,39.8654091306329,1016.085356986212,1009.1081558937263,996.6734316977827,989.9676041517587
38.642712122620566,41.731618805498734,40.11426508427043,39.8850995042969,990.3033375075604,967.7913224301296,984.1269230362486,973.4605481501096
37.11816945242997,41.17672997972201,39.855257402846995,42.64609053010673,1004.9499926592116,994.7688817323966,968.7487913897173,1965.8192962842365
42.37432695136616,40.70438013530968,43.795515121459424,44.856454559784325,997.0300929160551,1025.0150510737876,1004.8290233156996,960.016883296666
44.9028806453301,39.44340501932254,43.94358227835894,43.414343680841576,992.9591732651418,1018.363918612887,1020.5199444752436,965.3704186167481
41.26627994634451,34.139844965317735,40.61074530549743,43.22904799782185,1015.0689995060675,1018.5427190930964,1010.956706542145,973.3918420104164
39.48011954121928,35.04663374670383,38.96609362454616,43.85835398082693,989.8251804075469,2005.3482363041446,1031.0349591134232,1002.4214004855589
42.82402485079663,40.94651567371847,40.6314586680562,43.750917567893595,997.1715791205311,1986.5587619713017,1042.8796305592846,1044.2712660605575
38.88071517104635,42.12920216134418,42.64319110393171,42.4509967197158,999.0606343817409,1000.4404321411786,1039.6027413571635,1036.3621600268457
36.08034323955381,37.67294439814425,42.5814301022268,39.88394387034997,998.1272294096494,995.406505688678,1040.663346667477,1049.0630737449906
39.012112669656055,38.352569460009306,41.30910248458219,39.59204800360275,1013.7362766485569,1934.8846785529763,997.1337170187113,1051.7974106713955
36.82136749419372,43.930487714598826,43.64944015495365,39.258372575250505,1015.1411803366702,1000.9886268214459,979.5916957612633,1011.6470743078858
38.83075063473143,41.149260564465166,41.81157928713381,39.55727824323069,1035.3410527035367,983.6654289056398,2017.4854118195713,977.521573426651
38.87037379878732,37.243446235161954,39.36383393822182,42.170731230487576,1000.6001973557951,995.0506207581368,1028.2676647752496,948.4540329124961
38.42060114766476,37.86720247986198,41.547189016009476,41.599086590642784,996.1951826553675,1011.2133852136744,1019.4052854896446,950.3675014109326
39.51910122263776,40.898817614686166,41.64059421632132,35.550646293502325,1043.839279716777,1006.6662503932787,1004.7742487122202,961.3349757167866
38.93534024586185,44.39714204066179,39.532291471023015,36.36516206726506,1003.969624618655,997.5792884401833,1020.9137253150956,961.5376624774287
37.75388693102168,45.63075367466922,42.6829105812105,40.85587305052486,966.9675159002672,2005.949153506895,1018.0749099931197,1009.9503126866343
40.55819000245893,42.278816725513295,43.47377430088997,41.70728048816195,2056.2257107901846,986.24287889972,984.7506536678288,1049.3347702935878
43.56007912676153,38.93245284477027,40.94751907846937,43.25911949935194,971.5924868757351,1019.8376114850287,995.7789759514887,1036.7977114836262
40.07325983215297,37.48959726069025,42.808837235556055,40.621964683753,1011.3075052075334,1023.1938595256535,1012.230133118725,1013.5703228519742
41.33727652775238,39.80464546254248,40.57222042791152,43.08680841713194,2004.7426336989308,1006.0645550623917,1019.6718884693801,2038.8588918507878
40.329860832074196,43.6490996452604,37.79554397667242,43.655700298572555,981.418505849127,1001.0994444121347,1005.3244504565637,1025.6244698895937
39.133120232645354,39.334262307977994,43.28301407514088,41.79447567536743,993.8771233724311,998.9998363736759,2007.3701640098504,960.4906853405009
45.065010439608734,42.44578841132276,93.76956555516041,45.30222274089361,1013.3813210631387,962.2706138713579,2044.435192237998,955.2931789619001
46.5484797186469,44.67214099808865,50.82210429938682,46.90489007179809,963.1645467202171,895.097167252779,1012.1137541775098,985.0150886324448
43.72303030505524,43.76462891039007,49.0295603839876,47.942591322502835,960.1509283202594,948.2784115774679,999.0716314889676,1017.7027261567982
45.77101144280161,48.06238116980095,43.50905164836027,46.41011899127936,1014.1746327930923,2005.030149719572,1057.5945176651007,1998.880328229089
43.6962599513206,48.08680839828053,51.205652860143616,45.375446015258646,997.1992733494926,968.542069695305,985.5568533904827,2043.8774352172645
38.81025788797943,47.62690331469369,49.915338400397204,92.32597449738805,962.951703770616,1052.7053702636276,890.0972105169819,1065.1394529089519
40.86290918058842,45.8925612843252,45.18650660682698,47.00637533593829,971.3137623054508,1057.962414530655,890.2421190874743,1037.809196269527
97.16196143577797,29.441604784629515,56.37312614924596,45.80308686703597,966.8276387577882,1029.85660666733,954.1235426363612,1015.8720167077649
48.7249537299829,22.00110052908917,54.44432314933384,45.509915570665655,965.8855403484883,1032.5201732472876,975.0386611806618,1003.967698543213
47.95825003530601,38.08038367025224,38.84398382988597,45.51994728781882,999.2239364555178,1029.4737166811312,913.4483552578745,1003.3285950589299
47.929760195977536,41.838256233326646,38.68275146308635,42.108798096079596,1031.2137514945694,961.9345600779989,899.7518409612768,973.6593802450086
47.327583023768824,37.39303745694299,44.849473249982225,41.66490008006742,995.0790834870961,1004.964911984414,958.1445084672342,1979.7053803403467
80.80359987557921,40.60059331380974,47.08378597300681,44.87690239896789,979.5057865665148,1051.4523127580383,981.6502816659574,994.5063406373454
46.0091065554939,46.58940089493798,45.60039449845594,47.53686547531718,1012.4753747528034,1025.590415758891,985.9250341864131,1998.2060547491974
46.6455280377473,48.69279623992067,48.35274025283721,46.78828673290524,995.6196958872245,1063.8155644072376,1004.1337923178912,1004.3662274924341
44.06308691529646,46.16550765014229,41.48234063702277,44.21226990869884,953.0995048828086,1022.2869171296718,1028.5033251974555,957.391473581891
50.57081890560478,42.88188648987553,40.28284121035805,44.28465687105289,2015.3226210060052,958.7804320213403,1054.8432380818972,1939.2388138473686
47.741725837055014,39.5606946080988,46.79151635643218,45.3700859450222,1007.4419221136246,1022.0939238431472,998.5061348734885,1001.204835383852
46.30588903281932,40.84359677291451,44.02430242119317,46.37701865929286,1026.922168951393,2012.90759646062,1995.700703699368,1008.6711598848744
45.431189847212885,48.974394463437534,45.2648593271138,48.73163146543016,966.5963338254028,931.9819966743703,973.7965118551017,997.9512463370584
42.971841777394516,50.895397825408764,46.32471426252081,49.829654971508546,1935.4238703002636,1980.7547075475356,973.2049476478389,1971.5991225179928
50.76136519842075,46.6826425005608,48.744010415888525,48.09713475772486,1060.0932867728611,1055.5136056872734,1024.8531327166822,966.6556981345192
51.352638685477885,41.735234439651805,45.73162020068574,48.92376552572608,1049.091274752032,1030.411838318776,1027.3981600950144,969.6122202544449
49.902624213603445,44.6713644825393,44.23970227028333,45.85481651247831,2067.683484342167,1046.8400683130167,1012.440596390948,1006.6773730693806
45.73716059585584,46.417489828982426,42.23976720830811,42.135581784091485,952.7782336754856,1981.5830610343348,997.4263958218831,2010.4595286883202
43.20596776540646,46.623517367173605,35.872133105949146,47.03515871385869,1993.9244058856104,1099.5579275131854,994.3430130360421,1968.7092167815406
49.01653944659098,43.533545095816606,38.723402086917176,47.16487870546178,994.7872563469375,1068.7628455866766,1040.911513249233,969.5874581025557
52.08495638187537,40.79548222950431,43.54513289727889,40.9044404043642,961.0205340099174,991.8952390025283,1947.8538445152942,957.289275085931
51.89727578254589,45.24763513675623,40.08322096549098,97.36836642910515,1020.2212264050233,985.8706654346461,946.22599936736,990.1171122441533
58.514044014220545,47.582266760300556,42.13743847284435,43.24266076863552,1023.4068235498128,986.6927114603812,970.235069969759,1015.5936326153577
54.95946495679854,48.31234316032733,42.050561850695416,46.2500251959357,983.4248277947448,1016.9171029754152,979.9271461095608,1024.0909593398796
48.6238849418318,47.760054339005166,44.45417470765461,42.77302668366368,967.230369293877,977.3577588026073,1027.2741282061736,1004.854447406595
46.544309029319635,49.55466045594403,48.44950683948133,40.52894632758607,2010.3365511654,1013.5111241878199,1020.9853074577179,933.6261539636532
44.61590546466193,48.06280669233999,48.140887219555694,41.86123727612157,1033.3790389989138,1067.9760090172788,973.223300852293,945.2275000238415
48.193222243946806,43.58974019209913,40.941584830346045,45.82707327264194,1028.3983084456318,959.1013438282689,935.5534304133996,994.1511892113313
48.16542349553088,43.91820590028282,38.771214709822814,51.866065551497314,1014.5378459962959,975.8265333226537,972.91593385544,1008.749914524367
88.65620157912107,46.52785407328304,48.87082223684581,49.67748857729229,1016.9272867620939,1029.0975248536843,1951.4153639402343,1058.9998374529605
48.68313168610909,45.23760279285324,44.72294937688335,44.2550495274721,1012.5689076337333,2007.8281770104825,985.854685329783,1046.5506903839803
44.971353071753285,45.355658573916415,45.27527497409073,42.47649085256905,1044.0789002423717,1990.180942091807,998.235260934865,1994.1374854975224
45.891158400320435,41.06461344871023,50.92902860982632,37.68416560793777,1958.7082036504569,846.8193631579671,994.6435798789233,1027.0289666362814
51.005608054934925,44.19836871489143,45.65771840112063,39.25796480440508,2030.5766828549972,1004.2674226918177,994.1141667597602,992.3372579952782
46.685064616338366,43.544158607032294,42.126660397163654,42.49298555334829,934.7154831472499,1058.5060919262457,1021.6425214888518,1000.452613312349
44.620251049780116,37.001173815109894,44.374662029368096,38.88210651221642,950.842902003074,2024.6229637657327,951.9045329922897,1037.5235372111056
47.16722207899207,48.56245927958632,46.27623335227328,40.143139245319844,1002.8143120704615,962.27773900899,1007.9360184426893,975.9170951550503
52.46525225312909,54.16626987354604,45.88466199579058,45.24877292263349,966.4949057633835,1022.3384366885821,1022.4143044084996,966.167550694692
50.85544213282799,48.36998348809017,43.37519805771889,48.4153717448506,1993.9946372650843,1054.5390508536166,933.3009102512713,1044.640088960795
42.47945878853621,40.376642987620436,42.786100239328576,44.83042202539427,1046.5251826747112,982.8470124013033,980.5037904182373,990.1348236934803
42.07331639757151,37.362797413507536,45.98010284232372,44.696462783699246,1019.2959600369896,962.3824154061886,992.0127764840129,999.5104733067558
47.434925646017774,43.92058303429139,47.305140734056295,47.04745561846613,991.9263618973798,1966.280579284736,954.7290014739647,1005.4778024377396
48.55678441468801,46.15795834203078,42.37585909570433,49.168213818510694,978.0685250463162,2033.3189177019099,1023.3122097425514,968.9394554385658
45.41645626555691,44.24662926770284,38.8657552279952,48.22796812516252,1022.673863252496,1021.4628379616478,983.2275687977881,996.7704759415375
51.162552668184915,39.36766700693747,42.18394534553254,48.3934923811566,1937.8475752163615,933.6466345702873,941.0501537166547,981.06419826852
54.33455372360817,40.845095650089455,43.91157716106541,49.753048502268044,1022.2557288543056,932.219262236546,1011.3137484662154,975.9519585612011
47.94986274141728,48.39935524523091,43.284476071592316,47.1206631418204,1994.4742080179308,1038.6163291554674,1008.1086042405168,1005.8007524419411
47.24283493353745,48.80088260046275,41.36537091259972,47.898323444083154,1014.9736291816305,1055.1627097653718,980.5018840827422,1005.1683641811956
44.96051350791237,48.49807484963673,41.64931959519966,42.784681626615665,1030.4145998969514,981.5772563927067,1022.4905704103581,1020.7023977104241
42.03085311130407,40.0412034344651,44.412912645079565,42.43927887890332,1006.7040234481381,985.4217805973366,1029.99059026786,994.9475051895031
46.29248211291852,35.95003712683257,46.89766947971064,47.136866787676084,985.4571580113615,1119.773287123467,955.9374380355694,973.8168478104251
48.79262042427298,41.35445937766721,91.5793441330195,49.17265797191508,1025.909717818427,1110.3048967606496,973.5555582576012,1001.5830886753201
92.83513028398445,43.37409154383546,51.92734972268468,45.83334264781888,1073.135335782669,1014.5538401772784,1020.4254746408502,974.9477270914874
49.65665612966535,42.605604032978235,43.841724498844954,43.578884354037996,1056.8451825097782,1026.4851323737685,1037.6636373513606,977.3522194807209
47.75780628827315,46.65630779631199,47.82153570979889,42.97483684313544,993.9706334365492,1014.5045411097785,1047.503905525059,2041.3002315831434
48.37969532415839,55.56030126684202,46.37186743097429,39.97352498014084,1975.549895427638,1021.7191374335096,1054.453058478558,975.2112214062836
56.19838741703646,51.821747700257575,42.388379926670694,40.19738087987202,992.7239754998318,991.8189649700014,2043.9208925436424,979.0745972533864
54.885758846957465,48.55388846181062,42.75192481231237,44.49154358947645,1015.776717915066,940.5379058909598,966.4401965017095,1008.4219511450602
51.90087125407629,46.56638182948289,42.73641452877,50.44215721926227,988.0703862652783,1005.9766151632034,934.8751015474791,2020.7494424646295
49.00499727440658,41.928563305963266,52.66832658113363,45.020072362934755,974.4790736027394,1034.3909992707954,938.9100749718414,1023.9739481937008
47.28197553481104,43.10325213167778,52.60536475993333,42.62857679680623,1009.8906689477506,1012.3888759572544,1000.1076144598372,999.2819955346779
44.16745229759806,42.803125602724506,47.896929183781154,44.60620382832735,1012.331099940141,2029.5693694345355,1030.9241568450896,1009.5526559845398
38.940983546533396,40.08723386032788,50.170179909306114,41.98655115066252,992.028945550246,947.1804719144391,1021.2270155148435,973.6595954353613
44.09446564123597,43.166830808086075,43.20674293011952,37.853629144964756,978.6206408067385,901.2382940686055,1053.415877115776,1010.8734373096788
51.985488011368304,47.5558542472337,41.926751331185386,35.6167516796971,970.4826692832402,892.3147469108474,1083.1606550681938,1980.6022703856897
87.65386728860008,44.47159646939174,45.812301838758685,43.527242978082406,992.9062823773932,1978.9647061542405,1039.044809163306,1994.8591552182809
43.366625301274425,43.930904351797736,44.45832279047343,43.37202068867553,1040.4005625498485,1046.5136811754169,1977.1803416288424,1030.222260750306
43.9420714460648,39.45515137128363,49.38103457669244,39.47776315376531,1960.2765819215203,1036.3154161579646,1040.5002387009097,1008.0019323363883
42.11928463736933,40.9408876461732,50.908332916940026,42.72035628461028,987.7261478154752,970.2396066775541,1027.651510758982,1051.6022293385358
37.52292286244901,46.586278315155205,47.116395336599865,41.5920534060421,1033.0340567005026,932.281272882324,979.8688924430643,1050.925138680413
38.15136549129708,45.358153006658206,46.246013655614924,44.318150463732806,1023.3179005440428,1982.175799834272,986.3582993334101,1985.2421161090224
42.98080511987814,43.83620320224841,91.54669330151957,49.48015637138258,1025.9912967396033,969.515787842189,1006.2724539750066,1997.1358511001356
51.38137648001703,40.72930696115452,44.30937457112928,46.49694637761823,1008.5240966745348,1019.4963762127422,997.3239543529708,997.7271535989883
50.980650933304595,40.16542289674442,43.175387587380484,42.55653626694452,945.4506677836121,1019.6912244914424,933.848129018603,1000.1651447300658
45.75110040557127,44.363714246958075,80.67917020830004,41.31799339045545,956.5261997797361,1039.157648775759,1958.2054641294742,1988.7522174584437
43.67797870428735,41.316328377358765,38.10349219437789,44.97142563763995,1040.8696373887237,975.1933378337249,1011.7923089732151,1016.9503917180566
47.55416571722863,37.43137127759153,40.88752290095603,46.91022060013091,1042.0192277553,948.3201647482982,1009.3884136289586,1046.944306794764
45.04333649482159,41.793375026427846,48.07565397249739,43.16403557179272,2049.7042629349394,1006.96075777737,989.6966147585495,2031.024688931393
47.62055464700542,41.627187992940684,94.05051337441407,43.29125958433786,1016.8583956896284,999.8174896909421,984.3483523805862,994.8428233686416
42.44293555482967,37.820933592682536,42.47037568560231,87.81826392580587,1039.5857679843848,982.454170045905,981.1546682258279,1039.2786405593818
40.00608270517322,42.45256207492448,44.947284112242656,47.70038107296853,1015.7491909440682,1056.3018436881039,987.0112663621051,1063.85595208947
52.87460961074159,48.56858668809319,43.874690208482974,44.239762001918194,2063.4621027990693,1069.1731711891848,979.2247337555543,1025.2201181252153
52.47512172248212,52.42549504439817,46.646204783574916,42.01038692733236,1008.0696986221064,1003.2608726997537,935.9497570251194,965.1622160972418
56.40195818903818,54.1981657440019,50.708363999834944,47.261259040092995,1009.6893518030347,1002.3848247700272,971.5437254445321,964.2060778429734
55.34604787175634,45.573786892781,48.187878806741374,90.73712009415144,1057.5073180618574,983.9964060358109,1032.432274865987,963.1022308928782
46.938522129366945,93.00925021914142,45.50902654337443,99.76587463677774,1015.0305306320236,983.2962607201591,968.66790488857,964.9715988391829
48.2692329847751,45.23298573306607,47.231877583956944,45.83453650528777,1002.4874295947693,951.3238509091891,951.561513573603,978.8584946389507
92.73204979457418,45.40591275447093,44.04265663382486,46.47639832065721,1017.4294485046842,1044.374158983881,982.8611368578248,2057.6316105334263
41.37670220960483,41.69489624557866,38.89788398741649,42.14822875845242,986.661094181221,1042.3489622801421,1947.9301724327856,972.1648660924346
49.15421042245803,42.39601675221195,41.658455523694336,47.873076892620475,1018.6860323964704,961.8856810034807,1028.9666640971361,1983.569888992583
51.92984462015107,41.001644151586106,42.91674647052521,52.62267442959558,2058.2549860809786,1056.4357593135035,986.5802827614455,966.808866863136
44.09589019128287,40.550431906264016,35.65640195860571,46.990840160557,975.3931765695295,978.952196754904,1011.9027656502739,983.9700727419826
43.23569712619377,46.504989017174644,38.794185155752125,35.878789064233004,964.0678814805303,961.1947724251058,996.4342949401638,1006.3626967419862
43.41968180424666,42.889273343241015,45.748974119328786,34.79281119000208,919.1393704495745,1075.6186600297647,2050.4303533539646,1020.5233356964206
48.44584623955698,42.283857760790475,43.91361998174503,39.80718178833756,961.4117349316205,1069.8839613192315,1068.164306849208,1975.96622378749
50.01920416699914,38.7510560423339,45.9415671803999,44.293003101651195,993.3423444073543,1039.802086459032,1054.513778538477,967.5655433521143
46.27451692614028,38.62787273813441,50.26249326990947,45.17597762014596,960.1884938677156,994.3953215602124,1039.267890112275,963.7770727311299
47.465747336659575,38.91913106528988,48.81850739116018,46.84087995705451,1967.3557227911597,1033.5530903297554,983.7377363233339,999.7278938182924
51.66409526111133,37.850044308620774,38.48323993215058,43.458824749465094,1005.4928637613066,1064.1165006615527,910.4126610706635,1005.2904074954135
49.26374231089848,41.74007807377846,42.02601921252594,43.544410629481206,992.0499487901607,1008.162913103977,959.8837933001594,1012.2153681963023
46.27288954642069,39.78632449259207,45.49822154561852,47.08006688092678,996.2909187390579,973.7782342671824,971.4749867587554,1052.7621183868432
50.672585247293604,42.493618828660274,46.26486700925936,45.739630808457804,990.5341732960065,997.7920278516704,967.7018297688035,1035.3818467885476
48.098422692071885,40.99357502763104,45.49194506164419,52.21602991326581,959.7288701625778,1045.5623832792553,965.1028372834724,1051.776197098943
45.71998757414602,37.05007648951326,35.06343226791934,49.33718557231651,939.8610944474344,1082.0567717677459,957.3532162673832,1010.5369833923539
48.252857849590086,42.07561114230277,37.01939426915532,43.36418108827459,922.9867264728889,1975.3371457579228,1040.5669796001034,995.3998432159594
49.62721846880825,46.76083746514407,42.93176560476366,48.819295967119686,1989.695150280193,981.3448195227645,1026.5379320550194,1042.2728333558216
58.943552119167556,46.988290553062605,45.98700512603767,45.24495618236824,1022.9685308250132,967.8061210645718,1015.3151410163102,2051.5000965112094
57.013704838502285,42.56324161152583,47.27499658584948,43.08077906326491,1009.6815942012698,984.0331046539089,1032.257856680257,990.3967768852781
46.554042413689146,44.875924274019795,46.82656058697772,45.61278312002504,981.2384679176373,984.6551417720148,1010.5772988430704,935.0546551391753
48.48116733211094,50.9881864021293,48.891284134195494,46.44423884889817,1003.5776793890966,934.9791625306934,969.8885073234596,945.260018620279
43.63549904014094,49.96728733929845,46.39036551131021,48.6847195465532,1044.0006605641383,905.9938537791388,943.0641745538662,1019.7547397315075
41.25535735446415,49.59247792665548,46.24150820314017,48.89711017199831,1996.9233581121682,956.935564107915,948.1191261672266,1049.1957831473342
45.036418685747144,42.9303176694679,43.08543092937076,47.89090949751176,1038.6935878095649,943.8919608700168,956.0701525454436,1013.8639259395336
49.62654874134999,41.18909156962713,39.39079882499204,41.73346573355162,2044.3702077414223,905.7419970356746,974.7631501113137,1031.830533321469
52.00929022549879,43.948421082329006,45.1236126914054,37.98727680424739,978.7955909512469,2000.6044042026892,987.8624110673697,1044.8550167896192
48.28585541912687,49.0590724242503,47.14492797278048,40.83504024816297,1001.2810861719732,1012.1602654571919,958.5121205142686,1003.0116775362151
51.769999727378,52.10612392021649,51.676502983403296,42.42202822346677,998.9488561667982,1012.456715340913,949.8622420997756,975.1582910712432
53.84093139488512,43.80785264014784,52.093741017910034,45.23450321721065,2012.8129509870391,973.4376146717186,2022.8012392344403,1001.8605885821431
50.215102008061685,41.65272920754245,45.53323646184257,49.4152132766892,1026.9805145971425,985.6987469546935,1968.0980625448174,2046.7745749500734
52.36297966770139,43.42976218381757,44.30779800629473,43.581510192094655,1023.617840461287,2021.7660831544351,2023.6902564711195,1972.274814242433
48.740548170620045,42.23016021067882,44.9372541532115,39.165246646142975,1002.992719699722,944.3827894467424,992.9756220962687,1014.4389916750373
48.32211874226966,37.712662278920476,46.01401789049249,39.55467365319877,1026.5028231017573,966.6770421691461,963.2700001114742,1041.7649037830402
48.18704172923688,43.423772456661155,47.292507840047065,42.80595442122144,1058.5793676896124,949.1129297433916,945.2996221476467,1034.2955614252585
50.49576204226596,48.299936615480924,44.41149172449032,50.53622453926361,1021.1737565490916,940.1438065961765,975.621510346662,1016.2571029476703
50.50264420960849,38.56058134427993,38.401277335800984,55.43625805755687,1013.4896043129621,984.4329804062919,999.6669620734879,1011.7859789280162
49.41741655540358,39.45208431470485,35.343228163367044,53.87772690042692,983.7787744739062,977.9713990876974,1017.7414828498379,1034.932738917366
53.682121168642986,48.13894436931916,38.9263528448636,47.95321888222818,935.3734644103039,2029.2751254265188,963.5502983522399,1006.5220533192222
49.217330896411234,43.929435962862605,46.161471633408794,45.704130972417694,999.5597846123935,942.6929087112871,2040.066371975887,1012.2434280608809
49.217727373685165,43.99193843378217,42.92426296273709,46.29282544906748,1997.20196103444,955.7291598798754,956.492311497125,1005.586825246691
53.46440199154033,45.825887719212396,39.993035770302605,46.13494924350161,967.9123451073965,954.4179189072865,999.8470498822901,962.0063168878803
64.8221786425525,43.15393716680468,38.17086322976289,44.28292494425003,1043.2427239048961,1034.3908323357296,970.0287010928021,1009.3103814524935
100.22746713915564,42.26341399652737,35.877381479939075,91.74914870938584,1052.0625678266947,1055.068056290911,946.1024526244707,1015.8408962058757
47.16135579453009,43.47443828980305,37.3614439365257,44.25394842007465,1053.2300730184566,964.8594454375475,934.0001119418969,990.4405960325428
44.642774300970885,37.487487444512794,36.08216651390394,45.753809078464684,1044.4264819130535,1024.1062780458687,990.2107770210453,969.3844363367947
45.775735127216066,31.982108451218433,41.47187147473433,46.287316331428386,1944.3848384661092,1044.9863778351805,1046.8266092169315,972.6908531827405
44.21467675627094,42.376325775421336,47.93127849366983,44.69534510996898,1022.8068123773845,1026.2841739402913,1025.7876698673704,1006.9170126896358
45.57224121449264,48.79926309457505,45.863617622354205,48.161778036946316,1010.1718007469922,1002.1905103841144,1950.3642320262002,1024.595415647086
41.95021695207339,51.59085457101814,47.33927013629625,45.18332377074618,985.9857213922862,986.5794273707048,1006.6659312775705,1011.7202015677244
39.57393587572625,48.64345445554751,49.142724712655415,44.342761322270434,1009.4285406225201,2028.6929945197448,1038.6147324791095,995.1738387489662
38.72817927481606,46.239189232369334,40.1663587349763,44.936994428765516,1028.052710397174,1957.4771086293583,962.6645355787665,1013.438926646442
34.06224343458644,49.08846344207268,39.39375085414133,43.14251009428097,1024.224757537941,997.9279961674767,966.9231419452941,991.5162692932229
43.08733998919722,39.98380320089019,42.56297010296103,47.45837337561272,1045.5189840791813,1009.1622698718475,1017.8136083880402,1000.2182238662381
48.46319454114965,37.064662253456845,42.426857064379334,48.06483536459842,985.7563437299243,1011.0178220001189,975.9460850014082,1014.7208823605326
52.68324153527418,38.716584750712215,43.733588439291196,42.61793940751954,925.4862994039254,1001.1767571237233,988.5865325313721,986.5746057333938
58.66547528999245,37.922054774505725,42.672953732574754,40.77210667055891,981.2215306054238,1052.7203131338304,2044.0190721790477,1014.8628476424668
55.893863415239174,44.09644665643731,43.61761770497507,38.87858935413438,1036.3294354979284,1957.3761876753708,965.0923893217687,1043.7025476749022
54.077677378071556,46.122652706318995,46.57902443942905,40.74437003821374,1022.186800962397,1971.6491263302307,935.9865803619512,988.9807949407499
53.874882656853494,43.65408536416159,85.07339419331242,85.31432812037957,1981.7203114787403,960.330011645912,963.6373639428468,995.1651297686481
46.44129670250171,40.61901783340265,46.966011347612245,43.309818220323756,1025.3545603418524,1020.3095301211138,969.9844165947353,1994.575109753138
44.505039292585266,41.68601344794247,46.96406078241634,46.17905735401797,1096.3373364037652,987.6448602138801,1011.055621195704,1007.8046385838861
46.06558276442274,46.608032824077384,44.96094856348742,44.840779397024235,1046.442892221571,929.371980458677,1020.1894183746087,999.4917163898865
48.49870744023727,46.07994943729945,47.007360525001246,40.1867794354769,1991.2677020201063,977.8193921296123,974.0821620922352,989.146414672172
53.44297953672972,43.83029196061253,44.07223307934801,48.75153223904931,1006.4873326447653,1018.3249329473804,1011.9338280420136,1978.7955528213247
95.31576002934412,41.475807649739,43.0917507993412,48.40745124173944,2076.7035638374605,1015.6546450193978,992.7289450190721,985.3097452130596
38.45126115291995,40.138544233133715,47.67105272739726,39.68528599896032,2049.1555756554503,1014.6630000414337,916.000436224194,1036.5472424696302
42.51122538832906,45.92545035325327,47.10995125789468,40.97547648200274,1041.4430278826233,1040.68184156207,974.6089968156356,1060.3381480762787
42.29862521767208,42.08156764879049,46.80759893303013,42.45287176512319,2020.2478019303421,996.8220612447211,1032.0555042265344,1056.0400611884993
44.153534173411586,38.49048241417004,42.47007998639624,44.50896575438191,983.1463273059128,938.3755079411058,1010.1828793798054,1034.4379784566972
40.85465058028025,38.461295885572795,42.80074745200512,47.82416631966842,1006.0394433621751,969.6108647204157,1019.8817485451018,973.6012582821556
42.835762786371845,36.39778386721592,46.3984325769177,50.206565398260324,1013.5890857556992,966.2269678649166,1056.9700503693557,961.9114900149148
46.49566391612994,46.255182364863344,40.89914137449901,48.07506780112884,1005.4845639776685,1998.7333444060116,1017.384753757644,1980.522038954417
44.80984167853498,48.82285284458932,44.71530060537021,45.34702072276989,1000.1151809328386,1025.584140735386,1032.4312447511272,991.2768840672011
45.426473965703565,42.17815383047093,47.988352688876674,51.02588815948401,1017.7778922486291,979.7171849584255,1074.2976419213396,950.3945555110531
47.24118957322875,42.14900016648127,43.88634945029919,51.736031389603795,1006.3109466037669,992.7534032155601,2014.8054064823511,986.1699856949224
50.309882203913006,44.91482596643388,40.81233577209811,45.62369803274274,1975.7215790318562,1021.9106423799643,1934.8199592683734,1014.5608372735921
51.672268352043304,45.48255124563383,42.858181043034946,45.801067491907254,1992.093343529185,980.5752277243228,981.359447677429,974.2615676575763
51.2501866545947,41.20746064898108,42.25910309522721,46.84387950912301,1056.3011050355576,996.349189741587,984.0409776680775,985.7219045884132
52.35679892764447,45.3771808147083,37.583980107919885,48.027330583266234,1072.5238611743525,2002.7491111213187,1972.4704229009244,1002.0535429260549
49.43043508307001,50.20055191791239,40.470812202371846,45.11149936337326,1082.1072928545718,2009.0235497020667,1030.3304056019936,1011.4018917675965
48.00472402151145,47.21008646346398,40.03815331446939,42.83418344806881,1023.3433898855476,983.6666973191634,1941.9474624343673,989.4858849539187
51.22206074677931,47.711413486161135,41.3280052963044,43.42311452045829,965.4108423570331,983.5923710603845,1022.6867822225088,2001.2029981105277
54.549300537499136,43.57766301934272,49.224376869653746,45.21253114402536,952.0494537038179,1044.240125134269,1979.8382105935348,1008.575296182363
52.39819660422977,39.55163484745318,44.75106399153817,86.06428409742362,980.9983142185022,1040.3618832782918,1007.4491860395221,1003.2416343760717
52.284560435277115,40.437532716634195,41.63103233592314,50.345907905704536,1031.1478633160343,1007.6955437868208,2004.8104292117284,964.7403139652943
50.01991259236807,43.70570588481847,41.45288731285508,43.74289757524362,1042.3935615654973,931.5374415068468,958.8543246520301,995.5076995734729
49.0813565490361,45.07950439793002,44.84230657160485,46.55073678919106,988.2481002401314,997.1962165180229,956.805041948091,1022.8945085125752
55.87698720709062,40.610718925541505,51.59184717620198,50.30207419024071,1006.9944008893033,1066.2802302313655,952.5962205394148,952.9198142754625
52.841671904468136,39.90351487160677,47.749076097570914,50.999149810213055,2021.3246433700754,1015.9886276122438,945.4941399259442,954.6327815002375
46.040871647448974,41.82985899591899,44.36751190618092,50.08401098087507,1932.9989271513118,981.4788310426518,939.6753840245879,1019.3875692362947
102.49167399814247,44.504041751951235,43.05856964816272,48.70153568260419,2037.9676309243414,996.2079505319847,977.9378919313604,1006.9968837564288
41.45743586340967,45.05313888545885,39.592885067920314,44.30941153874622,982.9671357089613,1041.425149256415,984.0264040694072,1969.8903425407268
50.13566026946364,94.61552441348253,45.35590362256708,94.34075770736692,940.008721124128,1038.461401629389,984.3126027141291,989.6110086492538
53.837503992973,43.97138507148341,48.639808449341785,40.3412264394154,946.5111724745377,1035.6212795616834,1009.9980123559197,2017.2538433594814
55.0282637104649,42.83806808707931,47.19102903360988,45.45645595505587,959.7252043886483,987.3983080939277,975.330281940415,946.542988105863
50.14041867695819,45.0528593562546,49.36016046705497,48.45443837373473,987.6055403501898,974.1652710663718,955.8169112285618,1016.3943644255626
49.18930208569942,45.040757090441886,45.31061886515357,44.04333604452132,953.8121593389669,1012.747233353635,996.5788982251424,1030.096446214545
46.43703031290018,44.6157879195506,91.75594112792896,40.1524999819436,923.9853179946584,1020.3835151115916,1013.6964760650177,1013.1207165436824
42.337062566688,41.98365702896566,45.3572653583438,43.16433343091178,960.8175677023291,1095.3840211062598,992.2920882083249,1006.4335310098297
47.67224905015061,37.22705764717,52.48200359157243,87.54449923083607,952.1189208239198,1093.4092295847468,2019.0285079747907,983.9187014451652
47.315733018353136,38.37185892580126,45.069971454195816,52.68517827665514,1954.3918790784112,987.4070740573832,1022.5398445470612,1019.3892774454498
42.84872066145145,43.32777994326993,40.12446574654111,52.120525293307956,1052.9759400161893,955.1196324860841,1019.6767441265642,1023.9375453491966
38.35827991152871,39.9334192745131,41.347443321094275,45.004151573775395,1044.8124061588442,960.8476033088905,1034.9446732328195,2029.2801544584408
49.80373051660425,38.45538011962962,39.41639104903456,41.80157555016808,2047.4728561442864,992.9563156003585,1029.3441021396295,942.0210792927694
60.17695854893144,91.01082762837184,38.258635315866535,42.67157196363478,1062.7028585812263,1000.755062609629,1050.7481677519834,945.1479935539123
47.64060253307712,37.68391130239676,47.37274986602054,44.43127580142367,1024.4208605730123,968.2969512490099,1009.0233493759077,981.9411042983612
44.31996639217141,33.988495135249984,43.729120943473646,43.16737613911278,1028.8307988012712,2041.4367329534061,930.8328032591548,996.98599820164
52.849749178035424,36.0468627684037,39.01261244361305,44.9875736475017,1027.368233307101,946.0843527155895,972.3904729753749,989.6645754105997
54.661930345718275,33.945713625478675,87.12535461619,43.37061871954972,990.3036007688634,943.2198662088988,1005.7017222354918,1007.0276851869655
49.440446548780244,38.46381242781615,46.57657382775574,41.40642893062258,978.3980965814995,958.3473865763096,1986.5763827052012,993.7482675267961
46.5732048619258,48.36031509782799,46.03161868340074,44.487603254303174,1001.0344200868303,963.0483554272137,995.8563863432505,960.7394042382014
42.70760440167821,44.88659195300217,46.27789553594903,42.7562483257374,1040.2514061835893,978.6148864352796,985.9732866446375,965.3658695107642
47.99826869545543,44.38144802109915,48.87400281595118,43.80413395867289,1029.6211110794468,1007.0399535384581,970.8869976575934,962.5785482713316
53.142658955330546,45.67821316530486,48.35656897210923,44.775901736650695,1001.3022640748302,963.8160995319761,937.0200318141415,2041.2309774340201
48.5150729603293,43.912997153946606,41.292943880353846,43.31205885947303,1019.0592477447683,933.7312661588333,976.9665583131302,1019.6610458661443
49.08972929050361,44.862688568049535,36.19012405524237,48.567830057707624,2034.190967322628,1000.2055110097823,1048.7375121086761,2032.0574701505882
49.46548891382167,48.08888075894413,41.83424287378689,47.08514804337491,1015.6034302172995,1010.7873152889078,1018.4821890666508,1056.9953075453254
48.34806538314865,44.53046048916037,43.49159931487787,42.88087768569628,1023.2068035043039,1034.0485689378243,2063.534600890654,1001.7976047997071
49.636794813350434,41.02138246978856,43.81378803768185,43.92057493780065,1035.846386226146,1085.4783402403486,993.5252068384837,2059.795469251172
50.281950003688195,47.645004598516394,41.367781794482966,48.141403774708735,1022.2922099540215,1044.1377282422584,2000.9680858151312,1018.2722728104939
51.70302763238274,53.999719080016035,44.70633451951741,53.57432995011471,1010.596776682728,984.9928161059482,970.1162747917963,992.7959720181548
54.18235566757443,49.862588497575075,47.100259934751946,52.01415874664535,1001.7049600461379,1050.4786850218532,1959.6290937439383,1015.1458818487293
101.07622768127916,43.35588227107664,43.76224308659962,47.44554997756762,2022.2888820340552,1037.3062984378075,944.9660116565316,1007.9191221635318
51.80957751820603,43.19781775130963,43.15202177897532,46.38977605985379,1013.5426046664377,998.9251283854148,1006.3117153010462,983.1763272391192
45.604851137504724,46.3307970206903,49.02228696767301,45.94208470646346,991.4540025348689,1021.3921900380351,1997.0624660217989,1030.828059475593
48.4070483944674,47.343419535513135,54.03807454136073,48.60127662606686,959.0282185544017,1011.0546044177208,2024.9787783890633,997.8612012022904
51.42185854524719,49.46679121738218,42.574313635199516,50.897307395063294,1976.0114601276061,1013.0375347866694,1062.1797918272428,942.3476060965917
49.14067445165888,51.512525106963686,42.46774434258376,50.9693795232894,2007.9464230472345,1024.552140753111,996.8860240988495,1026.8439243890498
44.35623424129744,45.385407454681314,46.54365352564943,47.241250256031364,949.8128628684298,1975.5899681829724,991.5427699791417,1052.2460444922665
49.759960148935875,46.480971431438135,39.33555824028571,91.95953196088416,982.0960685103092,973.961366022663,1028.378297808213,1052.4355205707077
53.683838940714466,88.84897602143323,45.2206115838505,39.51848777281336,1933.982721723104,1992.3082647429499,953.7768341099393,1041.9693913040996
45.586336375861265,43.866853862646934,44.20198862991152,42.40554034563084,1004.5496898003787,969.2290655290019,945.9670156482562,1017.6243784772389
44.2821164203107,48.916033814410724,41.8714587669288,41.0904102236384,988.3164114639115,943.6528066298254,989.0557129421891,1041.401827670833
46.003122784768806,49.885816913076134,44.290767873849774,40.804300292363536,992.6112760891999,2034.466658816801,980.213718119935,2037.4200977067405
51.487007641569335,46.22299069971143,36.38861523304732,45.7874831088338,2009.3749838621377,934.0211897301879,1017.6272745475108,1052.810233391243
51.359504004765824,42.66889392764145,42.09121756078059,48.02036083889479,2013.6598171911858,887.1837812772192,997.0119896818901,1017.0670866171959
43.81957644185306,38.151578085240736,47.998249903424735,50.60259480625025,988.5010227750093,909.0674155035288,1008.1648677706906,990.4750327740051
43.04469907568044,40.962348133811545,47.242572752265836,50.44631266596596,1985.0848558440127,1962.6830000816378,1024.321721170939,987.0470520295961
48.58696294586784,45.14991622330987,44.24715400913327,44.74181759788413,999.6442342111457,921.0717282012135,1978.9303547820546,1994.3298842621045
48.84264734286285,43.4391387515162,43.80752881914387,40.45962490445475,1039.2404339458217,959.0735841706617,1003.5319349200807,1032.0993237914886
47.67851250616911,40.94588418815959,47.30626311963168,43.30135201285954,1984.4494453657617,958.867112823398,1001.6661579437216,1040.5818458351155
47.74083650704942,43.481792142831296,44.365506523323866,43.417900691974765,1004.3433212563006,1993.2378862192024,963.059727619577,973.3782509796317
48.33631087521725,41.60905578311625,45.77316536587098,39.90523040435238,1020.8842607201356,982.7225026792523,960.7161867978834,992.2501633515942
46.023589597094876,33.12839502310219,43.32378728945322,45.233364583749335,1004.3262806092622,958.8123048175177,983.802192608043,1021.009080172056
44.00668714276081,32.95216309301864,42.50068490273172,44.983079780446054,1023.6526638333813,975.6233828799614,2012.722563047407,1030.476377816344
46.189139825783855,37.223039091089774,46.3829034682463,37.52055740168617,983.483169876585,955.93429232602,951.802276861715,1013.0609704116857
49.87207720760129,35.69951817593643,44.17698842310884,38.28088918694461,993.0810212444617,1011.9414945774079,922.7669739264034,1012.0040625802244
50.29059808909038,43.749599824956235,37.733924452273186,50.26187107910962,1028.0757532205216,1094.343665243654,953.4841509159583,990.9320937945699
42.89392492000755,42.33563205396159,44.848470159924865,50.683127545941005,989.848321571125,1056.2430695813641,955.810303973058,996.7800010911676
43.38287089378463,37.48859992887211,52.49699645265228,44.75077543376901,935.1207189096483,983.0856064222944,952.7652540244392,1040.4508119108962
44.2136441366024,43.586690918493524,49.43244933652751,46.00558884411397,927.5091921032814,1000.3281317580243,1038.5206490323,1007.4197859508181
47.787660117436246,45.25936802371947,49.658812568250994,43.6900445929855,936.7813946730074,985.3807920364762,1021.932021720607,985.287234085103
49.40477408086435,45.596129217878385,46.68081779420063,42.28691817002036,1993.2388604545697,909.4404371154375,928.5973403181686,974.6437835650494
48.073450282792926,38.00425536377622,40.522848461992886,41.72450626457362,969.840924377185,945.4942960275264,961.9899085934776,973.8873739697393
52.487174219965254,36.70730896970473,39.18767578597063,47.05600266579049,1008.011907162637,982.5637818009222,994.9069747435971,980.9413302735238
49.20598745189743,40.139419193503954,44.27911502740379,46.56175047169684,1007.3796365667188,965.843750294873,984.7410597782994,1006.279726887524
45.58221517077622,41.685380951748485,44.313751361849896,47.32353531713372,1010.750726258734,985.337224421231,974.977839022877,2011.6760994622277
48.73654570343187,38.32877868124873,44.66946122928937,52.51695116967731,1014.9491813761283,968.2200902173888,977.880100749056,956.608731762474
51.470690193146666,36.41835227339534,43.79573335407555,47.0149848607396,1031.2510058747507,905.3649377379752,2012.7383181463742,1006.5815854513382
50.251054607479524,45.45371653050253,40.46733767521185,44.0781274943384,1038.5770601686168,918.3914013953948,1021.2673713193178,995.7762276772905
47.35675628289911,42.55461230805338,47.720148085554555,46.50383915230982,1060.1843955527825,2005.9145089918975,1058.1657310544656,1025.72417457701
47.85414879050869,37.1633615454289,44.89760989325573,50.164032351674486,1081.751217128679,946.5346410987426,1053.190335336151,1051.4715633809506
47.82927752367423,41.1677730562422,40.31474828185038,46.62576034604652,1018.9800954405295,902.7901140704963,1031.1019869608224,1021.2934800298578
46.199748976716364,40.763259886680196,47.66041675255153,42.27419009447969,2031.4214903333095,907.3831737105131,1013.9702091477704,994.2742133062179
93.22575032175766,43.57694715320221,48.25007894191256,42.17851803649977,1047.4733920470558,953.3531561981507,976.1023481052921,2005.9596905041674
47.95193659153916,43.37627602466101,46.400318455583175,40.27698822597853,1015.3879214216511,1032.9588670363014,1985.835277697255,1045.8106249384568
46.816267810817834,44.519578072750306,47.4935189001642,44.138522104206395,1052.9458621241415,2001.3616113018866,975.5194631080556,1018.671646157009
83.92691334803544,49.14494963072623,46.27576947439401,50.59088063041749,1037.0034024412687,1041.2644017907899,1002.2068995348188,970.8998368244074
48.30282077778494,43.87255003907818,43.45604196000498,44.63164021127993,2031.9044440877522,1064.641801216408,1993.1900974372188,960.0036916762672
50.3620455178845,40.091118412468305,45.52296926692647,39.503260113374694,988.9431128052032,1067.7557743827147,1024.9740083889974,981.4622914776915
47.131397829552185,38.080086049304114,47.796312925203296,48.014022881428616,1040.832635272959,994.9241482514562,1965.1196905515153,1015.0274470553777
46.136111221008335,39.079577738758296,46.07134162861263,47.886895541998975,1022.6813917549885,1993.528138565523,972.746679320151,1018.2007083451615
44.046709415529854,46.95993147656178,44.211240923283384,46.24882663036513,1066.8580487652616,2024.0388652367387,929.5782233821217,1032.1648398222856
48.52608514847221,52.386635228901795,88.54429328204031,95.6978275499365,1072.5967431067988,1062.32747005386,913.78329495859,1047.9918199834342
54.17584335538164,51.363161031535256,43.66331518421387,41.08241284411392,1953.1228134491996,1969.3702872951876,979.2665971360719,2013.0069422226343
46.03162388379479,45.94414199925752,43.14489683894226,41.34601291946633,1016.0334346106179,993.3663922634505,1029.798840229042,1043.5042983918092
45.96967905095604,47.62804172630115,39.873278425357285,47.07305289682502,1030.223285163992,1008.7485464234531,1008.0497481312474,2072.113693162763
51.64080951337989,51.59692148100106,37.14912529230175,50.39508187893943,981.1854251458778,966.4591382330545,1975.5083042768358,997.0842609271588
49.52708466326053,42.86886973320125,42.23363396183912,44.9541488669188,1013.1921289047846,944.8420473804288,964.2049658907779,965.7266074869947
49.281189365964075,41.94232325978764,46.399877519672415,41.593065171637164,1060.2458025798296,987.6442523296706,993.9610926648895,963.1734892986424
50.56521251135861,46.68202233794149,38.9865253494775,44.18250343044335,1063.9959827435491,1056.680145792363,986.5444291590516,998.7586544816982
55.90805132771497,41.7246636697615,37.05291711138218,48.081446300664304,1060.7683621416509,1007.6640203774504,983.8182787335123,1965.9147530977657
53.87017078631234,41.944886774289714,38.43938685679168,84.5149150857063,1053.3767053511642,2027.354950693322,968.6821354477161,971.618515432589
46.14498106771147,45.29910203851742,41.966489582468185,42.99684200341428,1019.3858847049471,1010.2365561196395,986.4673623452451,969.9024649751241
44.66462571204078,42.24244376942252,45.72648555069455,46.74578457343261,1000.1936801615684,996.4035039352464,979.4282908937478,1002.3022776051134
38.83651375057707,41.72205977974207,43.29892142355705,46.270989386345974,978.4191682881044,1073.7420017626523,1022.1228860179074,1025.5071948330865
40.42086589940042,44.889541854378606,41.50024599005023,44.093310792129856,2025.3338929942265,1062.3995013583997,1058.2803778536636,1045.8683664673708
46.081637226773196,45.04483289965475,92.37666445121476,46.02868433180925,1071.4294803753808,1056.1923053330843,943.5306798804601,1055.6947249215582
47.76814999372867,42.215763426799654,44.86987946431832,43.5142679495477,1064.7275091112122,1024.729620194683,942.9948159480475,1038.158593502144
53.31588843684861,43.16697899050878,44.28474212430298,49.15522095744977,1047.9685869263608,992.059857916393,2030.0595461677528,1000.3156059487842
54.04135365840738,41.448099157385585,42.25446636098029,49.51366208495335,1050.1626475561645,1031.3635798231094,1009.5829628707048,987.3712391327672
48.637916625484316,37.21491352351807,42.8680013752479,50.298374898351966,1039.0504662911078,1010.4130026863367,2025.7511260707392,1981.5089479803482
47.550356216385936,43.89477687857517,40.899968754341195,47.92367695056872,1029.683419287832,993.6423829056611,974.6245981894331,1063.4429245284625
51.246589887981074,45.98162812136603,39.71964193538633,43.175485635456404,1030.210992260664,1009.4074360080025,991.4892681170534,1009.4638305427825
50.6204636699879,42.90700142267098,38.79616062668728,43.74748989423713,1000.5497599553511,983.7951867854147,987.1255830497477,992.6037313777173
49.00153655510082,47.5499367753542,41.695383689938105,85.41023381676371,1010.3289926967017,978.8913498075383,991.1654650204391,1002.8322070483839
52.949083451560846,49.211953426715674,48.31600835181855,38.45941897552924,1013.4918003956633,983.2878423076186,962.657909647394,1980.2514893820758
51.20385819160518,45.718286483086416,42.938239830295075,43.801329236219004,1008.1371538199365,1047.4321956070578,967.3797269473948,1034.425830447607
49.503312367823085,42.78177201916133,36.961175680346244,48.52081744418852,984.1905387014431,1106.9774575569832,1002.2302375998715,993.5584282710051
49.539702082024014,41.21115493035536,39.339376353538775,46.95437937692783,958.652999964773,1080.4380049975387,947.0873417274763,1020.730512737046
43.12208743361896,42.648750065655136,44.3351358205646,47.920892586608716,2005.258098175223,972.0127127948086,917.9983824282206,1022.4758953539833
45.02424762016811,41.76992751604814,50.34047696188256,45.54989322738025,977.6284223461632,932.4749528347338,920.1016077723161,971.221501648362
53.734544144129046,41.65914490033244,46.83820486935586,37.267256490463225,1013.6494492905431,995.4270645637221,940.4914570833355,949.308727175248
55.25127141055885,43.509406129792985,45.180909110159206,41.511042609924935,1048.5407397610986,995.3565004174133,1014.8393707139122,980.633553662515
51.45665537278637,44.279292489432926,47.07743738498776,102.94778225905307,1054.3393489059504,1033.7386279628001,1004.6990091101572,996.3106494459153
51.22025776090676,47.579498943296244,44.90770141118402,41.27993178663913,995.0063819215004,1030.9308412060054,998.0937778840607,948.0644674376116
48.14864525739951,48.45135191821852,48.447755303355834,48.925958771735566,989.5483348084352,1024.3684473485705,1020.7280189204353,974.519268031296
48.54777007839665,48.40362050345792,45.21289521371563,49.62571444493936,2016.5022825861563,1002.3942913832403,977.6118135406787,2001.9986603046
45.9230469491024,46.552748554693736,43.28514033000026,43.48368851077549,956.6711850006745,975.6988520050879,951.0555833306521,1048.829085555954
41.66513779511247,41.934631252375276,40.62329559048984,45.54707753795009,999.2563390532337,1057.2853532315448,968.9287143664889,1016.8282686157843
47.70038716695343,44.743461305820404,36.14335671544513,41.700424412301814,1018.5146610418574,1069.2048124268613,1047.4521292055713,994.9617477835502
53.77338213896731,46.17475741004609,40.8515901963637,42.25952182406558,1023.8650559642446,1017.705194622647,1056.3291152745755,1037.4029049151204
50.95309825532834,46.32911565373122,40.43806162007948,50.64057081398663,993.819076170947,1922.7433530192568,1000.9897280797836,1049.3438513303668
47.28233226204266,47.216955711635705,35.54640543841636,46.519371349154724,997.500046184774,1061.78893355692,1985.3048989727915,1029.7631208889597
49.80559055972021,38.09815122785756,39.072139027154215,42.78608765684947,957.9069320473457,1000.6417544834499,963.1617828882114,988.87533626231
55.32554856223999,36.928682425535364,44.16906582389977,47.096663242424725,918.0252349310651,1989.6737496968499,962.8838027344439,980.65417815038
52.40842088366827,45.31036662459454,45.51624284255287,47.13356154551779,984.4745143951409,1050.2212517353241,969.5291050510849,987.5181023052576
49.48238970758697,44.61723140932127,43.28946460865468,45.07392821050249,980.6744051341085,968.7679387717633,983.4356695145175,971.3124930322263
51.30975876228119,42.85602244242545,48.8012708267217,49.82247380194201,954.5087737863771,949.1678046279303,1030.094280047068,1002.4026184599115
51.290847798421694,47.148151625171295,51.88128508336108,48.1401785137181,1014.6746184027095,1048.7284341061454,1022.8323742351434,990.4946079076965
50.73142401956332,45.93525570629524,44.04157370598179,49.56517245676362,1023.488509020349,1073.0857300386167,955.8902068307469,1017.2480286683157
54.64754763229821,39.710619130802115,41.80077954420897,52.71657849837252,990.0892204372258,1019.687689693719,973.5133765503684,1038.5138319809155
53.460220807477015,47.3719238150969,41.29592585652449,46.30300078170778,997.6859189078866,952.6385202494264,2023.5405851850621,1033.916013591657
45.9309095408019,51.09582780114644,91.3579069342452,45.3628041550337,1010.5384736852261,1018.2841457967759,999.9906824900963,1030.4169337251049
41.92863668712627,40.6687237243993,47.32779925908507,47.24558437300311,989.8097633218042,1065.7964961473876,1022.1017816543574,977.4169937037719
43.72631056750396,36.03018610196459,47.7069754722587,42.23482887135797,974.2939956439194,1989.9905980339668,1058.966780719898,978.64754234022
48.13230154658875,37.37136380152505,85.16373826090657,41.05287960869937,1011.0840645726437,1079.929449026144,1029.8746150632871,998.117416789371
42.606359543269,41.189208703279014,45.84401265477125,43.636720950896034,1014.1166005238094,1044.9551137104504,1008.1756280519728,1029.2701105637298
44.02086604461513,43.67441446212749,44.5946319853651,41.94792882294902,1020.1008185051672,1050.0131672101193,970.178840051132,1956.6235116868731
52.292306221965774,43.87565472595654,93.38639861828742,44.48969984518749,1028.690577399533,1046.578008811666,913.4191506557308,985.2106343128914
47.53310965699268,46.18313479246128,46.47416248971241,46.73578152542388,1021.64794120908,981.6693256800788,932.7555616449134,1032.0699302536086
42.71926014585842,46.29678569961418,40.788725413891356,50.290697618703696,1003.1601427032172,1008.3341742082888,997.1911962815625,1029.077577248576
44.61087643584865,46.174312662387756,40.17802963787644,53.0418969534206,990.6202797384078,1005.8296152367293,2046.3856501217983,1016.8259219686668
48.636817243241225,48.3468452321955,43.013755659881355,52.330085795432794,1027.3199287015461,944.4510693708742,968.442609951329,1027.3315522791095
49.538230145378506,50.03563397400184,58.16762224590106,47.72579361678651,1067.6255721729583,969.3906895825828,1002.475749537836,1978.8160835569115
47.305680912969045,52.57731438187268,57.82615006959132,43.24527030596252,1043.3041718074473,1021.6247865100491,1041.3670981757814,981.8267708078758
87.07466504420704,48.99817111042799,43.91963853843397,46.588319865426584,1036.760643530406,2018.7569256636145,1049.4696327320512,978.9365449886686
49.79701864302986,40.74306965031361,46.835320169280934,46.51725076430843,1024.156727780462,1008.0601193697491,1029.5542931126404,971.3243363921649
45.52175700971564,42.12553748026869,47.16907960292241,44.28919336481452,998.768049763167,1042.1835761360726,1002.4036730898456,1046.6441488503187
48.82010235544109,45.069953463354125,45.873098598832144,47.297370948354924,1010.6750341889359,979.1599918133259,993.0393124260136,1077.6432468327143
48.917183222409676,43.23054105989637,46.39241293674762,42.36038791103527,985.0320619405368,982.8109169321453,1013.809121165682,2050.572655830747
48.378502638068326,42.42249192160562,46.25731226133247,45.13470417944281,998.5812894316894,1021.3475251959392,2044.3623433558696,1021.4011968053361
47.97498913453796,43.8728686112259,45.03591865998354,52.951194428610386,988.9102326663705,980.2029377676454,1007.392685891228,1023.8608336478515
44.020872968875835,44.414536011123616,43.23202903355539,50.90629744963597,968.0286859310868,991.6149188678958,981.0242674131141,1027.3761034787701
48.14178956116703,41.65462579208936,46.9935628073829,48.85262990516523,1005.5545425631337,1078.8466206361088,1021.4729315470604,1018.3169045381148
47.568138090707635,43.29404476847314,46.969004416716274,41.64637382900594,1022.2672864204799,1113.1746510558557,985.6490739055628,1043.3964330197164
46.787861432631416,42.74503884617328,38.50457827056057,44.80966356802652,1017.115403490151,2037.8059361613737,966.6845037670714,1061.240338341589
50.63108280959028,43.97031766347325,39.79017515377562,53.46572418010893,1028.6852241777715,993.4010030088558,1023.2305234852995,2016.2802043939728
53.904795818538574,44.923335084251036,94.70659890828142,50.20510955022412,1040.1826714694832,999.8920242230166,2040.7848285718167,1048.5896023832613
49.22100691128533,48.66368476329894,36.97026710638666,35.65658582593419,1025.16922252547,979.7538200861705,1995.025413237086,1048.508934187796
42.98352412711709,52.76656443869817,41.961756349364975,36.587579157120345,1973.3050968860455,2050.68548542916,1986.0817852158295,2046.4988709801655
40.390750995186266,47.92495781473979,49.37681396046288,45.57298564857748,2031.7268662938925,982.8165202837013,1003.0472058941291,1024.4660508399752
41.785331824214865,43.12403153685372,37.595482564923095,48.30765678958312,1027.5281880949694,1014.0981840445846,1027.8210765214549,1076.3764106530898
46.4496101231905,45.671425052762615,39.68572492745436,46.021246399516926,1023.9078111983042,1098.0790850663511,1080.3738708499702,2027.1429758889549
50.97645702203462,47.7642817842315,50.99718723378105,44.961582693454574,951.6858955333569,1059.8761636667193,1063.8997458456718,1067.6128994992896
48.743703307366445,41.699721456387024,50.828054547148625,51.36133048879137,2013.642507672569,1045.182632017455,1035.6037601245594,1990.4625988597716
46.80395174810032,51.643594994564175,49.97808382885403,61.379276283470034,1147.7187185542623,1038.1431668755968,1990.9888140843823,1046.4653634003182
52.343637312076595,57.23943260903526,41.148966168183335,61.313475460538015,1004.1602015966525,994.6387869584349,995.7098089007276,1993.4168448043567
52.52292434831883,40.91352382170206,38.7144010027183,54.83175398025651,903.6274374127363,2006.1092239322115,931.7648056153845,970.2439869225468
49.42711052268878,40.59091618502663,55.63686789733101,53.733096269777064,1015.9829590166231,1083.4446312653167,1993.6165779037765,2044.7070741552639
50.280042758056176,97.11464998828924,62.27533390915006,46.47317332828281,1097.5386687211715,1072.2135850638958,1063.1695038128032,1007.2811121173149
40.07277919590601,45.21574183266186,55.732434321975035,49.909905175525964,1099.751942294345,2000.5250309538542,1012.9638383897238,964.3943478062383
29.192064868670144,42.96722896066081,35.03362225844786,53.29326761056393,1038.4024761574867,1991.9676465824152,1012.0981254685307,1031.8425083206482
39.92647092474477,47.28032302386846,38.13507174185453,54.70440927177254,1077.1118528074733,2035.3718726669713,968.007315913016,1097.9128099762358
91.16331191378619,56.71648583060248,55.83171845957498,51.0383250909464,1062.5717373628981,1041.5531352746593,963.6428979676942,1056.0646261527572
50.81532134250706,52.72162176451689,47.146338740808915,48.0780441035545,1014.5020892860691,1023.1283241886172,2008.1521066536866,1031.8571919699762
47.52719709828688,43.61518929751286,37.34588411244785,50.23289874089083,1050.0295356168967,971.9472762527753,1968.4842962539988,1025.5453780137827
50.63470430020631,40.963312697200436,46.86688932325123,46.411811243665554,1064.241448215581,1020.4794641754402,1178.9058373360076,2005.523716789698
46.79332905801651,40.15012376531426,47.63631776033279,48.96524989556589,1005.4462276091725,1972.7403885723218,1191.8964257980151,1113.8129083655347
45.57242030753931,41.394695842291696,42.9325561202595,46.15245782933014,918.3883065772513,1098.9082424028538,1031.9026894715216,1033.0882255604354
55.27305847827228,51.93929022574836,54.38863286986519,34.25537914705863,2005.283930457943,1004.571542225967,951.6338879833653,1039.6428673353696
56.550939794315155,56.67232380504994,50.021799742747646,31.72134802950548,913.2551046743168,991.2641190995618,944.1998225089687,1078.1663454147943
47.4777669619649,49.77802219708847,44.31877634794046,35.03861013822803,971.3253619914876,1004.5785573140486,906.6633215651365,1989.2823895041738
48.78459846429025,49.204594679754564,47.019753221164024,29.162886339503242,1020.0085247038055,997.2922241771472,990.3378101903554,1981.268253970774
47.9234282867014,44.401419911879614,45.39729693305358,36.17623789575373,1034.0258958992265,1003.4749980091758,1125.8138175295028,955.4530547797292
51.89572968388997,38.94772328579392,49.5160376139941,50.43677912890781,1048.6268232095094,974.1400238062146,1056.3843582267818,980.1912747427943
48.74988987422174,36.968882640412,48.6147066448074,51.54922566019934,1003.1191540840605,1021.9723398771157,907.8861800357724,961.1310235243654
47.00647069283421,39.99214124468402,48.73560326240062,57.65391558290569,1990.7837855503133,1048.3992243407247,887.8131940066764,964.9076838219728
51.9344876570636,49.530849882671774,50.47249967527638,49.4942277750308,943.1220431105434,1080.1843989607946,963.0108964893908,1993.7680996333252
42.63657262553035,48.16040984200198,47.10172539272922,38.07732576887017,1990.9548424747786,1176.4540665966938,2000.8688722606078,1034.1317115758507
50.09755167721303,50.74383719063092,48.54863419637536,47.25116890863028,978.7447316875653,2008.6187689189649,970.397290329594,1999.8280058281082
57.8047443852134,100.58635378879211,51.68104119525911,44.2300060235773,988.4618585864075,946.4081646155713,950.5889769469431,1024.2168225528856
51.00892457542209,52.8141417883468,48.85617730610578,44.17964608318506,966.7734425747972,989.3949861879044,973.7798278092982,1046.7096014429494
55.479050360541905,64.75119101345409,45.580053610005855,57.58949575799903,846.729821895947,1023.1777688037362,1086.537191018946,1055.9695529157698
57.70972905537322,62.95885932166888,48.9604339502487,54.784464548491115,879.7615349381424,950.1946067509631,1100.9435902941193,1025.4416768900496
53.664482168068226,60.404289204438925,49.16504107301332,43.186029915051805,2031.8208803152665,973.5527144074654,1044.1904576142379,988.5337385182286
57.05268996577593,64.8273646412335,50.6435626790781,53.78193204324106,2005.9034046428555,1032.494493186686,2083.846237271473,971.0197624676343
52.29777432865819,59.45166279551749,45.79779998028608,56.848813408017904,887.0297947706686,1040.599660355474,956.586191996434,1010.24381599762
45.85522324568082,54.59871690674568,48.96033277751748,46.10456373169069,965.3052606534941,1992.848505761443,997.8888697552785,1011.4003783080409
50.07702112998878,59.038301447301016,56.057830086389934,52.75418709509622,1041.3895075127762,941.5729187620552,1014.1572413560292,952.3485356875779
53.655187413786635,55.720177443997365,51.64024537176052,59.00818888480355,1059.2740259067457,971.8052655738522,2032.6379350787768,1100.2036109804853
53.696559058349045,45.60148797170537,46.2504550923595,56.026629749761156,1080.1647941320011,1014.9281208487388,987.9769323335114,1119.8072852272685
52.45942659592927,41.81599379216162,38.31607027376465,45.75498399445663,2004.1190508643817,974.1005499525043,1048.0872925138888,1007.8743261735983
46.36249910040222,41.395822310659014,37.32429757696816,46.33067068066386,892.5720363033003,1013.2475667038907,1056.4405384945712,1976.4154450127953
45.08118525388478,45.5158433745312,43.080838993519365,61.36291362475428,1046.921765158092,1044.6402419824535,1079.6665464574687,987.5070552969466
53.64362375279679,46.655575269827416,45.073333187956266,61.11313633094929,976.3120274992234,997.695966708459,1050.9563565323235,1020.4158032021458
52.670416915934666,49.1623858168132,43.97146329791526,47.87584888443398,877.3376387280748,1022.2063425136737,933.0092913869715,1010.3113270818407
51.42450838526561,49.15187143426574,44.696779806341226,46.10394388531937,2038.9971317786135,974.8979694567633,929.4495255375349,935.8579327581298
47.95205500608826,49.989393706791375,49.905930944586714,51.016375997750515,1080.2175845604909,929.2289012952124,1944.974674835481,2045.5527268967314
48.40112279758944,48.370176015330834,54.177399244485564,52.27406026265086,1012.2077821565954,993.2984777601725,1077.1883303812203,930.1003623340462
54.43182293472453,43.30741903331051,61.41572779416411,47.667943451573045,928.5446753907418,1054.3745879539806,1102.5224399562424,994.1296060161421
53.86949125538692,38.73673811054922,55.48575771127716,57.76960659895457,937.8817178856566,929.3370018767363,1120.4512120642598,1077.9196065117353
54.68074864612437,46.36705029664189,43.12324355427761,56.98744662026418,908.6416995269011,915.6144487063274,1082.3049162646894,993.7164869730125
51.55463669544679,55.991319555604164,44.86339283885548,42.34138691354463,875.3172828249193,973.3410682361401,1983.703571638993,977.1456561647108
48.844177569533656,48.84481824406615,54.32067127261253,48.33578980351272,936.590807674678,1012.6161205478468,1024.519955525536,974.696949283571
53.50423819369593,42.39421792065048,51.497679755215856,62.988514257417464,967.587797915854,1083.481112251249,944.1142020157554,1017.2479331642671
51.25940016741793,38.50863126798309,37.033581307702356,56.68062708183075,1047.5635912444252,1063.3207485229332,993.6447230022309,1061.2894942796356
47.359725528695236,39.414101046573634,43.65614205128135,55.22616466000056,1082.6602121586425,1039.3117494763887,1033.2776030706814,1974.476036729175
83.0370699786638,46.05975681203098,52.42060436040353,53.33199400607906,984.9161934624851,1988.7234461893204,997.7212522403058,951.8939684512543
55.05969384357985,43.72689131801431,50.83902522385867,46.86974294078115,808.8174137303964,1977.5840908882408,2008.9804164387328,1084.3744448967748
50.36393366257363,39.91235395786174,50.35859391252578,51.647205900319996,1953.0243220122552,987.8449850713052,1074.8285536860299,1998.491860243141
49.42059679517117,44.27783225647929,54.33811249150228,52.440523330532834,1012.4700501327479,2001.8329173481495,960.4235988491743,1966.3959825518364
52.59151344949936,47.943067194278726,46.0846505407946,65.45761240340374,2058.661460747665,990.9065723977903,898.4282129667074,1038.9340637125756
55.6619973075202,55.58040345218542,42.02226478119203,63.31321437908277,962.0416025507516,995.5428528898215,992.149433096838,1058.8905552036308
50.40607341471752,63.62451639541771,60.70990085808168,50.426950161877755,1053.3879672911899,1031.523847675066,947.0392258788859,1043.3474020690846
48.940199890999466,57.33083322127974,58.269631336894825,51.100922570251136,2066.6216990495163,2028.7169979057157,2004.3507701769693,1064.8403359466386
57.67869197518441,97.28094987967768,49.02634518353487,40.96323722970802,949.5901024329487,995.8776384683372,1036.500890717461,980.6862881309996
53.775050642245226,49.46095622672395,47.47524476815423,31.610710690947826,984.4543664850835,1004.9307390864684,948.674710292097,1001.23006216896
50.79179484597574,44.95027326006778,45.76477599178456,40.65772550061613,969.8534826545456,992.20758468912,1006.09673144204,1059.0992602662554
90.46754093017819,45.98122833014318,42.915129394571125,49.7384089989915,914.2107641147063,888.3932712979083,989.3093293323257,1097.2969812102492
57.53683696914388,38.33883962058242,36.24270715473662,55.30167827700527,895.180124394016,2002.1232320648564,951.0564708892937,1136.0133861136032
52.37968937526448,36.922378300679796,42.221676879553854,55.113530107475825,960.226003848597,1016.0578470290959,2017.9111401629652,1093.02861708947
48.7840749842414,48.24255798498156,49.77378066020765,61.72575847917938,909.3451382302615,1025.2283203604964,914.257101248533,969.982395220906
50.14287918047672,90.50314163092908,48.94859624477208,61.02033186906966,861.5734655028616,890.5059176989761,855.2650696389792,966.942616761406
57.409654599303934,34.882290034392085,55.98439599036435,49.26301658815581,941.6572041680247,991.1738680839267,934.8741026066707,972.8439347386445
50.958008464531176,43.56288820431013,56.45688676879469,47.2371984266689,983.4791166913957,1995.7319021738756,996.1944941687964,966.8660697536286
42.26779982396545,52.97438890225811,47.60610597599032,51.93826579146463,998.1070115163368,980.8329543828506,2018.4141114813726,1161.010679899323
45.857691965443514,55.066059004649944,45.893982147438834,51.376422439856455,2005.9620978969222,994.1451132759782,1005.5147125999716,1183.6740627071895
43.0337848400367,54.2382354655147,52.292991946350874,46.79173891576717,1091.864521363785,1018.5866907285617,1027.457327552232,1033.8729418486696
45.78655566535226,55.196554081604276,46.17554757757924,47.562019104410766,992.6765118244407,1080.2214336482798,994.0799378261003,1058.079335370663
54.79343155210333,59.48468481742562,40.41993426436916,48.34388293916048,953.1659515080501,1059.169546891595,943.3207209244638,1045.6151121434243
95.09788460842212,53.96472627921659,51.10871600762931,45.3593318211032,2022.0927149287345,970.0140968752528,1003.4634262049785,1035.929126932862
59.775913752581125,45.54395538073358,58.17846322630703,41.617440520952854,971.0851670783662,943.3814380338877,985.1191545932364,1038.5960540434949
52.94389752918907,49.177371789363065,59.993277503533285,47.34665454527793,974.5049899515113,1990.5912978930849,958.3371212313097,1069.3959968031154
50.82298704030159,51.500380322705354,53.84327645548207,52.56759035213041,2001.4624324156216,1042.5412761427012,952.1383347943195,2026.287448472653
51.56229242782521,49.095662230142324,50.62971621120795,49.53714479073004,1057.787409139617,1014.4352737912476,1033.7509765936181,1068.1950133708187
49.85990570886489,51.78938610291219,47.37849950320079,44.02487331614363,1114.3694610511943,952.6758465563312,1130.4280741362065,1035.6911098196204
48.51727877979242,46.552753126545554,44.22680729676834,33.4439144706499,2015.5400107795242,969.230927866974,1108.6468608556456,1077.709291309559
53.670163443171404,42.84019963794012,49.211973171999645,35.53999221381456,969.7543841005341,994.81395172289,1098.0361026904725,1056.332839702784
57.15167287806101,54.57787374826482,48.484179969725176,42.87743348278312,921.9372513960334,958.1648568629623,1073.018764829343,964.9023560053647
49.60822150734742,63.021993719928986,45.99674063681522,40.968232887853105,952.4471053717702,986.6785114609594,1054.3500347047186,967.0525829962947
44.83878432870085,55.12137359429198,51.2982612374079,42.253181786882166,2020.3369183064299,1032.2374883525888,1006.9263147541928,952.9651492390276
50.25737709843216,45.19224419572821,50.399295664187484,43.046450355078996,1045.8226717230182,945.4172782385399,934.0863424364162,983.324039722892
59.90964633018697,48.35540962633432,50.34247357544849,42.14287950390465,2001.6979437404912,928.8927908940248,964.3886094389895,1104.7786528303404
58.531636111553155,53.01765761727995,55.91226388612509,45.7269027999095,934.3749641022165,1002.3424516447369,1079.3078586812298,1991.7547575749236
58.92945601904454,49.216694519857825,53.10574659690399,49.203004107365956,881.0161942491914,1026.3897614973826,1046.0487540181127,994.8593336985118
59.18183250283059,41.65358551042322,46.45675566296637,42.62647892838368,1957.0972646420762,2033.289598126823,981.9254136113434,1092.6852541345488
50.219922454513174,43.792506831783015,51.53598681584501,50.38615641451509,1005.2261747365453,1001.7169953646055,1022.3751239782179,2007.9068421215968
49.50724586477837,46.29923185061124,57.91741129185162,56.32490293599319,1046.9398504331475,1054.013784196134,1089.9813355063086,995.893125880745
54.290766712176456,46.548539546562175,44.90494900361149,57.02748299178242,2003.0710149720362,1057.9809606180838,1028.0050404439971,953.0303116527803
50.315095487652506,44.55657355271924,40.19704760173589,49.45958902196323,1115.5765758318735,997.420910964669,980.8746897803112,984.3575537588646
47.76136471869587,47.80951581307126,51.95434108231949,42.7683772327732,1007.9754177327778,947.6163913223475,989.7684008890211,998.0951487791882
44.33205516311676,55.57975535392962,49.602024629797526,45.83822427851422,875.0493553566328,1983.8325057120926,2000.4492224928947,2013.7537138414793
46.189384953158346,45.3843373042518,46.462230860928855,34.908837873240515,970.8897449950086,2041.169836707099,1053.9747769374912,996.4329961875594
49.04328938182846,39.02555668574664,58.44617259891964,42.520991018514806,1022.8683834231833,2013.0654261718353,1008.0595486975628,1042.0881099867327
47.10242184170958,43.68764111307193,60.59026630583001,49.024775202139665,952.7803698145905,1017.4733239925462,979.8414362992218,1105.8700758553382
48.34819786083095,53.536435517362484,53.91716173996781,45.3757601501585,1122.3786054589564,1973.747199075891,1068.4436790822429,2034.7584619981703
45.28698534495058,53.48576086738399,99.86941565891784,44.03792455691617,1092.281190904734,1018.4376458794814,1043.4741480125908,1082.3502502380368
44.53259150255644,54.035759968104614,47.8190689670422,43.944885218763545,922.2112985153256,978.2567805982563,985.4282624270309,1069.5815482382775
45.857723429797,61.3697302981058,41.78314589108197,57.50250224044078,2073.854590266283,923.6754464505696,1009.3769898253067,1998.1788000222327
