TempSensor0,TempSensor1,TempSensor2,TempSensor3,VibraSensor0,VibraSensor1,VibraSensor2,VibraSensor3
42.56696220247457,41.714091725368505,38.64405561279451,32.102528105971444,1058.9847664412828,994.643375227778,1977.1786449196238,1036.3847988550474
46.580733225123254,40.610736730647474,37.69099209870083,36.69752738361762,1943.4099150059067,957.9350745538176,1021.9042233055527,1036.4112090483854
44.76888941001572,40.64757481179308,38.15391835170457,36.97367409301616,982.3723411449855,1976.8019177515728,1015.7747435928889,1028.616187714837
88.00867211384028,40.079926381636525,40.38487170904481,36.2464355461591,2011.0118115930622,988.2244744986241,995.1547846758912,1014.7552849793974
42.947584907764686,39.08769764025881,40.17456821768951,36.08512079817073,1017.2286936821838,993.6269240339616,1016.4076923624383,1009.1886343472702
43.063202079463125,38.3188889526088,47.00436219331423,34.2418487806861,985.6176640037054,979.5237721281271,1021.1080615696148,1021.7720010469511
43.96382977657241,39.70350523377878,46.765795414289215,36.86757909634548,976.9453850215667,961.4854571817893,1014.2812773156959,1030.7982368121184
46.560883560008904,41.552716731760896,40.1066957165405,40.737875538626085,998.2630208054401,981.8918343986417,1023.4690236222078,1019.334807877688
47.51613074769443,42.88819188577057,38.873191027917784,41.92452116436819,1009.368672878988,1031.5511963557447,996.6408709711293,992.0546137513645
44.641786292623664,44.68779293804444,38.771805188301585,39.52473875857725,1005.4454064394242,1070.8187115586136,966.0197910879143,994.7512386113742
41.98907594205246,45.21838462448506,37.95824653766865,31.766159000730795,1002.464427358309,1041.5039302748653,969.1509100839166,984.4361531431473
42.60843303367729,40.27653329271501,38.21407731790862,32.85140127556592,1010.3810142569041,2017.9352608740646,1967.926641421148,971.2207267269619
43.36625452244412,39.75757840146413,39.96640795159231,100.54227158932544,1030.089222278379,951.4223696359087,1020.1308284477542,984.3652108041063
39.9028058157175,42.290898587929476,39.29886924949207,38.929094973329065,2043.8608195627357,927.8181018408129,1008.8583909548131,981.1639698054204
41.23907549594321,41.12034221587583,38.24381511368064,37.34833029068062,1000.7527971729319,975.0115326276632,994.3589427435331,997.3196564685832
44.199994893883414,43.99506930439934,38.49068448499554,39.82463315101482,1030.1171297563164,1005.0234832075607,1040.4373861695021,1997.3523940062119
43.28970362222422,41.696985571340996,41.80838865610178,43.69012236992249,1043.9288267793481,2003.2314363863693,1017.3187223051566,1012.2029301674402
43.84940247837882,37.59349297395737,41.06507713034358,36.99637535091197,997.7574844218414,1971.979001845512,951.4458946777378,2041.9953639247897
48.38238891510809,40.61166652060991,35.13470290856199,31.271839579771395,979.0960250814705,997.9096376768036,976.8208767132082,1019.7013597007935
48.23976435719189,44.60707192224106,34.6839564427527,37.95880742757634,984.2553566148933,1007.5173793513914,991.6062639057802,1014.7887597258626
43.65734343743699,43.60018508500914,35.6630067474755,39.46559420383308,1002.8086477620614,2007.8083660616946,973.5052864016047,986.721837569958
43.42775747449814,41.36263041675461,39.22444192830749,36.32698780470673,1022.8688515719613,997.6080139440919,977.7535413916028,966.8677549573025
44.09550046562945,45.324940644178824,41.21957147894956,36.23069585719192,1018.5640647805751,1005.7103123384416,987.9512150475589,986.5869770167444
37.49948682076645,47.810738171465644,36.8433496564062,37.440011348349586,991.7271329940643,1979.280327838179,1019.5424367200842,1003.5656771195383
34.83557021031267,39.686469204450916,30.638500919591475,39.32802303461735,1023.2824799674696,1952.6593585059409,1031.3823705890854,982.0444003527301
40.90908965912696,39.20387322619859,33.917329673771064,37.293625830444356,1025.67436589716,983.6982109946186,1009.0567251035782,995.3403227154427
43.19398036331745,42.845257596224926,38.039710639001946,35.46908790616147,961.3348109906242,1023.110055495305,1002.4733096994265,1012.4020442800132
42.44612667742754,39.40471208268895,38.19787541556419,37.429851738289955,959.2097271958762,1042.5590595322706,1018.0247652878184,974.9559232737631
91.88564249127303,38.2077642134144,85.50293616206527,38.337974839430885,1007.1188929541178,1989.0903215109736,1021.628955317195,979.4121718950903
43.89312304061568,40.77360696958556,37.03020053569021,38.19422831199832,989.4981470325362,1931.6315421626923,1013.7080906566011,986.0466359171483
43.8975108200564,43.8267561769609,39.57580710538158,37.02037406332751,984.35319329249,1036.6091732438258,983.93118435052,1003.8773491224849
45.4502218044384,42.458583844778445,39.49278549661026,36.949248489363356,1003.4481274965535,1019.4937541541781,996.2998939093776,1048.298029144005
47.847344558767205,44.10914701599438,38.42420102268922,41.85254607188112,1005.606982032905,1009.6046917957476,1028.37187807411,1042.212391634895
46.37982356372558,43.502778651654175,42.3338839594839,39.90019171255125,1035.0525026492867,1000.3878740614227,1005.4346932402445,988.0818740703272
43.650184399396124,42.48655829459909,46.02297232690317,40.44369763109559,1034.5400016222757,980.1222179986585,990.7115126292856,977.6306834405132
89.54220101334526,44.916053337532645,43.97457934644426,44.885570729183044,1001.1074123748688,1947.107626740714,1009.9756684432024,988.9156147003206
44.75732292388072,43.306365709134106,36.88046599644315,38.54814956609951,1017.1729134051345,1002.217446125682,1031.6425700147195,1011.4013587808917
42.68923230817297,34.146012197373175,38.60384810011776,91.29834107088497,1026.5539729704717,1012.9576509969593,1999.328491304913,1012.3094644851901
37.161591212938006,35.96677538993429,39.52863681368068,39.6774385110521,1006.9755991403672,1004.2131333122359,976.170622364036,961.7312915212178
37.62490431325185,94.49881060289401,39.02285999221578,36.856247983567414,973.1329761316581,993.8507180434073,1001.4277766777084,959.3864960310998
41.080507326837676,42.18451555795106,44.20331904732126,84.72407811309465,992.6498654389525,2001.4763426727488,1027.7753824330923,997.9579148966887
42.20601406886752,44.71102810407915,41.93340293581301,35.3706745760457,1047.9161751195084,1028.437760249481,1976.205457498564,990.6241670163424
44.61948498511685,86.05663026737119,37.57514005727838,34.498345470540045,1009.8414948742488,991.5925788461029,978.3994767147381,982.6876770098779
45.96259050182009,45.89416264733276,41.68702491351692,37.05584668884046,2011.0448854752453,977.7188155689171,1034.3339241845247,1011.8659985946256
44.86656100727572,45.985358831748755,40.97841681488628,41.05568598147818,1037.432903530077,1003.7162162582222,1040.5239993517234,1007.0837601770305
88.02798683337856,82.60120689506039,37.29704224533981,38.35156644659297,1028.1976783243877,1006.7560491537224,980.047189564159,1985.5627435831695
48.16487807157792,41.21546111302492,37.02266359085671,35.942096757002304,1029.0530678423584,996.8366360551752,994.5791297263934,994.6748399745808
49.3555095329733,46.65782687897543,38.35219702636101,37.42521505202827,1004.9765088839156,1008.2337990256996,1008.6864214972337,967.0375514167762
45.910923428266486,45.943710094840185,38.66217165410447,39.65344435055824,2029.8780668708907,1957.653797374591,1969.2163840881026,968.1324996335477
47.99323974046889,43.5337796113421,91.9722085648321,40.388951778497116,1012.7101592526703,969.2782117154889,1007.7628736212615,1001.9396177748681
43.458418424166425,85.11734917502292,39.973564424753846,39.22383055053611,974.2000893880637,989.9970923068508,1016.8612243706739,988.3490354409296
42.30209953922248,43.80199951020123,41.201714149014464,39.18167741691773,994.1778352085971,997.7440450077081,2019.6018851362296,996.7887033113681
40.941644667070676,43.477777343426624,41.19936385688193,38.5863129149973,995.8986722363379,1007.4018395375213,1009.8358393821269,1011.6927916581451
42.829190722403865,41.679696725996486,38.69350808449873,35.69667849566676,1014.956264786103,1024.8034534189503,1002.422240035541,1023.0500788130919
47.2891180370912,39.879682981335705,38.323401482308384,37.133609474039844,1028.1117048283868,1021.4755740821927,1014.3309737640761,1026.127578444157
46.65947279701523,41.03329571340878,38.429795238019594,37.9314050153877,1014.7860062224013,1016.0887788957607,2073.1537484816367,1971.5476075704496
44.39953443965382,43.39066925220969,38.85601372534671,86.95206086047989,985.1316462784581,1018.4387672652133,984.4694909690388,1996.4266717158164
44.524219440051,46.846220680079995,84.93424849180973,33.962599797385614,988.9200458007726,991.3849089268394,972.8787347385291,2046.400475032546
82.70221974518059,45.857162156076654,37.80998327374135,37.78777717965285,1938.278942059963,967.9349909196027,989.4828257239299,1015.8689728142285
41.53713358794151,40.599427730720095,39.6559776767467,37.34739076567102,1019.9841577733691,981.9902796463854,996.0944510415459,997.6003154251073
46.34327600326186,37.48683972388371,38.08249132613537,38.38982570634771,1004.6233574249923,1004.8000383824685,983.0186690225912,2049.139808759181
46.81067589256605,37.44482494800825,40.246658659935335,39.23067870209226,989.2535774166322,994.3581428818707,991.6002198354279,1009.7694749111665
43.66137153036756,38.75818086849894,41.94505267446355,39.90840101818704,1016.6872899296385,974.2471922021916,1021.004604641214,1010.9350315684935
43.75464765497226,38.51937673205208,39.71805504984869,40.06470527551251,2043.172998529334,984.9806595356317,1035.0176000170054,1009.7560425188216
46.755487035039394,42.5804862067521,38.51899908954884,42.555079905230386,1022.7744819493457,977.8568708292419,1019.4499617589255,1022.5652826815583
43.207241944991736,45.91727389316514,37.922235701706306,39.89579305656252,1056.7762563947185,982.0802513760794,1014.7553866404312,1011.1562589538923
47.18310611092529,39.8791663587059,34.37320489291156,34.98986133449341,1029.681249788728,1008.0188866940669,1008.9624374414356,981.7529177535994
48.16451860960612,36.69507281554783,33.18325096686596,38.824348296083315,1027.1779564993797,1004.3026860996838,984.6322937407965,987.1038493760589
41.02535020987514,32.14651343330448,36.42891398348842,42.440181085644525,1000.9699480945112,1003.018230706316,974.7289882049624,994.5813124167735
41.5198231004737,34.56652257201904,36.972846861863175,40.733887680823926,992.3628566182076,987.9018842561186,955.566052591325,988.028727948801
47.9725869436398,40.779399464253274,38.180715442182716,37.2779621035189,990.6180534890383,993.8800219563836,966.7461437649353,987.8230873093437
45.546613739301925,43.146251945034564,41.670250266865594,32.51196033493473,973.4768296720579,983.9207316403462,995.0065060531749,976.821416882379
42.04706915752013,44.36622957664187,39.625456264286214,32.02069163921624,974.2417065520542,986.1362595763535,1009.8500420259904,987.6985928513632
47.45604166563463,41.610639838274224,39.2527070650025,36.19723823591952,1989.2756202099029,992.0177438949415,1037.2162316329034,990.8352149634252
41.01132217646696,44.80752433013518,40.512999850097565,41.0514501075318,960.1883013151198,970.381424071542,1013.3158997790853,1999.5515855284689
38.10537106178448,45.28686598291937,42.03812546691873,40.31810513755374,2033.2917596195439,999.1028532234641,978.0517920031291,1005.4946922467668
43.84472630791927,43.31718212190984,42.50076809691964,38.935626183999744,1003.3002472689091,1023.9152413137454,955.8455742713336,1026.1009313114446
43.72320998625899,42.38305875161271,40.15678186106355,39.59767291787699,992.5404805654816,1000.4926955969534,967.3169947727407,1027.553491971449
46.798692064676196,40.33319025938965,39.932974934323894,39.057922112192756,1012.2438266246077,1004.08418797838,998.8995850631026,2006.3283108311844
44.89120067915792,41.851127248066206,39.852269484153844,38.67080780640701,966.2559591435484,1022.1037818173402,1007.6661649216171,979.3282098763857
43.058649332545755,43.79023606540748,41.689152551042845,40.326141025777844,974.7559331705618,1016.265698673677,1022.1135465337346,1001.0891590138217
46.45732645304456,44.39141970645709,40.325772132483934,38.611153629940944,991.5659988812934,998.9557522044365,1012.4791371199324,994.8460904836528
46.3437668262455,43.461480963663284,40.70907076171072,31.25976923321806,955.601915283303,999.423243063532,998.7774769963837,1017.3103901056504
44.78482353865589,41.5380129699857,41.03622877528383,32.13406598175392,980.6353791474537,1003.7288478563066,998.7690927033136,1045.3853735202752
43.5376809745224,42.00458709454365,40.69254001937662,38.235877406358966,992.1306026211382,1003.193778341606,990.3773996859517,1008.797895237688
45.35917624438459,40.80418715205745,40.2764402860506,37.49457119217247,1008.3231302775287,989.6582775137114,986.6234659016104,2021.179346949727
45.99235910187769,37.76583570004355,40.05049275001129,34.712958193663056,1032.495387002792,945.7104482695769,980.2874938174315,1017.3818340383991
45.772891815351514,40.486857475486666,40.174551400481306,35.1443203336184,1038.8089493411235,945.6375276054896,981.8098646969572,1003.2686959764062
44.708197537860976,42.909334575442664,40.75503740982279,35.90263345804094,1030.6839186291138,997.3601418069115,1989.3724091637046,999.0275398561896
40.183729971622014,41.03373223120846,40.369364356538085,36.35809667571803,1968.6998683502743,986.225113484558,980.5717081623602,1029.9244226639985
45.04428490973574,41.69182021335859,38.49223838901766,40.05110296705284,972.1869218876734,975.615170074441,2027.8623602651655,2039.0392770188287
46.22192710394083,42.9367243026844,39.44793460206787,39.215438921109524,985.0215870356016,1013.4432317170051,2036.2270899311445,2028.714346376781
40.85001253633898,42.97175509275704,43.303564394872836,35.63019926834133,2035.0619204047077,1020.0611015605064,958.4350870408095,982.7252542883826
44.898992362301826,43.47721654653636,44.63800571095784,36.40609598053306,1041.4565029045143,1024.412363297443,1001.4335517941219,1024.8573951528729
47.62770900711841,43.5967917916042,41.3919212027138,36.72111220882553,998.7620762436547,1014.749602917419,1002.602668715321,2012.6969857564723
44.671300786228,40.750699605203685,39.49311307373089,38.23285128125943,983.4189821419159,998.5531852695242,1007.5604241963551,1027.7595379440122
45.047341926501545,43.631447920682135,36.44698194329999,37.31986759986265,1030.9248389965542,1956.9422045015974,1040.1960368277469,1014.3712416842352
41.3184908269402,46.95504778415497,35.760109711581926,35.74837961460773,1013.041943323177,2048.2207744023094,1029.7772942794138,989.8494336538014
40.39992543163111,44.5699302730417,37.06429864417674,96.6138248375173,996.319093686852,996.0272012382663,1003.9769052265883,995.1858173013234
41.91422864015801,41.97823939624469,39.27683554931028,34.94111885354371,1011.7671793212245,974.1301190301915,999.4318476074848,1010.1877116734049
38.95304016756104,41.105329770384635,43.84553074032539,36.50334847401645,968.0264351001839,2012.132212310419,992.5551000276888,989.3266977134992
44.15394675065794,37.26220894094024,45.72488296047379,37.809419994361875,948.2518047907794,1008.020305833303,1012.5381592947867,985.7212571251388
49.38301954313577,37.30863101558751,36.98634971347677,40.07299847750959,992.0952839863392,1014.0812540650359,1951.2134554301026,991.6894055175851
51.787966580732565,41.786159371755126,36.35967707156124,40.90645810604797,1026.4656777329199,973.3740057920787,990.8467904360949,992.9104085725717
49.84883697561939,38.09715411073213,41.45977816552195,37.91573879919118,1011.5895672145862,991.3122522779236,1003.5049710638275,1017.4616615975508
45.83917912167768,40.27357881643082,40.28132008907575,34.8647934264677,968.2308225635986,1039.67887473651,1016.8693388079402,1010.7390577342139
43.740960824012674,42.686521601154375,39.74343138701862,38.21880570890025,961.4868703860166,1028.476263296717,990.3652430295751,976.886182011059
40.588092352152614,42.373879045167186,42.68982394597276,39.55821978686574,1005.8398505161726,1019.0836625495403,964.2382035449247,991.6888189944592
42.12767353274012,43.07621181906511,41.69845334332455,39.718063612882915,1004.2207085452089,1007.278313074954,986.0278553387257,2004.97475709099
44.46114819869213,45.36435835603371,39.909921367953906,39.37121224749553,997.9903834173024,999.0583069423335,1006.8857278798316,1000.6802997115133
43.793056858471346,47.26436208647486,41.396134620588086,40.03730827966016,1015.866628989805,1010.5194011436142,1998.1855898123492,992.5641667041924
43.185847634267894,43.01634356842155,40.28938598548188,38.40724757018945,956.6088552895208,2012.883918914018,1015.2757342651994,987.2856482438831
45.102734847852545,42.2219087745723,42.55411034616616,30.0425115186154,962.6060961029821,1029.6564397004074,994.9683709415364,1013.8487291037682
45.4917851443495,41.61782445385002,42.95781698018729,33.42767567499207,1029.5986830624634,1009.9621359593923,979.7920973094505,980.017662406973
42.42973205680745,37.66284633952843,45.30832440901297,40.575513719274014,1038.636671581231,981.2198106314665,1012.5211406915157,973.859092802449
38.25860698388229,36.528225310121925,43.74033434259886,39.325083126828986,1028.2617569187555,967.4740189485065,1008.3825060255292,1012.5189978573931
38.292730177507885,40.768206594556375,39.0003472709011,38.58485071547966,1031.8135238135033,996.7844453071893,1979.1859150722144,975.4159977344352
43.59446074573259,43.73531176711458,40.113186624142116,38.324643974153005,1042.2611557065384,1018.8153249162854,1020.3017902135315,947.5572785394611
44.59497259049199,40.53322499012012,38.96440695647302,37.40167986929376,1041.36148700613,1013.7530900492557,1994.1347439136005,960.2912511035636
45.67597502946009,41.35735591365342,38.10467652890675,35.696546208903165,1012.3708338706008,1035.4536986731885,1013.3737748685486,1998.6490663204936
45.447220284993094,40.14175374877958,40.18294168539907,35.21304833469606,992.1930343682727,1014.1522011611925,995.5556947880548,992.0479840750653
41.337627147689325,35.883769282992425,38.65993267117685,38.977998896359665,1021.6113917776763,993.7424708229248,957.827014125567,985.9148386216182
42.04171476416752,34.75630765396875,42.33745295370868,39.64665877050845,1038.6439875547671,997.716251129646,2013.6078502741775,998.2050004662699
42.231340215606984,37.66199633078659,43.051523810492185,40.11463094163191,1038.002696600077,990.0703444466214,2072.8377511530853,988.7153829705085
44.63013068773242,42.06960747360575,36.16337497909537,41.73174975598553,2014.500247508028,993.8187974514236,982.4357162799471,986.4695618794412
45.74630921271541,39.66218088706173,36.61841753662826,40.79113345269313,1015.288309670814,991.5842819096517,2012.7737636560373,996.4321540268352
42.645581930340754,34.40998218130964,37.679436499536685,40.950845170289945,1010.2606085477387,1038.788666438184,985.5557865328792,1007.5316102613258
49.74890096174432,35.01385014487576,84.17857456148279,36.34861661014933,986.2357022727099,1051.7274265928645,980.0985488244439,1033.2010172221217
53.046453306759275,38.816941096462784,39.14227349431323,37.175347518180814,1018.41684049278,1016.3796032826543,988.9946820582632,1009.5115729200401
42.948112396492405,41.35794800373387,89.52194007076253,41.84686539313867,1058.0178569293569,995.9209570988421,1001.1380185026743,990.8252794574288
42.17251616286049,46.970454331138484,40.78310224603703,40.16131814211235,1051.189904577095,995.6824705367032,984.1674346284037,1002.016663882486
48.28628313162764,44.89832716128349,38.752497648993554,37.09307910968214,1018.5629615667692,1010.646003574188,981.0568658765762,1005.6524419584038
47.95360103560097,40.262029144921954,38.48595577257845,36.23120957622897,1004.2336182165382,1023.3482373458335,996.7328142519848,1000.5002562730676
46.49252881612019,44.796312660554676,43.70229384236755,41.10330624080558,985.1084069350429,1027.1479035672203,2053.029669595426,1000.8944886911427
45.41283321382803,46.73488837116159,41.18562559316615,42.814307477248775,986.4912215066596,1017.6722289405246,995.2810209358994,995.6706487757399
44.60803954583172,43.49461332764656,38.01887759618697,39.12001229876441,980.3834206376107,1036.6457648601495,984.1321128580826,1013.5435249223382
43.76167234465669,43.01143063208676,41.200184721468155,34.888276606196165,957.3997829128924,1032.5246884318647,979.4598551362062,994.550041502177
41.72222610662335,44.073624809763615,39.15629747516316,104.60146764244989,971.5052971623663,1025.8809726619477,984.6063505754018,995.6353018332254
41.64933338475821,80.23895861201788,39.51238946270052,34.33933391063467,1001.2141871537015,1040.650107099123,1009.5699052914829,1022.3782913543062
43.042610542802215,39.8209278127468,41.58388132487521,36.523640071439544,988.8942139370135,1005.5196247194831,999.3604503706329,2012.3136547423
42.645644697940824,99.4318534986531,39.392421586791826,33.345162331948096,954.6576732251458,998.8336391216392,1007.926488751335,997.1329074340767
46.924776184988545,39.71202215800827,37.48380958551776,32.73697909869733,998.739867325826,1005.772821278126,2023.740652752708,995.3998967376431
46.45033851993139,41.572765388552824,34.21778381598923,34.87144585910499,2015.6919941828085,1023.8921874509615,2033.9869267151025,994.5750398918535
45.45531169500879,42.55483182475217,34.19529054214054,36.06713127649357,1020.3347717629728,1994.5428946965005,992.3795804863119,983.4377811647716
47.97762919729456,42.97720578752198,38.95537159463592,37.12588122004561,1017.9334450617731,1012.7372807127825,972.5166389475391,981.5510876355245
44.14140317699328,38.699825084443006,40.919445360249156,36.28069681478788,1001.0871883581294,990.6370691730682,2010.9110578488805,986.3641695090711
45.369964293140725,93.10855942839021,41.15486504237056,38.75488257035839,1015.5323171149118,963.8557255424474,982.3621260592031,967.1710124814715
48.72729155829824,39.75551361725879,43.64964184861434,38.61498838190727,1951.650226934101,1000.3131878684796,997.2453581720663,1973.5282738842125
46.97195184984672,42.32383608130836,87.01691123761668,87.90058787705209,1007.0809583949916,986.7382549333721,1002.6297676272304,1038.6428374248567
44.47399298966626,41.506140887869485,38.372552242356576,35.57687751850461,1996.73616106236,990.367121359141,986.9183551205547,1009.1137352743551
47.30087877773619,44.59470020851051,39.63844364469641,36.40230895912232,1025.9316241180568,1006.4653705639302,976.9471761663779,1012.8406352916397
49.303657949845444,42.18870581552454,40.417692259935464,38.221103012590206,2000.4646196274193,991.2859860669222,999.2407834263988,1022.640238691831
44.92689295335018,38.53933233027668,38.29700845503177,36.53445960806408,1002.043133267735,1985.3974971487269,1014.350296215742,1009.368834178816
44.94639009346972,40.28319352310011,38.633915862515224,86.94314976467903,968.4461101075738,989.2168865165224,1009.4369082715896,1031.5783428773755
47.035814144075296,44.449139938940675,39.39296659465437,89.2912731873715,999.7148853952845,992.629576971301,1014.7106983417754,1002.1876597069988
47.275064155926074,45.88796868283197,38.65906352203922,40.3778123460239,1030.945202663479,1022.7536243711938,1012.6163829410765,2004.9439571392943
42.88774321451318,46.13765075422499,41.54796174179202,37.015667107623045,976.5663496772165,1017.0858552146724,979.0136600212845,997.476527977124
43.484227952320616,45.55442904410393,39.306240500162176,40.444602626012895,1003.0945059907519,2056.708731768097,973.2237814387081,1997.6555288237123
46.511817378782624,40.448150137455656,34.86222011368014,40.496769502979234,1039.2197229888693,982.7650321298374,982.8885209488001,1003.7628544359168
44.679400937138695,40.98067525747499,40.96655307034346,38.008112747029,1015.8785910021816,1003.3437222517832,1997.7708627025484,981.869846244348
46.59028503721758,44.051384792024066,43.76214606110921,39.4705202140798,1003.9275731201814,1940.5624784306522,1005.8776931833909,951.1785444975695
44.992876823257866,42.90374074346897,39.19389244764603,37.807572069811414,1010.1696267734357,1003.8448629270376,992.6043078682942,980.8922287907553
44.30882624837989,41.07771173829687,37.08219667170927,40.35772012510733,1015.8152725046523,1000.0094089391669,1991.7008439880906,1010.1478223316724
45.767825309301074,36.69599173126264,38.47681031406631,40.85138541881164,1006.9644974716472,1999.1464749066909,999.9374473628322,1016.426903838357
44.20109748066123,34.95574830938918,37.18924745005609,35.92756345511256,980.7686030228047,1012.6179573512334,1010.3697209130154,1007.4810905414929
42.823253501877645,38.50480232631995,35.70242166782777,37.7745354060486,971.6328735440778,1024.4151567394877,1012.1900584127661,996.8864794105218
44.8393977619847,43.973038842538706,38.23019281057627,41.40658123919397,1014.5689473671974,995.6949299838378,987.8782940819252,993.5144321762657
47.68199088874367,44.08738359580321,32.286429921207024,43.23464891317162,1032.0124664243924,1997.897861791203,989.018464532729,2000.2627187462529
46.44590901112987,41.0157712084125,33.610815332890255,37.66771063730065,999.4393415187676,1031.2523537040452,988.4022961398107,1019.2638181404538
47.72832578067787,38.277242907521746,43.52230573296439,36.16103206662599,991.7780861417561,1043.1798465277916,988.6826134332109,1015.8553278240986
50.1787882798407,38.66108334054347,41.21947408501353,39.38544760762622,1016.0283377809892,2025.5870000074904,1026.2099528355916,980.6847135498998
47.83748915522918,43.31916889808204,36.871656358507565,38.04742037948013,989.0314916486057,1036.77656283734,1033.7556661085832,960.9209299876476
47.889353720763275,75.17757560440808,39.31149578154419,38.037992580686414,964.3125936758913,1045.6127962030919,997.3371536700105,2006.9732483409337
49.15970627404438,44.029357934017895,41.18544391280378,38.52603701350945,991.5129172117507,1009.8448474465906,1003.4652867500992,981.0066535280628
43.45664149755039,42.880693592259476,43.90183307253582,39.52786624652599,1011.0290625052119,983.2952122973553,1036.433741254803,965.0766492975245
41.266407394219854,38.57331703997944,43.090158709645166,37.534952703238986,993.8392701019385,993.9701680267667,1011.4279729204429,983.989118748564
45.79889055506327,39.220978586891476,41.2116915984883,35.58447383204049,1962.9199921429947,1017.8324150394225,991.7960197294983,1012.9757193540971
43.6626173103588,46.3035573462047,40.146737774386416,36.20205525486597,1029.8529622217934,989.2684147871718,996.6475240118757,1005.5416995673145
40.35672004271389,48.626997957519066,37.61057175467012,37.152688620257265,1018.0309658828287,995.2781798301049,1000.8461077842778,997.1699255618503
47.444109506852875,34.75103183664973,40.172768331571795,39.687284557948644,1020.4945685806242,1025.1592362608058,1019.4201708235064,1009.214287649243
50.149104304789674,34.59752768630817,42.03419465819184,40.6786098917929,1987.5360183787643,989.2474242605383,1982.5273157444694,984.2585708735603
47.81655850143923,44.51822085724906,37.738344999369765,36.685061354551124,992.2080400835148,1002.3077526259642,1011.9936341170726,994.3221209038304
48.421114027532006,44.48052222596529,40.527997461902565,37.57330497090162,1967.5050416492998,1019.1405855457842,1022.0634693936677,1008.8812898278709
45.869709687187125,40.3289983575749,39.38966770733615,41.11838467462125,1001.6715327940212,2000.1514137179502,996.7030217106568,979.6427057283054
44.449684444302484,43.41418345767909,36.15111380008338,40.12261630241151,1003.5861199348583,986.8581059167109,982.5836415601939,1966.0807151881797
47.23631258522232,45.749195406147706,40.46539613983158,37.90328824743903,1000.2342415764654,1032.9163457749073,976.3232396924425,1020.1975493298158
48.27144176543594,38.76636130029715,38.34950608571214,38.07906809263068,997.1618722449798,2015.1580097121528,2022.1624792681173,1008.730064231904
44.537722419626476,42.68243007288529,37.61540745298902,40.440182251372875,1004.6519843066164,994.6888112892909,1041.399983716522,977.0579246429552
40.43597598862525,46.6622367273995,40.72526369259238,38.74232428021885,1012.9681274867493,1012.9196978182308,1018.7504179571713,991.9806585516167
46.11133619978065,44.538178097679754,42.22949229269952,84.59561004503178,1023.7004681995797,1036.3830405144968,1025.291072494724,1008.798380248963
50.16353562332489,42.74635425069968,41.41529207842487,32.137285182223415,1075.8232829584758,1021.0322544544954,1007.8331208210699,1023.8630882811337
40.63430327409195,45.358513464966734,36.82326659361915,42.18024507703481,1038.5467923518208,1011.5749505402252,974.2671256561856,1005.6673100572111
39.83234690262258,47.121939305931534,37.70710047265109,38.53666168699836,982.1713957470679,999.3149205957784,992.2314403743526,972.8636883351458
44.54007316248237,44.724540739884674,42.129713819877274,31.075316873408962,988.104746535182,985.9581599680131,985.4938250738863,978.0097070116382
43.59180581190128,46.75079385976146,94.2825533453527,33.94000352223131,1020.2097243556841,987.9045132022039,955.2557904293537,994.6970351350337
43.991364649595184,42.36496529167463,36.779650147166336,37.91677566982874,1038.3869715991084,988.8970238821312,933.8818309531856,985.9750013546159
43.468359351830344,39.03231157643616,37.35982649235578,37.430551232688885,1007.5502239934735,974.8176739337033,957.853357120862,975.0928424795457
41.49893900260756,42.28010442853511,35.32913564453105,35.71796473311236,973.9202124441362,966.8726134695007,1010.1054310057464,1006.134963085326
45.73137260366764,39.59422629563973,37.11670291667441,37.49975522768855,958.9952092037001,949.3616638821811,1015.0460276968499,1029.6702738708009
45.82419412652855,39.246701665728935,40.81903827616739,40.74142749058463,983.1459103649979,2029.635989408119,1006.4991294607958,1016.719394334875
41.25371050614871,41.61275424583495,39.69815727339124,41.83831893046363,1008.3190668130287,1000.094270617705,1009.0772302468154,1008.0696401037403
47.26433141081181,42.80142815450127,39.07595133917643,35.98174549208455,1018.8275518947328,1001.4213985480601,1028.7500805309965,984.2229498355405
47.142264637957865,43.03354324590062,44.30362939486565,33.76050043038403,990.4041853983812,988.2774089562247,1024.2014469683213,982.7074498200479
43.97830887430514,43.057381898156464,45.351128323103396,30.876491115950678,1977.5077280778976,978.66176799967,1004.6678735549299,982.0083318163877
45.72494150094104,40.80709196267308,88.20373110604801,30.916998300304243,988.6953856510429,971.6430826489106,1014.7926067558778,987.4493752615616
43.73929007520131,40.3717617437873,44.39217099597228,36.47529736969524,1034.2158532938836,970.4462642865749,1012.11134278541,1008.4740932616447
41.85727566489075,47.13740520316138,39.45215286408896,40.10133826840467,1016.9876621253379,986.1470999512115,969.4289752261705,1000.2815416894958
48.24196224026183,45.70582373853914,30.528022473686413,40.301669181091015,964.9777797644593,1970.0404293709853,977.1660054350101,995.9333638681284
50.35775783002647,40.39742863499656,31.772850853261108,35.521443829501514,975.7209989683233,1026.252460044204,1002.639975685616,994.2267163587785
43.79933962822172,45.95771739978201,36.657107127418925,36.42585924228159,988.768592915673,1034.323791774586,1005.3416808429347,996.0180257436622
42.25847654100299,48.264468155281996,41.067344306981,36.88081405881833,997.2053418113842,1040.5281503223118,1015.8259724395053,1019.8821843599653
42.006441285231524,42.6187007534943,41.40838520840921,36.67176625497966,998.3682333723696,1027.8362737010189,1027.7807355840544,1026.6588714400973
41.832911836367984,35.950525812200425,36.09901432164059,39.89810207241648,989.4876358105051,1007.5724245828071,1050.3934659039328,1029.4419602636747
42.33919745450508,35.41622905171482,34.75807230365276,40.62579828947402,1011.9847973465738,1018.5010309457853,1014.563743886887,1025.0623058713866
43.918503569883896,36.79149072630277,37.0681601761229,40.018498479415314,1017.0469726321023,1974.2794963475958,1007.6888365573985,1016.5187783314846
44.900279337896784,38.033474158393474,38.47595543036342,39.72056331336823,1000.7089829668632,959.5988452924287,1050.437952206892,999.6850859690844
40.93693419120483,42.989436900112864,37.816338426352566,38.04763385233768,982.4756827429301,980.890679464799,1018.9706787375711,989.6954867229582
41.03685455116633,91.84026933092396,37.82670226001076,41.04739797490392,2009.37651386786,993.6349578930442,998.6955180098371,1004.105376206327
45.3740260784453,37.375197993473556,36.48352798035246,42.735815354787434,983.7289169505818,975.2715535689545,1005.0389865164559,970.6911459386188
44.97992833466627,37.935053489548835,38.65331810043523,38.610284969896504,974.0636658986873,982.6080615141987,970.1823533465961,974.3306167780402
45.82066128719822,43.340336865331324,40.39800752733213,36.89703468688956,963.269681356862,977.7481865853895,975.7389651571436,1023.8852599281963
44.58263341289654,45.45912413343096,39.71883246427674,37.83626701505233,990.7139883884553,963.4625967968152,1027.6795297659482,1031.798799572687
42.36218274977109,42.92894450121203,40.740610732819135,38.56190670917967,1008.3582922792657,974.1046929343461,2013.669938093902,1010.7739445500879
44.34647575323284,44.733575946190356,38.29022933766526,38.01313172641173,1001.6165247463578,1971.9379313443446,1983.2908479123973,1002.373088783977
47.18478688171386,44.107438115319404,36.057384791678174,35.36373006433654,1943.3309999690457,1971.4749364497889,990.6570739973808,1012.9871255326786
44.55793200389994,40.49011876424143,39.750915410168574,34.85863019757093,1029.891090984984,1051.0170873295347,989.1949452639453,994.4098407083019
42.686419157254356,42.089880233761335,43.958652109996024,36.32145614461609,1032.8087573106766,1018.9224317288149,986.4340547811641,965.7699957061129
44.54515373618138,41.611955907478944,40.26994508270646,37.085604827242136,1018.2678670081751,993.2096425162839,1016.0534458920017,982.9660247842446
43.334591583337954,40.00504864439808,37.72926609628358,37.98193306422759,992.5776404870029,2047.702435666903,1035.1507780370766,986.1322898017424
43.359620093488154,42.77099277274556,36.4412044429199,36.837754497808334,990.0028957578836,971.919226150343,1040.6289219776459,986.6898267371548
46.478239618826294,45.234581383071756,37.844080676546795,37.05273625803457,1024.1421658399454,967.2697781339584,1037.3783878742279,2051.5967438627895
46.1906527419748,91.23949549331758,41.90152946178648,39.06417278586884,2018.1810313123383,980.2090664567987,1962.7707626676313,1016.3159109156882
43.78944634537609,40.82248294819677,41.7156417175982,37.24591593928993,991.7246065336378,1029.7188315742533,1016.576196433228,1001.3605255890002
41.92058610378051,38.63449510132932,42.516106526237415,36.9061911579342,1000.0260770533723,1074.3989225316127,1008.5605277912081,1030.4987658162277
43.979607299999515,43.49738154515243,40.04932287120589,36.06294550569797,1000.5249640359848,1058.9439374505664,1003.7518038814278,1035.2461315740038
48.08305559027898,89.92508010236904,33.5794518006066,35.56659217614157,1008.3029898349403,1010.87539477823,1020.0170606580812,2029.1096852462433
45.3689887107293,92.56096431591205,32.887620861499926,35.10493733108177,1018.2824611836004,989.637575129563,2000.5836567774027,974.1609508472153
42.34736004922582,44.96260263699007,37.11981136936254,36.50212474166885,1018.0548466514406,982.6938984182907,1027.6136413253364,1000.7798744163624
42.06545593745982,43.02121574181345,39.543160192099506,39.905736113729645,1041.7486907292364,1014.9181022461366,980.9669147705583,989.98381791413
44.923288352013344,42.9548281199705,38.268242208943676,40.64442113269918,1007.6940032198779,1056.2838289047113,980.45832766372,990.4254878333205
48.38674552530926,41.852150966866716,38.85711526508481,40.39077932167077,1001.5135245283137,1047.1642288349647,1012.8433541248747,1017.8678346658555
48.74926786905169,45.5854174676965,38.533133821076646,38.49794316304772,1005.7438473115385,1014.9332692551855,1003.3210764744827,1017.9908851987948
49.079244668467766,92.93541836621029,37.173731174216556,36.209775317940256,972.099171865151,997.3595831903356,1010.1085900957028,1031.4932175444665
42.25118586871574,41.60134433196388,40.91023794165187,35.96716189724476,1011.3180091770055,991.701922546855,1004.127910930981,1983.5646394934079
39.92565901142585,40.07686422161022,42.4421083889454,37.076544543406,1965.907792774165,982.4298067147183,979.2541545737388,1017.0791107275539
43.13367451061457,39.4082672067872,39.06075381175206,36.449139314356024,948.8957028520763,976.2311953139499,986.2258093672448,1981.6178474534338
84.8730111902808,40.723085614264534,36.29072244480324,35.76332118318389,982.3461892712846,971.6953850215856,997.7392898327237,1000.9471734964549
47.82735345230002,40.958922208046886,38.77119549488239,34.59468708450032,1006.8629304821035,972.7315741935505,994.5273999182086,1033.1160009201574
49.51674276678244,43.39438213302371,38.13184603977166,34.76429744546007,998.4741126710503,1004.3658854123445,1006.1191215370011,1009.1639086027251
47.20508252557926,47.79508893888145,32.1909087195925,34.81462102556833,2016.339981386267,1030.888820923768,994.256814008884,986.2973971926535
49.14287100370163,44.75237831210685,33.229914667167876,38.52549026671771,1035.7252184791587,2003.651702479356,992.0537806332452,980.6670404689851
49.45137426266459,41.275523945962746,38.060265534418676,38.77315462629144,1995.2861018605793,2008.2160825078947,1008.741141801376,986.1503799652326
44.16829631378839,38.34621903464264,40.05214039619685,36.32361265620173,998.2507739442442,1976.0188645280996,1008.1701825220226,982.6248152090693
42.44457178824646,37.04387807860856,41.33517572098215,36.777702736118876,988.9223733606495,2023.3742231460915,980.4182031366588,971.2037071013825
44.55733683265214,37.65786868045447,41.04739333502203,38.36889315895678,1010.6266598303158,990.5867809305014,957.0521747967738,973.1027649822977
47.688130851023715,38.957984145341264,41.17383599273565,38.625518662153596,1013.3963310359659,945.6119333564457,947.8073027323215,984.6420446948665
45.78933373081907,38.38367488506648,41.29898732493984,36.71661455812517,1990.67069156555,972.4676639288231,945.775492954711,999.702332768318
42.704793280017306,37.99414982767482,40.70314220193829,38.100016022690355,1015.8758135036956,1010.435801490536,986.1785797171171,1013.029009914053
45.871923611283776,39.65187369154055,41.84591637724253,38.707876006869554,1048.5606815035608,1015.4588595598502,984.9244738200268,999.7166994829302
49.19580680562126,40.01337535409195,40.80462155812532,37.39027551452813,2007.7545038323344,1000.8367025619946,2036.4709463159884,982.1722017060838
45.735428785091834,40.40933159697153,40.19219713430061,37.40148826390153,1019.9318685933415,990.7375069247005,1032.8539612266704,1012.2382969532154
38.54854504674362,43.28353805548427,41.713123148987435,38.21838973315553,1012.263841522365,997.8234154835666,1976.228745760695,1028.5606466747
37.49430314674933,42.94233271626783,39.920513007873836,36.214301706105694,1016.6310356276924,981.39691644923,1979.8884083912644,1003.1229062065872
41.778689713420306,42.59737110133861,39.7707372240657,35.50483982179853,1059.1869716201595,974.8203658617008,1010.4578779943251,981.7702871949684
45.50588055581857,43.23604883235707,41.11282952752528,36.37168801095045,2002.7865034827264,953.1613664925242,995.2761202290607,2012.3186032141184
45.291462931556794,41.05687309985029,39.281287834879116,33.411292670450656,983.5104049299522,960.5620245427411,1006.9842781466723,994.13101717139
42.314405747325466,40.04848774399515,39.07093251364773,31.47886041498201,2008.8621166356943,968.9596552051075,1009.8452825038227,1000.9037795100515
40.921794493156995,88.91490350021054,41.07330203146712,32.635939940013856,1996.3759806049618,1005.9918100533998,998.6728366633674,1007.6936880824189
41.461664534860205,41.38844744761683,42.1988653302862,36.66917646379776,1031.9666006254342,1012.5079547581288,987.9444831455173,990.8826649723171
41.894633436465895,41.34765914523445,43.048282382481716,36.01762860354039,1005.442989342301,1023.6295459023697,999.3938629616573,976.8170978072111
42.16200105935474,41.73027884033783,41.803182809740655,35.61318659763876,1991.243914093632,1942.2262086996284,1004.9191064772655,986.1764322525607
43.043022308915745,41.86471176384709,40.40700828287517,39.42061905050065,1039.9052173317652,1044.7414226738993,1022.4460432259611,981.1140568853642
47.886506046056205,41.968081949751806,41.03395557269779,38.67384099322743,1052.554741005099,1024.8570101747287,1017.5104695662156,993.8369924916259
49.669289621559315,41.04377301673195,39.505436317659644,78.53007241502516,1989.9161874181355,1942.794939321116,999.1810830357499,995.6821943223005
48.15313578570908,42.85655278677852,41.26603815009335,37.660050464346,2050.2865015964703,1007.1363733342328,997.6528033721564,2051.833853986915
47.788136148676415,44.89267015279947,90.96112759935596,39.28570887471538,983.0788397153938,1007.6327659281744,981.2682387063518,986.1473527516034
49.156039566883884,40.539969603055184,39.83602911301726,38.03824557464516,1034.3372432694337,1021.615767872801,1014.0247140180606,985.7910663256146
49.07756813573394,38.92413421322566,35.60894086068484,34.52970462801537,1988.6918222341224,1031.835334932497,1021.6855110925,990.3670723554437
46.1578407248066,41.14188695991869,35.652824355972434,34.2086353184042,994.7430965166666,993.4712954045747,989.5471848935774,1003.8061483097333
43.52113713745474,43.27354605504625,36.06417174879369,37.880598072978614,2068.269367747553,970.6105169530201,1003.3207290868028,989.658719835385
46.208735301912384,44.37415102279773,38.560126013215154,36.18499191604958,1046.2384042220067,1996.4881963608098,1017.1143986454448,970.460122223805
47.76349994925749,44.75919929304446,36.179786255690146,39.73798309415072,1083.2443573960281,1010.8480812009423,993.5232703860952,971.1925549060115
41.308837095484066,42.55608466058967,32.85783128965147,39.939079366357845,1045.993963617855,1998.7753361349162,1930.273412347881,990.4681644472718
37.719308901864025,43.19478063392128,36.98869968555137,36.29883946790876,1012.7611453490618,997.1539229486514,999.7646581032407,1034.5238111950814
40.05491406000824,44.17262516232472,39.85681374235833,37.04241281872005,993.2947096139385,1027.3127790868423,1031.8111876200428,1035.4267579253897
46.0221419003904,47.268089670382196,43.23960154668245,34.692498240538335,1015.8854837135736,1017.3495285528531,1996.2934083254931,1017.8584414725977
48.06707499688433,45.11662643080354,47.39901382040853,35.77030123047608,2034.4175555442591,978.5392906447569,2009.6663349069916,1014.711369549626
42.383331718907534,41.54325637208072,42.78567455288061,36.334486092837025,1032.4291594564465,972.5401293804903,962.3729444171775,992.4161733157945
43.59065166430174,44.12944409241902,40.63881401093245,35.31812845693193,964.7797689746492,976.1194286760858,993.5237241949371,998.9539329955699
47.61915254811656,44.03580475494333,38.58182918269894,36.810519143945776,974.9624346572529,993.9607281617509,2019.8750225828808,1007.9875123066283
48.06237232314236,42.82890700383555,36.5665792380498,38.28665528173907,988.1445647312895,997.6657380354397,985.2330029451871,2004.9972852254089
47.579142524161156,86.85580233758512,35.349868638903715,39.567070104133755,985.4656571893929,997.6188154942429,988.3189964740302,1028.1443727397045
46.46041502580984,40.219343990676414,30.687866657424447,37.99332689854122,2043.2672337134688,1018.9329707434099,1014.8050996756572,1034.7797439193582
47.36918872905533,41.86758645055956,33.11859622893166,37.165524657122646,1030.527444068183,1005.7904153294078,1971.0711968017,984.1311602870176
46.930580608179824,47.36653443675577,38.767262115039856,38.99286542307706,983.7777970678335,985.134526386295,1044.7154372963128,956.1598556547174
46.47810253946774,45.2664550066703,92.83503453318367,40.01867868785638,996.3764439367981,1022.4027846112319,1954.5722373787353,967.1738279944243
41.97095929383133,36.88614696483641,42.36965095495749,34.44237376973527,1053.6116761344606,1953.8530905045538,1996.2573047311166,982.9395815590915
41.18069142291317,36.07516461893563,38.75816361343207,32.1248553090433,1039.5701359315678,1000.762768038481,1043.4992933774474,953.0717778728553
44.293321813785795,35.61970362498912,40.02694223542177,35.67775547266112,1026.3687368784688,1996.3196982467718,1024.8726576090642,2004.571412354218
45.31782491382839,37.87661680773466,39.971074380519376,38.83213161053666,1006.0608628857663,1023.7668522549087,974.9049275000899,1020.8283228522475
48.6970407208816,42.60747181753237,38.59639387893719,39.42435210441689,966.3992908444872,990.7565658568918,970.6203618535945,1024.8323507088282
47.99650622964248,43.070619483654596,37.54263319725973,37.39340480376031,989.40234016048,985.4899483785327,997.7180088210803,2022.6833182573034
42.59390929703252,45.46748102247497,36.89843775659617,38.830344485964865,995.9641461736894,968.8277500821207,1018.3590263271519,2041.1558571225523
42.93959574745227,39.60267696572154,40.35674960247897,40.89592802882976,982.3632707037534,974.89031310758,1029.0689926241573,989.4359051985987
47.05944057014118,35.37605491960214,43.53581797664786,37.70062402957259,991.8104161949609,1018.1693574664587,1017.2358331457406,990.7397696319326
44.23329810874037,44.94449350118112,43.27339375703458,34.46315332135493,954.608618330978,1039.5691804709056,989.8026548555624,971.3726326566517
42.1346656519751,47.34897814932044,41.65783573086632,36.465076479582955,2000.5125463917554,1989.4866381903844,994.6786628264695,966.5369949906608
43.91063332558845,81.51840465225635,38.205454023558694,38.02042410468276,1032.5829601509681,1946.1416009353006,1014.1173793634941,1003.3315784134791
45.83655457484494,43.97433442667683,41.54488847525989,39.22567376796072,992.1957945250308,1021.6074866692884,1023.5230512660131,1004.5431555024757
48.01019372917405,41.15917590965084,43.50106664965889,40.337315040806686,993.3869887533942,1977.4960379863746,1967.5222420716682,991.3187489670258
48.52910019602517,39.246656571333205,42.4108873252987,85.94976983737112,994.2098451792787,1023.3785172784178,1004.9268636151651,1026.0133450965864
49.088144100208794,43.234830190641304,42.28702054268233,34.06231794272786,998.0274244578441,2032.9397800809982,1029.6276868915968,1004.3015736467041
44.80028363686371,46.14234329094215,40.89134812355037,34.80216548784184,1025.3522691852427,1013.1123176928687,1014.2312662271256,975.3396247164012
41.74025648140423,43.84757629204945,35.63404457729251,30.01526070763451,1027.887614111172,1008.6165895757325,974.6333703000573,999.1957871242855
42.61503192536648,88.82364428435885,35.127152133819855,28.145125806047137,1016.2384275218386,997.2685069520621,1000.1287357917104,1010.5824535091099
44.469104101311586,37.84273248017365,40.663151582910714,35.730109919420805,1027.9651191538749,991.7396974017458,1042.3513778307142,1011.6633723373377
43.76411733399307,39.17744545266487,39.79615332070159,38.973365298698845,1027.016169718732,2014.3720942155896,1010.814969487939,1003.9124020890814
42.18810947481465,43.243627666796726,35.88154024691775,39.68101833892919,2023.7855773799943,963.171969965253,2009.7263022150507,997.5652398380023
43.68307153079202,40.17533737932016,36.89589698783236,36.73695678022955,1031.1613545796467,996.7886076362167,1998.6487024073788,991.5805077531263
42.57344003536595,38.02250109415117,39.950082619863046,35.12954246051807,1012.8568698510584,1003.5497944456997,997.33313399079,966.3480201608435
43.79428079014966,38.01057448115709,39.19141128132145,39.389175323973184,1020.6307034118598,993.6244635862397,997.5448099259054,973.7890204596044
44.06652012034532,34.767100801062284,38.021289513571304,40.31566549021688,1014.153840045453,2010.3201511637433,2009.2937670382967,1021.4344443941479
44.01779624976756,37.2710696367609,38.96926943511574,35.95255362105902,1004.9526651829485,1007.1935613983555,1005.1198664153874,1005.7327552361203
45.278495582091594,47.90547818821025,40.85811125019875,35.476604586349296,2023.7989445350001,1023.3358555875942,1988.5152517582544,977.9856847816526
46.0256055384542,47.59019545537734,43.49016688838542,39.7659352153962,1012.5211969461117,1026.3722952251692,1003.8528431185571,999.2447148812814
45.17257697768112,36.88037521256295,42.78802277052942,39.64395377524289,1004.753524264978,1017.6307525623474,1002.6657409093984,995.22081972367
43.6373150172927,33.478331777587286,39.87802076772677,37.867612690768865,1035.6394370107603,992.3991914179824,991.4029989987534,2051.9137265684412
40.07930084500029,35.70831859922579,37.41864552007549,40.381492081624046,1003.7255345237736,988.8119536921142,989.796252472895,992.0176403837112
38.47046127602253,42.16321879323867,37.910072996163905,37.67032584050645,979.303672879242,2012.8253167234316,955.7007861477355,1001.2578929912273
43.285256579332234,43.137558970315055,39.92693730051539,36.55051273463409,1055.1475971589784,997.0543251457539,961.8143748523858,1003.7916482313617
44.01962851498455,44.55541456637768,39.39274055697297,39.14242099569206,1011.7283874795019,1022.0293303743731,1009.9526126216472,1004.1179985269935
43.22706780368646,47.123156607969264,38.3673415644904,38.18772174072387,946.3916867407728,1029.2395927845919,979.0364591435716,1951.6145640654856
46.070701071090845,43.4117453123156,34.95402234803657,37.48975633046305,974.4246890926065,1017.1241784963424,954.279195059909,981.7750051382925
46.57944088501717,40.567165329047306,34.63775480006098,37.82530040868531,1000.1061937266975,1004.7281662260543,995.9348506592604,1001.1014861845753
44.40084190503018,33.49563065476134,37.89694115918953,38.863365282744425,1006.5577727529292,1008.7305969583631,1011.3357826458308,1008.4382004800284
43.852043994407516,33.06671062521728,40.02562980580332,38.20786238427531,1017.5238806851372,987.0773008968578,992.2140467936865,1024.8334010348428
47.59733174729945,41.016542268166745,41.28223535416071,39.9569138627987,1010.0589002736101,988.8805601845417,1006.6386297866295,1001.2969690406953
45.62490160003682,42.87756729530183,38.546876108116834,36.99734301459192,999.6762627822206,1005.854653737045,1023.4451607117587,998.394886222848
44.98440158691942,41.58024640380549,34.09214146300302,33.969175561175746,996.3769925806987,1998.8222121208264,1006.7977664454311,1037.2243687761957
45.444177554643595,44.36144348058618,34.417441752077806,35.453571462848664,994.2661607386904,994.9532821686983,983.1693784392378,1011.6059327940368
43.91235652001953,43.68221682275379,39.63858642297781,33.35665506807794,973.4037512638101,995.432332782349,991.3489262853527,989.4910902534866
44.58668290537149,40.196631223209984,41.477813589744684,34.13421933169923,974.3202277658039,1021.1431668701073,2030.382427734209,991.8854079600769
44.28193560152165,42.37703352245301,38.158497878538796,33.33194737692467,984.5617122096003,2015.902209900609,1000.619756277498,990.35769273146
47.87792501395782,42.494839229534186,34.12502238354281,36.99488173378538,986.9288867155433,998.9946738845277,2009.1735997490603,983.1926062549967
46.76795526292922,40.94634149848297,37.95956205692687,39.77022385796868,1016.3698941577426,1004.1478438021095,1031.5883506704852,2018.8146115992863
43.06287727363096,36.90906607868738,34.97809216562361,34.996301796776436,1020.5401882209712,979.6995824876253,1018.8711744325312,981.0758816038981
41.127604848171345,37.7910692870111,34.07184431070925,33.99847879085476,1000.4742361713677,963.2254741965187,1013.157889604109,970.9243852258787
45.3933627754038,41.24810183483552,38.20286289378082,37.01776808790536,1004.7766946212176,976.3449654939661,998.87368194481,1995.5515603323236
48.21332970498886,43.501023664509965,33.56836946528077,36.263153095333124,1009.0927996014424,2016.8670818404114,1002.0142447934217,987.2982655186856
43.6623468931833,43.19319781572044,34.65791251508054,32.85264566188682,969.3556904448669,1005.3434436612172,1021.3806073557173,979.4688923904944
40.53460279902551,37.12530194847811,35.80664693074486,35.765092478025736,977.4923460177918,1008.4956661760009,980.38561851696,995.6806174489305
42.11652856546145,38.48186170179524,38.849165920563635,38.429499227847934,976.2369216424445,1004.4144986455677,988.1111775170025,2014.2795302361437
44.48931131504983,41.71487630702475,38.64554485145988,38.75113866415954,976.6838774705149,995.4975946629768,1003.3104631356771,1005.9822740808497
45.44226760350577,42.99863048747328,36.94948850319096,38.385182545469576,1003.8480270362173,982.8386918578481,992.1690026760147,1027.908427638979
47.09668240284635,42.798224240238255,39.17769890988229,40.01158415695992,1000.8541636538864,2044.4827656307389,1013.7189223998055,1037.8780278757545
44.02812998411286,41.26661040526578,39.5846235486776,42.247289936051374,993.9701123445386,983.9993605436102,1006.3503136017018,1030.593413826311
42.13895425589648,41.116811580979466,41.52497789566472,41.01621776066542,966.3371080699244,1012.6930791601997,993.2082574456372,1960.6899708173485
40.25236405941297,41.413595865526716,43.953843514752194,39.400210279970665,968.8907076986297,1021.1197034745203,971.4171321335871,1024.784220714411
38.61474782041348,43.513296449559725,42.265666783998654,37.5427179634773,982.2878689423785,1008.6889401676569,970.063312160401,996.9987916991737
42.21815702989889,45.74785668578155,36.75992459465891,37.59406544307936,996.6702245449419,992.1433700724181,1006.0185690588468,2009.2247821753483
45.93595806883824,41.12699302819962,38.66871192052557,39.96369301954137,1016.2746757737656,1992.9453757923613,2028.2972713966567,2056.0597902810555
86.13497208765425,40.275109333490846,43.397559846800206,41.145120810590484,999.1309407207278,2000.8299308003961,978.9011729338254,1022.2343752401407
49.16458133484411,45.79761233949992,36.795999070256464,42.25417090509966,1005.5270040068386,986.617693670055,984.9319019624297,998.4001262841255
47.680332569813956,45.91062347033419,37.074489089335174,32.82187610807074,976.2914185488632,950.5248370645381,970.3201513909312,978.1065284243114
46.00891692806751,40.18345327311117,41.66859126142683,30.9320382158562,931.5284234479798,978.5862299840944,995.349881427841,2019.8366584716573
94.6684496045744,36.280938071599664,39.13329908307341,39.42648431672124,980.0766391292898,2013.6004661012987,1026.8166117154292,2050.906542806361
49.063150993473386,40.96751913365803,34.15469442906643,39.15438434716769,1013.4447400286781,982.8280868348163,1029.2117478058403,1016.6220567308987
51.52083262580149,42.67414401818043,36.39206387067234,39.99920980960009,986.151843875426,1004.1302191615916,1030.2795831775961,1007.3436384802017
46.62338904297775,38.36837461078013,42.074078582731765,40.64841720653993,977.1880421415209,996.1891178500452,1013.1663657127629,980.4583179144947
46.18339563655262,37.78816111167559,38.05748076870845,38.6469737997171,953.8179707562034,992.6151677669254,1924.2635569474432,984.1031079804245
48.31780180506766,40.233815145632875,38.105765974526605,41.98238738469375,969.9657817105765,2015.7263786088658,993.6884407720162,1008.5613846558517
45.2536517610874,45.20919240688213,40.884594293144815,43.315469373416775,992.3641290317191,990.4340352753175,985.8206627929783,1004.8897381189147
46.0078356138211,45.41944591251887,38.7733111315218,40.19006722749893,1978.5941396397732,991.3138450346032,1999.6672946677209,979.7664134739246
50.161994469622385,41.456683059334466,36.738036365614064,41.306845541320214,1034.250483779437,1993.303551471254,2011.6957925474676,978.1416262708326
46.87744629743032,42.62395339152992,37.36601708692402,42.56276276693502,1021.6325655658459,1001.6926971864002,979.7719806941673,1000.5428176109349
43.54873032865018,42.695978758650824,36.208396555502716,36.91563794794288,1014.6388473801526,1019.906968237352,971.40035762408,1012.501004008159
43.028186787693144,41.99286482892933,35.37077750847603,32.99310768330425,985.6613064726407,1010.3129798776008,964.0559861515359,1010.7928741683749
43.107059538812884,39.769133377037384,37.220036878471745,36.79054447976982,970.9578929713653,1003.301614866426,996.54843971848,2024.0636140997372
45.07573728767456,37.86605884102534,35.22131491486198,36.38520931500094,969.2579376898072,984.1630457207124,1006.6919318540299,999.4859603632441
90.69098541270515,42.08542336570149,34.15018824868744,35.95795538626418,967.0545264971279,985.2297587986691,997.2316979639947,997.6500382680701
40.35628804695207,43.01369276426576,34.896725322236605,34.7127650328285,974.6338905132845,975.4391200436451,1004.6342439057601,1003.8671960260308
41.53241170295473,41.56893696504298,39.37761476386429,35.67672638289248,967.2346761684198,978.5494296868735,1008.7040330505297,2011.8290740590064
43.5020045528221,43.911809699320514,41.55297139633471,37.8994473316944,1997.1613490655714,997.9903762794793,1029.90461296042,973.0045045723754
43.62332207471468,43.501772104607056,39.88948419774616,38.2137882436694,2027.090635245433,1005.8925222527168,1027.008507210762,992.3843337715892
44.04312078600422,43.524819615362546,39.99174762334154,37.488071752848086,977.0806636253828,1002.0666867887529,989.0151509647305,1011.9224837925815
46.84569544674969,46.07804238281821,84.31040048322477,37.27619460934983,992.9982772028677,995.7309816507941,979.6455284996205,1012.1892008494167
49.07791272102003,43.02556320305476,38.14452838678363,38.57158514616046,990.3263819774826,1012.891169819077,993.5105946066927,1011.6711497020592
44.95791488094124,39.80466016366073,36.3558830263152,39.125095271458186,974.861550247091,1009.8319914578146,991.7277846468743,2034.3899948844048
42.00076366307788,44.27675131456696,40.077345236769645,38.63814376918845,980.7594029774787,1015.5345435392048,998.7139121544259,1026.5754475482854
46.103506111616994,49.427306110191395,39.19572720669743,36.32772994206526,966.4815950200855,1041.402358355741,2008.9216020250085,1004.6157790888093
47.913218772095064,43.4405694848884,38.765527642516176,35.36524929108377,2029.1528937813125,1000.1829723934911,996.6688234774304,1012.2521550326513
45.1518376866574,35.735650032242184,97.04111520739303,33.727393215166884,992.0983804044531,2001.1985304093716,956.9655238388016,1989.861050056616
46.23223559850528,37.32957184169736,36.71013647628769,39.92433965111387,1003.0207133415224,1974.4289830308683,967.9211400717196,981.2362212762739
89.23106198154481,40.78762402884907,84.6225966925556,44.027144073878915,1029.079665007294,1959.4896698528364,994.029095791937,995.1267022339186
41.346665490289716,41.56256021809783,38.287852809769596,39.50278362037822,1979.96171599804,1031.0240398648748,1007.4024221382126,986.6140661286443
40.06509240419972,43.46563265774888,38.757174815530746,38.56205293284941,982.4255079372323,1017.7660526359209,1021.9361998397292,982.6028833461103
44.60463880404227,39.12861181943961,38.1147491820263,37.55481373356116,1021.6710655487062,977.4783106045311,1028.279253370477,982.5076830321448
50.562071682037526,38.76869708433647,37.97713565757827,36.07436241299119,1013.7981570620514,978.2646121605515,1040.316717644907,997.8271175821973
48.80213997803546,40.20939681733087,41.89030930344455,36.51762888449403,1003.5272763056473,1004.5108152594037,1032.9512854480026,998.010977580838
88.30115514103065,38.52084100572759,42.83409496482953,36.72275534314308,1022.1781469139471,999.7796979326433,2029.2547051135307,986.7390138688013
44.213078053872906,40.79732313592277,40.801504156951054,36.69141796576595,975.4791352237362,951.1691437897566,996.8221976018115,983.3362413667718
48.10573860763809,38.06787383876326,39.110924509739256,37.253490165266456,941.366056293665,960.8859397925496,1003.7594232106587,1004.5034161213798
48.62018094957386,41.31191768888738,39.032404309409856,37.18008391003089,999.6612670323841,994.3852969592521,993.6174735100404,1977.2119847396702
49.12865351344371,46.795531631982016,39.504032569860215,35.79651227915478,1953.65619029882,986.9249103209702,977.2754866781193,989.2574107468945
47.44337468632864,44.81575953123766,37.79806326941973,38.09973071949803,996.9235294234973,992.4563315194894,988.1365110411668,993.6314041391718
48.682376973869026,41.71923558020137,41.14764846121465,37.47674813219371,994.8198231093859,1001.3156488444943,1019.3148407313141,998.0501865440999
45.83632112740872,39.93359848552312,44.93787226957068,33.13250020076548,1000.7460082142134,994.9352386526338,1009.1964794034784,978.033980009188
44.33386365435476,42.07349342322394,40.73704764770896,37.01165440590917,1011.7428177153718,998.499506606581,996.820591575805,968.8435527560633
46.34559170838659,44.87342396948614,33.210973482350404,38.96199304354992,999.3657930846202,993.6878742580268,988.106893495966,1000.4942601645815
43.851710399884354,43.39760003198835,33.111247462701314,35.65176079071364,978.9189418150545,987.6761258565114,989.0377108129244,1025.117179357635
39.77496123115935,44.43531886658607,37.61270068483623,33.75562893423303,1005.5070626984768,1005.6965898586938,1031.2609231366596,1006.664458187579
41.67563590032243,44.121304418130556,40.515409632126016,36.37670315384739,1002.4590989529892,1031.088620512018,1028.427932097171,978.2034804050074
45.303720575140986,42.83424771221887,41.144404131494994,38.168149805975986,986.900070177464,2011.0448771387194,1014.0285950324667,979.8416503908571
77.624154347307,41.24980412440753,36.088473329598344,35.77907349709924,993.8070081990007,1999.5258756498822,1000.1216799002364,1019.7236133523295
44.81961763609281,38.00458290679728,36.20134871037862,38.145778835023535,981.8747659753897,1035.8088917922723,990.348567559947,1026.944562290972
45.954666440667445,39.40201108075369,38.58194450597833,36.53492576155749,2029.7581003975956,1050.873084449544,1009.8593122546463,1002.8976147507046
41.55223390185411,41.10930702493607,42.86805851588066,35.90643302869884,1032.140264258282,1037.9053792688592,1015.2196061633092,975.7962747670886
42.005529826833765,43.9844285880893,44.18873107484025,35.901780087418345,1017.281599521775,1024.3394057108305,1008.3164496482966,979.8698092369348
46.171776650205814,44.40236431588349,40.342116880992606,35.85030582314808,1031.0296704643742,1006.6775657299638,1997.533070922376,975.7653577624172
44.79264498171881,41.06766777204608,40.30046040128046,39.217397326682274,1024.3567805804882,1006.8522691631497,1010.6369265782888,949.8392875957404
41.38834703550414,43.72327716037057,87.9745957958974,38.216795019028424,1967.3610077413052,1997.875603221819,2025.131032297083,2028.1621579980927
41.23692042858529,43.66646675383869,38.7381167321596,36.87719884651857,1006.0637549230562,1026.2737802011115,996.6186830503555,1999.1649599145558
44.77691078674066,40.444429274844055,35.691458382182084,38.581471011289466,992.0183562908255,1008.1291605020648,995.0226849748268,994.717312341806
39.458296993153404,44.15566834891942,38.625070652314406,98.02277038773065,992.7531070588833,2011.5688269059485,1021.7700166582915,1985.0274910317569
85.99463251046521,46.85878238057495,42.13640035082958,36.43140103294341,1004.9232313550613,1022.0732789032204,1034.7917408250041,1987.1584501060365
46.74686176417403,43.26109740988315,37.529310990033046,37.7220897318671,1027.6723147733326,2079.795214199838,1023.8671460822816,989.9501587432947
40.33023338891331,42.51765440404529,38.669733875946775,42.78493696611084,1013.7400734302595,1011.2888330265351,1008.3901932754865,1005.3698196141786
42.56833510458269,43.83564426533067,41.27103164781049,43.23373574755844,1003.8046469384536,992.5052636209668,1975.9593390551101,2015.314524995826
45.30048109777745,43.521903877031946,35.50261576359119,39.173022648880504,982.6949712203697,992.6344652436555,1003.6539266156376,1993.4494380130573
42.414655107615765,42.468771477497924,39.04659546300029,41.01188962168307,972.3171457901785,1022.2419822525824,998.5194164236652,1004.6200470179647
43.36255514838265,41.17433082551777,41.302173501911945,39.77262923828769,979.396531720543,1003.0591033469029,990.3443668750481,992.1507698494747
45.16116188004304,41.76348848307582,38.25245420679434,38.688832808584394,1014.1719143557835,980.3658220721429,985.5784934501803,985.7812559208419
42.677411837936006,44.65589909854714,40.48509053477825,39.14294079962768,1013.7018021356472,997.9978112664185,965.9366937918986,1019.8370885295849
42.7932083443236,45.460180445596485,41.137910354376,39.437751860957135,960.1023149393254,1038.6942929081629,974.5174266482109,1010.5511863034237
43.70147682033933,43.13335814944588,40.270984939544704,39.2230635650597,999.6050350694359,2043.9708154706582,966.2289343288821,1015.7204222440223
40.911463155305476,39.31512058894396,41.98037398342524,36.19330252147703,1022.8622053509125,2001.070565355981,983.4664954087219,988.9265267610197
41.131315789137,38.40603974787058,39.081834179141495,39.29754472513484,992.5893893530886,1003.803550364401,1013.316340871704,973.9267874829386
42.26639925569228,42.10407709619261,36.058965218621076,39.849209538620606,1003.2905082975939,1000.8726899932878,1021.5894427952192,1020.2646620659889
36.86444996606939,40.37834144638873,39.55524450221961,35.78670985898521,997.6415553204797,991.9528806291617,1019.1941608122424,1022.8322890105464
39.29656688951372,42.59461911435098,36.8957462590581,35.2623321873044,981.5779956799863,983.4536098385245,987.0112838489426,1958.6710404532673
40.22385581679484,43.40456750283727,33.30999246330656,36.55625554180191,993.1777038779385,1015.0321111129626,982.3310292569927,987.6390576012461
39.24106864416115,40.219904430895376,34.80601012400946,39.64929258431092,987.7889647936527,1029.7434908160985,1001.8711398960586,971.2315406298328
41.566850775734565,38.84582718932721,36.38022536972708,39.0831040074368,1952.7707418490472,2054.8941372078343,1005.456865296439,2030.585401875262
38.86307699279027,40.42917318090885,38.57478343399879,37.05466339396718,964.4755414207709,962.9733993747172,994.5790277375615,1975.0187904786303
40.63496794369864,46.18232056893031,37.97908889957768,38.38626273825889,979.7340313753914,957.438522355906,988.872973205199,979.6929048930997
42.090436606266394,46.39647358417052,91.25501830016682,38.129047347779704,1023.9160301850691,969.0232732010095,973.3507566032049,2028.297974711511
46.429020963084,43.009979604678634,36.94792429543591,38.95586283046461,960.1745949857734,974.8952954964486,975.1283581399671,1015.5202580481359
45.93815070342575,42.40667350794804,35.31710499360378,38.36930038210823,976.3280154187323,961.1220988671225,1012.5229651269549,1001.4575360412789
42.55192597506949,40.24117529205652,38.87352560718792,32.2944028539348,1969.7055731395146,950.8246768955258,1039.6784790956413,985.2306804102902
44.78241596516523,40.57526188011734,40.108124692086946,35.080810366618245,1041.178196135104,1015.0936382519224,1032.488777463819,981.4760651115348
46.035773910337674,40.650738383064144,37.890593042412675,40.88326413682776,1008.9577313709942,2016.4099210308275,983.8581548280977,998.8735975890193
45.833120767443354,88.30762675784692,38.21309918669927,38.250578497713406,989.2606099181362,1023.4684087923974,949.7089896131108,1008.8186593331868
45.39646766153636,40.60341914909587,39.96704264551102,36.139424887355624,983.6666004629736,1010.9871354829702,988.1713601793995,1002.0871926993989
47.670851764549084,40.915082523524674,42.81731859420155,35.08887584905243,1002.9981854309565,1002.0655816645129,1007.9417429960362,1013.7408447470879
47.44050567367295,41.94418948094783,41.05632787783618,35.38884493337882,2025.1411948280575,1000.4538926038233,1001.5967809686804,1002.1909381534904
44.146618591782556,41.84363268227398,37.66958010426394,37.26225072063379,954.1877216010159,2019.653042376744,998.8407000802041,992.4007258823383
42.93201153559647,42.37759314549949,37.177014753224526,37.54950211833268,958.9253306049195,972.6587422957159,981.8293101415978,962.9124820346976
44.308846971314225,41.82983389266991,97.483132274395,38.030033184930716,1001.0358067634481,966.900424273153,1002.187867253416,1004.6197994463918
44.60831086977839,42.32865121400556,32.154890892557134,38.34836023516786,1017.7187902119879,1003.7147858677288,1018.4794062669645,1022.8047619774459
43.29800446998817,41.1996393140617,36.798966997922285,40.41286494940667,1033.4498365898098,1009.2340196635042,1011.1982622562457,1005.3750059143424
43.72744817359694,36.21221133461561,41.55083715239705,41.14208000870791,1029.1787978472146,1025.705036072966,1963.9256971817977,1008.6857735807139
43.02579012371295,38.48609412604523,38.68591751469815,39.455895145324725,1022.4590178456106,1031.9885132681022,980.7892539077131,987.1033276403443
41.756108115808004,40.525874573506144,37.36454568499043,38.28938910282005,1012.0256277936817,2033.959005135812,2003.4757655095045,994.3220466506181
44.25624932706853,40.370070892512224,35.47371528086339,40.139768870347055,990.4093984396811,1990.9571590430996,982.7528263823998,968.681295223219
43.83433305143721,38.868123390039216,37.460596147035076,42.01155234470093,995.5289411028128,1032.9171211244256,994.0338827398053,2041.8741535708803
91.0444002643191,45.30616715911641,36.932848538904366,38.830379060441686,1017.8489904104498,1016.9282937851654,981.4540427799467,995.4061541652675
48.31248511028092,98.79628334402031,31.0082032132783,36.73556938116671,975.964953892383,1021.7104601116259,997.1651091959394,1971.1797753902874
47.73160329665315,42.09247476510639,35.74887007728788,38.43933429744183,973.892589721075,1011.1484365812221,982.0831588709159,982.5349757167096
45.4530459881963,44.399790676290934,36.23357170682662,38.645070098324794,1013.6250188202515,1003.0745015246205,996.7837796975916,1007.5951136359964
89.06780064666243,43.65431009410278,35.50112082916376,37.829475234053106,1001.0527233624377,1000.0850821280986,1025.6338125906427,1012.8946097816229
44.37564296601111,42.37022871974492,39.04991479917612,37.667683912217534,958.4113243653726,1008.5572137337352,1033.2667006430138,993.5732079720102
43.89139408072129,44.70077992340593,39.581928165276324,36.066043307118434,976.7594012379909,977.4084271149266,1022.121523971399,980.3988067466748
41.37752223418116,44.569811344913674,42.3781903353063,35.27327615299863,1991.8050041853635,1008.1179972055313,1967.0711746951852,1986.6590976152884
42.31297542913341,43.84612523073211,39.485571148146455,34.0104111904506,986.3410391574627,1008.9150673338418,1024.1997300605171,994.960869657911
45.79171102463998,44.97350872765447,36.954199793478324,36.83346186230556,967.0262645830163,979.4400775220096,1033.2978855693605,1013.8614045032894
45.0677531968397,45.7146386715539,38.66651339220827,40.802490949041626,1009.2712444593888,998.4625134914002,1049.2643359629337,983.1020901520178
44.08030674686286,42.82714805476973,40.733707473334334,38.15840005342693,2011.9508413520132,989.0404419894024,1043.0078800351414,992.0071613457919
45.6137458942996,89.05836922036978,42.346213066558576,32.78816708848208,1016.2455056516069,1008.2730033737232,1046.7232980205322,1006.9250528672303
46.0483053311052,88.62114121625618,40.355752865635516,30.999731587057063,1021.9289598801802,982.9446258381304,1043.7307836166046,979.7196276004721
46.50408236673464,38.647846917259805,89.63339463393073,35.886300087375204,1026.5211657988395,972.2446777891184,1023.9279069692551,987.4081689511897
45.11950108706752,40.928694272899776,38.36195904705405,39.14121175151915,1037.7209718499057,1000.0203588200791,1022.2594656894081,1004.0614167031365
46.17651379386983,44.70471643934761,37.13646607661447,38.30957980042474,1950.268471752856,1004.360874611056,2013.117578002711,980.9897345457978
45.98135368094811,45.239193644684676,38.771663088963564,37.64432597790807,993.991944089001,1974.5617226401437,992.9470408164757,988.4082651132248
44.163701929199874,38.247472979048666,39.13527951256707,37.811890024867935,976.7881629032967,1012.9356631804783,1001.4297660783564,999.9473710288175
46.10397212433952,38.0759698667956,40.10176480629093,37.86021451576989,982.4514226099182,981.638742926526,1031.3659148437873,983.2851846495007
45.12086802255431,39.40066609367847,80.70019297377607,36.502166890801476,959.2150110853202,974.6376146045129,1004.6542577678636,1959.4031972145617
44.20925985649402,42.06437300668627,36.17531862578262,35.41412263881506,981.7737352379092,1003.0620946575507,993.6299723472374,977.4585313203247
44.57421564670254,43.39138083017018,35.77539635258548,37.839438693109514,990.7232611160227,1013.9387970839681,1010.3258468070301,976.7847069713238
44.19406472183594,44.18174519118178,39.37011831994998,39.57568700682529,983.5413254302398,1027.761904834697,1025.0504029428428,976.1924701401138
47.315912375956444,43.46986080725691,42.197380624727,40.155469096829805,954.9409292327358,1971.8599677466184,1018.5013264608233,2046.0652714997648
47.548931300510404,37.755740247829024,39.28595379461364,37.880455599957514,951.506314822105,988.3117634817434,1018.3765160067226,2039.2140101065565
43.073355801087956,37.2378483341518,37.440422439912766,35.40716698756481,1005.2618325694143,1993.8227718497321,1019.7704536567516,969.59358863386
44.27792295495462,40.001659626121494,37.40362491093762,36.9643691516574,1990.184765406529,2009.7957915338973,999.1466713316333,1000.734272920119
49.00413523117966,41.73702117617499,36.529350401713074,35.64520330252724,977.1981065021239,1052.0077906327783,994.7314771838846,1019.8913181153756
47.45121395132533,86.16338476832658,37.06802136006105,36.611593909700545,989.5086550447527,1022.0746200882584,1986.7080563730958,987.9039686338904
42.296516598865665,40.182443203132024,40.761319717260506,41.6664363832988,1000.3566357104337,1007.1665902999174,2048.226704426581,994.5487280801282
86.00670571986157,39.3983260188018,46.89007463505972,43.83881600081603,2010.4493017263953,2053.0068750807613,999.310302927515,996.7772439179921
47.589833022779494,41.668353266326505,48.66777370199612,42.247678135829645,1027.2597025993032,2009.6811995113167,1003.9541257465056,1024.5878682098037
48.54789016553943,38.7638290054076,44.207395534807816,38.669534040663414,2027.927453863862,1009.9932240912407,1021.3243043496578,1025.1067866822107
38.73155536420042,40.304964044753646,39.9470962902049,37.598682805921854,1026.6706377852342,1003.804158310994,1999.1686796336253,995.126091842777
41.07258063742316,41.70238614022786,35.27194962474295,39.01334595214294,1043.613218357661,965.9094728399689,987.1281163043031,1005.2927890051883
48.4258259141677,36.271482382886774,76.08658962944693,37.50408180842583,1010.361127290857,988.6485595877248,971.8612974363905,988.3821835490386
46.685817744448926,37.66225775410794,42.78277438944702,39.531932832895194,977.7869416325902,998.5599553149207,976.7740490258773,987.5194828716345
44.02249517038272,95.84314079021503,42.83724885061681,39.75997302154775,1979.7937536852746,1029.6764309354883,966.8625478394703,1002.3552770430213
43.10399833888672,42.43935253400032,41.42362723583895,36.57371318377002,1006.086347895475,1043.4461614489742,2068.43240568634,995.1284824834648
44.92597443011931,42.10252499369031,40.118092365050146,37.29906701148731,1034.5533184458377,1007.8010094440617,996.2221264153779,1000.2870710967184
46.360101796874176,37.68907047361262,39.82833893435186,38.08669365958744,1055.8388863062346,1001.3140673828491,982.3528240217444,990.332523624679
45.37945246086995,39.00424639785312,34.28687377316395,39.898094387204,2006.686807607548,970.3615064078155,978.5847304168977,988.3811690693042
45.75488619094868,42.53225573645305,31.890554684928386,37.363975706788594,1056.8959249755185,970.7510887756314,971.6717524537141,991.4111800055897
43.74028135791437,41.63888934976245,37.80584976472484,39.02572840370347,1012.8261738031867,978.5038553356133,983.316195878137,989.5895506652073
41.27477900027986,39.931239986228576,38.560791181597,41.543839205694624,986.1258535462882,2044.6366945596224,996.572375776542,1013.9605561784476
40.05696258032883,96.24595363844834,32.8040981758961,39.18420682271203,1016.5659343242103,995.2730285144885,2014.5975843535796,1010.0071896048318
40.70508298576772,40.38061875284055,28.539494134684347,38.77700780525762,1016.5141775348226,999.8393140242534,980.6631225545996,990.5339977547633
44.01630090672066,39.8889724445458,34.13269836276105,39.900146350381114,2017.8036463428884,974.8235813496542,981.2320877517346,990.9550180535828
45.81028300671366,43.724352790630505,39.32706589627238,44.27302254067294,988.6977203918639,998.8983510492645,978.1891839953146,1006.5441852113115
46.51385026157473,41.5510899719022,37.9508843740554,88.96740674746158,1002.14874505477,1012.2413718662018,1003.4667844684508,998.1774754520608
47.56004004340504,40.225095231898166,34.61076417802413,33.37155313889312,1011.2765853644346,1000.0480934809923,1022.8244069156899,1982.1015912110458
47.9229844000383,41.73905901640045,35.73538768896299,33.75389464574777,1015.0389826575408,977.7592378582917,1017.937663572216,1008.3274892571416
49.74699386983149,38.32918240784626,38.93451004229532,39.475802444811876,986.9272967985155,988.7284373305197,1003.9839145129539,1006.554918507338
51.650926337384995,37.114788513117716,40.46111066557923,35.38530081599213,976.4576497204666,978.2912348654909,1015.6506252054,1009.5362460067429
46.29392575160485,41.93493726509479,38.92726842804983,36.1371064870647,976.3346884048584,1018.8630400572432,1051.222030430224,1007.880125240966
42.176053517035456,44.86087017041494,35.97264174782776,40.13682990096973,973.4655394567948,1054.0493979407906,1006.6383619588503,997.276877521271
39.61311426480486,42.18222727758412,34.078936898311454,36.52871177190244,1021.9096003057197,1000.9259126372858,2020.9331701946683,978.3922447535585
38.78063387240118,40.41867074298013,33.71726936859517,36.348854470929865,1036.1115686645194,984.649769822526,1035.7006565918896,985.3944233797665
43.57152164140214,43.62959299000703,39.06006598857515,36.00829889576325,1956.3235105888311,982.969523073635,1016.8853963187812,994.6829138027895
44.28293554950228,43.4672784689642,39.7958372912658,31.993376184843335,1021.8647995290024,1013.7047557626165,980.9769487666682,977.3310782768906
42.25459428139967,41.16138165515645,37.69116104463738,33.5820787781287,2029.4614015820107,1038.4983275569416,973.9973220912486,989.8377008533535
44.96188578638885,43.402018945520275,36.844060228090726,34.83658438952742,963.5377564398868,1037.3345802905274,990.2746791951206,2052.792282007479
46.43582163673634,42.10173141020948,33.40080429753745,35.786203951573825,959.0040800928344,1046.252918342025,995.7510943535251,987.3112549467119
44.09420026081589,39.31021791922717,35.24565409990961,35.62039728054367,968.5739463935477,1031.2725097396826,2003.2709457641229,977.6031017334583
46.15025822082653,43.398821325041254,37.67201870407928,36.62321743309137,1939.6518351069506,991.9011975570542,1002.5189525729356,972.6235280798974
47.63654751864847,44.593664946196,38.08847874854344,40.59718452990019,1038.4976525912691,954.7315278469991,999.6112350614449,995.6290196881232
44.828417950527395,87.11543660968186,40.98771246853765,41.25073037883061,1023.6837068946813,978.1231109052696,1991.1842558318626,1009.5338266778716
45.327430488374304,94.66601794511627,40.34075728528821,41.535958197983845,1016.8966690855217,998.051934209587,970.0688398200059,981.8539119686995
46.02209477416846,42.961411477554414,41.598904696095765,40.03032236196036,974.8654160910321,985.4013543789351,1009.653237986807,988.9859332335998
45.59676923396371,39.08223077754675,42.568561992503135,40.34668964425462,985.8326375130471,980.9173971566454,1029.1126437289142,990.9357704685135
47.28131451731707,36.855974757328326,38.786035282459295,39.453770920576346,1022.8904304655252,1002.895656730492,1009.9180423392886,1005.7454098761641
47.296348495823324,43.642673913316784,36.980313593559345,38.67378566747798,1035.4077338193645,1009.0712076619966,1002.5791863093718,1012.9378790513003
48.47766565795767,42.158806124904174,40.12340264968285,87.94065934687477,1036.1065469911746,1983.9587216052175,1027.9601683215556,977.7479595781421
48.17859225139591,40.41283806750047,38.97760183932429,33.70387931599339,1009.7984550103233,971.3857129061796,1042.268489670513,997.3893843782105
44.181283781622554,40.87580220281039,38.07226781377837,32.334522710063766,1012.974442078814,1005.5305684943526,1031.7427367993937,1002.5983321765839
40.95154382965375,39.39130470290734,40.9519565690903,33.94824350921748,989.6834050055031,1015.9307482601362,1004.7157423546652,976.1511114928105
42.417994322020895,39.960015763119706,40.470304325221015,35.3379518940264,975.1208242742512,1971.1654420269654,2011.154554607184,992.595643471861
43.65117748083662,37.63105290343533,41.40546249203241,43.954980832654584,984.3074566633854,1000.7831080900767,1014.2037654733188,2022.1224089728935
43.371424569100284,43.304717188023076,41.78855894337198,42.81188893920757,992.9668421465268,1002.214478126614,994.7981762528832,990.1925680124527
43.95461493797876,44.001481804406694,37.8648548041269,37.31118830597738,2023.9524209658691,1010.0931508936603,2005.4338504401987,992.099010391511
89.25179422743145,40.10166290455645,34.019528414734545,37.99964572268642,1017.0159351346908,999.0855725583228,974.9627566823051,1932.2327209064804
41.507928971536764,41.613741432802385,35.14031801453652,38.510893892039256,1944.3269275865312,1018.4213829559467,959.9637486362062,1021.6917276481092
43.62574393758439,39.549990799814864,36.65907048765761,38.27660068433393,1032.199019230033,1041.9234058833636,987.6955858833308,1002.775548507418
50.32960196375298,41.66538212659426,38.58769418512185,35.13674199787836,1010.362679899404,2049.376988652588,1010.905815769431,968.2943927601032
47.76236071039119,41.61361856929108,40.34470282214514,36.830262386702685,999.2757315041977,1000.2458314437731,1020.3680019549663,964.6412494324858
46.66664652373103,43.18274934771091,36.611692894942294,40.929165575671135,992.4933864967786,975.3522994511287,1032.4822725577014,993.2704026815916
46.34042904019605,41.825962582358166,37.71244945718843,39.7441139657746,982.5587990783358,2025.7930790551318,1021.6489740871518,2051.5119392462616
43.27777254558812,35.461221813714474,41.17307744121334,38.853415187014306,983.1969978906507,1966.1570163991269,992.3153017130644,2034.4369762512117
44.32439679208676,42.66744354033289,40.533250772763665,38.95612765293008,987.7087491048928,981.0571730211504,2028.3283401606348,1013.9392339691756
45.11100176375288,46.44644188151847,41.48708489263433,39.12810702401815,967.907506373743,965.8637052427534,1007.4118242258618,1027.7872104438522
44.85918551257763,41.874636673923696,39.13070751721468,40.61677099977296,962.3295051882849,985.8961537105765,1036.2567157434014,1991.9016291944758
43.387207547448405,39.746460508464025,40.24162683182574,41.42011409938304,1019.9627481681662,990.7040550208804,1011.5894650157531,1011.3805432842199
42.4186020336474,40.44198403018764,44.42429025814398,40.65445046102923,1043.4460576930364,1014.5703046904508,967.6190878373077,2054.68216528943
44.84308090826049,43.696664150479585,42.07078780857305,94.31872246238865,2011.058095750507,1001.5789005818427,965.7552045442483,2001.6952638086905
45.36895469698692,40.456260208261085,40.232744920018916,38.583810901623266,982.2188066798757,985.6614369237761,989.4814791226271,998.9868889303436
42.26873557744581,38.49270446839628,39.10619815857784,36.80285534814915,968.4804540152262,999.6570961912189,995.4899326448816,986.2319204870253
39.57579126466171,43.25259144613053,41.68254558639364,33.913977846010354,998.9695045206263,996.9457686104365,991.6932449280803,990.9938158961643
38.35655385919817,45.4247734092456,41.969585527853766,37.29715545389959,1035.1837067725626,989.2613675864326,981.3238514084755,991.5731588080803
43.5191425394935,42.41250426684103,44.67625722412272,40.162443318909624,1046.592541920617,980.1838331257743,977.2474265178482,1973.1900758746242
46.26281725111325,41.44718557407942,44.58649559013266,36.65982332476713,1996.4197486538758,989.8211642137924,980.9817018822545,983.2929543364455
46.813869672696896,44.23618076793301,37.61735002914223,36.68449640235903,1000.702182286059,1000.2480668527892,1005.1262785588538,966.922993446139
45.653703537256035,42.80922215401051,37.3353956393655,37.378536351227424,1018.2482067643973,1017.5838462660645,1024.083970298495,2001.2552616923754
46.54045357575457,41.073265472939966,37.8203957128096,31.31966909207808,1029.9981394875292,980.0313265848661,1001.5723384750675,987.383187546257
46.50990809124906,42.14398914350471,32.816177600890896,32.72847063470499,1015.5010464797234,967.4670374077273,1000.2928935845622,1000.7132623583667
43.63495826111611,40.405519151997765,31.553920709556703,36.80088869311696,1000.7483059229643,1034.6183295224723,1023.9987760706799,1011.5146024746907
45.12755813580836,40.05579678492961,36.40264350713415,36.082201585461405,980.547217993316,1049.553586764966,1011.8548025034745,1997.7772970701133
43.75209998551915,43.92948226457757,36.84967095344193,35.720633429192475,997.1182976227702,1016.946242591971,990.8717725679741,1003.2830648339527
41.57260341002075,45.82869970850637,40.16205325435346,37.91277008080071,1036.3640413947123,1007.5756541925136,1000.4455558070138,1010.9544768212126
43.231874116000895,42.505027684818344,44.0529201433514,39.36643645690944,1071.6349697762187,998.4066669194692,999.9745584649417,989.6131332941529
47.275265693747585,86.55372537915135,40.09764244755365,88.84518853983154,1056.8851608527534,1010.1356443462776,1016.8112781335383,963.6450713338768
47.057293266355515,39.08555610012166,39.93854481533174,37.173073609616935,2052.9071660676714,1020.2114525568493,2048.365111058104,991.7759652968357
42.118641568438605,53.40265277703226,45.25601749988732,37.78484624340041,982.970160300308,989.9194293659389,993.4386819318624,1013.4398692331204
40.37697673384028,51.237289118412704,44.004770235966525,35.818102629079775,1975.898667688585,1000.5977920858475,1003.0481111575764,999.8856172974317
41.57279269915321,89.61905325322539,37.035916683557424,93.79944103838811,1005.2357078670055,1019.7487248258578,1997.5259442631664,996.0545876017873
43.858284032852495,36.58905168449852,37.39775749459514,34.2023334855749,1989.4433782938809,1991.597963543717,996.601880292928,1011.1940648378145
47.057403126853075,40.17963633976947,92.97654152369081,34.39134361215663,1007.8116583038905,1014.9805978271459,2031.7751098018543,981.3158887783953
86.07553573515816,36.512851364588784,42.190383785714175,37.59532930936933,1031.2695890217005,1002.2517113045838,985.7583410860725,1993.9171585687693
47.466089508874745,33.83805817691709,39.2500292071525,42.18535027257172,1038.2374223468532,1006.3557410813819,951.816710484255,990.806509690664
53.87837343163183,37.30911960467204,40.321818059944704,38.019466537404384,1016.409612266777,1033.3153932725095,970.2912103263743,996.5634603886322
49.106628157712585,38.74872723926904,42.20184233091466,35.507203576609555,996.0899329402197,1002.9735135626759,995.1661252381823,1976.735763537948
43.43104476998564,97.65847779604263,38.12618793188712,37.49471925206621,987.7098548104225,971.3865943195281,993.271555539412,1012.3670600946416
42.64087895816026,40.956233142178505,36.361973960227616,36.786590068375396,991.0729934054852,962.1726189849162,966.7367944512791,2005.7550440652678
44.3913261106769,43.99513693972189,37.08441798055607,37.33829241431242,985.1665259695374,953.6960004701878,973.5689143842859,1020.4455745088176
48.53059409315151,46.83415998594188,38.40917123652598,38.215157081688986,993.2707588908089,969.0845734052508,1018.7343774777676,1018.6975785628869
46.1853156128991,41.17854683177094,44.62005028976131,83.62766919415077,1974.8197326999452,1000.8981802279187,1029.5220463529504,1030.0124790216946
44.82136853466379,38.723232721377514,47.4277057378422,40.41273807441202,994.4564160554505,981.9498882278701,999.586944701168,999.6877858530222
46.304076613830425,38.83153605463535,39.809585089058615,38.65100400329187,974.3667224403114,982.9686938815236,989.9674523049218,989.0753797450802
44.46427866185206,40.35401708876162,39.607973823107784,89.08288274053855,984.0004584699657,997.0612488988468,1036.647600942272,992.1513009578664
43.84560526995226,43.23584841541567,38.696028460207074,37.1960119873152,1016.2663633054617,1014.6707897870832,1052.3557497942875,1003.1732124635237
44.91192437948081,42.97828361314558,34.39097474252555,37.25181600665625,1026.8594119110062,1046.729320461319,992.2497522484147,1002.4383546767672
50.43116782203059,41.97081497743162,35.40082020872289,35.08214085743768,1024.8812482350465,1010.861097830184,977.1793519187572,968.1709699647206
47.0368616221658,40.630151719637624,95.86287066694351,37.696414049597834,997.3383669294508,985.2736921667879,978.9797725892874,956.5717159586593
43.84553016316043,41.569172354444675,38.62891910227149,39.06671082432062,989.1514491054274,998.9456693594962,994.7957245712674,980.86583337751
43.467325913361975,44.51864730371961,42.45064982592346,34.318073600412156,1018.4582270750084,1998.0791711383781,1020.3295911266508,2015.4130088689758
44.02956198416635,42.22290307595537,40.632394564088585,37.6894992195004,1045.847511052427,998.4808798144801,1001.0088992998496,982.6717301944923
46.16462761581971,42.16016191624105,40.72004843907567,97.06819042997407,1052.6197056189503,1015.3372339154491,1005.006914912519,974.8708946575823
42.44926457575369,41.00140015789188,41.52806324660531,40.74957989497313,1006.8732823073469,996.370377460197,2023.3431084194422,1011.130583171712
42.886163448265336,45.78183771657285,38.18756302037578,41.45672136484059,994.7659054321414,995.600933843107,1946.2005668855584,1030.2156128967765
88.68317645094726,51.20920627776953,37.13948950184401,43.75295766455169,997.5926138775253,1018.9388624977453,983.0760479597535,1020.8655368994039
49.405268928986004,45.35615899187601,36.508490915216626,41.09208376575624,974.182314881624,1033.846690376838,1013.5198894549404,981.5763483487251
44.128731201702706,44.97671787582155,36.243165219857616,38.323700984974735,962.0592359114588,1011.5677196354961,1061.9277609465348,972.3426756825803
41.06194121916016,43.02543445927109,38.74255225189303,37.946697726744084,987.8418443553904,1971.7083442021537,1028.8073123033525,974.8983011021562
47.639179283462525,39.944418777927865,39.627513715723516,38.389238071920445,1042.2495266827123,1014.9678993708884,980.7266692506046,1985.9077455107354
80.82309648155022,43.297722590771436,40.56709625864303,38.53408870018772,1037.0619714836412,997.7985430837588,984.3484469205862,994.8665687346274
43.88303827439968,44.65745842730705,41.637358011542474,36.722163014093155,995.6485590116865,993.0669872067426,967.2399886755788,1000.3941773629165
42.126921161852636,42.440376442773854,43.401233008950584,35.24248958025157,1011.485246957805,991.6848249552233,2019.7038631166106,2019.3891439464664
44.71370092776062,40.778005464524725,45.453089889113045,33.90251881502798,1013.3617563574676,1015.429877309791,1010.7802588300527,1004.7393816663124
91.26306307285087,44.093466871208896,44.122439871405874,35.88995104444608,1001.3969726943574,1988.2326878289643,1010.4085906714195,1006.9578520106137
46.35124387530497,44.19560893796566,85.63227651807206,36.74259535473861,995.2825751299545,1012.2382016942765,995.6839638202247,988.7841071926453
47.172707582047146,33.87358872438035,41.87434956954466,37.39866926659967,2034.2294112483569,1007.7100104562696,1000.0771336060357,969.2251227234394
44.463872635276985,33.893730569453695,41.00979292480589,35.409614590752845,1051.2194467117288,1001.5412188546866,980.5455002628838,974.121157676346
41.0177627920516,41.93385089328825,38.942216822745245,33.90447832703308,996.9765945138392,976.8281577502561,938.7349654311921,1006.4653025375054
46.201669136332725,42.0790839437807,40.28811408156882,36.7764331134084,1015.3885394118753,977.6216077330294,1998.147281057918,1023.66837195923
47.431907191828316,46.01022151012873,44.279991725215744,37.114144762285605,2026.7611591721095,1006.3712923588871,984.6937545835464,1008.2227345916531
44.25615111189822,49.089152393233405,41.84265088471563,38.17522777032251,1000.7900086889659,1022.0726497444434,2004.0579375569596,1016.5266526918542
44.91396997900921,45.62781723226091,37.60622032512102,39.03719902427005,1004.9611713661891,982.9244878493805,1019.965702363956,996.0214630336654
44.95241332149316,38.47617863337082,43.904016091486554,35.973056278417246,997.3022525388665,974.2436266007448,1008.1043754058308,984.3246275845013
43.820856450718814,36.53626542238095,45.67451737414621,37.02354278497607,961.126882820096,1014.172979426723,999.9196195385463,999.2084088405264
43.841770363863446,41.3169326798665,39.84423351321904,37.503478643005515,974.0862977092628,996.8598010941324,989.4149875119804,988.0044485391722
43.57088384518785,44.67336922938544,39.844958261220285,33.19953001002047,1012.7574979927331,979.510683453411,1005.3716107431213,974.6557270610838
40.240416181410325,46.75251982821254,39.03162687762838,35.36446683825509,1021.6999617590881,1005.5808282267799,1027.6923235682132,999.5559271467362
41.26429687844524,45.233764755127176,38.08087596983937,37.6709219531533,1050.0791073134867,1012.8480550517705,1020.3183745895014,1012.0159633238145
44.13685174694469,44.57715481605382,40.87245210592789,39.316791924083084,1000.4177004010752,2023.4407113999528,1009.855338276438,997.0349243397363
45.215396496264496,42.801521958914996,41.76188495666492,37.02346765232617,965.8383545610798,1051.3095618545922,997.5132452292662,1016.8507797206314
45.31588267028926,42.06544106697105,38.44243583894387,34.79947697180455,1003.2522034045564,1063.403982966186,963.4604114565931,1019.5648785946444
46.104278031020954,41.01239762817363,36.83435970078581,36.975117232536206,1016.5243399773055,1008.8644959677105,977.399282308103,1005.152632709799
45.43941149441609,40.00966955193043,38.571004729018185,37.62634537922345,1013.2466209799561,2002.0774865849637,1976.589597801486,987.9547069682685
45.260800184453686,40.524231777033314,35.91092667157916,38.23938660867363,998.0632979931888,1000.0134249013815,995.7985533606634,971.6080175893754
47.57202207303818,39.174690280080824,36.51027778401713,40.32299228300806,955.8128233417989,1002.8875030869724,1003.3316443513559,967.3929700587878
46.86494167602838,41.05862612589084,38.767963100429554,41.53574162058203,940.8174138852332,995.0298433043017,1014.6811784317517,968.8871966493929
49.187290669563126,41.961690496023856,82.7722331001834,38.88252964936568,979.2591876592758,1010.7930194213826,978.7054415406692,972.9729239244459
50.11489890793503,44.303061677246205,43.4164771045157,35.83511744408668,998.8888843535681,976.2394931089387,972.2756676914177,999.3911953192542
50.97174452443065,43.76055102170365,39.787856709899174,35.923820522932175,1018.9837429580396,960.6005998069875,996.0627359504365,2049.421517387902
48.710842090978545,43.97056823035469,38.894650859808124,82.11014127957863,1013.1911038456747,952.2613262846445,1017.436237875188,1004.8833975565747
42.67013849961103,44.710927585043436,37.844696578282296,38.782587213618626,2031.4933748616863,1990.9788099428938,1001.946870738944,998.4285448086152
43.496751299393296,42.95139007233307,37.80301636405623,95.84600677630534,1000.5692550982938,975.6891892769329,1010.3810378318356,985.9453119895845
47.61495024769698,44.82007860123319,38.1907842527374,91.82572447583236,975.2475075113607,1949.663583963217,1030.2171000198068,988.4015087616392
47.75400555077719,39.473200412370886,36.04815595893778,38.64993019354256,969.4756054769516,1032.8290993214973,1012.269776727919,996.8202210409527
42.92960573936186,37.02667834422009,33.873878968781085,38.70111069337497,2032.09905414009,968.3255975073071,1003.8605080156923,997.5370663909915
42.48918958913296,38.74928329411347,33.97878483005139,33.252484673968695,1035.3188115653525,978.6502871325147,983.8922392161742,989.7892539177155
99.00917741112839,39.87745787339594,35.54005361923274,34.81303245054269,1013.1494053031138,1009.5820616653103,977.6548696281009,965.1803371554954
41.46038812279127,40.4655672226482,40.76217518139768,40.273048639726944,967.6880235376225,1004.8130402373693,956.9547195800657,980.0276211550552
84.24196244453876,39.66529837674247,42.28084705783663,42.21712905152644,964.0082245635122,1031.6967572410938,959.9017206273694,1005.7798017894678
45.465489483487254,39.81352666588444,41.979771086935315,40.881198313496924,993.0617025937979,1003.8289193779194,1000.1094367627788,2013.523169372588
43.16424553316917,42.06137466291038,43.54249815543729,38.35958188268482,997.9999790256277,980.0024644723487,1019.8733627683855,1015.529547350042
47.312562037382506,41.795222988557875,42.83352199346923,37.81866957686067,993.0733591809542,998.358436278897,1039.8970739868573,987.395504195484
87.19604358219284,43.76128024911934,42.16497619692766,36.9013837000725,1011.1309219105481,996.5025521278718,1028.9582439910075,991.2072305786157
44.811802347638185,43.47967588667948,38.584382654786864,38.493597332012094,1021.2121862674771,2022.7467744208386,986.6398395279753,1007.9384774049164
51.60075972634158,41.55732827933676,37.040479985368904,39.139417424937406,1019.5371035870264,1003.4823590603785,978.907700330702,1016.0224665973244
51.98737368376525,42.36306854833079,36.33722542460065,38.862555928828414,987.325394413183,990.9829571795623,1001.9367212722252,1009.9642197948738
45.49676064684578,37.819435278766086,36.62314854638575,39.743323588031686,980.792370883592,988.2227470028616,986.4073624385362,995.4711688558182
42.566564318400296,37.813408996295166,41.087056715555605,37.88983895355271,1013.1502718536412,1014.2705243366199,982.534642245582,975.6745741436519
42.17829464853283,44.718378138329115,38.70852187924153,35.7841680985746,1009.9094871257508,1007.0112444312342,1011.006948666484,983.8562934453334
43.54218360099946,46.599222226780256,37.24791696334255,33.51782730434434,1028.2191017116052,2003.2909185994436,1011.869846416665,1017.0470890223509
43.822843240961305,38.523468793845,37.61905720081482,30.950183282062557,1045.009901372547,976.6376801498137,1007.6111868110909,1987.6198462452608
45.71798770195457,37.117001464723,37.1622527603036,35.090506859146,1020.1718925509789,972.1737878691008,1009.426923962973,1019.0432818267345
42.887670140179225,36.74290067247437,38.58135710825214,40.25705744361365,996.1935365331574,978.8024194910956,998.7272033831289,1009.9266946172919
40.41488182025715,34.240026720988666,37.96435835934582,39.360193735818164,954.719511380467,1004.397707103446,966.6831689526855,1011.0714334396528
44.40297608070658,34.87891497365803,37.91805571210001,39.56580146492384,975.5753473336554,1954.6040871300809,976.9086785403513,2030.3842640937746
45.50761746818705,40.47916870203986,40.203978714856305,37.78335522635862,1001.7969266229721,1032.4390421119338,994.0082276651574,1026.3608076140906
44.52533415732687,45.581074836636276,41.21030851173869,38.15808444533134,1966.7044801977822,1028.6466256601009,2010.3405741445206,995.6015503546583
50.91581885375866,43.8469678047144,38.37345495616525,41.18143067086375,996.2662184619599,1004.1414567226916,1011.6444538968701,960.5068908586051
51.10202947671698,43.20119437014935,39.964315959300706,39.28676333787763,2005.7762569671554,1012.3095504148573,1030.840864769662,2080.0297497265874
46.80685378517952,42.62129004790238,40.24340199645651,35.206278203786795,1022.670317168045,1048.815623644462,1017.9038303388841,1961.3645589654839
46.893479420500384,41.99864529476412,38.52675260153065,36.72049444459548,1010.035631936714,1030.3400948919589,1001.6489469773304,990.259485673181
43.67982753456937,42.72537466254626,42.09417534547087,37.577049943628964,996.1881550346818,997.3077221972667,1007.7252560159282,2031.0979746641535
48.82044965617026,42.950974594481174,39.92146556490401,35.781069202767824,2028.0634471331905,1001.3409470724221,1008.8619387304227,988.6644233599804
50.632779544223254,39.43464551539526,35.222510740973334,36.027222717137974,986.4056724175998,1008.2312587385121,1015.6207988229777,983.8837559945479
47.00267593197785,36.85442701330261,36.5658818738,36.75858048710204,997.8928919921871,1001.1618158216867,1003.2291759947612,986.4034164112968
45.15478807824452,37.772976158644845,39.09327448372803,36.50419098099678,981.6750482086688,979.9396323913115,2046.7193649850997,988.6169819807785
44.6315673601617,40.73633782691161,38.49632740541995,34.58103680902424,987.1043021594369,1012.9454428110503,1032.7747653726715,1934.7732027746238
48.821651590456796,44.88448215873339,35.811688673216786,91.34846408612793,976.5280434147585,1011.6562115239522,2017.8845739026065,996.4160325818935
47.20642057923376,48.90906450284923,37.515528749369665,34.01670980937715,946.3240407329083,1997.9416889372424,986.5551627059131,994.3116498117408
46.85267624698323,45.031755262129934,39.27340586971724,35.22250557398688,954.8575679015674,984.3084044373898,2008.1309548514525,992.9630183197166
44.849952046473604,85.94282467263093,39.786839364563335,38.11310400143486,1013.9455506738677,969.9252427115152,1018.4331214727035,1012.8179178960145
45.034342968121656,40.941530841159775,40.07663287942663,37.032186401530794,1032.5685290110364,1963.7098885418059,1035.4015888567817,998.5067302207328
48.89997384690571,40.97155519186154,37.90362579179974,35.079299915526484,1010.9469137812287,1016.6102676742831,1022.3510918873519,2023.0738127601692
45.40918859233949,40.717076152111105,36.6917409031021,33.54090613299914,1009.4326374025136,1012.4507822540763,1020.5636953186753,982.7763277349791
45.73431645586971,42.87373487173874,36.67073054397192,35.01348142097055,1018.6268988262884,1013.3816461094666,1005.2798398601703,952.7215553722338
46.62465011875093,47.17168138185801,38.702961196357535,38.06269682192196,1018.489664732866,1010.394268087647,977.5490437093565,977.5912881404942
46.656177366846585,44.938599858959705,38.54763800927013,39.02307944037331,1007.7197580031143,1018.1609013790683,1003.9353820990124,2026.8036125628596
48.36478562219584,40.416480274090006,37.953369561218594,38.230170693286006,1047.6862592691602,1014.5912459543565,1035.3481842166948,2045.5632447811872
49.143942880248986,41.586993616626614,41.136534206385136,37.14826449271405,1054.630008321449,1992.7136276809001,1027.618736344577,970.523301942031
45.61292646834702,42.88692040693499,36.804096787359065,39.213505963458424,1022.4961650870405,1058.3138318721783,1015.0535785211755,982.6185171638713
44.92266769539539,42.209921190489524,35.679494573045346,87.13014851139182,996.0879687985484,1041.4360289807405,1972.404071392681,993.2131444861436
48.79550189853523,43.07116229730066,41.70284532269052,31.245622528525736,1023.1206126745395,982.2707738250494,979.7318604485866,1003.4686042001824
46.366254164267914,39.6812790344608,40.520958725824684,36.113857845098984,1055.015884608978,977.897592869467,979.3067748337569,1000.9646108807412
41.75514034280066,38.38738581191349,36.344945873880846,86.77864628200228,1021.6513251238026,992.2271416732394,1014.2226711191395,999.4500853297752
36.83032195428949,41.03356718676737,41.19697721445729,32.165326658170684,1009.5687455792391,993.2470490004919,994.1104962868822,995.7228129299211
36.646367812764154,39.623661309268115,39.29765315085105,36.164030198156475,1010.4046389990965,976.1396853675928,997.5881972718994,1950.0865802089922
43.908550232273306,40.82550944496549,33.179754682730476,37.66459951925226,1001.0196288715631,971.5532817945463,1032.4856059763406,993.2302108319768
51.63969388757686,42.322072179671565,37.88814241098846,34.554235273299554,993.0525037202212,1008.2385101383279,1004.0251756698123,982.1517867573797
50.52868614034998,42.599939191796395,42.69815073661795,33.91057436494387,1007.4066039581398,1022.9890328549761,984.4136306402036,1017.8465271462832
45.768904336394655,40.35764572460069,42.1092648427681,37.77754286776516,997.8747712495087,993.1397273235234,981.5421280889087,1006.6877074959364
45.93921285064063,40.57676201239208,41.38900325837972,39.69005755866226,1996.7044164352462,2030.455963150591,986.91034267543,990.2110587718611
47.95382978368511,40.72438841718386,39.98991786213522,39.21657058671627,1004.1116781764039,2005.0747934717897,1013.0012827367199,1028.4378790857725
47.85411306653794,39.18209088043817,35.0592956164724,35.98772330320452,1020.5525291731412,1013.4455297429342,1024.6423462965097,1003.8705833881381
45.802877749983054,37.957202060493486,36.94096212214312,35.0874567520558,964.0319549907003,1021.7787788604285,1027.3524700724292,994.9794126219042
44.29810732606194,37.708157140724296,45.199710988798444,40.616484475964214,947.4194483920887,1979.4924262971838,998.2954550843452,1012.9031932148393
45.92415863261635,43.47334453853,41.12117166410341,40.72179205986377,975.7004789276948,1023.8886235323833,975.2198467556971,994.2830267966148
48.89202328385362,42.286219870049784,34.35043978320057,36.281292065139645,979.3699076817614,1961.4957415949152,999.8705874757859,976.1256547743982
44.61882084542407,40.22850103010077,37.86958709701156,33.58831358580285,1011.740848096498,1016.6726723512576,1019.6487390110121,978.6963605134085
42.896796492533184,42.83119368337609,39.0278480191852,35.34277367065313,2002.338587589729,1016.29975787163,996.3447084376623,994.3380567584323
89.60706984087423,41.03862519341838,35.35947854995331,38.649285120265674,1026.8951722202007,1032.8346004527907,972.7874139759307,1009.5297361978708
51.523474629212345,39.18196874178005,39.707083511127465,38.00357437490241,983.4282802690203,1994.1869823319837,995.2200341935456,1988.2875912492252
51.69556792363083,41.56655583628545,44.19121123375218,43.43238946269042,986.6637805240846,978.5822188460963,2001.3943238217787,1037.7470265623897
45.038082028570244,42.43834951809697,41.59545278070498,47.41198174106796,1029.0749304807123,1031.6533167268285,1980.940441637444,1006.7927181340318
43.24200448537368,40.78081927532306,39.03323081494444,43.257814243883885,1023.2424568542818,1033.0024599059989,1004.8453881307197,990.3286633783396
44.65311093488833,41.686768265962044,39.66998607423152,37.98971093085528,2033.3127286829254,1017.9211552411705,1038.6030222162217,2004.7591964442129
45.12327115734135,42.19030389811816,39.181608072087315,33.09322440653646,2018.5791297247745,1024.4116117748254,1037.5573961584455,1968.6037370561485
44.339611852867435,41.00862361900322,39.26080237440428,31.64755214919999,967.1963324864737,1016.2874112631378,1011.4440936300462,996.8187296630142
42.329549059067745,41.791818600056104,43.272625676854375,34.32861560762262,990.6543007365158,1970.9275906850683,991.831716041413,1006.7543718155082
43.21579985370984,44.27456091026882,39.99055267372132,36.75471036399625,1032.4807411921922,980.8962934878336,1985.6350128923305,985.2947151345497
45.96597458468713,42.88295196668744,37.524207517479425,38.53966498093761,1020.2393083076993,973.1606535722128,984.1952115377619,1003.0764631591129
44.739769523994525,41.339353208424875,30.407616230032332,37.54458291611263,966.5311675764086,1991.9587478431401,963.4414739226368,1032.239983087188
43.7294068006657,41.94577601459244,28.229777352929133,37.294357828167435,970.2329563272334,2043.9928592667031,983.7236330849503,1038.6150561986337
40.420837050331414,39.74785445287126,35.787428665845994,40.23395502781976,969.3869323097401,978.627030682277,970.016138041919,1008.9187363556491
91.12492513587453,42.292661851423986,38.27267690263187,37.032255442997894,952.8770037589443,964.8081666855295,944.2868707545699,987.8840350816795
43.45505992109905,46.05669080450096,38.01370408690522,33.538541744674106,943.241046038502,984.7923733574513,969.1149579309327,1005.8941876268402
44.96589994541122,45.4465563214486,40.508799916736606,36.9490280060308,2015.0146206865172,979.265706536254,1013.0067610573692,986.8998755161667
44.947893128921116,43.566248113231815,41.706619860440085,39.11303036842888,990.6395060491851,991.9903138707,1022.4411650387513,987.2623243966461
46.454850461375315,42.49557784068618,42.456056351511194,39.137643282461895,961.3109878417878,1011.5852137172513,992.7463777872138,997.401840414201
43.94610926635974,42.32067277553687,97.7640890441475,37.37746330964764,992.1153339533787,1005.1045031056173,1017.6743804362627,997.0669893549855
41.69594273506236,94.61317186528458,39.68602403406232,36.840928265417475,1998.8649722490902,989.2299533995047,1016.717024722956,968.8813547618797
47.022085079180776,42.76063347990525,38.281988817085704,40.73074963227401,968.5403311070069,979.9350782046607,1015.3559387319509,988.8048419582194
43.11101790133881,41.60068256362206,34.75819870218777,42.57750446232174,971.2267582883451,976.71900612852,1043.2901132008344,1047.290679371015
38.621810131516995,42.67295590170002,36.74899508661561,40.66043206546534,965.3573070451844,978.3295939485556,992.7062585169507,1023.2795643881648
42.287379891791645,40.18545511432441,39.64957398397946,39.47220012690011,954.7638817760508,976.8991371276759,994.2816030347032,975.7723673827285
47.90637434373516,40.17766484316894,39.8609003236305,40.21921015135409,973.9511707315496,1015.8428811678494,1016.2302653490899,1000.6337079291501
49.09829575125012,41.46783953091584,39.55063597932664,39.04664362676337,1014.535563843021,1025.180920018085,1015.0562437621832,1034.4565664651632
45.10545101741008,43.163636223097654,37.840999374552155,37.52880058910533,996.5314485951777,994.2731664606031,1019.1769216874779,1034.4325368774066
42.27585946691873,47.72651350752878,38.728493982503096,39.90683381352602,1010.9316232824049,987.0611822352275,993.4682075585665,1951.008643499653
43.95789680941936,52.15691387880279,39.37765040548841,42.17417038722448,1049.6814001895928,2012.6756700450503,1012.8250980891689,996.0892975867207
45.44334166017614,49.1208486223192,41.639907230601835,39.73051517357733,1042.4244212924268,1004.8288625941295,1012.9888726959759,1005.5719657992065
44.23732139119119,37.674735631355645,43.25094522094375,34.122454296528296,1004.8171990594989,1011.6064077585779,997.7248586239182,1025.2457446742003
41.957437598304324,36.164799122804894,42.34999273028002,34.90042660196108,1020.8282079373056,1005.0426891061974,1001.2484965332042,1019.0348644305518
46.82284564357896,43.311100285379446,39.74476468252985,37.62523382351458,1961.0972471681807,2027.9150970317053,1002.0513084795518,1018.5887293084102
49.30758328526867,44.72453662049124,39.93052435098539,36.19291258602436,1017.6033477649733,984.4596937953,1020.96749986851,1012.8622762213406
43.73292863350338,40.98102439978379,40.45329562249637,38.2466429101941,1012.757446369611,1004.4435628665979,1043.575522587052,992.8655488697301
43.20298840002717,38.96936717969068,35.81819143575757,39.76209538485591,1001.0905954131613,1003.3438029399515,1036.7184681383437,996.8732943414172
44.820210427818125,40.876963492417616,36.49206243797766,38.73336157965369,1958.1889853873608,985.553480835134,1015.0475444446595,998.1961486111611
41.36900978085644,42.64412672175203,40.784780676057835,35.57789148065114,969.3097455975692,1001.711046886099,980.0783505334005,986.2608034986897
41.43716231985447,40.77250059937174,45.06231746522957,35.37932214728454,1007.6252382261412,1013.5304119879361,978.7764711891988,996.1099280536074
45.04259409986877,38.201416115765774,42.7206683230759,37.15097821005881,993.0358822432186,1027.0982447593315,1007.0214886025353,1009.6628238036299
45.86355231783489,43.31519905595465,39.13884883519681,38.00205820753864,973.0715227622791,1016.2627485397247,984.231885219987,1015.2347278060931
48.87341588573756,45.51936005999929,38.33832503933047,41.15040874518347,992.6844848348479,1005.0612195413376,996.369964228591,1017.6298585449886
44.80488863078196,41.924471387500816,36.04143092116004,39.256670766466456,1008.2218807883462,2005.9349766754228,1984.2534677039614,1023.3294891182875
43.05403524268543,41.932580447772594,41.72300672557533,89.13923383734993,1005.5701020861143,997.1631126866993,1012.1778433213918,1017.9823615532673
41.069177407263325,91.10491686709074,46.1024027754609,35.44739935537112,978.7721882113816,1033.0724364978155,999.7687520632186,988.0733396529556
33.50498228363823,40.433505940640345,43.35179794026892,36.32401761341241,974.711575314381,1036.3300338350555,1011.2423275294186,993.1185770910041
38.18957410862991,41.79588948366559,41.37466558833052,35.63301289209307,1004.0397199276167,972.5097020453481,975.3200123518238,996.7484209984509
43.6678330521291,42.71778696595828,86.96228603020043,32.77132518139719,1029.6469580084743,1002.5437497309979,967.5906009360733,973.8766821262041
45.37844933895002,42.241316612960894,39.50234278155823,36.44149092865516,1040.2985313885188,1030.0320597733087,987.0652131778513,969.5292096392109
47.770848672252114,41.49332119654976,42.94787976852204,41.5737603618917,988.0453638923458,1026.7644610590316,990.8327559268174,964.3930449757593
46.790073185455846,40.45668934803756,40.72592301899652,40.08944588998219,954.7073653732357,1005.5522358294731,1018.4635898159875,954.9425897688745
48.856281117814774,39.95115772163088,36.182670603000005,38.62353117033403,966.3605644784293,997.1947545818157,1000.90341279307,965.766550342327
47.735303480315025,43.38671960280827,37.91355995686091,38.04997877057618,964.1384218426356,1028.84337149394,1002.2530382582586,984.9654203187786
44.1046287763697,44.18139725001433,35.670750009597626,37.788825949986986,975.170549536611,1979.27246903615,985.0864835722357,1006.9013516749334
44.616160016077316,44.71780864401808,37.078933677674215,37.641214070773465,988.9510092687685,986.2137930665276,964.1359044111393,1008.5978500084109
46.56222174675233,45.52374563722397,42.496158063051986,36.95256955291839,994.2593632071882,1029.0778796124039,976.0647381298322,989.9682157912671
47.88180759247344,40.06687639575415,40.870108796882185,38.862781997085136,977.0484662802842,1016.7287352125622,979.1088521835626,994.4058129277057
50.57019771323824,38.183731567663266,38.25153293805465,38.05640062018675,2027.463515109403,997.6319663080681,999.7107280326668,984.4339082660654
48.95323599250683,39.80466108633486,35.577129559242174,36.51468216933716,1033.9528814964717,1008.3410106881738,1006.4126012454196,990.3420184456505
42.47480933790614,37.576396088900836,39.42626672182443,40.71133018878696,1002.9346145012237,991.8137052237421,2019.6812553194313,996.1363652212167
45.9561332799682,37.62318066117464,41.648192321352845,41.724381994237376,1959.521517091444,970.5711179003777,1003.7746326247807,975.0506806624579
47.96676389513475,38.52732002726661,38.23671200495899,37.97919326652616,1028.033898254207,978.0276732040688,2023.7625441675666,994.3350480387944
43.84535148113382,42.447748659927,40.50731012646483,37.59357248402501,991.4270363859872,1981.7081420477432,989.2501140837517,2068.53711331335
51.960470326210725,47.73341956159525,86.1186674344415,36.23845243583755,960.1553084857085,1033.8954486092202,1032.13978970094,1011.1156253275758
50.75867536238817,43.63310873308932,44.55384172564422,35.14968817298336,964.983279270537,1028.8413678723061,1001.8954711960057,1023.4933047677382
45.19505531261706,46.060499075444916,44.61089911567639,38.024988951426955,969.8008235922148,1012.7088416751226,958.5110783166131,1024.739783175321
40.42132548451728,47.66040153655914,42.59406605475541,39.19477828684106,1006.9337384781186,1010.1987321629049,981.8462619072745,979.7345322005997
36.2790007643583,42.835070883764914,40.95999720706945,37.348826509398805,1037.8390307991128,1013.496732000966,980.0816206275391,976.1736649524419
42.87019572167071,43.26127997456095,42.29416432024169,39.674214739760664,993.8834249202356,1017.9811812589518,997.3933757006929,992.2163732240413
43.70172639085584,39.44427585604785,42.7248282271384,33.18870961886575,979.7366412750546,1030.1659989258997,1993.7095002470405,989.4268967989983
41.15225877061144,39.8728017497689,42.38307912537694,30.072141400471686,960.5668338173476,1029.193999631206,981.5929882078062,993.0876907168342
41.96120837049765,43.47254115196398,76.10904384544314,36.078977073349265,981.7792016813987,1020.4260465816635,967.4672968034029,990.6985335467527
42.93970660303885,40.323374639222195,37.246315425026275,36.144878430901215,993.1430895543306,2007.2697379407634,986.7754587309887,992.0916645469442
42.50632778809276,41.324229137131866,38.7688426648375,40.31051819694739,2049.473183515552,1011.0583558915876,1020.3092517476944,982.8586382441505
43.94036535169588,43.74100825535284,42.38273135195826,40.91664860096074,956.4002923108405,992.4851860994132,2027.8097498425789,996.8836137312059
46.317799686317386,42.24495325500524,42.736550001897946,38.228005546103944,952.6094202556731,970.9090383320363,1035.4228484387063,1006.86745443375
44.29933446794044,40.268503570443045,41.37066632192392,35.58242030845504,959.3741217178147,971.1620711173036,2001.1831266174456,987.5827126259646
42.10776353406854,38.47648324153114,41.738406168294404,32.4884702290054,1037.119769847753,991.3281138214018,1024.1385795892825,986.2065134757943
44.5433330999943,39.504143894307525,39.78611815481639,34.810619372987176,1034.869596268651,999.9063258114671,981.3554644310956,968.0958967939798
39.68485025982889,41.621903487035745,38.11797123467774,39.28308873957002,1001.9888368284263,965.8293810729915,972.0975155333994,989.9106866761585
36.80741915193928,40.06602051609214,38.11409909364872,37.614347830280806,2046.3472486508742,972.6150681550843,987.4264083712951,1945.5824489542888
44.462855933068695,40.483653986488505,37.23335812380139,35.416450076024546,988.5465414612836,1006.4845706845313,965.6509557461584,993.5206300555346
44.2032476657093,38.21469858841095,79.10644203202199,37.54560270939321,2022.8838763445087,1026.660368895091,977.0116111499506,1003.3430485427319
44.87538913994729,36.98617370722973,102.1398211550101,36.67989488362193,1028.6144514921225,1040.5478226967875,2025.408350413229,991.9486839862266
45.69450590096132,37.57354362639332,41.27182913121206,84.13526436703344,1008.5510115883174,1020.112122368246,1981.0207571901485,1001.1681277679056
45.37856244796417,38.12870796041671,40.14990691621064,45.38001038971565,963.7674973809626,988.1650068341612,995.8176084127962,1019.8133489914849
46.554597032706894,41.68224352015419,40.44500677804296,41.043272847247295,940.6554518341338,997.6927821889177,1014.0793451160044,1033.2433337594257
44.14705959212249,40.62026029884805,40.34977608164316,38.69073095932289,964.4375210248382,1017.846565269942,1020.7105572162759,1040.7737391921144
42.68861700372281,40.99358331152396,37.946060798062724,42.27493404645924,2017.9357293695803,993.3191372158615,996.0238561884813,2011.9909854201182
42.2548865656582,40.534433021880076,34.74239030582797,42.206159482364015,1007.799283632093,999.3906203502861,993.2829262395533,1031.8720357727398
42.98768169599986,41.20025150973768,36.461244642329305,41.946689239558154,1023.5852156259647,1014.3034094546609,1979.5430453098104,1035.682512275464
44.10495937569364,43.10092383168717,39.55658855688709,40.13197449440551,1027.223049638113,1022.3103701056814,974.726828560237,1006.4795583804844
44.249917100429485,42.47184000761892,40.48595628802303,38.22726172045951,1014.7155165764395,1034.3739548815183,992.9350950373889,2028.025902282182
43.26951680483694,38.76120492134862,39.25236387416109,38.70443861194805,969.5956139652021,1010.6803971633677,1015.0823826516502,989.3029861826324
44.38044135807401,37.944148294585766,35.795494692466,36.746419615407646,962.3151211446848,996.3620230767275,1000.6495219159808,989.2867899585838
44.31228691044774,42.05704348378134,37.643998087307885,35.39304951931163,1020.8845468787752,1014.0941589120764,1003.4137374911377,2006.058617195175
42.757180805703854,39.79852336824404,44.7091298910881,37.32323665178654,1057.15052446261,1010.5500520692765,981.8619643527891,1970.296425191493
42.940597904086786,38.14317775225469,43.18636100800446,38.863403833971404,1040.0964915492436,1007.8867529387691,974.5507069624546,2000.5307627324282
46.521938359972104,41.72084217112704,34.496540224787125,37.945347152408445,1004.5531901847884,1059.240777308032,1006.349241380999,980.4160832062133
41.31323914185144,42.545950476263286,34.17942575411335,35.97378767779257,1006.6502941167452,1034.6845964846593,993.3121481719647,993.5142943313115
40.720042863134076,40.243590925055805,40.75888436658393,37.136453669960886,1979.986935000094,965.746880750208,972.031084781376,974.0932375800669
45.346261284013984,39.00779664062371,40.91156155353423,38.31959070816055,987.3076177597037,959.2715463843626,955.2827195043335,972.5345564213419
45.022164083854236,39.59404424517534,37.790237148498804,36.82172574071659,1001.3585394223699,954.893421577093,970.7384649427629,1013.446856359843
49.151604781629615,42.29530533116287,35.94489213954208,38.24984297685229,995.0761442368935,962.9463160070336,2037.2525934268563,2029.0195752314416
47.85292531802849,42.266054144130365,37.2232233626991,40.4151697799785,1008.5414774005267,987.6638229881793,1010.6396269214003,997.0769474035112
43.37897668715435,39.12557840338145,43.222348296930434,41.51691870777955,987.0069159699824,964.2218498869602,1012.1427775046348,998.8432727470677
45.07793034509487,38.6892132898278,42.8196130579684,40.67497525465639,997.354858850462,974.3771287990952,1002.8124907549047,1043.4997409511393
44.567060494951875,42.615206713888156,42.84128559753073,39.50351423815283,2009.4113729915225,1011.0001611615262,2008.0585555906093,1013.2477505714428
45.58381796539126,44.29197454865545,43.223517589614474,37.01283922546596,1051.3176947840025,1033.3327242211121,981.7264027922943,2046.96449696801
47.081441027789815,43.520833605493785,37.67116542241273,36.38270518497882,1045.216136582618,1034.3881642053143,1015.8850630289812,1029.6128851124627
45.35231738939933,44.36593756205346,36.462278728691274,39.02038360792726,1039.81463556477,997.177242621274,2015.0614846806068,1003.3269291120125
46.41550650250597,44.03709534590388,36.747224312525915,39.473144817637795,1033.405238021372,1003.9675136341326,997.597372843702,1003.0708708266857
86.76195981175583,42.642011629043175,36.958618027349075,39.06309655483541,1007.9074937298263,1018.1655741277655,1004.7594535542326,2021.0154741423084
44.60101037220261,41.62003301745378,35.40289773470826,36.886582570429155,980.5574316044898,989.4374651975028,1011.6327057679281,981.7520705803573
41.66986881524723,42.074955465865116,36.073301559884364,35.58479087415755,972.3574091488919,962.529139754871,1047.1979786850961,2034.1788880792428
40.28439016695412,41.90172950748418,98.93948479312738,40.66445754681793,963.9323057075899,988.2803263134554,2017.8848444634089,1027.6656049310445
43.10272384537154,38.58220385381608,38.788962863494966,38.7328024984006,987.4465203538236,1987.2143456926567,2058.6171935797333,991.4125293225543
45.006640404841434,39.05885144344024,39.552708819029675,37.18378743640025,1017.5367246682924,1000.4464864117799,991.3491732257822,1003.2688874869692
46.4747609865263,45.02907196477422,41.31603347765642,37.81705915657247,999.4773026658397,1011.0849382643861,999.0477680700164,1010.4001687299904
46.45507836658095,45.3892667524222,41.92056350885444,35.259872842521595,987.0832813689636,2027.5933233162693,1007.8493384040496,972.0588693218576
45.68832011958225,42.60925406147591,42.3656261059522,38.359301777089286,1984.9822867686353,998.1078598979741,1008.1557821178309,976.1763925579994
44.03509441000772,41.179524487305855,42.918031240666345,37.63333181702945,961.7992921391158,1011.5622358400826,1021.5713634528634,990.2075876300739
44.8059472142616,40.24967122094478,40.984716740893134,37.34042265481186,1004.0315257640705,974.0097120046801,1017.660465673461,982.5884286752662
43.596484739961255,40.75594977695023,37.75959957592889,37.79096299351234,1019.8070494587212,972.8386449314462,1014.1144448611556,1002.657102811376
41.603995104823255,42.71882701071951,39.44294949534364,37.249613155961605,985.2622069867808,999.8608875881293,1016.0808355055015,1004.1209229630746
39.2962016273067,43.90485384169324,41.43756923239231,38.16316426351386,988.1260350711548,979.9071964151009,1014.5858106378714,2019.1663709079476
40.402996460351886,42.19931207146054,42.70185305009168,37.886056962446546,1007.5440765339522,969.3427327851568,1020.3267350842882,1019.5408776766149
45.777603586788864,37.99456961383571,42.546343856161606,40.35311080202572,994.0952481904719,991.3911694904862,1011.9558110975897,984.3981731329245
44.22111159184302,36.252488365051036,40.961208766348165,40.08664139220499,976.028850661811,1005.1954708007504,1006.5258457980806,988.4001344735163
43.121278392910455,36.70067205299095,39.75773689592606,40.00438227349894,999.7782332278302,1025.421661131315,1012.3327913923733,1007.7979666042229
43.60417317812126,38.93342604211514,40.722716683333246,40.52069217825414,1006.814853020466,1016.7115999777936,1024.5677673745722,1009.8841285744344
41.13814341509152,41.812712697545464,42.38048856996417,36.48252619995483,981.8562998473594,989.0296950465511,1025.179713033391,996.5371992036921
42.37302710946854,42.0301985615991,41.48558094459115,36.83442134977013,2004.6238017408223,978.7858687749423,997.4282391856536,1011.3723049320854
43.32242808374134,44.11187446017366,39.325897336399976,38.17596762553882,1068.6097594259081,1021.1048622699661,1000.800475768121,1996.9625813445462
42.85852639668188,39.846475075572556,38.875538089601974,35.139761423985675,1050.7198539067358,1040.9333358165268,1004.5968304115186,1016.6315166025971
44.029459739200774,40.7111971823938,34.34725618060619,38.534928280610664,1017.8878113621928,965.6200492900073,970.5942940156938,2032.7132215825054
45.22211592116265,45.736792245264105,33.2941453466562,41.08874360946823,1000.4681995097313,953.3043380995788,956.3673165615583,1999.568801892717
45.58667410325913,42.0200104508702,38.441569527382626,39.5840202182613,990.7011730708368,976.3204332022117,984.4374178389355,986.1227076130873
91.6811721649469,40.363009388025844,37.50705760506782,39.87683712124897,2015.8383713227029,972.1995038392582,1017.8633793762831,983.5829059586995
50.21713032720548,41.91879381545312,38.789884639731966,39.07636592375718,1009.6482972003657,984.0320480666622,1039.1756625263884,1002.4947134469337
46.67675488786307,44.91897107923636,40.39959540190323,41.39238793137935,1008.9706057962383,1013.1332895580153,1047.1753014750836,1016.2276723780915
43.68922092046831,44.19879174622161,41.631938165792384,41.496699629435874,972.7344461519267,1055.0709743730388,1015.8496328431424,986.8223235936969
48.136744837929776,39.76811057573394,41.930246350144174,38.50853732300638,1003.3717388856327,1045.2670426077032,1008.5838883721992,953.5272736059896
49.104782540113774,41.02643992686292,38.86862706792694,35.866157478066256,1035.2448960509932,1980.8322941366403,1026.0210835688567,982.2680253532966
44.35771414340557,45.95283499097553,33.420273618261334,37.61246905945583,2056.156904971939,983.0172660423199,1993.125054205649,993.0297977036358
44.394860435620046,47.96394465386126,34.22248623737008,40.488584300756315,1008.6710245089535,996.1996343730168,991.3765492758063,971.710293902265
51.97416640980434,47.113204174359616,36.22475483052984,38.55270457895083,1977.8059488679603,998.1136848526329,1004.2915398340656,978.72241900091
47.630452432572895,45.73601666292668,35.73785434905508,37.530031283774036,988.039613035999,973.855768577513,1001.9111148936397,995.7988056791282
42.466478054711665,42.57310303206168,41.50045828226893,39.752260012191826,1004.5128330040333,990.4997979886898,1022.283996113897,999.4322683598374
46.059079841376644,41.045113939833115,39.946314395874865,39.22482669603689,985.0006004033239,1010.2995861508538,1009.1963857356503,979.3713667769573
44.54378893708242,41.16428090882738,36.1683034180992,37.77111790595727,979.6046131869409,972.2425523292218,997.6311662458352,977.8982436445503
42.54056457675351,39.43209372062431,37.703932037531324,39.42885121073951,1004.2477528590855,960.0565385416578,999.9397242643041,998.3784060342985
44.771141814293145,43.0648362900289,39.7617372615409,41.162490785215596,1021.0826357241302,998.6574309515366,1003.016888326991,1001.071510532814
44.82254737346625,43.2915963262721,41.80552663134601,40.40658101684275,999.3107775738961,1010.352225272399,1015.2828419491182,994.8907364725839
45.20702713988949,40.32564489235834,39.97399753864938,35.518132924569805,1011.6787908199201,1015.0102968033266,999.3328618263399,1003.5440842459362
46.78616843468531,42.159846307291886,38.63558526718448,33.527673344143864,1020.0259356628819,990.5864414095728,988.2265715084623,1010.3575251457153
42.44312195912104,41.37887406259404,40.55470250921182,36.268537195749545,991.7546789801936,966.6714468335015,997.629986491074,982.6427127369752
42.444032697301836,36.77588869373264,36.937960503331205,38.538164062619146,1026.7291255759433,985.5205205464713,991.3441273705307,972.9078190783048
45.91348497065371,38.77239706248454,35.0964688612123,37.48581166057067,1958.3191332910887,1033.683767446387,984.4725481413057,1003.1809803513202
46.003898691106194,41.79840533411645,37.144528123991115,39.146861599707094,980.8300003135753,1064.9153648610418,1018.0739781616577,2020.2049955523678
45.34904221780718,40.02964966708413,45.2918672142485,40.3216277522676,1983.453643057597,1021.7727207345692,1028.0995233511458,2054.3648687451637
49.467258665870574,39.05079330510925,45.182691757017665,87.65999341878091,988.3627370861377,959.534187565522,1001.9888815640077,985.7484160310427
50.22807604752832,43.20620079913375,36.010750752256385,38.62441494054788,985.5037511938203,963.7538528044164,999.5254474538622,1013.5550299356921
48.541809263449224,45.869417314325545,34.43135760606702,39.069694040043316,964.3826173511161,978.7032270321281,1027.5617055583648,1015.3845704075126
44.541812036185796,44.397058610450586,33.81638828712351,37.99748181613134,971.052250566996,982.7099377108073,1022.2596276623592,1012.272968710156
40.10461513074259,40.14119494668536,32.181277296248545,40.50019547083919,977.2459909865587,987.8763018626804,1034.409346744812,1010.2659858855666
41.99091751961335,88.31344796493156,32.96515063017971,37.07710568285485,2008.173548179933,1010.4446895664577,1038.682255194146,986.1654739949128
42.96336784189545,42.30959193040732,34.146827269128394,33.16738980186003,1018.6311263935854,1008.7961614780904,1000.5516924801545,963.5506105747909
44.14633101390953,41.17368297355273,35.1068847987668,36.87913706643474,996.7444931246758,1007.7968399168612,1004.6670255436233,987.9304433809189
45.63524367034899,40.03622693471637,37.94756912337942,38.584056987800224,961.8399504199722,1020.4980127586814,1988.9585363691692,1960.5897329764641
47.66694321861573,39.349466684563325,38.5975901028646,37.43945374261566,991.4392837384256,1030.5184086900765,1009.6605039810415,994.6887618028059
43.86795236868872,38.700653879957784,39.709514357102634,31.53208811281277,2012.650876143931,1054.2100442691249,995.876930628621,1949.9388554163957
41.49139337544002,38.43153874005341,39.256206057209724,31.034941808082326,1031.443791385051,1013.9803473323466,996.4995341979366,972.3218835990206
41.04674387051804,38.55701164546919,42.59373233918063,35.3143130024562,1000.5120361883362,973.6995545414236,1015.1035745096335,989.2965303186651
41.646019237663126,39.50698117418399,44.15216948885939,34.98251806669417,1016.6712365052476,994.7674364630029,1003.0742898181817,1013.5990162956805
46.60381252196216,41.21857293049655,36.41106274031721,37.17876746081522,1010.4141013199072,1018.1698989190609,998.9802945818803,979.665776633384
47.24402900726007,39.233784357100745,33.87938457196564,38.161981600267495,980.4356880883287,997.4586901068284,980.3590220166761,962.4599538488399
45.653265834552315,39.30701786217875,37.39048458748667,38.64175189258991,966.6113021693232,966.1465179037248,937.6989437348199,965.3247503444185
43.42644641467426,41.52553310125492,37.69859106047821,43.10614346578207,2029.4454453737617,989.9592827649958,955.6346786839742,991.1916836244836
45.041897192859246,43.506461824778775,34.572182695414725,43.766130052395084,2035.8865822335279,998.5551969904465,2003.7764108478082,1009.9981379928887
47.56231162410351,42.981619883945825,35.200293338204915,39.53959669442578,1001.3827800354067,984.6582534163165,999.4800276014546,1979.0062469319785
45.19513399352758,39.61677323637659,38.78051728672117,35.525106885710834,1028.7586101794993,1011.4406347968827,1021.8041031972309,978.3277994610464
44.33059645338715,40.776072009362736,40.598826094670656,37.09558906154457,1015.3671558087424,1020.8109093509319,1011.3210304985917,980.1020413716719
44.57288300565188,40.42829103558272,34.30434147151401,40.44382261575194,1002.3252185993879,1002.3919958202032,998.184709002793,991.4465699193795
45.059049056872766,37.42562810193446,33.31059467428367,38.53820488315067,993.4549770286264,1006.664684993348,1036.4934490024352,996.2856419487935
48.39252740176904,38.795934720742665,39.490765700408616,39.10962986672759,992.5871893654798,1995.284700699039,1036.096414258595,1000.8018591688091
48.29076997495436,43.86455649916249,39.30108561331522,40.32020535807238,975.4870465625454,1003.6276944753256,988.4757408632361,2001.4706837649037
46.25167650050417,47.63064545550381,41.36921405934048,38.88959641714698,983.3294486164075,979.6124555532899,1001.0054437375131,995.9454398918616
44.32913547042026,45.00836668255939,41.45159412023868,38.766694034057615,982.2477179587584,2018.4953092878825,1011.307543290093,984.6040421188272
44.102764514961905,89.48875708640101,38.19062914224571,37.26860220789655,988.2281417575351,1003.6547680110918,991.6061789470609,961.7152203302817
44.25873906602855,46.160881413498345,38.609603030457166,35.63957464661739,1002.9455021138986,1016.999030584439,988.3505289525801,973.5405438960988
46.12298018436165,45.24901958858681,39.30287813540154,35.550616116271684,966.2466974955703,999.5352768034766,996.8760524016288,987.4593886391249
46.10437156792938,36.10832921899168,38.87377128492338,35.2133178606545,973.7543137835337,1001.2681403963247,1959.533185488514,988.0009116821793
39.911984449106875,35.942608046686345,91.711899797231,37.11564807954173,1030.8721424317046,1998.7014906328227,972.1109288044788,983.5358428894026
44.39383673857726,40.460732687417035,37.19936914203612,37.54783359305475,1049.4210706168758,1007.2223120020726,991.278421549904,991.3782304704204
48.71062305640835,38.25274090933954,40.59355957003088,37.77270990709458,1028.0394202547152,992.4035386050028,995.6942501238232,1003.9318145647865
41.04289418710787,37.874474032476485,43.28823519391334,36.92241699978604,1005.6299145558082,983.4245902540872,972.0634318181905,997.5293691917757
38.444967762445486,40.52298889395877,37.41535924866359,34.06953010246996,1008.1497616726303,998.4872500353755,986.50841643588,1012.5213923892263
42.94019491448275,43.210170071896215,36.92807123599503,33.68591752432188,1002.6184661702173,1938.7810678273415,1015.271578453975,1001.5913987165222
48.47072812921525,47.36229514774432,39.49172354354883,31.92543835230134,977.8959154275608,966.9639469500809,995.389692133896,1004.0781968496258
49.53715105002223,42.00140044488491,39.98687304315874,33.8741886475784,999.6003594900042,1013.6464311341117,980.0544642680678,1002.7133296192344
96.22746931237897,37.41962786346547,41.00330769939224,36.03716007380757,1056.1907556049543,1064.3164442707387,1016.5335897284626,975.8914646436119
44.397789615372666,33.99982707337773,41.26716947813176,36.774410054033325,1072.6405084391847,1032.8049129104022,1011.7542701027191,1978.0119935792713
45.75698271518422,34.26402917418542,39.61414939691957,37.63098713655364,1007.2488060541407,1016.7259708797123,1002.4627405336055,996.4037597242643
45.13638203027341,43.035938203044324,36.745126633520115,39.07148314832718,1978.132788067859,1018.6176725856996,1007.4039098403396,1000.3471697837017
45.03804787141924,45.10509149442204,85.04573327334208,42.535509057372344,982.5796847195687,1004.2885832894573,1031.9950532275827,1006.3459650749387
41.95448470062547,41.3824205937592,46.300982579989906,39.676059082675465,993.3846672567278,996.0611564894557,1031.9612050236974,1011.3755781067564
42.10746568314844,40.586328540504724,41.049428518706605,38.106794414127634,1013.1306950614483,1000.6252094892352,989.5425871726978,1998.8108631432856
47.26129551002943,39.67373122767087,35.330089028046444,38.22124465631134,1009.0594603884465,1015.4779744357738,984.0851708630831,951.2502012844127
47.81175997571392,38.70951416415515,34.07306637453889,37.14728163194882,2056.488245942852,1015.6454241166812,982.5272699526319,975.9766938088309
43.769731837190776,38.80441003703895,36.63492089999137,38.099717926783654,1018.3954503210363,1013.534786611019,994.3753046187705,1007.2926176186786
43.60754863762859,40.806005370140724,38.585320902195356,39.360525113756644,1032.0526750995725,1007.8678339548833,978.9462852976078,996.1616787408423
38.33522404985207,44.36093979652847,39.58692816529053,39.93046528015672,1002.2476215645534,960.6865671023303,2031.7944970819926,969.5616592443621
39.22979051899992,44.918520128471656,40.55844558089463,37.765840152830364,990.0664227921186,984.8452900031268,1012.7621903414101,956.4981751444378
47.51741068313143,42.233389293593675,39.02185221201668,35.1474965135737,1007.1364733338437,1020.8602534329593,1037.028202277842,1000.9813255044448
48.66901725539785,42.56507395930696,36.81691000426328,37.126196858494836,1939.7376391919743,1002.7743680741316,1017.6418642601864,997.4773763692215
46.672446871810045,43.59085003809854,34.42956280098106,39.57804331933308,1045.689930143872,2043.917348502419,1003.9824810998953,998.8459602584448
42.25042287906465,42.77192398332402,34.540166587926805,39.50807614961243,1035.4415483766122,1983.5060941961613,998.1534436420086,1024.929010679975
43.300839793591024,45.41404815710879,40.77275300065202,38.72779816283246,975.3338201371603,1016.2835902813207,993.0002093938142,1034.6025068073282
45.36683710922374,46.586525677003955,41.00557996000573,36.73731675569397,971.4503723782653,996.52240025585,965.6010812294915,1989.8041869478814
42.20187368395679,45.22776931554404,38.0024443919167,40.76294345058247,970.5386052452559,982.7939334212086,977.9680506112004,982.5775875033432
41.258372790146865,89.23664411761408,38.22793303853211,40.60208135524466,956.3463095282225,978.9160320638597,1999.8784151039267,1960.7834829621256
41.28839123317406,40.652697936273036,37.997690190783985,37.136329292749224,985.7998076164032,981.0635567428081,980.9952889400681,1012.8756916460159
41.818221790159164,47.50512983291357,38.636558340383225,39.08140121877348,1001.5325337656723,969.4038358193454,998.7082555846862,1004.9531449496928
44.56556352970128,45.53700848493657,38.533449045881746,38.56452902501643,999.6103676351545,1013.0283588011965,1006.1103579622979,1008.0634398886423
47.05951784290304,37.291790630225535,38.44522238970865,39.8280951728319,998.2671149191162,1024.4153593511267,1972.681084649409,1028.5322384530798
49.4823036548007,37.095424937256375,41.99169578415551,38.3321871650253,991.6723370823903,1013.5909033925423,990.493967916037,2055.2485777567176
49.01064380832469,37.60926732190249,38.75708194972181,36.11568891590791,970.7061210109607,1018.0094329488503,1007.9168438632942,1015.9462427485089
47.91378642742309,37.75718625336296,34.2791985757284,38.824893554231565,992.7570258847454,976.6913079730725,1007.7508702268688,995.0267041018707
45.88400905949695,40.369785807038525,35.376802960959196,36.296935788402166,2030.8654252733438,968.7826841546557,998.9184717512971,983.7668766241134
42.89999812819754,44.450850039764134,37.16201988252386,33.746763374329554,1016.3005095288264,977.6553102927911,986.3442179984579,1016.7696252837052
41.07603256297007,44.34822694279284,39.180154617176875,36.157831136342026,2056.7614753742528,1017.0089289370608,966.3595519933624,1032.0258067835139
37.32133820706217,41.27500576554582,34.38820942355876,34.84948719936658,1018.470934578451,1052.074544000894,968.9890971107545,2007.935760173774
38.62795424409954,41.56769318922405,30.873106469950176,34.74323489660766,951.5149193941338,1024.2053180896778,997.2524636269472,1013.2554102416525
42.34627866975579,41.13465636414554,34.622500493576595,36.48810815037464,963.4966904350094,1015.3223805589512,1011.3584535073117,1023.4785670572176
45.92386238802429,41.72737082251555,37.239838430152695,39.08130239135475,1017.1277711703074,1007.7543865547932,1011.2448841679525,1031.9044765804679
48.15033426422042,39.07069993511073,37.12769081410245,39.51701156208821,1017.8850430706364,1001.6169656539248,999.6400619379964,993.586641987924
46.541276818113474,38.61393652147936,37.9796066459905,36.85230965929854,1970.9624404510469,1008.2184054581639,1015.9080034909318,977.2065963122063
43.69834289025907,42.92553686636124,41.95388429006704,34.641408096248995,998.3185194082956,988.3334510771134,1038.372838415278,983.3609892538827
44.29659766874924,41.159139837428214,42.34199901896274,35.20184531689386,1989.9843725885455,973.9435126112393,1012.9334850390055,980.1890697010642
46.1186982398114,43.96541228604108,38.92277282956857,36.86714966871487,1017.5811833245677,1945.4115528063376,991.7195672323601,1001.4706632690525
44.56449959885019,46.17997011520521,39.64692849290202,35.5285544607226,1000.7738262447256,2000.791645108979,2016.7760193269373,1021.9434809272514
45.03745861977579,43.97979597706173,39.76170859546163,34.611842316142685,1002.7341336824597,1001.6636719197966,1028.9969724255093,986.6969029244863
46.51039984751314,39.77700167320627,41.0524771231231,36.783000756833275,2038.9621518007827,1010.6769187045463,1006.6592933994992,1988.9777036114306
49.42332155419798,37.60290043513094,85.82914480294473,38.13738632717775,989.1091808392786,999.9501179067173,953.7540811399676,994.0112670298429
50.99663958485714,41.48578757316683,41.339651661930304,35.37007660810624,1993.5448587898286,977.27476732266,973.1848259653428,979.4128793865029
45.3101219450052,45.10093265993318,37.980169976574615,35.29177245350178,1014.9589873081826,955.5810519488841,1014.4511133102899,1015.5704312794462
44.85927615844641,42.683606057934114,38.226748476284584,38.828886960006926,994.6112939898882,957.1289350744764,1003.8287193639621,1922.3165427610086
48.75612091310782,40.21569686614531,40.45352187201136,38.92978048804717,992.5150347168455,1004.9032099827261,962.6377514378044,988.0417499901779
44.02278448096953,40.42025221670389,40.806848566046796,35.32726406992239,997.1906659809133,1988.0001761725948,964.4910415838718,985.9162506985967
41.584366199380995,40.95831382850721,39.33248089856852,34.502254149120105,1028.7801394377589,967.0499035774167,2027.5959551608291,965.4805186799143
44.59391273972955,41.51344350423152,36.318858950566124,37.79932191090724,1009.7861028112172,990.487119484379,990.4934092193021,992.7115097232742
47.38177772590934,45.10406193130191,36.79890742608743,40.837491430723325,1981.6845313943359,982.3889204652987,980.9723008941278,2024.8291922226927
45.512084810007266,48.172389908804746,43.424538538110674,40.63799528776092,954.5300994794881,973.4999661317988,1002.0069511160419,1024.3222594468084
45.929417340711254,45.814232964411815,38.2142985586043,38.31604947912638,973.3018157155767,991.2142298191217,993.296163681609,1977.7912774531912
47.3251285872607,37.08563573903511,33.8015610121318,36.09709215212905,988.39463931284,2031.8593082607515,1008.7739468376217,1008.586679780257
45.61341320254452,36.211287829639815,38.703565883158205,36.498579135810346,986.6331814309466,1053.7677894716303,1027.1025801746173,972.9032897900422
48.957192347840575,44.62831718289928,41.8174007052034,36.400753276366416,985.0348512457175,1040.547512747637,1981.319544511414,970.3734061922025
46.3003341260656,46.63748704733513,40.14102804763637,36.513520535347254,979.9640716383108,1012.3098013922321,1002.9202185244608,1010.9955448240785
46.38050910633109,43.68315652773194,38.6147023908416,37.81197571697459,972.7437668692746,1008.0755871093785,1005.0556929351897,1950.0347035518182
49.81110463459112,41.92049550377841,41.12816992503633,38.49693002077146,1977.8722906804446,1032.495414962042,1000.9330018404073,990.9915687351133
46.871186295082005,43.949593606562885,42.35339512262268,37.6804904360535,991.6910429623024,1017.7288857398291,979.2821227295174,981.9603676510461
40.444972195946704,92.82977579078405,42.384508602726925,35.85609391721968,1007.1910560889053,987.6177355374512,974.8135417355704,970.6785480246922
42.4951805729927,38.98761059759683,38.548241435448276,36.15594612844386,1006.509241880955,960.6877796057861,1006.6937457304891,964.469421177926
46.99508544087405,40.40242110598437,36.0680214789687,37.24566057677744,978.9012817996058,994.3492935047456,1003.2158086976949,994.7188670019666
42.880088312657726,44.726305660002396,36.70861400649552,38.00090111038672,2002.821657151561,1010.1391414983453,964.2888347021903,1017.5943981034975
43.39547934126166,45.631225443387024,38.56083699869676,37.93554877348805,982.4465343033137,977.7282139228167,955.0102960089689,998.4957318386303
42.46820286472504,43.976423788845736,34.86688139517111,36.196929858281806,982.2179365005381,990.4447978687008,958.5949992114481,988.6708407112519
44.22993907120145,40.25497897830732,36.89517906237414,34.66769148855063,953.9701205222079,997.7377823764549,1006.5693427928229,995.1089675889784
48.856919703076066,39.013942116786666,41.668305889095286,35.41588258327707,986.5281495474587,986.6755090898259,1021.9170623758571,1936.6885000550863
48.66697623131998,40.671515420058796,38.97825126686097,35.59984631088143,1032.3602227507622,964.2645889447322,1956.4404887802864,2016.818088109825
46.10695285612253,39.68096976186568,40.408467047577744,34.71348615161805,1026.037670068026,971.1436856070923,1973.8062866916212,984.923438994371
42.17032297506497,39.3532991551926,41.090271484706264,36.7543852713249,1055.2679681295267,963.3911405843874,1008.5100145438487,952.4109241938777
41.84701688335748,39.05773680722451,41.57404566032751,39.95061619256338,1026.939694236626,968.0094107788868,2003.6993809751455,1001.5362153576897
41.35392347778976,39.50878872596847,39.10353130117074,39.399070996871885,993.2908545825319,973.9698278527021,1946.292521211147,1004.0974791764024
41.22354342931715,38.106832343674895,35.39285733520495,39.602267291306816,1023.8653274202313,966.0463384936406,2036.3628306060436,973.5992427100488
42.86272002754437,38.95150809721639,37.35917058908518,40.54386245180786,1023.6851432547307,2011.0891067640998,960.6589682096569,987.5941587293811
94.52260548188664,45.00009176375386,39.01855378823209,39.09853483789775,1017.5727340940487,988.3406948812822,964.906848220354,996.0066206002564
45.6892870948456,47.59291286232782,40.07961712132558,39.1828372756089,988.7645237711301,1025.2108381880714,961.0885366931602,1990.51357720038
44.467524003011405,46.84096484319505,41.53502079752221,39.67654254792349,2015.5954854120826,1026.7907675991291,1012.4790675152419,995.0042406621133
47.69453618844506,42.68050080241612,36.65990848843826,39.236282651275346,1004.3476439563167,2023.4496484054307,1032.0963510482693,994.4600833229052
46.11842671917296,41.402443744118386,33.22277096169701,39.272103422015064,1014.9208413908549,1981.6048078974688,1007.6744007212038,988.1445056502841
45.40481491832941,45.40403774323205,38.22764342320221,38.56853672542438,1993.9615720129068,972.3841628118602,972.2331842512656,994.0485922901347
43.42270882826223,44.05197467534033,40.61600474001514,37.57166043178836,1012.9386975254947,1985.9610157548134,964.6511594613655,1018.5487684368154
40.60158885867042,42.18202354465215,38.554657698978815,38.76075620404814,1008.321910388504,998.8801270642082,981.9390084540837,1019.0472176541685
42.86003330300083,44.075936038349,38.549974831435975,37.30068124109044,1000.4618395059982,960.2268417191214,999.690193122434,988.0883346890741
47.62743267712219,43.67617247175415,42.82859238370801,33.693811100097456,1020.9918751106972,978.1453549845935,1019.1183605796956,975.9213497005169
46.9641978112733,38.61138498862037,44.60968780149706,36.00565830420871,1023.9490058448303,1013.4262024401788,1006.6324801132585,988.5646950061052
45.030409638760716,37.78590595117457,40.483431192514516,38.675526900286044,973.7908219036651,2023.2739638600165,997.6024762229288,999.7936007406026
45.08036446438712,40.77237848282324,38.15300199486204,36.11039891607756,1010.0669059227783,994.1469839680491,997.6056224961774,1991.5559959115203
42.71759110957245,40.84269057996168,37.34341166675473,37.37618777630511,1016.8491964156401,983.8457135705264,975.1801285281745,1004.8659181762573
47.03392251965438,41.125990203339896,37.55712977802247,38.82385619263197,1014.6976088816542,983.8757420244096,964.9024464817571,1012.5619017188906
49.77736227728346,43.1513541573148,38.35497376181674,37.46432906185717,1047.615276441939,1005.3728035902595,968.8240596131036,995.3298374789003
44.42417299840852,43.567768982148564,37.40488184907255,39.09715242306505,1000.40310282216,1013.3673853617197,959.4880503487484,1003.4720648666137
42.98676291005994,43.521664763312415,39.037609149011494,39.38999665696421,972.7672373552036,1023.9692576982704,970.5197028522962,1008.582516103424
46.40195584412301,44.7005668267977,39.01779444306025,37.8627832346009,983.4073234251637,991.4660348515838,1002.0338088755896,983.9333378945792
45.2802222144868,46.078231647710645,42.159642401241875,40.304398839097075,976.5928915509144,1992.8548722218331,986.3969129510261,989.7030890426623
47.76615306589708,45.448588071058936,42.951173048666845,39.13419753069756,966.972135882975,985.1205936690063,974.3872659475794,1974.5517086935893
46.29879118532755,40.04751987462937,39.5865918156275,37.293588975240375,997.1251639710583,992.6848050997394,1003.5129333263185,1028.4717774590076
43.82564738747591,42.53371999391739,92.84268114502156,37.06774064679526,1016.9429079252538,1027.0937733540834,1021.2740553769643,2045.1685226522209
47.99701898799947,43.043408688337664,42.504293670785216,39.02939379539586,988.6330537003998,994.4967421882434,993.3228597328114,959.8830929812582
46.3564611465023,39.18619325484559,43.03753531450265,43.42541374405752,968.5550068965763,955.9261773001526,968.8697869466406,999.0560911468169
47.35972230283352,35.614013372619524,39.88215869564759,39.13755561688088,947.035297378007,1966.337004234038,1004.0854301888273,1010.1322560838739
47.66727442453171,39.35443989622905,36.65330111249084,40.27024937622845,976.7311203231006,2029.1930124740586,1022.7141406891822,2033.327025856989
87.68271068154766,40.33274508617309,38.39099885757699,43.95655630318045,989.3410604145317,1002.8829878685973,1956.4004664145896,2012.566444336572
42.506563702882886,34.92445116867686,41.40199365545082,39.437047219691394,991.5785701487632,1987.648865066726,1978.292492982853,1008.6896959944885
42.045997003749946,36.66195545785858,40.50089942703066,38.80219337745187,1004.4982551331283,1004.2144545665881,1016.1213733347811,1013.2789253666583
42.028380209261684,39.139261920081324,33.885097860020494,39.268935295930135,976.9619343043554,1020.6505140251971,985.5104198590882,1008.0654943549187
44.83471665091124,41.97142144423044,35.845382106101724,34.45509154544325,989.2135456425366,1020.8251248446405,982.6378594801292,1007.8917605274465
46.31270165417205,41.306428214855075,40.506250627727596,34.591185660330524,2045.1687148057108,975.414972817309,1014.1002353294934,1009.715040604025
44.60755406631414,39.42064804361689,38.99434900017401,90.79537852303055,984.8928777728814,954.5144139824898,1018.8839222654995,1022.8378391165888
42.64090430274486,35.15255307821854,40.87974723675504,40.69374191500383,1012.3558864150943,1007.6861989552626,1016.457593184135,1007.2145354239929
41.96941360006798,39.42448584570508,88.0979841230551,41.43853463195963,1000.644082688144,1033.9169994584295,1007.7898588859264,2031.4394935368707
45.30847801530638,45.73802219407302,41.65360725278893,37.848164741842616,1029.7325780879746,996.6059253383306,1006.3781119516319,1999.5027159292317
43.87870257618302,41.48987357973792,39.33685050808613,33.72224849037271,1045.1318264763368,1975.384286844981,1012.8396826923934,1031.6628838162299
41.331102493718134,43.40153984357906,36.64632734260795,39.946826780142246,1008.7137170729402,964.7728453978295,1000.8344029417875,1030.5624070156332
44.510351066865034,47.178809532251115,40.04491610762469,43.7214128573798,992.5714504438142,967.3001200927699,996.5590447259217,1032.3865121390425
46.828193285293835,45.239374577137994,40.43188899166623,41.87676273184233,979.1607838731957,996.4816844555392,996.5964196941718,1028.972986729485
47.51133773663481,43.20887568559476,40.56762314302728,39.137959152869215,1001.4579685261529,998.8096329498516,998.7984619354866,1000.181249282092
44.578287114958826,39.7071891956911,44.51207755758524,41.305295920389455,1005.0303731067111,999.8435969343345,1008.7522654249184,1003.745399329661
44.184341202486294,39.01153270047555,40.61423129528059,39.761633064874815,1007.5048872279908,978.54503057186,1010.9189609008317,1006.7023543283445
46.67008145383738,42.943841377278325,36.4801760121232,33.695660186074306,2004.574792092561,971.3583585394767,2011.7172511908666,989.3990247595068
45.77948993333004,42.18927046919832,40.43464899530217,31.717035436141707,982.9408099037528,967.7616756569302,2016.4467681056929,1012.7033370809595
47.28561754155946,41.24586622677057,42.4158837194031,31.96081547731677,976.5979937374716,1983.5137491617622,1014.9933107048444,999.1524924440798
47.98460887285534,44.49975797494227,40.556816289959585,37.43781383883373,996.9286507881669,991.5755940714128,1012.092799068308,953.3430532586816
46.83479868356656,42.245029050899035,38.732724592754224,39.24562856011599,1005.6720387821285,1017.7615962883533,999.7371938656307,2022.0114444217386
44.38343355999292,40.96678538381439,39.993748802748065,36.65102664311452,2033.287682426053,1011.6330413920814,1013.3171042380768,1982.9636297267052
43.33612124539435,43.51869176522332,37.39057018630453,36.23182075387866,1979.196684583494,1009.9601269144232,1006.0908125172674,1009.4572176283134
45.46458390640894,43.378668145816064,36.44439427939821,36.35948551397645,1024.1308053623218,1023.5904640198064,965.7992958164888,1007.1045607210337
43.79416035882528,47.27719313011413,40.44651427428188,33.35835711607018,1028.8505509697807,1976.0048159832247,955.8324366538284,2018.2266203722168
42.0875760275341,48.05175094644106,43.51316708488129,29.67025404889508,1038.28518429621,1995.6983921678907,976.4986504787635,996.4304266928852
81.7961454914005,43.09107857513092,44.26213894001269,34.62666717514042,1034.2525354284946,1017.5017905132545,961.2427320946422,1006.4391043522668
39.63057775211464,37.6620553495534,41.98595335724179,37.37462518509385,1014.4852264156593,2061.0064893457625,959.8864337233076,993.0672261097751
42.532170961164745,38.5574368907866,40.496479180103805,37.444347339289806,1016.7812904002433,1028.2727989052573,979.8097479632545,988.6245115501429
48.60789365083902,42.97650536495012,38.3814043511029,38.42519550179753,971.2347647738034,1024.857792032217,1958.4021110715596,1963.9178180065046
48.012168967116025,40.663736344733714,36.51500556301166,36.02087635054086,964.9371967855518,994.9194635764841,991.07320777685,971.0261790339636
46.246985697687336,44.48765000588419,38.20552828560052,36.17334661058679,1027.2982147464545,981.7530227588873,993.508745462914,972.0775714708114
45.119131542835646,47.60517080212976,37.500607994988876,37.924910575046965,1051.6818561005693,970.8748515644065,996.9593736893221,998.9097483376594
46.41060273847663,84.4264404023762,39.40743669797827,37.4307847015619,1026.3302169036037,959.4364806686957,996.3057095788956,1021.2435062504333
43.51961653282548,42.877498278222475,46.80234845787945,36.69074126351613,1018.3284449089143,980.9159165162744,990.427582389956,1019.4632029902992
42.3176760168446,43.04587198921051,45.28530980167929,37.76104555337103,1044.3277884842291,998.4860330625734,960.1751131708022,976.3415456844721
41.338196470476824,40.12521034489194,40.83411598913904,39.39504685716152,1035.6518025032988,1015.7418023009626,991.9313901708435,2007.8775708454498
40.45585171927269,36.42796013518813,41.59983350402653,39.880735379414844,1013.6997497853931,1005.2888478897494,1026.5719449266933,1011.5038590709713
44.52133891918491,42.20890101951843,39.68887983770341,39.853576075274674,1009.6810912371482,1985.9018722293342,1009.6450687583861,990.1713125386121
46.76909247456558,46.40007365436453,38.6501968873452,40.30748932754857,1020.5620050800885,996.468894540741,2043.2430231514195,978.215229963304
44.42784040851207,92.39561068761247,39.178014996827145,40.33708134278618,1018.2788457887309,936.79493784324,1988.9809117673633,990.1881018530416
43.82365447577329,41.716681263025166,38.838516945356446,41.37553667478443,1016.2454057659428,967.7024065167936,1028.147490668135,979.3789269384513
47.87722081932502,43.37221237699312,38.826559273906774,40.60732340880154,1010.2617878315014,1943.5307146342582,1983.4054490025317,995.0813746573738
48.08895073746757,36.85009027931631,38.24578598545451,35.64313916546071,971.4893021860807,995.3946454612078,998.7599869402853,1031.954911183975
43.94946383841122,39.66629282357154,39.31039002007894,34.687939516454435,961.1059338928042,1002.0024119114119,1016.4909384567997,2036.1589308336956
43.52526685345205,43.44409786887329,40.16486864302891,35.989996778301624,987.6614366957982,988.191797756832,1028.1045732134207,996.9033090350761
42.870308746455635,46.67866458933955,43.851225091249795,33.20409795638973,1020.1003115797458,980.353282704702,1038.617460886895,1025.1416332477486
40.414051883664726,51.4488992069397,37.374923858633956,37.70355026545166,1014.8967444506216,992.4063332165789,1002.0757342735922,987.543889638306
41.184328837881665,47.06878224478152,32.227313595766915,42.757859440251735,1010.2259179598369,2053.301795321059,949.19326436627,977.7900650141972
41.18970868880029,45.25343462906503,45.350153322512554,46.592561328591444,1016.1462017052029,2019.3363679328477,937.9888793696974,1002.0072978056296
41.44063841530189,46.75400841228419,47.973886256976904,47.040844734711214,986.2497751774179,1010.0049578957108,924.2009581447082,986.963383607823
43.640108318515836,51.361649252471,45.80895440559841,42.07604857384332,976.8200080567476,1034.3274476443491,947.4269610895864,989.2121819721726
46.777497247656456,47.84212163550127,48.04744059342457,44.94384923169814,984.911261154718,1044.8563136149546,995.7138107932244,1012.7844029831662
46.605064656702986,46.58733970159179,39.94788490159985,45.399043650037925,988.7727962160412,1033.8888611362718,1020.5946855351408,986.864205809174
44.19307246683932,47.10746085890445,35.0973702428415,90.77072417602729,1034.2771903747293,1027.7029231417714,1049.9006402691193,994.206585669777
46.38138254876175,46.3637488645897,43.956621497953606,38.63400050199924,2010.2479562577971,1040.6104537119986,1042.7653378110322,1015.7904446584165
45.46555933236606,45.691022282443484,48.31831985885664,43.65354167889711,950.2656622161785,992.8958326953077,979.4414568038187,1006.9346087852995
43.05159020985567,45.150549967493674,48.27323759402378,45.54167120119824,2008.9550387783868,946.2352321529863,960.4247827349132,996.794962188907
43.23182193918383,88.52664551180712,49.10180089463644,49.17574660779236,983.5835856622652,936.0338449438638,1014.2938462462687,970.2198230129794
50.8488474947296,51.33971257100995,43.327003515971285,51.12687697816435,1023.7427446517482,964.9053782506459,1023.3501732407283,982.7818207808001
52.17581848302951,46.67086537014602,41.18480991880659,48.747193496667435,1014.4721814080804,1007.8498822511044,1009.0703700367322,970.4508124912377
43.815433589204716,43.846932076492664,45.235585396916065,45.06305250011366,1004.5827254216904,1027.2558650681374,980.6925412318117,974.5394765861507
43.28518319208084,48.08503068349053,45.27048990251483,39.10291343133103,1040.6821756105628,1059.2933071063617,946.5564747797505,1027.4880716477246
39.66565088527824,52.03167208604904,46.196563759759016,42.46833681788095,1932.8349535510724,1006.5988592927251,970.2029740675921,1027.02194330236
38.53018070371867,49.44771070398237,46.20855129552914,48.90572336266787,1002.926682004933,1010.1225833310766,998.7921565659747,979.5841641172523
39.8613518057888,44.401199872295834,45.085129564333116,46.619573138662844,1012.9177898585262,990.4656070472402,1064.1842313009681,949.0748681512612
40.29003044097239,45.076279903237676,46.00081209972977,43.60429590734843,1020.055395037218,981.3002728618771,1101.7192076873257,945.5322207279971
40.49972686284261,38.44216570031607,43.24131493934851,41.86759572388567,998.8891708869107,1021.0297212261073,1025.667052780806,1018.2640998051373
38.39781758555026,38.89912607000193,84.0163451405309,39.35438569850581,1040.481321217379,998.4106408368316,995.4300996949723,994.1667771390449
88.97045286159056,50.300563412862545,82.63837465854887,44.85679725856244,1060.9171202055777,1003.5218783566271,1014.3135094761733,981.1051402849537
41.83304501433825,46.70708692780133,46.07304302611284,46.848947449429616,1004.5537166626877,1001.7906868074358,2058.030638547997,2013.6395329501313
44.21119246517412,46.99781579300685,47.49991278568831,44.71354318522363,1033.4473579986222,988.1157583499332,1044.9765611124951,1000.7681148413731
38.69106821661509,48.420750925457156,44.03905754358129,46.610267612614265,967.9710831445177,993.6082525059226,1083.368916246327,995.1379853438341
35.605869870045055,47.64044185241897,40.07559408731647,40.05133971636637,927.2561341483665,1015.8637585392239,1002.1711327451269,991.2891841390301
44.78709934546876,48.965791358709836,40.934911671632456,35.88461856021473,1994.9207269018314,992.0493031508701,996.831258848983,924.6186070201584
50.210924732456476,42.689465459625154,43.56327324503276,39.01305113234923,999.650449525273,946.8168321465538,1010.2759758667597,2007.7794751353122
43.38482468222331,44.451666648401236,47.38786315374283,37.59615865183166,1042.234737987389,983.135618801643,962.7919594116256,2029.5695657165882
41.307507738101016,46.162958966261485,50.02495585321796,42.496532044166216,1013.7686868148398,1059.417933384766,975.0794588833602,1012.6378952867678
41.61735615960259,40.555266095118796,42.4375371604652,47.30898250815919,1014.8258240187033,1031.9923823776671,1009.6030954555621,1018.9656275964675
41.00427859021022,39.17064215027445,36.52612972181349,43.8462048399093,1064.5815712646954,981.7278546917936,1064.2604492459127,1052.2644156623855
44.34207289648948,37.681148737763074,33.07800104908238,42.74619281689476,1075.6991091174432,973.2254103876016,1036.8521146286068,2029.75457186867
42.242216605869956,45.32788069424771,31.105549667026423,41.596303352018865,2023.8864626167542,1006.9173070198539,953.3561286073575,1054.6424264599073
42.48906038114791,53.46343489067952,34.30507406607755,43.99543506440062,1004.2454671169756,1014.572996804154,955.395566127881,2004.535752774692
46.11082028906782,47.431881573260824,41.714889220836014,40.41101688422747,1024.8016374768315,1027.0068331980615,944.0984105656307,1028.280009615163
46.03119778738022,46.319953996434904,47.49612467639652,40.34375306564402,1018.3039219996068,1023.335482047399,976.689047474265,995.4551191937302
44.96262312711997,47.99294279448635,43.103040967476545,45.907714347616775,986.6175061493927,1009.2704797331695,980.6794454693841,959.4064626708207
42.28552438834173,52.83213825169547,41.93776171729415,40.56870655744822,1015.7131254858434,1038.3906678025155,970.8697229811442,942.1001414230668
41.99879566752016,54.49376734773294,43.19585972554404,39.83758791333994,1037.768315211317,1039.8597428396722,1034.5346399935186,984.0474482418103
45.069857172643054,48.52142693462294,45.11003927820336,43.558732049477356,981.1398419392383,1026.5352861516913,1021.8755874034621,1000.3797751957828
48.319888366199415,47.48721210920762,48.28684615582828,42.04613622697549,1966.0596535651728,1027.6275335472212,1003.4713410719886,977.6249361636874
44.844004492188844,44.42023707243426,48.570466414729765,42.24671497959696,1001.445415411682,1022.7302252628842,999.8240978335003,992.6518084385125
38.123244655376105,44.32964921478664,43.337762416683944,42.55146290952473,988.0784703038505,1009.3952758970256,961.1171397953137,967.6396462506129
41.19579882480225,43.84787535894449,42.88685358648472,38.44094983667985,999.9814458787764,1005.746025585044,988.4235527575233,973.7640294341056
84.94759140027601,44.208242543310774,44.75350804033148,45.52453934290914,969.3120430286151,1021.1760464049012,1044.9739355761794,1016.0280725498883
43.39711309825128,46.82496736295677,41.54851056037232,47.35282719810945,988.9871349709784,1059.9672135339613,1019.9867443993402,2011.5648931719993
42.18000744168549,43.26386725891353,42.48675212043541,42.7019560126692,998.7391243448736,1023.7577097356337,990.1079095842115,973.4110823192034
43.07519948835093,45.51952045922237,40.95403387962919,43.94694061781813,993.1662818828943,1994.928426559401,995.1194444579121,1045.1175539149262
44.38557276224572,51.07235307214887,38.95857241920223,37.707684540642475,1009.8508051352492,1986.940063742604,993.3158058367885,2009.3959077148475
41.543202455165094,48.26502388034335,46.18180062605422,36.81542590027895,985.0290484666878,1076.0394381160913,1034.2544227015642,996.5185135976193
43.75094995568949,42.122555750064876,56.72000931972065,39.582168402610314,2007.4868885140702,985.5682429515784,1042.7428982644606,1025.8141635768575
42.70431355003061,43.47532431758893,56.67134577027687,38.3617243938663,1001.0982267483346,980.5276940178005,998.3901295651674,1040.5631815524443
36.82183624779963,46.61204906998792,43.470310915389305,41.21403384891754,1007.7643180219486,1028.2819196261657,984.9678498431772,1994.4782930561425
41.32824098496139,44.65702114094323,41.60514671993755,48.557952703743084,1015.7134590039939,1033.3227511658893,959.4306706178234,983.8167315031678
44.897768619723784,46.26738251076627,49.31347247490543,51.62493109792943,2035.4175629033653,998.132997333589,2062.7060715711814,1029.9026515785827
40.360366266066315,45.753981104358004,81.38159942297943,94.12591991588653,1002.6278882702239,1993.8829045298212,973.4736500402137,1065.0460857449739
40.914711756839054,43.33833803362944,42.656153707517646,37.70195028067642,979.7772099887895,1012.0932657712344,992.9167351702279,1032.05638025495
41.30822833653126,42.788154640717664,44.555302409540346,41.54239575012569,2022.7190043490025,1033.123295831559,1986.503861094498,1031.7756926139557
42.324172508551015,44.1605242409085,48.53995549364408,44.863817196849965,1055.4527117690968,996.2230754352607,1023.4531888054,1027.2113649911844
47.08232342822296,46.881165036886856,46.16500661565017,40.55547772188635,999.7561823012452,1000.526070926475,1018.2057514011944,989.9718150064493
46.26590692395364,38.84770201658948,43.590591909213245,42.28455924072977,961.281772153272,2030.1122936732672,954.1034901870646,1006.8075497153242
43.61709761821032,40.120952257301866,44.06834116949016,49.38876478570873,1020.1464096311838,1011.6964228426473,991.4468906080617,1019.6827437462299
41.157857619917564,44.418225844360016,40.07838058366495,43.64014755490848,1991.8984475216776,1005.1387684540283,996.7446717913841,1024.4387623343687
35.77046947346831,48.57086635690683,36.37181679728914,37.161965018064805,1033.4475449522497,965.1100980283131,952.7989898896508,1059.8696588379032
43.21952088657309,51.32435348658135,45.69668514620564,40.33785530719618,1030.1450410185412,1977.7355411558754,1023.353145234614,1048.612753457738
44.14185634597487,52.48581668723126,54.49947555916039,93.06170854371655,981.5884183848088,997.2147793838844,2011.7609027149786,1025.4256374126492
36.41254162465691,54.67926388925653,49.711894443359256,42.456246417872336,2019.987127018044,998.9694691367355,1033.8508324493523,1020.817070939501
39.9357201528052,50.285017068969495,45.85066328507052,40.7885602802212,1000.4000963690994,974.7601226978759,2050.440272077308,1015.5521132274055
43.509989040539445,47.70055633675416,45.32989390999275,40.98368707738731,1034.4561522796007,1005.3538246125293,1969.7297532555788,988.6912936120166
42.28649571361224,43.80242653484434,41.42528697773824,42.1591910357238,1041.3304926939109,996.1298697760361,1037.5248140851115,2050.4783155621744
40.33650284756872,43.17916026159653,40.61450898493016,91.70444156032748,1008.3373954475039,984.3013174447451,1043.3636194330243,988.7985014910871
43.64542453569528,49.283041626294164,39.106022604515104,44.54553362404654,982.0412739871481,992.5282874369675,1046.2082580917122,1000.7284486693845
82.19030148238573,54.07525923891255,43.025282354178565,47.33378224054813,978.5073375958616,973.7433104948266,1031.5952417319875,992.8256655771809
41.70977223592111,48.6126869611536,46.63786426320907,53.464612161642776,973.2703995294033,1021.8185784036748,1034.0153784386193,1010.2390269384928
41.59151644634696,44.558015879712514,45.0701685283323,49.45048983460621,999.5529442811178,982.987243828805,1009.8090851340078,1967.5109055852022
41.77279069678051,47.35563431225904,46.95024283823688,47.67944099752103,1013.8735386299552,957.2335804000066,1976.1463089208885,1016.1531590819147
42.64281881688715,48.22784283876103,48.82699749582501,49.81569573835455,1019.4939055111458,973.0100572614344,1004.7555210998535,975.0748394678799
44.82588175522197,45.669598842604366,56.57699028888009,36.94278247056238,985.507587557795,937.8560955808459,939.5648954172658,961.7084206738401
43.246262986553454,47.44486784586587,58.349213437821476,36.97211344674639,958.1051610061443,1000.2514265209275,949.2598934300876,954.5828977522095
41.16423274288486,45.611796211836136,47.877234605898536,43.44621274442413,1012.6838724587598,1064.2352422053557,1040.2235319693634,980.5035942632276
41.56037921389994,44.282366754952264,44.76141407557482,41.375934598272636,1990.4229324724827,1036.4385139531494,1041.5964128182795,1014.450934400387
42.617236260970174,50.08288613010481,43.73413991975989,44.00062897630387,1030.2384067647122,1005.5550247483911,1985.323230915005,1015.7012037124377
43.24703738894881,44.57243375656348,43.50157405798579,44.01507548298327,2063.7293411691276,1035.568011527118,998.082907683629,987.8462459709511
46.613384632163005,44.356913286996615,46.16604073282626,43.333613686798685,965.5612172599085,1024.8707282838345,998.0883555039128,963.8661341627607
45.14888328171689,52.37831111273816,41.79415267581933,42.27875911904088,1986.2663992804166,975.0139371300116,1013.3693364451358,960.8571619807858
43.99291581008439,47.35413681713523,93.17159118174635,38.556078492880815,1025.1595512842896,1010.0080623138545,994.1451268508438,956.4683082214037
46.470572073590745,38.28980017890166,44.00691231982858,40.87236719839472,1006.0056619687232,1021.3410800253223,1017.6365575372322,1981.6630284443681
42.954425519207845,41.896538508130746,42.06257817564149,41.666869530573294,994.8929340621651,1039.7558909846948,1061.1200196920731,1007.9619067623223
37.91233079083614,51.527799576626336,41.85196458054747,42.78553554321877,980.4247146660252,1040.3417894653799,1030.2624976263833,1013.613623903955
37.73552419431708,48.90011470148647,41.837486638606535,44.55219055134672,987.0218146046499,983.1139862532868,2013.3581574723614,1015.6544289840293
41.596887698024304,46.87897525577824,49.45110074133838,45.190187865979674,1995.1893385969267,988.5310564258423,948.5468805976259,981.6295910152455
41.736846562611454,46.29574322951319,50.504228948005604,41.269073731242784,994.7105909655091,1013.2401211100498,934.583610296663,978.1505335394424
43.29216818745364,41.321447713009306,43.104300915244266,41.82082812741602,977.5481200196219,1019.7395334035166,978.4022090828471,978.1578669987036
42.864317083698715,44.938585194838865,43.884630854601866,44.66151407197406,2008.6646787480624,1998.8004734149818,1012.7778564951171,997.1922092040968
40.9288305324215,45.4705406391476,45.904146286886316,43.88863466950016,1029.5921820000012,1006.0406775685406,990.951894579107,1023.914638381313
47.62353929356358,41.3066854011371,47.524170452227025,40.47624104100511,1027.1344503445384,1002.9071690769156,976.8046930814689,1022.7453372164216
87.8625681719335,42.72142150413187,46.65205425889927,35.59306666215879,998.1876787279817,1023.5888127455174,1963.711607551419,1054.9511449709134
43.956655400828836,44.824225815819474,46.92067171070168,34.626546518033635,973.5641510162122,1035.9736988413185,998.8118389787209,1043.961557354693
41.637060097502314,48.58735508258427,44.93083093305813,32.35940108572967,1029.331125602424,999.6944090083039,966.754475519444,975.6660590269329
43.94131380010728,50.204818311914536,45.60463305666542,32.78839614763585,976.1956089076814,992.5044425167929,955.9173421102023,2015.6221512672942
46.390668792457134,46.77256135082443,46.57906398280687,40.09241023481502,931.4479810775151,984.5991055053379,962.7513151671184,2013.7237768796265
44.01630633273882,46.5963655350351,42.19527550287438,44.81853850547165,948.9738278222352,994.0288641702244,951.731237419614,959.3062717360558
39.61858281446606,47.83288750073211,47.635707901214566,45.71044672915339,991.3195935290221,1955.6139050395182,1999.4937468772778,1983.1439301268606
38.95382701594319,46.726344473358544,48.83879711143748,43.18807287557989,1031.1611866270678,1076.8163793700223,1031.1217662936501,948.378813492966
39.88151310808395,51.42682741379359,37.39384686614496,36.251258455599626,1028.6451209846946,1021.9192579237837,1021.1719844199793,991.179025810575
35.69899564479856,55.45656261899878,40.09590537140668,38.07042274879335,1998.750562098795,960.6041500291662,1000.6580171872251,1048.7416868955995
32.906342821869416,47.35591604322356,44.29498068196386,39.909680103063366,1000.5175090660673,979.2497136360855,991.0151761306413,970.152840102714
38.774328251184755,42.81712243608135,44.39523220595744,34.315192775462734,986.5115117942898,2025.8961441245756,1009.5212640556342,953.1161434709543
43.70318455842967,45.429229978373854,50.916034437847756,37.3182109142374,1982.3360525699163,986.6119414817174,1054.4856792366747,1031.0478368976055
43.53475884842149,45.18317131761778,49.02288725999195,42.79367649224996,1009.119638628207,1070.1533951977049,2020.9860720538397,997.1595608953462
42.046004766780996,44.417811252227175,47.80189901953068,43.72884202916498,1039.7666479319314,1046.6766831365562,1004.4217378552121,1012.4790075209005
40.13423265775783,51.6142279306993,46.2039975482768,45.057181710724976,1019.3376796220997,1006.2392079039053,2021.2429350821824,1053.1905976732717
39.146356882327716,48.77339821816389,42.18677986990086,43.54184768804919,970.4157458813431,1025.9908370004237,996.4903630069625,1038.3298485773807
39.469869638692956,42.5408686999922,43.51880706989739,45.622221966661414,986.0108000875725,1050.64684384791,2037.421537057239,2079.6747992266837
42.48987829026488,47.660576263830734,41.4785307983892,51.28469494632239,1015.8733303522392,1014.9089658857708,1053.0738944173208,1974.22598631564
42.154266237410226,46.96406993718834,39.903955434373955,50.65358513971724,989.7338961965684,1022.7839224894742,1053.3131842240725,998.4922999050607
43.570582312739575,48.5538602410599,43.13765653992084,44.060405132142954,1008.0792845427609,1004.8481948549954,1999.0215737124051,1960.6335937166368
45.78968702034238,50.46470381010876,44.214238833349526,41.73933870324387,1054.950626584649,972.84454605305,982.7607618586669,996.3455940627478
88.40353995504708,43.826324459351156,48.517733858539955,38.66293789745842,1038.7621704145051,1003.5516598250036,896.0448171798744,980.2801610115093
45.17146282104093,45.162885704822045,50.235485766905356,41.90352315421188,997.4156473771154,1053.1009577778104,965.8454731830991,1017.2989251916372
44.86860478563122,49.17016459517127,46.69101343398792,43.33865328584257,1006.3650722437644,1043.1023671007688,1014.9025765710019,1036.9589603697525
44.18671578949292,49.10554970012448,47.40458274568992,38.181088014635606,1023.9097901310201,1005.2872914075205,2005.3650933210513,1043.1133720794837
41.34163830539036,46.33081743958757,48.942671634704624,39.11794266013594,1005.0980631506874,981.6951881912064,952.6723867416745,990.5924028414304
40.16265304704041,45.323857745982096,46.28071306486295,39.022872475856126,1010.1864228741804,988.5067656006174,993.3341183561066,968.9307219547907
39.707965336343406,46.71286426758422,41.64663149602636,39.334620184206855,1031.9588938979273,987.1804964168518,1015.1619905333839,1024.0087258479368
39.57545345030422,43.76017424163465,43.20869192395889,39.28320188228412,1010.5285656153601,983.1323658299494,1976.3741354953856,2021.309595648722
39.93118872613296,42.07110017741245,45.337956579399204,40.73809180812461,1016.3603163294613,2018.551313030592,984.724394082302,996.0914971216384
41.27414173424286,41.72181224564185,48.81500249102754,42.94612927028224,1008.7055170821429,998.3371695175485,1011.2296496347527,965.3843108158311
44.01181996809363,42.64069780447842,49.357421037486446,51.91505207125381,1017.107313062319,992.0873049903558,990.0615308220766,898.395193290813
47.063160730075126,45.61034233290815,44.38171275740194,53.83824583799334,1049.0367636866747,1014.3504512148697,1031.32386289417,1997.7476471269363
45.860898722399654,53.24823147189055,43.44785420154015,47.79218605987709,1035.1137329226272,1039.4685984903933,1038.0120789335083,1012.3841282279316
45.04230614998272,55.28008277931089,44.13518474299149,43.194614086369214,1007.4675724671233,1081.7752639645728,1001.7570183806897,1004.7500425075623
44.73099975095725,90.98546476836319,45.84048450382949,45.70715266880626,989.9983858055605,1077.5957153998957,988.9005778993351,966.5789444135395
43.22814378689229,43.00797694512977,45.18161252319421,45.94297514077254,994.5985274565037,994.2965652529825,968.9475452401463,1951.041010858211
44.44610688110596,38.611405963039026,44.36060971663298,39.19252532118955,970.081269514036,2001.4069134468336,991.6395672381954,991.954227974154
42.11809784397488,44.99518660030749,44.1334491051088,35.05186034037552,998.3610934391672,971.1051788168647,1012.3730270148226,965.9516862851435
42.18917016660576,50.531934844963146,44.120547087599746,37.05681995419464,1005.1152699200165,1016.8198483783763,1050.6414756316453,1042.156897800668
88.83525883022163,51.62899964979388,45.193443119246396,38.821956236213325,992.8660848332547,990.8958995459885,1024.6063567833155,1101.3062208519823
41.118812491783494,41.928410258116635,42.95377313459622,43.07851059343231,1986.1929031681764,1998.5851299703265,2059.773219448026,1068.9965101837915
44.484093928135195,42.35120710724104,47.00629911823812,43.944749405319115,1069.8671146252243,1980.816899712969,1037.5250815735926,1012.8641278979128
43.98696979528731,50.04468676650809,48.84244699918905,43.82462187192294,1021.8504484310819,995.478412032403,1011.1043669255207,1017.2180878397878
37.89269443181824,47.58175515306195,41.79780257815561,43.62242393842607,2065.5664164797045,952.4194280419722,1008.2686652152461,1031.7005417378437
38.210046845933704,42.955799268514085,42.642396341373185,40.44420252026826,2032.0669529899665,990.358133033756,1007.1209396048678,979.5998802409671
43.7630554383124,44.57243608827048,46.23073597511504,38.42951171508231,1953.8602652102975,1025.3004317555003,999.8688948740082,1006.8770089744899
49.791961868060895,47.451610025327426,93.3752403115153,38.83442704048856,997.0637094909174,1049.1686287465607,1018.0950350237856,1044.3848454507372
49.11054860471887,46.11695208824699,44.42058760979393,43.01983369106366,2025.1145445837076,1052.3654607397798,1028.3341788682944,1030.8761720942227
45.974160987045906,44.46798307583707,46.29499854705809,42.933300496512445,1023.5474241376573,2016.3391540690752,944.5567045951292,1003.9240909259613
35.14729376754819,48.47829786945668,48.63319782764203,42.95922038064374,951.1373020556512,1037.6479545079142,958.0378234935558,975.4699185594941
33.63032224811005,49.941167278037625,51.2830286025794,41.4528209747597,969.2403421342863,1039.3242168665424,2021.5927100773733,2066.465158542624
44.15511817913302,49.44219320084643,52.091916682298674,42.38314321903873,1038.856566973661,1016.6943045090093,1990.5561257902036,1089.1667756458714
46.01985452930988,55.556445306983,42.56894399328595,42.048652952907375,1003.7976234854514,1021.7181389337222,1020.3963342526249,1980.6398279946873
43.08610405597983,51.39872890216148,39.09631318899436,44.24766258194981,1021.3277117241914,1007.1903888637435,969.0004885237546,1994.642218862038
40.57941966248771,47.74644880826807,42.78490785763013,44.23424983725931,2011.8248940549172,1014.4434456584233,895.0239710721403,979.1634540695655
41.62961104262861,48.87955166062492,43.46432402020342,40.10938749926092,999.8224374442332,1017.7599903696397,946.6147590059235,1968.24463102778
43.10736264798414,48.82049913352907,46.8309556060304,42.25964922225958,981.5342351738623,1949.6635833542719,1983.7321372167457,1004.048278322499
45.345891430881935,52.72143647807805,45.74680818306152,85.70715898212562,2033.8354785334857,1046.7298283720315,1000.4528516292878,1054.4179287367106
43.251601277762575,52.48932090399854,42.086231354680095,43.05882293471652,999.9432752586063,1018.5523426688467,1069.582045848394,1990.9549396805098
48.34654607847439,48.42362794915594,41.80860821702922,38.35920317557013,981.0022622409549,1017.4784639909728,1060.4920366547467,1076.5828786676448
52.27724211224091,48.73964603431817,37.074372474691984,37.15865316522043,1011.4878085568378,1021.8089591110024,2014.718986554593,998.5897913626047
44.18520266337735,46.777402497487685,38.3437070162759,38.86394070056012,1013.9848058545977,1004.0300101602616,2026.7856756976748,2007.412838837983
41.56133986194501,46.812939796278805,46.019065993753635,40.196575496351514,1031.4657483174688,983.6871878154816,1025.6525642228978,958.4664050955553
47.60770063111384,51.267519033730565,85.42914935728555,40.113890464003504,1010.8174567926602,1980.8320455608616,997.8772018296683,969.7693647526512
48.589716507854824,53.226181277339904,48.97075092644434,44.0907409349912,966.5513126280275,1007.2582271626577,965.3852781245712,1042.0668888815412
43.10001752387604,47.1141925680139,43.60879523686249,46.39070320785385,973.3403259171121,1026.6085901783174,988.1813594075282,1050.9869774186748
46.12572762402549,41.032425361446954,46.340132610367235,41.54375038324987,972.09799972409,2019.7313001443113,1009.6911193441617,1050.2006089690517
44.89268289212988,45.7428852514899,92.63942991304934,36.86430054046829,989.0941982891684,2028.0111552245028,946.8067623910761,2069.194371490994
41.34724230038596,52.585218735315856,48.808348253651005,39.73617260499614,1001.5540003207667,1999.6361531898954,948.8434828745895,1057.8776997791879
43.61347170947189,49.0925787052776,52.20343241678727,44.451611561278256,1018.6141750406052,969.0129447321434,1022.316605868876,1049.182792612081
44.584651396027546,43.17469121059392,48.72938533234782,45.898604442495945,2014.7239168206718,987.6403687525251,1075.2716382583421,1033.9826223564214
47.77858583727871,43.72033974205854,51.85410070818068,43.875495815949996,1041.4069867304788,982.3859235169008,1090.390529061073,985.7925074223701
45.827030945161354,42.94614942492562,48.963474195263494,44.63103056879125,1016.8461221448777,938.6253476417656,997.8188798484671,1005.7248589156088
41.51026789980956,90.45376579010245,40.20096484027063,47.37239147715137,984.5762437946814,942.7180949088457,923.0669817579787,1004.2952923361578
44.249107161775186,45.54655957642744,42.0706091111917,45.82793743076577,979.4673490242128,1004.9864746301121,1975.913060747371,953.4273846297885
42.552810568545794,46.44644077907458,43.447190710771835,44.11002673853794,990.4955135088024,2024.2240306579322,980.8171020935099,989.1770549609271
41.58103425938188,51.247340232195484,41.359201208951454,43.95441109263961,1935.610326331263,1967.36543573109,1040.1581871003498,1042.4034878931889
44.53503987161584,48.65287415596088,45.01320714245517,38.717141621052285,979.1006782178422,1025.7708392125692,1002.1325579402678,1026.8075514453017
46.82318095436597,44.43533167755143,50.24354286508772,33.55947172783292,992.8097135155116,1040.4975591706648,1006.8743917684192,1041.8972157302335
45.81047060271477,48.467025578474754,47.28989406529499,41.653543242040975,1039.7470216608697,1047.3753225873884,1008.0556160385254,1035.7805061855568
43.35426761546523,50.112385857635175,46.56261264928645,48.12889346855535,1035.8162089188522,1970.5034668782578,938.9509032542016,965.7835757313817
48.829217275643714,47.28702974027641,50.15163910076933,44.964341416979195,1018.7494939425751,1009.386284655245,966.8220723083839,964.8187356453209
50.50334904332319,46.64577387812861,47.939095785214434,41.246301621251675,2003.4504982320072,1023.6321725943696,1037.7563287189719,995.8609225749195
45.907003877835706,46.77494595315214,46.24152027370441,43.97780358197247,965.1919606675112,998.7821993068449,1044.7632600301113,1037.4807590213743
44.490345067931855,47.25012583534469,43.491117917104575,43.42126574707681,1021.7084662604512,1039.819142064161,1021.9934503141874,1035.8534862593733
46.18711401091288,47.78027517541973,43.96458055541591,39.79910230304425,1052.776921448667,990.3692046943597,1011.3596501612568,991.1313098565317
48.64592606943988,44.49661379784873,47.50455915340184,41.31867525008032,1035.9529560939036,980.9397035263812,1013.8027107326488,1003.0966834583746
46.51341922890422,43.89628754391288,44.72350818591041,43.054039504474304,989.1465155243808,959.830640598548,1048.1566191947504,1009.4704783687446
40.879667521036524,49.18493922838914,41.508041957404316,47.007565619912825,997.9247382787552,931.6704665101502,1044.1558109868706,977.6442777393426
42.2271870876513,51.81793641152715,41.25956502285995,50.42562637566298,988.1439359721179,982.9267824892987,1002.9055109744475,1023.7829439481247
45.187893315240075,46.40979647988233,45.24716945686793,96.6793889223287,931.6772898264403,965.3343234724964,985.6842443592907,1014.0632349486153
45.60212937014144,45.63819196422283,48.288304891721474,47.7579019278892,973.3075968855737,1012.0991160663901,1009.1404527450153,955.7409884101901
42.33106120768019,50.78920581946316,46.55256232152078,41.83005767240881,1021.8017927563096,1040.4119713934099,1029.939379298398,1002.6500024977803
35.12238380479477,48.72538975926185,42.219299042134374,45.58958396765486,1025.232118908234,1011.221433062402,1974.6499556243248,2035.3699909109482
37.40425830145961,46.55715100982407,38.47019742969919,46.145782191866616,2004.516426418737,1025.7335285632175,1032.7242592126577,988.3681574731688
40.48246962216687,46.72245368953969,42.584022608425926,44.79464195120124,936.7642553724131,1008.3288160118798,1036.21260331631,993.1554709903126
43.101530838251044,46.223304352594496,84.24145693236187,44.77884128977319,1000.5818638461096,977.7309743031781,985.1429136565732,1007.0052379561055
44.23944373872854,44.584274918684955,47.718619817340205,45.4071336755879,1012.7378666649051,980.7395660862735,941.9708510574596,1066.2976078968832
43.27249365523018,47.29788853609123,43.17758408194989,49.46244701349377,1036.0695176458298,976.4494894073625,1003.279452061448,982.9274883237968
48.85609514590008,47.09986958758738,43.5069797899594,54.02042110835312,1028.2544435964312,972.7696275393134,1006.8441963704727,949.599294974164
56.18681424164913,46.12430174452108,89.93439234566955,51.285273005637166,2011.9928799448548,944.597087133279,991.4222509144329,981.524933337156
90.28309235524678,48.34460126197303,41.38990554406334,43.32371716234954,964.1422241791746,967.7900418036896,1016.6084764907491,955.6544988825274
40.86850762941283,44.28026900104609,44.558822494692706,41.83257289345515,1001.8886397287483,1004.3555367156123,1945.1685396036967,1008.5494932565458
37.62425682561164,44.16973053385348,47.84929962344572,39.977413092453475,978.1002907738243,2001.5073453516686,1035.6533071563713,1037.6827740044646
37.924094625065194,43.08046262287781,47.30861029542324,40.43758534372165,2034.4415587853905,1041.9886486501161,1011.0915915277765,963.5380406911904
43.454633811017324,43.61368616608961,39.81689491595418,41.392374997389815,983.464209614209,1066.68353287939,961.2543506128675,972.1719046238733
43.83970274251347,51.66210459658387,38.0471410322088,42.29330984499431,974.6300079750574,1041.7505057792664,2026.583748648391,978.0746220824524
42.84184565805034,50.64619979849692,42.59340310352848,39.02927457441358,987.7231374372592,986.0294362579277,1029.2681134790919,1015.8105802775628
45.10601412083294,45.405232554162,46.25667750551526,42.43637277147057,1017.1617984752082,1012.5237790991446,1041.1385042225338,1000.7485393358595
48.06029849314108,45.72280240417406,46.53977414840346,47.245520514108065,1017.7332253257716,1016.4073015786419,2003.616299024977,972.5756811277911
48.57090910415311,46.445704398092126,38.39758412968669,41.27773255067429,1015.5475915564882,1986.345945796317,992.5239351582787,1000.9461611376353
42.09590089355626,45.840342026925455,33.99278274973727,44.542430316977274,1005.7192415097888,1010.6357946650414,969.5460871226346,1012.1251524909834
42.62496757990928,43.316743495868344,40.572828414569344,49.23581323014076,1058.3111730154753,972.1398309591008,975.7008882083542,1024.2590366899672
92.5744999755699,45.12062019721505,46.40272042821986,43.29969793010166,1997.6878952820857,1007.6713619683326,979.0547095668146,989.7733276504564
47.448654232606074,46.53028805240406,45.9958647248973,38.85143356621777,950.2618537891901,1029.5150202673456,983.9721956442977,1975.2249630842077
41.26700303046569,84.88297484301356,45.96742547939104,38.25348970765856,982.4164514178121,977.0869257460956,975.849693210115,1974.7906278641121
33.55446886763919,46.83023405053426,43.85896421035093,43.293517844128395,990.7322764733583,960.0691526347196,950.7565135931361,987.3076362066947
40.7622187840946,43.42823648042413,46.372628181962995,47.17335730583433,1010.512608008795,1999.0075691278846,2011.0263591776472,972.2497807301097
38.73539913069948,45.66145059212705,50.70404933044803,41.946893624886805,1003.6499630445915,1017.8325879079795,1002.7368726302632,997.6510253829351
41.06379780851583,46.69857890240136,47.23295114926711,34.35471766255981,1986.8102254729115,1023.1502029664595,2012.2249870284816,1019.9580129132743
37.810769199210824,45.78166868226559,42.68070128438275,42.937252514021736,929.4682851360342,992.8042081467056,988.4273578347439,1030.4725234005577
100.44539496383621,47.47161504151103,44.35930141372744,49.741210240612205,967.5268698627517,1017.2837791300958,1028.343076660483,1045.2044131318949
80.7321123864211,50.06998420362308,50.91071672359065,96.41018207187139,995.8503089336339,1011.4591407545471,1041.0084310609727,1000.5152935601382
40.64688540027777,49.55344712709112,49.031257381314596,48.05860485864201,1020.9013541563498,982.2247604826699,994.281333760545,988.9644465658259
43.86872979444797,47.11985571763176,46.252546695567865,99.51317170303189,1021.3810308608809,984.5415607521718,1019.1405720780415,986.6948206488298
38.980453022529154,48.81047059529534,48.32932101790507,43.89848043081688,1010.4383760123244,1032.8840045643176,1040.3426156712974,1981.6236435465487
38.18772032805519,52.33331217579615,48.67258737912033,38.18366082670577,1018.9062335057956,1058.730505410191,2046.7288691053177,977.1078329583299
40.10047637908795,45.232645018970075,57.39824161423751,38.83462466134294,967.4898526735196,1013.1887699074607,1008.7634443396171,955.7050261511248
46.095318153758484,43.67997296987721,53.47565849256087,41.489134672334906,972.9588132293356,998.036351047216,983.233080131281,976.4169637503129
47.75991169741728,47.20442134986601,43.44910509616271,37.818630582489874,985.9448961364093,1971.6376995897342,1078.9792873801075,1040.9032802631984
46.22090402309264,42.548968242208964,45.91071068675581,37.928791053984526,2035.5440519364101,1066.6957646169394,1096.9403437249844,1016.306440878088
41.84652810428628,45.63901708363444,47.07679445972181,40.47865538251659,1012.8872277627763,1064.215447878711,994.8376972261201,983.3757316777009
44.69136730811174,47.158505187162284,49.88266639552394,42.80606221750981,999.0812962351025,1005.6884633274412,970.5137185638348,2006.5743385995163
48.6695931876102,46.859122022561365,47.61372181249027,44.88527271161179,968.4878872304079,981.2469735725689,982.2308052764739,1041.4915879118078
43.26088207805672,48.83632945820112,46.47928583398428,44.84540695889436,967.7556158931645,1030.5304229195863,1020.2508333636081,999.6677066595581
44.23043245946715,46.27304809246711,52.06817787081119,41.898184214905065,989.609682843814,1018.2644876855013,1038.0732215449275,961.7910187670816
48.10845494942692,42.726251716669374,45.16417930709899,41.222977697398605,1022.4121178878131,965.8926707331216,987.2574260731983,985.1963806942042
45.9191398693162,44.42999303708191,37.752469673274234,42.054492506602784,1036.7552733460034,972.2697459111832,1002.2532684554019,963.0869979780857
43.6123602072702,44.48009097897261,42.91762222778567,39.09287186783853,987.3474829858403,1023.9425681465718,1034.8886716510588,982.6457104507541
49.31064932684603,44.96822336769331,41.73912875212292,42.50889837385142,1016.8506008238718,1061.0971485015752,1023.0728149186631,1011.1839095851572
47.37744960606973,51.53795664827602,45.519065761288644,45.44431309611922,1036.7407464480596,1053.4075419748262,995.5753744566302,1030.9297615683913
46.018718650461864,50.98916664022215,55.2872293924829,41.44935904802993,970.3082782156397,1051.2025489787925,968.9422809334183,1936.4641044594464
51.256910606635245,46.968302334381335,54.05416564585643,40.71814064752482,2017.9842716826408,2018.5352659456746,1034.4841794307572,951.6240605490387
45.99188458213517,45.02972901061153,48.540183923991876,41.95553768944317,1030.4636330796427,959.9862486511454,2003.7479605426006,1022.0464751262965
43.3445067812427,43.692661351123405,43.20480604972028,44.609845351015665,983.9526675751118,999.3146349988106,2006.6958212803656,1015.8749031159041
42.23059765090725,43.30519261132234,44.82775278134273,44.61639975192287,940.8052685213992,1046.6881630928517,1120.8615543597484,1032.6922718835574
41.008820796194414,42.77349721614789,48.41641528535143,39.34306394329674,987.4348924213223,1024.6452853016904,1086.324009962831,1001.1484309988032
41.11020470376506,45.95741009539738,46.840925621849294,41.82867521668713,1023.506220153279,990.2885646897164,1030.8459771661478,958.8141147604504
39.24032608294678,46.25558913123484,47.41240198136407,48.66487348460944,1016.5961472641225,961.4265357194884,1022.0563786128666,978.5380289666255
37.882009912975626,47.7186170809008,44.75622499623512,87.82674918070555,1020.4820974037912,979.3889915389124,1013.2392820901405,963.6161932950304
37.62574090085602,48.872380818125954,43.192853807901024,45.63278134328338,2013.4709397076167,1062.6985766799921,980.7776113824307,964.9494795022665
42.20343380655994,45.36419391309006,44.734541288456846,45.710084909217635,974.0975385377562,1064.046434885153,975.3641597687081,998.358796049198
46.16634935605842,49.600509267890175,44.77132458744959,44.60523326711328,978.9420739967436,1020.2639583951106,945.3376899475699,1011.6382011855694
41.22233754446033,52.15626463640804,45.17622405829883,44.86261838986923,1033.2209901780568,1038.235596473172,988.7917813645239,986.469042571235
38.9698982935366,86.63041595740599,45.46009053687108,40.894897459346,994.4489431588206,1041.774259496276,1025.830487852208,1014.1744975036277
44.671109723988216,41.0288650499341,45.55291704496831,40.23308987494383,951.5282137607423,1019.2365136144246,2014.465808055062,1025.527762839891
40.011371651170265,42.67923971095439,93.33651630828703,42.45308059430013,982.9176845556584,985.5951307855184,1060.6703341242119,1009.8545324375264
38.44852115258002,44.60796215221528,46.92553000140851,43.78002326493275,977.4720153858921,975.2945351686715,1035.4190889290394,1015.9903495361821
41.15658666567626,44.372287511589136,48.18066871691528,43.46503101636536,2055.977138486589,1000.071852127601,1011.9579968755156,999.309190570908
36.46459401852688,47.31657142469835,39.0422735645402,42.60942562754317,996.0359887648267,1028.0505547338043,1031.4050086981306,2027.2458702248312
38.64937918272502,44.07768723184008,41.538684998362925,43.59286579538481,1000.5083609214141,1025.1854455524442,1020.9851735329845,962.0991655213722
41.405119446858535,44.8144387772563,47.700455304145166,89.13317163789826,994.1144433329025,1017.44946228806,1009.7770555123238,981.522959368164
41.02182176221008,50.70283091786014,45.374976420040866,40.76713847261412,981.2273089231775,1010.6166154885966,975.9864702125539,969.3620908270934
40.15706782711922,49.054926902993955,37.8168811192006,45.15468472988885,2002.1016124294986,1005.9062438389337,917.6443775310067,974.1635806716661
38.58407587324304,51.04375389871892,36.350360427276044,39.82817064940727,1063.2604355835435,951.5477521480163,970.0698962874056,2005.5181162453525
39.22504668932686,51.423336890344316,41.82309618477436,38.974490303862865,1001.3428587718388,1010.6807231965093,1087.037277062761,1015.762932969302
38.87944196760328,47.06331805835643,46.61801461616015,47.32642802281444,1011.7017069953168,1094.049836287584,1972.1761150729578,2012.4732061630884
45.5753315212451,39.44290265704123,41.30534606153,45.23768413929927,1030.817681543594,1007.5099235021639,975.4959474642336,1005.5345810708377
49.27229857597101,39.73552185885366,40.68402748714657,46.09723998014587,1029.713965029267,981.668611488125,1004.4522392175393,1006.9756514311694
46.456626469328725,45.09879811759134,49.639995863292654,44.08506718509097,1010.9704722711515,981.7853226123764,2026.6116985458984,1051.5049889261677
48.958453405606974,39.932008273505275,47.72044764449555,40.225145621722035,1001.3603862328343,967.4396505010272,1971.5796550225805,2006.4033710216465
45.481562296258375,39.60598799260192,43.73575664460742,42.84141114092749,1032.8471481565825,2009.514396925557,1000.121355810629,1003.492675760424
42.39290199644532,47.7542772825623,45.930779908528166,38.46576650942545,1044.8061119685185,946.5199169252423,996.144366792468,940.909804494173
45.96335481459839,48.2762607428038,45.82748068323361,29.622580873029086,1032.998540479872,984.1716601913662,1984.6815741569471,934.3378437543674
44.04537016288642,50.79330611157569,43.062732333748556,33.84363979574248,1009.3924947757084,1969.1076024650513,1023.4697736241562,956.2717296032799
89.08439207763325,52.71493810360447,51.11818047198881,43.980407775927524,976.2484908325587,1011.5263407313577,2016.1404068517038,927.2639170163543
43.32112074729007,40.21134550033592,48.89149810496923,40.89472064980079,982.0699074663225,1028.323908252239,984.4294894258751,953.9247901212473
45.08271794815688,37.01997029074095,39.243754089363655,35.71133271833286,967.7496554342787,1057.9597126516212,965.392190934544,987.6266628634169
46.747929510766355,42.35600588452953,41.33399553337931,97.03861233096217,1014.753093186559,1014.1805553157428,1004.8296877888115,993.3527856333039
43.41004823306832,43.91355100078859,44.230260003531626,51.33357408345434,1053.6571987370464,978.3518888826729,1052.2649902786516,1017.3707332913042
45.0058299928525,44.6705430572184,47.70264495475366,43.39675814020886,1008.700509383724,1011.2119294484492,1011.0189289044012,985.1747817295274
40.67153418316035,43.07056102575546,49.086887186026644,37.93612051346454,1008.5753697472271,1023.5997297417027,999.1981485139947,973.2652148554916
33.67031176192418,43.7161787193873,46.834855489876276,45.1574950511211,1042.1212319338197,977.3069868493337,946.833132043067,1021.3895523216074
43.06169544064655,45.61663145993738,43.74454387536021,48.06162164100864,1988.0470042123209,971.0884885174979,930.7396582510751,1956.6200126221786
50.58757135779436,43.66744881018627,42.18300509711106,41.98368047079855,1041.2956083524227,1013.73928926074,989.6945323678549,991.5987909975463
49.80955908252859,47.41327041893984,44.095056338076034,41.45907865703953,1059.7070409810087,1023.0703658555362,1026.3457116874251,949.1345060052745
44.35777326660596,52.017222979287574,48.00989618870726,46.01861419302993,1040.1302844754127,999.8367659376614,1007.4135511577485,956.9499377363445
85.65424612806838,48.54678188899245,48.58283409168943,47.63823433902233,1006.7272439950202,1019.3979400204794,959.4543761128291,984.2182368175545
42.812321239113544,49.96330769971887,46.699325811041334,46.18884604967528,1954.342215519154,1000.6905177367078,965.041640840511,955.6985040324727
43.82221175343457,50.714374551163615,44.60654672977162,40.66895756286209,972.082562205072,954.8751939317156,975.2300809192652,936.4247014956562
42.75974483153659,43.93837193178075,39.60430467667489,38.96498557565545,984.720230700496,990.0801673567632,961.7760719291864,983.409497879563
45.73214595038502,42.50875832787245,43.51192491568362,43.5507828845834,971.6905593736627,996.7989007653944,992.1680630743172,1002.5631830740522
42.1708056547656,48.57235035292633,45.899664382078235,48.87050055375997,941.6869490984305,956.6346602693575,2007.2833075133892,1914.8854079237867
40.18813254358699,50.67185393310665,39.935730286591664,53.06840269248882,918.7163368192763,1015.3018632870121,1969.5112013847768,1020.5304857694227
43.96970441501158,46.33590379672063,43.44135427521665,44.837514173559455,977.1101459370711,1054.0048807283133,1008.2546165418212,988.17374256023
42.9250228019729,44.596219147443236,43.774491397565534,37.22537291215818,1030.471153632298,1049.9415120035092,1064.7277114658575,975.5991946437102
44.01917691701142,48.26661607053469,40.24205170132892,37.530366374350464,1026.3951104692524,1017.2335090896851,2055.3290090138253,990.8755452712477
48.319903655429165,49.33053203374406,43.902608714975344,35.52212382289014,1990.0319661983215,1010.6389437143071,972.7216199662221,1047.0614864761335
48.920403384615526,51.28222057878257,45.7550734405871,40.16169936413044,961.0332341791311,1977.6657616801322,983.7360432085645,1052.8574060659014
46.304686922612824,51.623415179842844,46.09044408568671,42.16355679808079,929.1879496848549,1952.5264036581086,1008.7226164126519,971.5468076936297
51.940020398152036,43.832181129175495,41.661706115364154,43.23661808024922,962.3944203221824,2013.7160262819839,1978.838793827717,954.0370273766616
94.08444364423578,42.93633595320492,40.11942276796974,46.269829293243845,1009.6005084582052,1031.4726766521803,1983.5792926025274,989.6749838868852
44.68248175713876,54.062509853059126,47.76427471035565,44.53441426156628,1033.9753111528607,986.4055665918988,1027.7471730650211,978.6274302109553
41.82524028152393,59.85268718428895,51.73994343558509,49.901639831220606,975.89823178609,984.1980545815608,987.756592420495,994.1395578843915
44.392524674813004,52.63511445807202,46.08002378760573,48.21787662478535,1011.316068428233,987.5052528255018,1015.8876795642939,1056.2277188048524
45.40947016388192,50.47317317269862,44.60863061050331,39.6481772085404,1047.4969139669374,1026.760489006285,2041.944407408951,1016.0663245835898
38.30995252771696,49.74469191152137,49.2473133680258,45.093211937890864,978.999914696097,984.7017896279385,1938.8816053314897,971.761953596621
38.87832905978677,40.676341778998456,52.6043482180698,44.992867595574836,1009.33669019895,941.5724864453183,986.5828869068866,986.4913952734989
45.26592858702377,41.566385022285104,49.77499288941024,42.228682754424256,1059.9803404669228,998.3995331438409,1005.1467892557316,996.1677175847233
45.95095129554595,46.68450433979944,46.32088158551407,40.50586656007664,1019.2737080921414,1037.2285525134498,964.2095823167417,983.1682764990887
47.20256423526716,50.559551999212765,47.40691827571146,43.522780786791586,955.7852795739618,1923.881644556255,958.5213189371505,1001.2366129968552
45.25924231449151,50.10303794652578,45.349134236371256,49.85883472913838,945.3380604142608,2007.90207902589,1015.8216074522325,1053.2034356179615
45.90067328869363,47.99749346663803,39.67615470828111,37.86062419603866,1020.5596723550705,1974.0654925724573,2016.3881045541675,1034.7815001712702
49.681931998746705,52.28736574300755,38.82711802425955,36.109274097366566,1037.2176489562985,1039.3686159986228,946.8267971340517,1027.8749637257229
49.99823391977809,53.314122747932856,46.09166400107274,42.529471563157074,1000.3830018082473,1086.15388255583,996.1091522327318,1010.8049043679686
47.08592216546296,50.55103056890505,52.79856865540515,43.58466503533617,1960.1865879393883,997.4755799604641,1060.4537307970063,981.2671271073175
41.856169892477865,49.08683636853452,53.25408554749024,42.48560102522333,985.5160788286844,955.2841840997773,1051.7064623477531,1004.0022391081857
40.745376142737086,50.65586236482268,46.058528741409376,43.67392949075803,1001.0516657139303,1006.0644827316255,1031.1689395740805,990.1128434284591
41.65007224489747,51.76631854823191,40.87985157083955,45.237276111647276,1015.0801620787171,1021.2908147256769,987.520956722519,967.5989410727913
41.479727485291086,48.408890601220406,44.38761878404125,44.35709212560832,1015.4808597837249,1997.6953606066224,968.2534637451442,965.4726115929486
38.6105378494386,46.27524918767903,47.31988338126469,43.83750179446305,1001.136449484017,960.7550738597333,970.866973046727,952.2829927089699
86.16539511108999,53.71132369224805,44.2985353532167,41.03738976325384,1016.8120082590694,1032.4144704555279,2008.9024053231763,947.2160003001798
37.443708620564216,53.034352246931405,45.05551154179675,50.71724418740629,1987.3893713431828,1036.799907073337,959.8475054681534,1015.6745697831295
39.871057652218255,47.952491017239474,46.90251126531628,52.51413445845394,1024.2706392807252,985.4996326349841,933.5169982205746,2002.8045307414125
39.02759504909943,47.34738843603279,44.959049413009026,44.88427655981178,1014.8557894659316,989.882828346636,1032.4431761430023,980.6313823435326
39.19205027604449,46.230197347877905,45.559680340643624,44.23727505295095,1010.9999440007446,993.1341842890777,1031.3778100492223,1031.5108118182438
44.26081728375464,44.103989639094266,44.22408089310883,47.02395118292291,987.7853810464269,985.8611659423301,1917.8006653732534,1067.4856863753257
45.15877681932889,42.77228115942856,44.573088387214575,44.946136836442676,961.7656492685646,1035.07264678805,981.2925442271936,1019.5143137999453
41.1130497588873,41.06455929981107,47.29856895938611,39.731258660441625,953.7095765189515,1013.5646583845132,930.6179976902707,969.2690180375059
38.92708994423733,44.773834068591,49.48432851612767,42.790978183421856,937.5609760805517,977.4905377199395,978.7813586252782,1003.8433234743912
42.46530898481136,47.69245792509204,48.081080236531534,42.77668526016345,990.0267672292848,977.1549432196466,1003.7561403308041,983.209535920799
43.87853436159236,47.142259645512965,42.50657776812679,41.97589147596782,1056.3548943728906,978.3382558843209,1995.1804896745425,957.3226189586993
44.85809234190931,44.74271863263123,42.35899290403239,44.100718834066555,1028.632754173084,1047.9219467771422,965.6701673148561,1012.9028792264219
48.7735751614492,44.257137496083736,47.07383425549067,39.10884503951105,995.2471579071727,1988.3261657765524,1036.8197309592874,1064.3012686217232
42.980359203745515,47.722758221925304,48.90048195138605,29.384838713716356,999.237137628794,1055.6401792827792,996.5533360900812,1047.2934782923915
40.198454948873035,49.32671590548739,50.40286560424132,33.70718776813273,990.2895493081705,1004.5063936233976,965.8918356963127,1029.1465261401984
52.444716215089116,48.59809920674722,46.13943521105078,43.348898347486866,1018.6355017219488,993.8879867129635,1000.7113683495354,1046.9764782101674
51.13566629353554,44.55471153016225,42.492953081902115,40.87246274144504,1029.0162729872677,965.0773271481219,1017.4055235606157,983.6156297188365
43.232055455060966,45.204494887429426,46.48516196538672,37.62372337811669,1013.9256483191988,1006.0140800358088,994.9200536720366,982.6712315020859
91.83849658677633,47.72323643464799,43.38176023100857,38.110577000664506,980.7172191064117,1063.297683648445,1003.6026080979773,1035.1066444817625
42.77309200746953,88.41803564419925,41.1000014760849,38.73975373246475,1001.7916804224874,1004.704339250982,1016.3844854195347,1018.3300639603248
42.137326879692026,42.570657270563814,44.82579701996221,92.68831713600244,1959.6135294745773,984.387065549224,994.4812256238608,981.3551104089457
43.13465483947441,49.12041497278036,49.703771578407654,44.51214451661782,1060.7632072381614,997.440256565048,990.71495699927,1008.7676513718683
46.0295657801953,49.23219620906734,48.80146136882017,43.58323958238283,1040.2751270023755,991.5775932339202,1017.1222475053789,1037.027270809508
45.542835779979626,46.77055465634157,43.89469562219439,43.87479326683129,1016.3778672243759,2006.0094338966799,1061.5108928788216,1011.3063782469015
52.14608560704496,45.24299104216301,44.321839780414564,49.13921110964686,942.010611704645,927.5258516848727,1044.1908777770877,1012.1334164859929
80.19762466150823,55.15656014813891,43.64730158316124,87.12543865454701,909.1551464581466,983.9318482735614,1041.630110028396,956.7080134816686
49.47562523079998,62.23244676964862,41.58623336006403,42.772414312944505,983.5471126697398,1090.5846752172638,1106.0795565535113,994.2963593262044
51.25212933022359,50.271196114357465,48.69432645880815,44.145454377646956,2015.3170861817125,1046.8278687696709,1119.861761741633,1026.2238445921685
58.13679659407592,44.25263506035511,51.48493927797564,48.36296690822084,1117.5351975683475,1949.407974360825,953.9415674158685,959.4451129937015
53.36598451994762,51.06768791228984,45.14652307549121,51.24853230009718,2012.9837968726292,879.2476051461024,1985.0375336142686,976.0346015079543
55.88597905547435,62.01653932675355,44.71670707346893,50.928078206856256,1951.727799051775,929.0611502786917,1150.2939182128075,985.5213822712653
59.81956352450799,54.63902514759393,48.92312602970861,44.13090464184947,1044.2953649912197,998.3114767398413,1073.6614193298424,977.4362037307678
51.48639119945804,49.03116092811263,46.00989471702725,42.36299140753865,933.2817162962376,1056.0710386074602,980.7916765185041,1017.9365429143595
55.37395982010524,50.08938574159883,39.06507897218942,56.67904466638894,922.0613140219193,1012.2798544313414,973.4030905421009,997.2949563193584
50.84662388212837,57.39011962153426,47.316225880426636,54.79172802194181,1982.2813469573664,1024.9898545836156,1022.4600352998209,965.7732088327577
41.2831458724903,64.46062879188133,50.081553565663256,59.446066782184886,882.6202748565631,1060.7690090375195,949.3211201090435,979.4416374031186
40.23989624986214,56.57224798937516,44.803925155736785,60.314071081153386,938.904373317943,1046.9121308847516,1973.621987998202,992.0269766541182
39.96937291670922,51.36307701994271,61.37947096343167,41.1652337480904,953.2498413307839,1060.5878078140613,917.2367763643299,2021.458470485885
45.944156628990115,54.538294889533276,61.769023763588606,40.94004092626027,1992.9638677568232,1061.0884491146867,2004.1021203705593,1008.1323690256245
55.546247568656995,51.37660153173284,48.749728478721515,57.5053442790947,915.8517069834347,1019.2114830572992,1050.2363298567543,966.4412620289867
50.94691390588043,45.05336300614338,39.8823029688585,56.425959158504064,1079.8027676904603,1049.1506916220396,1038.256789027284,1000.3862117459903
48.62999985331233,47.826306157104185,39.45856627877204,45.13252164294989,1118.4241362241553,2001.1844133736547,909.9448876926558,1035.0786055232593
57.88795633235933,48.516582617731615,52.229500421502706,49.14130502778616,2014.1828436178102,1987.9944217465406,916.6095167529445,1013.2034025007499
55.888495443123915,46.10170107700437,53.173220495975144,50.78250025982455,961.3676664170074,2024.380421473677,1071.7697627474859,998.3567953743936
62.42150910020124,44.70029452385023,50.94416968966193,47.31418794445024,1042.1053842240615,994.4445171118768,1102.116696389358,1026.0738345860395
64.82486703062325,50.171078262211616,44.16377273180353,44.57928236315412,1038.0012434027763,1039.9019678711065,966.9535637148217,1026.1504961998899
51.82308590998841,54.41189003065691,41.25870814491036,40.98298785885292,978.8999638974243,1033.3612372163705,904.1976392519791,944.7557586022317
48.74959676377172,54.110662097098185,48.461921380533525,37.69481476857099,956.5275211608248,1066.733707919847,2003.1115465654013,991.4314689144794
48.52670658415758,86.03469685720415,46.70643979570684,48.99016884531263,941.371058557544,1049.454543971015,1956.527920616591,2015.5568252805112
50.82888600493493,40.44904259929716,39.48609941382581,55.30365100456761,2025.5927443901485,1986.9302464364423,1029.2037194488735,902.7109585780393
54.621947194420486,42.95204724264322,44.02888507729859,49.166095654695596,1023.3592969129294,1088.5298749068456,1079.7835124495582,907.3491484880615
50.75677687501121,58.46633151328225,47.796990556155706,44.300637957801044,1018.8890971801201,986.987961815885,1046.1998500071854,1030.1923648063064
50.98437348103098,62.51776005256592,41.45918936666929,43.16614338558496,920.3858974396169,1998.9696859051646,960.3985526609756,1048.6489434946075
53.87883905024312,49.17737845640937,40.98844285028878,48.22470155380867,994.008476616811,945.8330939460332,927.0590566827698,1000.5627523946796
61.8751698100576,54.071015113070644,53.43642182065169,42.94558157355287,1036.1697259566524,1003.0474584864774,918.1468475138599,976.9265011086753
62.945946884853946,56.83331007659835,51.124015060841174,56.34251852336901,2001.6403054385285,1054.3141781472914,968.8224157662776,991.4360016292732
52.50455154229739,49.15958337505931,42.46483244146559,60.828700501996536,893.062974693428,969.9186118898325,1063.854521678099,1027.3006799832092
46.59794219817891,42.83945436455074,42.76262151920125,47.373929923210056,891.6263854677893,1005.7730180721442,1013.8760211116086,1024.1496957308836
48.06114935018553,43.00030340647115,49.77184302833565,46.75911732390657,1032.0700972488648,1049.932907535482,995.3482674420546,1042.8790876616044
55.07549682880929,51.05159243519888,53.290099788536764,47.37433026624136,1109.4955661506779,960.1027540444628,994.5193588260128,1002.5211748831381
60.200992861133216,50.99129786514675,46.869306930847145,52.23599134233744,1010.9084699493878,940.1925340673606,899.3259488606448,968.8910426906243
59.673990027328394,45.74339379448078,39.43972912584672,48.91252523691698,1000.4215522530046,982.2643999535092,958.7678579425137,1013.9986681055661
59.882210887744904,42.35715588593259,41.529125366523886,48.50079172351276,2024.5832769370934,973.7206193757781,1033.2684775862876,1958.0870604533893
57.369530681911186,45.50659858883156,35.83844049624226,54.115980943592895,1028.980991994455,943.6118443834063,1055.368245463501,1002.5287415044955
48.14313753106849,50.45493864846391,35.942666376651346,54.41447582029841,1012.2518801331786,897.9146928884636,1067.0357978729533,1012.6847179278486
48.46127216672316,52.22048947540713,42.6011816306622,51.34864080850751,1014.451769518801,963.2382794054087,1088.1940868681627,2001.481853598433
49.405682095403876,55.55019547610171,40.47368072652067,46.17326138985587,958.6458324079574,1058.8529610438402,1004.9604447824006,1064.1534180319982
47.21981364008346,61.74372704807286,46.66048411295935,43.977584784209455,915.436373456025,2011.5317090372928,916.9584603535759,1019.9649274575866
52.398377626088724,50.9702990845724,49.8179038793449,48.94347372641192,1093.7964071800034,1001.9621909240745,907.8110048280221,1022.4196542409807
51.10292518212624,40.71593267111223,52.25759610565285,51.007340626629926,1005.2225568174184,2001.9340258860134,957.3922984809958,1021.7446257239683
44.34189861567822,49.87921436111189,54.21246435000042,48.56136284652982,884.0095947189889,1974.0510041952534,1964.7713061015847,1086.8147792075708
49.27961455540388,52.80495615256659,50.09288121269944,47.98028531899248,1978.2341305554519,1021.4006206520305,1084.1765644534844,1998.7822326481748
49.556688944899236,92.64552700450918,40.5672510088841,45.78884049447595,1038.7283149526165,974.4155034870087,1060.3330271772643,1973.6448579489502
44.59760118784199,47.20061036873396,53.79329278437835,48.969589124593455,981.9318281096541,2036.5513043326491,1012.3221796883612,986.1063413978748
50.53187335253557,91.58671150021455,61.366120500961564,83.93619365846958,895.2540559764492,1066.45279606362,2040.2806167119793,1022.4856680165866
60.607845605530045,55.28166562747053,66.42371067410073,52.37392974326818,928.5144054429525,1061.005034763584,955.193094150127,1083.755244357169
56.03931242055546,54.50724395361628,64.80865088546378,94.4153736860714,984.9855810472068,1042.6833777381437,946.3233478910769,1020.4795318462254
59.29826010019461,52.009156857104514,51.03335479749106,49.2020844601395,2001.3097877748673,1028.3089090614612,853.4483880215555,961.9992935486684
65.53325964148863,49.68269727090229,55.64124348045324,45.31721371224107,1070.3207169161847,977.2305852274085,961.6854930773798,953.574642599915
56.03175456945861,55.24026506326656,44.585740721571895,43.4124577840127,1974.1359557697358,1003.3584302471583,1986.4888887335856,993.5631489142093
46.74118550095462,60.21590435157083,43.27180275430369,44.58103019023345,992.6462065605492,1029.4658165057153,932.0323501314074,1010.8317368044643
55.5365074381988,54.034924279363516,53.31809551281746,38.02529436805073,1053.210625843702,1001.1210184216364,2001.253589264502,959.7734487300459
66.41140603356494,39.93759473108392,47.71653348265052,50.65013019829046,1181.800421561007,980.990426398242,940.524252498403,950.6654911228106
48.26409979337387,44.31994997080692,50.31968449555293,55.274101628338116,1106.253314819959,974.060844012529,983.9495857253667,1016.7184878160426
51.26119200456737,64.66443294227868,50.70146546406771,37.520380219948265,1061.331568218785,974.5563821599741,986.9019571519705,998.8983000299348
61.408935928436264,60.88517130698857,47.64955181270071,37.97339704195142,933.7032297551998,1035.4146870124935,931.0664408469736,1068.1220341950116
52.6039796282617,57.643261838280196,46.676947029527966,48.23082470151068,947.1221194410439,1120.9819854529712,901.2081615152799,1103.640979616749
50.84491610109207,56.64799013397209,47.579496083979706,50.525197115680115,1015.987174436974,1082.4688403987998,972.2411351551273,1990.7115390788497
57.392850871447735,47.249609598536225,36.87893410254378,52.72945167957065,863.1833220068979,1033.2736453807227,1013.6731656763701,918.0169190349839
59.35061831310667,45.719884019478954,41.810335372424255,54.915614302797586,874.544985780984,983.1955702200484,959.6960886167399,1026.0197786249726
47.05733426914942,51.999392494987674,50.20266374036418,57.24258319985884,2013.6611610846383,974.2409426418903,2026.7883397507392,1025.6854323193409
46.204464722351446,47.43761688123008,42.13033425133416,45.74408173585093,1123.4585924126604,1070.73079642483,1969.3475894713267,977.1996364169729
63.938922667284196,46.64847118899475,48.56065922406127,38.98612381849668,897.1083158550969,1143.1631652926676,2032.8186617835545,1092.940078610416
55.94197101526066,53.91923411750895,48.6066425065257,49.95025050293127,940.1862177883202,1055.916834675221,956.2120075523198,1070.4451704858225
47.87292768181912,44.94647367398247,49.500521848953454,59.92271072424419,2030.1283149660235,983.9359091669858,1989.6708123057613,1027.1273851579376
60.77886164534188,56.77114741518825,55.6818315525582,55.770490053726164,1993.2007371707807,1963.505008671799,956.8830854400762,1077.9444924820148
56.54881030356253,72.82383358452488,52.86649657678302,48.593535130436884,962.719952066006,1034.140105936336,1020.9320286776253,977.2697626959618
51.44488920996441,54.98671383483384,41.28218386851454,54.90751766050214,887.8855871478786,985.596717685723,2013.1258734655494,890.9440306656852
51.413415861427296,59.02835235587186,38.94002855349941,67.67593701672783,1001.5258192722954,2011.417331228929,1991.403035764246,887.5052511766324
50.24417632156171,55.98654926290807,46.11983443600343,97.31204957708803,1050.732951319414,982.3835136659688,1109.9900259576796,904.5791324694046
53.9850624895858,47.689165209611645,52.04169690912102,48.12408822770823,1021.2785710248431,1001.7638920853817,1003.3130089725912,911.639555432776
56.490164335571336,56.8631587047635,46.58478208754244,50.21692256219022,938.6599752137085,1004.0213177368919,951.5199650985103,953.9124715014792
52.52854217680841,44.2597724627377,45.86533930314202,59.83925632509472,921.015457565449,996.1100317333191,1049.5766719784278,911.5371795072033
44.50601345418961,41.4803895755186,49.69240410757304,43.62601958254436,1065.2387102593361,983.9018495588692,2010.2775709918044,966.4234343414961
48.99942822422646,48.521935047573486,45.659994529105674,37.00014852811212,1065.1002835825964,943.2090997269079,1968.9004773031359,1100.597803101428
54.19586699680658,49.475095477191886,38.92215518819437,55.19139653260425,947.0756894165155,942.0010845619743,904.0348207707925,1978.0245683474782
48.647791962116756,50.17656992103287,36.12553482676377,51.69214828524849,1034.049513980813,1005.4078626333867,2046.5017494683054,985.7194045416979
47.634057284872384,50.99165606496092,95.08654290073905,49.553196044996646,2032.7179312762744,953.3609458006447,1134.839166884134,1013.4422904077194
50.26986027598574,48.234016534536465,59.94753803585429,52.37250973308304,958.7641407910107,926.3720958694887,1013.937522524332,1013.7731609145869
54.6263867317425,47.46900270010882,90.14653813038994,46.682722447234084,1026.1912137396491,966.0889669369411,1001.0978009386229,943.6817497370519
53.011310621529354,48.80959441453321,50.31453095469187,50.42544189155372,2054.7967951199257,924.4708249109084,1096.309077894332,983.8447302707636
48.869319964606206,48.098673565090635,94.76089040447168,48.583863685598516,1995.1157755333147,978.7841183442207,1097.8668758632034,1004.1334823108111
43.67094295625238,51.57011676179525,44.212657012428096,43.431848629250055,981.4283768962132,965.3252086604151,1037.9232522005645,965.2658491349075
45.99053018117772,54.791649737703324,45.57784770126854,48.286758011579245,917.5892085177074,877.9509208893766,969.7534730416943,983.1638701237662
54.38704930580056,45.2900508622268,51.38685543360626,41.572001750206354,931.3757873895113,923.204072238111,963.072991540648,966.0699652740582
48.066967165521824,48.806344770312165,50.725431469917126,34.91205466036078,1062.445331351526,1019.2730125313938,2014.7701673010286,2010.0147588071866
36.08918423055294,52.65069614642032,56.639337523654405,35.67263091208854,1163.902837190885,1033.8377451414208,944.8511422690426,875.9919738637498
44.56123246635769,54.25528581503295,56.11666206015781,46.08638547279149,1105.2492970083892,947.4191143375076,2005.046119462947,958.343048359538
48.635914375496945,61.238912543873276,49.491092686226,53.37057676806466,1048.9502568266873,933.5958755769834,1034.1938202023389,2003.5991514331147
46.76136563945365,50.21464443748734,49.7873178144084,48.325323685849725,1958.7522268115597,957.4505171995716,1061.5349525602019,931.2152957026088
55.472556935951104,43.00465305426073,45.90694206524428,42.14023093031291,940.5745762841252,974.3061603287058,948.0903933121033,1003.1482873576194
56.0472045007604,46.97279318874578,98.35185533464968,45.55951813307596,959.8261722753375,974.9630464589404,2029.4030567709606,973.816121175648
55.082568926093465,50.47624152545951,57.715463597036354,56.527991921939254,952.3053201836357,979.6815644564223,960.7414832101367,1022.9271706666641
52.2951838260516,57.12894142592008,54.655060698504215,51.31254107287728,859.167114753318,1049.2451732169623,901.5750745528026,1060.5971540357064
48.43057477936101,67.67179649265864,51.486879558145816,48.87478034211219,1990.1168768947068,1078.7851979841955,865.842227084124,1002.9482587384548
53.97979968335487,61.58887174791251,43.75536256583774,46.43410629404221,2003.8128265832627,1054.8151274856616,862.8764493193532,1034.2395485962581
52.60193436124524,48.791859037282606,39.769243212338715,40.365264827493505,1052.7902179300156,1039.7014894704637,897.0660977226166,1019.3323389853776
50.4606358434894,90.32636027792287,43.425342052367576,46.30445004963323,1011.4396371115029,980.5763374622125,993.7707766476351,984.5060389599578
56.71759852202264,50.422129870544836,49.21304255447087,50.39400485185969,1012.9791218562098,1988.4901266734896,1013.1676264506818,1022.9152973065804
49.516459816592786,46.65841777463691,51.396698627350496,47.9723568878308,1000.8611527097365,1077.012828193208,956.938544871103,970.2652045734491
48.68808881857277,52.20929338396309,43.15637701070513,41.76057669741979,947.4624327122125,1006.7321014192491,930.6113740616968,853.5994523928548
55.312894882389436,46.559103801753935,42.57672545322664,39.8627340224856,961.3391310933173,1009.334055587073,902.0825723227713,925.390231267081
59.74866083830656,43.13652057573821,43.514256307836376,42.16729299279096,955.3681478231573,1047.0077752608343,966.1085451025002,978.1469632802655
59.92885170102768,44.47750468197812,42.351131864263174,47.761049052542305,974.510580880914,1099.7247428456635,1073.1617022432242,970.8152066364962
49.674315588366966,41.4449379386327,46.079479347666364,37.62966755646944,2016.1577053320461,1150.0885962980685,1119.8873741778907,958.2187014820256
47.636056693443834,50.36743519609739,57.036005704244815,38.817785455997075,1013.680816197905,1102.6561158117106,1078.2651642522032,2022.8221627654862
52.831047128826356,62.97198828224353,67.17317035629571,49.38667569969021,2025.9000369925732,1073.5962137049792,998.7217052377746,1030.6743501378505
87.50971755164419,54.41326301652197,56.70184068132022,46.860137209111286,1035.0157694033774,1958.085802634185,967.7714864607267,955.1384849278297
54.722045595066234,46.50021644383979,48.931273754415386,53.17845448821953,2030.1726644030891,1039.2508489265317,970.4754732697504,922.1950485667153
52.2166094153912,48.70869301588378,46.46006346470664,49.14472988166444,986.4477359754023,1020.4514917061965,1092.8389191515455,989.2255162656254
53.8738406722408,49.92285512745814,43.483962261189646,51.25864157108754,2008.8332025336842,1063.5629195674471,1104.002804917634,977.008115121429
54.18468875961388,46.21066039056562,42.405979508677646,59.542923417467804,1040.1099669912896,981.8536762098852,960.9523909783078,906.2697973643583
58.7235808175159,38.76044879431505,49.46528429440545,54.48091619669542,2010.8861157422682,927.4404644377505,988.0569961498556,2004.8992164118092
56.876704817072266,38.20508087079436,53.06743379188476,44.637248890673376,1112.4966594387556,1041.5406942507443,985.1357431948989,2061.3636275778113
44.031988978155454,38.82757844531534,47.74526853811933,39.47854570399935,1058.3861242067378,1013.831824007616,982.8144403829904,1018.916617188863
46.383440482174436,37.034198576688766,46.92041374828413,44.74719146125399,2020.0474329260487,2027.4878039141229,1050.950242951129,1001.2548135357912
47.73425688596528,46.212014202313824,46.06049438648725,53.19692805923371,914.0413827309542,959.0406687186214,1029.6168464380921,912.341252687298
43.7162449818764,49.445455972848215,47.473620654378536,61.69992410336097,888.1612544685636,1019.0046086089333,1075.8866398002726,913.7474804902246
91.6566813966327,42.34139013847132,45.53304674292436,59.59064600104836,964.2026292327926,932.6000406168062,1080.4800924372998,1016.0665529455634
60.09164941914332,49.1921112139863,51.32088769451914,92.84009569514775,1014.8194973276652,953.9715254034777,1041.0663300691012,1029.610477322825
57.775268285748076,53.01819466762584,49.86246295252098,48.304683467798895,1021.4439220834954,1038.3521385980794,980.292834663905,974.2901103145971
60.92436540485154,51.049723802615944,33.55619673816576,36.082341575492,1047.946595513485,1042.2710872860052,1098.205740324207,943.8083728748521
59.735464627609645,45.328532193503946,35.34751724817587,29.16033859628758,949.4657394282418,1063.9310643653434,1141.6393425261185,948.2921951236817
51.05515509531672,43.53585964732976,45.30153531384835,44.49769923711126,952.633335478546,1031.0792463884472,929.0547233996971,1035.8454660510363
51.374943577673605,85.13884988875822,58.86946969950434,83.36335974362179,988.4717679184032,990.8492772506793,910.1486368667133,1040.5630014792437
45.4799370743676,58.47531040342636,64.89689870388267,26.240390485790137,926.3986707335649,1083.4926474058798,2009.2239536503773,1014.5626529707208
43.72191321945337,53.165550984504335,48.21591774378085,32.117605529134885,1013.4246670509576,2021.1195485577305,1067.9673444944733,986.9457812267576
44.85785157134527,45.23684989289424,38.72682448152952,49.313246200051154,1095.290128811609,945.5634270587896,1119.7858181928518,1037.8959768551433
36.55207560890666,52.351294730620054,36.36834084806951,56.68929856844103,1107.6954480695135,1960.7178633004853,1064.8227661546662,1099.9219967733168
36.90566874828122,52.12405128379021,34.279734326724224,57.684456909202055,1051.3699857911167,2060.836478760997,1065.8099621193091,1963.012460435891
48.102028661447335,59.732602472007244,43.536518444193916,53.50366635367269,2021.7172304492833,932.046499314335,1017.5482195454566,988.9951451683992
48.84228893609226,54.38285349265277,48.12277692088374,48.324283979881216,956.7177059882324,979.3709014591168,875.4365452076433,984.3923586154503
49.39648537892401,47.386868873392906,44.78755312154816,50.79447504219834,2018.2991280675403,1004.2980788915238,923.0310972776535,936.990964148572
57.10221752273845,56.880611612742925,44.6526843385809,55.37588252040612,921.4350181022171,993.3363253367152,1059.906073451375,968.4597866060258
48.571477837865885,62.569231816963985,48.85672669895667,46.44305544033039,1965.248770799982,966.7090198944811,1045.9502704762542,1028.3964613353282
41.0895002772469,59.047838371710654,55.16891008606606,46.1027436895762,950.0510120055284,2021.8268238582039,1025.215066943198,1001.7761880428078
51.204221474254325,50.25061675693175,55.970013315036795,48.947738701937226,915.8802986869883,953.6057825774651,1020.989311973289,1082.5514993573781
64.65954695103223,53.06075696737671,49.26688430738365,49.676291172688096,1026.313005448657,945.0525742819887,912.4987001948888,1030.6717439737095
61.10976058084544,51.20775002472921,43.44975858696308,88.2444882327917,1081.9224574807986,1030.3678255576947,2045.4385158988716,970.6325366316797
57.56941380807638,48.16859955844859,37.75541883003532,55.098453662008176,1040.081894280618,1067.9805543011755,1064.5596787174652,997.7849310673716
55.85941036491562,49.62070510534297,35.00735094767904,46.1053429151746,917.7535364503599,2024.5803462643041,911.7401811998982,1050.1640959829706
54.36806220485149,43.244661133007085,47.67036687712635,40.66353482037435,974.179378709525,969.0526623250663,1999.6314429800766,1087.257625820098
57.412185147136974,40.420417377164156,51.77301315289837,39.834033277219405,1013.397993075281,955.2974338898323,1159.4108604361834,1082.5208802399509
47.28336772428483,46.87270053765826,43.43839801445999,45.87446829617542,1001.7457729773331,1003.5323300241274,1091.847237391285,1048.7766137082785
49.23718761875088,49.82328924697575,44.076215772968936,47.19370254829111,1087.726990695865,1013.4489076028747,993.3853969706561,968.8673658132918
54.98428894400068,53.763146757631745,86.15801980980851,46.81128256363806,1021.1253141350321,964.0581805647902,1043.139061664091,1015.4192026878782
50.087685632165716,48.31774203353932,53.51295897292103,51.62151232876292,2021.3370901843505,935.954549781064,1088.6622876071597,1023.8153494194657
37.48423841059255,47.49464355594186,60.08210473343321,53.80757974278502,1021.9812190650994,1039.7206535036394,1079.60197069643,2030.2428314219558
40.72951287300989,50.78769388033561,50.83193129957499,49.84817996708004,2034.6837406498942,1073.3260348318258,2004.2346508022126,957.1961259683779
52.251935392662965,47.570819890275644,39.63135890015632,46.60300745098688,864.7469619090225,928.3046565806458,2035.1373434180443,1066.687325072954
57.26736101162929,81.10199729816478,41.49697836459742,43.66431859020237,937.5852437763405,941.6483813634112,1080.0943150870876,1026.7947343603596
57.81992215413601,57.332965791809784,49.44906645282498,47.73715518289647,947.2568822355931,1008.1229158026448,1145.7060559582683,961.2308404765686
46.42080334799959,58.24132430300408,43.06130196061059,47.53589608537337,1039.4168504101458,927.4726605441298,1060.5932430618434,991.4463990326473
