TempSensor0,TempSensor1,TempSensor2,TempSensor3,VibraSensor0,VibraSensor1,VibraSensor2,VibraSensor3
44.859029687689585,36.931706012741714,41.923667655631505,34.84706757563504,961.0614758556312,1069.6866981306152,1023.6993456330928,1006.5562464701975
40.08833735024679,38.73812840352815,38.0371353706787,35.2837496165626,1003.1735863927736,1072.3015280032864,1009.9865964080262,1017.5292802729643
34.783935612596395,37.17130599590132,37.049171351816156,42.32584044026711,1009.2576697654921,1023.0787006537802,993.2083918648128,1005.303703469118
36.29276869798196,34.785291854507925,40.410675020305376,39.23787650363997,1037.8092267740344,957.2509633686005,997.0021946819139,1009.2931436019504
38.75560605022419,37.0057875179192,43.19744243939705,38.59445837694701,1035.5183426589028,961.9635338917334,993.5789623793089,998.4732540246816
35.38305836184037,36.734928308556455,93.69625884415152,41.6753707911499,2046.8488328997062,1009.6085002698695,997.8831316048684,986.6055053091231
38.27324898695512,37.8990549643563,40.97922987695978,43.156655777995695,1010.4468147792886,986.8310367469472,1002.4184406632701,990.7159310673509
39.11531883475628,36.68058831054064,40.3929382876299,42.71850220054297,991.3648358515143,955.1135203266628,980.4298994081973,986.6926268019931
36.17924737449809,89.80928273830779,36.25580166502865,40.64511000731982,967.5454137883544,954.1597639445815,972.4754357055281,2013.7703203892618
39.289969022041944,36.81749899873933,39.209444754028965,39.63066370045426,973.0255420800895,1960.829110922599,970.7459935827872,990.7631939620802
41.112434523962044,34.77629383340297,42.38774465846281,40.265105390087896,1013.5865932968284,1044.9030593714892,996.4176750464218,988.1454492196449
38.692863483176026,38.39519906948561,43.5223833996739,39.638395069793106,1025.1503143486414,1015.2849947231059,1015.9869701446266,996.8282723077109
38.891214712427214,41.03549099319351,40.35324114499254,39.202644221087,1013.6185646874148,1999.0086443037997,1002.2917407899023,984.8952406649123
38.4746732891946,38.73681504056823,34.68712953078226,37.40239734822636,999.4356866062158,1004.245685175623,1999.965909963841,1009.6409503599673
38.678722376517314,40.04714658580757,35.660518192623506,38.73407304405953,981.575670989546,971.8216293613184,2010.6461865317656,1024.5535622276107
90.35377585370979,41.13252550861135,88.84792114872192,41.83291794587157,1994.0941932497942,976.7268829497459,981.415214764566,2048.1848594819658
34.520559775702885,41.630072251635596,43.50768313834644,38.5245766035491,1023.1057612835104,982.7253148826615,981.9327822975056,996.9154027352077
32.94928544791688,41.24405985348641,38.556662698571444,38.02533473922021,1968.5191378614174,1022.6277873571855,1016.8298195689551,1000.6608996854129
35.25827962532154,38.80018053383925,35.95150143351354,40.89837876409058,1032.815834993826,1049.4154701788002,1043.5977086604057,982.8018888619176
34.2050319463872,38.52303682812262,37.21569559442264,40.68879906590001,1036.619207762964,987.5600623334735,1993.0437275117106,986.0562663247279
33.37017868242289,40.10727167429023,40.31468228052532,41.302521885062106,1035.4706363921023,996.6918701837228,988.4956100296831,994.6567916524677
35.67882446997413,38.5956749249085,42.79499780699441,35.937343272519,1028.7345635321963,1011.3666871913299,988.143932095576,2033.3509264838171
38.315316174494086,34.28924996364008,38.926754906069185,32.82428796243852,2045.1381835339398,997.5877280139497,986.6297452704991,1002.8014060185274
31.795560487353555,33.85983012115237,37.477119171221176,40.26234249909791,992.0695845117625,2009.9223080119586,987.6465795000313,1013.0645772969513
28.784650373475223,35.79031298147153,39.84920718419738,39.98131481131438,992.5367233081481,986.4019083943481,1023.0737877790216,1004.7710648153668
76.37590177314986,35.587280220820915,41.145671550172736,38.09195048827196,1002.7197644749133,991.6889924641558,2020.2518501482164,996.1298063234522
36.5046841315242,36.106431633083204,40.74790048667379,37.296585619487516,981.6722176068697,1064.367459715605,1000.3589836578421,1006.9122796322312
36.088546007895,35.77606861417149,35.92449038516153,36.54009076200802,935.9878745587316,1067.5642044173687,992.1426729598317,1014.9577930740519
36.66099125829351,36.95935201737059,37.73140604207431,37.27088840633917,977.2633067550314,1038.3915460754479,1969.5722691719789,1001.7261823286193
36.157390166914695,37.16525937823928,40.38265134576845,32.939701098030966,1024.8188891844609,1020.8001978061492,1015.5874865120993,1008.765390712213
36.746742883518664,31.620730520535876,40.711852693953176,32.316385148309834,1961.1543778162754,1022.295795710648,1021.8247654711986,2016.1103268388279
36.30452254839604,32.76479804980736,38.872970238071815,87.40118123385498,986.1616362655652,999.4370298371998,2002.1700604725079,979.2323058450862
35.255363074905134,37.04303736552214,37.26699922017721,37.6736687347709,2046.9618297147413,972.5623612600543,1011.6915616843576,1940.0161940707278
38.04730888903835,34.311546143405,40.57480574797734,40.411126681073654,1002.7756596598699,966.2851805003705,974.3110320554724,1977.2861442478325
37.41097767520773,33.84378580740234,42.90327922032908,39.77746304954147,982.4451219747635,1931.7956977828348,942.9917471366698,996.7711544339577
38.43066706476216,35.47894347816093,43.27576771783142,38.36498225784102,976.9950794461666,999.3073076631126,997.4921315884787,1023.2724772076982
40.134708645675786,35.23287884638447,44.58723564911106,38.44974581131817,2017.861765828658,982.9344914031478,988.0472892274327,1026.9668611557886
38.091571049649914,35.52014142549072,41.26774866274039,37.82003232673658,1025.642952868663,957.005654337458,947.8151720329208,1011.9446249546659
36.001202857036866,38.15591398444977,38.954536111426464,38.939405328822005,1008.8987125620897,963.873303727431,968.7896600861384,996.9235789014297
35.91804715525711,38.699314796197186,35.76474747139789,39.3231427275029,2015.1511879200152,991.291824947617,1009.2179836430996,996.9742180850285
38.68207828020438,38.39849433920118,37.56977088566319,41.89840247943974,993.2175896326336,1008.8258470186041,1017.927113546158,1009.2647366759725
40.73764102347175,40.8009037586791,42.05089978027743,44.07294377560594,1002.4450770499105,980.4203499116131,994.1931249073871,1008.0835691019486
38.85049342305061,39.526092974130904,37.742917195185214,94.63288888814306,1032.4362309723658,1959.529511362978,976.9075989887328,998.8953668128447
37.878447368964856,36.89897411332092,36.53763616232729,41.581142022223034,1009.444264888039,1009.3712174889849,989.7065264452203,992.3473581274707
38.41898922341328,35.109881585399734,38.45775495501099,42.26091360884257,955.5267272630724,1033.8978023560678,2002.0819284796164,1001.4947767112644
36.75323001663183,33.704914494603955,44.25198467670842,42.09829733014915,960.4391785937864,1024.5511222146106,1002.5761900987945,1006.1005468965291
37.18948672415497,35.16453757289798,39.55168788330615,40.946115738518515,1000.8289198312484,1016.4095049483162,1009.3287831784774,1009.4976529960613
36.929803763775766,36.79925804398627,34.96817340600434,41.0776692924805,975.8370956078011,991.7092435792194,1010.5188372776454,1002.8412056009984
37.03127801550703,37.45507328635041,37.88163409629888,39.28582708742493,966.1188559788167,983.0343150910212,994.5331328432463,1978.8734345324567
89.45418332999849,38.96115644042658,38.06433299513451,35.664288326903346,981.1892134303016,1024.3766300694326,996.2819371154864,1029.4566259156904
39.72565451804179,40.56444959982794,38.22710502517721,38.6741504853281,1990.4598049195117,1068.2617263004454,1985.2825092224823,1036.4713329239037
39.49042518154616,38.965790413235645,40.19309304899538,41.12144824327642,980.5664793788715,1086.2363071363538,1017.6027926148186,1962.6840463344263
39.56688888609479,38.53781309245538,42.258348747084135,37.94008414362254,995.4919610770112,1051.5636609182477,1021.838036608054,1006.2243208786728
38.69870826228964,41.64166923942811,40.004834950571286,38.458132480156266,989.9482282943034,1010.1752449083644,1001.3390984515474,1012.3943579521123
93.79083271304546,38.372133195961034,39.67806802739268,44.27921861893968,998.429748388005,1979.940685217627,1003.85573788128,1006.9605705088113
36.103286722217206,34.32021623241127,43.02907781490545,86.89046601365887,1032.623216282644,1052.0102314468477,994.3548122935088,997.6794879608377
39.75891316475883,35.99105531818033,41.23889831120411,37.237396593738524,2023.4865166645466,1046.7207792301554,976.9524972613765,1006.7189298568767
39.774872085591376,38.3974627637228,37.57034706736328,95.55960732907484,998.1841939241503,1029.5495010310965,996.8717742321553,1023.1955637574499
36.26709166262637,39.56454058314361,34.48195726373605,43.33517089653617,1021.859322801805,996.257413143359,1003.5662459198409,1015.9059363558197
36.08530076094726,36.1718110303457,36.97775275646768,41.50442795438275,1015.6701762095322,1028.6125489095778,1026.399960447616,1005.1902470521186
37.658898527447406,95.02941978564724,40.518536389164844,42.09380685991347,1018.0485051550131,1028.7613968426265,1022.7632088706534,992.0942272935663
37.54542918051356,37.972108019666095,39.51022612770038,42.28206720023796,2014.35203409214,993.2738469482136,997.4432578246001,2021.9942141508416
36.60281421226679,37.026341978264654,36.87421000673561,38.427770277922576,992.3832981042536,987.6466914480638,998.5540825313735,1004.9799099039665
35.817885227575395,34.99851812190378,38.91089308286793,37.979195669814274,963.8740833876836,996.4485052136943,994.9815794722649,1015.0364759181057
35.749499413682884,34.71760557248443,42.8238372272443,38.93067340777121,946.9756960958264,1037.0233972026601,997.3491458033175,1024.4100012513134
35.65295813620658,37.16025314482785,41.3419934279102,40.95500423849195,955.5207697023145,1050.5006427085605,1007.0588261397938,1008.6141530433883
38.01511484032669,37.809389910359656,42.94241619580211,39.89870300350286,1996.7678584981084,1996.743458518791,1005.5525468259757,1004.6661299511059
36.85126088745896,38.44689998980602,42.904247717558015,38.28235984588879,1031.466640456852,1008.8266442899883,1017.0211885350959,1007.3183559767626
35.90570095376067,36.7717982323648,41.8463064845574,38.96444625386545,1010.8521839268035,1037.3840711956627,1046.2828584425283,1008.4908171479921
33.5751517027847,36.26702362291607,42.73505349970776,40.49857483646732,1026.2998709290027,1026.3895116596839,1031.9303897006398,1002.2900830719067
32.8894224112058,36.95714483642041,43.76661557701244,42.876466670720205,2048.6555291769732,2068.8134574287333,971.0848493261867,997.9089179777027
37.2381893040782,35.99094517456642,41.51714757706436,45.0130502198457,2052.915757156898,1001.7691482418875,976.06174752791,1948.0415023846872
37.26207032079988,36.40925047220577,37.91714346576548,41.305525757965135,1981.6549948206994,1954.743850880633,1003.6031331523579,988.5708617360681
39.482005713401676,36.93228270046996,39.63226547282736,38.32816990271472,1015.4605055371371,1046.3671328946261,2049.730524192834,1000.4834694196591
40.3037349377029,37.54233128011003,44.87114457073527,39.92427576088408,1011.9421713740346,984.3164897744527,1919.2735936848705,1002.6062561477808
36.30795428485604,35.68121193754548,47.06968322248128,39.95851913936089,1025.5318478683644,1967.0720674079769,1029.7700602213804,2025.832244351326
36.11081346231926,36.70864528302948,45.139802453171214,38.50094289863472,1028.6107576018992,1030.6343797760894,999.1120476169723,1018.5903460262587
37.91634941386806,37.45972098062232,42.81661589828937,38.853900196011324,997.6531671017351,1008.5353203241782,989.0137420162284,1028.8162871645734
39.018367924409226,34.49093348276292,44.108734716878104,38.06663194462854,2038.9022970089452,995.8415320442269,1982.4906893339223,1002.3623764826161
39.07774477810804,35.57192772722336,42.214733766995295,38.541315333772566,981.0868658962437,998.4814192902197,978.1600678952473,996.6969210112993
38.683085696140616,37.357592515172165,40.214490320310276,40.033303990343384,1011.7557230517453,1023.8906206039862,957.2817570958396,1005.2630881148605
37.96620167020414,38.81895095557083,42.254704812912635,37.33333760795197,1033.7779029140393,1041.744208623735,968.4939349612532,992.820265554154
35.07568915475666,38.54732654011332,40.38800027901644,38.70043110595738,982.078041535136,1015.4198526636374,1010.2420181643167,982.9718101577835
36.36951308028098,33.95611235659244,39.63144471344815,42.89600397478346,989.432534381579,2064.61988324253,999.9482033544307,1005.6264391218758
37.28251562088198,37.2519427714816,41.82309871091027,44.633564515256964,1029.365460700211,986.9072069712979,980.0521122086416,1006.1759259681571
36.58750430791365,38.9933664508594,93.36662124631961,43.0910414749123,990.911092310397,1010.6981791968589,1004.8319703998776,1008.3643346599436
32.78223561113276,37.076360678676224,37.94463344573114,42.50112230413421,923.5442637507858,983.2522213542325,1992.7994449107148,1007.6768733870617
29.09588077424052,39.14385852271327,35.796705794815225,42.39870734208171,925.4410767227429,981.3174608777445,2013.4558572564727,991.9442974754188
33.36807172819379,35.79908090017608,38.02963889202471,41.40778800831028,1999.0195517964337,974.5611047017617,1031.6444564561953,996.6556939196299
37.540498751250595,33.604669899357084,39.822685446034434,39.82851721121527,1016.8467219753154,965.7655909609762,960.880149479879,995.2793372837216
39.38964671068837,38.901892476916004,39.416073907103495,39.149800550054344,1034.9957990641615,2008.3247930122232,2029.4985581685921,979.2265501914445
39.61139226412308,40.687451576433816,40.884117886851655,40.771054565515826,1005.8166783563654,989.6089847807546,1018.4543486796003,978.7420247755309
38.4541019277322,40.30780134039479,42.49136828114881,40.73261670505461,1017.8114293749322,998.06900499078,1011.7459659296037,1017.9548704206679
36.88708347725977,39.74887218678039,40.2699784266363,38.65135624011161,1026.0298699930836,977.7502831915247,966.5915199126856,2040.489755493286
35.91724593549814,36.5749696485515,40.89929762343621,39.32784772274958,990.2220117216896,990.9826415938202,1002.5089945853101,987.3367136494664
37.11580989476053,35.28435763145339,43.829871543776036,41.69815922079901,973.5785625343499,1027.1340731454568,1024.2444877094385,990.5023069709032
36.06682493959339,35.057898633402814,41.86219397998176,44.46626937590695,2036.3180032051814,1009.7901085055487,994.6585768294196,1001.8067004498828
35.918619951487656,35.547273651886556,38.21574392098369,42.9512046975787,1027.3731200226837,1007.6120828808157,992.4085881863251,1005.9767712110144
35.469390413491396,35.553406427671135,39.591512219583414,40.65591875803935,1005.6668730467607,1022.8957597105041,997.1582475305308,1003.231162505318
38.173114792189324,38.11275444652303,42.05796620964145,41.62667818701442,999.5644612942081,1052.7210691135197,994.2165702219917,1017.3732341132495
39.99967846384823,39.152144804094604,45.284296375321176,38.78899188045594,971.8694736350451,1043.5560613521486,978.2652377662906,1019.8647576535868
38.061030811078474,38.58132428949679,44.50694178008616,38.29599900074117,996.9735193178376,990.7799416835333,969.7000216560732,993.3637515902308
37.68609019812192,38.06022021209425,40.06126568752912,37.47552201336124,1033.6507756685216,1026.1276093547785,989.1796060956902,991.6477127652839
36.90026724743096,36.18684919399875,38.22517630078446,37.473524976587925,1019.9209775521624,1044.4917013869308,1017.8446459738341,994.0755050376824
38.814773506432076,34.85349284010159,38.51267104316913,39.180398024053204,1007.7224528352294,1019.4889974324444,2012.9286171333797,1002.0819781135879
39.03772823601161,37.15770116207628,38.59468129079237,41.801264511495795,985.7238778514917,1003.3872565689528,1008.1830822142631,1013.2320672794369
36.57770391866873,36.45819110622587,38.551715828626385,42.56493795307071,994.15620380428,966.2020685186894,1006.3485569358306,1980.8296375551165
37.033926240117424,33.798966524806005,37.68687861765376,42.139825233595076,2019.2483528501539,985.1587539233046,1006.9745922175672,1000.7155466257386
40.280774278995864,35.80965274372077,41.043035206830616,41.09986080563403,1040.2760183081755,987.3273839316555,993.9201696694894,1014.764030946873
39.16261035941237,37.1822376829373,43.56864701610995,40.97018558329468,1932.4120138632604,970.3614691651294,979.1657962725246,1025.5321909585762
35.038683362520764,36.61788963702293,40.291239410479946,39.39234949529116,1046.8441153345088,1006.6167737578168,973.4892727473023,1025.9654440662446
35.332280663658494,38.39041811224466,41.099880402947235,36.50170540227563,1029.1365553204994,1009.5131209122665,2069.0131880590875,1001.1985505986854
41.48098626697635,38.442214622977545,45.349455466317764,43.837517591019534,1970.7147373608136,947.6463534250394,992.8589902639008,983.2270288253842
40.87796934875087,36.68801268139905,46.60621967441058,43.683995056676395,972.31625276831,1965.5912367092888,2069.137950203152,990.7852360008628
92.85489353769032,38.91058280107777,42.11485860531387,37.53052987004395,989.5872998304421,980.2735311908118,1021.8245428932998,980.1068509132957
39.144565115663845,40.619320234167795,39.88555658673252,42.4126203716046,998.4527340893012,983.3590554384725,1948.7488631837523,988.9137362767489
35.877662526804286,35.739737662609826,40.56656732407074,46.3269003624282,1996.2480271455447,1005.9616951334108,967.6851293310002,1000.8533840643821
38.30314152311345,32.31200607868793,41.05549753041134,43.599391783789,1018.0049361702629,1037.2022341973839,968.2980532396319,992.2309025674936
38.125056493836645,37.37243493473478,41.84959629880872,40.07240771086377,1027.9948175902318,1048.6678868890526,2002.3882731301405,998.1997812627131
37.14926531637994,37.00510217935624,41.56541597513278,85.14738158036425,1024.8531528682197,1019.6475636214165,2017.034472917456,1982.6268049694415
37.008085809797564,34.53544407463904,90.11894716912138,40.45434057065386,1006.8756735254187,976.4465103832775,1005.385255033693,2027.4200288281402
35.659905289902795,35.591852828666916,37.729702097174886,42.27127267916758,991.5500478091129,978.5612525383192,1017.4027463712448,1008.4085377381094
36.364162051560086,38.59785124233589,36.40314846865425,42.075148199296365,1989.5683951140286,2034.2751246189823,2002.8716803530747,1016.3784130654612
39.01902642117682,42.18099806046552,89.65305234160678,38.174006670583154,964.1419123609436,972.5396314767574,979.8558740024614,1002.6983776110876
36.74908786997135,39.803821734999815,39.90315786116315,37.904526142518996,973.1558408529115,982.9540295230597,986.1819867065187,1994.4388173052118
34.483867966428534,37.078968639811976,42.57457505534211,40.47404785784637,1996.5571652690805,983.214791811725,981.6664292074106,993.9318739679363
38.95636340499558,37.28112266976791,40.44063703866271,40.6996859439228,1986.2030291891738,1021.1014343523268,1975.6824626542655,997.1583257226894
39.02368996282476,36.13357190956955,39.81801122954166,44.249540827819686,988.1457072124501,2034.682979265781,1028.7789780245012,1002.501099410151
37.39071711647139,37.239384007081725,40.401321503397575,43.51726071085107,972.2300711973317,1021.6813387576804,993.4595090808223,995.0209191593547
38.44166746976769,36.728959105028196,38.59417538297341,40.05381692180491,963.0376538100505,989.0944454818464,1018.8283630153935,987.6319856799919
39.29166944381849,36.33782252942124,36.43148323380109,41.035963052658765,1986.5070367238034,1007.3501615708236,1026.0026464154548,984.1487711343386
38.54167448868999,36.89185232986836,37.50655141494029,39.42328782770994,1010.2826724071299,2005.2709038294206,985.7518917988011,985.7843461903617
33.52243294954007,87.14380538032329,40.79652064815049,38.388105540536856,1003.8057617671002,933.3048995111467,999.9513475045605,1979.1259750417612
31.665400130679075,34.655094781023095,41.97164446968117,40.243510751984246,1021.5355593377441,1949.8220524271978,1003.2419170319367,998.936369968856
34.804127478993884,34.82382480203703,38.62203828418792,41.04880463786044,1035.711487996693,952.6185030870699,2056.843245614685,992.708524623881
38.29408481026114,34.674029236225685,35.360699708855606,39.27886567482186,998.4661992730857,995.171162400454,1026.7858084431577,988.1516124417612
40.24691098195737,38.19666689503813,39.15846930219091,36.78086169602061,975.535557071349,1026.0674733429503,1978.0022039514,1006.7549519459425
39.45311964137791,36.48810813293227,42.213804139385246,38.39322509752998,1003.5999954669744,1014.8850688463629,1003.9977973064583,1010.1829563000363
37.09023450170624,34.73705622182676,37.18036339012445,42.04565612946908,1006.3819048738144,996.2858062586492,1008.8224328224851,987.2226017907108
35.372687011731806,36.85104813669753,34.24100045724066,39.681477610702224,1995.2580107702677,1005.0845847271218,1032.5801039782696,983.5704907816469
36.51188392869307,91.31234538081779,38.11501750238444,37.62322124981064,998.8713302636352,994.0940235109225,1033.9772879482935,1005.3117445436761
90.48426054438822,45.07140114666679,41.86059078740681,39.324174719415396,957.3892593329549,993.5126043019311,968.1727157615468,1004.9317287514464
34.555229599491895,39.11491799623349,42.06915132216965,39.13872685717055,948.4734208035815,1024.0924765588593,969.5839601937073,999.2046326979957
33.7934498362055,36.13422397457358,41.661808677158575,41.22136267111484,970.703027714525,1015.1157087714994,1013.9644718364925,1009.4094983763457
91.73285984974933,36.24908037013347,97.28659386668855,42.67680173186149,995.2400396311818,976.4411740540058,2041.9392944481554,992.8989693347291
36.83952259479008,39.02995316694451,44.3467588291424,41.329509406190056,1024.7792701124226,989.3748243871214,960.3180636524195,981.7375113586926
40.62164302104583,40.23662577095689,41.94811194217673,40.461023882496136,1011.3782748365188,1003.5403401083448,982.6998163667974,994.6150760045746
39.41570834015866,39.534255223581695,35.562262112214576,42.04446881178997,1966.6850731221014,975.9735969543943,1012.7016230361216,994.2520481333981
37.466036271592856,36.61403331131808,40.451763372638844,42.21781580699556,1013.8809878240777,1029.9615219230975,1013.4302582774434,1004.324912438004
35.563698094471796,34.82159916362484,44.20247388870014,40.356466673249436,1010.9176376313497,1039.2816111665668,934.5665089957306,1964.6260618532326
35.678178508858764,34.4680665453811,41.69721917098007,39.8992039193806,1026.5360025203086,984.6586057862276,2000.9158794132284,992.6020329775315
36.600315980299314,38.66538440068696,40.710763482454496,40.764302161461046,1025.1025416778007,994.1011526142095,1000.5582212634365,987.5278853131499
37.3252568628608,40.2193192613922,82.19695327401828,40.03173682815337,1037.6669242887986,960.3665718774521,2018.780685302039,967.8508608537893
40.2904979958457,35.12147361805995,41.420328724238615,84.07673310108628,1037.448904643291,938.7493742341176,978.8496077985981,973.456448075306
39.49257574384855,37.64896888244531,40.19321198534456,36.74095507793122,1989.5237555251583,987.6108101661323,1005.3455678759431,993.7497447634898
34.84802077408666,42.04621114117459,38.95236708926987,40.9563277910919,987.6911085805607,991.2271546723441,1001.162375253196,2010.755709640651
31.755845073034806,80.10370052841361,39.40695377114126,40.29608573266661,1005.8347632896682,1976.1622672514136,989.3254279657087,2008.0505654422057
33.771615270186295,38.64188854296218,41.36713673515863,93.34534763654923,1020.7179180253427,974.1613516017167,1019.5970410973035,982.1115250600926
36.63180344700764,37.32187822860635,38.631754921237146,42.382310002284704,1022.2031325189921,955.3005345464721,1015.7647561579543,986.4148246821492
39.24424798237614,37.05988384742354,36.24438196467631,42.661729299122115,1015.456407649648,967.1744474724062,1972.507311254517,1948.7552071225002
39.818356861736014,39.27974853814321,39.29837161298806,41.564297720349785,977.945820185088,1015.9372963486744,1028.2407905349937,1007.5927388251592
38.28128407360322,37.13605993692023,42.25971637117463,40.874783707888966,961.9172747125642,2015.0726097682061,1061.6435044134773,990.6177924229092
37.45863330824989,35.31851484480812,43.103587039728865,38.814192932871165,958.8009995148,1989.8874092736005,1017.7229153352564,995.4935592659767
85.80258141013837,32.26201761849786,41.583864507811754,40.746910150171544,964.1446517549018,942.7630903665913,977.7330731369826,996.5514997258633
41.13513097480998,31.511887565540942,38.12074001532881,44.28265825069315,1020.6372896658254,1023.1895472760164,1008.4319923975429,2022.6120459498911
38.513422246329085,35.5977367688251,37.47237037386357,44.313410204952895,1028.3020282318141,1035.3892874263322,1017.9202613164484,1006.4360996156024
36.875492058390265,35.5049954291043,41.123900425000194,40.50980765022429,2012.5245269169889,2083.904675619401,1005.6942493761833,1990.4846257178042
37.48546369952146,35.93982583635437,39.59257490770585,39.303516479909135,1006.1021946439487,947.0230162348623,2002.3484459805936,985.0121125076239
36.9347312938628,36.982279166852194,38.76043832434894,41.07862615868369,1019.9521738698677,1006.6756858511123,1987.5607503540868,994.2936101363955
36.73162476774786,38.369927597268116,38.98719273613095,41.23832199702523,1027.2464454066226,1022.8358931680712,986.215464239677,995.1454313345332
37.2206781269588,40.76598229328159,41.64788944140932,40.380263354512394,1009.3970343407177,1977.2156694438643,1004.6796500530545,990.5072510976859
36.412020671076036,37.97301076883082,44.99127893528735,38.526488510839556,997.9476857180314,1007.9648286540785,992.7635635737577,987.7017200457985
35.321324492024935,98.43927422511004,42.1676590434862,92.42919144424137,987.5903579753344,2035.6374355584012,978.5526604136894,2024.1070320705458
38.8060203833778,38.132863929638454,38.000923062566415,38.706153141499016,965.3876634966723,1998.2834149073956,985.3400185873415,1009.2769550843453
40.940396884608,36.02561811590512,38.28888535844483,40.73827203484859,1011.6991230340667,2002.499672061685,1000.89315246926,1000.0689427615252
39.89750468530272,36.855968111676326,41.65282685959072,42.02816845892261,1048.5213334305959,1007.4700413391772,2045.3468572324866,2000.2132011827791
37.37532172080677,37.78841658375487,39.910377264119504,41.42983929817741,991.2995172562202,984.8235921398852,2003.0462047695019,1002.000169617688
37.28788080766221,34.939789219784124,38.755288797754446,41.6954367777778,1000.0367701106113,997.345778265327,981.4396475315615,1008.1006932369423
39.38833193131699,37.16844531306191,33.95644461835248,40.39583575336381,1019.9668095472912,1001.3494276734216,1966.364698562971,1010.4157598934768
39.59463509416922,96.53689324003253,34.73387672052249,38.198037625615534,995.1216783794116,1002.7807234383777,1020.4606115837224,1009.3264558829065
39.53275791279965,87.79248820510486,40.46245416021341,38.93799629253755,996.6587351771611,2015.7729322995185,1041.7939744728164,1012.0172635625966
39.23635853515016,35.563236298799325,38.898567576514395,42.331172839264774,962.6228173212501,977.6348516552573,1025.4816477812055,1003.5156800325562
38.84713991457208,37.56545338413676,39.02350551379653,42.3540810503207,946.7633881934966,1022.2012937785553,1005.5193638327215,1002.6278307903576
38.901434113534556,36.13269642785011,40.98094903758239,40.631480532698596,1981.8114226687796,1052.8262855530716,1010.6639363821912,1001.5513063219672
38.37773375550057,40.50905924115737,42.99888373667009,36.089028627167835,979.3159450105541,1029.3413758207287,982.3441858431167,991.2095117466403
38.43430001876338,38.78997494614726,41.77198925079729,36.93491114141891,982.588275778583,991.9185563416095,965.8595434530744,1011.5230558376302
37.60119838588124,93.37002525535803,40.4175008274497,39.26521985170241,1993.7972301112036,1002.3208467754932,998.7149822681749,1021.4747361081809
35.377700395507254,40.11095284420777,41.566240521028455,37.27442725411737,1027.399372498818,1040.7304999208218,992.0377952195599,1011.2096734149993
35.80286909935984,39.034673273011414,40.75755672292677,37.31719598361939,999.713982889911,1021.4045763447489,2022.7596898762436,996.02107839243
40.62851190877885,35.934402485864084,42.92508766247539,91.04188032482081,979.6004194630834,1013.8319613064984,972.1076099882147,993.9678788926698
40.851918035682615,36.950877013293386,44.5342309488253,39.52596441064597,982.5291747567574,1037.049814414719,996.5631966715731,997.9729534551891
35.73479058016058,37.773260887862904,41.50197863841248,38.29364026774242,990.211692852838,1028.2803560692123,1007.5236839294238,1008.0040028490498
35.72548393153603,41.20449658582811,40.485390017000256,37.58041709299119,2003.355765659569,1038.5635964402381,2042.525209497358,1015.8018503064026
37.189051225085066,38.72165350158937,41.08731538113116,37.142527842371024,985.6201712041288,1033.4747903213154,1017.9097238034321,996.0250715862808
38.16939107856743,34.08789871849109,42.228178660505236,38.35737031238132,988.1693681908444,977.285427258751,993.9980609332131,1981.3426413912687
37.51241370991515,39.315475317255036,42.02581144695831,42.69300737996501,999.8003811239237,989.0138086237679,986.2375726204473,995.7595115067991
37.05098751966803,43.150719510764986,40.96299709706642,42.33317311654331,971.450714345599,1048.9108870580876,1027.0825705462707,996.9140872992739
39.102755198938326,35.83061052033308,40.59744039082156,36.99012372755962,975.8563003128926,1005.9550601085954,1008.6240015731851,1000.7926228852907
40.18362494475567,35.524484053974476,41.29250350820446,35.11750788923936,988.3838679772243,968.3798019674266,1003.1821996871768,980.0663967444632
40.508471801715416,37.903744953395545,40.73916337121304,39.761758570682815,988.2431228062803,1005.1990658026373,2019.2561102529119,997.5382844787276
38.775869140514416,35.90585858592242,42.071669243803704,41.22226915359147,2026.1193412278171,1039.5508328239048,1006.7643324537578,1015.5795410003007
39.85904305704887,36.72945811234426,41.66109681098396,40.98575487400718,2005.3739357275983,1018.3649354424434,977.2765049369845,1005.2858535126253
39.43887572670317,36.530085465797384,40.59368407383572,44.48638210792499,1017.0197084332017,2022.5689288577205,982.7197424974859,1014.7711175203108
35.55958037765939,36.00262168561419,43.57816508837924,42.277546911868505,1025.6702040998466,1012.6259594713094,960.9871052551591,1018.7873309624347
34.30253840952068,33.87060659763375,42.992700467000084,41.32394182409748,1021.0984936407344,954.1979879905346,950.12823540974,1008.512262477225
34.08417085308589,32.892992031359725,39.9071552163264,42.73032649577635,999.6065163389856,972.6560663853805,997.9776379748366,1950.879860843845
36.88515302054154,32.68350875484094,38.88350023565775,39.91799142745549,2011.1173011280102,1020.5502967644225,1017.2974480949746,1006.8509624528233
37.590313749659344,35.42988083326607,42.41284331450353,38.30559528490403,959.174499736665,1004.6591433829615,993.2121481614299,1021.9655122571332
35.27560382770705,37.18601953054605,42.663657283858015,38.09147452407083,985.9226489970101,979.6393830588079,1000.1429330746212,999.4358381897459
35.96727161253024,35.67780919818176,92.71917086918823,35.50071783878583,1006.6228609124146,1011.6367897917031,1016.2626101842932,2007.3861600189643
38.57411778724277,35.56026976404473,40.40994320444194,36.50769633532826,1055.6463421001943,1013.1802704372539,982.3307231314028,1010.2925488508847
39.485720353103574,37.741919610320736,38.911675040491964,41.42959106750959,1055.2859746136266,1013.9194805351284,940.9026840736633,1024.6240740558271
39.1695516927478,37.72044707437283,41.14541200328303,40.72102494387869,1024.3756154164575,1000.432399400509,973.3367905771171,1028.6072653947335
39.17383703097896,36.36553426793844,42.70756402582852,39.27382042545675,2064.4483745921784,994.4639235632458,1017.8737176140387,999.7135242077102
38.9370185431615,39.183928615489236,40.92754640001997,38.21631034668228,998.1003814212423,1021.4847394857924,983.4066885310864,996.2678323239772
33.56165709280038,38.97407152443532,42.38054548148864,37.66112071146402,970.0430146294323,2043.5631784288603,965.7583799903878,1018.53848216709
31.682098696896944,91.48515381817366,41.18347147847639,37.2741667010519,977.6857131444751,975.0126678659601,969.448530940471,1006.688485167913
36.77764120303838,82.60701117776185,38.97808100854776,34.50180562296717,991.416754906305,966.1883203560922,981.9282687800494,987.3314461066208
37.068405832649916,35.83979513053956,41.34525402842243,35.26757565166406,2016.5006760478109,1012.7790057609592,997.0110895882631,1002.8345177059509
36.786763224025094,36.99047142419762,43.654844508097895,38.84105256154044,1018.7410432141113,1012.2273378020327,971.2859527667315,1004.974850157455
37.351338683094966,35.245459557541196,40.27835606491104,40.87084877222544,1012.746488581899,977.953635813563,975.8913244768976,992.5436606278494
97.08298029032466,37.99791493467836,40.56138040956391,42.639529221435424,1004.8210477039327,1004.4697882758685,992.3161661576614,992.3795861741135
38.605709315954314,36.34173278182534,40.787697155544706,42.377717139548224,1012.5866967856141,1023.7268880624086,1011.8114259586856,996.9581210566818
37.196047032892494,36.65039060084668,39.11774047397115,40.48023679899178,1000.6757124026248,987.587126758387,1016.663205895014,1006.4250743654857
35.75008698196818,44.640081044801505,39.164625203303515,86.07130351200354,1011.7854627595057,989.0074647644157,968.1685619019753,1991.0977746141498
32.16285035129269,43.371878311712976,38.018877347473044,38.46028086879376,1967.8494677894835,1928.091046696485,972.3571565824636,1004.0274837550888
33.823564760907054,43.333019840527,39.2523315596727,37.2292887261477,1001.9413201368129,995.6835758556749,1009.8171746912315,995.3696326212932
87.61144254690832,44.721837138965974,39.956810018088,37.26535241094106,1014.542570489149,1027.7497588584406,979.081203379643,2042.7131540924047
40.19011764238776,38.32203174349756,42.75153319846882,37.5698331764981,1003.7655800574357,1070.5196684540215,961.6719609055436,1001.2720365438221
41.1401700505864,37.19831938084799,46.62559426242143,43.255251742891346,1009.3987229981776,1040.7995755403135,977.4407222113238,989.1551223997201
38.666668912216196,34.11988487716082,43.29120312658307,88.31331235896872,992.6398235058017,1012.7136421356353,992.3581134194661,1981.9511347384
36.94969091971867,35.01421124174961,35.84470730683811,38.38504144756412,1000.8365712405118,1001.9807636584743,981.4219676154671,2034.9777115309178
36.72188473642302,36.181607979470414,36.930556081780225,41.03004612970254,1023.8594145874777,1006.4632105246465,970.9872809307267,1031.6571738906825
35.03582727587329,37.677718258469866,41.15621515846467,39.49911547175435,1037.8004404551127,1057.6013985731256,1019.8586519825747,1031.707179168894
36.980792567636655,40.57246761165844,43.408178827043976,38.22397144565317,1021.9899403814437,1053.7488318782305,1026.3403683270758,998.4254942440393
38.418395646051465,38.14706139723986,43.694172501475684,37.72902074336069,1009.071942221162,1973.4434204146585,1014.2118391106604,980.3728719561304
36.50685080398467,37.59602024190908,44.69138530987058,39.08587750642123,1017.529225027558,990.9585891159163,995.1482593673576,991.2956791980057
35.39984361801274,37.63690665397702,42.69739323169205,87.89314572508276,1007.42452376912,982.1648613365196,978.9985615703085,998.9002237532953
37.29637476360632,35.688975697391314,37.588837265743635,38.75973663226742,1026.733246941697,968.3123699073598,995.8681619680016,1006.2513264600213
38.68846671169659,34.874582388247035,39.25504670027479,40.4750563745708,1034.3998892284806,980.389523342548,996.71769041176,1013.2179762334314
37.35984638642228,37.11960997567847,40.83587533920051,38.92071804310471,1005.4070380168197,1009.4260682762485,988.403783385093,1007.7840460348993
37.0745694440002,36.59744898620802,37.72114085647567,35.806130614828156,948.1169680476485,1029.891640874327,988.5177137677695,998.483707464598
37.31146230265894,36.8787285722584,39.259314860322235,38.95713334345739,2020.9144981016073,2006.1865343687498,1009.9007236561414,1001.9113863932798
36.667040947040675,42.23608565045977,40.64086448675951,40.67249566691517,985.5109511659566,2030.2722235301333,1028.1295078135815,1006.3602903755464
36.26288103596737,40.878708792291114,39.49075655230338,37.84871555412474,986.1355266690966,997.1419307557446,2029.7946423656379,1946.9426183418163
37.08905102233092,35.303628238652905,42.306544652886814,94.03748962680454,989.0923463697941,1033.3991255519713,984.0447494574719,988.4407075891029
37.73848442138246,37.39288294080931,44.96356065884429,37.80114775717719,1004.6709884676607,1020.6002215161119,993.7251702528948,1008.671272799008
37.08768633386455,86.59287765296807,46.44463207382727,36.916173013165306,2062.709616243633,1011.2971583388962,1004.2799682051834,1021.0128055026258
34.83321762596984,38.42009355940702,44.07077445683399,83.45976959034226,1022.0724072717628,1974.1931353572345,995.5243601412444,1019.7859058018863
34.7936535038298,37.14987633438173,40.46880590531294,39.194091292317594,1011.365151488336,1046.277799651795,1006.108122790976,1008.2834566893885
38.769175893136435,37.861269163923225,39.71218985144114,37.48857543444195,1983.8080186500872,1007.432864687168,1006.2070799345861,990.4946862595489
39.8913577491345,36.915623983672354,38.941411569618786,86.23301744360353,986.7046192679555,982.6134115564475,972.283430255922,999.6491565869851
35.751409579729206,34.56050462800663,39.52618227216449,42.76623070690492,970.7266096911023,1028.1479008407307,1965.1641033750925,998.2089327967367
34.303929193337126,38.43397367707439,40.732207179945306,44.96723445203362,2015.4450789303205,1029.4050399241792,1042.2780415521852,989.6544209511976
39.862998264653044,39.99788902203464,38.44535867901334,39.85370432019413,989.2153649762893,998.9983314687479,1969.5136758185167,1000.5533728083127
38.99046463758212,38.4374867563034,39.91034342925482,37.27129765876192,1013.8125441127947,1004.9720474089125,1009.6913146435112,1000.0917409218946
37.93906037522601,39.79390983957651,42.81600687950709,39.320407339075444,1002.0258892076779,997.1289093740893,1007.136537824224,993.479028563377
43.14519741437705,38.655864131598676,40.39463594318221,39.560725280330544,985.9011491533886,972.5077436681993,974.1660249798495,998.0373411932119
40.039561835849675,34.35061133294094,37.6333475466121,41.4892066511445,982.301260754653,976.6334372101946,1013.9496426777534,987.5180751566534
36.46046531460384,34.02590575857225,38.04568394187008,41.2094918935332,974.1250720624644,970.1543274877441,1020.9254678283663,976.6626607666265
36.50972888518611,40.23883623023255,38.633190289203675,39.95558056823508,988.2982893357566,986.5832361947096,979.6162997273846,992.6139506211344
35.15793375427539,40.911766692553826,36.992504595432074,39.20277102656974,997.1078795443195,1030.5058815103687,2011.746571168317,2019.9917257246125
33.992449283308495,37.28174238496661,38.32103106441675,41.631223629295654,991.2983514700472,1001.3979744084214,1016.9563288150141,1013.445302325167
37.18489097476494,36.97104340219376,42.74262296710843,45.80382441806519,1010.5767961623428,2006.4933814430774,997.7010815096017,1014.5244096845372
36.03031526198528,36.27623480542353,42.964936013403715,45.91834479146984,993.2471406296402,1014.4518140252104,1982.5008959209974,1017.7012085032729
32.79481231058398,34.945628220125556,42.342220332831765,43.38512736968799,996.3239461020637,1056.2253355021746,1017.1845715995576,1016.6623855453067
34.85811726050902,33.09151315554045,41.46499581795405,39.60534957749856,1009.5940848998835,2057.2143336819313,999.3045291106091,1001.9683530823147
38.081924345562356,36.521086990464376,41.60525708776502,39.42915603810406,971.2902886935386,1985.4622885948004,1007.2820077970734,975.4658859078845
40.04230732985596,38.68842255884624,42.28583825124619,40.74175665522971,944.0606670610564,985.8378522322057,1021.967348168901,989.5613040186922
38.30297033758254,31.829104655146544,39.64931189974945,85.14795358992802,2053.8488498926927,976.4155168596319,987.2459643566558,1001.1577350380895
37.34606019998522,33.35893998667531,36.69847361011951,41.33462412603116,1005.0126037053886,983.3512635053672,946.5955713406079,2007.1729325420965
37.119235309172296,35.32065028210896,83.45727641268971,40.60525759208507,1014.6107734839916,991.4527433874965,953.130633465229,1002.061085683599
38.20336081690587,34.45964449563877,40.59730010015646,40.13106039576042,1007.2121380020051,960.7060027615732,985.3353552294238,996.1218703214943
39.081466866236596,35.93867355847553,38.24489837131634,39.85087898679399,980.258455608895,1972.4286275189565,988.7465168005031,999.7201016938793
39.48516272356578,38.90867279956758,38.30574074919278,38.57685912372749,988.9385221282743,961.159368848388,973.2519797988773,1011.2497104386466
39.88878835214802,41.041759255149444,40.064496808516836,37.26135003384191,2029.3538746746706,996.1881802912917,994.1866636801374,2033.1861993486814
39.42665982470456,39.2538559909125,39.87341047650216,37.467434697104984,997.7981218683817,984.2459501293025,1003.6296068189554,987.4408541329238
39.16749635261674,36.71293322482572,38.884070697941226,39.83020418876626,1016.7008502307149,2022.3027044834155,979.8460731336781,1007.6510988375835
36.575796307746586,34.934489775020936,39.567633332750404,41.78989698566618,1929.9226449277794,987.2832952158633,2008.1822741030787,1003.8535345165408
34.85628959706837,88.0610306255427,42.798337004597926,40.88923180424043,1037.4432549069188,2003.372648229589,1999.5451863815224,1006.9244336872646
34.51382340637801,35.20391723476919,42.2598588918582,39.90542579889971,1026.369038112175,981.4618298715238,984.2591159008555,1001.4226039618821
35.591456719217575,37.90805475907342,44.57104766230572,41.66722092127647,984.9607947609993,1033.4033525631091,1997.8626060640152,993.3617547880185
37.5528329362196,37.74428937263124,43.36434251611901,43.05738669346762,943.2094184618979,1033.749769110302,1991.125569718645,1982.177019399878
87.70997455743223,37.45630686456293,38.789150160710165,42.83118157668929,970.8144399100747,986.1521159780619,1003.9739193459739,997.4096795937407
37.463999048145254,38.84797788875939,36.393014298386944,39.25589642943625,1019.586435407831,961.1549023128057,1027.4736617647463,1018.3420565276526
34.92916103756818,35.49044613244192,86.00362949246617,36.90378247794733,1043.1674392190316,972.2136094070913,1000.0936624363683,1013.3660308749337
35.669885367731844,31.176368483260234,43.25706253417606,38.51359007838015,1017.4257844945316,1013.246335081552,2003.4989339667763,998.637800756848
36.21387967209277,32.890346311514655,40.059172585010494,39.52887096372832,966.9663771894493,2016.080565232283,999.3169730065288,997.878386651136
36.602438675488585,35.485221722898046,98.04873334787192,39.43073118731034,994.2708375929296,1068.2155095177434,1002.4634989786204,983.3112198549268
36.4002295170362,38.821816263421034,94.73797143844253,37.79950145131278,1037.3951177672793,1014.3490439807459,976.9553473794927,977.9929776939134
36.756995942040646,42.05267016539011,78.747156925723,40.25267047462819,1025.0619396455522,1012.5204358409958,964.0789338347649,995.1602095834908
40.51523447910155,40.14574714554624,40.43287001079764,45.144833169931744,1016.883014735645,993.8768586949839,986.5315377709525,1014.8331992245903
40.40578454576813,38.45215716694324,39.09262943554366,44.20258497950876,1009.5588104156793,993.3552278714201,1002.9609470232912,1014.5933017798865
37.699982148761336,40.66149313855597,39.26140755036086,40.88094055153336,1009.2329189591719,982.6433329850449,1005.3997275556309,988.479977567491
38.167072912855915,40.38286787559848,39.87739950742474,37.098540267820894,1008.5047109263385,1994.9005601211054,996.7101123670259,988.0334292944558
36.619214716600865,38.16339064175044,42.56604746484533,38.40489446485688,978.4177817249678,1093.027202848753,1006.2126946903447,1002.9665912478583
35.90056388523033,41.1659164306233,40.36808042532667,38.36269944225978,964.484975052143,1019.7401433229613,1017.025299591136,1004.0370620543491
37.17783677876857,40.94824347052695,39.94061416636361,37.73896389855203,986.0648306540994,1039.5255199049016,998.8590886657917,1005.1142005616397
37.95090504759408,35.20875033140078,40.29747082671439,38.17096338272489,1008.4638939075106,1048.395170091835,971.589342930625,989.4775091016929
38.235200795176624,35.12646541236674,39.391366194578005,35.48944687962876,977.2328532137699,1024.5900188928995,1006.9917613226157,1010.0529341993347
38.55131668233325,37.837821089526415,41.05428275359914,37.891422384427685,964.9659661380848,1043.6211858321717,1983.6391723162596,1005.6745567810528
37.91364165771981,38.708017437767055,42.75820093375692,39.63389144870608,1037.7912161641248,1991.1401830189757,1000.458714279619,978.7750731956685
36.52628000055161,35.748503846215904,43.208880871222185,39.55735909362399,1030.8543300784577,963.2699768109248,2014.6420765340997,1001.425088371802
36.76421962412101,33.48208689947076,40.9696013506457,37.68113893213045,995.2831972090411,967.3468613845077,978.5355913939613,1013.0783480041692
37.39050795669111,38.11466553259058,41.86657418010933,37.557571815428474,992.1140029012572,1028.655072806566,1001.2342635329102,1010.4698871895283
37.79112480785347,44.10539391003961,45.21800898952553,39.53204903808929,988.8959451182516,1018.774263255068,996.9551110737375,1011.924057365477
37.92086670623597,42.155106992132986,41.37360828907083,41.30715127521902,961.7493498190903,988.100721166432,974.1983410353687,1019.4420458333487
39.18040803075674,35.30901862720658,40.81548370924834,40.857028677020196,931.9645008461655,966.0891711921706,983.4408729258516,1013.2996862022567
39.50352960325438,35.25736428467769,40.504855040850096,37.776839828754404,986.0972114531359,973.3588161252868,1021.8501667899109,1018.7415675300522
38.83994097893477,33.27232373577326,39.81155648172249,37.328510825626495,1002.9555016881153,1005.4889329647128,1020.7382462486377,1007.8020597810073
39.9943523701824,35.682340113010156,41.5463185627445,38.74344049603103,2035.5461086004714,1998.2762667965762,1011.0304612406792,981.4074165621407
38.27421970124314,39.74057170314768,39.047493920590966,41.059788279800955,1001.2975927989448,983.0585223795277,994.1956465148176,971.042611157178
39.192076783851704,36.013308210672825,41.15708332046875,41.028003498213124,1991.5464169320505,966.7012126396952,989.2546706043115,991.8674311971517
39.45755418162339,33.490127301532354,44.55055602483002,41.39062321734128,1015.460063048675,1023.5538411840287,1975.3564532557978,1000.4131741387641
36.62269948091584,31.791566991876742,43.89302328201627,40.11333137178214,1007.6095897023514,1028.6967056017102,1028.7534421419575,989.7940539992298
37.731110780740615,90.25809132188712,39.71614854070748,36.992571276816435,1006.0148321604286,1001.5325118153567,972.2743643944153,1006.9599660627462
37.837522016300106,38.50565146872278,39.79332247114537,38.24211409272938,2014.4804864063526,987.0993730481696,1966.1853081348409,998.1356171395398
35.32670431829695,37.76910805738936,41.37343112407313,39.073519112762725,1987.5861095875025,1028.7920188355004,982.4127792685537,2024.3730516252078
36.93094626066826,35.62477719395311,39.60428942124241,39.03318246891399,1023.6732139135722,1016.1073069576861,1009.623476204727,1013.6790457000591
38.860291822449064,34.13855020177975,37.89515528910326,38.824118751082594,998.7316600349659,955.4733777280433,2008.788815613549,1007.9410184500016
35.84897869142698,34.969682960494204,40.66717135896833,90.9123747343389,988.3035314384351,986.8253255885313,989.4334024661058,1961.5805510530402
38.03164535185207,34.26987977074606,43.44756411860634,40.22917774816733,2025.0142039122356,1036.4787344686142,975.6265105890229,1991.3499120698677
37.613513305510224,33.82036112313304,45.09715487658549,38.260883765751615,1953.108442944516,1051.9823907679088,981.4739350483524,966.3990606760048
36.40628154628783,36.660597466752066,45.87798770129342,35.48197308747048,1015.3376353764694,1021.2776460022176,994.4422384686968,970.8203910398151
40.11356922138397,40.5915436469527,38.20530437522143,33.60845251736066,1001.5543372590706,973.7903884144307,1036.5638108513883,1004.628637326328
38.4994602411892,43.20963563014794,36.786777880985554,34.97886422304005,978.7434698009383,969.4465309399287,1981.1603787752963,1014.515908910929
38.340092002796325,42.66799624912109,40.22454871396736,36.219790868091025,1002.1485890917713,948.9958994904832,990.284716580859,1011.9237874447815
39.49917461901881,41.04832352256235,41.67697375098984,39.9281528035493,1017.5623175898519,939.3828201153832,1008.8794850417164,1002.8299165168954
36.54245101301717,37.79484164325088,44.30257375934552,41.231734567332836,983.2456747515691,1991.5551793672814,1039.0630925058645,986.718076169936
34.713676857259,34.17118997207676,96.15271635276208,39.08457097581589,971.6583516033409,973.433219097659,1015.3419258761452,994.092850268652
34.58193053004844,31.935533430069615,44.1911495530296,40.4007556395503,990.0537224831144,951.9360164287714,1965.3116829469805,998.6246201889658
34.67467228310275,34.672986438577354,42.17460374467019,42.22496815755542,997.5827319391244,968.7308219421573,967.919801318904,1017.1502361557411
36.71938585011701,39.52523771785491,41.590326990078324,41.8999519616074,998.4046117657815,1066.9344801884295,982.2254702073736,1031.3425726547391
39.29221404601485,38.107465591603855,38.07268664823656,41.11352946035616,1016.2284388445053,1027.8320742764968,1014.873158220728,1022.2694512011694
38.00468764014697,36.40663101489412,37.57213874129919,44.02910874520061,1013.7373928005259,974.7736094419247,999.0262638486263,1030.8844090359444
36.75202033906915,38.352128844957214,43.41457954165833,44.47754687187275,993.2008221124988,987.4492039765184,981.3427836630999,1002.468335277006
38.003961481855356,40.293463779295706,44.26502230165465,40.56951894997225,2021.6098913561566,1024.339658493022,992.1087590846834,971.0120956400597
39.01616555417968,37.060011079293105,40.636111561987065,41.02492290745724,975.0930189200303,1011.6174552686318,1010.9785357915221,982.0913102303974
36.54464639009217,33.778429457529356,38.95735112122911,41.43482381020303,992.1337612009281,970.4408443321686,1006.8349161420306,986.0802228603675
35.713873264185935,95.61688736283965,38.50747021032873,39.03919981109782,1020.582381066277,1001.3965766895739,1016.5312525980521,1004.9981948310292
38.325863585571156,39.97694656246205,39.70985541540843,38.150257563074156,997.3352879054313,1006.4195147090128,1028.508956295536,2055.197476353886
38.455922118283766,35.784961961160484,42.16598783178254,41.102278871026584,985.6471427378402,993.3834149994607,1980.0978109192356,1009.4577252783826
37.93430177419398,32.911271914223015,40.356202166496416,39.85229295195893,991.1535647867761,2008.648053962258,1968.6863192547696,995.9845699879743
40.77605295275565,34.8110818196068,37.63767107929739,37.73488744354036,982.6914786825439,1074.4880907675224,997.1960520986961,994.4729417076047
40.00716737454041,38.27615325120548,39.25129589117992,39.291038137300504,986.7034930760394,1018.9771693236605,1008.9126275124536,2008.6082112295537
35.869704643808475,38.27779977249944,41.715021016747485,39.654783576540886,987.8453669990474,1005.4006118963873,1005.3801704954685,1015.4718431541108
37.14742606893391,40.827510131562406,42.11116516991243,39.82841459638114,994.2205070667342,1037.0642530258951,995.6021640550847,1004.2286108871178
40.330291630968986,40.97102471010001,89.93151176151129,39.22607313058455,1007.5378458039443,1039.492583493047,1997.3617763919563,1000.4616758735883
36.73062197843858,36.95558079884172,37.51361303634981,37.30838783403297,1008.1977734726815,1042.411769795524,1004.0178623877616,1005.8264643596112
37.26512379670697,37.645863838842786,37.55520084678216,38.92381965881174,1027.9881799178115,1031.120619012062,989.5655486639344,1010.9212458699274
42.06120742961694,39.116876257320705,38.68108401534436,40.11491756013949,1028.784616240154,996.2107998285002,1000.4915189602234,1013.9047533711653
87.92210083119662,34.77403990356515,38.135039553866335,39.91182040465371,1027.9630634609791,954.401863441999,1013.374380515573,1001.2413460041035
35.161672888519206,32.61321817157895,41.11292629855744,39.19403439562578,1026.6785448745732,956.1167319925919,1004.0759788943975,998.7925660998806
42.30652478682259,33.618745847078756,41.94169959458681,37.44732485804454,1034.3066124852332,973.516311483315,1013.9718094935547,1000.2115720996003
44.08184518796365,37.32546294044798,38.645089274706635,38.05098438862153,1019.4315645735298,1979.617735288913,996.6043421554409,1004.8833506623475
30.311504759605903,40.948159129163685,36.0219841153111,41.840657529889086,976.23688526622,992.3145142940875,973.9407993456392,1007.8577418357766
29.4335683261633,37.754351408337605,41.41162178839869,43.46178839581685,1975.7501764688182,1001.7531932402907,988.4594070319363,992.7123415251867
38.89548327012447,36.22643790708146,42.9036810147584,41.559636617109575,976.4279052441681,1010.3935452911851,1017.7383075896871,980.8705634122664
41.02565117651737,43.29614538915634,89.90311300226148,39.549642309123904,985.1366852240299,1011.4455483152105,1023.4805592557806,1994.8901710364973
82.45027934246589,43.623724422171335,42.147174690072035,35.35006217671643,1003.1183608472177,959.7403335963195,985.4920815631742,1021.9166619639329
39.13163746879888,40.84685253524681,43.610553094244,38.53584440010217,983.6320162858854,1932.311713516016,2012.472447142517,2010.987375380565
36.987618351810575,37.90240384584813,44.854080739829925,43.89362413936288,990.730996983488,1001.6867758369326,969.1605519740027,1013.5286205961372
36.41185188027302,35.11599342329963,44.8429313202185,46.353628505047595,997.1653419664603,948.8038801745679,985.608430161953,990.0659437706655
37.15785058619049,35.73306766803141,42.89901402284073,41.14184113346208,989.3492254413491,2036.0824116949718,981.9669707688505,984.462529730622
36.05584383345324,35.30422556738574,41.376105998722274,38.90784854113262,1019.8102607129174,956.7780914581699,977.7999507654699,998.6276816709174
35.708566751421344,35.74175127837864,39.55323485943803,43.05441732888005,1008.9599934988336,993.2206430718009,980.5854471628425,992.7540945620444
37.387562350377515,36.9764429737841,38.635923057638834,38.06382637138565,2015.3812221053815,1029.0980221345944,971.2568564335376,983.9188013395453
35.27174227336364,39.24740369924136,39.27850838993304,38.47867411636227,2005.8725407344168,984.1759740647647,966.0777636163311,1000.8592864383667
36.04095667507343,39.37886620500785,41.06164732502312,40.24988402342697,1016.3180788156428,976.14196530745,984.0266822637956,2004.0681776737104
37.104592878145894,35.59363676229249,41.4715111504087,38.242193849081545,1000.7669434388793,988.6244813957128,1999.487940321636,1001.0177757900997
37.97650767344827,34.22680020680581,42.922350252675656,37.53489297407986,985.1711799486825,1009.128132688315,990.6205972243683,1001.4565398331501
38.065330759972625,39.865921109744214,43.84605434930718,38.644726524916535,994.4896657791742,2000.9431185978679,1004.2724703609799,996.8388524880608
36.71594704082949,39.781768086106155,42.21147392281089,38.64427265887426,999.6146886131992,971.5425455227185,1014.0256217237117,992.6219623088518
37.37762528228254,33.25623097344657,40.01856919330987,38.13355920683599,1005.1130165517968,946.5863055346331,2053.3901200196287,2007.6064710431294
38.307512010053,35.52295569346109,38.575379382244435,38.39795502635961,1037.444478928702,951.9160327989948,996.8895507003351,1025.3630638662046
37.90191472732967,40.03441064115097,42.025801152451486,36.56696809713873,1033.3213376988806,989.9910701565021,1010.7486731551479,1990.5916818522437
35.65624380874803,37.81679057213675,43.435637058525174,36.76033101612357,1011.3945720864975,1000.6464658378248,1011.0923362774562,1008.1673939203563
34.224657892911964,34.658735115668364,42.50844872074859,38.743916692509565,1011.5179730090672,1981.3021656367312,975.6668135402756,989.9823649806526
30.400286022375084,33.929893536503215,40.371960779977755,39.85037972970602,1010.5666439519326,991.4095810930329,989.6648411944141,990.6155643992479
32.490556504093895,33.39894788717919,38.03937590275696,38.94223074565628,998.924874388515,999.1523224450045,982.9484496256628,1970.6252862139413
38.906808256982714,35.98592511614298,37.46653361675165,41.07515613471979,980.9313053375392,1006.4935648423227,954.1489314114358,982.7893032210509
38.78753217945223,38.711184435927976,41.23422401848627,43.26810169561731,974.8006914816251,998.3248237985097,977.8866420086757,1955.4977550889694
39.562120472226425,34.871021875130765,44.08277506651217,40.03608266548221,975.71788402672,999.4545020235121,981.8973867431919,1025.9193991176385
38.360202130374184,33.01195652077732,41.77042882327522,39.581469610948844,1005.3601956818076,1042.0886429655925,1022.1863017308763,1025.3822691496637
35.602605442259204,34.47998993038036,42.725316987120436,39.05167622583208,1016.4924083715911,1055.0340575171895,1959.8645640555321,2022.7860296157019
35.887914278350465,36.91694593793336,41.73918235859467,39.64760785749404,976.5522381057301,1041.9185966706686,982.1651835449111,1009.3910745457392
41.16472552797889,38.70542056383335,39.326043568115395,42.20138520826432,978.2122576044981,1008.646476039334,947.3252330719641,1013.0899340169888
42.11438072982313,36.67977038560191,38.17259853911267,41.043969225194125,2025.278293299721,1002.7701519114221,988.3591619290448,997.9431629310104
90.88374503275936,35.69463400806351,39.58022459797205,39.516492409296426,1027.1901222496147,2018.8606069533218,1023.0698488789958,1022.0519555369715
31.654377918762208,37.76313474451216,36.078459821176395,38.98957863893372,1992.198563438993,989.505627425538,1002.7240184105524,1021.801251514032
35.604391519476835,39.74819720433761,34.12761547196802,37.68404894977828,990.8715888514332,1003.1703693464309,993.6816221597842,993.9639108693959
38.37004815911622,37.12715328047869,39.77219065097644,39.13725344544223,2011.4042322890527,1016.7492411593992,993.4676467108708,982.4789098560186
38.605159568138205,32.360922148283095,39.28503889932422,40.60670731335833,973.7791798221963,977.8651834324157,1004.5432460632163,987.7511969437089
36.417006180249714,32.15185283586773,37.71010783191351,40.06669776103482,982.494099086551,2022.646162458947,999.3594943106095,980.5315390336439
90.21130629755727,36.871809714185844,41.836495746172446,39.96734511284589,975.4268758243089,1004.7575466758957,1955.0035001320214,987.5857594896092
41.79773927347944,35.99644098362806,43.44307138059871,39.82085083117115,999.7031397602627,1020.9986729500282,1002.7148905740353,994.8942590475975
36.882527542085995,34.547411463069324,43.14734410405005,39.67161984741216,994.8739690984123,1024.173122057336,1045.0553582631767,988.1680753065896
33.49232945528739,37.61358028358897,41.10089031954327,39.41781217588644,965.235267790694,1004.8122581053385,1041.0308641091474,999.9782775967407
34.1243296839348,37.92100974426823,38.102992701712964,35.172811790135256,974.2406994071579,959.9482353724861,1003.6805574334318,2023.2351004386103
36.459763689013634,37.492934261538736,96.52973365354205,36.87128180263366,988.6327702068231,980.3291318716276,2005.820986313271,999.7325523643814
40.25235292851973,36.51538838634366,37.23697845182819,40.44211223045934,1993.8436682157196,987.3162358976726,1003.3445940131671,1007.1543692312634
39.17738406737773,36.691282899608424,38.76602279530285,40.14363504402425,1991.9343666012385,955.5624223257059,987.4122111410468,1981.055894716703
36.56023717727801,38.20280624145623,41.26774904622066,37.04224112947183,1016.4361771034759,944.2335831802586,967.84185069153,1030.7228242395404
36.83970410983153,42.48067298305462,42.273980399115764,34.285523967934054,1004.0240474647355,948.0639290750914,950.0749099495548,1005.2421786556681
38.69487579886335,40.46949043577675,39.21640991948488,40.1380105943779,2025.8329932740783,1000.835498584612,949.483603651464,983.8102268464253
38.73472064068561,33.98676804455409,35.65631895219137,39.206363439381846,1016.7419451883086,976.7863204779242,1009.9279066295578,992.8596506811903
39.84706338838713,35.30737059814936,37.50500553455555,38.00756928346435,1017.20045351717,947.4980550735202,1044.894844759102,991.0830277605551
42.14341497344452,39.82399255453586,41.657163919976114,41.089383671952746,1010.8806485681725,969.1049443626849,1034.9956550921906,1002.5449573159716
40.470498035513515,38.147366838623526,45.224315908494795,37.68809439222878,1013.5638538384553,966.791103985794,1015.0152019283297,1012.728844895161
39.6515280124014,37.39337779589799,44.343418636467234,91.68833329788885,1000.3903810953201,1008.9053534213374,965.203124149258,1985.4252816407638
37.76187385877005,39.09916970275899,43.07707221292944,41.423295808428165,2014.535143806651,1016.2292913688359,942.8423855168874,1002.0384032978864
34.74349173691284,38.80234623644917,92.89151159663518,40.80383651204673,944.5662414647751,983.4903032851538,1986.8550594993344,1975.3633708437853
39.85308266276144,40.3257567098247,38.80169730131168,41.55784275205156,958.3644762091677,975.2451620923823,1001.8311310964204,1024.662268066879
42.58847454962985,38.21757521633629,39.53179065566168,38.93355609106325,976.5184549453174,1013.7034178990816,2015.2155146980674,1033.4007800178588
38.90036644770326,37.3343337720857,39.85152100897609,37.460446001344806,979.0377019000689,1048.9183400059899,988.2502804231751,2015.9907380945435
35.283764114138265,38.213733533076436,42.39050421372448,40.499557175704176,1974.1556016091429,1051.0466654458673,998.496269805056,998.5558951062849
36.91866443059614,36.14197410627285,42.98815443344908,41.73218632599321,991.0852845489391,1026.9752902180292,2011.9023129868538,1006.2913395065427
40.61816513799372,35.689039242268535,40.35206246408492,39.49109085435509,992.1287304252369,977.5980301993159,1033.432282108498,984.3050644751142
38.566337110760394,36.476350745268384,35.462056225605224,40.83600902094871,984.4034460796838,2006.0945785407985,1028.339469939765,969.8434226374245
40.41201186344961,37.58036998409915,38.46167755958969,42.85173663766648,1002.9820021832072,1004.4753360019495,1014.7619312257597,979.3553861481503
41.248118477995355,40.14237696690006,42.1298170397766,39.629499971813246,1017.7387611110166,983.7395148135574,1017.1510694641606,1988.5630596298965
38.85962348285551,39.732818601427994,40.69021942600462,37.14112883320249,1000.518384146844,1001.8106304185005,980.1684593410009,999.4659979330902
39.45993895698443,36.11666501911651,42.16368679578543,39.78928998206675,2026.7504037981644,1015.9117162363299,978.9001481530511,981.574759383793
38.6649204143762,38.11103378585264,42.48015253721156,44.3335031315182,2056.1395827995098,963.1907328064009,1015.6286742492198,2019.5627123025763
36.735439375202006,38.73017818954434,44.36074090435294,43.61442933834252,1028.1765221910014,933.1731482232697,2020.0668195317812,1000.4003679492125
37.712014214040366,38.51477356897195,42.02239150340109,37.409413171017,1010.1690722864216,961.4354431965271,1004.6640854459984,1022.7561363273976
38.14754766574997,38.776671610562474,40.79113611293954,37.36622331806065,1004.1159880810288,2018.3045933735764,997.4058272602174,2008.2232070465755
36.8024307725534,35.193748027412475,43.73468457504076,42.14549605674836,1009.9768174198499,1931.9436403571992,994.2957336028161,1007.1335662656837
34.9297867059539,36.084189350681186,40.650558058507336,41.17886029228188,1005.3018762952065,1013.9106988096655,980.4019363666155,1004.2530223648967
33.869077745854405,40.772663716252396,39.024959286904505,40.22974205607257,988.8729807270284,1000.9672926993803,974.8822190310505,998.4296763467523
35.86669105264044,40.23663446457945,40.13994964766604,39.066184636070346,984.2658606876539,1016.3842214714393,994.6417186064482,1014.1294721335064
38.36487376497641,38.47651976947265,39.298215041381496,38.2303150697626,1007.6749840671948,1029.255927038416,992.3861754231809,1014.5725565251129
38.660890701195065,37.96861573310501,39.82370972831933,40.89957046517653,1001.5972135273428,1037.101456581558,991.0402754900952,995.3145743738584
37.21246816199082,36.45246718516113,41.40179465544375,40.01202326779247,986.5485683078944,1041.1864481897683,1013.5882847226109,1962.0699358860256
37.00106806980982,35.64349386327035,38.61949373407779,37.67436808306151,1001.6151575662186,1010.9153611472273,1028.7331443154599,979.2428016203277
38.70921044417019,36.733833041333035,38.556712248605805,39.03144003554513,1004.5374702918089,1005.172412892507,1029.5839617073743,987.3112589164497
92.5801310449022,36.666953716529434,41.388920486532896,37.81136763741901,1978.4927025028478,1009.4971203942462,1027.4248144949825,988.7938694899817
35.92490687230173,35.66767272720145,39.39776067654303,36.103962899915274,998.8235102222015,1968.0400371932553,996.7803412313765,2007.610596148588
35.959980005981016,35.627968078612426,37.672199772268485,38.09236359590877,1019.8653729040925,1018.7070650768028,968.3287778977203,985.3482371030962
37.27421115691132,33.94076860357265,38.88680927177336,39.564993194136,996.478853705768,1044.3796759924608,960.9764089383464,999.3235042948996
38.661909014530536,35.98057604966674,40.27608438852215,40.5246192325458,2030.3851401779127,994.2500464766781,994.9917344260169,998.7757780509506
34.90806722537309,39.69542323177015,40.11983229206079,38.701104263409874,1042.5591590653676,980.9487084668049,1032.4336225516795,1004.9997191906202
33.36115987504008,38.05121384481516,41.07997520534104,37.31180387405256,1021.2848904498362,998.8148728416517,1987.2771579881087,1002.1496006257223
35.823626144950104,36.258543809259876,40.42169850958746,41.24111739936805,1017.6754603617837,1972.650945713917,1023.3743396642453,1996.9089965375335
37.40809825875855,39.56437722942255,40.61753566203656,43.271485514554016,1016.1085879887371,999.6523507209117,1014.5081095656099,2013.383976013168
38.33865715151485,38.7985492389046,36.890802797634905,40.218928451494975,966.7722520146247,974.663769035958,988.3467253324905,2000.6085151533669
36.99972892179434,40.78344123229277,40.44119116713381,39.24396803189255,1006.3459322584777,1989.3249054460111,1013.4048024119131,1008.3328237268221
38.12631571404668,91.347130337051,46.019777295877795,39.47391958839601,1029.5273877350107,1023.0215244244037,981.351857112001,1007.2764817688426
36.73379197012499,39.927972877573914,41.19351888938288,41.26859094469451,999.7087408719253,999.9546158375613,971.351586952441,1020.9498729062228
35.49031392787409,90.7652055042935,39.567074838276056,44.52211752596216,990.0216058115502,1016.33466510417,994.380459803414,1020.4793435736347
38.27906981275769,34.341147981110545,40.186559297880194,41.97201874813503,1975.6401072028789,1038.0087319610848,982.7543350125043,1000.0045430855721
37.766386641308074,37.017612436684956,41.58054726913055,39.660592131433134,1033.2396654494462,999.229631387683,996.3544857396391,993.3016629271124
37.02584534335169,35.20897657160263,41.16832299816032,36.95320348922493,2020.4951083823175,2033.537462296158,1963.7794326177907,1005.6316656287136
36.298351285331876,36.640067343352584,39.33866400477474,37.122459546653324,990.1243168757974,1933.5893976605264,1976.4713137123629,1009.6653717769842
38.0525351255353,38.37606603977241,84.7037931805633,42.42472432668996,991.0872291304088,933.9404828905324,978.3196383031479,1009.4002119099482
37.10271049381257,37.85864001921322,39.74854112727319,41.652495358663494,980.2852116912841,954.5011721253694,959.427316824005,991.8961703066611
34.70508818490002,36.53475042155032,39.50121401874841,38.712349954766225,985.1192855247825,1002.0990939965593,973.6934089663893,969.5716248962074
35.042847869974416,37.6958731441307,41.375988455568,40.9525758815294,990.2046800469864,997.2338479936984,1005.8764285885272,1000.5828292460963
40.07502564759743,39.242299404765404,38.4936043631141,44.97086962468686,977.224184937947,995.3539664439687,997.6848971297503,1037.886185426078
39.98053581607249,37.7549202031747,37.47834549478523,41.276052168233626,1003.7119410248748,996.5503395360195,975.9174745363425,1928.543603300032
35.29546329344862,38.712103560393544,38.07175791920589,39.39208253890395,1029.5381728400234,955.5440516458611,975.0606128718543,2022.5005604860598
35.58509416570473,37.2100266513589,37.70457067245609,41.59839899919777,999.2951300163975,963.929731019671,946.6267545192873,1001.747570114578
35.49538965638574,35.22496681692667,39.24051520765923,37.87302213881431,999.3226351169249,947.2954732645852,966.203452500393,993.3573131058965
34.96317764138681,38.888856519211814,40.61938724933445,39.05775444680749,979.8724900158901,974.5950157886086,1035.3316632123615,987.586206979824
35.633309020854874,36.10481061367444,37.80683142221521,42.7837245309067,1008.8256183479632,2033.9582484435684,1004.7808894963096,980.4097334228677
39.594323149094095,33.908063688149326,39.03744608326456,41.17474355860254,1985.5857581376026,978.5054820066546,985.1511596092128,974.6382934965587
97.39540741491976,36.830601609356535,43.35905423016973,39.68783280718745,980.4572491261462,975.4264424193289,995.6006599377442,975.014539349967
32.99978200912193,39.42613626246146,44.0988480289899,38.39634263820567,1017.2042022902106,941.5259184620794,979.2001148515437,979.6122943302732
34.72920163081547,43.85570115066942,45.76817730153907,35.06813597781844,1028.1796183495744,987.8804707033984,982.2688188337339,986.6676726441058
35.93168222171458,40.34332870503722,42.551042216930895,31.076381516883036,1025.2450931578346,1002.3107779180909,975.2335872152742,996.9886073675902
37.38567588057255,37.0490987295152,39.965198855770765,34.8431518765411,979.534268458204,979.6414288754368,1000.1127980844017,989.2759223572084
34.56492572224641,39.772739964310134,38.92440956144014,39.45812517663471,951.8558342073461,1003.3019540550433,1020.7595091624871,2018.3180453343693
34.862955131026084,38.46640123264913,40.1376231311483,39.101435922810154,1008.6664883027729,2007.5498798858655,985.9300299592163,1005.9028118502823
36.937666105351646,33.491613099118446,43.013203960688756,39.286024467528534,1006.4180152465792,1022.4970031139085,976.3110458354897,2008.257736210654
38.19802573868476,33.54436906632337,40.882774824029624,41.779652358841645,974.6428694207618,985.5092960481996,1009.9973299664351,996.8539692465158
39.81790915350646,35.046344403201914,40.858728755206855,41.567933255485954,1001.6335044242785,2005.0448293081752,1037.4926185378379,2051.6924292927583
37.811945919918486,33.92458401253438,41.11978822191378,40.07454648458946,1034.8102486581251,1012.1876403270101,1032.5892175429847,999.3205320862952
35.11695197321483,37.37897952158495,40.51808514453193,42.33759274665844,1045.361724690687,986.637041009526,1990.9970353746835,993.8757547129776
35.884466650671726,38.166927632752305,41.95735515087986,40.29546351732046,1033.458212123146,945.3086948817904,981.359313274443,981.5661147092071
35.55799444936011,34.402501524457826,42.91546704448652,39.51064476878473,2012.0493239012435,963.5873326663188,1019.1573796556986,990.122339768328
35.44062994316985,36.64185569687493,41.63801494217579,41.22230640608214,1988.9696320248377,985.3754351952582,1012.2918444073364,2002.7477746833379
40.73123096179765,37.817401846572565,41.76623459327023,41.41028974485924,1011.2560616966705,1003.7880121151168,1022.4606865689145,1000.972277110211
42.10610382905077,36.23046989234539,40.75882856553336,42.711510721453735,1007.6267281468029,1036.7946678210612,1043.0323115163187,996.7477248131842
38.96106617418091,35.59734765862207,40.736194949528794,41.52003130255672,1006.6517852177643,1041.6890538151586,2048.2335008040427,999.2082052575365
38.36983830401941,34.36522411173635,42.18151955590032,41.34540368602782,1034.7974460408054,1023.632244235293,1001.4615374653035,992.6984420057998
37.196661401826944,38.610556328994704,41.32364523375003,40.77435902121255,1032.8099731522757,986.1447017298473,994.072314219031,1957.8469359772155
37.54553313200235,39.471084901231315,41.758219073036955,38.36395106167872,1014.7032558977567,965.9659365033763,981.1538518756615,1008.2582369111597
38.31639506129494,37.05501830183881,39.73146910246828,37.522172770151144,1014.4043861624909,1007.8102245543705,1961.4539680363662,986.4039621627473
38.873408073151026,38.71206614613418,39.990220467188934,39.95374492995995,985.3127551016892,1009.6555617078428,977.3640658368506,989.2172462512643
35.78971200730515,34.69715731046583,37.70069561878128,47.16635314095309,965.7656541724782,983.6035206705187,1004.8596390384471,993.4410820670948
35.66799470632567,33.13500993582964,36.21328448131673,47.20773876384331,988.6228956670716,2023.733323668822,1016.9402730895761,994.5679764634016
38.244487844574294,37.15917214801954,43.18825308754967,39.631395294656954,2018.991437965697,1026.9186278309526,982.3820776823891,988.6879471177854
37.180179063357,41.24114199532096,44.389976290825,39.34087225541773,2039.6923754329116,1023.2569760019169,993.9329814323296,981.4888295371503
36.61527770486621,42.15891412151008,41.09226698006131,42.41944482795837,1982.7783405679952,1009.611468336449,1013.633969124955,972.9583298349019
37.82599504578822,38.12656536781262,41.975298658582545,41.89792216657165,993.1455492385005,999.9616292012115,993.860915234764,989.6855381306004
90.9935796122528,37.04651713509375,87.78861003825399,38.44902375580017,971.4068825517418,1002.1702790669069,998.3604276652993,1000.7342126057591
40.63836591259989,37.201569196797934,39.962564931098356,36.61302403927641,983.2165796768347,1016.2825069496994,1016.2777982312962,990.7042157162332
41.01481024469193,37.4577882916037,39.994295338694485,36.526672737605026,998.4738817549451,990.1941185341666,997.3777974615939,990.6938537413944
39.59987717429432,39.25972082988214,38.339862920307716,39.40318660845456,981.9110346458331,2008.4408861003988,2003.7095774700426,1924.4967804172927
35.6849173322191,38.12598092085027,40.968454090489374,40.91702015761124,1000.5966791525587,1014.4821713289107,997.4756554561877,990.7567213424436
33.48351924660131,88.05876445612944,42.172558271692466,41.440052030272064,1011.1112008028738,1037.7309812793746,988.4077861577244,997.7302901828675
33.86791078550506,32.17101436018325,41.63644907385627,42.32674155893932,997.0832080723278,994.5625325635151,976.8003239211571,1000.5211181625606
35.84778325569855,31.66513786546308,42.81154871342011,41.2371214003866,998.0755384204876,977.7041938218333,977.9422285802596,2004.7199201827873
36.49676132208126,33.38147474829536,85.14853292108212,41.53329267106561,990.8653330279809,1021.8136293963794,999.343397716584,1010.8420885792904
36.503312918465916,32.03286372407861,39.5078637774395,42.187351229648144,992.4766306867033,2012.2142673599071,1031.7768642443828,994.4623449112682
37.38795271537805,33.666519717107924,38.44803129838047,42.64580393586097,1003.1779241687238,987.4690633043881,1006.5294734148083,1924.1572573599562
38.78414802974313,37.8888353997376,40.07526647838364,41.27837546411013,999.0590899959033,1001.4867322851627,995.4468991663848,996.2027594849471
35.815642873481714,32.7368230599476,94.11942885891634,39.48896372551114,979.5666863447362,1010.5890935360342,1026.2202031082277,1007.2922778314588
33.246138909886554,32.66490584435383,88.89760613238644,37.88550710319622,1000.3343149320335,1000.5588835473548,1023.033341473317,1013.3996607423874
36.06638880263216,35.92208582053239,37.65708149051869,39.44402385008988,990.7928092051598,1005.4376188417377,1015.2425837831672,2014.704378239727
38.119709451146534,35.47093183780503,38.77270762833685,37.73077114279848,983.1175023925646,1021.0517239880796,989.5980067673831,1019.9996146669542
40.26831689141261,39.03236412594391,39.31123456354514,36.49024227655137,985.8503013112669,1041.305279710182,960.701411775748,2016.6081068429878
39.78939362988205,38.80613690279826,38.48716330911593,37.198156714423746,984.4310485253508,1028.6038754057545,2012.2151887037862,996.7145281823944
35.60245569056307,36.59595575024221,90.24356422907626,33.43969285310699,1030.8119537011407,1027.9296932875297,998.4061276177165,995.5151516931387
35.831414922697945,36.39248615222584,32.867656706950925,88.9278594744155,1011.6806903039059,1018.1346055596941,1002.8069435889108,993.88622101008
38.24054598710974,35.17275389423507,36.1570525203813,41.8127515950351,953.1906225542309,1953.6612590318653,1015.7072130949637,1990.7129071728511
39.85516403923695,33.64243682720419,39.508070557561624,92.44405082924861,1986.0018334157917,928.1621567575662,1011.1212670784878,1005.3257673922028
38.85000073712606,36.58526545587881,38.982151948503066,40.58360181260679,1004.0179963530124,932.5206005144929,977.4126654686554,1009.5804809133618
35.61215058854576,36.82201704521728,44.738198753906616,40.2610373056331,1011.8041508373444,965.7045594752817,978.1612004856315,993.1979626054442
38.2132229044624,37.1420560689905,44.03591751299571,39.392400052444586,1021.947383449772,1008.5331173035753,2052.141446808811,995.6699764975335
41.76736732318103,37.21204964601584,43.22705339451953,37.59747296853388,981.1384680249586,1002.6476367039475,1021.5131487202989,1006.7884710144373
40.02894579570251,36.28975180221443,45.66966771943592,37.89194215414791,982.1686200558531,1000.2154719658827,1010.2532394960115,991.8858993169899
36.78146160687953,34.7704166102144,41.630080219005706,39.03454154531635,1956.6127267517588,1009.6120636802591,1002.8063827077017,1998.3261945269423
35.11709744634955,35.70788749810676,42.463388336909674,39.78063504184288,1037.1479959758608,1008.0305137937826,1001.4961715898637,1014.2604162870095
36.681756880167924,38.55741037723442,44.647641164400184,40.21833554479999,1016.1133891854038,1022.9860046590761,1003.223509609315,994.8048360231965
38.587616820040466,38.838268038987565,44.15091990959427,40.399384296497956,1028.6979783239915,1984.3650667662691,997.4796396320826,991.5099734699447
38.51823914065457,42.00805413564464,39.713617639048735,39.666166341104756,1008.9224984589421,965.5887000721422,982.6373964259396,998.5174331877363
36.92287434664895,41.25248744314953,98.25984427207884,38.80837835581782,1003.8255187793688,987.0109827354349,999.8412889047313,1004.153420738204
36.402648800180515,38.786029253850295,42.62107539756059,39.062264136255024,1032.460708053317,1008.2902054215463,1966.8943713254823,1014.472476892016
36.80541532511336,39.43797177641011,41.83529458307456,38.884892766216204,999.8050633868543,1016.2561900182438,979.1578302479593,2025.7208381517228
37.540903408839455,36.8477878308193,42.34948257346694,43.6337197996575,961.8062579835546,1033.0043549246566,991.8951219186615,1005.5484050585003
37.35915637745173,34.71106976920595,41.61550720376187,45.07173944275053,2034.5897838184364,997.2054297344064,977.5996061638349,1008.2074264397108
34.92705274464173,37.49936764808294,43.35491122648111,41.35536920055576,977.9144454872353,2009.8023369340747,967.3886787238775,1013.5437200966376
35.18419250208578,36.69057611045697,46.33344332721849,39.16925217327939,989.0068463725411,978.3598082286302,988.3147456412864,1017.4966219991841
34.643857416468954,33.37417625975043,41.672003860562995,39.95449233633416,1923.8186783065075,953.0703252072353,1027.8934502101115,1003.9649726839688
35.005263883462675,35.916574599977,40.21145687957272,42.07987180996937,995.2853594077492,963.7692228048799,1046.7165562493992,1001.4391783685287
35.72015386952205,36.73516067024087,43.33677805678974,42.311053467320455,986.5327210949534,1976.436417337949,971.0241115605313,1012.5371534728401
39.79183311815483,34.00536993092406,43.275029341588,39.16309495664213,989.2388491355468,996.357638546422,957.7800663363453,1009.5066238457941
40.62045947226646,35.843204383545796,41.339227349476474,38.44905882098833,988.5016086309265,997.8547842112807,1009.8965877785488,1018.3381392095821
36.57611769520997,36.875986513533434,41.76854528101422,41.5494514743196,981.0812114869491,972.4157776908521,978.2596429472455,1031.9677940910096
37.157073925324895,35.7257292089716,40.9593073754737,40.32899711737299,977.7808480407912,2003.3596642228165,2009.094211573947,1945.2956046931392
32.1838068941361,33.66395616499797,42.32650074866784,38.92359606062869,2037.9303077109398,985.4331029958969,967.2566700555147,1013.2283633372572
33.72261647898658,91.55131308052131,42.15449028742181,39.769451907588234,994.5950732832648,973.6638602992579,994.0771556609229,1023.5488371423957
37.33637977601819,38.75575758562999,37.48176973100254,39.38964676737864,1006.7182839701293,1039.494056644374,1984.4087284708376,1012.1619929909641
39.40681063336026,41.711837798522936,37.79586155708263,90.70202157263174,1000.5256912655395,1058.609593362582,1000.9778536376386,978.1537629397701
41.33413172235236,41.116742184240564,39.598541043448435,39.83959732537252,982.7207589000683,1012.3055622320603,997.045547055201,968.4674937106727
35.78667881536782,38.53747725000317,38.70733877158753,42.439895270463516,993.7528313109946,2034.896784701549,968.8646656703588,985.4486166211445
35.374356982219076,35.205945793786555,40.82094321855171,40.319353727338786,991.9878272397796,979.1546050449729,973.8217525651655,996.898526837773
37.396471806151,33.508014632905486,43.08405240904109,39.01561550078545,976.0320724891154,1008.7021517465656,999.5336372410468,994.3114078348227
37.98233709395279,36.935733591665965,41.19036284766442,40.819618864559644,2024.672440143063,982.6669476379057,1023.8985307756843,996.0654365404623
39.2156850749233,89.96215867799725,39.84748213890589,41.64692825241429,1009.8111983423189,968.4039773438108,1015.253681202983,2025.9835786450565
37.0305841805963,34.44148110492796,39.57948145140995,91.39140619499094,1014.6271191278745,1030.4757824613491,999.9909784303916,991.0900946704253
37.455231122397876,37.63769514067707,40.82572706655935,37.554799799380234,1026.0268878204618,1048.9703131144374,990.0839929964166,997.2569267284458
42.21638457156206,36.98183662859082,42.15116428245756,40.77759093182484,978.8733063055356,1004.5298273386638,999.0288205840517,987.4487451668992
39.59649319491763,39.87264446967903,38.888305527218265,41.88125185558182,950.7674038243504,1015.154682204718,2039.163140718259,986.7925514323038
37.00318327337716,39.035813313711905,37.532391170332474,40.799045956174304,980.1986561389294,1037.7404534524144,984.8988721683827,1010.4602170585792
36.0759082103458,34.331805955503114,41.180767069619975,39.14203256727622,1004.1260527170689,1999.7630596057438,968.599956355586,1006.9563297591596
34.0190682030181,35.739579716723156,40.7915078495451,91.48965111627872,1014.81018954257,978.4958965073195,994.9948092441348,1002.1448740280882
90.32342040720584,36.94510785358569,38.7337460286781,39.7356922140063,995.5986510365087,1009.96221632749,1019.8528783366278,1007.048051803373
38.941112886048195,38.2921843674939,39.78696470863907,40.380266514938,1983.0295990445818,1019.001414931575,1009.4474313038224,2001.0472970392073
38.4007146479192,36.99122715135378,41.72591964396753,40.94835748451617,986.1639927221627,1008.743010731388,1002.4085395495478,974.9105579013353
39.79963870214712,35.37262437032196,41.7037422412632,42.08248936143386,966.5322857355245,1993.6629398183425,1975.8022364577098,1003.1337799072418
38.9364292129499,34.817517300895986,40.53939028922983,40.313787766274245,1017.2188531039678,1001.4636002915233,2039.9729156802541,1950.5106394312809
37.45387606096487,33.886892063674,42.93511844947305,42.31633240069129,1035.9812880036695,2024.7749039661112,963.9482420406376,992.8187829708695
92.61963031336713,35.435747237033084,43.00562070397183,42.291043506987066,1979.8658768662349,982.406268668612,959.4461144218917,991.7454545424848
36.11869517185403,38.98269982386624,41.254875743397065,39.49821800857593,1014.1533195270058,2034.5642894238292,1976.2243149546064,998.4389866619633
38.99694603518529,39.43914564230562,42.570151410696745,43.71403343659246,1001.0515978435865,1003.8350784615538,1014.3585103320504,997.4506866515219
39.848521146043026,38.6211127754811,101.22857470440573,42.20274125432784,1004.537589889371,967.2814364328256,1008.9178913739379,1000.4199925948782
37.70454382281268,40.1283013858492,47.355964725675506,38.50149470846392,1021.2640222141946,949.1138997315713,2017.9981850482993,1004.4141446102365
38.752995792431605,39.75003419876501,43.806782650572096,40.20026094591605,1000.4578771089562,998.254280249182,995.5840267094825,989.8679153560922
38.26897990565125,37.98211611130412,42.98835756675509,37.48002800487408,963.6039318322414,1017.7792102211129,1025.260875584223,986.1256063754364
37.01668889196037,37.29238881332739,43.589097889405096,36.39076925124212,975.6483625786215,978.8802339413533,1027.598065586932,992.3461991578865
37.92963846360057,38.26930562421013,42.256345297873814,41.93783361933279,1004.9066616768466,1002.5900718540856,1023.8451256809641,991.4890879264976
41.72241810007845,37.951015311816434,41.384314670278904,41.45703452229297,1025.0663309845138,998.0367144140814,1025.7897094666328,996.2555769558167
39.47607883915898,37.718239638056644,39.62528611536483,37.656323800375446,988.3807533102836,957.5739621976622,1964.927956369432,1009.2832266205155
37.089203140060505,36.943918812215216,96.58213138761026,39.466346429376784,978.8241502308796,997.0314299824756,991.1194622973851,1017.5710338723054
42.61426091584812,36.71865805546299,39.96843719924188,41.041238089950895,2004.4077960833295,1030.0494668242065,975.5148022839742,1016.9922865660344
40.63898640896879,41.181576178140475,37.86552284460201,38.48441031010505,1986.7285401206434,996.2086430715854,995.9200359315297,1017.0055980052229
35.83379680675013,40.740325527169944,36.11124312616198,42.259581041689515,2014.6983105560237,1022.1006349190758,1020.2306035463398,1002.1541629492941
39.13246335367663,36.66739973360335,37.38018168109465,43.914814971414174,1019.3040616489961,1980.4498003963424,1003.9064458575738,996.9759811845231
42.49008697936785,33.95103651613713,39.09199237251063,40.654318438000416,991.1301314160377,1033.97112301894,990.5008457729093,1001.5557108561698
38.85164118442063,35.882423544540046,41.74292465917937,38.79696756190691,2021.633324763111,1051.135763770678,1021.1460932077298,1000.4137397164484
36.492831565007705,38.81209834206143,41.832413498393834,37.162249081743376,1005.3937052957276,2012.4594944669204,1008.5861670841961,1019.3760018200378
36.94872184376466,38.48426292759454,39.814340700844994,40.321696379082766,1026.7887125027585,1022.754774245279,995.9325412025605,1013.3260318991486
34.824670495123414,37.397739854533185,36.32436732473032,42.26837856913704,1991.7334709907095,1023.3671347218981,1009.1063610988342,997.6120126705652
35.76258263428586,35.71281812213746,36.20384361728631,41.90993037238718,962.1475865891512,979.5219007780463,1001.1902019563406,1000.1576784746366
36.81828876837987,37.1456343270646,39.104638526820565,41.48410586386775,1015.3372252533264,970.4893112637419,1019.4390064576446,1002.8283895315744
35.122067302443114,38.48650891122627,40.35587592584204,39.14654801723193,1989.1195086159742,994.0815137889385,1033.1158990163112,2005.3713299617082
37.16622873601079,37.8982156289176,39.11645964869412,39.27491839799741,1016.2660309894366,1022.6408471902967,1960.9600593210437,1011.6270005875817
37.993755245544584,37.08402885996604,39.34375159701548,42.34580956548529,996.3687303567503,1958.042930509491,978.6094835108361,1001.3130925817802
36.10818856531941,37.27086263383996,38.636014516098996,41.67690817060197,992.9350930466076,2007.6577189492905,965.8325289189412,981.0389767459872
35.33250742683657,39.20019503287524,39.1842275041844,40.103049855147844,981.860627806072,1032.8709004808734,981.9754119110039,1002.2950590745695
36.030063280255455,85.57596752231031,42.755888889423346,40.62349644328275,1962.6655232618823,1043.0714012698027,1002.7025620909667,1017.2615030822828
38.19988417771346,35.87971802992551,41.171247059232364,38.59709488438577,992.8215201131914,1001.9419108034324,1004.6312042074281,996.854825163378
37.57993594789863,33.65150505448686,42.681485643483995,36.29691473132647,994.8489182575009,990.2850114831201,1982.730056760565,1995.672625057883
37.267513157190734,37.117282360413064,43.94452341694786,37.03567416286959,984.4451841760251,998.06755867095,962.4912452470965,1026.0352288618774
38.18251125512246,40.62945855442749,40.473433729278234,84.66457628243948,970.5301745593297,1999.589229784119,983.5612408727586,2019.7856133404662
39.729189912525825,37.37046302187921,39.07273796453771,39.0225510176424,1971.812624729094,971.6077011413472,1009.3504937739001,1002.1175940117184
41.95435481775607,36.17725870348797,38.63852050949867,40.63554544671431,927.1831470395894,953.8056622538697,2026.8128897213555,988.912024421539
40.75213573817388,83.67230264867825,38.39958782200869,36.15005989062727,987.3928371291468,927.5852229835568,996.6998667771952,991.7237581555809
38.93361008315996,39.41654449232642,40.91104682154702,34.82144835150082,1018.8738793003199,965.294910558848,1009.932658091438,1001.4057952690808
39.84111373033214,38.83208761228798,42.393109230110596,39.221840248344236,1011.6349813532727,1049.4825103878375,1008.3659922458339,998.685297479454
40.14338471810677,39.243494666210296,40.04336296450145,37.252754302110176,998.5612127753056,1019.3321841054603,1019.1515103574071,2039.4530016103406
38.2919002978214,37.81104308772462,41.24472403632433,39.15037728274424,982.8590680062284,1011.2741222417922,2013.157004368936,996.1073322328949
37.54584208500445,37.62820776498958,42.777043834906294,41.072925965949565,997.6498144992612,1026.1843051576627,987.2146915375718,983.6510225848725
36.783791446701485,39.48990195955422,39.62889253681426,41.85183249971701,998.6814863376733,1022.7614820800284,953.5787387616951,1943.4598140700887
38.839556089459165,42.33461372766685,39.11898602289313,42.11936106778103,1030.0121121621369,2013.518141623105,974.6502518334025,2035.1945467028854
40.848794093835295,44.14820714255033,42.006134857723524,41.05109747589499,1020.5813365173968,1001.1257940265909,1026.7424064138788,993.6032532425243
36.51881994519654,40.26825061717012,42.21435582090305,41.440375235932194,1001.479527362301,968.2709584466963,1005.2129229867602,970.2389759699852
33.58217132106438,38.8980149100167,41.803327911512255,38.69920087692357,994.0854619469364,978.8852776145997,963.4745277553959,996.5676787370751
35.44895171063956,40.32054755043929,84.20619232393379,39.44617238157677,987.7228011507514,1004.6041601540107,971.0553512877752,1008.5076285147097
35.71790291649019,39.96630758658883,35.696259852309524,39.996599076950005,987.5136788918165,1984.7568705148358,994.7296549018049,1000.4717455245224
36.70373978303655,37.23667974913319,37.69840320956738,38.69663243360006,1990.0403860600745,998.9257492719205,991.1607695060998,1006.4285642070922
38.30696656572805,35.551853418726424,38.34431103023243,38.80097099067436,972.8951239592882,979.8944693874862,1018.9881237464858,1006.0737325272414
36.094982425964744,37.41052482019218,38.71813087928564,35.167066511826974,978.9985516291408,989.1704856015499,1056.0902716690025,1996.7875461912859
35.2568038095711,36.10104803298556,38.92384604105899,38.68943057450017,1005.2183949657134,971.7284752175312,1006.836740375366,2018.862683839951
41.660808572535856,37.06318671021134,39.928502403756,41.943740771498,1016.6608123307439,1003.080706376702,952.6273433667247,1940.0543703849528
41.887161704433694,36.598011345286274,41.68609770429012,38.63411308695203,977.9161237199517,986.4641400302925,2043.2306344227252,2011.6715988668484
38.92419224395361,33.02914032672888,41.40351669571042,38.91704344427528,969.1139261332918,2077.2286268534876,977.8510307006378,1010.1777100387783
87.54927558469487,34.970518409206996,38.25082703855233,40.04487395435274,996.8822699291816,981.8425071849168,987.5399685644877,988.8919259236382
89.28787453788875,38.3748873577115,38.721630052817154,39.33420768323882,2000.3971388091197,991.9494930176393,1004.1673065548925,2015.4943999014001
38.43251390640535,35.76777222012457,43.06381034511687,37.53612292737575,1025.967079654556,999.7951727645684,994.5867818188167,1003.0751297362152
36.60809953368124,32.8204838274238,42.254663690332855,37.718246061382885,1039.1229514744716,968.11813821247,975.8310201072815,1911.9122212044426
36.20982137643137,36.04269404334959,38.348760953374295,39.68565799791773,995.8423877794742,935.4290956962438,1994.6592809574922,1022.1560713147712
39.31259615965097,37.94452352981686,38.808879802524004,39.87453554421589,990.4885975483348,965.5507804939014,960.2447218056134,1008.8327934757284
39.639171520899126,37.99933626780373,41.06204642364429,39.772544410558034,990.8155609775149,1004.998767361953,966.9928082047763,994.4990472536961
38.483567474602445,40.24693875917567,41.825653812430865,41.02584915305141,2046.498241809566,984.5968097404213,988.8463505098659,996.1615296271102
41.16508414747345,36.98901599949427,38.96519210415599,39.64653028037508,1018.5526748746333,981.79564858256,2027.975577434953,998.350574353892
43.19769212786923,34.82306934952728,36.79145408960263,37.214186175776746,1023.6641425366004,976.7126563050755,1986.0875785673702,989.093560287763
38.485981601105316,39.4057386890962,40.26413296752179,39.09131946148675,1018.850979383999,968.408633480551,1012.7821843568215,1999.923618645374
37.591230675396915,39.0908276631811,42.73428002577333,40.63018693997265,1012.4688939848527,1006.0917240668795,991.3378929161568,1969.8017449658525
44.09436482216796,35.94932823053205,38.89682020546018,40.69048186668046,1019.3589617785804,2005.2054875710182,965.068442153912,2001.4617909207248
42.47100940844942,34.372233734923185,39.086313197318105,40.08952596690408,1010.790179753159,969.834081664364,1972.8780231412832,994.4224421342984
39.981544055280494,34.228733743038134,42.80333512288238,40.079642023906366,976.3789010963366,1001.2886830274057,966.3738369472411,1021.6483675929207
39.75661039737375,33.127041109938844,41.688879434526854,41.284684211779265,996.7104547781237,1023.3648774360456,996.3992570521531,1027.5852825171416
37.43881204186623,33.64005511866789,41.767279303263834,40.39497093199697,2019.4775317586837,982.1413899448669,1022.2344826981943,1019.1295193899196
38.13544583440737,37.447361303800434,43.97018719922596,38.79366232306087,1002.2737178687519,996.1758721204227,992.5083569009028,1006.5965357181783
38.70137897314224,38.1972167733682,43.87057410982865,38.15283977053642,1011.3630330139944,1018.7078649757107,2018.069650131073,1014.4026471477572
36.846769989308754,38.69550175680358,40.81309011359515,89.93387438534225,994.4261406931591,1023.9870740925201,1007.3047193802049,1005.3868937354064
33.989995403803036,39.81951610700412,82.45275662883046,34.3692694703017,1994.6407583347154,1036.3456888439441,965.0378810832624,1010.0605955270562
33.86747327458815,38.310163585290255,39.54527268537653,39.43865307637293,1034.77241704285,1024.3464323936812,956.7366890988806,2040.2508559104347
35.98041391151785,37.054920179664954,41.07784608369207,42.70871355571623,1046.9939627074073,1016.8675468242975,979.2221860804942,1012.6566836884679
33.69150608815906,38.934088314981636,42.17972306947762,38.533986743864645,1040.6328663018799,980.8892941584443,1013.7325391050479,1016.5228488423486
34.20033520151037,38.173150285399146,39.2745686752352,36.22550257906134,1007.7815863114372,959.9932410311444,1003.0984319833339,1012.9099491808091
34.74637908431002,34.6043543702926,39.518748958412885,39.394987334597786,1016.713284713559,969.693281110417,959.9958018605512,1013.253732193366
34.27664332196341,35.979463937269415,39.75933790548548,39.57611661920858,2021.8255333119625,963.8055868296333,966.473038930457,1000.3944369220048
37.33045640731858,37.45675376079225,36.04994021728921,37.5143089047082,1988.8820506242955,974.9171405463646,988.1586086369075,996.3609951543508
36.06756573069915,35.995024016678855,37.947640455089804,40.79447434677917,977.7008616613145,980.5697107369532,984.3538070755517,1001.5539489015816
35.21249136329958,33.36772837366067,38.723669741295204,43.33429464406932,2033.0873951110814,2018.513615963166,961.4978164496604,2025.8548265634656
35.65397554204159,36.108941888371604,40.673352019873704,41.131114586753526,978.16921628257,984.578520810295,999.0873994755464,2036.5279567197895
37.24717683172294,38.72066813475236,42.846834752538925,41.93133093552052,976.236201657257,958.1282135111364,1040.2463996666452,2019.8625978414625
97.10483530094922,37.47698583493259,89.7122578219629,43.78635214912862,986.9545125108406,956.8908956969977,1008.7982007740843,2055.037863786165
34.815616115477326,40.43683737623303,35.212061665910795,39.505694148124455,995.9538075769132,1971.1942097989552,1006.8348428575434,996.8210333596095
39.02063683242969,39.50007164379562,36.9627351716254,38.34654937848883,993.9171303858423,1027.437276312054,993.3138393805407,996.6600745149262
39.19571158967737,36.37590968653858,41.54881497616992,39.191587543871634,990.559875634639,1054.3056660326129,1011.1686576062673,989.1260557467765
36.69744220562732,37.45846996248385,40.767618117110004,39.41232957884377,991.3448552200371,976.459250548767,1023.9909959554093,986.9915075789193
36.79626715898322,37.47348366258274,42.288287369556286,41.87138604564785,994.4412096175733,959.5856112337465,2024.117617535473,2067.7447692386895
38.179908150076855,88.22698809882162,40.68539007890692,96.79012710770729,987.2658263846831,1012.8172469353285,1966.1783683571864,988.9814544328457
36.57274144314886,34.56504610638197,39.52479839064126,41.96433283420009,1004.5481697331784,993.9370141309613,1021.820966165385,987.5394854591494
98.73451534722494,38.78190069552414,41.4885378299015,40.16058140811028,1004.210372160762,1994.1969316785835,1016.8532358692676,996.004893139638
37.155520084895464,39.09112794189949,35.77138829994011,36.10713380028914,999.2440559834353,1058.4050117473673,1005.582197257196,1009.340574644768
34.9717632014398,39.78372148748508,35.226838457369325,35.30464496769092,1005.9830241533483,2031.1800442791832,990.4310443965089,1009.8847706268795
34.595831990090126,36.699758097006736,43.53795103343548,85.7431958345018,984.7071969819038,1011.0529172906577,965.5304877360178,989.8971655010555
33.476715882562615,35.73737165059379,42.978809472307944,40.512127427144776,1002.8329926159242,989.2718702571037,990.7523375202043,983.2137090064457
33.48928754782159,39.175369413633604,39.20855089156107,37.219721108879966,1017.1866673362408,988.6223528696277,1008.3349872687023,1005.4321731581413
36.150526054089795,40.04878734096059,38.28523160295244,38.35454689242524,982.4116768764054,984.9259788796826,1009.9601594319029,1009.5617000354437
36.809534796549706,38.62101344034194,40.874068745481665,41.4486240861695,1984.1013537171416,999.5661155407579,1015.1854826037184,1009.4817255542562
38.650603303031914,35.08264728755517,40.14185707188321,40.97590220345658,1013.4754329331445,1048.4917655873187,979.3117234330953,1008.0573384358847
38.65747654035417,34.110253252298506,40.02004943552309,39.34496281928108,2027.749125977912,1039.120299698446,969.7668425104055,991.2200363926506
34.04430684962095,34.34473250964076,43.198438560010906,39.93868862760921,1005.3826916738591,965.8329337907073,999.7924741746156,991.674118605732
32.79069576089557,36.30405033873447,42.49818183326941,40.91211030021657,964.1960195938027,953.0435614864317,1011.1872599984567,1007.5772151264445
34.84169634448779,39.540246090869054,38.06165700180978,41.48422298300168,950.0046814617751,1018.035363201004,987.6464914332423,1001.6219705453063
34.54157111144354,37.46602222333044,38.51022242931592,39.599863848620444,992.0861617752303,1003.7420085057493,2023.4305671529496,1000.659982411831
37.03280737541048,36.019824456446855,41.785973658067626,39.54548896694785,1003.8812387617093,1000.740232071259,1032.6824554416166,1016.0192693457191
37.23160775413817,36.439957310877254,41.522877254336116,38.515244310688644,977.4491929105291,1004.6232175940784,997.8665686564079,2015.0254312877896
37.515801540719124,38.18797873063999,40.80831517067466,37.460630938110825,975.5172811217572,922.6143891434583,1029.217984329404,1001.3308207160451
40.51228586041907,39.04819488646739,38.40994393331039,39.98517992552149,1003.2097388714535,939.6573889726476,1040.323260743493,989.1346804794391
39.389622768602095,37.69402034804082,42.66191402928339,39.43472369917776,992.8099918487245,979.358203934502,1005.6864856692789,971.8146186825688
37.36223658271268,36.96032796593006,45.71432751053045,40.81581926855115,941.8217528692737,1002.5129401252915,1016.1710430263555,2008.0144028885745
37.507413450561224,35.47587104277361,42.124916458924,42.21538645623285,950.1233684501007,1003.1122473379254,998.2755357303859,990.0707842961081
37.22641035641192,35.22739309446247,40.97641293351552,39.82771012593268,1009.1720251349153,1028.4465198718408,1010.023840649885,994.7021102303194
35.13093930818688,35.11229107734925,43.58814642444658,38.480937423747065,2013.1465760603523,1039.0092980975526,1021.699900573203,1004.8774239201271
35.464755121117626,36.59050368148388,42.2204541171662,38.55122838457377,1000.601336943957,991.3165092492079,1974.3239130306983,997.5611023422384
37.23828669535325,36.794507703767,39.774920592773725,38.58989269733169,983.8768961412338,996.9602786780418,1016.0157555438179,1008.033120051564
36.729008609453516,33.902735426571994,40.02139285524586,40.240664361193055,1957.7338618785866,1992.4212504586737,1021.0687220039867,1004.3078120868847
39.24900345551052,91.96588519866789,40.532305032223555,41.30686347172445,1006.160106403866,1023.6186429431402,1020.8387646727022,997.4975747417293
41.170420472385956,37.14435867159939,41.95168004247039,39.179822772621975,979.7378920932194,1987.0531667296248,1993.7371632661866,1010.649050586075
39.495625101800826,40.63807664497557,40.742874199239736,45.34738046712505,980.622341591863,995.5516848029258,1012.7190563221773,2055.224016742193
37.53096179829903,39.070327546657985,39.22396066519318,46.33939648751907,2027.2700981744233,979.6464805998726,1023.1691747701007,1008.3409518566664
84.37050981801166,37.39143754767785,40.14885922026103,41.358248226586724,2033.2117956518232,1010.7170418313318,1020.0387266477474,1023.8530951278001
39.341523019646914,39.60993142980548,39.879286975862996,40.5592768119471,992.087886061443,1053.9840446412381,1014.2944004059136,984.8279970545318
39.05595939663157,36.355845432160486,39.58249211306354,38.07377456232825,974.3792247178769,1017.5577059970544,983.4445195942574,980.4529042417669
37.25166930157694,95.78464855871161,39.32343883685668,39.635140192993745,2004.025268123365,1009.8257133295422,984.725145479553,996.3401677013703
35.062203222417594,35.01263973193271,39.99235882024617,41.54942805415058,1003.2593231148194,1021.1494776050874,1002.8480199328822,2018.2882446042915
34.043168137189866,39.01743116295724,39.68739092701716,39.699326543536415,997.9391084912479,1012.6843130324582,1018.2812963315723,991.3692847634445
34.511189397077686,39.258285667769115,37.17613424801388,38.398897328629076,1000.6224621631402,1003.6075855345691,1011.7959375472979,1002.2011199942051
36.34270954823445,38.3184533083667,40.07101543953982,38.86295666570592,1006.113393255159,1051.4485773555589,986.6235713985616,2020.8999675757636
34.83652643823632,38.86126553313866,36.16451164368827,40.64636094265403,1006.0019100858374,1046.0456128093974,2052.082706746108,981.6489210284024
34.89098938158338,40.02388540366542,34.66712933912615,41.47789316379175,996.3887302905393,998.5787123958238,996.0657560608158,991.7731730280527
37.5684927267438,38.57356214325128,40.68056668499216,39.21893862319816,973.4286449098292,990.7954517640467,960.1979251724038,998.1450755903402
38.815176054245,38.23805796798594,39.41582188763826,40.76368766414361,986.6815713018507,972.4657856510175,1963.2582767812007,983.1568763753834
40.003398885422385,40.46427277747766,36.10203862026731,41.41046288791591,2023.087757313546,959.5242694971236,1018.569751872503,981.5241755512316
37.958008639609986,37.63113128831027,37.44517652374542,38.874629524572185,1009.9869395802314,1000.1171094060392,1003.2032121827597,985.7267238396744
38.35551595576595,37.12672130637195,40.85432675874884,36.79991837267755,1015.490353050551,1060.9607633034968,979.360505090731,986.3607721634597
38.7637806454277,39.3566988652101,38.86062021518134,35.03873929401703,1007.6523612166445,1962.9625099417135,989.1411260849366,999.9509114519049
38.302234096331176,39.92847337318952,39.30852055228253,37.49915998184049,1015.2524709954499,988.7729703428575,1033.1683222426861,992.8868518391043
39.291083256896705,37.67082132825841,36.72102484511699,40.7547757063729,1961.5824257092988,1034.6447809559238,1033.370059521867,989.0363244623754
38.37786362896358,37.81034804861274,35.748501437768134,41.93418931650538,995.7253133587551,1048.078122887085,984.180675620003,994.9386778482428
40.17837151362697,39.621607910471184,40.682025786884665,39.37209904309262,964.9331956283902,1032.414282723177,1000.0710643575235,989.6186670707955
39.854612182266635,36.690191951884366,41.19246356994944,38.795481350229224,977.7566924642608,1046.1372453314245,994.947268114709,1967.686950013148
40.33347751792209,37.326372389913175,93.72794887945365,43.379733452332964,966.3002217410692,1023.8020022488499,971.137963577225,992.8500243857236
40.003129792523765,37.61443117657912,40.90103099164257,40.70883454148422,966.8775998496443,966.1067429070117,986.5366644631672,989.4353462416883
36.93864780672449,36.25699865689862,35.056905334891034,33.19517138833943,997.000071074008,2001.6543609744015,994.4063957815763,1005.053307765143
37.6376845301082,37.91321851374725,34.51366370565249,35.496884226125374,1020.696969873465,943.6566974433265,996.3880120694853,2023.8560520884425
36.63293457109879,39.46845654618704,38.8993924707179,40.17301458559773,1003.4589892053805,952.9989818751285,1013.8647271284956,998.4759733917983
35.15377834584744,36.99339226327304,38.80230326686191,41.89987037772826,996.9258478113268,961.7890357719095,1033.7452332149187,1002.5635579566696
36.921776008348786,38.30335588035463,37.46315337271921,42.153275257778766,1013.7701448675831,957.1560169991985,1023.215052499028,1011.2885421053898
39.1964937287248,38.24612593393708,41.73973487979871,41.17680231851976,983.4188431136074,987.3398529685187,2030.62394632834,1024.271391853312
38.810454777473886,87.40720538848345,43.6485435057948,41.086942195010735,991.8448809984304,1986.690348198832,968.1740788401339,1014.6563235495008
42.59745191814801,31.45882432387657,85.27145828737966,42.438247836977936,1022.9172033476566,1983.3045111594174,990.0383802368167,1005.3497162334909
40.484092777417885,32.04631636882969,43.49293522036914,41.38888028157952,1030.5835289477914,1981.2909246080794,992.0759448998067,996.9061902394383
35.88312125182201,39.08537557634645,41.17949331919454,39.6956448510137,1002.1506442046937,990.2254678290142,972.676663126123,988.9727956303793
36.37969351059141,39.32717877848228,39.58408317229264,41.61852143652957,998.972236106445,1003.9742375898275,1951.8714661519634,984.7070235067788
85.33746180102351,40.36482034647284,41.21607130629603,40.623706670084644,1020.5769743539311,1052.162912199953,2006.5896600018862,972.8265558927237
38.1092780772571,37.38188632818152,41.606851509846244,91.26541285800559,1030.1004445837698,1031.8134704191996,1024.0792979433083,976.3598310691557
36.53637589190579,33.87918541827428,42.39952345581072,91.71923126502226,996.3836714129549,991.6114648673204,982.1161108431328,992.2157205446429
36.09260217777798,35.16380224224491,43.53105075897789,44.339213234026786,970.4413177537474,1027.7470484872758,960.3172495803592,1000.3894055940378
39.10443552275118,36.980765519165466,42.42481725027635,42.14637017120607,978.7998993450859,1023.7741910555276,982.366731748823,1010.3899593538549
37.178506267390794,39.71404463237122,41.55994950975227,39.68379274829516,973.3795432920549,1011.2602005184365,1000.5159848637186,1010.2318026078062
32.71689356504048,38.72635585462109,41.352131028044994,93.55176813381742,989.3563676298479,1016.5274254297854,2003.379844707462,1014.1379565413094
30.696304985287266,37.803383399733576,40.14758907428022,41.07146222518686,1004.6731532468202,1021.9395612544345,998.5640932624331,1989.5214985961566
34.829533464979534,36.02100799546501,41.07206808120836,42.0817269900337,1001.952849750085,1027.957259486889,1024.8540843126918,1006.7865535109154
38.471765562046016,36.317638890360236,40.006135761036944,40.74555496863843,1005.0496004678282,1018.9740074946023,1019.8347291036921,1023.3550701309764
39.00482411119082,89.74282006424264,38.14108816465898,38.0952504745396,1045.009657229076,2021.096694077873,1941.395758512231,997.4802812172969
39.43601542053722,41.70462636436751,36.72584755075685,39.1683353331767,1047.8754605765798,997.7916733781543,965.4217451465175,967.9774619430312
37.72734303831018,37.00106673190717,38.978993682590314,38.6851056926713,989.387815146482,2037.1354171577823,961.4376422536704,989.7070045042262
35.990072858838126,42.02319781207716,46.17498857644254,39.31633574469264,997.4003241833607,2005.285421835072,981.4537358853556,1933.4295422925172
34.128977467381,40.13171154742042,43.97507626829896,40.35604996502912,1015.1725162653577,1001.9129125468886,997.4045244154918,988.7237481064187
36.750499446943756,35.101580063468106,39.97362769068631,38.10893566664817,1025.9203843821292,971.3817490423702,1039.3989541937276,991.9286802736594
38.64006964133095,34.84021951271741,41.112815548066635,39.54096944818727,1049.8618689366394,2006.314973916028,1038.2190189776948,1002.3544415170018
34.25926609645602,36.73477334381423,39.666705945522025,39.24683661983856,1008.0961099517126,2024.1743654569084,1005.7125262967902,1988.7656006045106
33.592430201041466,36.50909006769546,39.12656533553542,36.617044327848006,973.7134170731309,973.6661074783749,1000.4111591959052,994.613924689804
37.17688013118155,33.182444958891764,38.15362017792782,38.21822709970971,980.332489230841,956.9153493638601,2009.2320832625867,999.9238975195667
37.522506303547125,34.811769748106244,37.11259158983856,40.76803620663651,1009.8075244272944,952.8611074196715,1032.2890623444841,1006.7240284722077
37.802202438875504,38.61915882818833,37.3895905595102,39.70114329093653,1015.7865953429408,969.2948021653162,983.3066399128759,1010.8951072476221
37.98036778099378,38.91977120106358,40.308060199405624,38.40278147813201,1987.576886553031,980.4992788363033,968.637831585627,999.1523363671129
90.6216082031434,37.60652861715108,40.14926587255173,39.783213188360946,980.7761418372875,986.1314529040428,1004.9723591743499,1003.9434291614825
37.89823591032067,35.29487090361877,39.53161780214235,42.38736033194485,993.6097705990574,1020.1328393038905,1028.869355074325,992.5864966089778
33.44028751176326,35.307606784262624,40.48760384234245,39.8329484439364,967.9269369809037,1002.9596870323348,1012.9839835054609,990.7160631382037
36.833297729562815,36.936635421204414,40.40771692495954,38.50574420842466,1009.3673080482399,974.3168840077326,999.8855239468444,1982.8248278519868
38.67212988411567,37.79576154881707,39.226849198231804,39.8140660684161,1017.177054226973,998.3698768505795,1990.662790549797,997.5602360367791
76.62301536948932,37.88385123280757,39.006445792906575,39.23643915189154,1009.4590390773096,994.7457766976536,974.9553973694035,999.1395000709731
36.78399432909842,37.94226686280334,42.30349003257978,39.10524519794649,1038.3760427950838,1000.9866041547316,972.2600867506629,1018.7106202164692
36.19006301552942,37.162112939847034,44.44778218429313,41.077412820567744,1047.2750376197641,1013.5408861926262,972.7932210930521,1017.4915257065413
35.70116381381355,36.71380563548671,43.262309248202335,39.665753708761684,2033.0506769669673,995.0207616667401,2041.3208375756933,997.4865459288606
35.2389734607069,39.680603732399845,45.61053354821033,37.494438707649465,998.6524075793468,986.9883145090562,973.9395301439426,999.3853272057199
35.357468160653596,35.89345293748387,39.50238756675775,39.313023999624086,1003.4622655318534,1006.9313937603418,1003.8119648103029,1009.4749164360508
35.67362816284947,96.06330468492516,34.55967552455796,87.33252120413678,1002.358569900458,1029.1339161196777,1026.2736230782764,1015.1652187641304
38.6521510323387,35.32256662752664,40.81757272368611,40.20276050511687,964.9785250914399,1020.7431014276709,975.133782119633,1010.33801057602
40.52424886469443,36.01938986133108,42.53144191918311,36.675890791122164,969.3553077494068,1975.9549262422236,993.4212784308795,1008.9527840055146
37.052017380280375,37.441352725119,40.67110293693807,37.182179672345484,994.9980967870579,2011.84225281929,1021.8049944671551,1022.2227299825356
35.68532963838572,37.04479377250571,40.75966131026763,39.05588551477173,1002.2951247548028,1002.1028556222276,989.3582910863665,1031.296770421673
37.71528118975147,38.71023653134347,42.58505899253892,39.924135501080585,1006.4129148206233,989.4469036076441,2036.7981943913733,1010.7754414206668
37.27370774590128,36.20596151393753,41.86785352974324,41.32701498583353,1993.0827990358532,984.1268910026365,999.1449082880038,992.1994026864505
36.93616310023046,37.16860918553057,42.660444784991185,39.36491658179022,965.6751896486808,1045.0756203413966,1009.4269176420662,1002.8681657988814
35.43066382868175,37.88678089074233,41.94159523617113,37.27195582758634,987.1678781260003,1010.8295861619401,983.824366255918,986.078707277303
34.378836065007874,34.5736408121484,41.02359085394046,39.140554328712454,1018.2857747600706,978.6563779013813,1004.0667271567962,979.9960122140758
36.90013271529105,36.99446401666179,39.67024496388002,42.44495995165384,1021.1352057316759,1991.4170196480422,1031.799545434153,1002.5529096253182
38.92127503758404,38.32027695082825,39.77684104069417,42.91016298234104,992.7715251730071,1011.646456902135,1972.7613796571134,1006.2855179760486
37.020667654357126,30.38941051227934,38.70567763278632,40.88899345337349,983.7738290146914,989.9738431112748,1014.0505588138599,1017.6586892180629
37.83427612155323,30.404160306822128,37.771002038514496,39.77504749547513,986.147968573671,1002.5620530968395,1014.5667391946545,1017.8373998683859
38.67932891142006,33.12174819068255,41.00892932318795,39.25383025853263,997.1004543678728,981.8465062025267,1017.0955701281293,1006.4549525072123
37.398200926712875,32.4502084257452,42.4865042371826,41.038150715000604,976.4337185119239,958.9266735279078,1011.0659195727839,991.7177553722586
38.4777943476697,40.95686512030825,40.4008089044688,40.93731259460499,972.126466300334,1007.5665625624774,2029.9310915064998,978.5860396768892
38.088879833511896,39.95880331071611,35.06513877973893,37.42935575556412,988.9615171332059,978.6550170210821,966.9288592282994,975.7972416449902
36.258775934554656,34.555185229639854,35.14926274086736,37.876846057339264,1004.9697326646333,931.8990524388752,1010.4478355519923,976.923770713327
36.02194748519716,35.38315017411424,42.22534752303562,39.33330220567545,1006.3229677676686,964.1996744020156,1019.8979476731731,2005.5993065025946
36.31632332814222,35.458410939135256,43.95612795108056,39.88331416643018,972.6985851597802,2065.950455247837,1021.1581522175297,985.6882255366363
35.711303953731104,33.47382577246373,42.13125249141848,39.18578405135023,985.2753687528909,972.6295814895057,992.1500660498286,1972.774660947027
36.64526597101475,35.35850444463291,42.79192220827378,37.25519011098403,982.1598753824658,1035.2751159313982,983.159278511225,990.1196343853348
39.91341602033169,40.065786127095684,37.57381095677882,36.69574329369015,1936.4319439166823,1977.4924179052146,1009.5718616089794,989.5066934313897
37.19488961952999,41.1257661218779,37.275668425444096,39.17008817108878,1003.084978612381,1021.0056433211598,2037.6247954737382,994.1554259812715
35.50881155055945,39.80702294230149,42.63079629163509,41.45544775477278,998.8768712091232,1029.7034586176112,998.9473166775957,2008.4433733162707
38.806542295484284,38.38765060781896,40.01745093391819,41.866950983827316,977.2053529701927,1045.6274419738738,977.9835638439378,2059.7574715059836
34.34460222062133,38.82572203929047,41.32771637045178,42.985419365808006,987.7911466731524,1055.4161763317657,967.1886505140399,993.0813511808338
34.025226671719295,39.127931549183124,44.283506511857375,40.19192046285817,992.1369025792892,1041.535784474185,980.8938118314695,986.424450957564
37.88769958746525,35.916884653621146,39.95262549167681,37.89103139209281,987.756440583369,1000.1436100992795,1001.523155599376,986.4062939640021
38.765288815052834,34.900554787760726,37.29932379518314,36.38543396225356,1011.1853074180297,968.7766943447981,1035.6936937235241,986.9522314731112
36.60624211643258,36.241284075885574,38.98364523292829,38.12325151655719,1035.4982245608753,984.4153388852205,1028.1111301757314,996.3799808779302
101.26040033106007,35.92892998468032,39.87604978535382,41.741299506172766,1019.2399844336471,1002.3339897000612,1951.4570937212147,997.3477196188194
37.10316515046166,36.44171848732579,39.73343389469417,40.86216581338333,1994.2681200848313,963.7160809511283,980.6837500742652,991.9178388106732
35.14366692758499,37.86860301799991,39.88517236620541,38.93577045213335,1969.3120167604657,916.0563949434936,967.8198091553335,1000.6781195472956
35.80730203503726,36.75507439191787,38.625522650023115,36.864577970484724,1007.0357588955596,947.6964524283185,999.2870249909306,1001.7427063323137
36.10306172649179,39.28730390135773,40.90072742804502,38.24577310470313,987.9163464790399,1937.1268959476618,1008.0634800918112,997.1726689593397
38.46223311817579,39.30807651590372,42.83614453435236,40.04096888741586,1001.070715589125,1013.2108217659757,2026.61040018746,985.0184164668365
36.06987601533719,33.776802265625236,41.80126992483457,39.16030607367626,992.9196783363111,1019.1498975684008,981.9004336014782,981.5790275442141
34.98582090609561,34.42631616305495,42.10174175937981,38.823271721398584,973.6114350486137,1051.7632117273033,1012.7506294578427,988.0386092979891
38.6168017246727,36.52648583199362,39.19169351134065,38.175339505194145,982.9925549792096,1995.0185884893235,991.2537948259687,995.9164319198685
39.33886777622526,38.850988676557634,38.98118492062458,36.53644379371603,1014.305351581599,1019.9129006916161,952.7488299610657,1004.678415779211
38.76033875799264,37.455488598072506,42.939660658438285,38.498969014125116,1025.8883098472998,1015.3723029183855,958.9710760023204,998.0146435269319
36.36710345532889,33.955615964002334,43.34444981129009,42.650785788955034,1029.6630391451563,1010.4884957798938,1003.3570803380313,999.7921526153555
34.03361762138505,35.851445788438724,35.36288474989889,43.781162107409685,1033.1841113570117,2004.8868835674602,1023.5680289428567,996.3172361777076
35.602946855025905,39.082335756650636,36.513992054725634,41.80447742360796,1065.0523461129635,976.6999867616155,1001.1060980937032,989.0941026932398
39.46633160134066,36.87334459520197,41.80617242586187,41.32731786451337,1049.073256642286,984.1784959569993,984.3301940136399,985.9713165578478
37.979340996273656,35.019497487572615,39.805862023381465,40.74325981701835,1002.9379161913392,995.5519221197388,1001.7036112434885,992.5230876270172
90.89801534246709,36.7499190704414,40.835491223435426,43.135754328044605,1000.3369618437449,1038.1591673958842,1028.3411075626434,1000.6965140061702
38.03154189935701,38.99860239497106,42.3291573667627,43.11497842666146,1015.7907272747829,1020.9157823078356,1010.7149663071959,2014.9307108072555
39.213640332674345,35.028597871342456,41.58439323875414,39.36089552948232,1033.9189931180354,1958.1210892436904,998.9840649564599,1992.8547125667787
38.24605690499209,33.457031306253654,39.92055466989059,39.00286288782086,1018.7264957916193,1001.213406851388,999.6595089236266,1007.0046291312469
36.48615579191882,36.81640109840603,40.060642436454984,38.95310756301561,1009.217093552101,996.5023286386196,1975.620117938383,1003.5298303599598
39.71917943609692,39.54321699367187,42.174888270546646,40.05450048161949,1997.6638380584611,2000.0725571584462,996.4149376383855,2005.8348979506256
41.0213806732155,39.30674335282214,43.83234407537423,41.581904842039165,995.5022842082651,1044.013296125283,1004.9766300087588,1003.594980174362
37.29713665757403,91.1215350959413,42.12658508053565,41.20001812204025,2008.2384050191931,1011.5819267854356,2011.6111585167243,1018.9276512330487
35.96492306246657,37.03389461542294,40.54278111839159,40.9983411974991,993.6892289854904,984.4947235469631,998.1401938503162,1014.3855792652523
39.37837639954135,36.25574207189773,38.93440751285074,41.16243045340907,995.1416609678915,1010.7178594557415,986.1043378679028,992.4087765629092
39.23750852777056,37.6181520281399,37.23903076422358,41.6479079588773,973.2311220074102,1004.8369552060544,989.4086795067166,987.6320876498396
37.19963317740411,34.016575907692214,39.4691643134659,40.89415352997533,977.0875240797039,978.5726648325026,994.0284490348286,1972.219711095468
38.074471554599306,31.569619613659302,38.871096611996855,40.655985255359376,997.7466143222632,961.5693877088322,999.6664020580117,1001.8662185576172
40.129872760148174,32.505862954592516,38.90496799272904,43.16945909337778,993.7827161205842,1004.9903179843668,987.131087301626,997.4122865254407
39.476939783933716,35.413335033089396,38.837238679981965,40.8696610624601,984.9552400621548,2006.5748926553745,992.8791651346668,992.2194363214315
37.53703489936849,89.10494066573754,40.196703280330034,36.26226070129964,1989.443310851345,947.5959641118451,1001.1900156388027,2007.215378834611
35.833917642985995,38.62201031352938,43.678877510435846,39.08671735737015,1001.2569490713515,996.1362284138934,2053.371876076946,1014.1249241013736
80.43125848145777,37.91274716924068,44.61055296265962,43.592880674873854,1982.0128407776904,999.2132062461078,1002.9911226062718,1000.1698229049666
33.64800257850865,33.7358474021666,44.73350092663995,45.81362186869371,1022.4555040211087,989.9635471139491,1012.0708114331064,983.8712236219158
34.09904916480157,30.142735229602536,41.89275128195528,41.38206001426355,1011.9798572275968,1018.4510775221024,1023.69293153808,995.4184406665142
34.08987258770125,30.956166216038817,38.96587011304328,38.24330644671449,990.7939258672604,1036.8037011640517,1016.5009352511029,1000.0996930853457
34.312256981281266,35.013892543180184,38.366574004039585,39.669517273302574,1010.5226904994851,1013.0422163765315,1005.3219738705151,998.6334151272525
33.836811132644854,32.15676578362744,39.300954845662375,38.42485316648682,993.9039589050526,998.8432152541259,984.5632628857429,1002.136037530781
35.324934550821844,33.68426100835499,38.49583592092887,40.070637799470155,970.5057071067488,1998.5590430330358,993.6218580861384,990.9706619379093
35.29461732766234,38.933977506927896,38.87641403229823,39.91075242671927,1008.7093258414657,984.9370207603126,1048.9136853996333,981.0435954087807
36.618836116673094,37.66823574455745,40.61777110762996,39.23551967845017,1009.3858367160744,1035.9791399762714,2023.8764734680842,975.8256687700172
35.05670371025417,34.756448680549774,42.505127932984806,40.96448280450413,997.0479454435456,1017.4102795673413,992.7063081139538,988.7158590032229
33.597459933677285,34.671634505381945,85.82024741557005,39.1295740044429,1011.5699922902204,999.1863483260171,991.8409016417281,1009.0585059334417
38.11925103244388,31.63375777719962,42.343726674775525,36.79365771968325,1024.7446781232113,1021.9468132882744,974.445522281602,1001.6522758873803
38.46114425014278,32.38069950102877,42.216744860496775,37.973759561426675,1014.7452069009908,977.1678089424579,980.330952346187,1977.649042793329
36.81111345823425,34.83164966683752,38.726104154069304,38.6655991358255,977.5048207490916,911.2938550621781,1010.4527460505415,1014.5072953934641
34.79194274102968,34.694207171677725,40.50966380847947,38.89032452056826,986.0449647327853,945.1344570373228,999.6421640562597,1015.2228942512078
36.65827615248736,87.01924978185623,41.24610315568265,43.053809325835346,1006.9141537813251,994.0173777067489,991.7338261251011,2028.616509232972
37.370070621743906,34.85512835104217,40.153132572095124,44.375430698095016,1017.9172148368584,996.4614859759772,991.8418136636556,984.0862340563201
34.16692380439878,34.23239356070893,37.98641475826173,41.51322627978776,1989.9930147069608,1021.537870353716,992.3837345394275,1001.5601482221878
34.60803412157617,37.64783947160774,42.68999015607938,37.8203176771697,1006.8619920111912,994.629640988604,998.1874004782433,2039.0495643921074
91.11581536755315,40.670559390350675,43.33757322275595,36.527814952908614,997.2959773430246,1004.4341755355481,1975.9623052145923,977.7104070848802
36.879836658938885,38.01703266105891,40.317256295972214,38.948223876027456,998.0296838716365,994.2345580559398,1015.2397835319268,994.5548560866903
37.016356848278186,36.80458314000361,43.17574853640227,36.94748883443177,1003.0228139443338,1963.2707430885805,999.9439305661267,1003.4980948686123
38.648840148618845,37.7796687610474,41.40394914617701,32.24415027989052,1015.6615300173498,1022.4492942355992,990.142564986395,1004.194490389863
37.63149350118902,35.344945097941405,37.86459226640963,32.56587346159057,1023.3890802217383,990.582852623412,993.2383780534082,1005.1643293676946
36.656364595586524,33.831781869719194,41.26855788421575,92.05765564663822,1005.3361371476408,2010.6268585936518,1985.8143672360063,1999.544841517727
37.88634701465025,31.979102297799827,40.98497661149949,37.02513860338924,1001.2449074702175,1063.4551448419986,2033.080420263263,2013.5525277122942
36.738342261012846,31.30702827006885,37.69673348811361,35.474945650662825,988.4754620340963,1010.949386919542,999.1596485587771,992.9019096760849
36.30590640915338,37.17289836079084,38.19506005925062,41.60549901912607,1000.7737004798116,964.9701657558215,1026.6431657692865,2000.5744097514244
37.8173214521455,39.32083802098283,36.164530133552276,43.537563253807484,1021.3599420288292,989.3366546467594,1005.7222479207522,1006.2160069234142
38.112741627660924,34.049544270349664,35.145965415643744,40.47249241884019,1004.0235903725786,959.1799488526927,1001.6281692190438,1005.7515985260775
35.796752925705334,32.875472788820524,39.08891862831836,40.15143165246812,999.6383149864233,970.7233196384594,1020.0915073643093,988.4356720998396
35.03561078253936,34.1781166463539,41.96324541947551,38.28755968206408,1001.2756646283661,1992.8792150345214,1041.7326969609321,1009.5422883674275
37.68333890819976,36.61953149014564,38.74622270630279,42.80431316263616,999.8473175727067,1020.6827142358561,1015.5027406620302,999.75558757717
93.21641204297009,39.96429498288117,39.73520399142388,43.41037670402403,1025.0061148660589,981.6464150078659,961.1455039463465,982.6040638884721
35.86838609636733,38.69735895738484,93.34432269465684,92.77371703873328,1017.273015332283,980.2021431828805,1010.8134594926992,1000.8822629623344
40.30432028086503,37.01605028468142,42.98676428353467,39.05137501461246,961.4124563905954,961.5151807147063,1023.09009786059,1008.0889118147352
39.47749591056136,36.401576231655085,41.76746381338892,41.92441967276269,989.2050340647561,955.1248527059649,983.0515658358177,1010.0702706934221
37.26961210861823,35.02124665370769,41.70155759285229,43.40244224083079,1043.4861497951247,990.5507021759593,1004.1528013943562,1003.5202621065946
37.28916635059886,37.819642202182145,37.55172553715749,39.78660467690902,1032.1644091923754,1959.468692038739,1002.0275001383488,996.8744529779813
34.42972907474208,38.76149969921899,38.6132906752286,39.88784743038799,1028.1185151667405,989.650755369132,988.0660620664944,985.3951036533963
35.3692415440286,37.98079471972977,44.08377761357998,40.97872678424423,1024.2657566959447,1998.8429058064294,1021.0348078481315,992.1249773816049
38.59728234660189,39.94023916321599,41.241714821901496,38.30541448554955,997.3401314116539,980.4914135486567,1012.0589874402139,1014.9998186129455
36.35535632665351,41.2350195139264,38.21227364317525,34.34431259647156,2014.8963788548874,994.8063592185446,968.3152951008117,1009.2394429619237
37.407429432050286,38.05915505896667,40.41877188944487,34.51864836237217,982.8245014425486,963.1530557492929,977.5794533502126,1008.9614267701056
39.9740032218096,35.29877671948127,41.36601154745336,41.018701023393916,998.8322906980904,967.2317583026972,993.9033227693973,1011.0546279248476
39.523133811219246,36.89603719546376,37.2893335213999,44.15681087603849,990.8189628547173,999.157196046676,1000.6749934467136,1002.8507232866227
38.41407142910346,36.138786396008676,36.38942778367945,42.83295623719813,991.0489388511323,1036.1606433993998,980.3180947217203,1008.7294696729919
35.491822615455874,33.7406480656423,39.67928532097808,41.392502436176194,978.4408542580704,1013.8187447694377,1969.1035983122651,991.75796538964
37.97579724678904,33.72734792567876,39.89916255898855,40.15876644284519,966.3390570198466,1001.305431924592,1021.0421208629688,1985.884377936663
41.39177726905611,34.59675557321991,40.03247026752025,83.819304942336,965.2815940776032,1985.1642792383554,999.8539639674541,978.3285303099474
38.204106376927,88.00718834294145,37.460200191637746,37.66153305197018,2027.6783115233418,1048.2064733929951,1013.7831021879138,986.278547163687
38.929795211370944,37.37325600828326,38.826410863603485,36.98959745962661,1025.8644122171597,1008.4533939836211,1001.7735838611046,1007.3043922054158
38.93693890219708,33.26468162849783,41.02682480005792,37.80581557545426,984.0724981665207,1011.4557892021143,986.243318157587,1003.4105426882008
37.37506404118177,34.65301906769848,39.537758026362496,39.99212402393545,959.9023261205035,1037.4834846052604,992.2272490890299,991.7140104771981
39.44808848161481,36.98457418433105,38.65154762200205,41.35550930451552,992.8153040972502,1968.509331679615,975.1974969239328,983.5199717314408
38.01346230331705,35.494017051055074,38.540388594596166,42.23898280589451,2025.6624068382494,1006.4706640527211,991.6948893910163,989.2419195568257
37.18140799798843,33.80607584324858,42.19614631304777,43.94101834533926,1026.1263862024146,982.6558987771566,2013.5684337242437,1002.3047533797981
38.68660230582698,36.1714518998685,43.9817850443955,40.03339734965601,989.4153749407435,991.6412082790648,998.7103250143043,1001.908813542914
39.17642461688338,38.34845147645378,40.66484130015418,36.81734901331889,969.2894911392425,1045.2662513919418,963.7041209215463,2033.345734417618
39.32245298569224,34.66004493433499,39.17671022328518,38.097935655663356,1001.5883978873744,1007.4626156051607,977.6848432716779,1997.6262690450747
40.868353448495434,32.22527328024153,43.67494027522907,32.99523553945791,1964.3393262776226,930.4450436456261,1011.2770624927107,1007.9965775126404
87.19275528106367,36.74115998190697,43.97173100648264,29.776780690326035,1986.4157876799286,1987.665034301989,1012.7953581498125,1017.7803924037505
37.91191910621612,37.79669852056708,37.87486893411818,34.28010912560979,1070.5623458192456,1023.5821641067121,993.0217396204154,1005.6122903006827
39.04435487601459,35.2117785220417,38.77716803533416,42.722652411586395,1098.2062162562615,984.9355808680305,946.4736568959504,1004.0855929204085
39.252429230832604,35.25368937741014,41.51468287128673,43.614254845498635,1018.1870568115016,982.0393224790168,924.3376619017902,1024.6724723015277
36.98423854921954,39.78788109912196,42.83933500533147,41.78280686453472,967.5609412270376,999.1292506681916,952.4752397147691,1020.7441964314357
36.119598277920545,41.18659247602274,42.908596062836345,45.62539396923662,977.8649394744361,1001.1244435505646,986.4160286841884,1000.8827231831849
37.792162425565095,38.08545512552444,40.41235215021088,43.20385448591276,2029.2982875017071,999.4898181853675,1016.0493475990203,2015.9084496355024
37.933145286290795,37.74733748346418,40.62510735590429,92.03524260943253,1008.9493928982996,972.227396361493,1012.4661477253651,1011.6945542433932
39.693923956747625,34.08382157857696,40.3377909881971,42.98489586610411,1004.2640853167105,968.7096259569963,2022.5443940481373,1941.5796902965246
38.90337986217377,32.76097100025687,41.402353462823406,38.8948185900981,1002.3200356064121,1951.2191291592003,971.6680503931883,1000.0726775492885
34.06894209296197,37.47958608024496,42.74436947052669,36.11579988923051,1007.7281642700359,2054.582768368046,984.3585437996692,1001.0809980091869
36.00279623467658,38.356778957097895,41.311641925756604,39.1105845177166,1007.1715956043251,1009.5992716192668,1991.9798700978276,997.7641787376306
91.62405365573426,35.47525395579071,40.63337771674454,38.447172280521784,2024.262698948797,1006.2453658759604,985.6692370237964,991.0909759588917
38.970410104250774,34.109426396140954,41.759101454676426,39.01025183840351,1012.3804240985614,2019.8089950430794,2027.4450955216398,1000.4278723543132
36.73600578484684,36.438186652545895,41.71862818414775,38.816561400441785,1018.8249185255573,991.0256611673856,1022.3756234079872,991.7399837608039
37.79784950232565,37.06323830330483,38.4070021788573,37.050184769799614,1007.5461576043085,972.7281184805629,996.5339617096774,991.3800395123235
38.48319674330027,37.72076100818097,37.17620705276807,37.90870539120348,1007.5537455219691,1006.4495997619965,995.5554922483971,993.5583303103232
35.07319122465485,38.36305626117661,42.28993114458464,40.00055291949265,1005.9704925206363,1934.8947253495016,994.3166406718747,990.2716108583161
34.92748173941669,34.50440820910406,44.05886992884452,41.031174268667726,1978.6963741415552,1004.1314669408703,991.6685804066624,981.9938974434424
36.054067695316526,33.98520365577146,41.332804209512396,40.13786988627943,1027.44020464645,1053.811795152615,1010.2165658552649,1007.8848739341621
37.94259669265071,34.62758512989652,39.70858599178911,37.9871201460154,1016.9944812024685,1039.7676296226878,1021.6541241968125,1024.0529678533358
37.494127668005554,29.85731753657051,32.6255438061049,36.77234366931706,1010.0541733480828,999.8115294580412,1017.4879280279216,1005.02101395212
33.20735821424559,32.5446195517282,33.664196660688106,37.28120131495548,998.2082686394199,1000.4553673398286,994.8655908986661,1027.2141477476957
37.06411833227709,37.839885181769645,40.24496328827474,37.30508107138668,1982.4923978657814,1008.8151055154651,994.6487165156504,1030.8450817404967
39.90970412263577,34.76355354353452,39.98916373809608,35.994457984182674,1019.6902573702139,1030.0331489824819,983.1125831785437,1004.6383127602526
36.71360774733147,34.277359648437184,40.56520241006422,39.44632438876565,1051.2602010601129,1024.9652401760295,958.7695579082754,996.9365140775035
36.64432086623691,37.297923192868666,38.88449135149291,43.25035752516142,1023.4907849959102,1014.3679481696375,953.3002652537359,997.1002489929151
36.47734675023723,40.968017463225465,39.131530706400454,41.127263753646034,2055.8383904065054,1002.5432816789928,1999.363549429192,990.7272441708358
36.96884643494713,37.48317034148352,42.03304986056112,40.746030937958025,984.2676879912319,973.4841772187638,962.051216819626,1007.0777749205363
38.69014062465352,35.95354497794941,44.849637650755696,41.760959649745516,1006.3099069095307,976.9824875694417,1971.9632606900818,1006.2759128901351
37.50696476100697,39.18825195447222,41.20071417538974,41.20731868641944,1015.0187762720159,995.0985638857737,998.8390649793621,1000.032427237859
35.6454580676496,36.92369906036906,37.572002169192544,40.75426363351095,1008.9580825627748,1013.893463929429,1011.931546459065,1014.6614494164878
38.42574342146339,35.654328301713356,41.026440762082316,39.31348675552176,1037.5193855395519,1040.5739252926128,1010.4052159821194,1998.396237892627
40.47862539042988,37.13922741199252,39.16199808489949,38.570601471547874,1053.3399868806569,1072.6153749005593,1999.063494673383,2036.5436777809632
37.78403667482575,39.409809866893085,36.39219444193665,38.28169746626929,1022.1669211793072,1091.5034761837608,1018.3922770113656,2015.710530423436
37.19105341161989,39.38773474738986,38.62207574128962,36.516671212933915,1002.7393081816272,1059.5581454508488,975.5568249122664,992.476045707629
88.48988867023597,38.129330967937776,40.91561329911584,38.147276529748474,1024.3268047521628,995.7060264982097,960.2497073368766,998.907854621797
40.62346764284744,37.947040083926346,42.45151483612531,39.473220864735794,997.055434826601,1011.0079365270287,961.0449034824152,1016.2496977161915
40.227312498414406,39.617513789392646,44.270361729362506,37.88580834884854,981.0149979923773,986.8134154760521,998.8626765534545,1006.9686284109524
38.630347322521956,35.94462620516626,43.70587177361165,37.698020255613244,982.6775092568364,958.3021713563335,1017.5747103957365,991.2762069965877
38.789212621608755,30.602666580742245,40.301222541049995,36.5996692925001,974.2503774461802,1979.5769968026166,1019.498179971408,988.0135769763986
39.576167844224514,32.92881527521689,39.454535355813164,38.35080888756769,985.8260005121724,2019.8093356917068,1019.341660951124,1000.5346130486465
39.04770914599705,33.89615276183213,40.48669884804333,38.81583059061951,1027.5366024033988,980.1206354349438,2032.9748616127986,1012.5858192670426
38.342986469886384,36.28634911012374,41.36828722106981,39.395670337031234,1015.9334651024244,982.3970000746554,981.4235474428533,992.656530077161
36.7273216656731,37.915570233105434,42.01384304985739,40.47406913397626,973.7730103357501,965.7577431618411,986.3768630297883,988.3428955530445
36.68553229678194,35.03884630935526,41.06542715509762,40.372650788793074,2022.383300181102,953.9673809872229,1007.2299882739519,1008.1034273852794
38.068270385473,35.492768638923565,40.78977827521428,39.98405515653489,1997.3231962791292,1001.1404976865153,1014.1109177261802,986.5519917420503
39.62481204311676,36.493795100486764,42.41345973754166,41.15407758795449,1007.2159918449483,2007.1239741394695,990.0822780716966,988.3851439764645
39.44712110993902,35.28218803919151,43.32277275733035,41.12416582573239,1006.0289856701575,1950.6488407567726,994.0226273754793,1003.4122299112731
39.140286902511775,35.78645480694759,42.879064127663916,37.868902138628755,1011.0626597546802,967.7753620764925,1003.0694455910369,1000.9432068902047
40.26972012663264,35.827457932519025,40.077105396563624,38.4199346615752,996.8614505744692,951.5090118056121,1997.0503585595172,992.8873619679738
37.274776136765496,35.54198427738119,41.09133240108207,39.499229892684994,1003.6907197013893,1025.0827000779375,2015.629920681468,987.5505481602725
34.526856351665046,35.82645091984908,40.45104279734092,41.839897830947244,984.6319065774621,1069.777024637308,1027.086960016399,993.9788883302606
34.80968151894675,37.1599701862591,39.35607943492692,41.961421003569725,990.4162261532283,1034.449459833595,1000.9000144551233,988.0221125659991
35.936530413838916,40.95718130121172,41.4525277424119,40.483190791669855,983.2793452307185,1033.1456363745428,1003.870886475235,1003.38979987056
37.1218808871616,38.34258484320552,41.61996877149676,42.213118485326554,981.9013393786545,1043.1752504115575,1999.1227718250987,1014.9059929240042
36.35815383056883,36.71284973336842,40.391303482342195,42.739221850589125,999.2642577780754,986.6028329754656,990.6742118367722,993.310646030446
37.374812463046354,35.87796997929115,40.22895490015151,40.27373522767928,973.3774739758746,2040.4787419990162,2002.4122564225563,982.3761724553092
38.42253444818431,33.43822776832523,86.38208844055991,35.95453094931355,973.878288407227,1007.5806951405863,1016.3968426993383,1000.6538682675521
37.61142157104219,38.182204500744646,38.83245958585553,36.81374543753884,1974.7500155756861,1032.9984586360947,992.8829813650955,1013.4549143800544
36.676917250814235,38.709617435279995,38.98164990896311,39.95864732208173,1002.8903977282372,1020.6156176125123,967.7703850750845,1998.388686061359
38.13544203476019,38.186993701608316,39.0028989073179,40.923436015120785,999.4708026297242,1019.9840571573409,1003.2257156282853,1000.8994336102047
38.80242817509385,41.65184393608811,40.806307626262424,40.48328267788778,1014.2143661203024,2043.698229495618,989.284811756734,998.7860800787329
35.80959238122699,39.655547597508914,44.03473139888647,40.4365582395495,2015.4033788664376,1032.7109564619752,961.3846848073805,983.7823960972848
33.46147970394992,39.18196758815044,45.104973939570016,38.45685945146727,1005.5040900619099,988.1931241632957,1998.3145897222444,1956.631531299644
36.51582748930737,39.421832615342666,39.9712647421033,34.70551357369544,985.2981719354252,991.7608150491112,995.633787526019,2007.0306629389183
37.9411090982004,37.79723261096234,37.37802999914576,34.27647163052515,984.584436630483,2081.271200249683,976.4466006591838,1006.6798890830441
34.948792215562065,38.54651624528455,40.0542303911801,38.79325446616534,1011.2244294797217,2012.573782719712,991.1523953302176,995.1881048219548
32.123063921486306,39.774889047018306,38.69154850492875,37.76509937388073,1011.0655276124509,1040.3132756937744,981.6264948889508,1002.0917916760623
36.622520600880044,41.54310876599868,38.13331655925029,36.097190669570175,1962.3237445587956,1033.8051896131938,996.8018365177627,990.5016410106466
41.166745299553696,41.02264851322343,40.74524465489601,39.68973858765101,1013.7685411426723,1025.8723948674424,1021.2716280741539,991.8015649093456
39.65731380625776,35.83105103862816,41.537320618696356,90.3379711090653,1024.2416241684914,991.8374370877575,989.3350067193853,2005.6456354202437
36.62282371070611,32.91627500568313,39.92057721840382,39.16310110216626,1060.9583519754017,980.531748753793,970.4708920929181,999.8650748364794
35.07749513313658,33.712906236916695,39.78626196598335,38.25122734664663,1008.1841764312967,979.9516309960486,1020.3467974731844,1017.7668052587624
37.51333525104209,35.553443915552485,44.422017579679576,39.868244514499395,978.3928011353837,969.2043308653103,1011.8724156158152,1011.2168917099189
39.425064671472924,38.83180301140757,42.568402758161646,39.30477626942674,986.3284560958355,998.9971206979766,973.2375143694974,985.4256129919352
38.6822691989569,37.48321769695447,40.53960016946313,39.32598989624285,993.46622539583,980.8077949510215,985.5430200390365,1950.5603982241405
37.43639115728129,36.33809083000315,40.978272139296415,38.46037852153553,985.0171790695799,988.2041540158398,988.6617097643949,997.6829947250357
39.46726393644998,34.11195757468998,41.66064688391718,37.71598879089098,2015.203564447389,2047.709905516812,982.4417247018416,1003.0837773173135
40.8762152247244,31.803195739159673,42.17579514671398,40.85667404014927,1009.1899710381431,1958.8995832117587,1010.9646524566922,1005.9037287209317
37.22096997116495,39.815063175593096,43.66425052436228,40.240165221261336,1032.2936245272213,1026.9018191763596,1989.2366981534053,991.6712895932432
35.75150368932567,42.026715279407874,46.352040088504516,38.46813686937885,1050.4687637411334,1069.10166044179,1016.4165143669061,2033.693337061031
37.207558666306014,35.468245078747,43.93707477085669,39.76359306666018,1010.5304570202638,1039.4084908708066,1979.3195394708619,1965.6043456381226
33.94396345918546,38.02411040700075,39.77282514476718,40.12098503342213,991.395500307792,956.6887039925682,968.1485803507467,974.7350319879956
33.20824006139808,41.513438721800874,39.18564325208826,41.968561564820746,1018.6954153592974,1006.5259077938695,985.9115472703602,1005.8862789142606
37.21003396089657,38.06139697916378,40.47619770655854,41.839342162650894,1976.8957656132957,1009.5112324185543,963.3785208819207,1017.4774694246407
38.20505763878714,38.10776048611042,39.62708047473025,41.36392998906176,1010.2975349482738,963.5353682105306,969.2197870992941,991.3981481877556
39.01537214103551,37.55671553968683,41.080764350902,39.860259281932485,1007.731865542128,1001.6158470160001,970.1032991390721,998.6887488281577
37.27443708728047,34.51764104278368,41.46436164966505,39.18471002122139,1009.5737092203124,1004.8154441206228,1978.659165983677,1016.8104785405776
34.59287273075966,36.16915340304035,39.51248714257687,42.764528773555604,1005.7149159784103,996.954954276324,1000.6272913697974,1007.7595488439491
37.483892962704495,39.77049767398006,40.54760642396833,41.83095669582403,998.2154220088992,2025.4339544415834,1990.6431859223437,1018.2717492159163
42.81271821747795,39.15517849414364,47.126815274512865,46.75811679661336,981.4217678216924,1001.3557343091227,1006.7200263823636,969.0830502058162
46.04404500909348,38.21333056942915,46.69880610712905,51.09283341377778,953.7318380582957,1028.7670954282653,2011.5206012942583,942.1315297463
43.40003100038162,39.87603823586251,40.92921778799021,48.54312659009728,961.2668496888095,1018.2317595620743,994.0207766403316,995.0147929375403
89.84909706358644,41.470936812135534,39.78920918935478,49.57784349006454,1002.0992894266049,978.9580692309592,995.3941989934083,998.8116339727007
43.89070905724742,39.34964318153047,44.58684546165437,46.815842110340554,1037.9019287292117,1036.2725160062776,1050.7036268728725,973.9643106626058
43.6189480938438,91.90915739507643,38.82817573936873,45.01331905325544,995.1558346154031,1972.818555480623,1033.8261354319363,997.930842233025
47.3828677593402,36.20972442255648,40.53368887990932,44.2113065939286,986.0376039248922,1005.6204705187818,958.3247933662233,1021.183556341398
46.41322206637664,41.11756129633916,44.99025024212924,44.34778204249106,1021.5072120525066,1042.1412209559521,990.8154624580493,970.530341177428
39.72780272777398,42.12590522396324,84.16047242275394,44.037325279146984,1011.7284690822055,1030.8750779618874,1991.1714265833223,972.8407363908824
39.28499514432217,37.57641342236106,44.36939954157448,45.632159342966816,1057.8239934921214,1001.7778384135333,1017.6596801584736,1989.8866980561936
46.1408925640484,40.6329030680906,93.90272013815854,42.96318298096597,1060.4436558733742,963.1478005163199,1025.1057895361669,964.6845755065076
42.279160163878856,40.504428902428785,44.02504908766465,41.71733411650692,966.2234690930795,923.2806064441652,1057.8540932086307,939.695793290234
43.95369823564961,40.35403819278349,42.48935830734226,45.961172988204574,968.3018000759874,1001.347489147208,1045.293023123717,944.2280776358259
48.71308179151319,44.110282639722236,45.100676648255615,45.202080914089095,971.7663349962206,1038.3980864911268,1016.6101232522947,892.8012663836929
46.73617322036964,44.03034574465656,40.77188515341463,44.52104578286462,1975.9853433434369,983.4479207346305,991.1502108025684,932.1684774114926
47.508626405887455,42.26449629932878,39.71585479191236,46.51963676105755,1003.5976905671455,1025.0089590615373,1011.0157560572808,1048.6537284246506
43.561898627094095,44.18224081829223,40.19791815104497,51.95996079741171,983.2109457993236,1058.7141049126624,1050.7914945117948,1039.1542074746671
44.05523451275569,40.97792631412133,34.309211657994744,50.13130760500012,948.2323769986274,2074.3977874409893,1064.9263341857668,1017.7083116415637
45.70795201447347,38.57363265124954,38.2865308767052,51.38685192024312,960.038488178107,1022.746482747363,1033.096825607841,2027.245613513705
44.008100393045225,37.71028093711537,43.84866992291827,55.88292595185831,2010.9522333854059,944.132202320053,970.5572919270522,995.8584016739208
45.71786562933144,41.06715382730961,43.7395691308516,48.87699309251951,1046.6886318985783,972.281459037233,948.2333385960691,1006.7948370354268
45.03793925176557,45.07162333715553,43.89449847106074,52.48789238950759,1003.2927748889174,2030.7184391424348,963.1825002604751,1012.0681757025822
47.549171959890415,47.203634766212886,40.772450114730816,54.75339085706822,986.7703612944363,957.359632477975,975.1251382989526,1001.7725515768966
48.825173108808656,44.97571294313802,43.942741186220616,43.768374660203534,975.422042772429,1002.405893210759,1022.6446890653929,975.5043850244691
45.20914793761163,33.968881887617094,45.700000009180414,43.25186545554945,980.2320511091805,983.0274026911252,2002.9422738518351,998.1008014043596
42.01517444974228,35.61742656988095,44.11891942117862,50.971145515665,988.7708423219443,958.8755820493321,1027.2611690108954,1006.7185402665998
38.93689222245219,41.97644985976355,46.129679057317276,89.44812382412408,985.4449838274572,2049.9298042325117,991.2307383433297,999.5205295835415
39.97605598397586,42.917183526367765,43.35060769155275,47.33582866993871,960.0783760461454,1002.2180117346278,1936.2237039821548,1052.4913057015071
42.60772624559398,42.50666457952576,41.12646031104957,47.655981937905025,969.3229065471145,1062.8827403020478,983.0067771843719,1066.3817299878438
44.6285710998511,40.88884284399563,87.33143997430862,49.294136514393834,1025.816107464983,1029.9931250366126,2044.3270190330973,1048.0728144175291
46.25521573320739,45.453627048159845,39.454114044668096,50.58612424301229,990.733239764864,2021.8124771195633,1064.766654652626,1021.8934623679039
47.538223141253596,50.44046319252642,39.86581883082511,46.44691860806101,1007.8065536059626,1941.3805269308396,1030.337204318027,987.1006103453758
47.26071170452131,48.07701436228239,34.399298863056956,43.071738257654,1060.8668085309193,1011.6460088853281,991.7097244195021,996.9398024289023
46.304162495752664,46.665460113672694,39.75742984040519,45.75033156346251,1029.0169734280712,1034.2373821011715,967.4808031205665,1002.6026185319511
44.76926465045344,41.54939417648454,47.927874163320524,46.10759744520756,1017.4683224277298,2000.667715430456,951.9292388478775,958.7028672364912
42.52608177479449,39.69556467948894,49.704198920611134,49.158966708951546,999.732783263526,2012.4988395727355,1996.855787036734,996.895162288928
45.8967396326617,45.862268713993416,45.20163851186825,42.56845423335498,994.247369706588,952.7529621704571,960.4751775492425,1065.936550821862
40.56290496512412,43.80329956961097,41.06637688894081,38.98121330389241,970.3452706120387,964.9001791891601,995.2774406156441,995.8468345690038
43.63981413860657,42.581975506236425,48.343790429292284,47.573175131735866,935.9763255269518,1005.7805607172161,995.3330891802477,983.8587419251089
55.93667218161481,45.98610268263987,39.036611478481255,50.40525861754746,972.8475581927336,996.7283567186469,994.4351400652841,975.1039723166057
52.66251245935538,42.297153277928196,31.254635184325387,87.98539376763779,995.936214135632,1008.0489842517691,955.1801394574782,950.026340888521
47.60286815383187,41.217025080674944,43.5524720370921,44.53050218236042,996.1622821565772,968.9259164475473,939.2484751024688,938.6666236194831
47.33770619966114,46.741368345845416,44.514610294305015,47.51939205463819,996.5807161303269,906.1603106868138,907.8386708829398,949.7368980620945
44.95913032903003,43.577848583130034,41.417251336680934,48.35035555250853,987.6126290672419,971.9112849139256,932.146258301548,1013.4030030823058
46.43073305175305,93.09702577055668,43.157077640605635,46.328618120666576,1993.0919545233226,1031.5334272674309,984.3841743052159,1028.8768921806495
95.1256438256218,43.55669963762898,46.348139345087475,43.468163049642484,959.323368550731,979.7731556213294,959.3546691522281,2014.9458275775182
46.81661882931526,44.92828761628547,40.58974545272673,42.499496820723984,933.1743257328253,1998.151772149597,942.6246168730968,974.7656045234653
48.7064930476549,40.31848665192757,42.60148371950474,43.28455997313844,1047.6991475074246,1001.6855150728562,967.2755938229229,976.7069609287283
48.59349937622595,41.262680598266115,46.8290855579659,42.501621001160395,1069.5982508365382,989.2244552816878,1023.294913290416,994.3556075578949
42.177592748664495,47.04978720258133,43.64865773653577,42.52429352380267,1021.9621308978478,1022.563299111878,1000.7823644868579,1041.233972641186
41.43195677732412,85.71882784050025,44.85586178660112,47.14510284168635,990.8058989020128,1060.5820252489762,983.5381254545875,1074.6428946128212
44.07275280148449,40.54883274945507,42.78542506212936,45.84881877677044,1020.095534243123,1014.1128784332948,2035.2707023926428,1026.6792868290133
44.71772433399876,39.5843463424779,43.500589035281514,42.77961598939244,1015.4766939156341,986.664319897292,1987.9492428288988,973.7928698756492
47.97292317329105,43.16039746622354,46.76225688069852,47.230092423961345,1953.9114837817322,964.914328609802,935.2000989681129,1007.4460174280057
52.5565765877879,39.340407859057,42.714271313067954,45.34764506885111,2016.1981428214926,923.0687070817162,1000.1108325116943,1030.0459426404134
51.56493944693115,39.721390967329334,33.74780042210916,49.14981224583507,1038.0611273481215,1976.1807984180996,995.1803414773724,963.1593399397254
51.377341654135876,41.85527881055387,36.16351613354456,54.67332582316836,973.8059917143871,977.4631457988429,1046.980084755586,932.8359262101243
87.7133836250754,40.432861479893525,46.99586254082795,54.76610928400603,957.8119014549529,999.1430517185122,1086.9025810822586,975.529786991923
49.376911166090174,38.29957513056774,47.883988773341386,51.5005641933206,1007.8571994961259,1020.5548932947338,1049.5501726257307,957.7280510801645
53.084883645465865,33.18360014554477,41.53732687845007,47.266655240222505,952.3973439348974,1046.3476691410838,2020.4716666724917,995.8709598507473
52.16388152418223,35.530193145806464,41.36076089486046,51.14759704442167,933.7808547708482,975.5803314618834,971.3302144779084,1065.5624400446277
44.90881618901969,39.55252060578632,46.12961534418163,53.85635048312129,985.3352736502083,927.8199344632342,991.8899334861187,1063.1349407488883
45.1206134754664,37.421780762856564,45.38419274479779,52.777198838353186,1003.5942932204123,962.7626031020604,984.124618263895,1037.6614704761535
44.68298665349104,37.8339317199477,40.25939423861581,48.31243170709027,971.384965252111,935.5238411148423,985.2214266838723,989.7118259591541
46.67257631882008,42.07405537903739,85.5108157318493,46.62538844471305,950.8789463590094,973.2526904936663,1003.8081743624819,965.200855106955
92.29574292563595,41.574816009465415,44.30205084030915,50.088504932086444,973.8986363892709,1988.6370619640777,1038.1366833095913,968.979266582686
46.26746270804002,41.973605023075805,43.81357236710164,97.36339754533111,1043.4610421938646,964.4380381932233,1064.8600417795737,988.6704548917537
44.769802846223044,46.059272532696575,45.46234935761974,47.09738686456919,1060.097263257419,1978.2594223904302,1054.041058170389,1007.6305968078361
45.606151407051215,43.43895857319984,49.024641509874854,44.10855848119003,1985.819420490456,2017.344151074732,1049.583267966817,1026.6951973388236
50.00830570064829,41.335332439358325,47.59196210169626,50.00631896943192,920.5356876726578,1016.3517360894318,1051.3881497744355,992.3587793855586
50.82285895744429,38.75347355511467,40.631391901513496,50.07658792041643,959.5636951007486,2013.927158416509,991.122132286561,981.5658585120971
49.40385611090083,38.79713366594573,41.55673626924519,46.1697956167921,953.1600261034253,1024.2882295379095,984.7921122098128,1039.2042758730695
47.74510057316845,42.51374576755921,45.70061652269317,44.06310347072216,944.6821997661482,1023.5478839773034,1054.2524332423548,1009.343482945319
44.601250977535344,42.266993337066815,47.4000035354706,89.47537497800357,993.515150320873,1016.1025292006843,2049.326058896664,949.3145291489491
42.02250281137708,41.99587011916608,51.161400478355965,48.538447544373525,1034.322153886665,1016.0906321814778,1981.6173310625163,932.8859239009445
42.94254650084465,43.86575056211692,84.78001362417257,48.76741917639674,1049.1993821281853,1013.4524373941348,939.2782120744238,950.9588787115813
46.35851277042771,44.063578875581136,50.63061991605619,48.89738854939908,2044.7154124455942,1010.7661396467159,1012.9449773153585,975.7896095758415
48.05399245009555,43.366107793364776,44.508826651485045,51.03442002257798,1013.541426371067,1031.7199931366622,1027.2709533846892,930.3220607843857
53.593998068793084,42.53890172233662,44.73013027091989,48.64398177329173,1967.8054805239206,1990.260184675986,1014.0170624556588,945.1563939636095
50.18930244964136,38.27424908333949,41.59025086447074,47.342335268614185,1000.5996503256408,1027.394155359004,2008.4979592367752,967.6905099002154
44.04591721428965,37.71200298511117,40.514145105624955,47.23564645639795,991.1498539148257,1015.9345382895917,990.7686499090995,1976.67970494645
45.50802803692609,42.52626730032827,39.63736004574396,44.080121279918075,1929.8810563575303,1027.1624770171852,1021.3344466505885,2010.0710125961302
43.706219643938624,42.35752856186343,42.02140871593227,46.83406098874117,977.2038059671177,995.6243356332434,1051.4213257176946,1050.5542617917804
42.61768746571205,39.76051156457274,45.249593818035535,48.220874796563756,943.52842178079,943.9256206950542,1020.9218020287611,1031.8999085039823
46.403484684001114,44.18827457433421,42.88254896228152,44.30722076415071,965.5221868183444,944.8418856070768,2005.6181028468316,2006.9881352866184
47.40257181799618,44.21627114438827,42.50040547743026,45.92472592983731,1015.3915149915766,1045.9324531703774,2000.0149545991758,997.4502399700181
45.00732218947911,37.25181701483649,44.64561305888961,51.01588221915861,1045.0122276934617,1097.4311267276612,938.5382341373197,990.1764921629293
45.05817691314218,37.671762961686696,52.48963233022992,55.27819370782773,1019.219495520174,1022.5776938651347,938.896866843364,1003.114567400735
44.96059732318342,40.15166200969091,52.65432995450644,51.488695744726364,983.1908930776356,1033.9739427215773,1000.5524648438661,1005.2448275845436
44.89020059947356,37.581119233325786,43.52004614238038,48.81791428542283,986.06082931987,1054.3608289503932,975.357355911778,1988.5707069413568
44.21211447308914,44.96034294690158,39.757440187259505,52.38616588661215,978.9755671431053,1012.8838055546462,930.5693097381702,975.7818865556991
42.80138007295572,45.89156081258792,42.2539453349115,48.57739199209401,1987.8790362310094,966.3491315368208,1008.4884064961923,957.110026147412
43.61089868600641,39.44051867500161,42.21254478469017,42.910602442346246,938.527464875692,959.1395259953117,1996.612922346434,954.8789959257514
41.93371732143349,39.199573768608104,44.581268065408196,43.478832360687036,971.0327077841675,2021.010898706001,969.2319408916956,958.801467334054
45.22240385700937,38.7332170650899,50.174654560785015,46.85841317469377,1945.5394761755265,1009.804515412109,957.7128423666857,981.736385192979
48.1789760384393,40.83405437292291,47.97501878919896,45.03849767384801,972.7950212766362,1046.806011800786,962.055641510507,1007.2322126886299
43.93444835220325,40.92008902120861,43.74226908572488,46.819447318087676,979.8899816678478,2038.9622703422215,1003.6000739805372,1012.2746573678637
41.968917148399456,38.21064889324769,33.847914722430026,47.66742162813201,959.940341417754,1005.1658747807714,991.856735794019,988.3296243513369
41.305625656819615,39.106996798202346,31.817571346816003,40.79072347513967,925.3790668886495,1001.8733362596417,1015.9203861142307,997.7276066674947
42.7227992680635,43.222964729133444,43.56742866049723,43.51308877147963,948.0637878432972,995.4383765765855,1030.9644942053278,1012.5470308555075
41.30258007920118,43.87971826017635,47.30494533596853,48.674404667310455,984.3304281202704,1045.875169053481,1021.2788217933262,1988.2196293462284
40.047336373566026,40.47333959577395,40.8821863356862,43.662981344244784,1023.5242174484054,1065.6409969422848,1020.7364704725221,1019.0594095644853
40.880430361881096,41.331884580323205,40.3126697106988,42.43449042831341,1023.7846866630927,2040.0970946976558,1973.7276836528015,978.6068511475137
46.02249619416489,45.15412843929326,44.0545690355981,46.79787462863579,1976.2758270007998,993.531775585579,1021.3649375957953,958.0140029362728
54.17117735905104,42.1104614445499,45.50260000636954,44.49949252464742,976.6943533600238,1015.6004396259946,1051.1710958285075,953.6807872753773
54.172298278499916,39.83490584447485,48.332734415800445,41.05312668092296,2006.0842355368732,983.5688856227014,1064.9596997366002,1018.2445294251088
47.3759294251731,41.724379128661155,48.84189928488968,46.210544212671394,1041.7309760082262,2010.2463043923228,1004.1633647574196,1027.0059482544782
43.742621868244605,43.168154725796036,41.22663935127321,56.42383690233477,1014.4758510416946,1002.1283335190923,990.3834055076609,981.6565957940699
46.88616091081903,45.70575269601781,34.574142724912534,56.814499841691074,954.7826169788697,960.9097644637804,1972.814538744396,1951.0816789995301
45.9754408540618,43.55988276621187,41.715152563653945,46.21017104373033,949.4012336130313,1001.2381631500829,1007.6783535491043,2011.9657294847798
42.253770749393674,39.16292762092405,40.49629099532291,42.17920309604749,990.0226740281088,1042.2293998081186,993.2045225464228,1023.5277358681872
43.43620862609995,39.95518908363631,35.82268261331474,44.45514733970214,979.9581849230701,987.8523770548953,957.0616025868032,1060.4583330816763
43.672151907563915,42.27466768527056,43.50356636816172,44.96565528211386,990.1692969642248,1012.0336059434369,991.3400966393481,993.5821350595767
42.01325095458432,39.10833546723334,45.753043705207105,44.76297622593418,996.1121089292556,1959.8781858002283,1998.2329720014754,978.4322053486788
37.45362748399569,40.925380767167496,40.09292935739869,46.02856474433796,1961.291835524608,994.0217265721922,2066.632579446448,1006.1659440591529
40.19766615744386,45.34737542733029,37.96968598208589,46.211581585154704,995.2742544636529,970.540892871913,986.5547872689734,999.473192582626
41.565786604846366,41.436646138525724,45.86431057679147,49.91809646513515,968.1757025034458,967.9021016955209,1056.834279154296,997.934475593479
40.570614805817904,92.34622674082782,45.324237952833364,53.570212744059674,968.2493722232552,1983.2676573960691,1037.8154767645035,1052.8936337010782
45.824945042572836,42.09375858720094,39.34202063455615,47.730596231285574,979.2878216902532,962.8071597706792,963.6481883069033,1987.2282551082835
48.71436002615597,45.587727716583494,41.29471316600651,45.31044370228055,990.4730203689696,1044.2591416474404,963.3918489067555,960.282606755709
45.50653095547402,99.54144854613605,43.989522969086366,52.92565846919831,1018.5375306348668,1045.32765837598,984.6520019395713,1997.512809105457
40.489210716851616,87.7044558976531,49.07296931025819,51.10387842611958,1001.8549943898877,1008.5952007474843,2029.2889715770293,1018.5729982199304
41.045766940686306,37.00428657321759,49.920694607080605,44.39852515564365,995.3397199095585,1011.0042253106108,1001.7906190428246,976.1677315290065
45.97810445935643,45.64092391750667,42.74087633096931,45.70085267649489,1976.1706754318288,991.7240797376124,2010.6455423018906,2017.3891613817773
46.18502089548843,46.25658040645929,45.887772675966765,46.27977322680931,1015.6032667162642,1018.6173184014228,2001.1584288412914,975.9305959654349
45.990298685226975,42.288814848758776,51.142848387518214,46.580306859275794,1065.6634396034062,1037.6250382304495,1948.0909821350638,1012.9010984003735
48.007019473564384,41.6773110904205,46.866394745619125,51.1045546415505,1034.5434060269276,1048.6354931072817,944.7498684866462,1022.7498608763372
43.615950519735705,41.216337761729896,41.97543825807984,50.29450779638083,1018.1055006056238,1032.8284825862147,965.6141778061963,1025.9528198704022
43.03300887343628,42.944283201132635,42.65374035421807,44.14422344999557,1008.5225666879123,997.5759122537866,983.3253797677432,1014.0782772468714
51.210512081585165,43.69642848226438,41.209963944690855,44.49742179914428,987.7711018977358,2009.6875162984115,970.1724870224775,1986.1374184696156
51.250283308546415,44.65807718361535,38.48226223830354,45.119130192325756,968.2779307516583,972.6669235730935,974.3949776808063,1003.3928803156255
44.40754305226565,42.943638315818845,43.13117518736691,56.976459575215465,939.9124487388787,936.4405929563234,962.2500723858382,936.4445753487851
43.539384635352356,42.90067813845812,45.76220580699618,63.62946153501993,942.873447852726,933.2828999669923,975.0636527201759,1990.3261372129255
41.70011963479266,41.37424931610563,43.45671418144144,53.06325107801973,1026.4006564282085,958.8600335569902,2011.9009414365114,999.8190761499325
39.31828553425367,43.0577273372547,41.364903720583996,46.65399343824207,1965.379305127926,2006.7484448111622,988.973495017878,1017.2098728795918
44.70305068350282,43.08807729174974,40.56669039400191,45.29058078646739,1047.2502558276844,1013.0711999965864,1038.7448748789975,1034.1203686116467
47.49543062492455,41.40023015449253,42.276622284663134,48.04318239424566,1940.6787786142527,1003.4486585888485,1038.630035999075,2017.2575731330664
47.05329193827657,51.35708195222155,43.57310387591947,49.833264620301364,1029.3346574372702,1995.7102486625386,1017.5457201519423,978.1819417995029
46.53290302655553,48.754570053647626,45.375536689814055,46.18345692041376,1005.196359825808,985.4045058548544,1030.4279359181426,978.4580329437881
46.62504373162064,43.46938568992334,43.95637558478856,43.17047530540616,1004.1707922801429,1038.8116356153887,1049.221539166222,980.2664994642662
50.61506764177231,46.72969879866736,36.977470632547366,45.95068355061579,1997.9825367618487,1028.6607140197002,1002.7264668947498,988.2451494015675
53.21586623049695,46.32279349638008,37.05418571114785,47.79860889875718,980.643190654161,1954.562150543169,978.9864225602349,974.8947811370977
48.8659031571317,45.593831137725275,43.937535017751514,45.88737455769289,984.7980611093892,2034.6169911252625,1038.088720166496,926.7885528403256
43.10162732561332,44.80969929785658,43.751376581967165,46.1953845081116,2048.529266725367,1016.3491876168896,993.6008053809147,947.9732395250928
41.83027153854727,39.3662886248177,44.719010915835185,47.431620228490104,1990.0921605521237,1024.2548182835549,995.1467582295248,2010.8176741647803
42.3367058953698,37.92311770273639,43.18699428761593,48.1481752961907,1004.2754705694299,1023.3102406377938,1059.4358801375233,1064.746458768824
44.09354743317676,42.83070297091959,39.57773550793501,46.001951421254994,944.4391035715237,965.0762979348294,1019.5262486389513,987.2927645939537
46.57044624209864,42.939301127094396,41.39808230132235,43.11760589343062,2028.797385630556,1980.1215898660464,1011.5435790446438,957.4467050851092
46.97208027676389,41.839081901211074,39.92560055999439,48.159612136366505,1036.065636434389,937.5231918070899,994.1227367192907,999.4146984296673
52.669752485041485,41.397737706540255,48.945965242100826,47.78567433319091,1091.3159093000536,946.5501367433546,1957.3216114061083,1019.2339957418251
52.75899875481068,44.860489215534855,50.26470944133449,44.62812723288366,1039.522128388703,984.0610659685885,1977.5790126401123,976.5376238764538
46.29726515040611,48.40292456676198,36.26319585093809,46.30466412011489,1013.3233804213496,1024.6547064097172,1053.6356326643233,977.5674526555779
96.57045928024228,42.55917556591102,37.216494118291216,47.67976169580087,1015.4529542768469,1016.6296247345751,1000.9582934092862,982.7596037808511
48.15346185041416,38.50589362256833,39.80645804415162,46.85902968758076,997.7590523663903,965.497067071314,1984.1591531213762,976.8107203858584
57.11760555410049,41.72945118448004,36.91175183993734,52.68489792622236,986.1495737347568,941.6498902053487,946.5853677099628,1034.5381270542346
54.278467844554555,43.83909428295627,43.217148908424306,56.00667322907154,946.9737655160134,1975.971523870132,963.356481310342,1081.4752311116254
46.81363412568619,46.85266808981605,46.45364538096453,45.52336584479743,970.3330429319886,1001.8763465109271,985.4083638206246,1065.6511851552182
50.56578644512713,44.67099536404501,44.041586233133074,41.982417477033955,1986.6904580016449,968.2005248481527,1010.8565060516753,1030.4779567849114
84.76210780539616,39.829606539747786,36.53916645106335,47.115768805100316,983.6416577308429,962.4197481405215,993.384666746126,993.4103350682915
42.915254333463395,42.627530328004674,40.22714429717362,44.926316033744314,977.6109283565308,968.2578420657009,945.9957822920351,968.955865318482
44.63529781389004,43.381861501087755,48.68619161095161,39.64384151247573,995.7674276241337,999.9357516000875,938.731027784754,1982.2335435663783
46.2948579813582,42.2669657360836,44.19049825311458,41.218727284787725,1059.5022840828788,1007.8444515837435,948.8004003227732,999.2039327136749
45.54809555138836,41.4628129494601,44.7507872297073,52.045480472740266,1004.9326367707677,955.0532336106875,964.3802249463924,1019.6092009135411
41.392553106890986,40.33602730049597,49.55845692988776,51.98908935137834,911.5359725029193,1986.1070076574317,1026.1026199356697,1054.0391551243024
40.85888402961857,39.86879736736854,46.75232987958617,43.4270430216644,980.9393370606164,1022.4336890687937,1033.5864658421415,1030.3018388506198
41.659649294149816,35.99339824603234,43.17910257558064,51.027239743991146,998.729010817698,996.3469032169389,957.7587223753624,1037.1102218671604
42.1962850483597,39.288443746961974,43.41126091585776,92.61751819058088,951.1669289282873,1033.8380259718278,968.7390172926747,978.7745933613991
85.62923706075547,45.569137152833946,44.25444133409492,42.630221906413794,981.563334633446,1050.0867730699981,1006.3512731169869,1002.9616825141844
44.24591532189644,43.37175002126406,46.44230600915552,46.59322984401621,987.1534159829655,1022.0434248077881,984.833526734295,1065.4330351254762
45.03341858518367,43.93098207672021,49.07651392533403,46.270202637411394,965.1004789339956,940.0428789840171,976.6333471281011,1019.7778505869493
43.39063099192373,48.33274913572903,86.30604464770074,40.4987429692694,986.3882783189729,949.6661258481101,984.7586721525973,1009.6656229275247
42.07730862777484,44.37945738647578,37.07397565764862,41.39769935044252,2006.9578738525806,1033.06579814698,993.9736186490679,2017.7026253343863
42.18097319994559,39.67126883861865,37.29370174585482,48.680856195487294,953.8230062702942,2004.691469289701,1964.9866195854745,976.8296167704746
45.989446525535556,36.2253081410506,44.34469815952933,52.18206583981072,951.6188473750487,1037.906488714842,1005.2941390127277,970.725066976217
47.67487446692083,34.4378190633134,44.406713481286275,50.847085286662235,934.1469937872669,1043.0886394310114,2015.2677275860606,1041.3725723678372
46.10104404294444,38.68714011751963,86.322302586282,51.93898952404012,1974.4789349156931,999.1892807687232,1023.5798432991154,1026.881584163334
46.4885073826546,43.31325538769912,39.403049879368666,50.01481300342399,998.8275571168515,1010.1136617033042,987.2700235959343,991.750862110873
44.48638621099483,52.16256946825919,44.770496476035646,51.40125067606414,1998.9234496600213,1038.487492071988,979.2393416200554,1051.1937558092252
42.03593923351107,44.98805301930665,47.14484006370085,50.07478760495051,952.1880249826377,1004.2616256592394,974.6514795196349,1021.0753499724549
44.82238614845669,32.531768085559676,40.4237875256492,43.72440798447915,981.9342806036229,950.2075885345093,954.5016453718822,984.198470693806
48.320508090797034,37.84703311475329,38.81420028195916,45.00741993493361,1055.503801155523,959.422903892229,995.8694184003884,961.3388619928553
49.42397869563127,42.498144915245675,44.20432409218306,46.46159610289784,1022.7038441011821,976.9665574179007,985.7711078532149,1020.9900586674304
49.8397639954901,39.70110869435554,41.93705952721618,47.516726116782166,2016.78503711593,988.1823219975352,976.6058481430944,1087.5441695802333
45.57890691813941,41.05693061924411,42.27803658318447,47.95409652303317,1010.5564258292801,2020.3624570236202,1021.0121756014275,1083.2031848223955
42.409430019719814,49.00002128506754,42.747296117092944,47.15169738267316,1023.2408111545872,1021.6716308177115,1003.598036438294,1025.4200155817707
44.26324682718434,44.51386400740243,39.93604834410911,49.337674458587614,1012.6299451078487,1012.941143956655,1031.5499337581882,962.3443993084138
46.75270256003725,37.20022598089487,42.73859607298959,48.93269292681782,970.915104741661,1016.2619535376259,991.5793305862121,986.6405425178759
44.86576306226182,42.050154017779676,43.08591146691319,44.26220038399976,955.977934364486,998.4736925746492,2030.6821322337094,1985.4420137127538
47.22473813350204,44.99803224583606,40.700199846054915,46.513969993323684,977.37768105956,2068.1784308436872,984.257286067424,1022.989327821858
49.44948130951573,43.53214249044426,43.09834841516521,48.8702240841308,1023.212256026529,995.6529480748549,972.6149395916921,1001.8953478718036
41.1154083378013,40.889816872710426,43.12449618833089,47.59683498326358,1012.3530777321155,972.1715370935533,1017.3868463835825,1002.1883897618707
39.73346014957016,41.46798020245382,36.37892069781207,93.05966554222677,977.2740308485011,2059.5833353850453,2023.1276725564164,1006.9727041511743
40.68973664407068,37.19496727341992,37.44441072925398,40.26866524534256,1001.1147435879182,1041.3108489996603,946.823438118455,1972.9518373478838
43.21423912312751,37.54691766651803,39.93380717145268,46.60510867545372,961.4263361804105,1002.4082884524672,971.0958032946187,984.8955294953331
48.256031022238005,44.289970147581116,39.53566129217247,45.49358532885271,933.2481123622058,1032.9178654722693,977.1336816034914,971.4240311404312
45.919450051998695,44.64322765900725,44.91747613583054,46.55924461379634,986.3123794883925,1003.4368619396707,955.5215298154915,971.5648363723068
43.86993777745137,42.250849684793764,46.393717956303554,43.988374665826896,1007.2624085506457,1019.2923711346787,958.5893622984311,995.6772128532831
43.55702815794288,41.668184281020444,46.96158301689098,43.43126018251221,1002.0130507013321,1057.6133448512942,2039.0328587741433,1002.8534184495409
44.47059588503005,43.34700505294475,40.652880859308475,44.3208557598061,1050.60374868786,1015.030688400366,938.0370145423869,989.1968782658537
45.591244414970674,47.96571259185397,38.54196920174845,40.629129272992294,1054.6745002561167,955.8850512354757,984.8403537834282,1045.378632575125
96.53593764698546,47.52160984858631,48.502028253187426,37.93955476778322,1012.8543807266303,983.2284201381199,996.4128090526847,1036.073137948523
46.071103429501335,40.579539092971146,43.95560673118938,40.632093456639026,2048.1016943736954,949.9557336418267,988.4014375017883,981.474943252536
43.00957085402588,40.12327674338151,37.63497571273817,45.93406280620961,1009.9240145624201,937.773688780976,1977.1369997579195,1016.6889416569925
44.00557932124302,39.52235777448796,39.85288664350287,46.83557192591975,1002.2875823302795,990.7796882046998,968.0857229315789,989.1967632748074
46.37897044960054,80.18675455953404,42.291188094462925,45.25697187422112,977.4469943218857,939.049445892995,991.8340411249143,962.5211076953038
46.81648727464074,40.467887482234275,43.624599838921085,46.47022374639594,1018.9380413381222,960.530203235387,1010.8162505240969,972.7679742023864
43.02904534355819,43.58807283387742,42.867437108994324,90.66588562157291,1058.6213162608817,974.4689457334971,1016.8688737212485,1993.7017951298114
43.13074647209732,42.381550500743415,45.38565772560451,43.176668472504,1007.1690614327781,961.6770355380912,1969.4272719528053,1078.9566645609991
51.41804629690749,42.45586062610873,46.0680101502671,40.955702660213504,1011.1613740967831,993.2582776073727,1001.1046129840176,1011.3386064364042
51.64591776864722,42.92315499347711,50.07435200278346,31.80421564341108,1005.9123795870759,979.0519041579721,990.5877152010905,2098.6157729301603
44.606563298962385,48.82161028216082,47.96276395799262,41.526560729724835,981.1468745228965,999.6252375952727,972.105113256314,1012.6410905317548
42.823873848503084,44.107405012307126,45.05562991683012,50.97669493043279,936.9024638161843,994.614724260078,937.2815515385365,1012.7747874315116
47.96196492578848,36.68269595635924,46.896327740727585,51.00889524768183,974.5313477557279,1997.1182587695484,991.9769877963708,1036.258818242021
46.55933285182281,39.22039482992999,43.195667139630885,45.61833165947482,2034.4377695763603,1985.7309938722644,1965.7864887980502,1981.4383888198606
43.226396721685425,41.45331916257443,39.89636796769325,44.25609296756812,961.077290502295,1025.2090560270829,1018.8231444090145,988.7385161255297
43.031637385252665,42.427752355209066,42.67762173883114,46.141589341355996,962.1268472680119,993.0309742428424,991.237774130683,957.7925980756655
41.73604131152685,43.0167355569924,45.33719235718448,42.141290192200785,958.5863663385319,980.6399076072091,998.8018985576933,1018.7962703015535
84.63834094088399,39.66768905658557,42.71628278167093,43.06686478908763,983.9684979584528,972.8826091074768,953.7535234943664,1019.8914065591714
40.988204779529994,36.99026614555817,42.12275619983627,44.668396016460264,1060.398439367507,980.3503516867784,1001.6943765033514,1962.4967155553422
41.962287636407716,36.55873641861307,38.85704683913373,48.53493437879829,1025.431945436547,992.0177705785386,1084.1708589891791,1945.5009195513742
47.270005334771355,37.923768367184756,37.42784023426289,50.00150033536374,968.3955008388489,1012.6992043661419,1046.130425478016,989.6295039428483
42.36695884035346,92.42579620538768,42.351311057372286,44.966409878081876,1022.9644931143712,1023.5471638540032,1018.6554945850291,983.6212225578383
46.05980630391531,39.8527718933328,45.907497129459955,43.12356125123431,1041.2720497790192,1965.0549775372265,1000.0044022083501,945.0193423695979
52.70009055096149,41.713590608082214,41.61155094118913,46.6872818667277,1994.7360870464483,1998.6810042013851,975.941051968671,1986.9931332198648
47.26816032667545,41.55228311097822,40.60637094858981,53.564458867819425,995.513567486383,1014.1398129295048,1000.6005217107354,1041.0754098505274
45.87168278323125,40.83237919120764,43.957019080808635,53.31404759943585,1007.1860587453518,1034.5864190647803,2025.9384049537543,1037.7476706588877
45.411585104148045,44.534753565612384,43.65759553428897,48.25726511074854,999.3575318417888,1043.9016756804665,1011.5206612807407,1046.823832257664
42.271161575483404,42.98029717911401,44.12560027626631,47.63479837454181,992.0575861551027,1072.4427820857495,1039.4282083926291,1025.9558719211907
44.72210390029622,39.55816924994179,45.76311005574691,47.822064186551295,981.3895148475524,1052.747656475763,1071.4021465340836,974.6293415329426
45.50585940141361,42.42787990737905,46.62274401310519,46.55344258420418,966.3727525566467,985.1721498794999,1063.0214257855741,973.7450144485192
41.85579736545681,46.92375879992953,43.256844943524186,41.984187028710124,951.358545173844,954.898300482748,994.5255342356593,984.9278033605087
42.246601421025886,43.5831293131378,44.84647668464086,42.45657106790132,982.2271391280733,962.065090607194,1992.4534852334293,959.0677314690913
93.27455829614364,41.76253669875708,47.84612091124287,46.154314754152395,1006.5325435610437,988.6357118709568,1008.5291471603491,984.0494332228928
44.917079398149205,44.909790841093894,45.777674650036516,49.55659105196915,1013.6687481992585,1016.2625354474046,987.3230078520132,978.2644742515904
43.72352855114028,44.53657597734413,39.402507031343745,46.53777359660404,985.4510723742965,2034.0945688027512,946.7320574697753,941.0420791869449
42.55856583558323,39.957778411063785,37.50787811759761,43.15536118986563,925.00148986285,978.1367873295515,948.1304898966806,961.4887672483185
44.911420825942415,37.81376196628743,43.100616424489594,44.15929907704137,948.1847931610419,1003.5012770769727,1026.9012481646398,940.973617870957
46.545921914868146,37.48294510197552,91.5820489904305,46.27737412694995,1021.8858872839,1028.8646347373779,1024.311548402195,995.6256706438531
44.17858001056218,40.409487966754064,40.408483282809,84.22551372291574,1048.3124230018661,992.3706469488361,1017.7319079027277,1025.8675306935029
38.94489309775615,42.00608599120386,38.101064418901565,39.88723507031363,1953.8580423843712,998.7356409172594,1029.7264268550566,991.4491393778817
38.95171467741017,40.47193455987638,36.976039126623135,47.2241405056777,2010.136499565268,1058.2800914627514,1023.3544359095533,1064.9196432218528
43.871597524313415,39.29820142710936,38.80402046341642,48.30304492762558,1012.0497439646208,1044.6406276884052,1043.0100988223808,1047.3588154555875
45.967648338469836,40.55616074585173,42.78198309521616,46.09892758252005,1012.9936099554382,1035.9549000611355,2039.1208929656307,1022.5430365777686
45.442738831892115,97.83641255496127,47.16123979780252,49.181029637157096,1007.9451837314163,991.1726844477812,1003.9184679122451,1039.0250804765772
45.681707940463916,41.8992874171095,43.867762472226275,47.228897977147504,1014.8832165290413,973.155601330645,983.8334551130408,1009.0880842999002
41.65050521422566,40.49873689368857,40.09000806735642,43.53543437705233,981.605923702881,1001.1272424325665,983.713669008999,1018.9743937489895
41.710194127734965,38.55743901049446,41.99692175965377,46.82467590850794,949.1930940818796,1024.7685760137763,1009.1853824162054,1074.2833504904074
46.33960771152741,37.57750498376489,45.691535353580875,45.11387871126526,899.0107863438955,1002.7722504908149,1014.2725039562331,1078.4195855980456
42.87223516623699,40.23270834191433,44.35970704958713,45.06548558412259,934.7330281917887,997.1475092783219,988.2921235210738,1996.7548713296737
45.575558737127686,38.41845623249282,90.01855180067662,44.50408447111827,1003.4241530294479,1045.8726641666497,989.5938550441631,967.7548894242603
47.00661946465287,37.076869976158264,44.00063563393518,46.47478009656975,2000.9362124295592,1050.801693700208,1021.7386226054396,1005.0905035642636
43.98994121664994,46.499706998506156,44.14239595718076,52.10011552412706,1972.6578170126652,1983.9144632910281,1020.4689326917601,981.2220528537423
48.34697845590874,43.02199669205021,44.37930690124355,45.34202391487823,1042.437813248173,974.7431134509861,1012.308945903558,950.2700524165439
47.64300559325655,38.638863048555,48.344577576288984,43.13088317569459,1034.0666556068177,1978.729045629916,1056.097291619305,978.9054485478919
45.71251251852719,44.48497683917044,49.9077096419002,49.061328612812986,980.6406307774412,988.6886859317245,1076.0682569865355,1987.7089533338815
45.12089461777974,42.041839662572,41.097894038088235,50.78404984337891,978.5407772054928,991.8223516403926,997.0373421978959,1000.0720889274994
40.53015018552244,39.97619723174211,37.60900927691419,92.38263708619573,970.9661481588303,1028.8629425544027,990.3739539733936,997.2394771563243
39.64641425824615,44.19765507066198,41.010497653811726,45.508452691767886,1029.8611925209043,1002.0639779222249,2054.0149049506294,990.1987960496409
46.06464479370172,89.46923739156787,37.124098929341116,46.89613338522688,1051.737400826766,970.0135371334306,1021.9901704707604,999.4739695044426
48.387184051803374,45.79193416133931,35.10107987257979,47.636567472832894,1002.9781559166026,1018.5242509800953,941.9271732914196,1034.668922312428
49.36576714300504,43.51934511418777,36.52845594277632,50.72944487815344,966.2049229170705,1014.3478272758117,1013.3197641620302,2032.1015586852232
46.49422133183002,35.802380548825866,39.02468027425978,51.921081678957165,969.2563290741102,1003.1979465457509,996.3072103166373,994.6174045914134
41.7480163114665,35.872234690874436,95.28452977305686,62.14453809410167,1044.3942388591015,1040.6852553810897,975.015727924407,1007.7011727511306
47.78461619104593,43.23774588729714,45.24746774388723,88.66712859131977,1010.7870099054468,1015.3955725516748,998.2597425732554,997.3164143346157
47.382344488263165,44.403602936462164,50.88433031936559,51.28810616688918,1000.1246347603651,1019.3251133787703,1986.4262080958997,1006.1202061639713
45.389312832871,42.424373471701514,45.3931764992079,49.10373661517292,1008.1830060330167,993.6489848192401,1024.2257717078169,1005.2551048425673
50.23464806906924,39.40819044562895,40.36571742834308,43.42786069266321,991.6493481282296,968.9255936094903,991.6499139608588,996.205712178758
49.08916594793859,36.846029536277555,44.9259204733192,42.117805663324,1011.372597421389,991.30375870994,933.1823222990943,992.1580364553968
48.395011041935234,38.71282558830934,50.32773614518884,41.091133859567094,977.0133242840794,976.7084108760962,1983.6316028993788,1954.9735721082193
49.166714209867436,41.35607439529685,44.362969546091776,40.46062338664404,2008.4817501338007,973.0704110152866,1998.1313450303583,1030.0266852072
47.50376311411715,39.235182501383676,37.652055481628594,88.34114545976075,1005.290978347004,1998.142717249062,1016.4012386510999,1989.3504250657284
84.37725817160697,37.84203025808472,47.84264272951129,43.93985873153454,1039.383412875014,986.9633012643867,1010.8937163918174,945.7427056799634
47.818877166259526,37.18669468809428,50.526957215334654,38.84693429983793,1025.3691045019978,956.7421142530604,949.8865929458476,973.1222261954395
44.343086925240165,41.64861738440821,41.03790241329388,44.73569367679897,1048.8790365037746,1002.6563240410075,866.5066213242874,967.8852570889926
45.68385525961452,46.68264567404184,37.782474425630284,39.06324049131763,1087.1076226368607,989.9594648770321,943.836761866068,960.9938513250836
46.085070282745306,46.194101468527506,45.690393430520466,42.759448009867086,1034.9897986049723,952.263150961697,1043.5957615648683,1000.9083834613989
50.14337911700267,41.53811268803274,48.321242961632706,53.74155869673559,1960.9001097285056,956.4739591422343,1008.2778305584941,1016.3842302141466
53.39510189607342,40.00668527661911,46.1515417846184,47.34588939735534,1018.1381603422383,970.316155395124,977.5190736170764,1033.3681659218012
49.04247670107027,44.35861079970488,46.313675088941395,39.23321983112045,977.8872283758408,974.0294947257357,1068.350255560056,1025.1867578637207
44.33912365427189,47.35508845465293,48.64054936843445,41.27324013135211,970.9268755302361,1961.4544038538568,1046.4669726204452,1031.9946843880011
42.370008163849796,46.514561112962404,49.34561911240789,42.7338835727094,976.4903699599472,964.2952813107581,988.6060067038633,1020.052739549998
41.84632507831752,43.04072762658126,47.83408261475073,39.511910054153724,956.0709058779141,996.5205640232815,1085.1940631609673,914.720080930244
43.38342225093582,42.34004658045383,46.16176235664011,42.24051272179608,919.7953736981457,967.0447625440327,1028.1554201985232,908.4128876838469
46.21866128898395,42.20980334360547,41.49113963293554,43.76770278810481,920.8973116748346,948.0544122595297,979.5720313573956,1029.5944361315019
48.92018585433293,38.21824187873571,41.91648070756237,45.53811751880126,971.8881279055374,1049.2330994258477,1025.3362071024385,2005.2627788545708
46.62116288535199,39.01341903574822,41.528663611951224,45.16855439257071,951.5143992605597,1041.4490429991179,1018.1830551042887,1048.0197911618957
42.60540520380697,40.421530838674705,41.70763017138792,43.66863356781067,1976.635483896822,983.153142921572,1029.5167017500846,1071.6643816714895
41.47705188621808,41.61087984154916,41.80295394627136,46.78976145304783,988.863307930859,1008.27431722496,951.3104529120761,1042.5482276557
40.82505573628431,43.04670596008368,39.84226787568426,41.156590774656095,2040.0056635486349,992.893827189568,986.7013217591245,1026.8230647095986
39.798043998571714,44.00638458236979,41.38341050871985,38.54107627545856,980.2430484970373,1042.2310339091189,1056.092076690045,1036.019372199134
44.444625725020366,42.48022564928891,42.83434992569923,46.61824460026542,960.9225789096488,1085.263999724099,1981.6217162473722,1047.6844793406176
47.64480623885484,38.654946761029535,47.786084443738986,48.28265387853112,1001.8365982764153,1011.7097713343165,1020.3449505321055,1016.8326957614377
65.28397316237441,46.642724731317074,51.86568136044208,49.12913850859759,2000.434247061149,977.1603667796328,983.0006426960078,977.8420279127854
68.38245025163101,54.958496686131504,56.81516886576368,52.74817464576473,1128.949968812613,1979.75598946528,1052.5728715629375,1974.4200713363189
49.98666954638723,55.222166369231935,59.0759136830838,54.297059613822995,1031.688783011623,2019.2407218267392,1102.4647004154072,1027.7674085087092
49.36748355553637,45.480613245345126,53.863337293448836,52.1648349490775,1024.1201515712808,1993.0776539726478,1057.0948647049904,1088.6405932420662
49.43304827265517,48.19515836149478,57.83671868709989,50.708373104551896,1029.9514852241452,917.5426755037844,1114.7886847244838,1059.4083287446308
53.19921887584624,58.574314117833325,57.40321730911045,51.30382785388909,994.0855368614641,910.7602040180661,2016.275885970108,998.0218508779642
58.56089284257256,53.63122296847183,49.20454453439088,53.74335318746901,2091.8581403991493,916.2807098527633,1064.661896383283,1030.7365819335148
58.919872503574865,50.97572053144523,44.20847891058996,54.236448272786475,1080.0769986984903,944.5207690551896,990.4959833809004,1024.017282878033
48.063324791622165,50.246535129608404,43.40821299351818,89.62863101455588,1059.499133171071,941.8777053992087,978.6729498740899,1983.4056301181347
44.335067653558724,51.627479893690335,48.5995475174186,49.91468552273052,993.3975207502099,928.5487756613866,959.8991401277308,1021.957480167299
51.475118758945975,66.55884031487507,49.388347653200455,50.53302329855518,909.9090004063353,2035.2644814497164,928.8485896289465,1052.2704921889388
46.84974776354129,66.07872331997827,40.985849342803014,58.25243453096469,896.667853996132,916.7817360447675,970.5659311276804,996.3525788436951
61.83951433195814,52.14948544380928,41.73861222005928,45.281591334047704,885.8718099969442,975.442525463234,2052.9161156178398,945.1673548030008
67.64001128080213,55.363283774835296,48.614204323066986,45.21315606951225,849.3792093533874,923.709022260545,1055.7323959410696,1974.583478810272
53.21154885340222,51.139096364689095,43.9003798407298,53.74769287722132,1019.7992387885199,944.3623604196193,1046.6384412647399,891.4088862553467
44.33948843120507,47.490359898944895,37.68215338217115,44.64904702745612,2003.1504620241976,1986.0330424822405,1048.8286320014004,1039.4135856512098
44.981271372283175,47.14848932573136,50.55584585055258,48.45933634162624,1017.0935539946936,955.6048185547836,971.5096908044027,1064.7530536310187
51.10126162971867,34.75352441474408,56.929614703065894,59.55249795779076,1002.4774313681373,1082.8440173476579,892.4920973429557,2017.5562824309334
50.61254943743958,43.5286630806785,54.211256140280334,53.17583268280528,867.4432768368368,1987.180406248882,893.2158679471911,1022.846219198247
49.07730928530343,52.94134323197841,54.323337128330806,47.71985218131641,870.7003988845584,929.0131424281933,882.4685627448723,1092.1306581061144
47.20481495050066,47.860424706530466,49.097135144597644,46.689577235987656,1016.6218992372932,971.4616720149536,876.9734949369561,1004.5206829177129
60.088858160025595,51.73208423465337,47.9828273580446,57.99883668297812,1062.9036501076582,1995.943913123065,872.524192151752,1049.1570892366435
60.662829975567035,46.32845004649391,47.77198640709338,65.91250701083527,1023.7539829154407,1045.1347288181057,1987.3869942946396,1067.787072428875
47.662209166278934,45.14747712373181,53.530799684065045,68.8714692812092,1005.16823297328,1004.7094819105548,1213.0427778493913,1982.396798795093
53.22245241646429,56.34030876960652,51.390883814135464,65.93849434127785,1015.2727437287838,933.9768605262154,1954.4655901700132,962.6083856666203
60.44839657912921,47.931905348025786,43.792719738553515,54.47525035956166,1055.9047800393014,931.4982978452381,978.9815376812701,933.9851669947373
50.80817585510083,39.68322070413289,44.407827838185426,47.23192271024379,1048.6536303429189,881.9416798437894,1026.355091464455,2007.323039045045
43.420065626140655,48.25002626060267,48.7870189239938,51.99144161614112,1088.8922232761347,909.7394848029276,1092.882443633185,1983.2383819420656
52.69181072877197,53.7293756631004,62.67030977046724,53.554425802255686,1072.61585753746,918.0273624051385,2027.2564771960228,1027.2833972108092
57.210023741672174,50.222331723593086,57.152231427043716,45.756181053678006,1034.8661818390817,904.0338048485253,2014.6992353044725,1028.7192607383229
53.22397418162253,42.49338274213717,40.64924919677712,34.85641122064402,1021.738764121129,941.6019346439241,1005.9440246875819,1991.7211636144182
53.35141329761534,53.324559931429995,41.10111900984552,41.57470542152543,930.5768641340637,1000.6543635220119,1004.9039871866462,1982.9679266840408
58.2627455593677,49.78987588489139,49.497988402204506,50.66794009442255,945.6790285959248,997.4328871099076,998.2867866007771,1172.0652190180585
61.66036622374882,45.992484048343044,60.566009006561686,49.904615475723176,1022.2046341749226,978.6549502919238,2040.6862107538789,1079.4196177973267
56.019641870978745,59.59526454215144,55.55823715968789,52.70852618482766,1052.3062041734956,966.1434935977684,2049.5647895018756,967.6199576918455
47.950792045585686,55.69430310901178,48.22376818588131,51.86779403406784,949.505198384867,2005.4083627236046,999.0975999558214,983.5877556361788
41.24661109026846,59.485129467292836,48.89308446313969,58.39313099187757,899.9500671425894,839.2442853973063,1010.5918643104746,1930.4393830705035
37.92355331556921,98.68648906540983,47.87271180019424,58.60432736160192,928.794430662108,2035.0002213498412,1098.450654093914,947.30758927783
52.5338352732907,57.16432951356282,46.87570662516229,59.053501499974075,2004.617685820344,842.6743321320339,1026.2481831603461,1016.9554474433255
46.52575787517515,47.655870271168155,57.93160071172234,63.28893055602273,972.6235089766076,1977.8002648777356,964.1678230763757,1071.5652672647534
35.43991247522773,48.85287779688389,57.2958147270667,59.51745538990225,2024.135714553769,1168.7336449860343,1019.1244327463925,1056.2883423056728
45.746682740058326,51.08311902762772,53.864132766525984,52.332320948919175,1037.7751547983323,1018.5098689751916,990.1758543806263,1016.2380086412061
51.99308347581895,46.04700455054649,50.82534603117156,54.6101073091471,961.1960656598956,909.0011481712995,1070.3055882875742,979.6247328154257
64.19292959573872,43.45959549067666,47.8632603553653,75.03052493850248,965.1931083103432,870.6754518669487,1050.1472562410117,1114.094980269722
71.01644434235152,52.0079860627046,58.73704852617716,69.67388566942617,1052.5571939720378,892.08528236797,994.8041811229186,1151.1696927330527
57.14665487845326,61.3668583236124,58.64508961726823,52.312520609464286,944.694653808317,955.5600883050831,2036.3852461055574,1053.3319555890907
50.56586551563012,55.6906440050056,56.963715343089376,56.96023637337203,1038.3533901188073,1009.4375884311471,902.8986204334726,998.1427454684742
48.63581088413236,50.940045465386376,55.756043666399144,56.72948319035784,1980.5213078028828,973.6753275030026,846.2935076186262,994.5304241701078
49.070486278469694,48.96547117860466,51.91946899870033,52.66653999425553,1071.8483921394186,946.01290924307,946.7581797108494,1016.0198749112749
55.84362821691321,49.02409715205438,50.05667177232146,51.64590980236976,2043.5663181943473,1101.8189319878156,1081.8435525205566,1025.937866713551
51.03071619759578,46.560269610055464,49.41466328769017,47.993067396369256,2012.1825755265752,1131.114064359619,1009.7997867958288,2007.5105656981718
46.2474768912427,50.972838553208994,56.13541554710776,51.2943097414283,1953.709865718333,998.2450985871868,1017.3472485467812,1054.5376381607089
43.39541325258068,57.12563611142659,53.45468772499953,60.84151792795427,920.8290228411838,916.8856533034066,1073.9237733113093,1015.4546372203486
45.904058081425354,54.91758164157066,52.58815613731974,59.65048235384483,1014.1694633960449,953.5116617022373,1081.842957338597,985.4277781259207
41.27120304114494,57.69449382483886,54.210415727954995,51.86870592892252,1950.2572963517146,2001.4584454713404,1073.5751203300638,1076.0466583434961
43.576994475780815,95.85767912497025,48.20546643675013,96.06490206395672,976.84321087852,2014.669677884961,979.4751343998514,1096.949121764333
51.13289618229033,90.88882067566806,51.19283117020677,43.717082874487986,998.7004291885594,936.958874203615,995.7069892199569,1051.41178885486
41.48689796366575,89.35351024362788,52.721776338778945,51.804184495678925,1999.7990864298472,1977.274245912153,1104.3582571643974,1999.383852292408
46.537331109673644,34.58289753801481,52.64551875251406,57.18143652548099,1098.9242303026954,1062.823760219241,2046.0533895211233,1042.034856825097
85.47072056728332,43.24793850440689,59.23996025881931,64.02474949369933,1142.339068651039,1095.2304041421617,1119.9333399630762,1064.5139161961633
50.34856736335092,50.96133454561861,52.477713628386915,57.04648373053139,1111.3893124077808,999.2254842014509,1128.3078508614853,1016.314063900889
45.80270451572209,54.83826661424248,49.22433438371476,47.498049501470916,1066.8350947479726,1972.6070584360814,1058.5430586195787,1031.7996280050502
51.366807190747366,53.87324316763625,57.08682635510412,51.8691976054451,974.2620121037141,861.9752386461275,1050.339582021757,1084.3297501442896
57.540669782607694,48.04017697263704,51.115934419632836,54.25965152011688,880.3062480365963,1955.2078047701973,1026.5640440041723,1056.897723575369
53.859227405735844,53.99885517836509,45.276487447234416,50.04400636261565,921.310822961875,1049.6595184360563,1084.3725522747686,1034.3553774299337
48.41791096625705,57.81490540429627,50.08802149831138,51.67043483975185,1040.5318992220068,967.3395554300594,929.1914031474913,1040.111267376586
55.8641064520305,56.423818936624514,58.092940764250386,46.655123920883455,1991.4318470656692,933.250792502987,865.3439843391602,992.1217162747243
49.50036590573829,50.77693637787645,60.80254374302381,49.65738474396156,885.3433042769502,1015.8296769671022,1008.8463426463732,1043.2306874682185
44.10430369286881,93.31481732011173,53.757106930211556,53.58966338218157,1059.9715363284995,1145.905172483071,2000.8930978187238,1098.8998648839524
48.984297547859065,61.9666454438411,49.73518434109373,49.869464488244056,1121.6609062095636,1060.447589720054,930.5441670009179,2024.595385108105
43.40202688088611,67.74847354404645,57.29767784228793,56.34849128617116,1047.4924626155137,993.0762044137529,1960.703778934937,1096.660705575665
42.01666391139463,49.86022750157334,50.99402546737564,55.713776607952866,2002.9864777210034,997.5950820546611,875.8850125686188,1008.1966518760667
50.37432499980096,43.83380931764866,47.20118756118009,58.363809158528795,1044.6803756634195,982.4222866130528,957.0241841012264,1034.0762492948143
41.28612459876483,55.68370584345977,52.9824130561188,63.463888300794935,1046.497104941518,912.8736069012971,1003.4491742910566,1043.503968789908
34.983716132925665,56.83944559153058,54.62575741038177,61.76171005949919,1106.8364817176594,940.7050506399842,994.2701658970952,966.5413871050313
46.65798151748108,57.769476781097914,53.846089930913266,59.18974100150648,1117.2824812172441,2038.3922273943542,1048.6993590661682,976.6580919864697
49.253230571843126,46.72269391098385,54.01298555825467,58.21826794891066,984.2106264961096,1996.4489532816478,1094.8121380809575,1063.6078915363246
53.408279687851405,45.44778178390884,53.26441302068216,57.431671241351665,1063.598085614532,1109.2267510444203,986.3595447753215,1039.6002366584933
59.15284410196509,51.12575312971063,50.14424042948622,49.114546971682046,968.4787530911607,1013.8606160766994,1004.7036886103507,2008.2723435882358
53.80221376358659,46.44772860544063,89.27518657038553,44.46346853682114,829.3612061687056,915.6181841976012,1096.7716752866886,1047.8846866869767
51.697784032392136,49.69807468591223,52.183064609011986,46.072097321962815,875.2854480335445,1971.7816948401453,1007.757357646479,966.1151926872301
60.12502027426572,38.50735650902495,53.85892730718149,52.45713462099235,922.0537184442428,1003.9130568575496,1054.3302747624414,1001.4360977220143
56.15492167072118,35.57617145150289,48.52533465297068,48.731607946155435,1019.3390491426251,964.2584609650146,1090.2979144273227,1053.02558057548
49.80624808504556,51.12049095924739,51.94741285317553,53.90885053563913,1093.742021725964,1003.4098332451535,1010.2248518795991,986.8160974796617
49.74120940372148,58.3012011748314,53.47548174063818,60.28145175103501,1014.2512556132658,1088.4812549089888,881.6357548010313,2005.055975842746
47.46444705672464,55.65807071945619,52.39816735216538,51.449146886814695,1000.3923647543377,1136.0351340422653,1963.8229111399496,995.9801222873896
39.238379711658624,51.375205139361825,52.076855034992434,47.74809648977167,901.1697460445525,1122.8719549192442,1074.603422427996,1007.3952698566711
44.79935191980521,51.68315465080951,54.7972621476873,46.414211846436885,946.0799385460696,1057.5984454110448,1047.8095759864648,1060.9659366727612
50.731976741888005,52.547266353417555,51.81344733858075,52.74186390597505,1003.6016973178771,1056.311178173942,1000.2011673233851,979.2404791002884
50.06576253948966,51.28294646917128,54.191041227490565,84.11096929721377,1968.6049671640455,972.8966853338882,1024.4455792235399,979.9836178945509
57.46501137757564,50.29998888130299,61.81910810859983,57.862625621021365,893.9181683826064,939.2072020002613,955.7142611753104,1040.9063732585093
53.10576159308695,50.73727135595688,59.56689038909393,61.363243163300126,862.8937580239531,1020.611603273245,860.3041751218249,976.079355247839
47.19347215200329,92.78348559485846,52.37235805234635,58.24455796487141,1002.9779654469824,1012.4809252015646,1019.9116274411454,932.0084476391312
44.84538078704397,45.43155837087016,89.80314173290385,49.30986864194041,1117.9608536024066,1020.6511507259042,1194.4095360634442,2005.468296437699
44.44960872658862,47.205199930571105,63.932071035500165,45.35797801063494,1992.2456192211607,1024.33586707625,1179.8079104105996,986.2059045893291
48.145997157001794,45.331031796650656,60.82735855906115,58.33213848077036,2042.3516844573649,935.6274037460284,1053.95739421058,2002.7052625947774
51.033164955286324,41.84412205570102,57.688670138718564,73.56259316209227,1001.7437407186765,779.5087116304503,987.8569808608684,983.9113801850756
38.64026386425679,80.25447300636493,60.51316859309261,67.91617971761116,901.7357490592656,808.8419102692483,981.2849208716582,1022.9776867626206
36.425735051838394,48.11406220580835,88.51837513370624,50.47160696378453,2003.7219401059517,992.6335325961331,1039.2737866869863,1075.2653233514582
50.22072626867222,50.68054739759448,48.0688548424358,48.83535412387704,929.0038385694909,2016.8264872704176,1022.8124996618646,1039.155254717909
86.30534909357885,52.458895853661915,50.86749179313696,62.53061046303538,1028.694469882287,981.3164450051063,1030.6564157965606,990.2746488655602
46.69713555021936,55.10719020774126,55.475666612152,59.33881958983102,992.0789217146734,981.8423567063886,1093.186795913358,1085.11467787048
44.59638253947377,52.17591949003179,55.51054152678472,60.99327779325628,2016.1696886254613,929.2850726433695,1002.075323555076,1015.1381672522011
53.32342532573789,45.33503652620048,50.66798539375408,58.1943331763583,916.2461246641338,876.8621980257035,956.0242609792808,1001.4948546072538
56.55016111154695,46.80400374352625,43.29861267554819,45.26013327050889,2005.499412824016,958.137921667615,855.5889506681758,1044.6421052518472
56.121449631060905,50.395657522950216,45.321799288731995,48.19975797247547,1023.2297324921162,992.6474776355903,2005.1163537493076,1961.9549411403452
54.31721910764596,59.01889595751009,46.48276003717801,59.656122014359255,1998.0968815321257,1031.9878227688412,1009.2272750369259,1955.2253052030155
51.148630645761386,59.63135581715086,40.806484871060945,60.45421812002158,992.9464704426322,933.5146467905199,1032.7326192252285,1023.2619354753375
57.91407662063779,54.053827117053096,48.05127406857871,53.72384983961624,948.8792752859322,869.5358407435904,951.0067323736089,1998.3584613398677
91.05986248107966,57.03374282480812,48.12953259800607,46.515366289850164,998.6229703601459,2019.3337386922226,914.4478023799041,1032.3319199731002
52.23060708076284,48.843580029847786,61.13754392067003,38.13519356905064,1985.2168519664092,1058.7998404061395,987.430265571317,973.9000448678648
51.15355378415896,37.64475242478469,60.7560414757156,45.527375916543974,978.112066233343,994.1747476042243,1026.1096234252122,987.9904230988407
51.01036582784769,45.133487965580585,48.71608963369415,59.89540264779055,950.097990414849,1036.8490581649685,1024.3518216194561,926.4254875768002
43.32351518085524,52.77641982431485,55.70677964598149,51.17262259597143,982.0502806400921,1041.7739714925185,1024.1409093346228,934.3245381133861
48.66127870549744,52.92758633848291,55.95481053225454,39.04596545119436,1012.3954464175072,1098.690390736139,1023.9232111623704,1077.1740735216515
58.75637901600734,56.86521209246024,48.48424642012367,45.20022974515735,1990.5512172482663,1049.3230363726307,937.6317227291449,1140.1657731933878
56.251161794556886,59.621273653102826,35.19520029919414,45.390857680491116,978.706113433445,977.5022951293224,1050.9442168262046,1092.9937663130117
53.414689419813634,56.453936331309706,46.125841429249235,51.51913782305542,1057.548479970771,915.5882118182874,1071.3002978487639,1055.8804500136293
52.84180844407547,55.80079113190251,53.719863309981605,58.113313128899534,957.4405687949462,943.7393891209797,1011.5031693632649,1087.0109566094698
45.381114432611334,53.32190815012346,45.12724234093118,47.059484089891384,848.5532450805354,983.3218814090787,1022.1144429734516,1065.8967271766428
48.02070919317095,49.17041857811659,47.36387160082361,34.118715295708945,865.3073405818379,849.5435423367428,970.5336234283784,953.2332927257187
51.5599826446347,49.73465858444677,53.75857353742616,40.951279432915356,898.0398992938153,865.6951057640974,1967.7286175149136,1006.752303945301
52.66500304870096,56.37842047230198,45.74534665913923,58.38296691150674,980.5603662688809,915.1338268611682,2001.8158737011452,1128.9659624830747
57.2564101182925,57.801173021398114,38.92715400468677,54.306991525751904,2017.702565189843,1036.1292866632473,989.0383625966708,1153.9270468758982
55.27923473371785,53.297339629908016,44.76873306196677,48.8750330278082,1989.2186378659244,1056.8602049222459,977.8159267122924,1045.9141872971986
54.1625865194698,51.2364711363145,47.22392537494358,58.5704907365523,916.9879942813075,963.4172603579362,948.4865258461474,996.4974657881493
44.11530417056649,43.48938475303929,46.77769562446693,55.20160757492699,893.2210266882403,1068.750761642696,973.8758872177284,1058.518712541516
41.66396060024434,43.64312972222196,39.989536807429076,49.99524026737144,973.1189435250477,1989.9734908388662,1007.1421194296439,965.9403102110566
52.13288435240097,55.34675668730489,86.43943174694304,55.14151432742348,974.9602742631932,861.3221063286285,1014.6637913146076,981.5743700898327
52.054632817009534,51.020373675733644,53.22543965920675,54.986527797993105,883.7177668306842,963.7715300164188,1000.5357046324641,2006.070723787894
49.993356736423294,41.97621619787974,50.002005758804984,44.679765953880896,950.5080359891003,2019.6530684517402,948.7834302921983,966.4681919490207
52.31668011400512,56.38650822941874,40.39596943801611,44.140215435851225,945.5321377759897,918.4599209184564,878.4387609018547,1000.3796168671621
48.036960721798295,63.332352277003565,34.15635762005511,46.41088843638708,1995.596188531942,874.4812676991694,966.8310947021052,2019.7367593977
50.47302051403565,55.53776331091906,39.721985901054396,47.39270889838551,1104.2834285894305,935.6159465916554,1067.2367984667897,1051.3813340046597
48.188180533720825,89.177348822708,44.6585824279603,53.0330500799878,1102.6547597971921,1042.6479325425473,1983.353275178405,1051.44181480401
46.00003019746138,58.13747926506875,86.13305319066875,60.25391523247265,957.629633737937,1008.9495097057774,1027.645255988793,1034.7974469944743
51.31848081537562,65.78397597188925,51.14730948067452,64.51357621405282,1000.8863020563706,861.2666657145396,1101.1281491435266,1025.4483983404007
50.24592113025106,57.14816960614701,55.65531600688136,62.7948726612272,1122.5352943000814,894.9923358841754,1013.0451354459483,995.2791377742097
47.899611247366764,53.11958857256015,47.62454170983371,52.97990175911341,929.0166503566447,948.6015841709868,1040.7017920243152,1053.5347318478025
48.09925246699926,59.78065821350969,50.15730400614386,48.257005030302494,872.7696814978565,882.8639909714972,994.8385928907221,1076.702045453373
59.34518230802278,56.71966591002278,50.40955620628603,35.28147384561511,1980.0111705372144,955.7204932693894,924.196444073624,1035.7174301548546
57.78401346433813,47.6254645276545,49.66840235493589,32.73662809720124,980.88011391733,1027.5122223579592,987.2787339274023,939.4405167199063
42.712038876122364,49.55920738968486,47.15592285155473,53.57117992826818,1036.5678339968317,1001.8154272031084,1010.4124216029693,2037.4258842135832
