time,SolLith,LitioAndes,LithiumOz
01/01/2017,13635,14753,15485
02/01/2017,13625.10693,14755.05395,15477.53943
03/01/2017,13613.87877,14746.33489,15473.99368
04/01/2017,13625.07358,14737.19593,15462.39732
05/01/2017,13615.21841,14742.82548,15468.98811
06/01/2017,13618.74231,14734.14415,15456.17877
07/01/2017,13622.77677,14733.63525,15456.40677
08/01/2017,13620.16651,14734.88427,15452.48517
09/01/2017,13611.5578,14731.50367,15447.89691
10/01/2017,13615.27355,14727.16995,15440.8255
11/01/2017,13610.00772,14727.42496,15441.17378
12/01/2017,13603.83887,14718.42072,15439.9527
13/01/2017,13623.38206,14710.35207,15435.65768
14/01/2017,13618.72631,14726.98021,15446.89509
15/01/2017,13629.38893,14720.33765,15442.05221
16/01/2017,13631.07326,14726.66941,15454.15758
17/01/2017,13638.82893,14729.27406,15454.38948
18/01/2017,13634.53459,14731.95303,15464.13019
19/01/2017,13634.51005,14727.31383,15463.80985
20/01/2017,13642.20888,14723.8154,15467.55734
21/01/2017,13632.69322,14732.46028,15474.46363
22/01/2017,13633.20138,14725.41257,15468.85088
23/01/2017,13644.56976,14721.93578,15466.20938
24/01/2017,13629.08316,14737.46337,15473.31783
25/01/2017,13626.24462,14725.00287,15460.91157
26/01/2017,13625.82702,14722.30383,15460.3168
27/01/2017,13606.74861,14718.67755,15461.18294
28/01/2017,13606.74168,14705.8295,15447.96085
29/01/2017,13601.56607,14706.12177,15446.86714
30/01/2017,13596.66072,14700.35666,15442.94022
31/01/2017,13594.37788,14696.14227,15437.91135
01/02/2017,13594.3726,14697.76127,15436.08259
02/02/2017,13579.66289,14695.78015,15430.33927
03/02/2017,13583.51148,14687.65779,15420.38609
04/02/2017,13591.10423,14693.99821,15419.04992
05/02/2017,13599.31646,14701.1422,15428.93725
06/02/2017,13588.57782,14711.79048,15430.94751
07/02/2017,13602.928,14708.06513,15423.47149
08/02/2017,13604.12439,14713.44434,15433.56826
09/02/2017,13604.42179,14713.2365,15435.46102
10/02/2017,13613.76596,14715.50783,15438.75102
11/02/2017,13618.66018,14719.79191,15445.05166
12/02/2017,13613.25401,14725.00917,15452.03967
13/02/2017,13605.01356,14719.86767,15440.66082
14/02/2017,13605.93145,14712.57716,15436.14951
15/02/2017,13597.91875,14711.64233,15438.3896
16/02/2017,13597.74918,14702.99208,15432.7252
17/02/2017,13591.28376,14695.84306,15432.61192
18/02/2017,13598.06105,14695.0762,15426.13541
19/02/2017,13592.98508,14703.15097,15431.12533
20/02/2017,13588.87357,14698.91491,15430.23711
21/02/2017,13586.97174,14693.78171,15426.23879
22/02/2017,13589.97691,14689.2135,15425.7163
23/02/2017,13587.65284,14686.02429,15427.20918
24/02/2017,13602.89262,14685.93985,15427.1273
25/02/2017,13600.01465,14692.43571,15443.10942
26/02/2017,13592.10187,14692.83194,15436.23596
27/02/2017,13597.84427,14688.03775,15431.98197
28/02/2017,13598.05335,14694.7549,15434.71627
01/03/2017,13593.36236,14698.59732,15428.90918
02/03/2017,13593.60878,14688.74046,15429.54431
03/03/2017,13602.28411,14690.5045,15425.19981
04/03/2017,13593.14136,14695.95547,15428.62929
05/03/2017,13595.64599,14692.25939,15422.14596
06/03/2017,13585.50733,14689.22156,15425.89675
07/03/2017,13591.7963,14686.18605,15421.64518
08/03/2017,13594.66995,14688.64874,15425.83708
09/03/2017,13613.0104,14689.59734,15431.41923
10/03/2017,13604.40988,14700.78187,15441.20744
11/03/2017,13607.71335,14689.24862,15436.61648
12/03/2017,13601.80328,14692.32444,15438.22561
13/03/2017,13624.54089,14689.30679,15432.63257
14/03/2017,13627.55851,14706.30323,15447.69501
15/03/2017,13637.29723,14703.58482,15449.89152
16/03/2017,13643.83595,14708.34276,15455.92312
17/03/2017,13657.11178,14716.5011,15464.83149
18/03/2017,13647.92865,14726.02837,15472.46691
19/03/2017,13627.53089,14725.01672,15468.21453
20/03/2017,13635.75066,14708.27355,15457.57314
21/03/2017,13636.42321,14717.97826,15459.63357
22/03/2017,13627.53428,14720.47696,15457.85199
23/03/2017,13629.78268,14713.19983,15449.97363
24/03/2017,13630.11448,14714.87294,15452.4007
25/03/2017,13643.39914,14713.57669,15453.59731
26/03/2017,13646.34819,14726.18748,15463.9325
27/03/2017,13634.83743,14725.91889,15469.91409
28/03/2017,13637.18597,14720.9184,15456.98825
29/03/2017,13645.67288,14723.05713,15457.39433
30/03/2017,13658.89648,14727.93686,15457.90451
31/03/2017,13648.72202,14742.94518,15473.08422
01/04/2017,13646.31999,14737.1318,15465.82892
02/04/2017,13642.56593,14736.1241,15464.88626
03/04/2017,13652.24534,14733.6794,15465.9374
04/04/2017,13650.02336,14737.8127,15475.13841
05/04/2017,13635.08591,14740.30314,15476.75734
06/04/2017,13628.12532,14729.61683,15468.1624
07/04/2017,13637.85796,14722.48544,15458.26617
08/04/2017,13633.88565,14729.307,15467.95914
09/04/2017,13645.96392,14728.39771,15467.99132
10/04/2017,13650.9797,14732.25254,15474.04407
11/04/2017,13660.40067,14735.46253,15476.27306
12/04/2017,13662.98521,14736.63931,15480.55547
13/04/2017,13656.08174,14740.79878,15474.70084
14/04/2017,13653.19307,14734.70177,15473.70425
15/04/2017,13653.11317,14730.53324,15468.33941
16/04/2017,13657.68887,14726.22459,15467.17125
17/04/2017,13655.05366,14725.98984,15473.01088
18/04/2017,13658.37933,14725.84428,15466.95924
19/04/2017,13671.37591,14730.958,15471.63534
20/04/2017,13670.11351,14741.43921,15482.99345
21/04/2017,13687.96713,14740.70245,15481.76961
22/04/2017,13676.45967,14757.2614,15491.12293
23/04/2017,13679.24495,14749.20068,15484.70923
24/04/2017,13671.15638,14751.57706,15486.32584
25/04/2017,13667.38273,14747.59223,15482.73753
26/04/2017,13654.85351,14740.19214,15483.9764
27/04/2017,13637.03998,14729.72288,15474.51313
28/04/2017,13645.15261,14717.36397,15467.81153
29/04/2017,13650.7953,14717.57618,15475.58664
30/04/2017,13635.82574,14720.30058,15468.72726
01/05/2017,13633.78477,14712.51609,15463.36611
02/05/2017,13634.5696,14706.89447,15455.72189
03/05/2017,13637.49798,14710.33587,15450.7259
04/05/2017,13636.77496,14712.90391,15455.26072
05/05/2017,13636.45399,14718.25061,15457.66695
06/05/2017,13633.76857,14715.00466,15452.94539
07/05/2017,13607.88145,14710.54302,15449.40709
08/05/2017,13604.32873,14688.03751,15432.16898
09/05/2017,13601.91716,14682.38088,15432.31896
10/05/2017,13612.2539,14684.06249,15432.60616
11/05/2017,13607.87414,14691.37812,15441.25016
12/05/2017,13590.26007,14679.48758,15437.11729
13/05/2017,13583.34604,14669.74453,15430.77939
14/05/2017,13596.8501,14662.87404,15426.7817
15/05/2017,13591.94457,14670.42552,15437.51524
16/05/2017,13598.2453,14662.9632,15437.32982
17/05/2017,13607.15826,14662.94648,15443.00004
18/05/2017,13612.12133,14669.34339,15448.92266
19/05/2017,13618.43835,14674.10796,15451.46249
20/05/2017,13632.01522,14677.89945,15455.10285
21/05/2017,13632.3724,14687.53247,15463.73654
22/05/2017,13614.83254,14685.71699,15466.88054
23/05/2017,13611.43885,14670.7455,15456.64912
24/05/2017,13615.88148,14661.42136,15453.2068
25/05/2017,13620.47062,14666.8219,15450.9562
26/05/2017,13624.05454,14663.99052,15455.01078
27/05/2017,13634.63616,14663.8714,15458.34259
28/05/2017,13634.55632,14671.43324,15467.02177
29/05/2017,13625.71914,14668.92809,15466.4024
30/05/2017,13606.00369,14662.7318,15463.90307
31/05/2017,13605.04516,14648.43525,15445.80977
01/06/2017,13615.46388,14652.31245,15451.84562
02/06/2017,13625.26485,14663.5048,15455.87656
03/06/2017,13619.20806,14670.26519,15459.15482
04/06/2017,13621.40714,14666.67396,15452.26041
05/06/2017,13621.90674,14667.19517,15450.20062
06/06/2017,13627.91012,14665.57119,15452.68701
07/06/2017,13635.66298,14668.49481,15456.18971
08/06/2017,13644.24133,14668.57387,15459.81371
09/06/2017,13647.59776,14675.7737,15462.06308
10/06/2017,13656.84273,14677.90489,15462.65647
11/06/2017,13668.26155,14688.74837,15471.5223
12/06/2017,13670.95923,14693.37343,15480.36725
13/06/2017,13661.78411,14699.62991,15480.38721
14/06/2017,13650.98125,14697.60556,15476.97246
15/06/2017,13650.40643,14692.80132,15473.15193
16/06/2017,13639.09529,14697.05097,15473.0233
17/06/2017,13624.86541,14694.43476,15465.37887
18/06/2017,13607.22179,14684.98459,15462.04444
19/06/2017,13608.80613,14676.94605,15445.54865
20/06/2017,13615.94612,14674.7614,15443.91318
21/06/2017,13622.21267,14677.81449,15445.92513
22/06/2017,13624.84082,14680.42095,15451.37607
23/06/2017,13617.48424,14682.98111,15455.93951
24/06/2017,13619.49135,14676.64609,15457.32265
25/06/2017,13623.35156,14672.65131,15459.83607
26/06/2017,13625.87843,14673.71157,15462.80733
27/06/2017,13623.31511,14678.06271,15470.87825
28/06/2017,13623.68736,14674.1495,15466.24023
29/06/2017,13627.8418,14674.05819,15471.49437
30/06/2017,13636.0931,14675.92945,15475.14912
01/07/2017,13631.59864,14683.64639,15478.45501
02/07/2017,13638.01344,14681.08112,15479.49993
03/07/2017,13645.69968,14686.08674,15484.08213
04/07/2017,13637.98496,14694.13329,15485.84341
05/07/2017,13619.337,14688.00434,15480.01583
06/07/2017,13634.72089,14676.96149,15470.20536
07/07/2017,13631.77497,14690.40268,15479.74784
08/07/2017,13627.80329,14686.17417,15472.64228
09/07/2017,13618.31257,14686.16479,15467.7647
10/07/2017,13637.88935,14679.3284,15464.10117
11/07/2017,13643.94467,14690.87016,15478.86483
12/07/2017,13646.58999,14693.2388,15481.51596
13/07/2017,13638.08979,14696.79726,15480.49761
14/07/2017,13637.71585,14695.10253,15474.21743
15/07/2017,13635.4625,14700.41116,15473.90154
16/07/2017,13636.31996,14703.98359,15469.01637
17/07/2017,13626.65457,14706.19484,15469.77455
18/07/2017,13617.56351,14705.05179,15464.55879
19/07/2017,13635.68337,14698.504,15458.63812
20/07/2017,13637.9618,14710.86888,15473.92957
21/07/2017,13640.19044,14717.30685,15474.8474
22/07/2017,13631.76471,14716.35059,15479.19548
23/07/2017,13633.15513,14712.69448,15467.97981
24/07/2017,13654.92536,14713.18243,15473.56597
25/07/2017,13656.80097,14729.40573,15490.69152
26/07/2017,13651.12971,14728.1983,15493.74596
27/07/2017,13638.20769,14726.5444,15494.17306
28/07/2017,13641.3417,14716.48822,15484.86633
29/07/2017,13639.96858,14714.84489,15485.99164
30/07/2017,13626.06425,14713.96839,15485.72532
31/07/2017,13619.98237,14707.58101,15481.15262
01/08/2017,13614.95897,14699.28458,15477.66261
02/08/2017,13601.6305,14696.15339,15471.56096
03/08/2017,13609.02735,14686.07196,15458.81568
04/08/2017,13626.88173,14690.99227,15464.10322
05/08/2017,13623.45929,14705.49907,15475.41228
06/08/2017,13627.80341,14704.1635,15472.30046
07/08/2017,13648.57534,14710.19894,15475.20241
08/08/2017,13655.32668,14722.41006,15490.97047
09/08/2017,13655.15843,14728.87841,15493.96695
10/08/2017,13642.74081,14730.58449,15498.46205
11/08/2017,13637.29666,14724.42763,15489.44813
12/08/2017,13639.94145,14717.38484,15489.80879
13/08/2017,13636.62106,14721.14933,15493.11348
14/08/2017,13637.26581,14721.05162,15492.46305
15/08/2017,13631.79522,14725.11781,15496.72451
16/08/2017,13620.81325,14723.95668,15496.56819
17/08/2017,13615.53463,14718.80055,15486.08882
18/08/2017,13611.28112,14717.07337,15481.07262
19/08/2017,13608.49075,14717.72484,15475.48789
20/08/2017,13628.3736,14719.59832,15475.54241
21/08/2017,13622.60204,14730.40163,15486.09462
22/08/2017,13618.58364,14724.58027,15478.89232
23/08/2017,13629.00328,14727.29228,15472.35195
24/08/2017,13638.66197,14729.54828,15476.0965
25/08/2017,13633.11782,14735.21235,15480.84531
26/08/2017,13634.36194,14739.30505,15481.52304
27/08/2017,13632.21311,14737.18256,15480.63457
28/08/2017,13628.53855,14735.76428,15477.24724
29/08/2017,13627.0918,14735.81115,15478.63689
30/08/2017,13645.95649,14736.21938,15474.09683
31/08/2017,13641.43731,14749.80815,15488.59185
01/09/2017,13614.27787,14746.66169,15491.56524
02/09/2017,13617.92365,14734.0528,15477.41345
03/09/2017,13622.93156,14735.48234,15473.78285
04/09/2017,13625.45724,14743.71987,15477.12776
05/09/2017,13628.10997,14743.97605,15478.31182
06/09/2017,13629.82082,14742.47526,15480.77089
07/09/2017,13634.33291,14746.03596,15482.13906
08/09/2017,13625.47633,14747.38459,15484.50138
09/09/2017,13635.86909,14742.36956,15479.38078
10/09/2017,13633.18027,14747.99182,15487.58149
11/09/2017,13636.64691,14745.30739,15485.62094
12/09/2017,13630.70549,14744.81569,15482.99996
13/09/2017,13634.85317,14745.26078,15482.80887
14/09/2017,13630.16273,14749.86579,15484.33914
15/09/2017,13636.06674,14749.162,15482.92302
16/09/2017,13633.90021,14755.60152,15485.28145
17/09/2017,13629.00427,14760.64247,15486.50266
18/09/2017,13620.67091,14764.29594,15486.88911
19/09/2017,13605.39716,14754.66862,15480.33271
20/09/2017,13600.42723,14744.11314,15466.83949
21/09/2017,13594.65356,14745.09619,15462.61788
22/09/2017,13595.58569,14738.18442,15461.5997
23/09/2017,13598.29026,14740.16741,15462.70879
24/09/2017,13607.58373,14743.29608,15463.31283
25/09/2017,13629.0176,14752.41307,15468.09342
26/09/2017,13631.50626,14764.41844,15484.1873
27/09/2017,13626.53381,14764.94745,15489.85257
28/09/2017,13605.05649,14757.95873,15488.07898
29/09/2017,13597.3087,14744.9536,15474.67085
30/09/2017,13602.62764,14741.66548,15471.05851
01/10/2017,13603.65147,14745.69775,15470.44933
02/10/2017,13616.23735,14747.56924,15469.68712
03/10/2017,13616.16001,14754.29913,15475.00718
04/10/2017,13615.44539,14755.29524,15475.4025
05/10/2017,13602.96476,14757.86053,15477.30596
06/10/2017,13599.49139,14750.95334,15472.39767
07/10/2017,13608.47436,14748.75185,15466.79895
08/10/2017,13619.09931,14751.49229,15475.0513
09/10/2017,13630.25121,14761.55759,15482.28037
10/10/2017,13628.52741,14774.32279,15490.00575
11/10/2017,13626.09639,14771.66542,15488.19836
12/10/2017,13628.51392,14767.94828,15491.09376
13/10/2017,13633.43146,14764.41766,15495.25695
14/10/2017,13629.41375,14760.74386,15493.24002
15/10/2017,13635.4809,14754.85662,15491.96196
16/10/2017,13645.18759,14760.7957,15497.76604
17/10/2017,13641.88938,14768.42601,15504.58282
18/10/2017,13642.46073,14766.52596,15502.10769
19/10/2017,13630.69286,14770.34322,15498.80089
20/10/2017,13625.25665,14761.34131,15495.76952
21/10/2017,13628.47364,14756.35005,15494.77442
22/10/2017,13633.41537,14753.33301,15495.39574
23/10/2017,13644.76131,14761.13224,15492.05889
24/10/2017,13630.64527,14769.45149,15492.61654
25/10/2017,13628.90165,14763.62305,15480.74822
26/10/2017,13629.61515,14762.46788,15482.38654
27/10/2017,13631.7909,14764.34288,15482.79185
28/10/2017,13630.03125,14765.94171,15484.73043
29/10/2017,13626.85514,14763.63477,15484.9938
30/10/2017,13615.4624,14760.03319,15479.75515
31/10/2017,13606.81589,14750.81147,15472.05507
01/11/2017,13598.15477,14741.17275,15461.87485
02/11/2017,13583.58275,14738.9954,15456.2607
03/11/2017,13571.23324,14735.73248,15444.1642
04/11/2017,13565.62471,14728.27861,15437.83505
05/11/2017,13546.30405,14724.26627,15430.36286
06/11/2017,13545.12324,14712.4217,15413.35912
07/11/2017,13542.86833,14705.39544,15410.65933
08/11/2017,13553.28181,14702.27829,15407.7357
09/11/2017,13567.84324,14717.02995,15407.20264
10/11/2017,13574.73308,14724.45806,15421.05025
11/11/2017,13575.06644,14730.80197,15424.52102
12/11/2017,13582.26843,14729.64353,15426.33391
13/11/2017,13579.6473,14734.96167,15428.50905
14/11/2017,13576.18554,14729.03692,15425.60882
15/11/2017,13583.47126,14722.99014,15421.2617
16/11/2017,13579.46745,14730.83939,15428.9932
17/11/2017,13582.40966,14730.92603,15425.57022
18/11/2017,13587.00719,14731.72187,15425.75964
19/11/2017,13588.9397,14732.61085,15426.41431
20/11/2017,13585.06319,14730.33494,15428.30259
21/11/2017,13584.95618,14732.51933,15426.58963
22/11/2017,13579.35379,14730.22532,15422.78595
23/11/2017,13575.52374,14725.59246,15420.27698
24/11/2017,13576.81418,14716.96738,15411.47739
25/11/2017,13568.79518,14724.26609,15406.77545
26/11/2017,13562.87556,14718.68526,15398.71715
27/11/2017,13569.74941,14717.62907,15394.11571
28/11/2017,13564.9801,14723.75273,15395.98464
29/11/2017,13568.83575,14720.19254,15392.24918
30/11/2017,13565.37527,14722.0296,15390.93645
01/12/2017,13572.58813,14719.64731,15393.58708
02/12/2017,13579.19702,14723.45658,15399.89815
03/12/2017,13586.09621,14728.57804,15404.19793
04/12/2017,13585.29223,14731.75191,15406.93614
05/12/2017,13597.37361,14738.01413,15404.72228
06/12/2017,13604.75223,14746.0438,15416.58794
07/12/2017,13615.90051,14755.4297,15417.50295
08/12/2017,13614.19157,14766.91956,15423.60016
09/12/2017,13611.8136,14769.2031,15428.1469
10/12/2017,13596.44257,14767.97966,15425.17553
11/12/2017,13604.166,14757.37825,15413.39097
12/12/2017,13619.405,14760.39926,15418.73168
13/12/2017,13624.66707,14767.52622,15419.60828
14/12/2017,13625.00743,14771.56739,15425.42297
15/12/2017,13618.26468,14769.49402,15424.75777
16/12/2017,13615.00007,14760.85698,15419.00493
17/12/2017,13612.14303,14759.12611,15424.60393
18/12/2017,13607.64885,14754.86094,15420.90554
19/12/2017,13598.61889,14752.76873,15422.12488
20/12/2017,13599.85671,14748.10552,15413.74841
21/12/2017,13586.61807,14753.24818,15411.47624
22/12/2017,13572.58893,14742.64068,15407.90332
23/12/2017,13580.36156,14737.06929,15402.79967
24/12/2017,13570.13302,14743.66774,15411.07919
25/12/2017,13558.44316,14735.87226,15397.39531
26/12/2017,13560.59461,14726.55458,15393.88272
27/12/2017,13557.76112,14729.29417,15390.23335
28/12/2017,13571.04881,14728.40557,15389.38976
29/12/2017,13568.97761,14739.94545,15400.18002
30/12/2017,13566.26209,14738.80068,15399.19085
31/12/2017,13574.31099,14735.1424,15399.75569
01/01/2018,13581.83325,14742.91761,15401.8843
02/01/2018,13578.97296,14749.89276,15407.22588
03/01/2018,13575.30186,14754.40151,15409.72032
04/01/2018,13558.12711,14748.48097,15414.30156
05/01/2018,13554.54854,14739.59939,15398.80797
06/01/2018,13540.81986,14741.16028,15398.18489
07/01/2018,13540.47868,14728.57775,15390.9756
08/01/2018,13554.70779,14729.37902,15388.38026
09/01/2018,13555.19501,14733.47231,15393.44566
10/01/2018,13565.75406,14729.41685,15398.15208
11/01/2018,13564.52146,14736.53466,15403.56675
12/01/2018,13563.46438,14734.44374,15403.09411
13/01/2018,13570.4558,14733.02167,15407.01121
14/01/2018,13578.48043,14739.59988,15413.97588
15/01/2018,13589.12252,14744.96493,15419.29837
16/01/2018,13592.41213,14748.78076,15422.68398
17/01/2018,13593.31825,14750.95304,15421.58691
18/01/2018,13591.31313,14752.2294,15415.64409
19/01/2018,13586.14395,14754.19847,15415.41122
20/01/2018,13558.05855,14752.14793,15417.32434
21/01/2018,13547.69256,14734.74197,15402.03463
22/01/2018,13552.58349,14725.71717,15395.4131
23/01/2018,13544.32651,14728.72905,15391.57923
24/01/2018,13538.12778,14721.64948,15390.24698
25/01/2018,13541.15064,14716.85116,15386.17724
26/01/2018,13536.18241,14716.22604,15388.58228
27/01/2018,13533.84253,14713.69993,15386.84266
28/01/2018,13526.834,14708.97075,15385.09499
29/01/2018,13540.2819,14702.64779,15377.11735
30/01/2018,13546.4526,14711.18544,15383.4627
31/01/2018,13556.84422,14712.2557,15387.50544
01/02/2018,13553.86716,14719.51571,15394.20394
02/02/2018,13560.10749,14724.3396,15389.17697
03/02/2018,13563.1473,14724.57436,15394.79134
04/02/2018,13548.44271,14726.56219,15395.56561
05/02/2018,13540.7742,14715.15584,15383.11039
06/02/2018,13542.99201,14709.87039,15378.57292
07/02/2018,13528.68514,14713.14908,15382.85511
08/02/2018,13528.53769,14707.28719,15373.41542
09/02/2018,13530.07851,14705.25326,15371.35535
10/02/2018,13524.707,14708.05576,15366.62402
11/02/2018,13518.8945,14703.80843,15364.3799
12/02/2018,13530.41794,14698.97566,15358.58484
13/02/2018,13541.72778,14703.52595,15367.38398
14/02/2018,13531.24697,14712.62782,15375.6746
15/02/2018,13511.73563,14707.2825,15372.40793
16/02/2018,13522.26193,14695.27289,15360.38295
17/02/2018,13506.78792,14704.81959,15368.03494
18/02/2018,13499.39021,14695.61456,15357.24734
19/02/2018,13492.30206,14691.49893,15350.53867
20/02/2018,13498.57497,14689.14462,15347.91077
21/02/2018,13485.09796,14693.46488,15353.27861
22/02/2018,13486.59549,14679.46435,15340.98068
23/02/2018,13480.87881,14680.66227,15342.3806
24/02/2018,13482.97822,14673.57118,15340.51155
25/02/2018,13482.1203,14673.62745,15341.84474
26/02/2018,13489.4431,14671.50019,15342.9882
27/02/2018,13486.85467,14675.08641,15346.48802
28/02/2018,13479.72948,14673.30824,15337.12267
01/03/2018,13462.76107,14664.2439,15328.05213
02/03/2018,13482.1535,14652.23674,15310.81404
03/03/2018,13497.32631,14668.60534,15324.49202
04/03/2018,13511.81894,14676.04271,15337.84668
05/03/2018,13507.17462,14687.89928,15350.26353
06/03/2018,13505.96593,14686.19987,15348.55452
07/03/2018,13510.44078,14686.25752,15347.65737
08/03/2018,13516.18638,14680.58021,15355.65683
09/03/2018,13515.13634,14685.63799,15360.55487
10/03/2018,13503.8604,14682.54305,15359.66561
11/03/2018,13502.95749,14677.87693,15349.84817
12/03/2018,13501.45603,14678.43207,15346.48523
13/03/2018,13494.18059,14675.01066,15340.81569
14/03/2018,13510.40679,14672.47427,15338.67343
15/03/2018,13511.30956,14684.58582,15348.10283
16/03/2018,13527.00815,14681.07063,15348.4426
17/03/2018,13538.53038,14690.06353,15364.68691
18/03/2018,13547.51559,14699.24338,15371.89756
19/03/2018,13555.67539,14703.70453,15379.20085
20/03/2018,13542.1813,14706.65016,15381.01332
21/03/2018,13544.25368,14696.91378,15371.70602
22/03/2018,13544.85133,14693.64224,15373.89208
23/03/2018,13537.27058,14698.43598,15379.34113
24/03/2018,13536.58251,14689.67065,15369.13724
25/03/2018,13534.17174,14689.08973,15370.82445
26/03/2018,13554.9308,14688.95978,15369.03147
27/03/2018,13560.35905,14707.80194,15389.27973
28/03/2018,13569.61186,14715.42696,15387.22004
29/03/2018,13561.64543,14724.30424,15389.34883
30/03/2018,13562.37423,14719.23246,15378.21575
31/03/2018,13568.11482,14720.53248,15378.91262
01/04/2018,13594.75971,14724.40338,15379.97305
02/04/2018,13580.62389,14746.25614,15397.45046
03/04/2018,13592.81783,14734.33566,15387.9553
04/04/2018,13595.25693,14744.82007,15398.87207
05/04/2018,13593.72114,14741.0721,15397.90598
06/04/2018,13596.45635,14742.02905,15400.36812
07/04/2018,13602.86803,14746.49237,15398.53393
08/04/2018,13614.01613,14753.0302,15403.57821
09/04/2018,13593.85635,14762.8096,15413.09097
10/04/2018,13585.15551,14751.19657,15397.37019
11/04/2018,13585.18851,14746.47968,15399.23257
12/04/2018,13576.09365,14744.40131,15400.59733
13/04/2018,13585.20583,14739.81538,15390.72502
14/04/2018,13589.31042,14750.74405,15394.16319
15/04/2018,13583.94385,14756.67288,15395.25191
16/04/2018,13581.18055,14752.48102,15385.89807
17/04/2018,13581.27249,14753.59589,15383.71289
18/04/2018,13579.4329,14753.22978,15390.50837
19/04/2018,13574.48211,14752.4587,15391.04645
20/04/2018,13569.37428,14749.3004,15389.1542
21/04/2018,13568.69687,14744.22171,15388.03877
22/04/2018,13578.85865,14746.35897,15390.06068
23/04/2018,13576.71792,14752.47796,15396.87558
24/04/2018,13585.06706,14745.56612,15393.53675
25/04/2018,13583.09907,14750.88901,15396.92392
26/04/2018,13590.21411,14750.70628,15394.29809
27/04/2018,13607.10719,14756.05429,15404.14377
28/04/2018,13604.80813,14766.55776,15417.05823
29/04/2018,13607.68189,14763.46548,15413.63581
30/04/2018,13606.72734,14767.23645,15420.9002
01/05/2018,13601.74204,14768.70347,15424.5663
02/05/2018,13598.31887,14765.47438,15418.7967
03/05/2018,13608.4264,14761.76803,15413.81527
04/05/2018,13606.04129,14771.60241,15422.18295
05/05/2018,13603.45777,14772.48391,15422.39442
06/05/2018,13600.22714,14771.33951,15417.3804
07/05/2018,13584.16718,14767.31441,15413.11054
08/05/2018,13583.14784,14761.04287,15398.81099
09/05/2018,13573.23353,14759.30882,15398.61956
10/05/2018,13582.46123,14749.22645,15393.70085
11/05/2018,13578.58727,14757.37478,15396.67112
12/05/2018,13579.63642,14756.77735,15395.94927
13/05/2018,13588.42842,14751.75976,15393.24227
14/05/2018,13577.27336,14758.74139,15400.98761
15/05/2018,13580.16617,14748.40791,15394.6632
16/05/2018,13568.47695,14748.27782,15398.93265
17/05/2018,13564.58339,14736.44554,15389.91149
18/05/2018,13566.9991,14732.97848,15387.93009
19/05/2018,13563.76904,14737.601,15388.65901
20/05/2018,13557.66212,14732.39993,15383.30837
21/05/2018,13545.33653,14730.25296,15374.70605
22/05/2018,13541.87639,14718.67025,15368.83077
23/05/2018,13544.09245,14722.07968,15370.5567
24/05/2018,13555.83492,14724.32019,15369.6753
25/05/2018,13570.58681,14729.84712,15379.18567
26/05/2018,13559.32987,14741.93301,15386.61146
27/05/2018,13557.01672,14737.29194,15377.72637
28/05/2018,13560.62578,14733.36571,15378.19209
29/05/2018,13562.63837,14735.32829,15378.39981
30/05/2018,13534.5049,14735.03528,15375.08378
31/05/2018,13542.66368,14720.51087,15358.78165
01/06/2018,13539.43186,14722.92475,15366.90509
02/06/2018,13528.11587,14715.87776,15362.16037
03/06/2018,13526.91008,14707.03618,15361.67559
04/06/2018,13513.14185,14707.08625,15359.01271
05/06/2018,13499.59262,14695.86701,15348.16508
06/06/2018,13508.082,14687.35541,15339.81242
07/06/2018,13518.62192,14692.64624,15343.99212
08/06/2018,13506.78428,14704.3342,15351.03904
09/06/2018,13507.18755,14699.2246,15338.04226
10/06/2018,13510.86649,14699.07341,15336.39721
11/06/2018,13518.80083,14702.28741,15334.18261
12/06/2018,13521.9468,14709.84683,15340.64922
13/06/2018,13520.40388,14707.06919,15339.74645
14/06/2018,13522.7556,14705.65726,15340.52681
15/06/2018,13532.92716,14705.93486,15338.53981
16/06/2018,13521.24916,14709.97178,15341.49699
17/06/2018,13540.1505,14702.16878,15330.59143
18/06/2018,13532.55411,14710.66295,15337.70551
19/06/2018,13536.6687,14701.4144,15332.82694
20/06/2018,13538.73705,14700.03969,15333.76656
21/06/2018,13544.4287,14703.33942,15330.33544
22/06/2018,13547.85261,14704.18042,15331.8491
23/06/2018,13554.60504,14711.01577,15331.81747
24/06/2018,13544.16361,14718.65727,15337.41578
25/06/2018,13550.44161,14716.22811,15324.67914
26/06/2018,13544.4289,14724.89514,15322.93457
27/06/2018,13531.15111,14720.46112,15320.81095
28/06/2018,13530.29499,14708.99886,15308.15156
29/06/2018,13524.29609,14707.51178,15311.8329
30/06/2018,13524.28679,14702.46831,15307.89486
01/07/2018,13525.03733,14699.21972,15304.32763
02/07/2018,13531.303,14700.07286,15307.47415
03/07/2018,13526.53594,14701.10882,15310.63723
04/07/2018,13529.26249,14693.5919,15304.5115
05/07/2018,13522.78214,14700.91155,15304.09276
06/07/2018,13531.88991,14698.35943,15296.94147
07/07/2018,13522.47722,14705.90291,15299.21402
08/07/2018,13506.33257,14697.07133,15294.06183
09/07/2018,13495.86454,14685.20654,15287.64553
10/07/2018,13494.75814,14677.8707,15278.77209
11/07/2018,13490.28477,14679.46659,15279.03101
12/07/2018,13465.7392,14672.94381,15275.06114
13/07/2018,13469.48751,14655.7288,15258.87995
14/07/2018,13474.04908,14656.54435,15263.1144
15/07/2018,13470.64898,14658.94071,15266.86313
16/07/2018,13451.58434,14658.21462,15266.06907
17/07/2018,13466.05555,14645.74986,15258.2503
18/07/2018,13468.26001,14654.35182,15265.6332
19/07/2018,13483.94848,14658.44457,15263.84385
20/07/2018,13480.90354,14667.95642,15273.3995
21/07/2018,13471.63906,14667.35743,15279.71754
22/07/2018,13500.43615,14664.85587,15275.11811
23/07/2018,13506.98532,14681.02592,15294.22442
24/07/2018,13509.99867,14684.34118,15294.15237
25/07/2018,13499.59687,14686.56201,15295.81157
26/07/2018,13496.72305,14676.76257,15286.17795
27/07/2018,13512.0237,14670.93019,15282.3715
28/07/2018,13511.78511,14684.55776,15290.31419
29/07/2018,13530.80006,14689.53495,15292.31403
30/07/2018,13517.26615,14699.42566,15310.88125
31/07/2018,13517.12409,14689.71027,15298.79719
01/08/2018,13512.5584,14697.80386,15302.65011
02/08/2018,13508.3633,14694.13178,15294.34823
03/08/2018,13500.33082,14686.09971,15286.22044
04/08/2018,13526.89273,14680.38927,15278.29372
05/08/2018,13519.04846,14697.59391,15295.60528
06/08/2018,13526.62903,14691.98501,15288.58902
07/08/2018,13532.44669,14699.58099,15295.48361
08/08/2018,13533.77012,14699.11466,15296.47232
09/08/2018,13539.17188,14705.63321,15300.82062
10/08/2018,13543.16138,14714.11817,15308.22361
11/08/2018,13540.8128,14715.78736,15312.39185
12/08/2018,13528.97184,14713.47823,15308.20838
13/08/2018,13527.2239,14701.59374,15308.70958
14/08/2018,13515.83739,14699.63047,15308.64144
15/08/2018,13531.13355,14692.65994,15302.27374
16/08/2018,13522.62059,14704.64811,15312.81235
17/08/2018,13539.69784,14700.27337,15304.22853
18/08/2018,13555.5631,14710.53821,15319.50626
19/08/2018,13548.41725,14720.07401,15332.34523
20/08/2018,13529.18617,14713.55073,15326.92278
21/08/2018,13524.15402,14697.04232,15317.29713
22/08/2018,13527.66378,14688.17414,15313.1749
23/08/2018,13531.35947,14689.21504,15312.96625
24/08/2018,13542.41571,14691.21094,15314.3937
25/08/2018,13535.19611,14697.39654,15321.00483
26/08/2018,13514.71563,14692.63423,15316.981
27/08/2018,13519.11876,14676.97919,15304.27524
28/08/2018,13523.27449,14681.11585,15303.79851
29/08/2018,13511.51529,14683.79282,15311.80416
30/08/2018,13517.20231,14683.40159,15304.54781
31/08/2018,13514.08264,14685.66399,15304.95234
01/09/2018,13508.39642,14682.75094,15307.93138
02/09/2018,13499.85936,14680.51657,15312.12469
03/09/2018,13496.73592,14672.0845,15306.43327
04/09/2018,13502.67499,14669.88588,15304.96026
05/09/2018,13495.74242,14673.94751,15307.82798
06/09/2018,13499.43309,14664.28872,15303.04134
07/09/2018,13487.38062,14667.27708,15303.11928
08/09/2018,13496.50903,14657.1536,15297.31282
09/09/2018,13497.20832,14662.70555,15304.29694
10/09/2018,13492.22745,14662.13691,15305.88373
11/09/2018,13486.67096,14657.44524,15301.8315
12/09/2018,13473.69816,14655.6585,15301.43002
13/09/2018,13469.43848,14648.62595,15291.11506
14/09/2018,13469.62019,14641.05692,15289.75594
15/09/2018,13462.74147,14638.76131,15291.68575
16/09/2018,13454.6643,14632.60682,15286.79323
17/09/2018,13457.71787,14627.19918,15282.75435
18/09/2018,13452.36603,14625.36937,15288.74375
19/09/2018,13433.06622,14620.91453,15287.03674
20/09/2018,13422.32426,14609.01511,15271.31768
21/09/2018,13416.02422,14606.42031,15260.24722
22/09/2018,13433.0439,14600.13701,15250.85436
23/09/2018,13438.19221,14613.58681,15261.11924
24/09/2018,13425.88494,14613.06027,15264.86914
25/09/2018,13418.26092,14607.32192,15251.90505
26/09/2018,13427.97027,14607.76622,15248.72766
27/09/2018,13430.30216,14618.30322,15257.43463
28/09/2018,13422.94733,14622.31461,15258.53827
29/09/2018,13425.3529,14616.91318,15249.06307
30/09/2018,13433.40678,14620.29593,15252.31017
01/10/2018,13446.27076,14626.7714,15255.77395
02/10/2018,13446.23158,14632.65863,15262.87966
03/10/2018,13439.81905,14634.39685,15263.91602
04/10/2018,13437.62947,14628.26509,15257.09348
05/10/2018,13438.94863,14628.56131,15255.04951
06/10/2018,13441.26826,14628.77323,15258.19715
07/10/2018,13423.28515,14635.9957,15261.42527
08/10/2018,13414.18717,14622.5161,15249.42779
09/10/2018,13417.04061,14617.51585,15245.56673
10/10/2018,13428.8376,14613.85679,15245.29381
11/10/2018,13424.1472,14619.91549,15254.0363
12/10/2018,13415.81413,14619.94064,15245.79435
13/10/2018,13399.43858,14613.39188,15238.84441
14/10/2018,13397.5281,14599.43258,15229.81762
15/10/2018,13401.13654,14605.72332,15221.18011
16/10/2018,13391.4088,14607.73035,15226.93395
17/10/2018,13394.18291,14598.85442,15221.83611
18/10/2018,13392.99676,14602.54581,15223.54979
19/10/2018,13392.85195,14600.79075,15222.27238
20/10/2018,13394.80483,14600.72974,15220.88303
21/10/2018,13401.34517,14599.65,15219.35692
22/10/2018,13395.858,14604.76743,15231.00293
23/10/2018,13387.91037,14596.49179,15232.347
24/10/2018,13382.22569,14589.00432,15226.51445
25/10/2018,13395.65806,14583.83864,15221.01582
26/10/2018,13388.78993,14591.14039,15229.01741
27/10/2018,13400.21003,14585.01632,15230.54522
28/10/2018,13406.43195,14592.01003,15238.37154
29/10/2018,13409.62045,14593.85197,15242.6546
30/10/2018,13416.50424,14601.31195,15239.18172
31/10/2018,13419.498,14605.37277,15242.58296
01/11/2018,13424.89933,14609.38142,15248.4112
02/11/2018,13414.39538,14616.19408,15252.49351
03/11/2018,13422.95194,14607.31038,15242.82902
04/11/2018,13407.43572,14612.79071,15248.63139
05/11/2018,13420.66266,14603.63699,15238.41447
06/11/2018,13430.13375,14610.88861,15241.42615
07/11/2018,13436.64937,14618.73193,15245.94781
08/11/2018,13433.77298,14621.15676,15252.41621
09/11/2018,13440.05117,14614.79466,15253.89383
10/11/2018,13453.83799,14618.31718,15255.01789
11/11/2018,13453.93873,14628.96635,15260.78617
12/11/2018,13450.09891,14631.92872,15259.62021
13/11/2018,13457.08897,14629.52319,15253.00554
14/11/2018,13462.69609,14634.28938,15257.08358
15/11/2018,13468.48766,14632.37191,15261.46056
16/11/2018,13465.97671,14640.7866,15265.75358
17/11/2018,13467.92117,14641.32879,15261.67828
18/11/2018,13457.91195,14637.06392,15260.51735
19/11/2018,13466.67726,14626.02036,15256.0301
20/11/2018,13450.73422,14629.3482,15263.8917
21/11/2018,13453.66968,14615.00164,15255.34141
22/11/2018,13458.28871,14616.56085,15255.09768
23/11/2018,13463.39278,14617.31864,15258.59438
24/11/2018,13465.59914,14623.83223,15264.94284
25/11/2018,13467.24882,14625.85253,15267.64944
26/11/2018,13486.74592,14623.35529,15267.44517
27/11/2018,13486.23368,14634.11934,15277.80343
28/11/2018,13497.78994,14634.37201,15272.33549
29/11/2018,13484.20895,14642.31594,15276.04034
30/11/2018,13481.47442,14629.90844,15265.91395
01/12/2018,13470.22705,14630.68558,15258.64869
02/12/2018,13456.3597,14622.1994,15250.32712
03/12/2018,13439.74896,14618.16802,15240.8601
04/12/2018,13431.69771,14603.42157,15230.05654
05/12/2018,13430.56598,14594.16102,15215.79865
06/12/2018,13427.34194,14595.37486,15215.12186
07/12/2018,13430.36502,14597.2325,15212.66697
08/12/2018,13432.64787,14601.83917,15221.29025
09/12/2018,13427.56208,14603.43569,15227.20384
10/12/2018,13421.4437,14598.62386,15216.9722
11/12/2018,13413.45489,14596.78504,15210.63333
12/12/2018,13423.2701,14593.73794,15204.7149
13/12/2018,13421.53013,14599.63949,15219.23425
14/12/2018,13419.92814,14597.59972,15216.29668
15/12/2018,13413.29249,14599.83266,15224.07398
16/12/2018,13417.0057,14593.15846,15221.56776
17/12/2018,13422.98828,14597.57728,15226.11159
18/12/2018,13451.23949,14604.08711,15225.63088
19/12/2018,13455.9895,14622.08529,15243.56103
20/12/2018,13457.03177,14623.68573,15246.06308
21/12/2018,13456.31621,14622.81393,15248.20987
22/12/2018,13448.91784,14623.60441,15249.90294
23/12/2018,13456.91862,14618.75185,15247.23777
24/12/2018,13454.5895,14630.426,15249.99308
25/12/2018,13448.42438,14627.8194,15248.22007
26/12/2018,13422.01063,14623.89619,15241.27739
27/12/2018,13415.2983,14603.59061,15227.31599
28/12/2018,13421.9771,14595.15619,15221.37043
29/12/2018,13425.20741,14598.54863,15231.14013
30/12/2018,13422.15483,14604.50432,15231.07511
31/12/2018,13422.61149,14601.57806,15228.85014
01/01/2019,13429.77048,14603.5899,15230.74695
02/01/2019,13429.56875,14609.61078,15236.20729
03/01/2019,13419.91326,14611.40836,15237.24246
04/01/2019,13416.48153,14606.20335,15227.03827
05/01/2019,13416.94183,14607.19869,15223.80408
06/01/2019,13425.77161,14606.66457,15222.83599
07/01/2019,13423.24611,14613.95849,15224.37677
08/01/2019,13436.11889,14612.39267,15223.31555
09/01/2019,13439.10452,14619.22161,15223.89218
10/01/2019,13448.13468,14615.72822,15225.88861
11/01/2019,13453.58093,14623.90049,15232.57452
12/01/2019,13470.45348,14628.81642,15237.15858
13/01/2019,13458.98692,14641.3754,15248.03788
14/01/2019,13461.78299,14633.61953,15237.79213
15/01/2019,13462.15042,14638.75125,15239.29015
16/01/2019,13467.80429,14637.61375,15241.6996
17/01/2019,13468.38199,14641.55116,15253.8781
18/01/2019,13457.93377,14646.63861,15253.51386
19/01/2019,13458.09988,14639.76428,15245.67127
20/01/2019,13467.9866,14644.34165,15246.47144
21/01/2019,13449.25161,14652.55942,15256.09839
22/01/2019,13448.55666,14646.96202,15244.08399
23/01/2019,13451.83018,14643.17939,15244.26789
24/01/2019,13455.21238,14642.70044,15245.28067
25/01/2019,13446.74503,14641.49574,15239.8046
26/01/2019,13421.75215,14635.05419,15234.52841
27/01/2019,13428.20694,14616.91993,15218.00527
28/01/2019,13439.36753,14622.49351,15219.79303
29/01/2019,13419.00246,14633.42705,15224.59766
30/01/2019,13422.74875,14623.44027,15212.4857
31/01/2019,13423.06745,14628.63541,15214.35384
01/02/2019,13428.81136,14623.68653,15214.35381
02/02/2019,13439.37376,14627.85509,15217.72466
03/02/2019,13446.93896,14637.1873,15223.97667
04/02/2019,13451.94435,14640.62594,15226.44071
05/02/2019,13451.8991,14645.0764,15226.75039
06/02/2019,13447.83763,14644.57067,15230.94528
07/02/2019,13447.32562,14638.34176,15225.65504
08/02/2019,13435.71866,14633.85613,15226.12837
09/02/2019,13450.39639,14623.70241,15218.44621
10/02/2019,13462.76873,14633.99932,15225.6238
11/02/2019,13466.90983,14637.75755,15234.88251
12/02/2019,13475.47857,14642.0453,15240.5741
13/02/2019,13471.09909,14649.52972,15251.84343
14/02/2019,13458.79075,14646.57733,15249.84851
15/02/2019,13453.99052,14638.26663,15236.79075
16/02/2019,13452.54591,14639.59522,15233.07471
17/02/2019,13453.6166,14639.92974,15231.26015
18/02/2019,13443.10205,14640.96351,15230.90143
19/02/2019,13461.02489,14629.76546,15226.01376
20/02/2019,13460.05874,14644.79259,15229.3658
21/02/2019,13456.37859,14636.87413,15230.99096
22/02/2019,13468.06338,14637.33052,15227.07262
23/02/2019,13460.21533,14645.23561,15233.63809
24/02/2019,13448.56481,14642.66901,15228.16588
25/02/2019,13448.12006,14637.8708,15218.52547
26/02/2019,13451.81009,14633.33992,15212.93658
27/02/2019,13456.67811,14635.95279,15218.08864
28/02/2019,13477.08562,14639.94806,15224.69662
01/03/2019,13475.71379,14656.53554,15236.25825
02/03/2019,13481.39386,14654.27468,15236.40245
03/03/2019,13476.79836,14655.87259,15237.05914
04/03/2019,13487.05489,14652.57779,15231.74018
05/03/2019,13480.32518,14660.968,15237.70673
06/03/2019,13479.415,14657.28688,15231.00895
07/03/2019,13476.52189,14657.7544,15232.80835
08/03/2019,13474.83663,14655.99973,15222.69063
09/03/2019,13482.58798,14654.90135,15219.22776
10/03/2019,13475.44138,14657.36174,15223.02963
11/03/2019,13471.63359,14655.73524,15221.81559
12/03/2019,13473.60952,14656.62367,15222.64627
13/03/2019,13478.41864,14658.42716,15223.04246
14/03/2019,13471.17199,14661.27621,15230.69171
15/03/2019,13478.5656,14655.73508,15232.43677
16/03/2019,13490.63852,14656.86883,15233.79752
17/03/2019,13497.05411,14665.64924,15242.06213
18/03/2019,13504.44662,14672.70662,15247.37068
19/03/2019,13508.88817,14680.28203,15255.32888
20/03/2019,13502.36893,14684.23543,15257.50485
21/03/2019,13505.96598,14681.18909,15259.54214
22/03/2019,13510.64133,14685.55671,15263.78096
23/03/2019,13511.30218,14695.39282,15268.05629
24/03/2019,13507.91286,14693.31488,15270.9264
25/03/2019,13498.50514,14690.23294,15266.50966
26/03/2019,13491.14679,14683.56826,15256.90329
27/03/2019,13486.36133,14677.9459,15245.11358
28/03/2019,13491.59606,14672.07634,15243.90006
29/03/2019,13489.92725,14677.14582,15247.66763
30/03/2019,13473.62396,14673.14796,15247.03633
31/03/2019,13481.68174,14665.73075,15234.64916
01/04/2019,13488.8363,14671.63641,15238.88956
02/04/2019,13474.53001,14674.35189,15242.42589
03/04/2019,13476.16682,14667.95047,15230.81918
04/04/2019,13478.68549,14672.6522,15231.33695
05/04/2019,13494.07117,14674.39125,15228.89186
06/04/2019,13501.71383,14681.62795,15237.83851
07/04/2019,13498.88101,14688.19215,15248.46759
08/04/2019,13491.38862,14686.11727,15244.5836
09/04/2019,13503.15532,14679.07001,15242.40452
10/04/2019,13513.41016,14684.98565,15251.04539
11/04/2019,13525.03866,14695.74287,15256.84056
12/04/2019,13536.14576,14705.01362,15259.81624
13/04/2019,13557.03437,14711.00717,15265.76833
14/04/2019,13556.64095,14727.87512,15276.62499
15/04/2019,13554.07065,14726.30493,15277.45761
16/04/2019,13531.48127,14722.09694,15276.0374
17/04/2019,13531.76565,14699.52567,15264.29413
18/04/2019,13546.04546,14703.10492,15265.2914
19/04/2019,13563.20218,14709.51475,15271.74316
20/04/2019,13568.85395,14724.01226,15284.31652
21/04/2019,13552.85338,14729.5682,15286.68701
22/04/2019,13565.39771,14718.29782,15271.58365
23/04/2019,13562.61752,14730.55941,15280.15447
24/04/2019,13560.48727,14728.36671,15280.59337
25/04/2019,13554.19573,14726.19267,15279.30518
26/04/2019,13554.73989,14722.92605,15275.37843
27/04/2019,13561.38749,14721.30661,15275.92411
28/04/2019,13559.71934,14721.24835,15280.94223
29/04/2019,13537.5775,14720.5001,15275.95554
30/04/2019,13538.61127,14705.34601,15262.4382
01/05/2019,13562.37608,14706.23352,15262.89723
02/05/2019,13563.62268,14719.28547,15280.51804
03/05/2019,13570.64688,14718.09591,15283.48173
04/05/2019,13568.30794,14722.71239,15286.2922
05/05/2019,13564.31701,14719.89391,15289.3129
06/05/2019,13574.71614,14717.54168,15287.0127
07/05/2019,13559.66804,14723.58321,15286.32946
08/05/2019,13557.07401,14714.59059,15277.58436
09/05/2019,13562.44109,14710.58371,15277.01974
10/05/2019,13549.8613,14712.95545,15278.92327
11/05/2019,13559.93563,14701.0723,15274.53366
12/05/2019,13578.83145,14707.71753,15280.67474
13/05/2019,13576.95033,14722.69227,15293.64411
14/05/2019,13584.81272,14724.5206,15291.94441
15/05/2019,13585.95535,14731.19687,15292.74016
16/05/2019,13583.60511,14728.89343,15294.79482
17/05/2019,13598.00106,14723.69595,15294.63946
18/05/2019,13608.25562,14736.81099,15309.14248
19/05/2019,13603.9835,14744.44756,15315.11229
20/05/2019,13595.40896,14743.56447,15313.96179
21/05/2019,13591.96969,14742.33376,15311.08459
22/05/2019,13590.25218,14743.04965,15308.82036
23/05/2019,13601.858,14746.02527,15309.23546
24/05/2019,13586.22741,14758.72739,15313.84906
25/05/2019,13580.10182,14748.50372,15303.48685
26/05/2019,13580.21982,14741.26914,15298.90707
27/05/2019,13568.26298,14740.36078,15296.71486
28/05/2019,13580.52537,14731.25882,15288.96528
29/05/2019,13576.99255,14739.97364,15302.16581
30/05/2019,13591.76536,14734.67155,15301.45572
31/05/2019,13610.75651,14746.74985,15317.87294
01/06/2019,13606.20905,14761.44096,15335.23296
02/06/2019,13598.70409,14758.20062,15331.14612
03/06/2019,13583.77467,14755.98342,15328.22329
04/06/2019,13563.84053,14742.0027,15317.14661
05/06/2019,13584.07263,14726.08395,15302.72981
06/06/2019,13580.47379,14742.3448,15318.09662
07/06/2019,13588.50161,14738.9333,15313.61807
08/06/2019,13596.21976,14736.7379,15321.54945
09/06/2019,13605.37404,14745.57872,15326.78246
10/06/2019,13604.85978,14751.04048,15328.24647
11/06/2019,13589.27409,14749.86586,15329.98202
12/06/2019,13598.15485,14736.88984,15323.48776
13/06/2019,13594.91346,14739.63957,15332.5501
14/06/2019,13598.75381,14741.25571,15329.31981
15/06/2019,13599.67818,14742.61806,15330.46664
16/06/2019,13609.71999,14740.52988,15329.5647
17/06/2019,13623.10659,14747.49883,15337.43567
18/06/2019,13628.19029,14754.33843,15347.7008
19/06/2019,13605.44814,14760.14178,15354.87647
20/06/2019,13599.38183,14745.1737,15339.63791
21/06/2019,13608.9214,14739.7528,15331.84229
22/06/2019,13606.54585,14743.3948,15336.91707
23/06/2019,13597.05842,14740.76487,15339.14027
24/06/2019,13594.41216,14735.3243,15329.784
25/06/2019,13582.96149,14735.72305,15325.90582
26/06/2019,13586.85527,14731.79777,15317.50746
27/06/2019,13605.57045,14730.7925,15322.92769
28/06/2019,13606.75968,14743.97082,15332.5228
29/06/2019,13599.99693,14739.86679,15330.62135
30/06/2019,13586.76249,14739.96319,15329.97996
01/07/2019,13591.85321,14728.71687,15321.71815
02/07/2019,13581.07467,14734.78951,15326.3421
03/07/2019,13588.6204,14722.51928,15319.98304
04/07/2019,13580.67581,14726.15237,15327.38063
05/07/2019,13564.51949,14716.84128,15322.4959
06/07/2019,13569.9932,14708.01072,15316.82139
07/07/2019,13574.43825,14708.37908,15324.2248
08/07/2019,13574.41807,14709.33093,15326.81109
09/07/2019,13573.14347,14706.79384,15328.71566
10/07/2019,13580.78746,14699.89369,15324.48042
11/07/2019,13568.85023,14702.71029,15329.06947
12/07/2019,13565.52793,14695.51743,15321.79421
13/07/2019,13559.34995,14692.51348,15318.00907
14/07/2019,13558.84588,14684.87393,15317.01056
15/07/2019,13556.89274,14687.29314,15315.1076
16/07/2019,13564.23601,14688.8063,15313.45206
17/07/2019,13567.85761,14692.20651,15321.33042
18/07/2019,13565.8441,14690.53636,15324.00315
19/07/2019,13569.53116,14691.43235,15320.45703
20/07/2019,13565.64133,14694.89947,15316.12456
21/07/2019,13558.32212,14690.42654,15312.4594
22/07/2019,13553.76768,14681.54622,15306.21807
23/07/2019,13546.92088,14677.59847,15304.5781
24/07/2019,13531.33978,14673.65988,15296.71292
25/07/2019,13524.27417,14666.54777,15289.81677
26/07/2019,13527.54931,14665.69696,15283.64153
27/07/2019,13541.88529,14668.43957,15284.76346
28/07/2019,13551.36835,14680.77756,15292.56647
29/07/2019,13551.89207,14687.11768,15295.60229
30/07/2019,13555.04104,14687.55707,15297.8572
31/07/2019,13548.67608,14691.8169,15297.01398
01/08/2019,13537.49186,14684.73432,15294.53387
02/08/2019,13538.0028,14675.48768,15285.03957
03/08/2019,13534.48165,14673.08126,15285.55761
04/08/2019,13533.33839,14672.46883,15280.87829
05/08/2019,13540.74172,14672.18444,15273.80011
06/08/2019,13546.96092,14680.61648,15276.29892
07/08/2019,13563.11506,14679.93651,15278.0285
08/08/2019,13552.45533,14692.73589,15291.84857
09/08/2019,13557.92645,14684.20284,15287.19317
10/08/2019,13544.0516,14693.32211,15292.00618
11/08/2019,13552.05278,14687.47514,15282.28279
12/08/2019,13561.87246,14688.66439,15284.88032
13/08/2019,13553.73436,14690.24378,15291.25555
14/08/2019,13545.34943,14685.2225,15284.35674
15/08/2019,13537.45835,14681.47885,15275.17994
16/08/2019,13524.55865,14673.5088,15270.19047
17/08/2019,13505.50921,14659.32195,15263.25801
18/08/2019,13510.76259,14644.77092,15250.32632
19/08/2019,13506.98357,14640.32522,15253.3116
20/08/2019,13495.96384,14643.19441,15247.37468
21/08/2019,13484.74271,14635.2892,15240.27463
22/08/2019,13492.96622,14625.68858,15232.00902
23/08/2019,13474.92478,14631.79017,15237.77636
24/08/2019,13468.75147,14621.00477,15225.15188
25/08/2019,13465.39956,14620.42386,15218.55597
26/08/2019,13466.7658,14617.83337,15221.23865
27/08/2019,13459.39104,14619.13425,15226.95492
28/08/2019,13450.40593,14613.54198,15223.15445
29/08/2019,13451.7564,14610.00032,15217.1178
30/08/2019,13445.57629,14607.36599,15218.23359
31/08/2019,13448.18707,14596.57982,15218.02356
01/09/2019,13453.45071,14596.73697,15221.01276
02/09/2019,13445.88031,14604.65537,15225.94678
03/09/2019,13449.58256,14595.19014,15220.76651
04/09/2019,13449.77467,14594.38415,15215.7298
05/09/2019,13435.4658,14595.74674,15217.29324
06/09/2019,13433.29133,14583.98395,15206.55925
07/09/2019,13426.97938,14580.75135,15202.41112
08/09/2019,13441.66067,14570.20863,15193.19651
09/09/2019,13448.41249,14578.77235,15200.79963
10/09/2019,13434.65991,14583.08137,15204.48923
11/09/2019,13431.92152,14574.09392,15192.78704
12/09/2019,13456.91896,14570.70205,15190.26329
13/09/2019,13450.29436,14587.52243,15204.73541
14/09/2019,13453.49997,14583.03756,15195.02589
15/09/2019,13453.9029,14590.91462,15198.30995
16/09/2019,13452.72012,14592.76617,15197.20733
17/09/2019,13464.42278,14594.74178,15191.28247
18/09/2019,13468.37396,14603.11573,15203.38881
19/09/2019,13467.92851,14604.86868,15200.98423
20/09/2019,13476.43528,14606.21727,15199.42751
21/09/2019,13477.53738,14603.99667,15202.51879
22/09/2019,13489.9084,14597.79171,15198.49701
23/09/2019,13493.61988,14609.41425,15205.37826
24/09/2019,13482.97596,14615.05653,15208.58544
25/09/2019,13486.49766,14611.93637,15200.82481
26/09/2019,13479.33268,14608.50314,15200.07282
27/09/2019,13483.06862,14601.26432,15200.41499
28/09/2019,13478.23776,14605.73904,15198.79887
29/09/2019,13465.7447,14601.52946,15193.27417
30/09/2019,13462.98853,14592.84072,15180.94594
01/10/2019,13454.41687,14587.40571,15172.89274
02/10/2019,13450.52382,14580.76713,15163.0793
03/10/2019,13458.36482,14575.62736,15156.16685
04/10/2019,13458.03237,14581.19181,15165.23931
05/10/2019,13461.7299,14584.78918,15164.85635
06/10/2019,13464.58764,14591.01289,15163.81449
07/10/2019,13456.98953,14594.50949,15162.14785
08/10/2019,13461.27666,14586.93492,15159.17496
09/10/2019,13456.82165,14588.39002,15163.7155
10/10/2019,13440.04276,14583.9463,15164.27401
11/10/2019,13429.43705,14571.92891,15159.52658
12/10/2019,13415.15557,14560.00718,15154.03113
13/10/2019,13405.31385,14556.2887,15143.00529
14/10/2019,13402.29371,14553.47884,15143.24842
15/10/2019,13404.05679,14550.22422,15141.35706
16/10/2019,13419.09444,14553.20965,15143.18915
17/10/2019,13419.59284,14564.55185,15157.16774
18/10/2019,13406.75445,14564.11894,15155.59129
19/10/2019,13394.25225,14557.04019,15147.94349
20/10/2019,13408.85215,14552.21119,15138.11536
21/10/2019,13400.38138,14563.5755,15152.24901
22/10/2019,13396.62345,14559.27992,15145.80682
23/10/2019,13397.12718,14560.66406,15146.66708
24/10/2019,13392.13382,14559.87334,15145.1073
25/10/2019,13382.56702,14555.99565,15141.80005
26/10/2019,13382.63025,14551.07189,15138.43954
27/10/2019,13398.76885,14549.96648,15133.83639
28/10/2019,13396.86773,14554.58733,15144.34597
29/10/2019,13395.24426,14551.11121,15144.13471
30/10/2019,13377.2338,14554.44739,15141.44338
31/10/2019,13382.58835,14541.61533,15130.77641
01/11/2019,13381.0113,14550.90054,15137.82145
02/11/2019,13383.65525,14549.43841,15137.36696
03/11/2019,13389.49973,14549.71654,15138.70279
04/11/2019,13388.77601,14554.67395,15141.44754
05/11/2019,13400.07118,14555.80955,15143.66643
06/11/2019,13392.82001,14566.58364,15150.02393
07/11/2019,13378.72036,14561.66458,15147.38905
08/11/2019,13352.56507,14551.34147,15136.05034
09/11/2019,13359.99001,14535.04024,15115.9045
10/11/2019,13364.92225,14539.74071,15120.77097
11/11/2019,13361.47994,14544.07141,15125.23391
12/11/2019,13365.20381,14546.64438,15122.13689
13/11/2019,13357.40512,14547.23617,15122.50049
14/11/2019,13362.326,14550.08725,15115.56447
15/11/2019,13360.98496,14553.49917,15114.9558
16/11/2019,13341.92092,14551.85107,15117.76343
17/11/2019,13338.00423,14537.21698,15101.76241
18/11/2019,13348.9817,14536.6741,15096.39896
19/11/2019,13347.56624,14539.7404,15098.63008
20/11/2019,13351.25848,14537.97204,15095.82284
21/11/2019,13351.18682,14537.93767,15100.95203
22/11/2019,13341.08117,14542.64903,15101.41286
23/11/2019,13341.91377,14540.0463,15095.80583
24/11/2019,13355.77948,14536.32752,15094.25938
25/11/2019,13347.25472,14548.58826,15107.61801
26/11/2019,13354.71896,14539.11051,15102.55102
27/11/2019,13356.35041,14547.95387,15109.05953
28/11/2019,13354.49531,14551.85372,15111.71129
29/11/2019,13344.1111,14556.63186,15106.91184
30/11/2019,13343.78749,14552.02005,15100.903
01/12/2019,13359.27889,14554.06559,15104.14176
02/12/2019,13360.10226,14563.36109,15116.12199
03/12/2019,13354.89798,14566.17628,15116.49495
04/12/2019,13352.13599,14561.46121,15113.37638
05/12/2019,13338.59177,14558.60284,15109.22155
06/12/2019,13336.81785,14550.49256,15104.26802
07/12/2019,13330.80863,14550.33294,15106.72922
08/12/2019,13323.86089,14541.71179,15101.0891
09/12/2019,13327.79167,14534.75095,15096.35927
10/12/2019,13343.15909,14537.83224,15096.28734
11/12/2019,13347.75332,14546.80988,15109.41696
12/12/2019,13331.68271,14549.16886,15110.882
13/12/2019,13337.1089,14534.06929,15099.72727
14/12/2019,13341.11575,14538.33586,15104.35122
15/12/2019,13337.86375,14544.51941,15107.13952
16/12/2019,13344.71425,14542.29392,15101.90486
17/12/2019,13344.31629,14546.6334,15102.59947
18/12/2019,13333.14013,14547.64722,15105.36026
19/12/2019,13328.32151,14537.56735,15095.83273
20/12/2019,13327.6884,14537.35105,15089.91342
21/12/2019,13344.38896,14538.63521,15079.27386
22/12/2019,13331.29299,14547.26651,15093.84195
23/12/2019,13335.20529,14536.25095,15086.77444
24/12/2019,13324.65203,14540.93536,15091.48631
25/12/2019,13322.15605,14535.32992,15086.65992
26/12/2019,13315.1666,14532.31616,15084.21832
27/12/2019,13318.56563,14531.34746,15076.15908
28/12/2019,13319.24086,14534.5512,15080.57906
29/12/2019,13330.98357,14532.28221,15083.22949
30/12/2019,13322.21239,14538.79494,15093.10925
31/12/2019,13329.55365,14526.55473,15086.7043
01/01/2020,13333.03999,14533.3818,15088.6359
02/01/2020,13333.08964,14536.75824,15091.2259
03/01/2020,13321.39714,14534.43141,15095.72803
04/01/2020,13336.33597,14529.55506,15091.30105
05/01/2020,13337.09262,14535.30291,15098.08606
06/01/2020,13330.75805,14536.22191,15097.51307
07/01/2020,13319.30297,14534.20539,15092.89194
08/01/2020,13321.28585,14530.58832,15087.75509
09/01/2020,13323.68331,14524.68863,15084.17539
10/01/2020,13328.6656,14526.83601,15085.64735
11/01/2020,13327.01461,14526.05184,15094.70824
12/01/2020,13308.55171,14525.57264,15090.06957
13/01/2020,13309.55281,14514.8577,15078.65264
14/01/2020,13291.93869,14518.04879,15080.75819
15/01/2020,13293.90464,14502.31861,15071.8673
16/01/2020,13293.94556,14506.33742,15069.94849
17/01/2020,13296.86951,14509.75654,15069.13138
18/01/2020,13284.22269,14512.05008,15069.34521
19/01/2020,13291.68999,14502.47127,15063.35659
20/01/2020,13287.30777,14508.85555,15064.15306
21/01/2020,13294.76917,14512.66182,15061.49251
22/01/2020,13292.79455,14513.95122,15068.60917
23/01/2020,13294.28151,14510.60418,15068.77224
24/01/2020,13287.33981,14507.80634,15067.24837
25/01/2020,13290.75608,14503.28608,15062.46211
26/01/2020,13285.23654,14502.35096,15066.05746
27/01/2020,13284.94909,14495.76355,15057.12104
28/01/2020,13293.34157,14494.93954,15059.87193
29/01/2020,13284.3677,14500.48717,15065.2725
30/01/2020,13293.18325,14491.95134,15057.32738
31/01/2020,13298.56344,14498.60047,15058.69118
01/02/2020,13295.60084,14505.89363,15061.81565
02/02/2020,13296.5795,14499.53338,15061.1116
03/02/2020,13295.05413,14500.63888,15066.48056
04/02/2020,13283.22208,14500.21379,15057.23101
05/02/2020,13279.19863,14494.35974,15056.68883
06/02/2020,13265.43295,14489.03267,15052.5567
07/02/2020,13271.37103,14479.40657,15040.99011
08/02/2020,13260.68495,14484.29254,15038.96812
09/02/2020,13266.15491,14483.99045,15029.61955
10/02/2020,13269.64839,14492.24432,15038.68875
11/02/2020,13280.6204,14494.08079,15041.73498
12/02/2020,13254.72528,14503.10632,15051.21267
13/02/2020,13253.37286,14485.59904,15039.66961
14/02/2020,13243.3266,14484.6479,15040.31671
15/02/2020,13242.31831,14479.37916,15033.98972
16/02/2020,13254.87855,14474.69764,15030.37419
17/02/2020,13246.74682,14488.34115,15035.97272
18/02/2020,13242.62187,14485.0322,15026.47133
19/02/2020,13241.32034,14479.44688,15025.5479
20/02/2020,13246.27303,14478.12242,15028.60461
21/02/2020,13255.31733,14486.26645,15035.232
22/02/2020,13274.26463,14491.29923,15041.14077
23/02/2020,13288.57494,14501.68641,15058.53582
24/02/2020,13284.67758,14504.98331,15068.8736
25/02/2020,13287.88436,14507.20682,15067.65014
26/02/2020,13296.64932,14511.89764,15071.47758
27/02/2020,13295.19865,14514.35183,15076.12351
28/02/2020,13289.73726,14514.56077,15076.11457
29/02/2020,13295.61157,14511.51118,15072.86732
01/03/2020,13288.96849,14511.4322,15078.20708
02/03/2020,13299.54147,14510.90854,15077.23541
03/03/2020,13297.09673,14517.66397,15083.55434
04/03/2020,13311.49655,14518.60625,15081.0156
05/03/2020,13303.91861,14528.6889,15089.74494
06/03/2020,13302.67379,14518.83382,15086.76347
07/03/2020,13299.2398,14521.46447,15086.48486
08/03/2020,13289.24868,14521.29297,15087.63376
09/03/2020,13287.35922,14511.08639,15077.71401
10/03/2020,13289.60029,14505.49128,15077.83566
11/03/2020,13289.7757,14503.92449,15075.42204
12/03/2020,13301.41082,14499.80802,15078.26991
13/03/2020,13299.40537,14503.86093,15087.14558
14/03/2020,13299.39667,14506.16678,15084.06596
15/03/2020,13304.5725,14505.76027,15081.21068
16/03/2020,13311.94863,14506.21727,15085.78265
17/03/2020,13311.141,14514.46486,15093.14209
18/03/2020,13309.18918,14511.56198,15090.89805
19/03/2020,13305.15555,14510.28696,15086.3703
20/03/2020,13314.91216,14504.96362,15087.69803
21/03/2020,13323.78708,14507.81334,15089.56232
22/03/2020,13322.68571,14517.93676,15095.90157
23/03/2020,13328.95842,14515.70924,15100.60869
24/03/2020,13320.05444,14522.77405,15103.54398
25/03/2020,13328.83551,14519.16123,15103.97951
26/03/2020,13325.41545,14524.77465,15109.01526
27/03/2020,13316.55752,14515.88732,15105.35092
28/03/2020,13308.97071,14500.09045,15097.78241
29/03/2020,13324.2459,14490.41703,15091.24401
30/03/2020,13341.11955,14501.73708,15101.54835
31/03/2020,13349.76052,14513.36226,15113.42629
01/04/2020,13359.32504,14520.51819,15115.82587
02/04/2020,13358.57034,14527.58208,15124.96766
03/04/2020,13346.09489,14528.06202,15127.92705
04/04/2020,13346.94183,14518.45559,15118.89297
05/04/2020,13333.47633,14519.03316,15120.0612
06/04/2020,13318.53682,14513.2748,15110.65177
07/04/2020,13327.81041,14502.09644,15103.90372
08/04/2020,13317.93707,14506.45693,15103.2718
09/04/2020,13336.05373,14503.76499,15094.39045
10/04/2020,13328.12751,14515.76463,15101.86575
11/04/2020,13320.18507,14505.18816,15091.13226
12/04/2020,13332.03402,14504.47044,15089.67281
13/04/2020,13337.37728,14513.53475,15093.59142
14/04/2020,13346.9489,14515.3602,15100.23305
15/04/2020,13341.11623,14520.30918,15109.7445
16/04/2020,13339.58143,14518.22437,15107.29837
17/04/2020,13347.40581,14520.78978,15105.75498
18/04/2020,13338.5865,14525.37138,15112.98509
19/04/2020,13327.20274,14516.99218,15109.0226
20/04/2020,13307.46754,14510.50336,15098.73427
21/04/2020,13320.19321,14496.06103,15087.23981
22/04/2020,13319.8653,14501.96528,15096.66079
23/04/2020,13315.52335,14502.89786,15089.87811
24/04/2020,13309.2945,14503.28458,15090.11615
25/04/2020,13301.8616,14497.43076,15087.64777
26/04/2020,13307.80715,14491.39078,15081.48796
27/04/2020,13322.00404,14497.83345,15087.42356
28/04/2020,13319.73815,14507.99254,15095.80245
29/04/2020,13326.19507,14507.28785,15096.52324
30/04/2020,13325.34685,14510.98233,15101.0598
01/05/2020,13318.07748,14511.24441,15102.29117
02/05/2020,13319.40686,14512.6439,15098.01003
03/05/2020,13305.12594,14512.57873,15096.15061
04/05/2020,13311.73362,14501.43658,15087.21059
05/05/2020,13318.07903,14510.83195,15088.77589
06/05/2020,13299.94689,14516.77112,15093.706
07/05/2020,13293.42853,14501.37961,15083.77942
08/05/2020,13293.38855,14497.39157,15076.86838
09/05/2020,13301.35462,14504.91215,15070.90674
10/05/2020,13307.55395,14511.1097,15076.11808
11/05/2020,13318.17789,14516.17187,15078.39321
12/05/2020,13321.18697,14523.26299,15084.69817
13/05/2020,13318.75426,14525.25137,15087.6053
14/05/2020,13306.38121,14524.20152,15091.37769
15/05/2020,13305.07683,14513.64645,15083.39087
16/05/2020,13302.23046,14513.99611,15078.18908
17/05/2020,13304.94942,14510.76555,15079.94607
18/05/2020,13295.13885,14510.74568,15080.94886
19/05/2020,13288.61866,14505.60928,15075.36517
20/05/2020,13280.24382,14500.64501,15075.87859
21/05/2020,13279.38262,14491.76057,15065.90436
22/05/2020,13281.8376,14495.53079,15063.56409
23/05/2020,13280.57666,14498.04571,15063.57036
24/05/2020,13268.39517,14494.75245,15061.49963
25/05/2020,13275.38229,14490.17497,15053.68652
26/05/2020,13277.93915,14496.83552,15057.81981
27/05/2020,13272.85844,14498.92297,15056.33709
28/05/2020,13273.05809,14499.10876,15050.99347
29/05/2020,13283.56096,14500.13827,15047.75802
30/05/2020,13280.29231,14501.6172,15055.18337
31/05/2020,13265.70395,14503.62847,15056.41512
01/06/2020,13260.45556,14491.82818,15044.79206
02/06/2020,13268.67896,14486.8248,15037.78759
03/06/2020,13268.60846,14487.90761,15045.55947
04/06/2020,13261.27019,14482.27399,15049.30668
05/06/2020,13275.26624,14474.65758,15045.10234
06/06/2020,13282.33345,14484.68958,15053.02527
07/06/2020,13287.50508,14486.8351,15062.4423
08/06/2020,13273.63521,14489.40852,15072.53586
09/06/2020,13270.25067,14478.90714,15062.28631
10/06/2020,13257.04397,14479.42592,15062.68533
11/06/2020,13244.26672,14472.2219,15051.62009
12/06/2020,13242.13566,14465.03204,15045.48783
13/06/2020,13243.95725,14464.36204,15040.93969
14/06/2020,13243.92256,14461.60545,15043.60714
15/06/2020,13249.04472,14466.02583,15040.51531
16/06/2020,13265.28022,14469.4532,15043.13352
17/06/2020,13261.88356,14475.7155,15059.39897
18/06/2020,13263.03161,14471.12905,15059.59984
19/06/2020,13265.73901,14472.33001,15059.45319
20/06/2020,13253.8001,14469.75329,15058.67665
21/06/2020,13269.09439,14455.69144,15049.5234
22/06/2020,13288.80866,14465.87126,15061.19418
23/06/2020,13301.73918,14476.84355,15074.44189
24/06/2020,13313.92733,14483.68396,15081.35526
25/06/2020,13329.07708,14494.49655,15088.40292
26/06/2020,13326.62458,14503.51184,15099.85411
27/06/2020,13323.0761,14507.00894,15105.77725
28/06/2020,13335.87177,14506.68087,15101.83215
29/06/2020,13345.29931,14512.31221,15107.52105
30/06/2020,13365.95823,14517.45891,15111.1526
01/07/2020,13366.24494,14527.14612,15120.44165
02/07/2020,13375.99144,14528.31788,15120.18451
03/07/2020,13360.57039,14535.88957,15120.10522
04/07/2020,13368.1431,14526.55501,15108.34988
05/07/2020,13371.99563,14530.32243,15115.39736
06/07/2020,13371.34065,14535.63336,15121.30616
07/07/2020,13390.73536,14533.22809,15114.39068
08/07/2020,13388.09638,14545.30015,15129.57951
09/07/2020,13380.31169,14539.74209,15128.28283
10/07/2020,13399.10995,14532.04832,15120.29956
11/07/2020,13399.71879,14541.40085,15134.97943
12/07/2020,13400.60454,14543.72658,15138.18754
13/07/2020,13401.19328,14539.85424,15136.21365
14/07/2020,13408.33372,14531.90555,15136.68255
15/07/2020,13399.17724,14532.26861,15143.36629
16/07/2020,13409.55121,14524.42863,15134.66621
17/07/2020,13423.26661,14528.54398,15137.4366
18/07/2020,13429.56442,14539.56707,15144.53954
19/07/2020,13441.92807,14541.1545,15146.27856
20/07/2020,13440.86202,14551.12849,15158.92881
21/07/2020,13445.35658,14545.73067,15160.17145
22/07/2020,13422.64338,14547.80024,15165.09415
23/07/2020,13427.88577,14534.62332,15154.0227
24/07/2020,13433.87827,14541.34759,15153.81344
25/07/2020,13422.01331,14546.2448,15158.77642
26/07/2020,13427.3746,14533.23739,15160.53354
27/07/2020,13411.90164,14533.99341,15163.45357
28/07/2020,13413.66219,14525.56477,15158.29818
29/07/2020,13422.63033,14522.45128,15158.42464
30/07/2020,13434.76443,14525.47102,15161.35899
31/07/2020,13442.13144,14538.37931,15164.82722
01/08/2020,13452.24964,14541.0923,15164.96042
02/08/2020,13457.53205,14545.65254,15169.22946
03/08/2020,13457.49489,14545.2608,15169.56813
04/08/2020,13447.92904,14542.25979,15169.54002
05/08/2020,13458.04434,14536.59991,15160.50857
06/08/2020,13458.35393,14540.71745,15163.46495
07/08/2020,13450.81768,14539.7346,15167.0062
08/08/2020,13440.89615,14537.20727,15164.04527
09/08/2020,13445.90192,14529.16687,15156.21969
10/08/2020,13450.58882,14533.64232,15160.2558
11/08/2020,13452.12295,14534.5477,15165.15797
12/08/2020,13459.10602,14540.41388,15164.01961
13/08/2020,13457.47895,14543.97315,15172.58069
14/08/2020,13454.92038,14542.87523,15175.8704
15/08/2020,13449.164,14537.49485,15173.18019
16/08/2020,13461.75578,14533.88828,15166.7992
17/08/2020,13452.32065,14541.81967,15176.94505
18/08/2020,13454.41009,14538.56654,15170.43906
19/08/2020,13456.47602,14539.99507,15170.48501
20/08/2020,13436.57424,14542.77553,15174.69091
21/08/2020,13428.1285,14533.36297,15162.04473
22/08/2020,13417.5584,14527.76594,15156.86752
23/08/2020,13425.21843,14520.17935,15149.4002
24/08/2020,13422.27583,14526.50319,15156.18442
25/08/2020,13425.77941,14524.80133,15155.40891
26/08/2020,13435.05836,14528.53129,15159.17014
27/08/2020,13432.98408,14531.21828,15166.57385
28/08/2020,13436.48213,14531.36805,15161.50196
29/08/2020,13423.86937,14536.6397,15163.73041
30/08/2020,13429.86121,14527.54384,15155.00166
31/08/2020,13426.52833,14529.9611,15157.63447
01/09/2020,13415.84202,14523.79902,15151.8789
02/09/2020,13416.47357,14521.70767,15140.94844
03/09/2020,13417.43744,14516.62798,15141.40257
04/09/2020,13384.75377,14517.18687,15144.88378
05/09/2020,13390.41029,14496.80465,15125.43668
06/09/2020,13394.79601,14503.06527,15128.70186
07/09/2020,13392.58605,14512.39076,15132.93022
08/09/2020,13390.49633,14510.28477,15131.58755
09/09/2020,13394.27946,14509.98859,15131.50634
10/09/2020,13390.04887,14515.65031,15129.16815
11/09/2020,13384.24083,14513.48314,15123.23938
12/09/2020,13388.39674,14510.73248,15120.85425
13/09/2020,13397.70615,14510.88949,15123.94483
14/09/2020,13418.32497,14513.24866,15128.00641
15/09/2020,13401.56082,14525.01727,15142.50554
16/09/2020,13415.92357,14510.92802,15132.31584
17/09/2020,13408.35575,14521.93422,15151.14742
18/09/2020,13403.82141,14517.06249,15151.01151
19/09/2020,13405.48265,14512.53432,15144.80416
20/09/2020,13417.58841,14509.98912,15144.05562
21/09/2020,13404.57981,14512.33762,15159.58414
22/09/2020,13422.45262,14502.30039,15157.39072
23/09/2020,13434.75663,14514.91556,15172.50138
24/09/2020,13447.06773,14526.43716,15178.49522
25/09/2020,13446.40535,14532.05761,15181.84708
26/09/2020,13439.40262,14537.71981,15176.29934
27/09/2020,13443.06754,14536.22431,15169.89478
28/09/2020,13441.55377,14538.18885,15172.76621
29/09/2020,13428.24456,14539.32658,15175.54447
30/09/2020,13436.02064,14531.13952,15165.36546
01/10/2020,13447.09603,14539.04965,15165.33351
02/10/2020,13445.5419,14553.21823,15170.88092
03/10/2020,13445.20541,14550.26597,15175.61634
04/10/2020,13436.6361,14547.9778,15174.16946
05/10/2020,13441.45577,14541.11168,15173.71232
06/10/2020,13432.40759,14546.02148,15177.33235
07/10/2020,13430.56588,14538.95582,15175.3954
08/10/2020,13410.94671,14534.88036,15171.70697
09/10/2020,13417.52513,14516.91268,15152.02814
10/10/2020,13418.44213,14523.00172,15154.4514
11/10/2020,13424.11377,14519.32413,15153.25273
12/10/2020,13425.77059,14528.43425,15158.8266
13/10/2020,13424.34222,14526.90843,15160.05007
14/10/2020,13433.54112,14520.34625,15161.56194
15/10/2020,13435.97,14527.73608,15166.96447
16/10/2020,13425.40106,14530.97138,15168.09909
17/10/2020,13428.88182,14522.86508,15154.33348
18/10/2020,13430.68435,14533.18785,15155.56725
19/10/2020,13423.27296,14531.62521,15159.22172
20/10/2020,13428.06757,14525.50432,15159.676
21/10/2020,13423.98424,14529.40437,15164.57047
22/10/2020,13407.20087,14522.46858,15162.47834
23/10/2020,13410.22413,14516.5373,15149.50796
24/10/2020,13420.35625,14517.70536,15152.64844
25/10/2020,13420.81328,14523.36803,15154.74754
26/10/2020,13420.93766,14523.91037,15158.89442
27/10/2020,13411.44406,14523.8906,15159.9787
28/10/2020,13421.51141,14517.26064,15158.87474
29/10/2020,13416.13957,14524.39209,15168.94361
30/10/2020,13408.01959,14521.23037,15166.22441
31/10/2020,13408.12248,14510.89998,15164.48191
01/11/2020,13402.79958,14510.30467,15162.36972
02/11/2020,13423.11908,14505.68374,15160.24149
03/11/2020,13423.47291,14517.23947,15175.80565
04/11/2020,13425.30948,14515.35237,15177.85805
05/11/2020,13423.06295,14514.49126,15173.89257
06/11/2020,13417.6954,14518.66705,15176.67625
07/11/2020,13431.26545,14519.08597,15170.90938
08/11/2020,13430.94536,14528.41741,15175.06719
09/11/2020,13431.77663,14525.045,15177.84662
10/11/2020,13419.26418,14524.13389,15181.55945
11/11/2020,13420.04198,14518.89489,15176.5566
12/11/2020,13410.87681,14520.84735,15176.17472
13/11/2020,13425.18693,14517.01507,15173.49325
14/11/2020,13414.21159,14529.01468,15184.49766
15/11/2020,13417.63586,14523.03467,15181.10504
16/11/2020,13420.69746,14522.14009,15183.82253
17/11/2020,13420.1879,14524.13758,15185.61321
18/11/2020,13412.72994,14523.85929,15184.0209
19/11/2020,13435.55902,14520.39357,15181.1534
20/11/2020,13444.99885,14540.4508,15197.84158
21/11/2020,13452.53554,14549.89829,15206.656
22/11/2020,13450.72936,14551.51439,15210.60758
23/11/2020,13453.89801,14554.35493,15208.95535
24/11/2020,13452.88354,14552.94628,15215.19913
25/11/2020,13451.13205,14552.40463,15209.92053
26/11/2020,13446.35953,14550.79612,15206.0669
27/11/2020,13463.67847,14547.41002,15204.24825
28/11/2020,13454.85077,14557.7609,15210.25807
29/11/2020,13446.49672,14554.02363,15208.23529
30/11/2020,13448.55426,14547.84081,15197.45946
01/12/2020,13444.36061,14546.25081,15198.7529
02/12/2020,13441.21506,14543.29462,15190.80285
03/12/2020,13449.29754,14539.62119,15185.49231
04/12/2020,13427.71559,14543.73933,15200.4898
05/12/2020,13432.07952,14529.74589,15190.07824
06/12/2020,13440.99661,14531.25795,15191.23403
07/12/2020,13434.332,14540.32925,15190.23204
08/12/2020,13444.31964,14533.34221,15183.84843
09/12/2020,13439.79811,14540.68862,15194.07774
10/12/2020,13437.44295,14534.58086,15188.13978
11/12/2020,13427.41635,14531.58253,15181.55366
12/12/2020,13421.27727,14525.88351,15177.02385
13/12/2020,13423.33955,14517.98904,15174.06945
14/12/2020,13433.18407,14516.50884,15174.25017
15/12/2020,13422.17684,14522.2235,15175.85192
16/12/2020,13418.1305,14512.7775,15162.86335
17/12/2020,13398.89061,14510.36691,15160.34809
18/12/2020,13398.95687,14503.54182,15151.15085
19/12/2020,13390.5792,14505.3029,15150.32567
20/12/2020,13415.35784,14499.92541,15142.92519
21/12/2020,13404.04463,14518.47429,15158.61903
22/12/2020,13405.81978,14509.48497,15150.77247
23/12/2020,13394.49642,14507.96809,15152.06012
24/12/2020,13399.40162,14498.19903,15143.62999
25/12/2020,13399.35535,14497.6457,15145.36822
26/12/2020,13411.02128,14494.69211,15149.19009
27/12/2020,13410.93849,14502.72125,15163.78672
28/12/2020,13394.60917,14504.28301,15165.39932
29/12/2020,13395.71122,14496.25616,15156.14026
30/12/2020,13380.00952,14502.60943,15163.16027
31/12/2020,13379.43436,14494.89827,15155.73695
01/01/2021,13377.68097,14498.03948,15154.97569
02/01/2021,13381.22812,14495.80268,15160.602
03/01/2021,13400.05648,14502.38394,15164.12683
04/01/2021,13398.08894,14520.06638,15177.51107
05/01/2021,13412.42161,14523.78463,15178.91044
06/01/2021,13417.36381,14534.31498,15190.42298
07/01/2021,13417.20699,14536.59421,15199.80568
08/01/2021,13436.53125,14533.99322,15199.50213
09/01/2021,13439.89303,14549.4676,15219.38801
10/01/2021,13421.16946,14556.79017,15221.62882
11/01/2021,13428.78296,14548.82146,15210.62855
12/01/2021,13423.19273,14550.001,15218.69017
13/01/2021,13422.36418,14546.14841,15216.41671
14/01/2021,13443.02516,14544.62355,15217.70743
15/01/2021,13438.46803,14560.90907,15231.48871
16/01/2021,13453.86368,14561.21389,15227.56491
17/01/2021,13463.96657,14575.00237,15239.44053
18/01/2021,13449.26485,14586.6814,15246.48264
19/01/2021,13449.49109,14577.64323,15235.13048
20/01/2021,13439.31233,14581.94151,15232.22372
21/01/2021,13433.44441,14574.51964,15224.58036
22/01/2021,13448.03138,14574.49832,15224.13332
23/01/2021,13447.96671,14589.12491,15238.64924
24/01/2021,13441.26226,14586.34065,15238.44044
25/01/2021,13451.43215,14582.96615,15238.69671
26/01/2021,13462.25243,14591.19812,15246.93228
27/01/2021,13466.63377,14604.55149,15259.8957
28/01/2021,13478.72522,14613.53963,15267.42216
29/01/2021,13494.4766,14616.71167,15280.83598
30/01/2021,13500.14719,14630.05401,15290.00239
31/01/2021,13507.75737,14633.85421,15298.1074
01/02/2021,13497.06624,14640.55988,15304.4582
02/02/2021,13500.11896,14634.11623,15297.5386
03/02/2021,13515.66373,14642.81428,15303.70853
04/02/2021,13520.90032,14653.31071,15313.65021
05/02/2021,13546.68319,14661.98256,15320.35909
06/02/2021,13563.20439,14678.65416,15340.98044
07/02/2021,13580.66306,14690.98965,15352.07218
08/02/2021,13573.56617,14699.68491,15363.36508
09/02/2021,13583.72724,14696.40058,15362.91554
10/02/2021,13572.67035,14708.41445,15375.95147
11/02/2021,13593.84365,14703.3188,15370.06328
12/02/2021,13614.9663,14713.7111,15384.04635
13/02/2021,13612.00133,14733.11558,15397.37083
14/02/2021,13621.69342,14728.04887,15396.9837
15/02/2021,13627.69294,14731.53447,15399.24615
16/02/2021,13645.80224,14736.84843,15407.16915
17/02/2021,13642.93962,14757.12934,15419.17203
18/02/2021,13634.47203,14758.61384,15425.08886
19/02/2021,13625.65262,14754.34315,15419.14697
20/02/2021,13633.87337,14750.61278,15419.61007
21/02/2021,13641.45,14758.52952,15423.19905
22/02/2021,13643.09061,14762.29203,15429.52807
23/02/2021,13648.28031,14768.22605,15429.86996
24/02/2021,13672.3258,14774.0376,15430.86151
25/02/2021,13691.08579,14793.19979,15449.99829
26/02/2021,13672.09856,14803.03926,15464.55447
27/02/2021,13693.59878,14788.58459,15457.81296
28/02/2021,13701.5494,14803.79325,15469.10263
01/03/2021,13723.15331,14814.76177,15475.54291
02/03/2021,13727.77508,14833.05189,15493.40115
03/03/2021,13733.66243,14842.44224,15495.88697
04/03/2021,13759.30643,14850.85259,15502.58096
05/03/2021,13758.74848,14871.4885,15521.56933
06/03/2021,13764.50004,14872.73279,15527.3784
07/03/2021,13797.74594,14877.52398,15531.44647
08/03/2021,13797.53477,14903.4522,15557.48724
09/03/2021,13803.92536,14898.6551,15556.34099
10/03/2021,13804.03958,14902.77271,15563.10078
11/03/2021,13806.82078,14908.32122,15566.75308
12/03/2021,13829.37383,14912.21951,15573.45276
13/03/2021,13844.35874,14928.76224,15593.55363
14/03/2021,13836.47979,14937.26372,15608.14297
15/03/2021,13846.48196,14935.47374,15606.11169
16/03/2021,13857.69434,14940.99659,15615.26798
17/03/2021,13865.43745,14950.44711,15627.04537
18/03/2021,13856.8586,14955.8939,15636.31318
19/03/2021,13862.96013,14954.94747,15630.78085
20/03/2021,13863.35429,14959.56015,15635.17919
21/03/2021,13871.13318,14960.73764,15638.8118
22/03/2021,13869.02667,14968.84722,15647.545
23/03/2021,13868.69529,14968.89542,15645.80484
24/03/2021,13874.54933,14972.02232,15649.12328
25/03/2021,13882.40301,14976.7827,15652.65559
26/03/2021,13878.60182,14982.28532,15660.80887
27/03/2021,13882.51423,14982.46015,15659.526
28/03/2021,13891.94973,14985.52845,15669.8611
29/03/2021,13893.39328,14993.56753,15674.60609
30/03/2021,13896.68188,14998.2798,15682.2558
31/03/2021,13908.18902,15001.68812,15685.63482
01/04/2021,13901.52601,15009.88963,15694.81147
02/04/2021,13902.86074,15008.1694,15692.68725
03/04/2021,13916.66096,15010.00966,15694.36455
04/04/2021,13923.68603,15024.31529,15705.41012
05/04/2021,13925.34077,15029.80017,15715.97243
06/04/2021,13933.62669,15030.13215,15716.40868
07/04/2021,13945.04136,15039.09025,15724.42009
08/04/2021,13957.67728,15046.4219,15727.68858
09/04/2021,13966.80358,15056.29114,15743.11679
10/04/2021,13974.18078,15065.47559,15751.84075
11/04/2021,13979.64167,15073.2045,15757.80016
12/04/2021,13982.58775,15078.36134,15761.12122
13/04/2021,13986.02807,15081.77299,15769.83686
14/04/2021,13991.03666,15088.34691,15771.04479
15/04/2021,13993.80394,15091.44719,15776.0572
16/04/2021,14000.47641,15094.56167,15778.23149
17/04/2021,14018.3239,15099.83723,15784.64142
18/04/2021,14029.31056,15118.34276,15801.07152
19/04/2021,14026.15349,15126.51238,15809.58034
20/04/2021,14020.51172,15126.34733,15811.90649
21/04/2021,14028.78608,15120.4761,15808.68812
22/04/2021,14034.24438,15131.6709,15814.99698
23/04/2021,14024.11174,15135.7973,15816.86393
24/04/2021,14026.68068,15128.79148,15816.27595
25/04/2021,14049.28952,15133.30464,15817.51869
26/04/2021,14052.52804,15147.12813,15835.27301
27/04/2021,14053.91363,15151.41325,15838.81698
28/04/2021,14067.56778,15153.08802,15841.62145
29/04/2021,14072.23892,15165.87765,15855.44083
30/04/2021,14074.41361,15170.98331,15860.35536
01/05/2021,14077.59747,15174.79424,15863.27194
02/05/2021,14089.43642,15181.96715,15871.93815
03/05/2021,14100.16039,15191.31712,15882.87832
04/05/2021,14107.78464,15202.69668,15892.00752
05/05/2021,14110.02919,15210.35385,15901.4824
06/05/2021,14110.94235,15217.60055,15904.63589
07/05/2021,14124.95227,15217.17914,15909.34416
08/05/2021,14137.75009,15231.79513,15916.2993
09/05/2021,14142.42574,15239.96886,15924.27718
10/05/2021,14152.88614,15247.36324,15927.00382
11/05/2021,14169.13245,15253.96698,15937.02331
12/05/2021,14169.57079,15270.37396,15949.28609
13/05/2021,14180.72209,15269.22197,15954.66113
14/05/2021,14180.67879,15282.69235,15962.20775
15/05/2021,14182.05031,15283.85921,15962.19851
16/05/2021,14169.15772,15287.62182,15964.30909
17/05/2021,14186.2895,15281.16432,15958.35181
18/05/2021,14210.07097,15294.98904,15975.3206
19/05/2021,14222.28964,15314.69939,15990.94582
20/05/2021,14222.54478,15324.78356,15997.17538
21/05/2021,14223.52424,15325.45059,15998.78399
22/05/2021,14233.74696,15328.8251,16003.93219
23/05/2021,14246.21369,15338.93218,16016.35195
24/05/2021,14258.32149,15349.07098,16021.76334
25/05/2021,14248.46216,15355.00371,16036.62791
26/05/2021,14237.30368,15352.00138,16031.79842
27/05/2021,14237.88391,15343.58771,16026.43926
28/05/2021,14235.40145,15345.72622,16032.67992
29/05/2021,14240.79403,15340.75443,16030.91619
30/05/2021,14262.06974,15347.42885,16035.60465
31/05/2021,14260.119,15364.14857,16049.79427
01/06/2021,14280.19576,15365.47147,16050.39509
02/06/2021,14281.02321,15380.418,16072.77542
03/06/2021,14294.95149,15385.83003,16075.12671
04/06/2021,14298.03516,15399.76795,16081.71674
05/06/2021,14294.8499,15410.95427,16091.89663
06/06/2021,14312.27052,15410.04448,16096.95031
07/06/2021,14319.0583,15424.42242,16105.72409
08/06/2021,14321.09246,15428.97654,16112.82109
09/06/2021,14333.2207,15430.1425,16111.2955
10/06/2021,14357.77718,15443.80318,16125.72242
11/06/2021,14369.44676,15465.098,16145.34673
12/06/2021,14382.67155,15477.14363,16155.14652
13/06/2021,14380.57226,15484.48555,16166.13127
14/06/2021,14377.97057,15489.19797,16165.56978
15/06/2021,14365.9967,15487.47502,16165.64731
16/06/2021,14365.62603,15481.79798,16161.61534
17/06/2021,14366.28743,15486.26411,16161.34852
18/06/2021,14369.81381,15490.18537,16161.32336
19/06/2021,14369.30125,15492.29591,16164.87533
20/06/2021,14379.76286,15493.61581,16167.24171
21/06/2021,14382.51653,15501.83688,16175.22211
22/06/2021,14393.93152,15503.05947,16178.02323
23/06/2021,14388.67042,15510.3191,16191.95836
24/06/2021,14397.31253,15510.63395,16189.30382
25/06/2021,14406.65173,15519.3443,16200.69628
26/06/2021,14404.53475,15525.30723,16210.18588
27/06/2021,14416.11079,15526.42783,16213.44922
28/06/2021,14415.85807,15540.17793,16220.02244
29/06/2021,14424.31088,15542.16004,16223.61635
30/06/2021,14432.2854,15551.62754,16230.6588
01/07/2021,14435.0576,15554.4439,16242.15372
02/07/2021,14452.12797,15562.60752,16240.65457
03/07/2021,14462.66509,15577.28322,16254.9011
04/07/2021,14477.00024,15587.6801,16260.16121
05/07/2021,14486.7997,15597.04995,16272.46326
06/07/2021,14467.83312,15610.94168,16283.91408
07/07/2021,14467.65639,15601.78382,16271.10264
08/07/2021,14475.13998,15599.7724,16276.93893
09/07/2021,14487.10193,15605.27805,16281.26582
10/07/2021,14484.8135,15614.18697,16290.63481
11/07/2021,14494.09927,15617.25521,16291.45041
12/07/2021,14493.50888,15632.86599,16301.21297
13/07/2021,14499.0305,15635.09761,16300.77775
14/07/2021,14488.62075,15645.77069,16310.29442
15/07/2021,14490.56037,15640.67201,16308.56321
16/07/2021,14514.97673,15645.86557,16313.30008
17/07/2021,14521.63238,15660.88679,16329.72614
18/07/2021,14528.67607,15665.14909,16335.31616
19/07/2021,14537.81496,15668.81581,16335.78966
20/07/2021,14548.98443,15676.71799,16345.22572
21/07/2021,14552.5637,15682.98268,16355.01313
22/07/2021,14548.53566,15688.99464,16354.77565
23/07/2021,14553.53339,15690.85013,16349.9813
24/07/2021,14556.55884,15698.84178,16354.01765
25/07/2021,14570.99181,15701.85144,16360.64371
26/07/2021,14577.91208,15715.11739,16366.86583
27/07/2021,14602.2307,15724.97885,16377.87538
28/07/2021,14625.80663,15742.92734,16400.42904
29/07/2021,14636.29378,15758.83083,16411.38125
30/07/2021,14635.53114,15772.0739,16422.12295
31/07/2021,14641.28337,15772.32962,16424.26218
01/08/2021,14664.43711,15779.20802,16437.56389
02/08/2021,14669.38288,15797.33374,16457.02068
03/08/2021,14685.04879,15799.4439,16461.24785
04/08/2021,14694.88477,15812.16155,16473.76929
05/08/2021,14691.50586,15823.20631,16475.76176
06/08/2021,14691.51593,15815.06043,16473.59868
07/08/2021,14700.24491,15818.81256,16473.88408
08/08/2021,14714.86517,15829.1469,16481.16977
09/08/2021,14709.66383,15845.0296,16491.33263
10/08/2021,14701.88758,15842.75569,16494.3028
11/08/2021,14711.48142,15840.24265,16488.33611
12/08/2021,14722.89236,15843.66266,16495.51039
13/08/2021,14723.66493,15856.57212,16503.0672
14/08/2021,14734.49646,15861.08687,16510.83832
15/08/2021,14735.58445,15872.06498,16522.00268
16/08/2021,14737.34321,15874.85923,16524.00285
17/08/2021,14754.46099,15879.83123,16524.13339
18/08/2021,14762.5501,15888.62217,16536.85008
19/08/2021,14773.20004,15900.94786,16546.02077
20/08/2021,14771.44352,15909.30866,16557.09867
21/08/2021,14782.10173,15910.43551,16557.99572
22/08/2021,14787.38044,15916.92324,16567.04492
23/08/2021,14786.11416,15922.55717,16575.12324
24/08/2021,14781.98646,15921.11477,16575.99881
25/08/2021,14803.34485,15920.75061,16576.97686
26/08/2021,14816.77629,15940.01128,16592.84524
27/08/2021,14818.11917,15948.23323,16605.06361
28/08/2021,14826.05582,15954.76332,16607.83927
29/08/2021,14829.80774,15960.87379,16617.62633
30/08/2021,14838.35754,15960.19494,16618.8599
31/08/2021,14855.56194,15961.74209,16626.70399
01/09/2021,14857.78567,15973.5613,16637.78161
02/09/2021,14857.9703,15973.06676,16637.75362
03/09/2021,14859.55777,15971.78431,16642.55325
04/09/2021,14870.17397,15973.28679,16640.27641
05/09/2021,14872.78013,15983.70684,16653.17814
06/09/2021,14882.50092,15987.51219,16656.46845
07/09/2021,14891.03017,15998.50109,16667.80242
08/09/2021,14894.98848,16001.98628,16677.36442
09/09/2021,14901.25005,16007.33876,16678.74445
10/09/2021,14901.91334,16019.31649,16686.00648
11/09/2021,14916.39441,16022.49873,16687.50204
12/09/2021,14923.8067,16031.08869,16702.02147
13/09/2021,14932.25205,16038.85901,16706.35368
14/09/2021,14948.60095,16051.36798,16709.91876
15/09/2021,14951.52998,16066.52883,16716.80504
16/09/2021,14952.99135,16071.49802,16719.58927
17/09/2021,14965.43239,16071.8977,16726.67157
18/09/2021,14945.86854,16085.25184,16737.95581
19/09/2021,14961.56648,16074.21213,16728.86648
20/09/2021,14956.48846,16090.31225,16737.76317
21/09/2021,14955.70003,16085.26653,16740.23269
22/09/2021,14964.73799,16094.28709,16741.89125
23/09/2021,14966.0948,16103.85502,16749.32467
24/09/2021,14973.38285,16107.81745,16754.59851
25/09/2021,14972.72123,16116.31268,16761.81735
26/09/2021,14979.22779,16112.17438,16766.39603
27/09/2021,14965.60301,16120.33533,16772.41362
28/09/2021,14989.85188,16114.88326,16765.51275
29/09/2021,15008.54592,16135.16786,16787.31368
30/09/2021,14999.98669,16154.51302,16803.65158
01/10/2021,15006.36976,16154.69163,16798.18057
02/10/2021,15020.50777,16160.74221,16807.3145
03/10/2021,15015.62943,16171.65092,16816.45267
04/10/2021,15024.5368,16169.55005,16810.23722
05/10/2021,15030.33475,16174.72392,16815.79908
06/10/2021,15027.78404,16182.81008,16827.22551
07/10/2021,15044.91206,16182.7401,16822.92515
08/10/2021,15048.65438,16195.33394,16832.82205
09/10/2021,15037.52164,16198.73377,16840.34567
10/10/2021,15040.47965,16190.75079,16840.33967
11/10/2021,15051.29235,16195.9642,16844.26043
12/10/2021,15044.94406,16206.63566,16857.85257
13/10/2021,15032.52536,16200.4895,16849.54408
14/10/2021,15041.77297,16190.59219,16846.44219
15/10/2021,15043.17245,16200.62249,16854.16651
16/10/2021,15047.3339,16209.27038,16859.90057
17/10/2021,15049.22947,16210.92316,16861.53561
18/10/2021,15056.50444,16218.56088,16864.09747
19/10/2021,15078.41423,16233.24779,16874.5528
20/10/2021,15089.46583,16247.95494,16891.05516
21/10/2021,15109.57983,16259.60901,16901.9605
22/10/2021,15122.2319,16273.77057,16914.30748
23/10/2021,15147.17255,16285.39417,16926.22839
24/10/2021,15155.41537,16302.97096,16946.44685
25/10/2021,15171.77303,16312.2421,16952.61167
26/10/2021,15174.31747,16326.08896,16964.44408
27/10/2021,15173.33649,16327.45203,16966.6132
28/10/2021,15175.10372,16325.31112,16971.22144
29/10/2021,15181.04125,16320.22442,16972.32215
30/10/2021,15193.0264,16319.99934,16980.30981
31/10/2021,15203.10558,16332.15088,16987.48954
01/11/2021,15214.65067,16335.99157,16999.07731
02/11/2021,15214.26649,16342.96164,17008.09449
03/11/2021,15222.89203,16342.71675,17009.53744
04/11/2021,15234.34143,16354.16822,17011.53658
05/11/2021,15255.63904,16362.23397,17020.59461
06/11/2021,15268.84624,16375.10357,17036.99921
07/11/2021,15266.77429,16386.21034,17050.91537
08/11/2021,15269.40563,16383.71894,17054.74269
09/11/2021,15274.98006,16385.53306,17058.26296
10/11/2021,15281.26548,16386.32742,17063.57061
11/11/2021,15295.60665,16394.86281,17069.71128
12/11/2021,15287.90543,16405.96469,17079.30862
13/11/2021,15296.35994,16399.55228,17074.9268
14/11/2021,15294.26158,16408.80606,17077.91455
15/11/2021,15296.52699,16407.93752,17087.08538
16/11/2021,15320.82865,16410.83229,17085.34283
17/11/2021,15322.74425,16428.6598,17103.77864
18/11/2021,15326.77886,16433.39251,17101.36676
19/11/2021,15320.43836,16437.26291,17104.89906
20/11/2021,15325.41562,16434.52283,17101.94692
21/11/2021,15333.9127,16437.913,17109.82628
22/11/2021,15337.36514,16445.40659,17118.21314
23/11/2021,15340.9925,16449.41348,17122.33297
24/11/2021,15344.73677,16458.12278,17127.79072
25/11/2021,15362.94903,16460.79522,17131.14427
26/11/2021,15351.64573,16471.43648,17146.01565
27/11/2021,15366.25347,16472.6539,17145.20133
28/11/2021,15361.26015,16483.67141,17157.60765
29/11/2021,15366.11887,16485.19662,17161.38484
30/11/2021,15392.76744,16494.75726,17165.74515
01/12/2021,15397.44678,16511.80638,17190.3296
02/12/2021,15408.23295,16516.338,17195.95377
03/12/2021,15417.31311,16521.72956,17206.38729
04/12/2021,15430.81363,16530.04211,17213.99309
05/12/2021,15444.44676,16543.39838,17224.64491
06/12/2021,15443.83803,16557.89212,17229.29718
07/12/2021,15464.17827,16562.9225,17229.50041
08/12/2021,15489.06157,16581.24383,17248.18159
09/12/2021,15498.31285,16598.9019,17265.90183
10/12/2021,15499.42849,16612.88975,17272.47703
11/12/2021,15524.94919,16610.63082,17274.65862
12/12/2021,15517.93975,16629.65241,17293.17843
13/12/2021,15527.00646,16626.25896,17297.33196
14/12/2021,15540.20217,16634.09899,17304.6534
15/12/2021,15546.09643,16644.90048,17316.77237
16/12/2021,15558.21952,16650.25017,17317.70472
17/12/2021,15554.7345,16661.34014,17331.336
18/12/2021,15550.28819,16658.03669,17330.51267
19/12/2021,15554.60037,16658.30638,17328.20521
20/12/2021,15564.15331,16663.6445,17324.97787
21/12/2021,15572.96799,16669.9043,17328.30618
22/12/2021,15573.10099,16676.30499,17339.59299
23/12/2021,15585.71698,16681.27891,17341.92715
24/12/2021,15573.77669,16685.4251,17352.5222
25/12/2021,15573.83906,16677.3155,17347.04441
26/12/2021,15589.77171,16682.0716,17346.90416
27/12/2021,15579.63968,16698.59086,17353.11882
28/12/2021,15575.21818,16697.54823,17346.07726
29/12/2021,15595.65968,16692.08629,17342.82993
30/12/2021,15604.72707,16706.53896,17354.80971
31/12/2021,15609.70298,16710.5933,17354.41404
01/01/2022,15606.97708,16712.70949,17358.29687
02/01/2022,15612.22268,16711.82697,17354.64264
03/01/2022,15615.37728,16711.12009,17357.5949
04/01/2022,15612.36428,16711.9438,17361.53227
05/01/2022,15615.50903,16710.76061,17359.82486
06/01/2022,15606.92154,16711.36627,17365.71627
07/01/2022,15618.71088,16710.89263,17359.03374
08/01/2022,15631.17841,16720.26417,17367.40744
09/01/2022,15632.48204,16730.56523,17375.40344
10/01/2022,15636.66144,16732.03323,17375.72053
11/01/2022,15622.6867,16732.84982,17378.86111
12/01/2022,15624.64052,16722.81386,17368.03863
13/01/2022,15623.80159,16725.24666,17371.38767
14/01/2022,15626.11875,16722.74979,17369.48091
15/01/2022,15633.98455,16724.80017,17369.11036
16/01/2022,15632.53154,16732.07698,17376.8155
17/01/2022,15648.11592,16733.40412,17377.14703
18/01/2022,15655.22726,16744.72642,17383.8254
19/01/2022,15666.2411,16747.22165,17393.22754
20/01/2022,15665.48576,16756.93873,17404.5856
21/01/2022,15670.49427,16752.06498,17404.24356
22/01/2022,15671.12795,16757.37375,17412.9542
23/01/2022,15655.64732,16759.12084,17413.87961
24/01/2022,15663.23586,16751.84914,17401.73027
25/01/2022,15659.53196,16755.80075,17401.46913
26/01/2022,15683.72177,16761.7656,17396.13942
27/01/2022,15689.89045,16781.21729,17410.95013
28/01/2022,15692.85659,16787.21411,17413.60985
29/01/2022,15693.18831,16789.26972,17415.42689
30/01/2022,15698.71046,16788.82175,17420.64851
31/01/2022,15697.7868,16791.51264,17427.64714
01/02/2022,15697.09671,16792.33332,17423.95984
02/02/2022,15695.63556,16793.21225,17426.11757
03/02/2022,15689.33542,16795.31509,17422.25622
04/02/2022,15677.07019,16793.41055,17418.51092
05/02/2022,15671.10567,16788.33917,17408.29924
06/02/2022,15669.8525,16788.00059,17409.29181
07/02/2022,15655.15579,16789.12743,17413.23859
08/02/2022,15648.55996,16780.77213,17407.32527
09/02/2022,15632.71372,16776.45544,17406.52274
10/02/2022,15629.08058,16764.02913,17397.31202
11/02/2022,15636.42493,16771.34815,17396.24976
12/02/2022,15650.49092,16774.69724,17401.71741
13/02/2022,15642.26751,16788.11776,17413.38645
14/02/2022,15647.59708,16786.15222,17410.21751
15/02/2022,15647.52076,16791.58506,17411.44979
16/02/2022,15646.35219,16798.72569,17408.79473
17/02/2022,15638.66027,16802.27056,17409.12129
18/02/2022,15647.51569,16794.71503,17405.89156
19/02/2022,15647.18537,16800.76765,17415.76452
20/02/2022,15662.8371,16802.25443,17413.09111
21/02/2022,15656.30861,16815.42978,17420.38905
22/02/2022,15673.21287,16811.81098,17421.45422
23/02/2022,15694.37951,16824.40756,17430.55785
24/02/2022,15704.51431,16838.2123,17446.73859
25/02/2022,15706.47748,16851.59985,17458.57711
26/02/2022,15715.73927,16854.77453,17465.97654
27/02/2022,15717.31207,16859.86992,17469.95152
28/02/2022,15720.06496,16864.24367,17469.10888
01/03/2022,15726.39955,16864.10551,17467.49329
02/03/2022,15735.03838,16871.33295,17476.33088
03/03/2022,15735.88291,16884.57941,17483.42912
04/03/2022,15753.13324,16884.87495,17483.64879
05/03/2022,15754.92819,16898.91896,17500.45344
06/03/2022,15757.30976,16900.37239,17504.01918
07/03/2022,15771.40597,16900.87014,17506.41241
08/03/2022,15760.93706,16910.44005,17513.60914
09/03/2022,15769.43715,16906.68562,17507.9009
10/03/2022,15786.11361,16908.31744,17510.24924
11/03/2022,15783.90635,16917.39714,17522.90025
12/03/2022,15800.10347,16915.14933,17529.30836
13/03/2022,15792.96803,16928.38771,17544.41096
14/03/2022,15794.68404,16928.15932,17542.2356
15/03/2022,15799.12869,16930.26507,17543.83143
16/03/2022,15789.79798,16929.57112,17550.90284
17/03/2022,15802.40159,16920.65844,17546.95309
18/03/2022,15795.65722,16934.70329,17555.86132
19/03/2022,15807.91458,16927.56793,17555.30929
20/03/2022,15820.82386,16938.30428,17560.92834
21/03/2022,15835.39859,16958.457,17572.95848
22/03/2022,15842.09521,16973.29934,17583.72923
23/03/2022,15836.00316,16976.19758,17590.53796
24/03/2022,15836.84342,16972.28867,17589.90063
25/03/2022,15829.30883,16969.93406,17589.1184
26/03/2022,15825.58269,16969.88701,17586.94188
27/03/2022,15835.81365,16973.05307,17584.16801
28/03/2022,15824.52155,16982.0491,17594.86399
29/03/2022,15829.39566,16975.0852,17585.89921
30/03/2022,15840.43844,16978.00475,17590.50661
31/03/2022,15844.80791,16991.14421,17596.73334
01/04/2022,15840.27472,16997.2989,17603.85578
02/04/2022,15848.21455,16993.72653,17602.89456
03/04/2022,15853.18724,17003.89239,17612.29015
04/04/2022,15850.37851,17007.94787,17620.01852
05/04/2022,15844.9461,17005.11414,17619.64059
06/04/2022,15839.34876,17000.35235,17612.24676
07/04/2022,15835.40043,17001.72043,17612.13493
08/04/2022,15841.47908,16999.56292,17608.93283
09/04/2022,15847.34687,17001.47291,17612.27017
10/04/2022,15855.37136,17005.05999,17622.00772
11/04/2022,15846.73288,17013.46015,17627.97484
12/04/2022,15850.5574,17005.33073,17619.43448
13/04/2022,15864.51756,17007.71761,17624.79221
14/04/2022,15882.74383,17012.41636,17628.58485
15/04/2022,15886.89858,17023.69775,17641.93164
16/04/2022,15872.37311,17025.501,17644.78789
17/04/2022,15862.59355,17016.954,17634.43693
18/04/2022,15874.37643,17012.69544,17628.52581
19/04/2022,15867.48085,17027.35775,17644.25398
20/04/2022,15865.22601,17019.24043,17634.64827
21/04/2022,15887.32982,17018.45654,17630.99062
22/04/2022,15891.69162,17032.65129,17649.72713
23/04/2022,15889.55986,17038.95538,17657.19816
24/04/2022,15897.20886,17040.85876,17652.54537
25/04/2022,15892.82558,17042.11923,17659.2292
26/04/2022,15885.14906,17038.8677,17653.60732
27/04/2022,15878.87898,17033.39363,17657.7891
28/04/2022,15876.75971,17027.09011,17660.22015
29/04/2022,15862.29595,17026.61547,17663.59631
30/04/2022,15857.0137,17013.64416,17653.80419
01/05/2022,15867.70523,17004.35274,17648.87541
02/05/2022,15871.44408,17009.28326,17655.83093
03/05/2022,15872.30266,17015.81897,17658.69054
04/05/2022,15883.40474,17023.66558,17664.43056
05/05/2022,15897.62384,17037.30936,17676.45594
06/05/2022,15885.08896,17044.06203,17685.97676
07/05/2022,15885.47272,17033.5234,17676.95335
08/05/2022,15894.98748,17026.80947,17681.50979
09/05/2022,15881.41193,17034.03148,17691.07273
10/05/2022,15896.74826,17027.86426,17684.09789
11/05/2022,15896.75377,17041.5825,17696.57838
12/05/2022,15906.151,17043.55554,17702.06056
13/05/2022,15904.46337,17054.69464,17709.06179
14/05/2022,15898.58383,17057.14791,17703.07143
15/05/2022,15883.45151,17052.1912,17704.05069
16/05/2022,15899.46915,17041.89452,17698.34191
17/05/2022,15900.59878,17054.35035,17710.81062
18/05/2022,15907.32952,17061.4874,17714.30834
19/05/2022,15914.14598,17066.35355,17722.45299
20/05/2022,15911.65324,17071.88527,17732.8161
21/05/2022,15916.25159,17075.86449,17743.61812
22/05/2022,15912.0164,17079.87955,17746.77973
23/05/2022,15926.27771,17082.93392,17744.62562
24/05/2022,15924.7605,17093.13686,17757.35889
25/05/2022,15912.6054,17092.23201,17759.50063
26/05/2022,15903.48236,17086.54296,17749.84925
27/05/2022,15894.81405,17081.92344,17744.40716
28/05/2022,15891.89554,17078.9393,17739.68274
29/05/2022,15904.23929,17078.59222,17742.52982
30/05/2022,15893.90972,17088.97419,17750.27045
31/05/2022,15900.54308,17088.30524,17744.44906
01/06/2022,15909.91912,17092.36528,17745.03298
02/06/2022,15896.40474,17095.25145,17752.35515
03/06/2022,15902.13555,17084.31502,17743.20822
04/06/2022,15927.17579,17084.99372,17752.06502
05/06/2022,15926.43331,17103.83447,17765.42252
06/06/2022,15919.51715,17103.1457,17769.12173
07/06/2022,15939.59311,17103.3085,17766.73097
08/06/2022,15935.0442,17114.46457,17773.52288
09/06/2022,15936.28337,17113.61902,17771.2143
10/06/2022,15941.70103,17115.25834,17770.97585
11/06/2022,15946.33333,17122.41668,17780.87499
12/06/2022,15954.39035,17134.55796,17785.77063
13/06/2022,15950.0457,17143.05789,17791.37343
14/06/2022,15949.16736,17139.29843,17793.30272
15/06/2022,15933.4864,17142.29691,17794.02589
16/06/2022,15942.59345,17133.97747,17783.37453
17/06/2022,15949.60002,17142.23561,17788.93602
18/06/2022,15946.17146,17147.7085,17792.0814
19/06/2022,15950.86611,17144.34629,17794.89745
20/06/2022,15942.92328,17150.13507,17795.48451
21/06/2022,15943.30556,17142.95811,17790.0895
22/06/2022,15952.75608,17145.73437,17791.64015
23/06/2022,15954.25235,17156.18367,17794.03593
24/06/2022,15966.41352,17164.78895,17790.21904
25/06/2022,15971.66415,17178.32905,17804.66763
26/06/2022,15973.24173,17182.37946,17808.5907
27/06/2022,15975.84641,17182.65392,17811.78745
28/06/2022,15977.11936,17183.51527,17813.22072
29/06/2022,16007.55698,17186.57841,17814.05133
30/06/2022,16004.40419,17212.33806,17838.78579
01/07/2022,16008.54693,17212.37671,17843.17856
02/07/2022,16020.57025,17219.27819,17847.54445
03/07/2022,16020.00791,17233.94379,17855.64113
04/07/2022,16017.20842,17231.54331,17854.71453
05/07/2022,16004.99281,17230.96373,17856.6456
06/07/2022,15998.35734,17217.07983,17855.3822
07/07/2022,15993.12727,17212.30093,17854.30787
08/07/2022,16003.14032,17206.67831,17849.32546
09/07/2022,15999.08889,17211.9287,17854.30092
10/07/2022,16002.50747,17211.14937,17849.47212
11/07/2022,15998.78111,17217.28533,17849.78527
12/07/2022,16014.66354,17215.39811,17848.17995
13/07/2022,16011.31336,17229.9496,17861.07011
14/07/2022,16012.85896,17223.41927,17858.97697
15/07/2022,16011.53456,17232.98014,17861.82977
16/07/2022,16020.98607,17231.42036,17863.94903
17/07/2022,16036.89973,17244.77624,17872.39624
18/07/2022,16042.90102,17250.00804,17877.9153
19/07/2022,16054.96772,17254.8148,17882.39657
20/07/2022,16055.12837,17262.26331,17889.7785
21/07/2022,16064.69186,17268.64782,17891.03546
22/07/2022,16061.93183,17279.21019,17896.19021
23/07/2022,16052.64927,17277.11542,17893.46141
24/07/2022,16049.3175,17270.94788,17885.57178
25/07/2022,16045.8908,17264.58443,17880.17077
26/07/2022,16056.93309,17259.8253,17884.92182
27/07/2022,16044.72187,17270.67989,17895.1485
28/07/2022,16038.13281,17265.22617,17885.47377
29/07/2022,16050.57067,17263.65077,17883.47551
30/07/2022,16048.27951,17270.40447,17894.6959
31/07/2022,16044.58198,17264.15609,17892.84738
01/08/2022,16045.46223,17267.03597,17893.19171
02/08/2022,16038.02412,17271.38416,17890.68878
03/08/2022,16036.44247,17266.01463,17888.93447
04/08/2022,16034.43441,17263.80887,17892.60057
05/08/2022,16040.76903,17264.5174,17892.33672
06/08/2022,16048.26081,17268.58737,17898.729
07/08/2022,16054.86197,17276.06146,17907.64779
08/08/2022,16050.31177,17281.11703,17909.14884
09/08/2022,16050.0731,17278.83742,17902.66753
10/08/2022,16058.65467,17280.21618,17905.70971
11/08/2022,16072.0249,17290.40753,17916.42028
12/08/2022,16075.9125,17301.46121,17922.23106
13/08/2022,16084.41142,17300.03016,17920.83443
14/08/2022,16091.62969,17300.13251,17925.73203
15/08/2022,16095.7422,17305.08167,17933.21585
16/08/2022,16115.71337,17303.27579,17936.48035
17/08/2022,16127.11773,17316.43729,17951.90486
18/08/2022,16118.42092,17328.75002,17961.48393
19/08/2022,16124.01153,17318.85498,17959.04465
20/08/2022,16139.59499,17321.03346,17965.05828
21/08/2022,16171.27134,17334.14273,17979.21197
22/08/2022,16181.67239,17354.57523,18000.28563
23/08/2022,16186.81643,17361.24763,18006.91536
24/08/2022,16178.95764,17367.19301,18012.51356
25/08/2022,16191.30656,17363.65952,18008.0992
26/08/2022,16194.88071,17375.15116,18016.77612
27/08/2022,16200.59458,17380.208,18019.88044
28/08/2022,16177.03693,17389.87704,18025.02918
29/08/2022,16173.89337,17374.76918,18012.872
30/08/2022,16177.35111,17372.9153,18007.11151
31/08/2022,16173.28797,17380.01569,18003.0465
01/09/2022,16177.52571,17379.55514,18001.31439
02/09/2022,16193.85384,17384.10669,18005.79607
03/09/2022,16171.35092,17397.43733,18016.05287
04/09/2022,16199.91927,17384.14965,18001.03498
05/09/2022,16208.64752,17408.96091,18021.78584
06/09/2022,16218.69211,17419.6702,18028.96371
07/09/2022,16222.16485,17425.81544,18032.7574
08/09/2022,16245.03908,17426.60949,18031.9148
09/09/2022,16258.45116,17443.87975,18046.83551
10/09/2022,16258.09845,17457.3317,18061.95119
11/09/2022,16247.14524,17458.79537,18063.1472
12/09/2022,16240.28721,17458.89182,18054.03261
13/09/2022,16254.83432,17451.4188,18050.9736
14/09/2022,16275.55774,17456.98783,18061.50481
15/09/2022,16286.8705,17474.14199,18076.26569
16/09/2022,16300.17242,17487.84965,18085.95828
17/09/2022,16312.36241,17495.1893,18095.46692
18/09/2022,16341.84348,17497.71552,18105.28189
19/09/2022,16350.06521,17517.38159,18128.99519
20/09/2022,16358.83697,17525.93751,18137.09562
21/09/2022,16368.70718,17530.25036,18143.54827
22/09/2022,16375.63591,17539.21223,18152.36618
23/09/2022,16372.14658,17545.81354,18160.09633
24/09/2022,16387.48388,17544.89912,18162.90813
25/09/2022,16390.5673,17556.25507,18170.90724
26/09/2022,16392.57936,17563.28707,18170.97643
27/09/2022,16396.40869,17559.64666,18175.21595
28/09/2022,16385.14502,17562.03556,18174.67345
29/09/2022,16392.81536,17557.00164,18166.43004
30/09/2022,16380.41808,17565.62719,18173.18194
01/10/2022,16386.1253,17556.64215,18164.58774
02/10/2022,16405.07987,17560.46288,18170.47735
03/10/2022,16412.39711,17575.34775,18185.29038
04/10/2022,16424.66481,17581.81366,18191.86304
05/10/2022,16430.2214,17584.29839,18200.94386
06/10/2022,16434.17962,17586.40385,18202.09515
07/10/2022,16447.68224,17588.05554,18207.33226
08/10/2022,16455.1779,17595.42635,18216.2438
09/10/2022,16461.4697,17602.26395,18218.34794
10/10/2022,16463.61764,17608.68709,18222.60484
11/10/2022,16461.23761,17611.7498,18225.32863
12/10/2022,16470.75848,17610.75949,18225.12808
13/10/2022,16468.89247,17619.85986,18233.9076
14/10/2022,16464.96269,17622.17195,18236.06806
15/10/2022,16472.4868,17619.03267,18235.46094
16/10/2022,16470.76646,17622.97397,18242.33404
17/10/2022,16465.86407,17624.09581,18246.17721
18/10/2022,16462.00312,17626.25222,18246.5785
19/10/2022,16468.8618,17627.62826,18248.55451
20/10/2022,16461.06485,17634.3153,18249.63279
21/10/2022,16469.44572,17626.19377,18248.75562
22/10/2022,16473.42207,17630.63148,18251.71172
23/10/2022,16476.42063,17636.70521,18258.01583
24/10/2022,16483.40528,17642.05365,18263.23447
25/10/2022,16490.10392,17645.09788,18270.7752
26/10/2022,16503.6126,17652.35544,18275.0131
27/10/2022,16519.39685,17665.30796,18293.89356
28/10/2022,16508.22323,17681.29548,18305.06579
29/10/2022,16518.72796,17679.62586,18301.94117
30/10/2022,16512.9732,17690.74565,18306.86553
31/10/2022,16518.93677,17689.66551,18304.83336
01/11/2022,16529.94022,17691.48176,18311.70711
02/11/2022,16524.614,17694.99339,18321.89509
03/11/2022,16536.26626,17689.36176,18321.66585
04/11/2022,16526.16008,17697.79596,18332.35483
05/11/2022,16523.89316,17691.23286,18325.8282
06/11/2022,16529.22802,17687.74417,18330.58439
07/11/2022,16533.51469,17694.55639,18339.10011
08/11/2022,16531.48404,17696.42926,18344.3191
09/11/2022,16535.54669,17693.62214,18345.57636
10/11/2022,16537.1476,17698.81905,18353.16476
11/11/2022,16540.31794,17699.62952,18356.25036
12/11/2022,16550.28298,17701.09353,18360.45037
13/11/2022,16541.4564,17708.60544,18368.22895
14/11/2022,16536.5149,17704.80083,18366.83791
15/11/2022,16537.026,17706.07001,18360.94664
16/11/2022,16525.51991,17703.06235,18360.95759
17/11/2022,16543.58816,17695.72069,18355.62582
18/11/2022,16545.25943,17710.02794,18371.69249
19/11/2022,16546.80726,17709.58406,18368.20985
20/11/2022,16539.78927,17715.35537,18369.75497
21/11/2022,16540.88927,17714.70348,18365.45702
22/11/2022,16537.1915,17719.06923,18364.88503
23/11/2022,16533.01185,17719.37777,18360.27188
24/11/2022,16530.27642,17715.61343,18354.71339
25/11/2022,16538.01268,17714.64374,18354.36382
26/11/2022,16541.08408,17727.70795,18362.85883
27/11/2022,16532.50987,17727.1194,18370.33983
28/11/2022,16522.1225,17723.86643,18367.15724
29/11/2022,16520.45705,17718.95045,18364.27835
30/11/2022,16533.6486,17720.03049,18364.39332
01/12/2022,16528.55928,17730.01776,18372.15807
02/12/2022,16523.15959,17731.31174,18368.82986
03/12/2022,16518.06627,17728.83804,18365.67264
04/12/2022,16515.02903,17723.74234,18369.65895
05/12/2022,16534.6555,17717.44434,18366.98602
06/12/2022,16548.26465,17729.42651,18381.25704
07/12/2022,16557.90736,17736.71337,18392.62022
08/12/2022,16561.51462,17746.81877,18396.79098
09/12/2022,16561.688,17754.90991,18403.10113
10/12/2022,16548.74519,17757.56249,18403.72259
11/12/2022,16549.97128,17750.54416,18396.13453
12/12/2022,16569.51161,17747.9779,18401.62542
13/12/2022,16588.01219,17760.93874,18412.89593
14/12/2022,16598.38819,17776.91915,18421.11909
15/12/2022,16612.94142,17784.75833,18427.94461
16/12/2022,16629.02599,17794.92721,18442.01431
17/12/2022,16620.02062,17809.24999,18458.09924
18/12/2022,16629.21127,17805.85531,18452.28244
19/12/2022,16637.52795,17813.66837,18463.3125
20/12/2022,16646.82503,17824.34344,18470.77676
21/12/2022,16645.30884,17827.72623,18476.8455
22/12/2022,16648.36631,17827.24631,18470.93112
23/12/2022,16638.61734,17826.34147,18475.48564
24/12/2022,16641.74274,17819.08915,18465.8665
25/12/2022,16648.42115,17819.24257,18467.37523
26/12/2022,16657.24171,17830.51871,18476.64795
27/12/2022,16657.65301,17833.11636,18481.71375
28/12/2022,16666.52945,17837.68617,18482.37937
29/12/2022,16652.59526,17847.18551,18488.42769
30/12/2022,16635.10563,17836.53536,18480.90112
31/12/2022,16673.82939,17819.72353,18472.93012
01/01/2023,16685.15439,17850.81727,18494.98642
02/01/2023,16692.41632,17855.46463,18500.77797
03/01/2023,16688.63202,17858.58686,18503.7279
04/01/2023,16681.49012,17853.14812,18498.03218
05/01/2023,16688.72049,17846.77331,18492.01718
06/01/2023,16682.10121,17850.97761,18492.0106
07/01/2023,16691.65608,17842.05992,18490.2831
08/01/2023,16700.236,17846.35906,18495.94061
09/01/2023,16686.0978,17855.50033,18501.22529
10/01/2023,16671.84378,17847.05421,18491.07315
11/01/2023,16664.2973,17838.6045,18488.06316
12/01/2023,16651.75282,17838.50964,18483.25044
13/01/2023,16662.93147,17832.05008,18477.3559
14/01/2023,16653.96009,17839.97059,18481.41916
15/01/2023,16665.83703,17840.33884,18479.68033
16/01/2023,16659.63432,17849.06523,18489.85622
17/01/2023,16636.00835,17845.92964,18491.55289
18/01/2023,16640.07254,17828.01955,18478.855
19/01/2023,16656.58777,17829.71275,18484.28374
20/01/2023,16660.25182,17838.89181,18495.49102
21/01/2023,16656.08986,17842.36763,18497.26631
22/01/2023,16659.60751,17842.36327,18497.3458
23/01/2023,16661.37815,17848.52817,18505.14096
24/01/2023,16648.39633,17844.95208,18513.77439
25/01/2023,16654.27789,17836.66951,18505.51517
26/01/2023,16650.95332,17843.72863,18507.77153
27/01/2023,16661.04767,17840.90758,18511.21797
28/01/2023,16664.42676,17848.78959,18518.31309
29/01/2023,16674.25938,17848.15046,18526.89157
30/01/2023,16666.31791,17855.48539,18536.01124
31/01/2023,16663.82775,17849.87297,18531.91592
01/02/2023,16662.32882,17843.63744,18529.63004
02/02/2023,16675.32222,17840.75381,18525.9587
03/02/2023,16667.41455,17849.97749,18535.83169
04/02/2023,16682.49924,17845.86954,18532.26566
05/02/2023,16680.00104,17858.61124,18539.64585
06/02/2023,16669.69542,17857.12102,18538.83934
07/02/2023,16667.71891,17851.18686,18528.17334
08/02/2023,16662.1245,17848.96935,18523.9287
09/02/2023,16666.5477,17845.9815,18519.5741
10/02/2023,16658.12197,17847.54235,18524.38108
11/02/2023,16678.35717,17845.64818,18520.82234
12/02/2023,16682.7515,17858.83536,18531.50376
13/02/2023,16682.22154,17860.52628,18536.41571
14/02/2023,16677.37509,17861.06344,18536.74753
15/02/2023,16672.51451,17855.47058,18536.04279
16/02/2023,16683.34866,17856.16744,18531.71001
17/02/2023,16698.76487,17857.36105,18538.90705
18/02/2023,16697.39016,17861.87545,18547.67236
19/02/2023,16685.23347,17866.09024,18550.02585
20/02/2023,16704.6117,17857.31329,18546.76149
21/02/2023,16700.60259,17874.21593,18561.07933
22/02/2023,16702.28982,17871.86112,18554.97203
23/02/2023,16702.67111,17870.57531,18557.41435
24/02/2023,16701.43208,17869.67874,18559.04016
25/02/2023,16703.34445,17871.2988,18554.42122
26/02/2023,16705.57389,17872.75005,18560.15521
27/02/2023,16708.61918,17872.99897,18559.48029
28/02/2023,16715.23343,17879.4192,18562.21839
01/03/2023,16720.67584,17878.89034,18565.64061
02/03/2023,16716.91763,17878.4761,18573.42593
03/03/2023,16731.93434,17878.74263,18573.91541
04/03/2023,16726.51306,17888.38821,18583.64939
05/03/2023,16715.72371,17884.59442,18582.22723
06/03/2023,16711.22817,17880.63145,18580.29219
07/03/2023,16717.70693,17877.14683,18579.0961
08/03/2023,16710.08555,17882.07272,18587.61005
09/03/2023,16720.23354,17878.62027,18585.13929
10/03/2023,16735.06449,17887.06315,18592.29682
11/03/2023,16731.02917,17899.61613,18600.78704
12/03/2023,16725.00186,17897.86527,18597.28575
13/03/2023,16734.47037,17890.10868,18597.76823
14/03/2023,16736.75022,17895.58295,18606.19074
15/03/2023,16724.45513,17897.50683,18605.62208
16/03/2023,16736.68743,17891.97309,18599.29885
17/03/2023,16739.0748,17900.1541,18606.67269
18/03/2023,16740.89503,17900.05914,18604.53316
19/03/2023,16748.14903,17898.91937,18606.92357
20/03/2023,16762.79789,17901.50029,18608.99519
21/03/2023,16754.3357,17908.79563,18619.68158
22/03/2023,16762.97399,17909.97125,18618.79694
23/03/2023,16758.6097,17921.76486,18627.54325
24/03/2023,16752.09683,17920.19496,18628.95972
25/03/2023,16760.2249,17922.88181,18625.73537
26/03/2023,16768.30983,17924.31873,18626.43041
27/03/2023,16762.97559,17929.64452,18629.55639
28/03/2023,16763.71496,17919.93802,18631.07925
29/03/2023,16778.61776,17922.86933,18635.30517
30/03/2023,16768.77772,17933.07906,18650.95241
31/03/2023,16767.24798,17926.15628,18646.89062
01/04/2023,16763.75376,17926.29703,18645.63331
02/04/2023,16767.42465,17921.2696,18643.46635
03/04/2023,16774.6066,17924.58368,18649.47926
04/04/2023,16790.92476,17929.9308,18655.25069
05/04/2023,16790.17189,17935.10295,18669.80247
06/04/2023,16777.92513,17934.00852,18666.7158
07/04/2023,16782.65359,17926.95829,18659.83217
08/04/2023,16788.77225,17928.31604,18667.94562
09/04/2023,16790.45002,17931.45218,18667.5573
10/04/2023,16785.77481,17933.01768,18677.29519
11/04/2023,16778.83089,17931.38945,18672.28182
12/04/2023,16782.64455,17924.54937,18673.71231
13/04/2023,16790.19655,17927.8138,18682.14719
14/04/2023,16792.16126,17927.00738,18690.98272
15/04/2023,16785.84303,17924.85423,18695.40186
16/04/2023,16791.04257,17922.25527,18695.2105
17/04/2023,16776.80849,17933.3373,18700.36202
18/04/2023,16793.27292,17919.44172,18687.8809
19/04/2023,16800.70743,17925.33736,18701.83041
20/04/2023,16807.78078,17931.201,18706.26508
21/04/2023,16819.63985,17929.74063,18711.82148
22/04/2023,16822.55653,17936.34513,18719.78473
23/04/2023,16834.30931,17942.01548,18720.08332
24/04/2023,16850.01759,17948.91483,18727.59513
25/04/2023,16835.76707,17958.50318,18740.42646
26/04/2023,16839.17715,17948.48186,18733.60386
27/04/2023,16847.07603,17944.70255,18738.10492
28/04/2023,16863.41162,17953.49381,18747.7955
29/04/2023,16863.46206,17962.99898,18753.98998
30/04/2023,16870.81478,17961.86223,18759.47123
01/05/2023,16877.73568,17963.27573,18762.48658
02/05/2023,16882.01632,17967.8649,18766.21247
03/05/2023,16896.75514,17974.75851,18768.53798
04/05/2023,16903.35034,17983.70916,18774.59411
05/05/2023,16912.01478,17991.1103,18780.75021
06/05/2023,16906.74473,18002.84108,18789.101
07/05/2023,16913.13263,18002.95788,18788.47201
08/05/2023,16923.5035,18007.29059,18789.5936
09/05/2023,16929.00389,18013.87308,18802.55298
10/05/2023,16946.09308,18015.94738,18803.04971
11/05/2023,16960.07992,18029.9312,18812.44697
12/05/2023,16971.22513,18039.19264,18821.60555
13/05/2023,16979.44181,18050.28308,18827.01542
14/05/2023,17002.00182,18056.48413,18829.97412
15/05/2023,17021.91548,18074.05281,18846.1245
16/05/2023,17020.20147,18092.33115,18860.33411
17/05/2023,17024.86382,18095.75208,18853.32752
18/05/2023,17043.99226,18099.34489,18854.94692
19/05/2023,17035.69203,18117.27169,18869.45551
20/05/2023,17044.71207,18112.76995,18866.50658
21/05/2023,17036.76755,18116.47219,18871.54804
22/05/2023,17049.98487,18110.37468,18868.40854
23/05/2023,17051.37078,18121.83884,18873.27194
24/05/2023,17052.8445,18123.32438,18873.0168
25/05/2023,17058.96909,18120.64549,18877.48956
26/05/2023,17063.45551,18125.11189,18881.69619
27/05/2023,17070.51903,18124.17367,18882.56293
28/05/2023,17080.49704,18122.31321,18887.54047
29/05/2023,17086.69126,18132.06913,18895.09596
30/05/2023,17096.68007,18139.856,18901.88123
31/05/2023,17100.28689,18149.3133,18909.94949
01/06/2023,17108.84795,18148.01173,18909.87269
02/06/2023,17106.05403,18157.38512,18915.36449
03/06/2023,17122.99255,18149.61126,18914.76336
04/06/2023,17105.55895,18161.7742,18925.10952
05/06/2023,17105.59426,18155.37413,18912.87077
06/06/2023,17128.63118,18150.36221,18908.21392
07/06/2023,17127.06134,18166.79084,18923.99519
08/06/2023,17124.54033,18167.53983,18922.93073
09/06/2023,17128.56942,18163.83815,18923.82684
10/06/2023,17135.04819,18167.95013,18929.0212
11/06/2023,17134.69515,18171.82896,18936.91611
12/06/2023,17139.28388,18174.39094,18935.60333
13/06/2023,17154.17765,18183.96364,18941.2519
14/06/2023,17153.77579,18198.97518,18953.11452
15/06/2023,17136.20523,18200.00288,18951.6518
16/06/2023,17133.41191,18191.49985,18941.19617
17/06/2023,17125.33788,18191.1692,18934.6453
18/06/2023,17106.49487,18191.41517,18925.38486
19/06/2023,17102.27269,18177.22355,18914.62067
20/06/2023,17113.45152,18175.89704,18909.44329
21/06/2023,17113.36689,18181.29134,18917.92772
22/06/2023,17127.84773,18183.94568,18917.72267
23/06/2023,17137.96355,18194.82418,18934.54708
24/06/2023,17133.3932,18201.22276,18943.97739
25/06/2023,17149.1792,18201.49027,18939.06811
26/06/2023,17158.62237,18211.09633,18952.63504
27/06/2023,17161.19851,18217.15425,18957.35247
28/06/2023,17164.64691,18221.76211,18963.91537
29/06/2023,17170.41665,18224.75938,18964.73558
30/06/2023,17172.48838,18235.93783,18968.57227
01/07/2023,17170.63382,18234.98923,18972.35174
02/07/2023,17166.98678,18236.38421,18970.50618
03/07/2023,17171.11554,18241.14287,18971.41772
04/07/2023,17168.00636,18247.4397,18980.36168
05/07/2023,17178.66174,18248.41253,18978.87809
06/07/2023,17179.45962,18256.85992,18990.56933
07/07/2023,17202.1404,18261.74087,18993.68046
08/07/2023,17190.08115,18275.01187,19016.43601
09/07/2023,17186.64052,18267.76908,19011.84116
10/07/2023,17191.03652,18263.9723,19012.66873
11/07/2023,17184.466,18265.59644,19020.4552
12/07/2023,17171.10246,18262.7268,19015.03991
13/07/2023,17169.06266,18255.76584,19009.95715
14/07/2023,17174.1985,18252.17452,19009.59459
15/07/2023,17185.68717,18255.62189,19008.58005
16/07/2023,17189.29098,18262.93199,19021.25059
17/07/2023,17185.00095,18266.99862,19023.68691
18/07/2023,17195.55571,18269.62176,19027.48177
19/07/2023,17205.65525,18276.27686,19036.0951
20/07/2023,17213.76331,18284.28855,19039.27828
21/07/2023,17214.68175,18291.72779,19041.158
22/07/2023,17221.89431,18296.09271,19039.16709
23/07/2023,17215.09091,18298.70852,19041.19044
24/07/2023,17231.91837,18288.02815,19040.29313
25/07/2023,17236.96239,18299.54327,19047.65205
26/07/2023,17244.96938,18302.35429,19055.17988
27/07/2023,17248.41415,18305.12251,19064.62081
28/07/2023,17264.06137,18306.43241,19071.63333
29/07/2023,17262.39989,18316.79905,19085.86074
30/07/2023,17273.56103,18314.17356,19087.78453
31/07/2023,17284.41077,18324.44103,19105.16581
01/08/2023,17300.39062,18330.3972,19114.47671
02/08/2023,17311.36481,18343.27902,19124.71489
03/08/2023,17324.77076,18354.27409,19134.86663
04/08/2023,17321.08407,18364.44744,19146.58545
05/08/2023,17335.49561,18366.11846,19141.9559
06/08/2023,17347.4444,18373.83079,19152.45417
07/08/2023,17326.9124,18376.07697,19163.10315
08/08/2023,17334.07022,18364.40812,19155.66848
09/08/2023,17331.34422,18371.05124,19163.13019
10/08/2023,17349.44617,18372.27785,19166.15805
11/08/2023,17348.9532,18381.54831,19177.73106
12/08/2023,17364.33421,18381.80534,19176.4502
13/08/2023,17363.71307,18395.96605,19192.74489
14/08/2023,17356.74625,18394.72985,19191.70983
15/08/2023,17360.8991,18388.36112,19188.82796
16/08/2023,17357.35715,18389.73208,19194.9435
17/08/2023,17355.07765,18389.64768,19188.50315
18/08/2023,17342.38988,18390.40704,19187.15741
19/08/2023,17333.65097,18381.86016,19179.85614
20/08/2023,17332.40248,18377.7119,19177.74905
21/08/2023,17324.0338,18379.00708,19180.51991
22/08/2023,17333.12523,18377.64363,19178.57486
23/08/2023,17340.60749,18386.47369,19186.00762
24/08/2023,17343.36508,18395.94555,19189.46404
25/08/2023,17358.29091,18398.11596,19190.8172
26/08/2023,17343.62029,18411.76789,19201.87246
27/08/2023,17321.22255,18407.34748,19189.75064
28/08/2023,17329.20367,18394.22834,19178.08134
29/08/2023,17331.04966,18398.87004,19187.80518
30/08/2023,17327.18356,18399.14692,19195.51076
31/08/2023,17349.68628,18394.00991,19193.46828
01/09/2023,17348.31105,18415.05667,19209.03132
02/09/2023,17348.85032,18413.04258,19207.18955
03/09/2023,17356.25159,18411.91504,19206.30557
04/09/2023,17360.07063,18412.97776,19215.86084
05/09/2023,17360.029,18417.40742,19215.42728
06/09/2023,17358.73756,18423.90004,19212.18207
07/09/2023,17354.44424,18425.2088,19214.97741
08/09/2023,17364.90847,18421.21749,19204.82886
09/09/2023,17386.70217,18426.93254,19213.34115
10/09/2023,17392.47223,18444.56273,19228.43941
11/09/2023,17388.77791,18448.67535,19232.92405
12/09/2023,17382.42122,18450.65478,19230.71579
13/09/2023,17392.21239,18446.80479,19233.80862
14/09/2023,17386.93537,18452.56293,19242.491
15/09/2023,17389.50476,18447.55413,19237.9185
16/09/2023,17390.95521,18451.45898,19241.48227
17/09/2023,17389.13503,18454.39522,19250.33422
18/09/2023,17382.64839,18449.03854,19244.74584
19/09/2023,17389.75611,18442.23144,19239.32497
20/09/2023,17384.41886,18445.02878,19246.27123
21/09/2023,17386.34755,18445.03123,19239.7589
22/09/2023,17375.43822,18446.16449,19241.8494
23/09/2023,17393.67054,18438.84374,19235.64632
24/09/2023,17391.20767,18454.66621,19243.86129
25/09/2023,17399.54326,18452.28016,19244.84504
26/09/2023,17399.01263,18459.12715,19251.66034
27/09/2023,17424.67062,18462.87318,19252.33082
28/09/2023,17424.35943,18477.90924,19273.61844
29/09/2023,17419.93946,18482.52248,19267.63976
30/09/2023,17426.24887,18477.55538,19263.19185
01/10/2023,17411.29242,18483.64481,19265.53163
02/10/2023,17415.98958,18469.04394,19258.20412
03/10/2023,17420.59455,18470.47948,19256.9191
04/10/2023,17425.58773,18470.99213,19255.38959
05/10/2023,17416.77176,18479.41141,19258.77351
06/10/2023,17430.03814,18473.59604,19252.71273
07/10/2023,17419.06947,18483.59465,19264.72621
08/10/2023,17423.90682,18478.53944,19257.72894
09/10/2023,17432.10378,18481.91231,19263.92264
10/10/2023,17444.77958,18492.78101,19277.29251
11/10/2023,17442.52936,18502.74097,19282.4613
12/10/2023,17430.04726,18502.67874,19282.64444
13/10/2023,17431.76879,18496.55642,19281.66835
14/10/2023,17431.89784,18497.60765,19285.84968
15/10/2023,17426.2047,18504.2455,19283.29341
16/10/2023,17437.61269,18499.91693,19277.52636
17/10/2023,17428.3548,18510.07408,19284.84972
18/10/2023,17431.49027,18505.41607,19282.57594
19/10/2023,17424.43027,18511.38566,19285.73564
20/10/2023,17425.80393,18508.82758,19280.23824
21/10/2023,17423.52708,18511.25117,19280.77037
22/10/2023,17420.3187,18507.33025,19277.64594
23/10/2023,17409.17502,18508.00269,19272.42498
24/10/2023,17424.43838,18500.49262,19259.42693
25/10/2023,17415.25134,18515.34082,19275.90996
26/10/2023,17424.457,18510.47623,19272.77414
27/10/2023,17409.52246,18524.59578,19280.04029
28/10/2023,17420.10784,18509.59248,19264.90073
29/10/2023,17435.71166,18513.92796,19272.34722
30/10/2023,17445.20877,18522.28079,19285.38688
31/10/2023,17456.05257,18529.96847,19290.33849
01/11/2023,17469.50037,18536.44119,19305.59864
02/11/2023,17478.54171,18544.2937,19319.32281
03/11/2023,17486.75941,18547.85256,19325.424
04/11/2023,17495.16171,18551.44309,19332.75513
05/11/2023,17493.4405,18558.87757,19340.69752
06/11/2023,17505.26437,18559.39259,19342.55422
07/11/2023,17512.55519,18568.18612,19353.39877
08/11/2023,17512.34443,18573.69252,19356.46689
09/11/2023,17514.52947,18572.22758,19356.41592
10/11/2023,17519.55351,18571.08602,19364.93369
11/11/2023,17517.76237,18576.46154,19364.94306
12/11/2023,17524.49859,18572.48523,19361.9449
13/11/2023,17519.43314,18576.69038,19366.5445
14/11/2023,17517.56338,18573.52502,19365.06123
15/11/2023,17521.6013,18569.37962,19363.06815
16/11/2023,17510.95676,18576.41283,19363.91026
17/11/2023,17513.87587,18570.1511,19358.34386
18/11/2023,17528.5215,18574.70064,19370.19585
19/11/2023,17534.38083,18586.57232,19381.81077
20/11/2023,17539.70833,18594.8202,19386.0499
21/11/2023,17519.40923,18604.77633,19389.51604
22/11/2023,17518.92763,18588.50561,19376.9527
23/11/2023,17520.24716,18591.04366,19375.32703
24/11/2023,17527.26511,18596.81458,19376.93033
25/11/2023,17521.41467,18602.44638,19378.36303
26/11/2023,17524.7015,18599.35118,19373.12158
27/11/2023,17517.2535,18601.40124,19370.55689
28/11/2023,17527.9219,18592.69296,19361.87084
29/11/2023,17509.52759,18599.43282,19370.28287
30/11/2023,17507.33046,18586.76696,19362.48043
01/12/2023,17528.76052,18587.42344,19368.20472
02/12/2023,17548.94701,18598.75802,19385.59511
03/12/2023,17546.37436,18613.16116,19401.62422
04/12/2023,17545.00647,18611.50323,19399.66519
05/12/2023,17564.56861,18610.57917,19402.57506
06/12/2023,17561.1217,18625.79724,19422.79022
07/12/2023,17554.5075,18623.59259,19422.58751
08/12/2023,17571.69371,18620.26886,19420.96057
09/12/2023,17583.82619,18633.34709,19433.37546
10/12/2023,17583.89784,18640.14348,19445.23092
11/12/2023,17571.8164,18640.61184,19452.35989
12/12/2023,17580.66749,18631.54936,19443.30199
13/12/2023,17579.24435,18633.08691,19448.45315
14/12/2023,17577.11362,18632.3196,19449.30335
15/12/2023,17580.49598,18626.72973,19452.82493
16/12/2023,17567.40963,18629.84921,19452.73875
17/12/2023,17565.17216,18624.39077,19442.7312
18/12/2023,17554.1319,18624.24221,19443.94143
19/12/2023,17553.83799,18616.33703,19435.22763
20/12/2023,17561.87528,18621.74264,19438.02481
21/12/2023,17560.87136,18625.97789,19441.49701
22/12/2023,17548.18948,18624.80472,19443.06274
23/12/2023,17551.8633,18623.10327,19432.94174
24/12/2023,17547.19964,18625.33175,19441.42909
25/12/2023,17548.28531,18628.37443,19438.14936
26/12/2023,17561.41913,18631.29663,19440.30317
27/12/2023,17570.35612,18640.55166,19450.08696
28/12/2023,17567.04562,18648.13823,19455.00208
29/12/2023,17583.59418,18645.72623,19458.31368
30/12/2023,17574.9619,18653.12416,19471.39703
31/12/2023,17578.56587,18647.82582,19465.51
01/01/2024,17590.17219,18648.40787,19465.22642
02/01/2024,17600.62772,18655.08686,19477.9035
03/01/2024,17591.89915,18662.29068,19485.87954
04/01/2024,17595.93509,18656.90818,19485.90479
05/01/2024,17598.3745,18659.82664,19491.06487
06/01/2024,17584.31732,18660.1448,19493.69652
07/01/2024,17589.68935,18651.71184,19481.24224
08/01/2024,17598.59397,18660.62232,19479.96664
09/01/2024,17618.93844,18668.57263,19483.5578
10/01/2024,17622.67182,18684.36672,19501.03326
11/01/2024,17635.69035,18681.94557,19504.5278
12/01/2024,17640.60105,18698.58567,19512.98521
13/01/2024,17650.33238,18705.3181,19517.12303
14/01/2024,17661.85167,18709.43267,19523.70861
15/01/2024,17658.69683,18715.60119,19531.42608
16/01/2024,17652.22498,18710.76274,19531.69198
17/01/2024,17667.047,18705.7289,19528.09024
18/01/2024,17662.29145,18712.21459,19539.47682
19/01/2024,17661.45846,18708.40808,19539.13461
20/01/2024,17679.68172,18706.48506,19530.7541
21/01/2024,17679.51268,18716.39174,19544.76247
22/01/2024,17684.44757,18716.36807,19545.08979
23/01/2024,17679.57322,18727.17317,19552.27834
24/01/2024,17689.92729,18729.23354,19554.88678
25/01/2024,17702.43908,18737.45393,19558.56434
26/01/2024,17693.64382,18746.34282,19565.23546
27/01/2024,17702.69497,18738.96097,19563.12324
28/01/2024,17695.4198,18748.3302,19571.79781
29/01/2024,17693.52845,18745.96274,19569.81752
30/01/2024,17699.6368,18744.65394,19570.65396
31/01/2024,17694.20402,18747.77723,19576.25127
01/02/2024,17696.60173,18746.4327,19570.68397
02/02/2024,17696.16734,18744.21696,19574.09082
03/02/2024,17689.85044,18743.77295,19571.59896
04/02/2024,17691.12805,18739.73607,19560.95532
05/02/2024,17705.26049,18742.66977,19561.21322
06/02/2024,17708.27153,18748.59508,19575.12212
07/02/2024,17690.30106,18752.91928,19577.88288
08/02/2024,17700.30205,18744.83818,19562.9351
09/02/2024,17713.06551,18752.28184,19575.4947
10/02/2024,17709.17406,18757.17622,19579.91571
11/02/2024,17717.17144,18757.64306,19578.04039
12/02/2024,17719.35217,18766.87356,19585.64417
13/02/2024,17737.30248,18767.20032,19586.2559
14/02/2024,17741.5161,18780.00482,19597.97358
15/02/2024,17739.2369,18781.80068,19604.82357
16/02/2024,17740.15503,18782.3479,19607.63227
17/02/2024,17738.38575,18788.64543,19606.8455
18/02/2024,17729.04255,18789.26626,19602.79526
19/02/2024,17728.84847,18786.54202,19599.67238
20/02/2024,17712.45555,18791.2424,19598.73474
21/02/2024,17695.94742,18783.32398,19583.22572
22/02/2024,17702.43717,18770.4907,19569.17716
23/02/2024,17709.17086,18770.51855,19570.96737
24/02/2024,17724.086,18775.46094,19577.13641
25/02/2024,17726.78909,18784.67198,19585.87972
26/02/2024,17727.99091,18787.54106,19595.44771
27/02/2024,17741.98304,18786.53014,19595.03706
28/02/2024,17760.15358,18792.43337,19609.92937
29/02/2024,17768.94966,18803.585,19626.21195
01/03/2024,17780.80899,18809.63936,19633.49841
02/03/2024,17785.26722,18824.75459,19642.08915
03/03/2024,17795.41204,18825.92079,19644.16468
04/03/2024,17796.10739,18828.95473,19648.0603
05/03/2024,17799.93613,18833.29502,19658.23874
06/03/2024,17803.06928,18840.54324,19661.58822
07/03/2024,17796.26399,18836.87543,19662.11436
08/03/2024,17798.90442,18831.78809,19659.36934
09/03/2024,17782.901,18834.18199,19662.84758
10/03/2024,17783.24391,18824.51641,19655.70625
11/03/2024,17790.90717,18830.40569,19660.76632
12/03/2024,17796.4824,18835.9099,19664.65539
13/03/2024,17805.97748,18840.64894,19668.18226
14/03/2024,17818.10501,18846.77737,19669.2335
15/03/2024,17814.65111,18855.47767,19676.78075
16/03/2024,17813.2088,18849.93419,19676.07062
17/03/2024,17820.26771,18843.68889,19673.09111
18/03/2024,17820.13686,18855.14764,19677.08826
19/03/2024,17817.93791,18853.81414,19681.84921
20/03/2024,17826.06124,18854.864,19679.7216
21/03/2024,17839.49543,18859.65196,19682.15215
22/03/2024,17836.53716,18870.89644,19693.99168
23/03/2024,17825.03103,18873.38106,19690.83531
24/03/2024,17822.72151,18867.17665,19682.34387
25/03/2024,17835.45141,18861.73735,19675.7858
26/03/2024,17843.02368,18865.30798,19683.53393
27/03/2024,17854.56952,18876.31209,19691.96672
28/03/2024,17853.8548,18883.7757,19698.8176
29/03/2024,17857.94792,18884.92728,19699.75555
30/03/2024,17859.09024,18889.56026,19701.92844
31/03/2024,17859.43576,18890.20666,19701.36565
01/04/2024,17864.87226,18884.8148,19700.33904
02/04/2024,17869.16443,18889.06085,19709.91473
03/04/2024,17875.67841,18892.45867,19714.05694
04/04/2024,17877.93363,18894.44758,19717.24759
05/04/2024,17868.12167,18897.77254,19714.37287
06/04/2024,17879.90274,18895.16768,19707.40467
07/04/2024,17880.05796,18902.15997,19712.122
08/04/2024,17873.76502,18898.12471,19714.14191
09/04/2024,17864.4065,18890.57768,19710.61184
10/04/2024,17864.03855,18885.00819,19708.73107
11/04/2024,17865.2274,18884.86445,19707.64816
12/04/2024,17892.97426,18881.74432,19707.98678
13/04/2024,17870.00007,18900.70895,19726.08365
14/04/2024,17855.06714,18885.04861,19708.61571
15/04/2024,17847.0082,18875.28943,19698.45006
16/04/2024,17862.19784,18870.8396,19689.10179
17/04/2024,17867.90302,18885.93195,19708.8217
18/04/2024,17876.41182,18887.47527,19706.86502
19/04/2024,17880.73571,18890.14893,19713.79559
20/04/2024,17886.38284,18897.66527,19713.50349
21/04/2024,17875.92004,18902.57035,19719.62001
22/04/2024,17861.67079,18897.3544,19713.35212
23/04/2024,17858.8008,18892.3947,19701.5787
24/04/2024,17854.72231,18895.92663,19702.05538
25/04/2024,17849.93605,18891.5305,19704.8333
26/04/2024,17857.54677,18882.55742,19703.20194
27/04/2024,17854.09692,18892.20134,19710.60032
28/04/2024,17852.82987,18885.06845,19712.48374
29/04/2024,17841.02096,18885.7899,19708.66013
30/04/2024,17839.21482,18880.67352,19700.82765
01/05/2024,17849.32489,18880.55187,19705.82106
02/05/2024,17841.80187,18888.45676,19713.54031
03/05/2024,17827.93212,18884.71536,19710.72165
04/05/2024,17823.77725,18874.50315,19697.92653
05/05/2024,17824.06101,18871.31519,19696.79122
06/05/2024,17800.06695,18868.76666,19697.74146
07/05/2024,17812.09909,18852.60229,19678.37434
08/05/2024,17817.584,18858.36027,19685.6409
09/05/2024,17818.42081,18862.13746,19688.58499
10/05/2024,17822.90631,18865.55104,19692.29724
11/05/2024,17823.79699,18869.00942,19691.35392
12/05/2024,17848.50354,18871.57228,19695.81526
13/05/2024,17846.09731,18886.93994,19711.46014
14/05/2024,17837.86044,18878.89188,19714.4484
15/05/2024,17836.46549,18869.35631,19711.78747
16/05/2024,17843.43188,18870.93675,19714.76328
17/05/2024,17843.89634,18876.13453,19716.97515
18/05/2024,17850.35832,18876.67634,19719.76019
19/05/2024,17844.31527,18883.48342,19724.0394
20/05/2024,17830.16875,18878.86642,19721.40219
21/05/2024,17846.90316,18865.73805,19715.3869
22/05/2024,17834.33072,18877.11447,19730.00941
23/05/2024,17837.15315,18870.82944,19720.76639
24/05/2024,17835.17346,18872.9743,19725.13779
25/05/2024,17808.68275,18871.36452,19722.15659
26/05/2024,17808.04115,18855.64343,19698.70397
27/05/2024,17817.06622,18857.46752,19695.18709
28/05/2024,17822.88623,18863.09477,19701.22929
29/05/2024,17832.67522,18865.19588,19703.30606
30/05/2024,17828.95721,18871.42878,19712.22454
31/05/2024,17833.36186,18868.46179,19709.22683
01/06/2024,17846.51311,18872.60181,19710.32989
02/06/2024,17842.25991,18878.41646,19716.2836
03/06/2024,17834.96209,18873.89555,19715.35699
04/06/2024,17826.14816,18867.80948,19712.892
05/06/2024,17835.26707,18865.841,19708.04297
06/06/2024,17842.92058,18875.51146,19718.17788
07/06/2024,17845.07015,18878.21106,19724.07704
08/06/2024,17852.09735,18882.99791,19732.64124
09/06/2024,17854.17225,18889.07598,19735.89919
10/06/2024,17837.29609,18887.92963,19737.03156
11/06/2024,17847.41257,18869.40863,19727.50754
12/06/2024,17843.33497,18880.19728,19734.00561
13/06/2024,17855.07089,18876.81501,19731.23678
14/06/2024,17851.87524,18882.53069,19742.11417
15/06/2024,17839.68038,18881.55342,19741.74876
16/06/2024,17813.0432,18868.10515,19733.04566
17/06/2024,17821.73425,18851.91596,19715.02722
18/06/2024,17829.13291,18858.10547,19718.00847
19/06/2024,17823.2845,18867.78513,19723.23423
20/06/2024,17826.39278,18868.75631,19716.05413
21/06/2024,17832.14578,18873.55829,19716.43081
22/06/2024,17838.01345,18877.50818,19723.97366
23/06/2024,17824.07238,18877.35566,19722.96988
24/06/2024,17814.20539,18867.27979,19715.77636
25/06/2024,17816.35743,18863.90662,19709.70805
26/06/2024,17836.26067,18869.08613,19713.97665
27/06/2024,17847.0986,18883.84479,19727.56235
28/06/2024,17862.82937,18892.63832,19737.89103
29/06/2024,17870.16915,18902.77284,19743.81284
30/06/2024,17866.84858,18910.99311,19745.24438
01/07/2024,17865.14627,18909.66267,19740.89737
02/07/2024,17864.635,18898.06818,19736.82684
03/07/2024,17872.01064,18896.67223,19738.07538
04/07/2024,17874.84727,18901.89004,19741.03016
05/07/2024,17873.65681,18904.81917,19746.76147
06/07/2024,17867.78276,18909.02671,19744.98692
07/07/2024,17878.05851,18903.55106,19739.24264
08/07/2024,17872.05632,18912.99512,19743.38872
09/07/2024,17875.70216,18907.4863,19737.97374
10/07/2024,17864.28764,18907.35227,19736.38992
11/07/2024,17854.54676,18898.71387,19725.01564
12/07/2024,17866.99219,18895.17697,19717.24163
13/07/2024,17868.1636,18909.57866,19726.66219
14/07/2024,17865.92713,18907.08455,19728.16395
15/07/2024,17858.66156,18908.07185,19730.00842
16/07/2024,17852.97092,18903.26256,19727.24864
17/07/2024,17848.31135,18903.56518,19722.76266
18/07/2024,17839.10581,18895.59617,19718.03907
19/07/2024,17843.81534,18887.47951,19713.35966
20/07/2024,17848.64208,18892.50216,19718.37063
21/07/2024,17860.43915,18897.11018,19719.21728
22/07/2024,17855.3574,18905.00284,19731.28013
23/07/2024,17845.47756,18904.16704,19731.45747
24/07/2024,17842.29873,18897.79941,19727.61716
25/07/2024,17843.19543,18891.11689,19726.16401
26/07/2024,17845.46405,18893.16146,19729.31025
27/07/2024,17859.63907,18892.56316,19729.99928
28/07/2024,17855.26388,18905.08588,19738.50636
29/07/2024,17840.64834,18905.53611,19739.12529
30/07/2024,17850.15943,18892.40266,19733.6223
31/07/2024,17863.87717,18900.27154,19737.57671
01/08/2024,17871.10814,18910.40721,19747.03167
02/08/2024,17872.87513,18920.4102,19752.61637
03/08/2024,17877.47791,18917.48574,19754.7605
04/08/2024,17871.97212,18926.43713,19757.77518
05/08/2024,17867.23815,18922.33416,19753.97739
06/08/2024,17868.84335,18923.81815,19757.80683
07/08/2024,17863.09072,18921.17668,19758.36149
08/08/2024,17857.9856,18916.23352,19756.08192
09/08/2024,17865.11164,18912.9381,19749.72974
10/08/2024,17852.23288,18918.01594,19755.42738
11/08/2024,17857.51595,18909.43257,19745.81086
12/08/2024,17857.90732,18906.20302,19748.30098
13/08/2024,17853.91504,18907.62241,19749.11884
14/08/2024,17849.55013,18905.68561,19749.48406
15/08/2024,17855.23861,18902.33319,19747.36901
16/08/2024,17849.55735,18904.79285,19746.34857
17/08/2024,17847.33946,18898.94196,19745.62785
18/08/2024,17847.59398,18894.21682,19744.35365
19/08/2024,17853.96533,18900.09352,19744.08596
20/08/2024,17861.88938,18904.14367,19747.88613
21/08/2024,17861.58689,18910.48998,19750.99753
22/08/2024,17855.71474,18908.7661,19748.52493
23/08/2024,17847.6463,18908.56063,19750.38338
24/08/2024,17852.40847,18898.73754,19742.89584
25/08/2024,17865.0438,18901.12168,19757.218
26/08/2024,17846.97923,18906.52046,19766.24676
27/08/2024,17842.79105,18897.26746,19751.23591
28/08/2024,17840.52203,18897.47692,19747.27736
29/08/2024,17832.54234,18896.95128,19745.36562
30/08/2024,17852.24441,18891.31889,19745.33481
31/08/2024,17834.35734,18898.74914,19760.75823
01/09/2024,17839.31686,18889.87392,19751.54657
02/09/2024,17840.1493,18892.19806,19752.647
03/09/2024,17846.12249,18888.80388,19753.14463
04/09/2024,17836.22612,18893.34647,19755.8346
05/09/2024,17846.0181,18884.71088,19748.01912
06/09/2024,17849.18023,18891.77952,19749.32785
07/09/2024,17854.75676,18898.49273,19751.7627
08/09/2024,17842.77361,18902.7086,19755.55836
09/09/2024,17836.54498,18895.02711,19749.06193
10/09/2024,17850.78324,18890.84238,19745.59525
11/09/2024,17846.29687,18905.34425,19756.85729
12/09/2024,17862.66988,18904.51833,19756.27254
13/09/2024,17871.01024,18918.8739,19771.6231
14/09/2024,17859.65282,18920.3927,19778.33986
15/09/2024,17868.93744,18911.85578,19772.12106
16/09/2024,17873.62473,18917.30607,19775.4904
17/09/2024,17865.66506,18918.63675,19781.67411
18/09/2024,17873.76685,18918.1294,19775.95258
19/09/2024,17882.46501,18924.21005,19780.34855
20/09/2024,17873.39637,18935.21002,19785.45318
21/09/2024,17877.52468,18929.55215,19778.18148
22/09/2024,17875.26696,18931.97658,19780.43914
23/09/2024,17872.19261,18926.62941,19776.10971
24/09/2024,17862.42398,18921.37778,19771.50928
25/09/2024,17867.58631,18915.65267,19768.73592
26/09/2024,17868.89199,18924.40933,19774.82828
27/09/2024,17870.80583,18925.27357,19773.06123
28/09/2024,17874.10765,18927.207,19776.61951
29/09/2024,17878.4531,18932.78743,19781.35682
30/09/2024,17872.91284,18935.22394,19783.11804
01/10/2024,17878.96942,18927.14432,19778.049
02/10/2024,17892.56648,18935.43941,19786.96063
03/10/2024,17885.29593,18946.33954,19794.82387
04/10/2024,17883.9644,18938.4265,19788.98001
05/10/2024,17883.57272,18937.36037,19783.08621
06/10/2024,17892.04129,18943.75469,19787.46543
07/10/2024,17896.21431,18952.57305,19793.75442
08/10/2024,17882.03013,18955.84839,19803.62272
09/10/2024,17900.58121,18946.23263,19799.08838
10/10/2024,17899.18432,18958.98446,19809.06421
11/10/2024,17898.26055,18953.28593,19809.0482
12/10/2024,17910.27882,18950.20234,19809.29184
13/10/2024,17910.09195,18955.22176,19819.63665
14/10/2024,17892.85844,18954.12063,19815.62722
15/10/2024,17907.70618,18941.07129,19804.50524
16/10/2024,17902.43693,18954.00606,19817.78747
17/10/2024,17909.35308,18949.97857,19811.92182
18/10/2024,17911.14545,18955.93486,19814.1237
19/10/2024,17902.33004,18957.59199,19816.05238
20/10/2024,17916.20838,18950.62745,19810.84515
21/10/2024,17915.73332,18964.92795,19820.47495
22/10/2024,17920.29671,18967.67795,19824.97268
23/10/2024,17917.97813,18968.83512,19829.64311
24/10/2024,17915.00498,18968.24172,19817.8986
25/10/2024,17916.88648,18966.70056,19814.58333
26/10/2024,17921.62273,18967.43461,19814.98619
27/10/2024,17929.69785,18972.0483,19814.77787
28/10/2024,17929.60442,18974.58889,19820.65395
29/10/2024,17924.39965,18973.83204,19819.21067
30/10/2024,17933.85364,18969.06597,19816.9717
31/10/2024,17941.5167,18973.99161,19822.4485
01/11/2024,17950.28041,18977.18395,19828.54426
02/11/2024,17965.1606,18985.4359,19834.6555
03/11/2024,17972.78729,18995.61887,19843.30024
04/11/2024,17953.81677,18999.36593,19848.0904
05/11/2024,17966.33669,18990.38837,19833.45161
06/11/2024,17974.7702,18999.50999,19838.01888
07/11/2024,17975.29974,19009.16959,19848.96035
08/11/2024,17983.68859,19011.51595,19850.19454
09/11/2024,17995.92486,19015.44288,19850.52247
10/11/2024,17992.56742,19025.25909,19861.07657
11/11/2024,18005.67339,19018.58953,19856.55627
12/11/2024,17994.61687,19027.1156,19862.22447
13/11/2024,18002.60216,19016.93053,19852.19911
14/11/2024,18013.71041,19024.89682,19855.2235
15/11/2024,18009.37119,19032.43513,19860.74873
16/11/2024,18011.14514,19033.75177,19857.34653
17/11/2024,18022.58375,19036.74789,19858.42799
18/11/2024,18022.18306,19049.3328,19864.8493
19/11/2024,18019.3376,19050.29242,19865.89063
20/11/2024,18025.23073,19052.8927,19863.13325
21/11/2024,18021.36595,19058.81895,19874.79924
22/11/2024,18018.18296,19052.74218,19877.1053
23/11/2024,18018.11975,19051.08881,19875.99525
24/11/2024,18023.46658,19047.96654,19870.14125
25/11/2024,18017.03944,19050.36599,19872.66088
26/11/2024,18004.94318,19050.34207,19863.98235
27/11/2024,17999.26128,19042.14955,19856.01723
28/11/2024,17994.77039,19037.99194,19852.93316
29/11/2024,18004.64049,19030.44419,19852.61586
30/11/2024,18004.33293,19032.61399,19861.71315
01/12/2024,17997.00744,19032.6889,19859.0454
02/12/2024,17998.18091,19023.84195,19858.02105
03/12/2024,17994.40086,19027.51127,19859.99996
04/12/2024,17997.65108,19021.38806,19855.3626
05/12/2024,17999.11347,19017.48041,19857.3877
06/12/2024,17983.57478,19018.73374,19863.37562
07/12/2024,17982.86488,19006.85861,19853.88353
08/12/2024,17993.0957,19013.4119,19857.05039
09/12/2024,17989.51475,19018.87111,19865.98066
10/12/2024,17992.41015,19021.3861,19865.54246
11/12/2024,17994.69683,19023.25778,19868.7455
12/12/2024,17998.45234,19027.32278,19866.97137
13/12/2024,17976.65997,19031.30381,19866.95713
14/12/2024,17985.46826,19022.82873,19857.20087
15/12/2024,17987.3153,19027.46923,19865.41031
16/12/2024,17982.28766,19022.12683,19865.62324
17/12/2024,17989.64847,19021.90686,19861.16898
18/12/2024,17992.77634,19026.42504,19867.59843
19/12/2024,17993.7644,19030.32326,19869.34298
20/12/2024,18011.05853,19028.37867,19867.1504
21/12/2024,18016.3085,19041.68537,19878.32874
22/12/2024,18016.27127,19046.10303,19880.3471
23/12/2024,18003.36668,19047.07955,19878.85162
24/12/2024,18001.71846,19038.70042,19868.08025
25/12/2024,18011.15654,19039.16552,19866.1668
26/12/2024,18013.84276,19046.0353,19872.78741
27/12/2024,18013.03494,19048.32897,19876.0028
28/12/2024,18016.33549,19048.50616,19878.19356
29/12/2024,18024.7472,19052.60985,19879.82589
30/12/2024,18022.66056,19058.12099,19886.10877
31/12/2024,18027.50758,19062.03627,19885.49326
01/01/2025,18021.66504,19066.40828,19885.09585
02/01/2025,18022.16175,19061.5583,19883.94509
03/01/2025,18022.28526,19064.52681,19887.28687
04/01/2025,18012.82842,19067.55128,19892.11473
05/01/2025,18014.79241,19061.48557,19885.81954
06/01/2025,18005.56537,19066.25705,19890.28982
07/01/2025,18014.72725,19059.24261,19880.57247
08/01/2025,18014.87199,19058.48561,19883.36771
09/01/2025,18015.4881,19063.15487,19884.85654
10/01/2025,18009.89992,19059.7583,19885.87433
11/01/2025,17999.12133,19054.14912,19879.50467
12/01/2025,18010.09136,19048.2996,19870.49906
13/01/2025,17999.45763,19055.23839,19881.52637
14/01/2025,18007.5753,19053.04996,19875.42488
15/01/2025,18005.46038,19058.08068,19880.2998
16/01/2025,18003.36283,19059.44142,19878.59991
17/01/2025,18001.89812,19056.94398,19882.1211
18/01/2025,18001.18929,19057.63314,19879.73507
19/01/2025,17991.63731,19057.0527,19877.71628
20/01/2025,17999.75089,19048.73277,19875.81078
21/01/2025,18001.04537,19051.96398,19877.254
22/01/2025,17994.61236,19056.36609,19878.25903
23/01/2025,18008.73007,19054.21436,19875.8225
24/01/2025,17999.99742,19062.33798,19886.59963
25/01/2025,17995.6273,19057.14521,19879.60135
26/01/2025,17998.38319,19057.5671,19875.41507
27/01/2025,17998.56207,19059.1968,19879.46574
28/01/2025,18009.52213,19057.21313,19875.16286
29/01/2025,17989.28805,19060.59204,19878.29285
30/01/2025,17972.61414,19044.43491,19869.51386
31/01/2025,17961.31631,19032.28715,19859.60726
01/02/2025,17970.82131,19024.98384,19850.2043
02/02/2025,17958.04789,19029.11066,19859.94951
03/02/2025,17940.13411,19020.03543,19852.97966
04/02/2025,17952.11504,19004.5495,19842.68283
05/02/2025,17967.25441,19013.57173,19850.81313
06/02/2025,17951.94156,19024.70307,19857.99037
07/02/2025,17957.40558,19011.29216,19849.53853
08/02/2025,17962.5948,19015.75656,19844.87391
09/02/2025,17970.1454,19019.43004,19840.37548
10/02/2025,17963.63267,19027.72644,19844.42715
11/02/2025,17961.52458,19023.25536,19846.7066
12/02/2025,17962.91775,19018.03848,19842.48965
13/02/2025,17954.353,19018.69221,19844.39988
14/02/2025,17948.59414,19018.10385,19845.78654
15/02/2025,17959.0721,19018.0676,19842.40439
16/02/2025,17963.73398,19027.94597,19854.00472
17/02/2025,17951.90229,19030.84712,19856.69403
18/02/2025,17938.76095,19027.36199,19845.00549
19/02/2025,17948.3728,19022.10516,19839.35627
20/02/2025,17956.23768,19021.68606,19852.54859
21/02/2025,17952.01211,19031.21129,19862.0612
22/02/2025,17957.08826,19032.79074,19856.5756
23/02/2025,17957.92468,19035.77525,19855.78304
24/02/2025,17966.51798,19040.19524,19859.16575
25/02/2025,17978.04053,19048.75511,19867.85491
26/02/2025,17972.26962,19055.12417,19880.50328
27/02/2025,17967.50956,19048.42655,19875.6351
28/02/2025,17957.91761,19042.11762,19866.13726
01/03/2025,17965.76195,19040.28369,19861.41373
02/03/2025,17962.6817,19040.33692,19872.14515
03/03/2025,17973.40603,19036.15992,19870.14974
04/03/2025,17962.63231,19041.81145,19873.23614
05/03/2025,17977.63708,19037.84001,19864.71732
06/03/2025,17992.02205,19048.5467,19874.48366
07/03/2025,17985.7063,19056.80665,19883.66471
08/03/2025,17993.49527,19051.32046,19877.09831
09/03/2025,17987.75234,19058.90662,19881.58847
10/03/2025,18004.03181,19054.63349,19878.7581
11/03/2025,18004.20368,19063.51475,19890.87962
12/03/2025,17988.13485,19065.54567,19889.78316
13/03/2025,17980.09953,19057.22047,19877.59515
14/03/2025,17967.62826,19057.29638,19878.98015
15/03/2025,17965.6735,19045.48536,19869.63886
16/03/2025,17971.40417,19044.34114,19871.1877
17/03/2025,17969.09351,19046.46513,19875.60486
18/03/2025,17966.35022,19042.97703,19870.73296
19/03/2025,17950.71505,19043.89533,19862.91333
20/03/2025,17933.0837,19030.43742,19856.60514
21/03/2025,17926.37572,19021.85647,19844.69053
22/03/2025,17926.41634,19019.37509,19840.41628
23/03/2025,17922.71459,19020.35378,19838.70452
24/03/2025,17921.32187,19013.40608,19836.24285
25/03/2025,17913.3228,19013.68062,19835.08688
26/03/2025,17899.27948,19008.33793,19832.43502
27/03/2025,17895.8543,19003.07159,19824.87177
28/03/2025,17878.57997,19000.02869,19822.69668
29/03/2025,17878.84478,18988.94981,19813.13314
30/03/2025,17873.22188,18991.50493,19814.54521
31/03/2025,17880.21708,18991.40207,19814.19019
01/04/2025,17879.86719,18992.58411,19819.93213
02/04/2025,17883.20138,18993.65908,19817.37911
03/04/2025,17894.0489,18995.74609,19816.77158
04/04/2025,17873.30623,19002.30225,19827.44806
05/04/2025,17871.99144,18988.12406,19813.82715
06/04/2025,17889.86884,18990.65354,19815.1604
07/04/2025,17890.71424,19001.05673,19828.12146
08/04/2025,17900.834,18999.2456,19827.63034
09/04/2025,17895.74008,19006.76261,19840.51696
10/04/2025,17898.33987,19005.7139,19837.13832
11/04/2025,17902.58608,19015.59762,19841.59952
12/04/2025,17912.6198,19015.07819,19844.72422
13/04/2025,17904.79089,19022.12899,19852.3472
14/04/2025,17898.1247,19019.73901,19844.69476
15/04/2025,17914.03441,19016.90172,19841.65786
16/04/2025,17920.78476,19033.11798,19854.08203
17/04/2025,17901.07032,19034.61887,19856.60369
18/04/2025,17905.08665,19021.94207,19840.58553
19/04/2025,17893.57595,19026.00611,19844.45266
20/04/2025,17895.91238,19015.85088,19837.71775
21/04/2025,17910.10244,19023.5337,19838.56562
22/04/2025,17920.28896,19030.56187,19850.71806
23/04/2025,17909.14881,19038.43927,19860.08475
24/04/2025,17901.23358,19031.69724,19854.63391
25/04/2025,17896.21655,19028.64951,19849.78592
26/04/2025,17891.05944,19029.76586,19848.13557
27/04/2025,17884.22802,19023.20188,19845.30358
28/04/2025,17880.03178,19020.86759,19841.46463
29/04/2025,17864.58257,19014.68762,19834.06758
30/04/2025,17867.72393,19003.61674,19823.11769
01/05/2025,17872.09576,19008.1941,19827.48515
02/05/2025,17875.15695,19014.53578,19827.32158
03/05/2025,17875.41316,19011.22315,19825.30565
04/05/2025,17866.68115,19008.31883,19821.36707
05/05/2025,17858.6043,19001.38509,19818.06437
06/05/2025,17853.0259,18992.3582,19815.39434
07/05/2025,17834.0806,18988.01193,19813.83623
08/05/2025,17826.46663,18980.12608,19803.19851
09/05/2025,17826.44911,18978.0049,19800.88077
10/05/2025,17812.82573,18980.20929,19799.80491
11/05/2025,17809.3921,18976.2559,19792.22043
12/05/2025,17815.96177,18971.23476,19797.21853
13/05/2025,17814.53298,18971.07778,19800.00415
14/05/2025,17817.81028,18968.73868,19798.75205
15/05/2025,17815.94077,18972.08235,19803.63683
16/05/2025,17819.80519,18974.69364,19800.48559
17/05/2025,17827.45916,18972.28213,19800.52664
18/05/2025,17809.9263,18978.6971,19800.14609
19/05/2025,17815.72644,18969.88445,19792.68316
20/05/2025,17822.02655,18975.52078,19797.57608
21/05/2025,17828.5561,18981.89465,19802.0303
22/05/2025,17835.37614,18987.5205,19807.04467
23/05/2025,17846.59546,18996.36792,19814.22104
24/05/2025,17846.84205,18998.58974,19824.81397
25/05/2025,17863.78645,18991.44365,19830.75707
26/05/2025,17862.81982,19004.5234,19845.25136
27/05/2025,17863.36085,19000.93662,19851.48619
28/05/2025,17851.72167,19005.66924,19851.10181
29/05/2025,17848.61456,18998.01305,19845.16385
30/05/2025,17861.76282,18997.59363,19841.12585
31/05/2025,17858.77669,19004.15017,19844.50144
01/06/2025,17863.91022,19002.29085,19847.74849
02/06/2025,17871.22918,19007.41721,19854.17027
03/06/2025,17843.39904,19014.19187,19858.59421
04/06/2025,17837.41368,19000.15038,19842.98524
05/06/2025,17842.39286,18996.12013,19839.16079
06/06/2025,17832.17347,18999.91058,19842.13054
07/06/2025,17832.76869,18993.26149,19835.43714
08/06/2025,17843.7676,18996.56542,19836.37292
09/06/2025,17843.83604,19004.75103,19838.88967
10/06/2025,17841.22412,19007.0235,19837.11559
11/06/2025,17844.5643,19008.85097,19833.21636
12/06/2025,17855.55591,19010.90885,19834.10841
13/06/2025,17860.56398,19014.33692,19843.85549
14/06/2025,17873.10006,19018.93906,19849.30855
15/06/2025,17894.13587,19023.05412,19855.12164
16/06/2025,17885.18808,19037.14986,19868.67156
17/06/2025,17879.61053,19036.69581,19860.12898
18/06/2025,17887.67982,19029.29571,19859.41464
19/06/2025,17876.77964,19033.08933,19870.14528
20/06/2025,17860.05048,19023.50845,19860.90742
21/06/2025,17874.45419,19011.61963,19851.30606
22/06/2025,17870.28946,19019.61927,19865.07449
23/06/2025,17883.19683,19012.74149,19858.55184
24/06/2025,17879.90983,19020.70507,19867.99379
25/06/2025,17891.27777,19021.98192,19867.52922
26/06/2025,17900.58227,19030.3897,19873.55768
27/06/2025,17887.30015,19036.1368,19881.31007
28/06/2025,17897.51133,19028.34133,19873.77559
29/06/2025,17895.07566,19033.65533,19883.57196
30/06/2025,17895.45742,19031.3016,19876.42778
01/07/2025,17886.26562,19035.49136,19873.73155
02/07/2025,17854.90464,19025.89821,19864.72677
03/07/2025,17857.58119,19006.78593,19847.68388
04/07/2025,17838.24531,19007.67034,19848.24386
05/07/2025,17848.00663,18990.79446,19832.44136
06/07/2025,17852.1875,18998.62647,19836.38434
07/07/2025,17850.35419,19000.10708,19836.13898
08/07/2025,17848.13554,19001.81736,19832.85688
09/07/2025,17849.81776,19004.62752,19831.12158
10/07/2025,17847.81952,19010.51892,19830.56759
11/07/2025,17840.17366,19006.76058,19829.95648
12/07/2025,17845.8281,19001.69441,19829.50061
13/07/2025,17849.3677,19005.61492,19831.13805
14/07/2025,17856.42834,19009.04848,19831.03206
15/07/2025,17856.26582,19015.3955,19836.07488
16/07/2025,17858.62582,19018.74146,19838.40949
17/07/2025,17846.34369,19014.67505,19840.4277
18/07/2025,17845.50109,19009.33856,19833.47585
19/07/2025,17849.67122,19010.87563,19833.24721
20/07/2025,17858.12617,19015.25334,19834.53152
21/07/2025,17860.17125,19018.89007,19842.08469
22/07/2025,17860.73078,19017.75605,19849.2403
23/07/2025,17846.37178,19017.29314,19849.44425
24/07/2025,17842.63096,19015.39622,19838.62393
25/07/2025,17851.77849,19014.48274,19837.98894
26/07/2025,17838.98116,19021.74545,19841.90157
27/07/2025,17842.65589,19018.22437,19830.41376
28/07/2025,17839.46978,19018.36899,19833.53815
29/07/2025,17833.98954,19016.52466,19825.5203
30/07/2025,17834.95618,19013.12356,19823.11641
31/07/2025,17819.81604,19015.30792,19825.45363
01/08/2025,17829.50723,19009.32164,19814.36699
02/08/2025,17843.87133,19015.13844,19821.65198
03/08/2025,17847.68041,19028.4587,19834.63184
04/08/2025,17827.14121,19036.29335,19833.65666
05/08/2025,17839.70477,19022.62174,19817.37047
06/08/2025,17841.86203,19031.96005,19826.33818
07/08/2025,17837.8331,19027.94353,19827.42769
08/08/2025,17842.63167,19023.27155,19823.10955
09/08/2025,17836.389,19028.36598,19825.52591
10/08/2025,17830.07203,19024.64138,19818.98043
11/08/2025,17826.79907,19018.67483,19812.96312
12/08/2025,17819.65212,19015.57702,19817.25746
13/08/2025,17811.01078,19011.11396,19816.41431
14/08/2025,17805.96931,19005.14328,19809.65788
15/08/2025,17814.34767,19001.83817,19803.71801
16/08/2025,17802.79941,19003.88838,19805.95884
17/08/2025,17790.32868,18994.35462,19798.64222
18/08/2025,17807.66015,18982.65295,19789.10095
19/08/2025,17806.10348,18997.01577,19801.84251
20/08/2025,17798.65757,18995.64939,19793.7849
21/08/2025,17798.86882,18986.77942,19787.23896
22/08/2025,17794.40415,18986.20488,19790.32973
23/08/2025,17804.97511,18979.3102,19793.76275
24/08/2025,17799.90793,18987.71184,19805.87733
25/08/2025,17791.32148,18982.31017,19802.96692
26/08/2025,17792.54648,18978.32395,19793.38087
27/08/2025,17802.23622,18984.1815,19796.90762
28/08/2025,17807.53072,18989.02744,19799.20004
29/08/2025,17818.66446,18997.0763,19802.99801
30/08/2025,17829.74957,18998.31345,19807.77673
31/08/2025,17813.74394,19004.47105,19818.44503
01/09/2025,17803.22559,18995.75807,19801.69953
02/09/2025,17797.47415,18988.83825,19789.69896
03/09/2025,17816.53121,18982.15585,19789.52216
04/09/2025,17821.16688,18995.03922,19805.37072
05/09/2025,17806.31431,18995.79134,19804.84551
06/09/2025,17797.87443,18987.05375,19793.62578
07/09/2025,17809.57655,18982.48219,19789.33562
08/09/2025,17819.67996,18988.2021,19798.106
09/09/2025,17825.68082,18996.68317,19802.92846
10/09/2025,17828.88046,18999.37992,19804.13941
11/09/2025,17817.88014,19001.67945,19808.21883
12/09/2025,17821.34452,18996.0631,19804.20675
13/09/2025,17817.07797,19003.45041,19807.49815
14/09/2025,17821.0051,18998.76969,19803.09885
15/09/2025,17821.16415,19004.97006,19810.2624
16/09/2025,17820.54043,19002.40766,19811.12289
17/09/2025,17828.77466,19004.04447,19811.31221
18/09/2025,17835.29348,19009.99736,19819.49162
19/09/2025,17820.71177,19018.63551,19825.50888
20/09/2025,17821.13223,19010.65469,19812.61691
21/09/2025,17803.41922,19012.19547,19809.26005
22/09/2025,17793.52507,19003.65868,19795.9364
23/09/2025,17782.76992,18993.40961,19790.90742
24/09/2025,17778.52201,18988.1239,19786.4655
25/09/2025,17771.10602,18985.25255,19782.85641
26/09/2025,17775.18712,18982.38266,19782.12704
27/09/2025,17780.53696,18984.3992,19788.5175
28/09/2025,17779.41743,18992.66529,19791.56002
29/09/2025,17789.91203,18996.13715,19785.11625
30/09/2025,17785.74981,19006.43449,19795.15691
01/10/2025,17794.16011,19000.92281,19791.957
02/10/2025,17801.22665,19009.59769,19800.7884
03/10/2025,17800.48738,19012.43041,19807.99139
04/10/2025,17794.52104,19012.67413,19808.10268
05/10/2025,17794.60636,19015.10998,19801.09827
06/10/2025,17799.13448,19010.28673,19801.42726
07/10/2025,17801.20094,19011.98064,19808.65351
08/10/2025,17805.70034,19012.5945,19805.45648
09/10/2025,17800.07199,19015.88259,19807.31688
10/10/2025,17805.23148,19013.6863,19802.0417
11/10/2025,17799.86124,19017.73587,19807.14201
12/10/2025,17799.30883,19009.61415,19805.19941
13/10/2025,17787.51857,19011.35552,19800.39978
14/10/2025,17789.5042,19004.65799,19792.69067
15/10/2025,17798.28945,19008.68297,19795.73474
16/10/2025,17808.08663,19011.01891,19803.44106
17/10/2025,17797.16676,19018.004,19811.59315
18/10/2025,17783.83295,19009.18156,19800.33835
19/10/2025,17773.95503,18999.33022,19792.16104
20/10/2025,17778.91539,18992.54632,19782.49685
21/10/2025,17766.73295,18995.37987,19781.73705
22/10/2025,17746.04402,18989.24799,19770.26876
23/10/2025,17751.19403,18976.81193,19758.34139
24/10/2025,17740.19599,18980.82441,19764.0771
25/10/2025,17734.96312,18975.1786,19755.41226
26/10/2025,17745.86207,18973.12229,19748.01246
27/10/2025,17741.52889,18983.98542,19755.20885
28/10/2025,17740.6685,18981.03963,19750.15476
29/10/2025,17741.18431,18976.23869,19747.78958
30/10/2025,17725.0824,18977.05635,19747.81651
31/10/2025,17712.68468,18970.10359,19737.17931
01/11/2025,17723.16137,18965.45823,19725.43572
02/11/2025,17727.61765,18969.12985,19736.77001
03/11/2025,17719.80409,18972.37939,19740.41375
04/11/2025,17706.29697,18967.42514,19737.28657
05/11/2025,17703.23414,18956.68515,19730.72916
06/11/2025,17688.50638,18954.64916,19724.61175
07/11/2025,17688.40545,18947.10905,19714.15992
08/11/2025,17694.00834,18942.06361,19713.44413
09/11/2025,17682.29033,18945.2311,19716.53465
10/11/2025,17687.97619,18936.86226,19708.18878
11/11/2025,17680.84073,18936.7959,19713.48114
12/11/2025,17677.23088,18930.59813,19709.94044
13/11/2025,17668.30856,18928.66736,19709.06921
14/11/2025,17674.59737,18920.44111,19704.5762
15/11/2025,17678.2104,18931.01339,19703.94699
16/11/2025,17680.11824,18928.7779,19709.45657
17/11/2025,17682.2803,18925.23744,19712.86508
18/11/2025,17681.57165,18931.92032,19713.75485
19/11/2025,17680.96473,18932.48901,19713.45004
20/11/2025,17660.57447,18932.37414,19709.50988
21/11/2025,17655.80306,18921.67164,19691.06608
22/11/2025,17651.10137,18917.78283,19689.57757
23/11/2025,17651.75893,18909.04261,19686.64544
24/11/2025,17657.9767,18915.30747,19687.73787
25/11/2025,17657.11888,18921.82356,19693.12968
26/11/2025,17662.99393,18927.40495,19691.95262
27/11/2025,17666.52793,18925.65623,19698.84904
28/11/2025,17670.9985,18929.99078,19701.82894
29/11/2025,17679.99884,18935.05169,19705.2752
30/11/2025,17666.12983,18945.10128,19707.20563
01/12/2025,17665.06223,18936.88426,19698.48692
02/12/2025,17663.42176,18937.12485,19696.20156
03/12/2025,17678.62805,18937.72198,19695.89652
04/12/2025,17681.67118,18947.91029,19708.6183
05/12/2025,17683.2955,18951.28746,19707.73924
06/12/2025,17683.88706,18951.11615,19704.44676
07/12/2025,17693.34751,18949.96324,19704.51532
08/12/2025,17704.82852,18955.3079,19711.72844
09/12/2025,17706.24413,18960.06774,19719.68557
10/12/2025,17705.86546,18954.11073,19723.79533
11/12/2025,17687.62039,18951.6953,19726.99544
12/12/2025,17687.96067,18931.7296,19712.29577
13/12/2025,17676.44411,18933.03526,19711.48551
14/12/2025,17687.54481,18924.37976,19703.08669
15/12/2025,17677.23426,18931.53209,19704.59194
16/12/2025,17669.16764,18926.38179,19698.56603
17/12/2025,17677.43415,18921.25385,19694.27805
18/12/2025,17679.90193,18925.55015,19699.52658
19/12/2025,17693.45099,18924.20574,19703.87441
20/12/2025,17689.9672,18935.15268,19716.06522
21/12/2025,17685.13743,18932.31042,19712.28565
22/12/2025,17698.67425,18925.46312,19708.9248
23/12/2025,17700.28674,18938.16907,19713.30166
24/12/2025,17693.74961,18941.47568,19715.97257
25/12/2025,17687.92746,18937.88853,19711.41636
26/12/2025,17692.10684,18934.87931,19705.2389
27/12/2025,17694.33202,18934.48328,19708.31741
28/12/2025,17690.67697,18933.06042,19714.11319
29/12/2025,17688.80203,18934.2615,19711.61619
30/12/2025,17679.65758,18930.20839,19714.59824
31/12/2025,17699.60808,18922.00613,19710.16833
01/01/2026,17708.67183,18936.29889,19723.25807
02/01/2026,17701.97287,18944.60195,19729.98987
03/01/2026,17723.56715,18944.26179,19728.47872
04/01/2026,17707.69482,18956.22733,19739.62243
05/01/2026,17703.81361,18946.43717,19726.09567
06/01/2026,17731.64718,18942.85543,19721.73105
07/01/2026,17744.62782,18961.25671,19741.23682
08/01/2026,17754.25065,18970.17699,19752.58129
09/01/2026,17769.19904,18976.27419,19759.5871
10/01/2026,17767.68547,18982.24738,19777.25789
11/01/2026,17762.28294,18982.66932,19775.79465
12/01/2026,17753.71026,18978.0896,19774.15262
13/01/2026,17766.79472,18972.75625,19764.17992
14/01/2026,17764.14688,18979.22436,19775.4976
15/01/2026,17780.03212,18979.17577,19770.08558
16/01/2026,17786.60133,18989.54549,19783.32521
17/01/2026,17784.99539,18991.88259,19785.98404
18/01/2026,17796.16886,18989.34179,19785.53348
19/01/2026,17795.84275,18998.08882,19793.34765
20/01/2026,17800.84323,18999.48648,19794.20395
21/01/2026,17810.67394,19001.87397,19797.87862
22/01/2026,17812.77471,19006.12079,19804.92236
23/01/2026,17814.91077,19012.66769,19808.0724
24/01/2026,17813.70215,19011.85324,19809.18103
25/01/2026,17814.2808,19006.57157,19807.43965
26/01/2026,17831.15802,19006.62211,19808.30081
27/01/2026,17826.59089,19014.50116,19817.67002
28/01/2026,17837.91785,19009.52438,19814.8228
29/01/2026,17849.23489,19021.15393,19822.86791
30/01/2026,17848.19197,19028.27872,19831.08971
31/01/2026,17860.10114,19028.97898,19829.01871
01/02/2026,17879.52178,19036.64697,19835.87057
02/02/2026,17888.04708,19049.02544,19847.77527
03/02/2026,17900.22591,19049.3946,19853.17553
04/02/2026,17908.89997,19060.38247,19864.07038
05/02/2026,17906.75394,19065.24684,19873.35823
06/02/2026,17924.16831,19062.88449,19873.15592
07/02/2026,17930.88633,19070.67541,19885.01197
08/02/2026,17927.86715,19073.26932,19884.2629
09/02/2026,17923.7104,19065.75423,19886.31982
10/02/2026,17919.29698,19060.7004,19883.74448
11/02/2026,17916.07818,19060.42564,19878.93256
12/02/2026,17913.75859,19056.72559,19880.8919
13/02/2026,17903.84998,19053.39867,19877.7878
14/02/2026,17922.32415,19045.71086,19870.18012
15/02/2026,17940.61131,19060.46703,19880.53008
16/02/2026,17961.39867,19079.2374,19893.31693
17/02/2026,17965.02981,19088.92999,19906.83403
18/02/2026,17988.73469,19090.40865,19907.43681
19/02/2026,17994.03425,19105.83069,19917.32937
20/02/2026,17989.3597,19104.06868,19924.23254
21/02/2026,17984.5698,19103.93358,19919.65672
22/02/2026,17993.04159,19098.77841,19917.37495
23/02/2026,17995.39398,19104.05541,19918.57033
24/02/2026,17991.82225,19109.85023,19919.19423
25/02/2026,17984.71075,19107.90135,19913.40649
26/02/2026,17990.05126,19104.05902,19905.27104
27/02/2026,17982.84357,19108.83244,19903.1296
28/02/2026,17994.35507,19105.29977,19896.79797
01/03/2026,17987.06036,19109.7841,19900.41517
02/03/2026,17982.69574,19107.91567,19894.30189
03/03/2026,17991.37671,19105.08902,19896.83443
04/03/2026,17983.20243,19106.42851,19901.79371
05/03/2026,17985.34686,19092.90366,19897.11554
06/03/2026,18000.49523,19092.42999,19898.72347
07/03/2026,17985.59817,19102.63922,19906.84408
08/03/2026,17994.54885,19093.84752,19893.73923
09/03/2026,17979.16456,19098.05769,19901.19212
10/03/2026,17976.37317,19086.58805,19898.01633
11/03/2026,17990.52565,19085.50856,19896.63892
12/03/2026,17983.72504,19096.03358,19901.95432
13/03/2026,17991.80111,19091.1897,19895.39124
14/03/2026,17991.64813,19094.80695,19900.88319
15/03/2026,17995.69204,19094.21512,19905.37672
16/03/2026,17990.23674,19096.68217,19908.23589
17/03/2026,18005.1116,19092.47289,19904.03111
18/03/2026,18005.67256,19100.5508,19917.82415
19/03/2026,17998.9194,19102.28989,19918.29697
20/03/2026,18011.05529,19098.99949,19915.36008
21/03/2026,18020.18339,19107.18356,19915.30896
22/03/2026,18024.84802,19113.53738,19918.84415
23/03/2026,18020.07384,19114.96784,19923.13177
24/03/2026,18026.26151,19111.67237,19922.24753
25/03/2026,18023.33414,19113.66042,19926.9838
26/03/2026,18033.40885,19112.47282,19929.00289
27/03/2026,18028.9649,19118.35849,19937.5009
28/03/2026,18025.19359,19113.75282,19937.18356
29/03/2026,18031.12687,19110.804,19944.07021
30/03/2026,18025.37272,19115.07002,19945.80343
31/03/2026,18031.50611,19110.99631,19941.36523
01/04/2026,18037.43773,19119.68884,19946.35475
02/04/2026,18041.81027,19127.55093,19944.82236
03/04/2026,18035.37547,19130.755,19951.38515
04/04/2026,18038.62346,19123.21154,19942.73135
05/04/2026,18038.88485,19119.01407,19942.62261
06/04/2026,18032.17716,19120.03311,19943.31565
07/04/2026,18039.62433,19109.62329,19932.23987
08/04/2026,18048.37361,19110.76833,19937.25053
09/04/2026,18057.29649,19110.65237,19943.07393
10/04/2026,18046.36161,19117.23222,19947.27921
11/04/2026,18060.73917,19108.20353,19936.02983
12/04/2026,18052.96786,19117.78901,19942.24177
13/04/2026,18061.71268,19110.69696,19936.35766
14/04/2026,18067.90468,19109.95758,19942.94373
15/04/2026,18083.4802,19116.06615,19951.59051
16/04/2026,18090.53823,19129.94395,19957.5309
17/04/2026,18100.12437,19128.89418,19961.84168
18/04/2026,18104.6018,19135.29686,19965.66346
19/04/2026,18107.22758,19138.4537,19977.74429
20/04/2026,18106.04349,19143.88435,19979.18457
21/04/2026,18097.99027,19141.11135,19980.87267
22/04/2026,18101.22393,19131.48632,19976.16832
23/04/2026,18103.61224,19136.04,19975.62144
24/04/2026,18084.32027,19137.51903,19978.03959
25/04/2026,18078.31743,19122.19121,19964.8601
26/04/2026,18088.70469,19113.40621,19962.95621
27/04/2026,18081.31208,19118.3755,19969.6442
28/04/2026,18088.8652,19112.43826,19965.25916
29/04/2026,18084.75844,19112.62536,19977.09487
30/04/2026,18074.87783,19108.43286,19979.66637
01/05/2026,18065.57155,19103.03516,19969.29786
02/05/2026,18060.7644,19101.89651,19962.33921
03/05/2026,18047.30244,19099.36078,19963.50347
04/05/2026,18032.41465,19093.91151,19959.5883
05/05/2026,18039.81872,19084.98373,19944.88918
06/05/2026,18036.08608,19091.78095,19948.05597
07/05/2026,18025.73908,19090.98151,19949.81701
08/05/2026,18017.14983,19086.1699,19941.46932
09/05/2026,18031.5055,19075.09336,19932.37955
10/05/2026,18032.82927,19077.38271,19938.14251
11/05/2026,18037.39511,19078.63835,19932.54249
12/05/2026,18043.53639,19080.37102,19931.92464
13/05/2026,18048.33106,19081.76816,19935.23477
14/05/2026,18046.76187,19086.02596,19936.49428
15/05/2026,18049.82735,19085.99056,19932.01169
16/05/2026,18043.0142,19088.73523,19934.3636
17/05/2026,18061.69387,19086.38889,19926.59587
18/05/2026,18059.51505,19102.86295,19938.49862
19/05/2026,18067.76046,19100.62822,19935.83419
20/05/2026,18079.85848,19106.66532,19941.5792
21/05/2026,18084.21025,19114.88853,19950.32287
22/05/2026,18095.07701,19117.66324,19953.90822
23/05/2026,18100.19776,19126.37011,19962.2527
24/05/2026,18110.40456,19129.72535,19965.16769
25/05/2026,18125.59115,19132.43762,19977.47465
26/05/2026,18134.08641,19140.50346,19990.3134
27/05/2026,18122.22262,19144.89419,20000.47784
28/05/2026,18112.21388,19136.7535,19991.44636
29/05/2026,18119.26377,19129.58888,19987.51029
30/05/2026,18114.5293,19134.65708,19989.18456
31/05/2026,18115.76015,19132.53032,19985.124
