time,Congo Cobalt,Auric Cobalt,Northern Cobalt Corporation
01/01/2017,2574,2758.44,3004.55
02/01/2017,2579.329886,2750.9904,2971.393358
03/01/2017,2578.385619,2752.358802,2980.230069
04/01/2017,2582.702674,2749.253831,2982.048807
05/01/2017,2577.774744,2753.616272,2985.278936
06/01/2017,2578.454174,2749.404189,2982.168234
07/01/2017,2586.623518,2749.935691,2984.706555
08/01/2017,2583.965576,2758.506968,2985.75882
09/01/2017,2586.654214,2755.826447,2992.189662
10/01/2017,2585.265533,2760.18804,2997.102455
11/01/2017,2588.135048,2763.091507,2994.712835
12/01/2017,2580.663384,2763.692683,3004.749942
13/01/2017,2582.543088,2757.095751,3000.276827
14/01/2017,2581.437526,2758.437404,3002.693792
15/01/2017,2584.44363,2758.238966,3000.370726
16/01/2017,2586.654805,2759.82244,3007.427212
17/01/2017,2581.522431,2757.714114,3012.20277
18/01/2017,2577.366885,2755.47655,3011.328094
19/01/2017,2576.302068,2752.242499,3006.905934
20/01/2017,2580.295118,2745.911818,3001.492572
21/01/2017,2585.823403,2745.474244,3000.178694
22/01/2017,2584.696495,2744.41515,2997.738613
23/01/2017,2588.650786,2745.053232,3003.377459
24/01/2017,2592.205689,2748.981706,3008.098047
25/01/2017,2593.669898,2754.202371,3012.921822
26/01/2017,2595.169723,2757.233511,3020.553367
27/01/2017,2592.988537,2758.928955,3018.601645
28/01/2017,2596.002821,2754.130622,3020.694149
29/01/2017,2593.820129,2753.169459,3026.987301
30/01/2017,2594.753415,2750.428521,3018.391486
31/01/2017,2597.320089,2755.372988,3019.497357
01/02/2017,2596.613981,2755.708094,3021.839918
02/02/2017,2599.510613,2754.69614,3024.039759
03/02/2017,2600.027466,2755.978814,3031.632754
04/02/2017,2601.515889,2757.363076,3036.781788
05/02/2017,2605.84985,2758.499855,3032.381167
06/02/2017,2613.934803,2760.150542,3038.818214
07/02/2017,2614.145404,2763.898336,3044.631118
08/02/2017,2616.322859,2766.25143,3045.175521
09/02/2017,2623.235412,2767.848925,3044.141722
10/02/2017,2621.767346,2770.083863,3046.768924
11/02/2017,2615.86571,2770.29855,3049.25374
12/02/2017,2616.440191,2766.594644,3050.868487
13/02/2017,2613.566765,2763.670467,3050.900642
14/02/2017,2612.594132,2762.021878,3049.361711
15/02/2017,2610.450441,2759.605983,3048.209984
16/02/2017,2615.837525,2759.866849,3048.492634
17/02/2017,2618.865533,2762.336779,3050.057011
18/02/2017,2619.739915,2769.347656,3055.440223
19/02/2017,2620.476229,2771.250289,3052.752002
20/02/2017,2614.703026,2772.917003,3048.739634
21/02/2017,2609.834826,2761.617738,3044.171322
22/02/2017,2604.004809,2762.277453,3038.119386
23/02/2017,2604.382086,2758.321826,3035.879927
24/02/2017,2605.08188,2760.228975,3030.887696
25/02/2017,2599.636792,2757.807907,3037.450997
26/02/2017,2592.085913,2752.248698,3028.245012
27/02/2017,2589.705903,2747.874042,3021.64059
28/02/2017,2591.230208,2748.753927,3019.47859
01/03/2017,2585.118381,2747.501995,3019.685814
02/03/2017,2579.93721,2745.665557,3008.726527
03/03/2017,2564.091447,2742.395236,2999.215967
04/03/2017,2568.979101,2733.243272,2986.094686
05/03/2017,2567.056432,2733.434453,2991.284028
06/03/2017,2562.501933,2729.119131,2994.259971
07/03/2017,2561.460246,2722.390188,2990.358753
08/03/2017,2568.928191,2718.725963,2987.241002
09/03/2017,2562.958181,2725.659429,2990.611464
10/03/2017,2563.779152,2720.207997,2987.909959
11/03/2017,2565.020586,2723.471225,2988.47979
12/03/2017,2567.342082,2722.820323,2996.807253
13/03/2017,2566.307561,2724.059713,2997.753303
14/03/2017,2565.467024,2723.032219,2993.919863
15/03/2017,2563.882184,2723.369517,2996.012068
16/03/2017,2561.656142,2724.743186,2992.748881
17/03/2017,2558.950481,2722.065974,2983.871989
18/03/2017,2558.229605,2723.220478,2978.949509
19/03/2017,2557.882284,2722.166301,2976.915609
20/03/2017,2558.070924,2721.853091,2976.418134
21/03/2017,2554.571907,2726.467425,2975.632169
22/03/2017,2559.615596,2726.045352,2973.51734
23/03/2017,2563.421705,2731.614816,2967.725587
24/03/2017,2571.059046,2737.450597,2974.040712
25/03/2017,2573.268806,2743.833702,2986.201476
26/03/2017,2570.406146,2747.92999,2990.215829
27/03/2017,2578.674997,2745.522284,2990.968298
28/03/2017,2579.194413,2749.782721,3005.37064
29/03/2017,2582.956052,2751.980339,3004.136527
30/03/2017,2579.075458,2752.409879,3001.683334
31/03/2017,2572.787517,2748.854131,3003.338148
01/04/2017,2577.816046,2742.759986,2997.994228
02/04/2017,2575.426962,2742.102469,3000.571562
03/04/2017,2572.835542,2740.990326,2992.349412
04/04/2017,2569.402368,2745.234742,2988.173095
05/04/2017,2566.547957,2741.291657,2980.899838
06/04/2017,2568.480447,2739.881702,2977.343407
07/04/2017,2564.681438,2734.806762,2976.901067
08/04/2017,2564.670405,2728.443225,2973.903405
09/04/2017,2559.08442,2723.168264,2968.487678
10/04/2017,2555.423968,2721.225177,2960.541833
11/04/2017,2556.132816,2719.186056,2960.012785
12/04/2017,2552.673172,2721.184963,2962.78762
13/04/2017,2550.504757,2721.998578,2960.397169
14/04/2017,2542.800927,2716.658275,2954.711965
15/04/2017,2539.147212,2709.235019,2942.981395
16/04/2017,2538.864572,2706.14207,2936.866357
17/04/2017,2536.975887,2706.891507,2937.447438
18/04/2017,2532.985392,2702.280555,2931.711563
19/04/2017,2535.421192,2703.1105,2937.880405
20/04/2017,2530.134559,2702.641114,2942.995548
21/04/2017,2536.830256,2697.227087,2933.895746
22/04/2017,2541.606788,2706.3446,2940.341376
23/04/2017,2540.854851,2709.658335,2945.587102
24/04/2017,2535.5053,2708.954507,2948.683223
25/04/2017,2536.904199,2705.234868,2943.469806
26/04/2017,2534.123861,2704.780984,2944.861629
27/04/2017,2531.903818,2702.217757,2948.600641
28/04/2017,2533.498849,2702.649841,2945.298252
29/04/2017,2526.810713,2700.063418,2945.284073
30/04/2017,2531.080161,2696.67743,2936.059214
01/05/2017,2532.0754,2700.339943,2941.952487
02/05/2017,2533.99542,2701.565448,2940.811672
03/05/2017,2539.158288,2704.217054,2940.682637
04/05/2017,2535.960214,2706.730862,2938.76319
05/05/2017,2533.511155,2704.488485,2934.954986
06/05/2017,2529.300104,2701.591341,2929.837339
07/05/2017,2533.16928,2696.830518,2921.568198
08/05/2017,2533.611385,2696.466123,2922.609992
09/05/2017,2530.072301,2694.042412,2921.529923
10/05/2017,2524.242749,2693.056197,2918.811157
11/05/2017,2527.505131,2685.352813,2917.236542
12/05/2017,2529.822554,2688.556584,2914.794012
13/05/2017,2522.039838,2689.022538,2923.155221
14/05/2017,2518.938336,2683.556809,2920.476231
15/05/2017,2518.774262,2682.01478,2919.004523
16/05/2017,2522.593333,2681.654656,2916.937064
17/05/2017,2511.904999,2681.940757,2918.260641
18/05/2017,2515.162156,2676.626936,2907.296697
19/05/2017,2513.263256,2678.980734,2914.259693
20/05/2017,2516.151654,2677.466749,2911.495008
21/05/2017,2513.737506,2677.460319,2914.908816
22/05/2017,2508.560012,2677.658082,2906.438739
23/05/2017,2508.936515,2672.536096,2903.8722
24/05/2017,2511.059618,2668.753786,2910.252392
25/05/2017,2508.879575,2672.55789,2908.887912
26/05/2017,2505.050639,2671.108486,2906.792586
27/05/2017,2509.384344,2672.557129,2900.005495
28/05/2017,2507.964103,2673.531858,2907.455205
29/05/2017,2507.625261,2675.148386,2898.148735
30/05/2017,2502.025854,2674.409783,2898.860299
31/05/2017,2496.130361,2667.82433,2894.435043
01/06/2017,2486.947014,2665.40227,2887.332029
02/06/2017,2484.283045,2662.697187,2877.828769
03/06/2017,2482.529663,2659.429168,2871.755341
04/06/2017,2474.8901,2656.258111,2866.904281
05/06/2017,2468.926335,2656.235546,2858.989652
06/06/2017,2459.578206,2653.666744,2858.657818
07/06/2017,2463.8754,2642.712197,2850.168747
08/06/2017,2470.089362,2649.388741,2848.752281
09/06/2017,2466.348581,2650.255492,2850.606345
10/06/2017,2460.878343,2646.659218,2844.222958
11/06/2017,2463.895328,2645.268678,2837.973857
12/06/2017,2463.889342,2647.601034,2844.405592
13/06/2017,2454.528593,2647.521184,2844.064195
14/06/2017,2443.661263,2640.689411,2836.332073
15/06/2017,2441.820198,2633.078836,2822.173875
16/06/2017,2433.844649,2631.447853,2828.11073
17/06/2017,2429.876024,2624.193131,2820.719139
18/06/2017,2427.90595,2619.714539,2816.864546
19/06/2017,2434.835341,2619.50499,2818.940598
20/06/2017,2439.604451,2623.460013,2829.101714
21/06/2017,2437.778065,2621.95838,2835.177251
22/06/2017,2436.207841,2622.700368,2829.661383
23/06/2017,2433.898369,2621.917212,2831.938844
24/06/2017,2431.06857,2618.623488,2832.065754
25/06/2017,2428.612843,2614.948526,2837.214273
26/06/2017,2421.334014,2612.53307,2836.722948
27/06/2017,2406.59038,2603.264521,2827.332879
28/06/2017,2402.730026,2592.490117,2826.234641
29/06/2017,2399.590728,2588.941837,2825.18404
30/06/2017,2400.832538,2588.772017,2823.833103
01/07/2017,2402.976775,2586.344577,2818.750478
02/07/2017,2408.043299,2586.712619,2829.858471
03/07/2017,2408.94537,2590.601457,2839.386572
04/07/2017,2404.685928,2588.954898,2844.922305
05/07/2017,2402.179759,2584.999478,2840.744988
06/07/2017,2398.973449,2586.586906,2839.682556
07/07/2017,2399.2265,2582.582578,2842.743852
08/07/2017,2407.408199,2582.604744,2842.574576
09/07/2017,2402.193992,2590.365165,2846.658544
10/07/2017,2402.304507,2589.082737,2840.496335
11/07/2017,2407.587731,2590.111564,2838.838354
12/07/2017,2415.034386,2591.453134,2841.210815
13/07/2017,2414.908004,2596.877772,2849.689977
14/07/2017,2421.018927,2597.816969,2851.68839
15/07/2017,2421.405067,2603.600391,2849.247048
16/07/2017,2421.89665,2603.151861,2853.794132
17/07/2017,2423.550976,2605.248402,2856.094068
18/07/2017,2425.441251,2606.519339,2864.78524
19/07/2017,2421.60457,2607.182313,2872.111379
20/07/2017,2429.063357,2603.628038,2866.33691
21/07/2017,2430.848696,2609.611047,2875.251074
22/07/2017,2429.55345,2611.379037,2877.027286
23/07/2017,2425.700402,2610.473871,2875.291547
24/07/2017,2427.983176,2609.091635,2876.166302
25/07/2017,2419.178874,2612.42355,2885.405607
26/07/2017,2421.296699,2607.076775,2884.688295
27/07/2017,2414.871668,2612.377098,2890.57415
28/07/2017,2418.275939,2608.776209,2886.975502
29/07/2017,2418.563871,2615.270525,2884.51717
30/07/2017,2426.420401,2618.328957,2879.377251
31/07/2017,2434.142141,2624.781942,2885.679572
01/08/2017,2440.933771,2630.603238,2894.090455
02/08/2017,2441.798268,2635.770702,2902.940398
03/08/2017,2440.753971,2638.388998,2905.602245
04/08/2017,2443.797338,2640.043661,2906.391361
05/08/2017,2445.514949,2643.394179,2906.658227
06/08/2017,2451.164814,2648.355214,2905.533164
07/08/2017,2456.903782,2652.620375,2911.933248
08/08/2017,2458.190389,2658.310483,2918.858808
09/08/2017,2459.98754,2654.93605,2925.971697
10/08/2017,2459.22665,2656.665249,2921.32972
11/08/2017,2463.470863,2659.132661,2920.453528
12/08/2017,2461.810006,2665.003863,2924.256289
13/08/2017,2464.443278,2659.936478,2926.265435
14/08/2017,2469.502219,2663.041927,2919.867675
15/08/2017,2477.111875,2667.445752,2924.679087
16/08/2017,2474.263121,2671.337962,2935.038826
17/08/2017,2483.167648,2669.56558,2928.762063
18/08/2017,2479.451828,2675.155291,2935.586651
19/08/2017,2480.216028,2672.477971,2931.698527
20/08/2017,2485.642981,2672.670679,2930.973503
21/08/2017,2485.745215,2675.072451,2928.304176
22/08/2017,2492.970439,2672.443614,2925.535231
23/08/2017,2492.131488,2678.779257,2929.977722
24/08/2017,2491.903427,2679.78252,2932.220323
25/08/2017,2498.878836,2679.009854,2922.918775
26/08/2017,2496.023151,2684.589093,2929.195676
27/08/2017,2497.11911,2684.153211,2933.8373
28/08/2017,2497.162274,2687.673378,2933.560924
29/08/2017,2500.462545,2691.412573,2930.865265
30/08/2017,2499.386648,2693.308805,2935.264433
31/08/2017,2509.330424,2693.098603,2932.73512
01/09/2017,2508.869303,2701.200394,2943.883924
02/09/2017,2505.329058,2697.916468,2939.932583
03/09/2017,2512.959213,2695.561395,2933.451467
04/09/2017,2509.670977,2701.500652,2938.103775
05/09/2017,2519.591164,2699.99136,2934.24765
06/09/2017,2521.835053,2703.955745,2941.51683
07/09/2017,2517.455293,2709.75305,2939.952608
08/09/2017,2518.373288,2705.381732,2938.184076
09/09/2017,2514.491152,2709.546198,2945.066404
10/09/2017,2512.155312,2708.121596,2945.66456
11/09/2017,2508.481498,2705.303953,2943.061949
12/09/2017,2509.48548,2702.086602,2937.014858
13/09/2017,2511.46879,2709.051008,2928.430129
14/09/2017,2516.743883,2712.652018,2928.248391
15/09/2017,2518.261408,2716.697852,2932.495024
16/09/2017,2518.828094,2720.576444,2935.679959
17/09/2017,2518.631319,2715.560474,2933.952291
18/09/2017,2521.711806,2710.649173,2943.707177
19/09/2017,2529.326008,2713.984359,2939.119612
20/09/2017,2529.837966,2717.658426,2942.741201
21/09/2017,2533.809642,2713.871549,2946.139988
22/09/2017,2535.365696,2712.772413,2944.003625
23/09/2017,2531.70715,2717.805739,2949.33735
24/09/2017,2529.031857,2717.395228,2950.992094
25/09/2017,2529.830764,2718.402501,2941.996183
26/09/2017,2532.611866,2719.981576,2942.532907
27/09/2017,2536.051919,2723.600312,2945.541564
28/09/2017,2534.753713,2725.463358,2946.84259
29/09/2017,2531.633014,2724.159826,2948.26919
30/09/2017,2537.660183,2721.960896,2951.647526
01/10/2017,2532.686839,2723.855294,2956.086807
02/10/2017,2533.513926,2723.928074,2950.890527
03/10/2017,2541.398378,2725.525932,2958.53667
04/10/2017,2544.910695,2731.982123,2960.699723
05/10/2017,2547.684246,2733.397309,2958.958695
06/10/2017,2547.216943,2735.81043,2960.595515
07/10/2017,2551.236357,2738.765578,2958.806789
08/10/2017,2559.023099,2745.605735,2961.890996
09/10/2017,2560.586007,2750.094364,2967.046713
10/10/2017,2561.772953,2749.540783,2976.800904
11/10/2017,2559.754733,2752.137373,2975.151857
12/10/2017,2564.320051,2751.979025,2974.9064
13/10/2017,2559.699728,2757.784792,2976.609104
14/10/2017,2547.354958,2753.840696,2969.111183
15/10/2017,2549.878116,2742.221538,2959.805026
16/10/2017,2553.320084,2746.615008,2967.066986
17/10/2017,2560.677845,2746.395174,2980.304616
18/10/2017,2556.062383,2750.378859,2984.975079
19/10/2017,2553.226032,2746.643185,2987.698748
20/10/2017,2553.687485,2742.851038,2986.752174
21/10/2017,2562.878227,2743.721542,2987.170098
22/10/2017,2569.17017,2750.177441,2993.311009
23/10/2017,2567.063334,2755.936519,2996.600773
24/10/2017,2566.127777,2754.288787,2996.397224
25/10/2017,2569.933846,2753.535601,2985.462139
26/10/2017,2567.412859,2756.851206,2990.025223
27/10/2017,2561.712237,2753.905492,2990.768159
28/10/2017,2555.870663,2749.015564,2981.444934
29/10/2017,2548.753968,2747.578635,2970.843095
30/10/2017,2552.407731,2739.691807,2973.600964
31/10/2017,2547.917042,2740.198767,2979.68445
01/11/2017,2544.141189,2738.059129,2975.257231
02/11/2017,2541.877835,2737.314817,2973.560668
03/11/2017,2545.74297,2734.013189,2973.029713
04/11/2017,2548.498172,2734.403885,2977.543066
05/11/2017,2535.036838,2731.873027,2979.001442
06/11/2017,2543.20351,2722.307245,2974.360495
07/11/2017,2546.970302,2728.249134,2977.420212
08/11/2017,2540.207531,2731.2507,2974.492224
09/11/2017,2540.952988,2725.285644,2971.571475
10/11/2017,2543.646472,2723.504267,2974.586326
11/11/2017,2547.166228,2720.14803,2973.612732
12/11/2017,2549.479981,2721.834984,2966.195244
13/11/2017,2555.816512,2720.427313,2965.936135
14/11/2017,2555.233611,2725.852706,2976.387834
15/11/2017,2563.913572,2728.702309,2978.02477
16/11/2017,2567.851932,2730.545892,2980.231064
17/11/2017,2564.840354,2733.857594,2980.428226
18/11/2017,2563.156183,2730.807639,2980.12315
19/11/2017,2566.592911,2730.967383,2984.065114
20/11/2017,2568.478559,2732.079459,2986.510703
21/11/2017,2569.22256,2733.186846,2991.386798
22/11/2017,2566.325543,2734.451731,2992.031629
23/11/2017,2569.51179,2735.095758,2994.160976
24/11/2017,2571.547735,2737.930625,3001.262311
25/11/2017,2571.829077,2735.301719,3004.115807
26/11/2017,2571.74764,2734.971856,3009.078631
27/11/2017,2571.687715,2736.680558,3003.524421
28/11/2017,2572.075312,2741.694434,3007.019299
29/11/2017,2577.052404,2739.54249,3009.680207
30/11/2017,2578.505499,2742.846733,3011.672978
01/12/2017,2581.848334,2743.773002,3011.972817
02/12/2017,2581.353114,2749.715763,3007.96181
03/12/2017,2581.549574,2752.798512,3010.814589
04/12/2017,2582.861993,2748.716104,3004.468937
05/12/2017,2584.661809,2750.956269,2998.529582
06/12/2017,2592.78341,2751.937168,3001.437519
07/12/2017,2594.548999,2758.020611,3002.26503
08/12/2017,2600.916044,2760.392258,2998.771411
09/12/2017,2596.852151,2764.097428,3003.929151
10/12/2017,2603.503396,2765.107841,3000.939366
11/12/2017,2600.501036,2770.226216,3001.660862
12/12/2017,2593.337962,2767.195307,3008.588078
13/12/2017,2592.073163,2761.657889,3000.968675
14/12/2017,2590.748877,2763.042333,3005.802627
15/12/2017,2591.690525,2761.980784,3005.659833
16/12/2017,2601.219134,2761.26683,3005.003562
17/12/2017,2600.928076,2770.390793,3018.58399
18/12/2017,2602.078986,2771.871019,3022.298815
19/12/2017,2607.801936,2770.554977,3027.234095
20/12/2017,2615.543189,2778.497454,3040.474289
21/12/2017,2617.180728,2783.728851,3043.38938
22/12/2017,2619.638274,2785.209275,3041.667334
23/12/2017,2620.101162,2788.295986,3044.768314
24/12/2017,2619.548865,2785.837378,3042.349555
25/12/2017,2619.531395,2786.908492,3039.308478
26/12/2017,2618.146642,2786.545765,3038.375024
27/12/2017,2615.349319,2787.215811,3043.067495
28/12/2017,2612.062365,2789.359217,3047.098022
29/12/2017,2611.765279,2787.489809,3046.854189
30/12/2017,2613.953702,2786.913316,3046.098517
31/12/2017,2609.031755,2788.1316,3047.641553
01/01/2018,2611.156719,2785.419472,3046.311709
02/01/2018,2612.994018,2785.178669,3053.928725
03/01/2018,2615.428158,2788.853969,3058.86435
04/01/2018,2619.965257,2791.095352,3062.69973
05/01/2018,2629.033317,2792.154266,3069.91202
06/01/2018,2630.496117,2798.143461,3082.871525
07/01/2018,2637.582369,2799.62685,3072.299965
08/01/2018,2633.695305,2804.62916,3077.265426
09/01/2018,2634.888087,2801.34825,3075.182603
10/01/2018,2637.544234,2804.566654,3077.129474
11/01/2018,2638.269372,2803.658975,3084.655982
12/01/2018,2631.451537,2804.701353,3084.847706
13/01/2018,2629.753716,2804.345557,3077.795698
14/01/2018,2626.266929,2807.32433,3067.910892
15/01/2018,2626.015347,2807.350708,3063.414579
16/01/2018,2630.513908,2806.112868,3056.174963
17/01/2018,2634.555121,2807.490897,3058.268642
18/01/2018,2636.223123,2810.77979,3061.847587
19/01/2018,2635.77803,2815.933124,3062.653498
20/01/2018,2634.692802,2815.487799,3058.390179
21/01/2018,2631.62348,2813.371693,3062.673924
22/01/2018,2638.682105,2807.982134,3051.369655
23/01/2018,2640.258856,2817.928741,3052.408831
24/01/2018,2639.423408,2819.556576,3051.917163
25/01/2018,2639.956413,2819.232482,3055.015943
26/01/2018,2643.030622,2815.615712,3058.384321
27/01/2018,2650.581525,2819.423869,3059.023073
28/01/2018,2648.823129,2824.072856,3066.943933
29/01/2018,2654.066304,2826.093714,3067.611888
30/01/2018,2649.807518,2829.568781,3073.907051
31/01/2018,2648.294751,2825.903399,3073.87501
01/02/2018,2650.306075,2823.813391,3066.849365
02/02/2018,2657.771406,2824.627461,3072.045386
03/02/2018,2656.704461,2828.008197,3074.544032
04/02/2018,2655.544441,2826.182644,3069.275899
05/02/2018,2651.792039,2822.180674,3066.947992
06/02/2018,2651.211527,2823.888761,3060.061576
07/02/2018,2654.181892,2822.730904,3066.226643
08/02/2018,2649.728804,2825.439651,3059.827631
09/02/2018,2650.605622,2824.802027,3057.702642
10/02/2018,2648.248552,2828.113402,3056.966658
11/02/2018,2653.818739,2822.131699,3054.899394
12/02/2018,2650.821324,2823.713836,3055.051678
13/02/2018,2644.92083,2815.616143,3045.262405
14/02/2018,2646.487783,2811.963413,3042.488203
15/02/2018,2648.17405,2811.89108,3051.961483
16/02/2018,2644.025979,2811.3173,3045.91786
17/02/2018,2641.872667,2805.851346,3041.838907
18/02/2018,2641.042966,2806.886238,3044.840402
19/02/2018,2638.511133,2809.495614,3046.161232
20/02/2018,2634.773256,2806.981158,3037.446313
21/02/2018,2631.353755,2807.239861,3032.295043
22/02/2018,2631.11921,2806.354796,3020.612897
23/02/2018,2628.047487,2805.479151,3013.904379
24/02/2018,2625.445676,2802.97819,3017.458231
25/02/2018,2620.027888,2801.954589,3019.343326
26/02/2018,2613.733049,2800.209006,3017.925768
27/02/2018,2612.594858,2791.729794,3007.756621
28/02/2018,2608.906568,2793.252286,3006.458548
01/03/2018,2609.775716,2792.25642,3000.019761
02/03/2018,2605.723676,2789.845329,3003.019226
03/03/2018,2607.244801,2785.456636,2999.506307
04/03/2018,2612.432298,2787.41577,2993.585288
05/03/2018,2611.714262,2789.068126,2992.715387
06/03/2018,2601.344177,2793.009487,2989.347437
07/03/2018,2599.837415,2785.42,2984.078047
08/03/2018,2603.381317,2782.32912,2990.31831
09/03/2018,2608.166678,2787.604964,2993.348239
10/03/2018,2609.884058,2792.053221,3000.549638
11/03/2018,2610.568975,2792.692477,3005.306731
12/03/2018,2616.385411,2791.938265,3012.118668
13/03/2018,2616.566425,2785.141569,3016.314893
14/03/2018,2610.220244,2785.670399,3007.062735
15/03/2018,2611.867904,2782.718352,3007.331113
16/03/2018,2611.358364,2784.786059,3008.891378
17/03/2018,2612.459791,2786.653797,3008.224334
18/03/2018,2609.709626,2784.255358,3015.928036
19/03/2018,2607.93953,2779.928722,3014.624347
20/03/2018,2607.417397,2779.602662,3008.359682
21/03/2018,2605.629882,2780.388924,3008.200039
22/03/2018,2608.913461,2778.486303,3008.703809
23/03/2018,2612.356758,2780.302007,3006.142419
24/03/2018,2609.197631,2784.459562,2999.620336
25/03/2018,2609.979613,2782.129217,2999.266597
26/03/2018,2607.601327,2783.30386,3006.277401
27/03/2018,2599.063708,2782.885213,3001.834445
28/03/2018,2600.297423,2776.43603,3003.095659
29/03/2018,2603.348129,2778.636939,2997.972488
30/03/2018,2604.580599,2780.170673,2999.721595
31/03/2018,2603.717919,2779.980164,2995.564375
01/04/2018,2601.537076,2781.866716,2991.852931
02/04/2018,2597.515451,2777.622092,2981.573616
03/04/2018,2601.957341,2776.805819,2978.738472
04/04/2018,2592.78024,2779.644647,2975.309796
05/04/2018,2586.180173,2768.480432,2964.768053
06/04/2018,2588.178956,2762.230088,2955.454322
07/04/2018,2586.553216,2762.668607,2952.059218
08/04/2018,2582.195226,2763.776867,2957.298015
09/04/2018,2573.522534,2761.513894,2958.893373
10/04/2018,2570.365813,2757.446875,2958.329036
11/04/2018,2566.762837,2752.557606,2953.888979
12/04/2018,2557.892994,2748.69009,2951.908442
13/04/2018,2549.651278,2743.468541,2946.668166
14/04/2018,2547.723336,2741.459276,2939.507435
15/04/2018,2544.327512,2737.633211,2939.904676
16/04/2018,2537.267334,2737.941257,2935.532896
17/04/2018,2530.617617,2734.869202,2936.581925
18/04/2018,2537.603396,2728.735003,2932.371291
19/04/2018,2539.404225,2733.302543,2934.911637
20/04/2018,2541.370715,2731.293597,2929.677904
21/04/2018,2532.977236,2733.453869,2936.144513
22/04/2018,2530.797542,2731.104269,2929.823746
23/04/2018,2525.355717,2728.257384,2925.59276
24/04/2018,2520.033094,2723.162301,2922.079144
25/04/2018,2524.43828,2713.571083,2918.064531
26/04/2018,2523.78133,2713.018521,2916.185055
27/04/2018,2514.64913,2711.670547,2911.952615
28/04/2018,2507.063768,2702.01834,2911.321676
29/04/2018,2504.021242,2699.901848,2907.161407
30/04/2018,2496.500522,2694.762617,2906.275856
01/05/2018,2499.530865,2692.747458,2899.075637
02/05/2018,2500.986576,2688.570332,2898.035531
03/05/2018,2492.169297,2688.280467,2900.034991
04/05/2018,2488.826573,2682.638532,2900.190777
05/05/2018,2481.446975,2680.298934,2900.314362
06/05/2018,2476.235163,2673.686824,2905.264144
07/05/2018,2470.462317,2667.47626,2912.757642
08/05/2018,2471.995341,2656.823086,2907.312629
09/05/2018,2468.882109,2659.675281,2907.786999
10/05/2018,2470.131715,2660.629697,2901.454429
11/05/2018,2468.396745,2661.333798,2891.932763
12/05/2018,2471.807435,2661.729219,2884.250993
13/05/2018,2472.124512,2662.178333,2889.203403
14/05/2018,2472.23888,2659.66783,2893.383126
15/05/2018,2474.202551,2658.767142,2896.13006
16/05/2018,2467.896727,2658.117297,2899.932305
17/05/2018,2465.21193,2647.760853,2891.775217
18/05/2018,2464.024851,2645.988802,2882.542777
19/05/2018,2460.720505,2644.569252,2879.754755
20/05/2018,2466.657768,2641.036834,2877.911188
21/05/2018,2468.614169,2645.255329,2880.61697
22/05/2018,2466.268567,2647.598264,2879.240997
23/05/2018,2466.783573,2645.571464,2876.214779
24/05/2018,2460.237808,2640.279452,2883.379783
25/05/2018,2458.885145,2635.37379,2876.21855
26/05/2018,2456.195777,2634.681115,2871.177758
27/05/2018,2456.215515,2630.624135,2868.733033
28/05/2018,2458.229837,2629.874928,2872.362308
29/05/2018,2455.637157,2626.261572,2872.565378
30/05/2018,2452.384963,2624.269512,2863.515549
31/05/2018,2450.310827,2619.342747,2868.580325
01/06/2018,2450.075963,2618.595451,2868.880996
02/06/2018,2439.872225,2611.724982,2861.619145
03/06/2018,2433.004658,2603.207737,2850.373511
04/06/2018,2430.233279,2594.948531,2849.190183
05/06/2018,2426.075029,2591.2549,2847.574697
06/06/2018,2426.63245,2586.231564,2838.549901
07/06/2018,2430.03453,2583.098152,2842.662771
08/06/2018,2424.941517,2578.69772,2847.547476
09/06/2018,2422.79386,2573.215118,2843.920372
10/06/2018,2414.145875,2568.267556,2840.181908
11/06/2018,2414.680028,2561.728507,2841.774582
12/06/2018,2410.726948,2561.962505,2834.785674
13/06/2018,2410.760511,2558.924048,2832.523061
14/06/2018,2414.120009,2559.675194,2834.075234
15/06/2018,2405.477916,2563.898874,2842.23991
16/06/2018,2409.417216,2556.610089,2833.342212
17/06/2018,2399.933882,2557.635791,2829.778688
18/06/2018,2399.948092,2548.818057,2825.80988
19/06/2018,2397.393657,2549.026127,2826.618497
20/06/2018,2391.455792,2549.051082,2826.665802
21/06/2018,2388.530481,2545.395529,2824.4802
22/06/2018,2391.484407,2542.227193,2824.649222
23/06/2018,2385.086914,2542.31094,2830.197156
24/06/2018,2376.970658,2538.770126,2824.947496
25/06/2018,2372.458051,2531.273015,2816.262455
26/06/2018,2368.483421,2528.034558,2810.059189
27/06/2018,2370.132945,2526.822568,2808.697795
28/06/2018,2372.439784,2526.612356,2810.776223
29/06/2018,2365.512688,2526.707746,2808.326219
30/06/2018,2361.137621,2520.766234,2795.927392
01/07/2018,2364.026001,2515.077955,2793.882636
02/07/2018,2365.744167,2519.875518,2791.000349
03/07/2018,2366.615307,2519.962203,2791.552984
04/07/2018,2370.236255,2519.15679,2794.2126
05/07/2018,2377.296862,2518.314557,2801.952466
06/07/2018,2385.111677,2521.898223,2808.054179
07/07/2018,2394.027847,2527.24293,2813.357
08/07/2018,2390.664067,2533.060242,2817.854757
09/07/2018,2394.752854,2533.800699,2814.129607
10/07/2018,2391.598571,2537.752705,2820.922692
11/07/2018,2398.417465,2539.55323,2825.467114
12/07/2018,2395.294725,2548.064281,2832.084105
13/07/2018,2404.615765,2546.384745,2834.333913
14/07/2018,2404.899782,2553.693595,2838.95604
15/07/2018,2402.26927,2552.079675,2844.976926
16/07/2018,2393.724497,2552.351429,2840.664637
17/07/2018,2399.995536,2547.006844,2837.260982
18/07/2018,2393.472376,2551.300621,2845.706516
19/07/2018,2396.72221,2549.327793,2839.989362
20/07/2018,2393.400924,2552.388622,2846.44288
21/07/2018,2395.629355,2549.921775,2844.988621
22/07/2018,2390.454177,2554.154309,2845.200798
23/07/2018,2392.628376,2548.023176,2841.476309
24/07/2018,2390.294041,2549.800789,2845.838546
25/07/2018,2395.542509,2547.891658,2843.867874
26/07/2018,2397.024136,2551.212123,2837.101793
27/07/2018,2402.995923,2552.306312,2840.14201
28/07/2018,2402.434551,2558.947757,2856.03842
29/07/2018,2402.893065,2562.58557,2851.976334
30/07/2018,2397.846763,2567.254172,2847.694784
31/07/2018,2398.486128,2563.177632,2842.967915
01/08/2018,2397.940575,2564.328151,2845.965336
02/08/2018,2395.872204,2563.630896,2849.969881
03/08/2018,2402.060499,2562.005259,2843.174728
04/08/2018,2412.765965,2566.32773,2841.687707
05/08/2018,2416.823783,2577.592054,2857.64298
06/08/2018,2421.621748,2580.427696,2862.584293
07/08/2018,2419.882163,2580.628425,2868.648807
08/08/2018,2414.897374,2580.228341,2859.516791
09/08/2018,2419.496654,2578.419007,2856.327357
10/08/2018,2414.251856,2579.244417,2864.180314
11/08/2018,2411.476927,2574.13581,2860.393
12/08/2018,2411.788458,2574.561483,2853.024244
13/08/2018,2413.588549,2569.346633,2858.129651
14/08/2018,2418.922948,2568.45621,2857.482652
15/08/2018,2421.915973,2569.175584,2866.588015
16/08/2018,2426.240295,2574.240973,2866.467026
17/08/2018,2426.722111,2579.266019,2870.370047
18/08/2018,2434.812869,2577.845517,2870.560148
19/08/2018,2434.863511,2583.999208,2875.129798
20/08/2018,2436.459276,2586.586575,2874.014911
21/08/2018,2441.698205,2587.774738,2878.821014
22/08/2018,2433.141661,2587.984938,2882.808879
23/08/2018,2442.788327,2585.055529,2876.037183
24/08/2018,2439.948764,2592.75547,2881.357794
25/08/2018,2443.43086,2596.181388,2884.839393
26/08/2018,2441.724799,2602.143524,2882.242924
27/08/2018,2438.322091,2599.990715,2886.270036
28/08/2018,2446.036866,2597.281979,2887.086161
29/08/2018,2442.957529,2602.660212,2887.717344
30/08/2018,2440.553768,2603.888297,2888.308262
31/08/2018,2441.452495,2598.552881,2892.679362
01/09/2018,2435.430631,2600.208909,2886.423812
02/09/2018,2440.78488,2594.126569,2883.404637
03/09/2018,2441.866976,2602.559224,2887.609626
04/09/2018,2443.972203,2602.866658,2878.590561
05/09/2018,2446.724848,2606.559635,2876.905003
06/09/2018,2450.759407,2608.884604,2883.747423
07/09/2018,2442.739669,2607.665801,2898.044406
08/09/2018,2441.608477,2603.241335,2891.67822
09/09/2018,2447.212766,2604.5572,2896.829041
10/09/2018,2449.184285,2610.1916,2896.786986
11/09/2018,2448.200757,2610.651819,2903.010925
12/09/2018,2453.014858,2606.122329,2911.086255
13/09/2018,2454.649607,2611.29793,2909.484283
14/09/2018,2450.183569,2612.261873,2915.053388
15/09/2018,2450.208323,2612.333651,2911.956474
16/09/2018,2454.405399,2612.373809,2915.196122
17/09/2018,2458.482514,2613.247837,2915.318605
18/09/2018,2462.705801,2614.211544,2913.990051
19/09/2018,2462.331814,2618.872128,2913.20782
20/09/2018,2459.986668,2620.008067,2911.667048
21/09/2018,2462.868836,2619.437417,2912.169365
22/09/2018,2457.067748,2623.453882,2912.284345
23/09/2018,2460.02582,2622.772,2905.220075
24/09/2018,2459.988452,2628.197428,2910.932478
25/09/2018,2460.694444,2628.431992,2920.470822
26/09/2018,2460.205378,2629.667616,2923.773239
27/09/2018,2462.556164,2628.749193,2918.663081
28/09/2018,2462.371948,2629.068378,2930.473658
29/09/2018,2464.085587,2625.83069,2929.737436
30/09/2018,2469.141923,2627.969977,2927.312056
01/10/2018,2468.475032,2631.200635,2931.655322
02/10/2018,2475.670292,2634.629114,2939.523498
03/10/2018,2482.794998,2638.793083,2942.82622
04/10/2018,2491.306063,2642.627308,2957.347975
05/10/2018,2495.909859,2646.155347,2968.823792
06/10/2018,2497.720086,2652.530456,2971.410228
07/10/2018,2496.542476,2649.142209,2974.775496
08/10/2018,2493.443843,2646.043405,2980.812693
09/10/2018,2493.793492,2640.533921,2976.404197
10/10/2018,2498.662075,2643.522833,2972.754665
11/10/2018,2500.225976,2645.228479,2974.167254
12/10/2018,2501.7889,2644.942642,2977.309897
13/10/2018,2496.275183,2646.181356,2971.118001
14/10/2018,2499.590851,2642.359127,2962.193894
15/10/2018,2501.099712,2645.855344,2965.387014
16/10/2018,2501.265163,2649.585516,2972.71745
17/10/2018,2506.805906,2653.51183,2966.454311
18/10/2018,2503.119557,2656.541977,2965.620282
19/10/2018,2505.070233,2653.233204,2960.893431
20/10/2018,2497.968096,2655.050257,2962.753029
21/10/2018,2507.6333,2654.512488,2956.289536
22/10/2018,2508.264501,2662.113189,2959.834287
23/10/2018,2509.141906,2664.364541,2956.921627
24/10/2018,2507.139927,2665.252358,2962.594569
25/10/2018,2505.952139,2668.180421,2953.189387
26/10/2018,2506.502633,2665.99615,2952.1367
27/10/2018,2501.600611,2667.075927,2953.457767
28/10/2018,2499.701716,2662.710558,2955.666943
29/10/2018,2497.791612,2661.908345,2953.85816
30/10/2018,2500.558871,2662.69105,2947.113278
31/10/2018,2503.490015,2665.071116,2947.034944
01/11/2018,2498.329362,2663.086904,2948.098891
02/11/2018,2498.947373,2657.558509,2943.597046
03/11/2018,2496.219704,2657.300074,2945.035587
04/11/2018,2501.994559,2657.201806,2949.618582
05/11/2018,2500.347624,2662.667611,2959.211491
06/11/2018,2506.01107,2657.40686,2958.646611
07/11/2018,2510.301125,2662.18842,2964.38548
08/11/2018,2521.99434,2666.953654,2970.489711
09/11/2018,2522.650893,2673.981616,2974.484474
10/11/2018,2524.001573,2674.487451,2978.750582
11/11/2018,2520.951514,2671.937208,2978.988461
12/11/2018,2531.294835,2669.605805,2983.927762
13/11/2018,2529.959145,2672.855201,2992.362631
14/11/2018,2526.926288,2667.633313,2992.225916
15/11/2018,2525.183411,2665.175861,2994.581669
16/11/2018,2523.54045,2666.277981,2990.868671
17/11/2018,2536.125854,2662.101173,2993.632886
18/11/2018,2535.314083,2670.275665,3002.39725
19/11/2018,2530.491715,2667.382703,2996.277567
20/11/2018,2535.813233,2664.006874,2990.148149
21/11/2018,2537.673568,2665.217119,2996.14253
22/11/2018,2536.875632,2667.883053,2995.13144
23/11/2018,2538.061468,2670.941729,2989.376992
24/11/2018,2532.625756,2679.409164,2986.24823
25/11/2018,2540.534802,2672.52953,2982.29627
26/11/2018,2541.371088,2675.28429,2992.903356
27/11/2018,2541.806441,2676.874569,2989.357593
28/11/2018,2546.391153,2678.161837,2991.985509
29/11/2018,2549.798701,2685.143621,2994.096833
30/11/2018,2558.71333,2686.77875,2999.343281
01/12/2018,2554.534684,2695.813614,2999.596556
02/12/2018,2553.849875,2692.366166,2995.342931
03/12/2018,2556.448791,2689.209868,2997.654127
04/12/2018,2557.469201,2690.692419,3003.249533
05/12/2018,2566.835553,2689.719425,2999.289067
06/12/2018,2563.21332,2701.443011,3011.522629
07/12/2018,2563.306907,2697.272731,3010.493473
08/12/2018,2565.607912,2697.102104,3010.156502
09/12/2018,2565.217671,2701.943108,3016.304119
10/12/2018,2571.364917,2703.218477,3018.003047
11/12/2018,2578.454295,2706.134695,3025.049478
12/12/2018,2587.180005,2711.208778,3035.846904
13/12/2018,2592.637047,2720.345424,3041.703506
14/12/2018,2600.243463,2727.854055,3046.305637
15/12/2018,2600.246227,2735.554887,3056.273691
16/12/2018,2603.749402,2732.900758,3065.782991
17/12/2018,2610.4395,2739.068393,3063.518279
18/12/2018,2615.279719,2739.278033,3070.772668
19/12/2018,2612.080771,2743.862026,3064.297677
20/12/2018,2613.53557,2742.396922,3056.560137
21/12/2018,2623.66383,2741.725295,3053.154805
22/12/2018,2624.615024,2747.296685,3059.54968
23/12/2018,2634.087076,2748.852121,3064.295678
24/12/2018,2633.909438,2756.590343,3073.63823
25/12/2018,2633.595809,2757.746464,3065.964135
26/12/2018,2641.36445,2762.326812,3070.532641
27/12/2018,2645.961496,2768.622643,3071.236293
28/12/2018,2647.723781,2771.34971,3077.2421
29/12/2018,2652.01812,2771.013747,3080.960682
30/12/2018,2651.763146,2773.303816,3088.703369
31/12/2018,2657.22307,2772.588181,3086.429076
01/01/2019,2658.090697,2779.200056,3096.783588
02/01/2019,2657.12943,2780.300507,3096.623003
03/01/2019,2660.230805,2781.743543,3093.517806
04/01/2019,2657.713635,2785.524212,3094.697639
05/01/2019,2656.559364,2786.478472,3095.940731
06/01/2019,2658.050709,2785.034402,3085.566573
07/01/2019,2663.855196,2788.828525,3085.928736
08/01/2019,2666.32964,2793.947537,3095.819787
09/01/2019,2665.899835,2795.574977,3103.360727
10/01/2019,2674.038635,2796.552017,3100.100441
11/01/2019,2669.846877,2800.445311,3109.401636
12/01/2019,2667.064823,2796.187312,3106.959839
13/01/2019,2665.712928,2794.565781,3102.779772
14/01/2019,2661.126099,2796.661722,3099.034224
15/01/2019,2663.206477,2797.08855,3098.243552
16/01/2019,2662.227272,2800.573411,3106.515364
17/01/2019,2660.84607,2800.34221,3109.760828
18/01/2019,2666.081195,2797.430124,3109.311221
19/01/2019,2667.904624,2801.244382,3104.304588
20/01/2019,2670.784257,2803.098331,3104.322077
21/01/2019,2670.50151,2804.146172,3108.022983
22/01/2019,2677.669253,2807.413838,3107.312721
23/01/2019,2672.036952,2814.303957,3109.343709
24/01/2019,2670.751111,2813.325833,3110.976408
25/01/2019,2667.183382,2811.239692,3114.742282
26/01/2019,2663.147447,2808.189727,3108.180976
27/01/2019,2660.560591,2807.583502,3108.575484
28/01/2019,2657.604242,2804.068757,3111.917776
29/01/2019,2662.968212,2802.432552,3111.078467
30/01/2019,2657.172811,2803.858295,3117.875164
31/01/2019,2648.313175,2801.903732,3113.981326
01/02/2019,2648.305221,2795.413685,3120.550305
02/02/2019,2649.663771,2795.303725,3116.554855
03/02/2019,2648.088657,2798.483813,3120.140821
04/02/2019,2651.519566,2796.654654,3119.708274
05/02/2019,2651.402959,2799.123458,3132.295103
06/02/2019,2653.093811,2796.82368,3127.225299
07/02/2019,2650.530103,2796.675015,3126.901153
08/02/2019,2647.540247,2795.147428,3119.889027
09/02/2019,2646.098553,2789.826693,3122.919692
10/02/2019,2638.276512,2788.064556,3122.22832
11/02/2019,2638.0555,2786.899411,3120.723987
12/02/2019,2636.461161,2791.097776,3124.488418
13/02/2019,2640.457766,2792.307151,3126.72931
14/02/2019,2641.914216,2795.565971,3123.99895
15/02/2019,2640.6946,2796.872573,3126.442778
16/02/2019,2636.404998,2796.863884,3131.717118
17/02/2019,2633.641205,2800.645434,3122.9629
18/02/2019,2634.894328,2797.888291,3120.652057
19/02/2019,2636.061832,2797.354094,3127.211368
20/02/2019,2637.866414,2792.324566,3126.341517
21/02/2019,2637.178979,2790.874623,3123.947708
22/02/2019,2636.589967,2791.452165,3125.228003
23/02/2019,2638.100463,2790.749418,3126.874945
24/02/2019,2635.126989,2789.917252,3128.378136
25/02/2019,2639.080179,2791.633853,3120.025044
26/02/2019,2634.863098,2789.696431,3116.010038
27/02/2019,2639.179452,2785.17615,3115.438771
28/02/2019,2633.266012,2789.962984,3120.472868
01/03/2019,2631.899629,2783.393127,3116.497404
02/03/2019,2631.0916,2782.023599,3116.027654
03/03/2019,2627.606178,2780.181021,3114.519509
04/03/2019,2623.903087,2777.858305,3111.62584
05/03/2019,2619.536517,2777.670553,3110.756594
06/03/2019,2624.19007,2775.674132,3106.580132
07/03/2019,2628.037114,2777.140874,3109.381466
08/03/2019,2631.471042,2782.992796,3110.567712
09/03/2019,2632.751553,2789.657831,3117.639176
10/03/2019,2631.837645,2790.219168,3120.733841
11/03/2019,2632.142114,2788.254315,3122.520891
12/03/2019,2626.817143,2787.501151,3118.433675
13/03/2019,2625.707417,2781.14509,3116.026371
14/03/2019,2620.548798,2779.381708,3113.384113
15/03/2019,2617.198312,2775.662057,3104.156931
16/03/2019,2617.972759,2772.649082,3102.828325
17/03/2019,2617.764537,2771.257317,3112.600532
18/03/2019,2614.606651,2771.955576,3105.886554
19/03/2019,2604.624288,2774.284681,3102.375607
20/03/2019,2600.408921,2766.662454,3098.809828
21/03/2019,2598.373371,2765.034408,3097.713528
22/03/2019,2589.911662,2766.029886,3092.053236
23/03/2019,2583.065897,2758.191901,3079.0196
24/03/2019,2586.037224,2753.032293,3073.977947
25/03/2019,2580.295597,2756.801506,3074.993483
26/03/2019,2583.21234,2753.049018,3072.902223
27/03/2019,2588.803962,2758.480631,3076.937945
28/03/2019,2590.947598,2763.265744,3071.517919
29/03/2019,2591.652678,2765.520445,3070.235086
30/03/2019,2587.877185,2765.911702,3065.419996
31/03/2019,2583.971901,2760.843534,3059.107913
01/04/2019,2587.486519,2756.674419,3060.034982
02/04/2019,2584.541626,2759.643009,3058.250804
03/04/2019,2586.001714,2757.691823,3058.012414
04/04/2019,2588.589454,2760.260404,3065.544346
05/04/2019,2584.713415,2762.123682,3077.267784
06/04/2019,2579.498058,2761.704932,3079.99012
07/04/2019,2575.980099,2760.355616,3079.564199
08/04/2019,2579.36486,2760.623255,3080.077531
09/04/2019,2580.799448,2764.504048,3075.277863
10/04/2019,2574.256564,2760.718128,3080.169652
11/04/2019,2573.729696,2756.050805,3071.278158
12/04/2019,2571.621145,2754.856502,3070.764154
13/04/2019,2567.905963,2754.658555,3067.664327
14/04/2019,2566.082139,2751.65138,3064.778956
15/04/2019,2569.84595,2749.821297,3062.06905
16/04/2019,2566.606641,2746.319717,3069.630381
17/04/2019,2563.458597,2744.073094,3062.566819
18/04/2019,2565.337405,2742.764601,3055.248919
19/04/2019,2554.743466,2742.210176,3055.424838
20/04/2019,2549.400849,2733.301606,3048.144259
21/04/2019,2545.055012,2729.61422,3037.916327
22/04/2019,2551.243601,2726.982194,3037.487262
23/04/2019,2547.330962,2729.252598,3039.546663
24/04/2019,2544.724113,2722.513497,3036.691232
25/04/2019,2539.534485,2720.620749,3033.028741
26/04/2019,2537.288311,2719.451891,3031.878222
27/04/2019,2531.851401,2718.242888,3030.49845
28/04/2019,2534.014264,2711.079916,3026.628855
29/04/2019,2530.15845,2713.238474,3036.044739
30/04/2019,2528.949532,2710.152828,3031.935093
01/05/2019,2530.077843,2706.566118,3037.377262
02/05/2019,2527.109998,2709.550868,3036.889574
03/05/2019,2523.330265,2711.431391,3027.023208
04/05/2019,2517.94096,2707.10702,3034.346989
05/05/2019,2518.548365,2700.833793,3029.356585
06/05/2019,2515.846051,2698.45588,3033.622962
07/05/2019,2508.348265,2692.459325,3025.331507
08/05/2019,2501.371622,2691.559484,3021.554689
09/05/2019,2499.143061,2681.544665,3015.450293
10/05/2019,2493.76846,2680.355552,3008.65217
11/05/2019,2489.230416,2679.335982,2996.920416
12/05/2019,2487.490299,2675.52118,2990.691288
13/05/2019,2489.911092,2674.031138,2990.647521
14/05/2019,2492.42499,2676.590955,2998.224006
15/05/2019,2488.177035,2674.219685,2997.201103
16/05/2019,2489.873749,2672.361484,2990.666335
17/05/2019,2486.001603,2674.678662,2992.603246
18/05/2019,2485.501969,2671.9578,2991.944073
19/05/2019,2484.450534,2672.192197,2987.304682
20/05/2019,2480.173372,2668.725225,2989.727602
21/05/2019,2478.83195,2661.800241,2982.49737
22/05/2019,2472.353758,2661.239435,2984.243388
23/05/2019,2471.594681,2655.579488,2977.851497
24/05/2019,2462.731887,2652.79955,2979.270859
25/05/2019,2454.968175,2641.116534,2971.901542
26/05/2019,2461.752791,2635.052558,2965.598315
27/05/2019,2455.561606,2641.360117,2969.539432
28/05/2019,2453.213953,2634.703483,2961.882412
29/05/2019,2455.014362,2635.769273,2956.61824
30/05/2019,2451.13692,2632.810446,2963.670431
31/05/2019,2446.279605,2634.209218,2955.582595
01/06/2019,2444.465615,2632.927886,2954.684892
02/06/2019,2446.112555,2628.947742,2957.453162
03/06/2019,2444.084177,2628.682525,2954.7035
04/06/2019,2441.07972,2630.8635,2947.120376
05/06/2019,2438.252393,2625.417011,2940.830671
06/06/2019,2435.660279,2624.383874,2944.47046
07/06/2019,2429.565771,2622.660476,2945.18813
08/06/2019,2430.156909,2618.486177,2940.203034
09/06/2019,2428.905463,2617.169706,2939.29409
10/06/2019,2430.06634,2614.673677,2940.018475
11/06/2019,2436.647881,2617.691791,2946.57737
12/06/2019,2427.347034,2621.269051,2952.321587
13/06/2019,2423.116766,2616.167152,2942.208731
14/06/2019,2417.701136,2610.730137,2941.87948
15/06/2019,2412.936957,2608.54882,2939.438491
16/06/2019,2408.479432,2605.259766,2929.351963
17/06/2019,2409.348042,2601.444921,2923.366574
18/06/2019,2402.745524,2600.234182,2923.932067
19/06/2019,2400.131529,2594.833256,2925.247176
20/06/2019,2394.442765,2593.980109,2929.906884
21/06/2019,2398.726427,2587.461502,2920.260088
22/06/2019,2397.609075,2587.301256,2922.897465
23/06/2019,2393.319731,2585.594024,2924.282916
24/06/2019,2400.032258,2578.684645,2923.637518
25/06/2019,2401.020322,2587.008372,2927.463256
26/06/2019,2399.620027,2587.670542,2924.726906
27/06/2019,2397.705746,2587.083032,2932.557962
28/06/2019,2390.92786,2585.554966,2922.167607
29/06/2019,2383.364017,2583.657856,2919.133251
30/06/2019,2382.1257,2575.842357,2911.092252
01/07/2019,2393.511527,2576.111111,2910.997538
02/07/2019,2395.055625,2585.563625,2913.520294
03/07/2019,2399.042923,2588.641772,2922.810552
04/07/2019,2403.36735,2590.503511,2923.179937
05/07/2019,2400.963055,2589.827657,2924.252943
06/07/2019,2404.125176,2583.847068,2921.308463
07/07/2019,2404.156766,2584.035323,2927.229738
08/07/2019,2404.005323,2585.155754,2930.388808
09/07/2019,2402.843218,2583.74734,2927.842859
10/07/2019,2403.070129,2582.90585,2931.130136
11/07/2019,2405.997138,2580.24206,2938.777527
12/07/2019,2404.555922,2581.160944,2939.411655
13/07/2019,2408.111,2579.722896,2932.518833
14/07/2019,2408.570202,2583.87995,2940.801742
15/07/2019,2411.858273,2584.210575,2938.296292
16/07/2019,2407.915218,2587.122984,2946.668036
17/07/2019,2407.260946,2583.735066,2947.399637
18/07/2019,2405.44119,2588.035074,2943.298309
19/07/2019,2406.805706,2586.815847,2948.277222
20/07/2019,2412.168658,2587.31789,2946.39152
21/07/2019,2414.881125,2590.633318,2944.671734
22/07/2019,2417.500288,2593.52337,2941.979354
23/07/2019,2422.81226,2595.527048,2941.03707
24/07/2019,2428.17643,2597.882125,2944.155341
25/07/2019,2425.505998,2602.642848,2954.243348
26/07/2019,2428.855098,2601.259734,2947.897181
27/07/2019,2425.886557,2603.13164,2951.700476
28/07/2019,2426.948133,2601.302273,2950.810432
29/07/2019,2430.388675,2601.718147,2955.21559
30/07/2019,2437.589823,2605.903178,2956.801887
31/07/2019,2434.120042,2610.944761,2973.614845
01/08/2019,2435.141181,2608.952799,2967.932397
02/08/2019,2429.638909,2610.703649,2969.971447
03/08/2019,2423.542363,2607.504134,2967.235197
04/08/2019,2429.972766,2605.618493,2962.17236
05/08/2019,2437.418103,2608.562238,2961.598861
06/08/2019,2431.219403,2614.05818,2964.858267
07/08/2019,2430.328216,2610.890634,2963.293822
08/08/2019,2427.297975,2614.130228,2962.257568
09/08/2019,2427.692937,2612.940309,2967.950226
10/08/2019,2428.420959,2612.567408,2967.077139
11/08/2019,2432.250439,2612.318566,2958.41598
12/08/2019,2434.858534,2612.954799,2960.116156
13/08/2019,2439.76506,2612.890705,2967.04949
14/08/2019,2439.945803,2612.12635,2965.344423
15/08/2019,2446.460396,2611.303566,2960.735481
16/08/2019,2448.93846,2618.26301,2963.68627
17/08/2019,2446.751409,2623.316232,2961.596929
18/08/2019,2455.499147,2622.935551,2956.135731
19/08/2019,2461.860515,2631.575348,2969.318596
20/08/2019,2460.85382,2638.505936,2969.388625
21/08/2019,2455.893184,2638.954775,2967.219983
22/08/2019,2457.208301,2635.918673,2969.468045
23/08/2019,2461.667032,2634.388114,2961.770938
24/08/2019,2461.272548,2641.206524,2959.835489
25/08/2019,2467.09225,2646.351195,2953.584828
26/08/2019,2463.166681,2649.524083,2962.20604
27/08/2019,2462.417168,2648.81757,2951.247113
28/08/2019,2457.99544,2648.696557,2952.830441
29/08/2019,2465.48514,2643.317119,2963.008
30/08/2019,2461.199795,2647.13972,2974.118398
31/08/2019,2458.101352,2648.991124,2975.122204
01/09/2019,2461.606522,2644.091424,2973.425444
02/09/2019,2459.367227,2645.575732,2979.302853
03/09/2019,2455.460378,2644.624602,2977.244639
04/09/2019,2457.568529,2644.15553,2973.842241
05/09/2019,2458.844495,2646.210905,2975.659852
06/09/2019,2455.329413,2651.095467,2984.032173
07/09/2019,2452.400573,2647.210923,2981.150995
08/09/2019,2452.006907,2645.234111,2975.803418
09/09/2019,2456.028028,2645.619991,2977.379512
10/09/2019,2464.350405,2643.624438,2971.429287
11/09/2019,2465.294721,2652.746927,2980.711703
12/09/2019,2461.428066,2651.765347,2982.264369
13/09/2019,2467.304879,2649.7699,2983.569887
14/09/2019,2464.211095,2653.55538,2992.12085
15/09/2019,2465.054186,2659.535402,2987.590284
16/09/2019,2459.142702,2661.313069,2994.40939
17/09/2019,2460.734097,2660.700185,2991.964679
18/09/2019,2460.914091,2661.797019,2991.776355
19/09/2019,2465.389995,2661.504127,2989.486861
20/09/2019,2465.399236,2661.081069,2994.262118
21/09/2019,2460.672228,2659.267131,2996.297953
22/09/2019,2466.467743,2657.97778,3000.021277
23/09/2019,2461.175497,2661.442603,3001.037555
24/09/2019,2462.761514,2657.764546,2996.954328
25/09/2019,2468.357171,2657.437617,2997.16136
26/09/2019,2469.857102,2662.712851,3000.931362
27/09/2019,2467.426455,2662.245877,2999.367388
28/09/2019,2473.220952,2661.142174,2994.853398
29/09/2019,2474.583768,2663.505854,2995.461075
30/09/2019,2476.454608,2660.070346,3001.726344
01/10/2019,2475.83859,2661.347236,2998.746686
02/10/2019,2477.975437,2659.566996,3000.813321
03/10/2019,2476.71378,2663.118921,3003.364751
04/10/2019,2479.86226,2658.516549,3002.343491
05/10/2019,2481.369502,2659.234573,2995.702506
06/10/2019,2483.392199,2660.775059,2999.717347
07/10/2019,2479.77849,2659.55979,3002.310802
08/10/2019,2480.800146,2659.565072,3006.007305
09/10/2019,2484.962526,2659.59559,3000.217173
10/10/2019,2485.397482,2660.313865,3006.586023
11/10/2019,2490.864646,2659.880015,3003.533359
12/10/2019,2490.199434,2663.600626,3011.256995
13/10/2019,2491.327746,2662.728463,3010.304745
14/10/2019,2494.553075,2663.94527,3008.636742
15/10/2019,2486.935995,2666.964453,3004.273616
16/10/2019,2481.637722,2663.871731,3002.386908
17/10/2019,2489.887243,2655.10662,2999.177897
18/10/2019,2492.248639,2663.237268,3010.695034
19/10/2019,2491.304959,2667.979393,3010.212694
20/10/2019,2492.485655,2663.270633,3009.281008
21/10/2019,2489.34894,2664.715845,3005.83563
22/10/2019,2487.831799,2666.025872,3002.599566
23/10/2019,2485.609305,2663.89839,2996.397744
24/10/2019,2494.150309,2660.012491,2991.229853
25/10/2019,2498.985318,2669.142496,2996.3689
26/10/2019,2500.014044,2675.826619,3001.840972
27/10/2019,2499.126174,2675.216952,2998.25499
28/10/2019,2506.566705,2674.225889,2997.009838
29/10/2019,2509.936995,2683.550808,3003.294486
30/10/2019,2512.226457,2687.593599,3001.571329
31/10/2019,2515.520467,2692.249928,3002.780618
01/11/2019,2522.979925,2696.259758,3009.14736
02/11/2019,2523.172019,2703.170174,3014.144163
03/11/2019,2525.091704,2703.522635,3008.805043
04/11/2019,2519.67766,2704.824553,3015.871194
05/11/2019,2515.480776,2703.874449,3015.546063
06/11/2019,2507.759031,2700.375406,3010.671977
07/11/2019,2507.893894,2697.663812,3018.939622
08/11/2019,2508.096221,2697.104873,3013.889933
09/11/2019,2505.417525,2696.971569,3011.660756
10/11/2019,2499.964824,2697.953425,2999.979896
11/11/2019,2500.83743,2692.12968,2996.908881
12/11/2019,2498.979839,2694.706617,2997.236823
13/11/2019,2497.549977,2695.929557,2995.541674
14/11/2019,2495.448342,2692.307177,2990.843681
15/11/2019,2491.427615,2688.075115,2991.397401
16/11/2019,2494.466464,2684.150241,2989.417127
17/11/2019,2494.865582,2686.037564,2994.366606
18/11/2019,2497.55981,2685.766949,2989.149799
19/11/2019,2500.854196,2693.351911,2992.19555
20/11/2019,2505.945005,2697.621152,3000.097131
21/11/2019,2506.916229,2701.073127,3008.379992
22/11/2019,2505.217847,2703.153633,3009.223271
23/11/2019,2497.460841,2703.078602,3003.408678
24/11/2019,2501.010797,2698.234866,2995.78711
25/11/2019,2501.604758,2703.748727,3004.500679
26/11/2019,2497.351113,2707.334204,3013.480915
27/11/2019,2494.780408,2704.528163,3018.000107
28/11/2019,2497.830313,2697.676634,3015.414994
29/11/2019,2489.769274,2702.827965,3020.658363
30/11/2019,2492.604624,2701.615704,3012.605718
01/12/2019,2487.805723,2703.644951,3003.657123
02/12/2019,2489.049972,2700.609266,2999.084934
03/12/2019,2486.137482,2702.44261,3002.160647
04/12/2019,2491.129618,2699.261098,2998.756107
05/12/2019,2492.409177,2701.338629,3001.508498
06/12/2019,2489.936256,2702.075452,2997.639468
07/12/2019,2492.75325,2701.597243,2994.06553
08/12/2019,2496.348231,2707.995447,2990.742555
09/12/2019,2493.604721,2710.426514,3002.828433
10/12/2019,2494.311914,2705.191401,3006.604867
11/12/2019,2498.772038,2708.227456,3008.777285
12/12/2019,2505.733177,2710.059974,3011.435803
13/12/2019,2505.046176,2713.660366,3018.721449
14/12/2019,2508.298101,2716.737223,3013.18203
15/12/2019,2514.071746,2720.847442,3009.878902
16/12/2019,2507.020107,2724.618902,3016.691624
17/12/2019,2514.944749,2718.075913,3009.925591
18/12/2019,2511.410138,2722.520639,3020.612295
19/12/2019,2516.712184,2718.870377,3018.910376
20/12/2019,2510.229555,2721.053102,3019.221641
21/12/2019,2506.502443,2716.397868,3010.832517
22/12/2019,2504.612743,2715.495708,3017.169718
23/12/2019,2507.695431,2717.193086,3014.605311
24/12/2019,2512.432627,2722.752516,3017.539527
25/12/2019,2514.560299,2723.950874,3027.19703
26/12/2019,2515.800747,2727.03127,3028.521578
27/12/2019,2521.953319,2726.425266,3037.144887
28/12/2019,2527.903691,2731.771578,3041.541437
29/12/2019,2531.755262,2735.294246,3053.098498
30/12/2019,2533.518997,2738.270892,3050.02336
31/12/2019,2538.350055,2738.722468,3052.557343
01/01/2020,2541.664857,2744.960013,3060.109717
02/01/2020,2542.930228,2748.136099,3067.889407
03/01/2020,2542.632198,2752.832128,3061.31289
04/01/2020,2543.876515,2752.880931,3055.739069
05/01/2020,2537.383916,2755.200054,3054.076704
06/01/2020,2531.515892,2744.039037,3053.902642
07/01/2020,2537.287575,2740.819939,3051.144583
08/01/2020,2536.046014,2746.195999,3049.721602
09/01/2020,2542.644614,2744.201439,3046.931939
10/01/2020,2540.869798,2749.871793,3056.612464
11/01/2020,2535.065979,2749.451274,3055.477086
12/01/2020,2538.521751,2747.44261,3051.631723
13/01/2020,2537.602167,2748.59045,3049.729981
14/01/2020,2538.032889,2747.972124,3049.971491
15/01/2020,2528.813387,2746.878477,3052.840212
16/01/2020,2532.299562,2741.161824,3045.417556
17/01/2020,2528.683571,2742.412271,3050.116436
18/01/2020,2520.80356,2736.645861,3047.669018
19/01/2020,2523.246689,2735.612584,3044.427901
20/01/2020,2525.439117,2737.492253,3043.261927
21/01/2020,2521.856293,2736.229797,3041.153809
22/01/2020,2521.303109,2731.706316,3046.102771
23/01/2020,2521.247141,2732.056883,3048.216389
24/01/2020,2517.939131,2731.494046,3043.930071
25/01/2020,2516.865402,2731.181009,3038.855887
26/01/2020,2526.084848,2731.082206,3033.278307
27/01/2020,2522.603141,2735.003808,3036.711135
28/01/2020,2517.853565,2733.894851,3040.334283
29/01/2020,2521.88882,2730.315742,3042.118695
30/01/2020,2518.137227,2736.195316,3043.629216
31/01/2020,2517.547032,2735.147995,3035.157145
01/02/2020,2516.586988,2735.193703,3034.339918
02/02/2020,2518.436102,2736.340813,3029.609893
03/02/2020,2521.435057,2739.079732,3035.652083
04/02/2020,2517.311271,2741.072854,3040.243882
05/02/2020,2516.639229,2737.8808,3041.871717
06/02/2020,2515.806679,2730.981259,3038.355971
07/02/2020,2511.438909,2728.351859,3034.279617
08/02/2020,2508.48551,2723.811785,3026.006033
09/02/2020,2510.502838,2718.73095,3022.551522
10/02/2020,2508.488383,2716.60674,3020.254618
11/02/2020,2509.626733,2711.142108,3019.731978
12/02/2020,2504.662405,2709.78497,3017.410528
13/02/2020,2505.943162,2705.220902,3005.741947
14/02/2020,2498.703368,2707.066907,3004.413584
15/02/2020,2494.291505,2707.324858,3005.52544
16/02/2020,2498.267522,2703.635911,3003.500685
17/02/2020,2490.661173,2703.939077,3006.637481
18/02/2020,2493.756712,2701.669347,2999.400316
19/02/2020,2492.725715,2705.566005,3012.570507
20/02/2020,2487.21639,2703.842345,3015.081772
21/02/2020,2490.192464,2704.395131,3007.537678
22/02/2020,2488.227298,2707.258913,3011.587885
23/02/2020,2488.244154,2705.841953,3010.526498
24/02/2020,2483.118961,2704.990286,3009.114128
25/02/2020,2489.556509,2701.69213,3011.829504
26/02/2020,2487.765953,2706.739033,3018.292001
27/02/2020,2486.647605,2705.806555,3018.11299
28/02/2020,2490.82119,2706.394289,3017.807843
29/02/2020,2486.173896,2711.349428,3013.82794
01/03/2020,2486.398889,2709.340625,3009.469852
02/03/2020,2490.462439,2712.915117,3011.119133
03/03/2020,2496.592034,2716.824053,3021.997804
04/03/2020,2497.004843,2715.405713,3016.048329
05/03/2020,2501.425249,2711.3464,3013.240082
06/03/2020,2502.699932,2709.710155,3012.911588
07/03/2020,2503.972496,2708.498208,3014.94298
08/03/2020,2510.927213,2707.69252,3015.576708
09/03/2020,2511.482552,2713.260139,3019.676205
10/03/2020,2509.193894,2712.301424,3020.428954
11/03/2020,2510.593508,2710.606999,3018.561637
12/03/2020,2510.99238,2710.100976,3015.999807
13/03/2020,2514.275458,2713.326889,3020.59626
14/03/2020,2507.96672,2717.91782,3026.423178
15/03/2020,2508.256433,2719.340688,3028.276328
16/03/2020,2517.57527,2720.046308,3025.377347
17/03/2020,2513.175926,2724.503398,3040.686916
18/03/2020,2519.979005,2723.77966,3033.539247
19/03/2020,2516.712806,2726.523797,3037.230201
20/03/2020,2516.754167,2718.989251,3032.822038
21/03/2020,2519.057822,2718.243059,3028.790581
22/03/2020,2517.07722,2718.937292,3029.611976
23/03/2020,2517.420869,2720.606928,3029.004485
24/03/2020,2518.894115,2720.44309,3020.853426
25/03/2020,2514.597722,2725.429284,3024.650887
26/03/2020,2514.124527,2719.878255,3020.211101
27/03/2020,2510.894675,2717.935597,3017.230386
28/03/2020,2508.352443,2712.580036,3014.710395
29/03/2020,2509.131811,2710.086586,3013.45816
30/03/2020,2505.169086,2712.844023,3014.136125
31/03/2020,2498.822276,2712.112546,3011.06067
01/04/2020,2509.60666,2713.395907,3011.723012
02/04/2020,2524.181363,2727.050219,3017.516837
03/04/2020,2536.771881,2741.829216,3036.989027
04/04/2020,2543.492471,2757.625041,3051.325964
05/04/2020,2551.988052,2763.535648,3059.319524
06/04/2020,2560.539538,2771.711668,3067.066751
07/04/2020,2573.196185,2780.323766,3072.244021
08/04/2020,2585.644452,2795.683405,3080.869837
09/04/2020,2596.035559,2809.553494,3098.501515
10/04/2020,2599.442958,2824.825834,3110.145719
11/04/2020,2618.317807,2835.990497,3118.557747
12/04/2020,2633.34241,2854.364428,3137.19224
13/04/2020,2645.679552,2868.94303,3151.336946
14/04/2020,2654.265621,2879.120984,3163.772917
15/04/2020,2674.281754,2892.393422,3176.588747
16/04/2020,2683.729239,2908.828826,3201.169224
17/04/2020,2694.545976,2920.224362,3213.988615
18/04/2020,2705.154894,2931.027574,3221.505667
19/04/2020,2718.94681,2939.705563,3224.993882
20/04/2020,2732.075074,2957.70159,3235.534161
21/04/2020,2744.00327,2975.132682,3245.387314
22/04/2020,2755.251401,2989.235759,3250.876185
23/04/2020,2765.424781,2999.078408,3264.835815
24/04/2020,2781.426522,3011.587986,3280.283334
25/04/2020,2785.107212,3025.846823,3292.954845
26/04/2020,2795.426679,3033.689997,3301.650561
27/04/2020,2804.60218,3044.870397,3315.720176
28/04/2020,2814.5937,3052.981742,3320.040009
29/04/2020,2829.14856,3059.724295,3335.552791
30/04/2020,2838.213449,3075.525804,3350.780815
01/05/2020,2851.674233,3080.35347,3369.644313
02/05/2020,2868.075533,3093.431854,3385.086301
03/05/2020,2886.667382,3108.015101,3401.658143
04/05/2020,2898.792585,3125.921311,3419.274428
05/05/2020,2909.617075,3138.690197,3434.718691
06/05/2020,2927.833666,3150.739239,3444.616299
07/05/2020,2940.132419,3165.537819,3461.696937
08/05/2020,2946.359669,3173.487743,3475.885091
09/05/2020,2958.681655,3177.571182,3484.926967
10/05/2020,2974.323911,3189.745731,3495.120607
11/05/2020,2983.469351,3207.56187,3513.645379
12/05/2020,2998.581905,3217.608334,3514.904888
13/05/2020,3005.670829,3234.052204,3521.770118
14/05/2020,3018.899773,3239.281099,3530.385917
15/05/2020,3036.122021,3251.448992,3535.53164
16/05/2020,3048.497244,3266.126841,3549.812593
17/05/2020,3062.518341,3277.870703,3556.460781
18/05/2020,3074.674995,3295.323314,3568.49797
19/05/2020,3086.791798,3307.516868,3578.809353
20/05/2020,3100.641452,3320.452795,3592.930312
21/05/2020,3114.692764,3328.293331,3601.56774
22/05/2020,3128.842929,3340.497648,3619.126677
23/05/2020,3144.565656,3350.911922,3643.785655
24/05/2020,3158.814355,3367.463314,3658.677942
25/05/2020,3163.371193,3384.185023,3676.656226
26/05/2020,3176.706427,3390.587158,3677.955279
27/05/2020,3191.99887,3402.297976,3702.408906
28/05/2020,3204.83273,3414.891915,3723.04501
29/05/2020,3215.519865,3428.146878,3734.110914
30/05/2020,3232.950539,3435.815697,3741.100006
31/05/2020,3246.737751,3451.535778,3762.172497
01/06/2020,3254.698745,3470.003842,3766.556432
02/06/2020,3261.356856,3477.666522,3782.084634
03/06/2020,3277.339539,3487.325173,3794.163329
04/06/2020,3292.298214,3499.329175,3811.485744
05/06/2020,3309.085603,3512.343516,3823.154815
06/06/2020,3327.534522,3529.116861,3845.810204
07/06/2020,3345.724299,3547.000453,3863.087668
08/06/2020,3355.924495,3558.258162,3876.429597
09/06/2020,3362.382907,3573.872706,3880.923227
10/06/2020,3372.123974,3582.506953,3891.540643
11/06/2020,3379.079241,3590.260348,3902.285574
12/06/2020,3387.298469,3596.369968,3913.142589
13/06/2020,3403.340008,3605.046808,3922.499128
14/06/2020,3412.545116,3620.720406,3942.62379
15/06/2020,3422.988673,3631.044414,3959.709789
16/06/2020,3435.502706,3641.049728,3969.835827
17/06/2020,3445.97915,3653.235746,3983.42885
18/06/2020,3460.345642,3663.976117,3993.526834
19/06/2020,3467.582879,3677.929774,4006.354474
20/06/2020,3478.176674,3686.154935,4011.843409
21/06/2020,3484.912131,3694.275936,4037.359654
22/06/2020,3491.366662,3705.789254,4049.060889
23/06/2020,3502.826198,3713.380651,4062.384627
24/06/2020,3508.557885,3722.2844,4072.761688
25/06/2020,3519.500001,3731.267909,4074.665773
26/06/2020,3532.86281,3745.174221,4080.456511
27/06/2020,3542.688756,3756.740169,4087.881925
28/06/2020,3555.209207,3768.902079,4097.269919
29/06/2020,3567.851801,3781.545379,4111.157589
30/06/2020,3586.433235,3793.989747,4124.337865
01/07/2020,3571.136701,3806.333101,4130.540885
02/07/2020,3568.610161,3793.710671,4118.12742
03/07/2020,3565.820558,3789.239683,4119.180712
04/07/2020,3561.744072,3784.044883,4110.265384
05/07/2020,3553.738807,3778.792088,4113.89021
06/07/2020,3547.001785,3771.296348,4105.962638
07/07/2020,3539.06595,3763.866389,4102.919094
08/07/2020,3536.109786,3755.677389,4099.983973
09/07/2020,3531.031247,3753.931609,4091.571513
10/07/2020,3525.081927,3749.555138,4084.930442
11/07/2020,3514.55189,3743.30224,4068.506783
12/07/2020,3508.146084,3734.591833,4060.882905
13/07/2020,3502.896218,3726.885947,4051.172166
14/07/2020,3495.671382,3716.46268,4042.276871
15/07/2020,3492.886741,3707.898919,4030.225071
16/07/2020,3481.777461,3701.622119,4027.593788
17/07/2020,3481.030379,3695.97182,4016.426507
18/07/2020,3475.661241,3695.486089,4012.121352
19/07/2020,3475.379337,3691.378891,4011.292442
20/07/2020,3471.587928,3693.403126,4016.284428
21/07/2020,3469.03228,3685.955307,4009.918421
22/07/2020,3474.952298,3681.477796,4009.874684
23/07/2020,3475.483145,3682.692832,4015.591987
24/07/2020,3475.627457,3684.076376,4009.73955
25/07/2020,3479.830537,3678.013759,4006.790489
26/07/2020,3468.196276,3681.747013,4007.234558
27/07/2020,3458.124284,3672.23506,3998.724541
28/07/2020,3451.582595,3665.674124,3990.248236
29/07/2020,3448.355541,3659.891907,3980.428891
30/07/2020,3439.621215,3655.328414,3971.019453
31/07/2020,3435.410717,3649.321425,3969.26744
01/08/2020,3428.467061,3645.846958,3965.06013
02/08/2020,3420.21983,3638.977474,3959.403055
03/08/2020,3414.088594,3632.71772,3952.334732
04/08/2020,3407.954323,3622.513321,3949.57841
05/08/2020,3402.524851,3616.441077,3943.553804
06/08/2020,3397.410875,3609.193815,3951.201261
07/08/2020,3392.083349,3604.808495,3945.506123
08/08/2020,3386.753467,3598.686502,3940.485471
09/08/2020,3389.446828,3594.983764,3931.058546
10/08/2020,3385.703239,3592.347468,3935.417186
11/08/2020,3383.900354,3586.350108,3934.276056
12/08/2020,3385.794038,3583.525494,3928.856035
13/08/2020,3383.315709,3582.372447,3923.116076
14/08/2020,3377.043342,3580.803893,3923.847175
15/08/2020,3369.288665,3569.580163,3921.236317
16/08/2020,3370.097054,3566.277785,3911.915152
17/08/2020,3364.858876,3567.373121,3903.209552
18/08/2020,3365.035528,3556.666831,3902.016618
19/08/2020,3351.664751,3555.518737,3900.468783
20/08/2020,3341.043964,3544.829758,3892.509165
21/08/2020,3335.837012,3537.345619,3889.954132
22/08/2020,3333.776763,3530.11475,3881.478432
23/08/2020,3326.477593,3526.018942,3872.233042
24/08/2020,3320.823102,3521.448146,3862.91549
25/08/2020,3309.569487,3513.344015,3854.130844
26/08/2020,3301.628638,3503.537148,3844.221148
27/08/2020,3295.96623,3493.446523,3833.223707
28/08/2020,3289.073599,3489.007788,3828.577582
29/08/2020,3287.266585,3483.533912,3829.873161
30/08/2020,3282.236185,3480.014818,3823.383206
31/08/2020,3272.370047,3476.051985,3813.566435
01/09/2020,3268.407445,3464.228588,3798.590854
02/09/2020,3258.396147,3460.03684,3783.024477
03/09/2020,3250.021452,3457.133164,3776.004147
04/09/2020,3246.451053,3445.653697,3766.37737
05/09/2020,3240.634086,3442.440348,3757.942813
06/09/2020,3230.922958,3437.801162,3753.631175
07/09/2020,3227.834821,3428.345059,3741.361088
08/09/2020,3219.196197,3427.821369,3733.084852
09/09/2020,3214.269848,3416.880788,3718.631079
10/09/2020,3206.448354,3411.201606,3715.913622
11/09/2020,3198.429067,3401.090925,3699.356415
12/09/2020,3195.299702,3391.490093,3693.28144
13/09/2020,3190.433752,3391.810355,3686.341856
14/09/2020,3183.948931,3385.90678,3681.436256
15/09/2020,3179.354532,3378.18961,3673.04167
16/09/2020,3169.11557,3371.286423,3674.43259
17/09/2020,3161.357912,3364.408111,3667.021077
18/09/2020,3156.276694,3357.370934,3665.828957
19/09/2020,3150.773253,3355.816047,3656.321407
20/09/2020,3144.416001,3350.329143,3657.346017
21/09/2020,3142.700737,3345.524325,3658.295683
22/09/2020,3142.270986,3341.039359,3654.792051
23/09/2020,3137.03505,3339.951502,3650.232874
24/09/2020,3129.265158,3334.905191,3648.755433
25/09/2020,3130.004544,3323.749585,3644.876946
26/09/2020,3115.306049,3318.515123,3653.769017
27/09/2020,3102.820129,3307.455027,3638.201371
28/09/2020,3098.656657,3292.937561,3629.339305
29/09/2020,3091.217104,3287.947794,3623.849316
30/09/2020,3083.746739,3281.752718,3614.820284
01/10/2020,3076.881017,3273.925396,3606.432405
02/10/2020,3072.91525,3266.013847,3597.789568
03/10/2020,3066.929868,3260.022676,3580.366144
04/10/2020,3062.131223,3250.834988,3565.893111
05/10/2020,3055.44398,3244.283287,3558.31252
06/10/2020,3053.484513,3239.284758,3554.725433
07/10/2020,3044.265346,3235.538764,3551.685264
08/10/2020,3037.607807,3232.028361,3539.868578
09/10/2020,3033.377765,3220.717183,3537.372952
10/10/2020,3026.018091,3213.728752,3527.094424
11/10/2020,3018.682582,3203.10945,3520.139186
12/10/2020,3012.400915,3195.585593,3507.740714
13/10/2020,3008.156213,3192.872143,3501.902891
14/10/2020,3001.794535,3188.929909,3498.779972
15/10/2020,2996.660738,3183.269813,3499.725442
16/10/2020,2995.377718,3179.516533,3497.027754
17/10/2020,2981.958094,3178.301113,3495.884671
18/10/2020,2978.686348,3169.392914,3490.888576
19/10/2020,2971.68437,3167.038849,3487.434055
20/10/2020,2963.608758,3162.232423,3475.49521
21/10/2020,2954.103528,3154.214019,3465.684283
22/10/2020,2951.520894,3146.75542,3460.456449
23/10/2020,2947.105013,3140.378095,3454.863079
24/10/2020,2945.597072,3135.334868,3450.893057
25/10/2020,2940.684907,3136.465919,3441.454738
26/10/2020,2932.839359,3133.00023,3434.768025
27/10/2020,2928.063009,3121.749976,3437.041839
28/10/2020,2921.123997,3115.67507,3436.667577
29/10/2020,2916.325788,3108.877531,3431.652396
30/10/2020,2912.181939,3101.695688,3427.055188
31/10/2020,2892.956195,3095.926589,3418.088444
01/11/2020,2887.257888,3077.088807,3410.011422
02/11/2020,2876.414791,3073.896861,3403.499579
03/11/2020,2869.424699,3066.124875,3393.767379
04/11/2020,2869.202971,3060.037944,3387.444759
05/11/2020,2858.805726,3055.49801,3387.44644
06/11/2020,2854.238394,3045.424923,3372.606555
07/11/2020,2843.83369,3034.888555,3370.104536
08/11/2020,2835.718331,3025.119001,3365.612522
09/11/2020,2827.92968,3014.939745,3359.587811
10/11/2020,2828.114763,3007.882001,3355.477867
11/11/2020,2821.251019,3003.126483,3351.821789
12/11/2020,2816.352217,2995.017637,3340.252738
13/11/2020,2808.006117,2986.914163,3333.552383
14/11/2020,2801.627144,2980.040428,3328.232659
15/11/2020,2790.470143,2974.216029,3319.758449
16/11/2020,2788.030987,2961.236126,3306.729828
17/11/2020,2787.163484,2958.976892,3300.991333
18/11/2020,2782.985999,2959.978623,3300.77542
19/11/2020,2773.298759,2951.223403,3291.174119
20/11/2020,2772.337083,2945.589227,3278.172986
21/11/2020,2763.587962,2941.512733,3271.198285
22/11/2020,2759.452354,2930.829993,3262.848648
23/11/2020,2751.717999,2925.492779,3260.067612
24/11/2020,2745.237344,2917.837928,3254.062591
25/11/2020,2734.466969,2913.447041,3257.315088
26/11/2020,2726.852388,2903.115248,3244.078443
27/11/2020,2722.573712,2894.707817,3235.684071
28/11/2020,2709.210356,2889.264922,3226.945512
29/11/2020,2703.020081,2872.282898,3222.615593
30/11/2020,2691.904578,2864.966619,3221.049682
01/12/2020,2678.117677,2856.001434,3215.689843
02/12/2020,2669.808728,2844.272036,3205.302619
03/12/2020,2664.396343,2840.517539,3198.357394
04/12/2020,2657.46604,2833.823092,3193.915033
05/12/2020,2651.375189,2826.24364,3184.30634
06/12/2020,2645.109314,2825.251605,3175.118453
07/12/2020,2637.596339,2818.339312,3164.227469
08/12/2020,2636.253027,2813.058904,3153.544516
09/12/2020,2632.08613,2811.05305,3148.151346
10/12/2020,2632.946667,2810.174133,3143.444602
11/12/2020,2628.4782,2810.589243,3148.092289
12/12/2020,2621.800611,2804.231245,3145.834751
13/12/2020,2617.179532,2795.613686,3135.732203
14/12/2020,2618.110636,2788.877649,3122.848877
15/12/2020,2610.701103,2785.22188,3112.93244
16/12/2020,2602.090139,2777.385635,3104.015026
17/12/2020,2602.128298,2768.715028,3098.055376
18/12/2020,2595.938661,2770.968381,3101.203955
19/12/2020,2589.588689,2767.053668,3087.273754
20/12/2020,2583.10435,2763.089564,3078.693551
21/12/2020,2580.14761,2755.683538,3076.764231
22/12/2020,2575.133591,2750.944799,3075.095194
23/12/2020,2563.553075,2746.231246,3072.602409
24/12/2020,2561.56273,2737.586845,3058.828173
25/12/2020,2559.162388,2735.51927,3051.818214
26/12/2020,2555.41198,2732.429041,3050.346769
27/12/2020,2550.84228,2729.11171,3041.771997
28/12/2020,2543.821923,2722.59489,3029.482032
29/12/2020,2527.907534,2714.206172,3026.04138
30/12/2020,2523.220964,2703.487571,3012.608843
31/12/2020,2517.923685,2699.710455,3004.230103
01/01/2021,2513.328121,2698.040144,3001.800091
02/01/2021,2511.835122,2696.189716,3004.176636
03/01/2021,2505.858828,2695.86479,2996.11932
04/01/2021,2507.594648,2692.203084,2994.157528
05/01/2021,2507.630375,2694.326342,2989.481352
06/01/2021,2509.864593,2695.683784,2998.100461
07/01/2021,2509.392767,2696.636284,3003.702549
08/01/2021,2501.335013,2698.269357,2999.118934
09/01/2021,2502.926099,2696.151711,2992.363815
10/01/2021,2504.751199,2696.288809,2989.050725
11/01/2021,2511.743201,2695.256661,2989.483943
12/01/2021,2511.717271,2695.904349,2989.299948
13/01/2021,2509.916398,2695.461486,2990.654556
14/01/2021,2509.237151,2690.778126,2988.85434
15/01/2021,2507.698353,2691.854186,2996.328556
16/01/2021,2508.467111,2687.711326,2994.170928
17/01/2021,2509.663321,2691.410107,2994.244169
18/01/2021,2510.988181,2697.161337,2999.948488
19/01/2021,2508.12555,2696.736122,3001.261957
20/01/2021,2502.545887,2696.02147,2993.007924
21/01/2021,2506.166019,2693.450533,2995.983953
22/01/2021,2502.20878,2696.062731,3003.969032
23/01/2021,2499.318824,2692.511373,2997.651178
24/01/2021,2494.299139,2689.53245,3000.200409
25/01/2021,2496.373649,2690.160807,2996.729313
26/01/2021,2494.909133,2693.408829,2997.742325
27/01/2021,2491.559402,2689.355771,2999.473316
28/01/2021,2491.368825,2688.142329,2995.807749
29/01/2021,2496.391814,2686.798873,2988.862254
30/01/2021,2497.002471,2690.12319,2995.740161
31/01/2021,2497.076867,2690.947905,2999.125978
01/02/2021,2497.397196,2692.598875,2999.260429
02/02/2021,2504.974192,2691.994276,2993.340849
03/02/2021,2507.528553,2696.947562,2997.000199
04/02/2021,2512.878414,2701.353695,2994.168142
05/02/2021,2508.775972,2704.269427,2999.026898
06/02/2021,2512.509269,2703.946038,2999.455884
07/02/2021,2507.526228,2707.23283,2998.283139
08/02/2021,2504.409109,2701.937505,2998.105203
09/02/2021,2500.349953,2696.724392,2997.84942
10/02/2021,2496.161667,2691.113804,2994.504163
11/02/2021,2500.166465,2691.125291,2985.619104
12/02/2021,2500.078369,2693.05984,2993.161241
13/02/2021,2498.794412,2697.079397,2985.895012
14/02/2021,2494.217417,2696.665812,2985.519724
15/02/2021,2497.316736,2694.078523,2980.312681
16/02/2021,2499.206024,2697.787366,2978.840944
17/02/2021,2502.122499,2697.849466,2974.358347
18/02/2021,2501.200748,2698.491738,2969.824843
19/02/2021,2500.708053,2698.276168,2968.349485
20/02/2021,2499.708246,2699.786735,2972.223156
21/02/2021,2498.435517,2696.852778,2968.592563
22/02/2021,2495.283277,2693.676493,2966.635574
23/02/2021,2498.430293,2693.520286,2961.872802
24/02/2021,2503.755621,2693.305474,2973.125667
25/02/2021,2505.908214,2697.726716,2971.214804
26/02/2021,2504.71775,2699.430491,2971.386216
27/02/2021,2499.275317,2698.336077,2969.453
28/02/2021,2494.18092,2694.462656,2973.312655
01/03/2021,2497.212837,2689.193148,2969.163252
02/03/2021,2497.757134,2689.66062,2966.376009
03/03/2021,2492.937981,2692.788722,2967.725557
04/03/2021,2487.797865,2690.372167,2967.827517
05/03/2021,2487.896511,2687.654746,2968.266144
06/03/2021,2488.039348,2686.11965,2968.69364
07/03/2021,2489.97938,2686.05479,2967.146734
08/03/2021,2491.800088,2684.055763,2965.991696
09/03/2021,2496.604715,2684.022183,2973.738443
10/03/2021,2499.11523,2686.674185,2971.441926
11/03/2021,2491.216504,2690.436281,2972.392704
12/03/2021,2486.915188,2684.201446,2969.645818
13/03/2021,2483.949302,2680.372489,2970.168156
14/03/2021,2483.453559,2673.569749,2972.650923
15/03/2021,2488.930062,2672.186912,2972.128002
16/03/2021,2490.819001,2675.299327,2976.987248
17/03/2021,2493.15226,2679.85515,2983.927348
18/03/2021,2496.77807,2682.816049,2985.383223
19/03/2021,2491.767675,2685.703631,2992.34141
20/03/2021,2486.461552,2684.090836,2990.540366
21/03/2021,2481.386038,2681.618735,2994.005463
22/03/2021,2481.506601,2681.610052,2993.060217
23/03/2021,2479.371056,2681.923673,2996.604168
24/03/2021,2483.505349,2679.72876,2994.152241
25/03/2021,2482.138565,2686.966029,2999.677227
26/03/2021,2480.916875,2689.012273,2999.402046
27/03/2021,2479.46723,2688.104455,2994.772314
28/03/2021,2476.84802,2690.376818,3000.241562
29/03/2021,2476.712725,2688.486324,3001.548425
30/03/2021,2477.036877,2688.380121,2998.624444
31/03/2021,2475.304666,2687.274464,2996.77907
01/04/2021,2476.392651,2687.284149,3002.285567
02/04/2021,2474.456134,2687.610823,3008.073363
03/04/2021,2464.771844,2685.84267,2999.770773
04/04/2021,2466.529562,2680.686519,2997.235899
05/04/2021,2463.147876,2680.303151,2990.301566
06/04/2021,2464.526993,2673.822019,2988.5822
07/04/2021,2470.298335,2678.148498,2991.837906
08/04/2021,2470.190906,2679.871962,2986.898836
09/04/2021,2469.458141,2683.496346,2984.420281
10/04/2021,2470.695928,2683.220574,2986.788393
11/04/2021,2468.841923,2685.137587,2990.472436
12/04/2021,2467.361622,2682.841573,2989.603395
13/04/2021,2468.713827,2680.297158,2978.439808
14/04/2021,2461.390603,2679.181972,2978.855187
15/04/2021,2455.988211,2672.406108,2973.431079
16/04/2021,2453.541365,2669.192393,2970.189806
17/04/2021,2448.152522,2664.63613,2973.426225
18/04/2021,2449.23037,2661.778926,2975.104137
19/04/2021,2448.329078,2662.765458,2964.335771
20/04/2021,2445.318954,2663.240207,2958.798742
21/04/2021,2450.280492,2662.494344,2962.484755
22/04/2021,2452.103265,2663.178352,2967.274724
23/04/2021,2455.24255,2667.738996,2967.133931
24/04/2021,2446.040155,2669.175174,2974.0497
25/04/2021,2444.964886,2665.329297,2964.490946
26/04/2021,2438.205475,2661.123782,2962.907019
27/04/2021,2432.569446,2655.194586,2955.202058
28/04/2021,2432.507052,2654.33854,2946.527944
29/04/2021,2428.251685,2656.608984,2940.81621
30/04/2021,2433.24248,2652.864317,2932.810819
01/05/2021,2433.858757,2658.02941,2940.854113
02/05/2021,2439.222408,2656.481676,2939.720474
03/05/2021,2442.89729,2663.907095,2942.385386
04/05/2021,2441.923669,2665.720347,2942.752306
05/05/2021,2440.796585,2661.416325,2937.37351
06/05/2021,2444.425913,2656.977913,2934.261803
07/05/2021,2442.886807,2658.485716,2936.780361
08/05/2021,2443.687542,2653.109276,2936.284162
09/05/2021,2444.348303,2658.178259,2924.899091
10/05/2021,2438.236022,2659.101721,2923.387938
11/05/2021,2435.080672,2656.800221,2914.098297
12/05/2021,2433.526038,2653.23249,2912.570257
13/05/2021,2432.974902,2652.92274,2913.513642
14/05/2021,2436.558844,2649.086912,2913.627707
15/05/2021,2436.787822,2647.321621,2916.109423
16/05/2021,2439.336205,2647.36409,2913.328609
17/05/2021,2432.094823,2648.623857,2910.974715
18/05/2021,2436.935276,2645.63975,2907.255552
19/05/2021,2436.921918,2648.559642,2917.571427
20/05/2021,2436.946061,2650.83099,2915.504932
21/05/2021,2441.74036,2651.529554,2914.206743
22/05/2021,2440.701739,2651.713414,2915.62399
23/05/2021,2435.662414,2647.504075,2918.325516
24/05/2021,2428.638844,2644.544288,2915.743722
25/05/2021,2428.184061,2641.820842,2908.464771
26/05/2021,2425.147473,2641.598744,2900.908774
27/05/2021,2425.680207,2635.078379,2889.67716
28/05/2021,2424.648496,2630.850464,2886.294748
29/05/2021,2423.788904,2629.378281,2884.585341
30/05/2021,2423.268295,2630.581895,2891.265574
31/05/2021,2419.783658,2628.090656,2891.458821
01/06/2021,2422.877915,2624.144906,2891.178195
02/06/2021,2420.920787,2623.780303,2889.107672
03/06/2021,2411.020412,2620.707953,2891.6969
04/06/2021,2411.247632,2612.602331,2882.923862
05/06/2021,2411.194606,2608.96112,2884.401434
06/06/2021,2408.84562,2606.159546,2887.751092
07/06/2021,2409.500013,2608.045248,2880.056652
08/06/2021,2409.357328,2608.699133,2882.667037
09/06/2021,2402.528553,2606.823081,2884.023877
10/06/2021,2399.693624,2600.530101,2878.728434
11/06/2021,2396.646939,2598.248095,2877.853188
12/06/2021,2400.03582,2592.55718,2874.359797
13/06/2021,2397.022768,2593.000246,2872.864685
14/06/2021,2394.139672,2589.679162,2865.828258
15/06/2021,2392.229982,2585.806827,2860.575642
16/06/2021,2391.929877,2582.36225,2858.907278
17/06/2021,2390.982663,2584.322,2861.263524
18/06/2021,2393.181445,2583.639609,2854.992654
19/06/2021,2388.890365,2583.351342,2848.109074
20/06/2021,2382.408506,2585.136698,2841.970733
21/06/2021,2378.610746,2576.605224,2839.409809
22/06/2021,2376.386933,2572.06571,2840.158863
23/06/2021,2370.38925,2570.668403,2838.323994
24/06/2021,2365.187494,2568.403288,2832.912468
25/06/2021,2357.115774,2565.81147,2832.6953
26/06/2021,2358.666627,2560.948148,2829.585091
27/06/2021,2355.62696,2563.661972,2828.464062
28/06/2021,2354.351197,2560.591325,2831.915341
29/06/2021,2350.823506,2555.921032,2829.776327
30/06/2021,2346.224244,2550.675043,2827.463731
01/07/2021,2353.836117,2546.372024,2829.554971
02/07/2021,2355.3625,2553.176593,2834.807187
03/07/2021,2353.227871,2553.334001,2837.139462
04/07/2021,2351.699426,2551.555358,2842.037722
05/07/2021,2358.437362,2551.705707,2847.97894
06/07/2021,2352.513339,2559.155662,2849.596294
07/07/2021,2353.538587,2554.978036,2841.244437
08/07/2021,2356.856966,2555.323085,2842.4981
09/07/2021,2366.666051,2557.732504,2841.598697
10/07/2021,2368.658484,2566.059267,2855.632205
11/07/2021,2372.270468,2563.716846,2864.927023
12/07/2021,2378.811624,2565.978925,2863.130724
13/07/2021,2373.80914,2573.664401,2866.65625
14/07/2021,2385.183025,2569.343449,2867.579734
15/07/2021,2386.757893,2575.504861,2878.005271
16/07/2021,2392.90641,2580.596418,2884.954267
17/07/2021,2394.177023,2585.845219,2890.541917
18/07/2021,2398.228706,2585.345752,2898.221717
19/07/2021,2402.693028,2587.590869,2904.070806
20/07/2021,2402.141313,2586.445225,2913.236694
21/07/2021,2401.789493,2581.681035,2912.31055
22/07/2021,2410.521226,2584.597313,2911.583178
23/07/2021,2404.485166,2588.583431,2910.077908
24/07/2021,2408.826759,2582.844694,2903.475097
25/07/2021,2407.25668,2583.771588,2907.992642
26/07/2021,2407.191472,2583.888788,2912.849123
27/07/2021,2407.39501,2583.353057,2915.48143
28/07/2021,2411.492988,2583.656742,2919.172007
29/07/2021,2408.720876,2590.51937,2932.190077
30/07/2021,2407.565096,2588.565833,2937.355795
31/07/2021,2406.264878,2589.003642,2928.867157
01/08/2021,2405.864449,2587.719431,2930.542034
02/08/2021,2407.995288,2586.161458,2934.008235
03/08/2021,2414.313129,2589.772945,2933.230117
04/08/2021,2410.972213,2593.651351,2937.056331
05/08/2021,2414.219095,2594.465936,2935.056485
06/08/2021,2418.259796,2597.343484,2940.711479
07/08/2021,2423.892498,2598.803347,2942.893723
08/08/2021,2418.602929,2604.363181,2946.801324
09/08/2021,2423.952768,2599.544355,2941.424829
10/08/2021,2427.989009,2599.880803,2951.426327
11/08/2021,2428.016205,2599.09582,2960.115315
12/08/2021,2428.82239,2594.4157,2962.630402
13/08/2021,2428.826779,2596.897198,2968.006329
14/08/2021,2431.735422,2597.63473,2967.32839
15/08/2021,2435.743428,2602.526583,2977.416516
16/08/2021,2441.750385,2606.557731,2977.076513
17/08/2021,2446.353481,2612.016951,2980.975112
18/08/2021,2454.10734,2615.709912,2984.115432
19/08/2021,2453.730198,2622.54674,2997.664162
20/08/2021,2452.261251,2629.154464,2993.237386
21/08/2021,2451.845023,2629.122328,2988.073388
22/08/2021,2447.67928,2629.044627,2987.508463
23/08/2021,2450.379346,2623.464097,2987.16043
24/08/2021,2455.656579,2627.623419,2994.541569
25/08/2021,2457.006701,2630.947594,2999.864553
26/08/2021,2455.903759,2633.837703,3008.213118
27/08/2021,2462.654036,2632.033802,3009.459169
28/08/2021,2463.811763,2635.836409,3022.262858
29/08/2021,2461.203993,2639.358161,3022.122633
30/08/2021,2457.206377,2640.384248,3023.300061
31/08/2021,2462.418658,2635.881198,3022.073686
01/09/2021,2461.115855,2638.364745,3022.385461
02/09/2021,2464.245414,2640.059127,3026.464945
03/09/2021,2465.863467,2644.769615,3022.456712
04/09/2021,2469.362141,2647.124437,3021.900497
05/09/2021,2464.565016,2648.128664,3023.623282
06/09/2021,2465.864713,2644.408327,3018.158482
07/09/2021,2472.605217,2649.112311,3015.011943
08/09/2021,2478.361362,2656.587625,3019.489539
09/09/2021,2480.086459,2656.965545,3024.126751
10/09/2021,2481.526726,2656.849629,3022.929359
11/09/2021,2485.680757,2659.737928,3021.163325
12/09/2021,2485.993368,2662.443071,3026.769391
13/09/2021,2487.691112,2662.193902,3027.877084
14/09/2021,2483.199954,2665.115403,3039.979186
15/09/2021,2481.341963,2662.68654,3037.660382
16/09/2021,2481.342407,2663.572797,3043.05122
17/09/2021,2479.668762,2663.291578,3043.807151
18/09/2021,2480.950007,2662.319889,3039.366889
19/09/2021,2482.626634,2668.731444,3037.602121
20/09/2021,2477.120524,2672.101219,3047.283356
21/09/2021,2474.477598,2665.969841,3043.509223
22/09/2021,2475.603737,2665.418381,3043.509613
23/09/2021,2476.986899,2663.178539,3045.766824
24/09/2021,2475.948549,2664.606068,3046.324268
25/09/2021,2478.824095,2665.872652,3045.92387
26/09/2021,2478.428696,2667.786072,3043.818963
27/09/2021,2480.122715,2663.874629,3044.842099
28/09/2021,2479.62992,2663.317928,3042.549761
29/09/2021,2489.008431,2660.937285,3045.699778
30/09/2021,2487.500231,2668.824888,3051.075013
01/10/2021,2484.35852,2666.856565,3058.677141
02/10/2021,2486.024497,2665.081436,3051.383528
03/10/2021,2488.274017,2663.714969,3046.600443
04/10/2021,2498.709032,2666.649032,3042.700007
05/10/2021,2496.097615,2675.161703,3055.391937
06/10/2021,2502.067109,2672.934776,3059.596749
07/10/2021,2500.942705,2677.478026,3064.163383
08/10/2021,2507.083376,2679.296513,3062.753028
09/10/2021,2502.691716,2678.45329,3069.933225
10/10/2021,2498.654873,2675.040635,3072.801365
11/10/2021,2499.168975,2668.859478,3072.709001
12/10/2021,2498.743522,2669.344031,3074.384011
13/10/2021,2497.626813,2666.752628,3076.119409
14/10/2021,2496.818669,2667.887422,3081.757684
15/10/2021,2494.98275,2663.928026,3080.180158
16/10/2021,2493.366799,2660.706027,3082.349686
17/10/2021,2499.075764,2660.448708,3081.263286
18/10/2021,2498.486602,2666.193472,3088.083806
19/10/2021,2497.712082,2663.878822,3091.196935
20/10/2021,2503.202887,2663.813127,3090.960636
21/10/2021,2504.049683,2669.801762,3092.713636
22/10/2021,2501.446094,2671.998352,3091.816774
23/10/2021,2501.326116,2670.297957,3089.759147
24/10/2021,2500.682533,2672.324345,3094.201578
25/10/2021,2500.631546,2673.068573,3090.045617
26/10/2021,2506.639238,2677.124737,3091.645112
27/10/2021,2507.06558,2684.270679,3097.951539
28/10/2021,2509.954091,2679.599361,3102.983214
29/10/2021,2509.148171,2683.501824,3097.987651
30/10/2021,2507.640223,2682.707484,3092.365075
31/10/2021,2504.099154,2682.065765,3088.031171
01/11/2021,2505.712313,2678.690366,3081.420625
02/11/2021,2501.5926,2680.166408,3088.958437
03/11/2021,2496.797207,2677.798988,3083.463256
04/11/2021,2505.545872,2673.346742,3084.545845
05/11/2021,2508.245043,2678.159651,3094.450049
06/11/2021,2506.082489,2679.623831,3090.089053
07/11/2021,2507.324644,2678.200597,3102.575574
08/11/2021,2511.889977,2680.984548,3103.959755
09/11/2021,2513.513054,2686.080244,3099.141107
10/11/2021,2518.142213,2692.892679,3101.280874
11/11/2021,2517.581111,2695.246638,3104.73721
12/11/2021,2520.226005,2693.146293,3105.566634
13/11/2021,2525.335598,2693.27325,3105.667939
14/11/2021,2519.779489,2692.015377,3109.398556
15/11/2021,2520.316125,2695.066593,3113.414595
16/11/2021,2516.377693,2693.749609,3115.90787
17/11/2021,2514.723401,2687.624091,3120.125388
18/11/2021,2518.154846,2690.065216,3117.561778
19/11/2021,2520.40401,2694.425259,3119.755274
20/11/2021,2519.873832,2693.953227,3120.800566
21/11/2021,2521.869665,2696.806493,3122.1622
22/11/2021,2526.118746,2698.565685,3124.704154
23/11/2021,2529.378412,2705.656055,3126.518028
24/11/2021,2519.299793,2708.422634,3129.064567
25/11/2021,2513.702657,2704.005273,3122.52031
26/11/2021,2510.815734,2698.663108,3120.640702
27/11/2021,2508.311828,2696.058563,3118.608026
28/11/2021,2503.322051,2693.203961,3114.572974
29/11/2021,2503.061302,2690.441733,3108.04059
30/11/2021,2502.922933,2687.799168,3107.52162
01/12/2021,2501.917827,2687.377686,3100.613409
02/12/2021,2497.966004,2685.710063,3101.728101
03/12/2021,2508.954889,2689.663209,3101.739652
04/12/2021,2511.669099,2700.068541,3110.718304
05/12/2021,2511.332879,2702.076165,3109.696882
06/12/2021,2517.265388,2704.196042,3110.446897
07/12/2021,2512.623472,2705.758937,3117.970808
08/12/2021,2517.276356,2702.240178,3116.758179
09/12/2021,2514.054204,2708.10651,3122.926923
10/12/2021,2517.270004,2708.552166,3122.155992
11/12/2021,2514.604703,2713.842955,3123.935014
12/12/2021,2508.783575,2715.06141,3121.778573
13/12/2021,2509.155818,2710.647447,3116.12187
14/12/2021,2510.727364,2712.921172,3120.96394
15/12/2021,2511.910395,2713.804716,3120.795581
16/12/2021,2515.234394,2712.31154,3123.227508
17/12/2021,2519.899215,2713.746595,3119.584783
18/12/2021,2523.92831,2717.65261,3120.81085
19/12/2021,2530.887528,2718.367269,3126.414676
20/12/2021,2534.119852,2725.111241,3136.911061
21/12/2021,2539.773023,2727.874103,3144.588875
22/12/2021,2545.73871,2733.384271,3149.800235
23/12/2021,2540.703806,2740.51217,3153.625731
24/12/2021,2542.793995,2740.120695,3151.748834
25/12/2021,2542.546933,2744.619636,3153.608358
26/12/2021,2543.390339,2743.147619,3151.666709
27/12/2021,2545.655371,2742.615269,3153.240665
28/12/2021,2552.317498,2743.936534,3163.347688
29/12/2021,2556.610321,2748.359907,3163.89836
30/12/2021,2548.394871,2751.350652,3168.216637
31/12/2021,2546.867058,2745.882379,3162.626083
01/01/2022,2545.22786,2740.997352,3162.256685
02/01/2022,2546.387663,2737.794558,3167.018956
03/01/2022,2547.710259,2738.163977,3164.930298
04/01/2022,2542.245721,2738.433478,3170.655958
05/01/2022,2542.694493,2732.536682,3163.94926
06/01/2022,2539.168953,2729.336774,3165.958842
07/01/2022,2532.699221,2729.051671,3159.035275
08/01/2022,2527.806157,2726.957032,3157.677306
09/01/2022,2529.056944,2725.251472,3155.041365
10/01/2022,2525.728279,2721.992534,3145.861655
11/01/2022,2525.906315,2722.836732,3147.142034
12/01/2022,2526.49865,2726.577162,3148.341488
13/01/2022,2532.229598,2728.849945,3142.41829
14/01/2022,2527.181517,2734.388947,3143.108283
15/01/2022,2524.443452,2727.118667,3137.096971
16/01/2022,2523.488599,2723.879623,3139.370725
17/01/2022,2519.999975,2724.528599,3133.403447
18/01/2022,2519.179228,2723.209204,3132.483735
19/01/2022,2518.485088,2720.19143,3135.86399
20/01/2022,2520.854512,2716.982907,3136.755703
21/01/2022,2524.842156,2719.025527,3141.732628
22/01/2022,2521.7722,2718.701728,3148.422774
23/01/2022,2525.398378,2712.382003,3146.956907
24/01/2022,2527.148734,2715.43845,3148.593465
25/01/2022,2527.968043,2714.178843,3146.039686
26/01/2022,2520.777862,2714.052213,3149.101565
27/01/2022,2518.296301,2706.381415,3137.902557
28/01/2022,2514.677818,2707.727952,3124.689228
29/01/2022,2523.137063,2705.756143,3122.166134
30/01/2022,2522.084354,2711.043666,3123.890529
31/01/2022,2528.561801,2709.412261,3124.770253
01/02/2022,2531.941762,2713.968809,3124.691415
02/02/2022,2532.051501,2716.577431,3123.875976
03/02/2022,2531.526264,2720.11397,3132.027092
04/02/2022,2531.978524,2716.965104,3131.921189
05/02/2022,2528.512186,2718.320204,3126.139141
06/02/2022,2530.458038,2717.234992,3120.698783
07/02/2022,2539.932238,2719.055743,3121.719814
08/02/2022,2541.537821,2724.680388,3127.135163
09/02/2022,2543.199486,2724.478702,3131.920147
10/02/2022,2542.655468,2726.675482,3132.736994
11/02/2022,2544.812055,2727.414198,3124.554346
12/02/2022,2545.336662,2726.815217,3128.864312
13/02/2022,2550.5577,2726.144746,3129.915039
14/02/2022,2546.685852,2734.537854,3134.991909
15/02/2022,2544.512524,2733.791662,3131.109593
16/02/2022,2544.133607,2730.93993,3129.84517
17/02/2022,2539.702414,2731.356762,3123.378995
18/02/2022,2533.276952,2728.412116,3116.368278
19/02/2022,2531.878676,2722.142094,3111.024116
20/02/2022,2533.887319,2725.821919,3112.13845
21/02/2022,2525.41975,2729.107379,3112.07508
22/02/2022,2528.909561,2721.632599,3096.205249
23/02/2022,2535.314944,2722.847283,3108.385187
24/02/2022,2535.392001,2726.81579,3110.2493
25/02/2022,2534.140762,2724.239338,3118.015386
26/02/2022,2534.988221,2722.346708,3116.236832
27/02/2022,2540.603604,2722.828036,3112.079947
28/02/2022,2538.381602,2726.583609,3109.17182
01/03/2022,2536.893805,2725.988499,3108.281159
02/03/2022,2538.471325,2724.997642,3107.483682
03/03/2022,2539.961421,2721.941281,3112.420477
04/03/2022,2531.079544,2722.928979,3111.804876
05/03/2022,2534.245037,2717.266672,3111.616607
06/03/2022,2544.138982,2717.165728,3120.389391
07/03/2022,2543.059162,2723.809018,3126.390074
08/03/2022,2540.948239,2726.226414,3126.499699
09/03/2022,2543.522771,2724.590792,3129.507002
10/03/2022,2539.559369,2726.249934,3132.215281
11/03/2022,2542.979036,2722.892361,3128.940575
12/03/2022,2546.403884,2721.554325,3134.982256
13/03/2022,2550.50296,2722.965427,3148.243883
14/03/2022,2550.621298,2728.593284,3147.754709
15/03/2022,2556.330327,2730.712239,3152.00483
16/03/2022,2554.077293,2737.150965,3152.858032
17/03/2022,2545.79116,2736.524503,3153.363451
18/03/2022,2552.205438,2735.905153,3144.324403
19/03/2022,2546.415705,2737.727825,3149.100663
20/03/2022,2548.396496,2739.598459,3144.11915
21/03/2022,2551.102409,2739.358834,3138.382786
22/03/2022,2553.662803,2745.062313,3142.722929
23/03/2022,2550.39847,2745.853651,3153.948889
24/03/2022,2550.39017,2746.707076,3149.198168
25/03/2022,2550.098182,2749.880872,3142.007056
26/03/2022,2559.249292,2753.665527,3141.771091
27/03/2022,2553.436513,2763.37825,3144.484716
28/03/2022,2557.96241,2757.429409,3135.09578
29/03/2022,2555.733746,2760.935549,3143.054653
30/03/2022,2555.980672,2760.464282,3139.026977
31/03/2022,2552.142357,2763.262745,3141.884129
01/04/2022,2549.458252,2764.689034,3137.962076
02/04/2022,2551.906055,2758.501372,3124.79844
03/04/2022,2550.0542,2756.475636,3125.927256
04/04/2022,2550.992898,2753.252101,3124.626914
05/04/2022,2552.264138,2753.778714,3127.403263
06/04/2022,2549.491982,2755.323449,3135.766676
07/04/2022,2546.178101,2748.961339,3138.11425
08/04/2022,2541.258371,2746.499277,3131.591375
09/04/2022,2541.547734,2743.842524,3127.787393
10/04/2022,2540.987155,2744.997335,3128.587193
11/04/2022,2536.976244,2744.382001,3124.203398
12/04/2022,2540.785732,2739.648148,3125.075953
13/04/2022,2539.222998,2741.750305,3121.191202
14/04/2022,2538.877499,2735.733695,3119.849855
15/04/2022,2538.97165,2732.333813,3110.528663
16/04/2022,2540.396275,2730.257078,3114.518953
17/04/2022,2539.159309,2731.328463,3112.754163
18/04/2022,2538.669599,2732.352011,3110.645485
19/04/2022,2531.543431,2724.321371,3110.735974
20/04/2022,2528.638358,2713.627287,3103.640226
21/04/2022,2529.939662,2705.358168,3104.986985
22/04/2022,2525.443953,2701.29804,3103.74887
23/04/2022,2521.897365,2698.108127,3102.622701
24/04/2022,2519.048959,2693.121501,3101.226776
25/04/2022,2518.674919,2688.313248,3099.414904
26/04/2022,2517.567818,2687.936334,3092.858231
27/04/2022,2513.746312,2685.489921,3090.072003
28/04/2022,2516.602849,2678.365094,3090.547503
29/04/2022,2510.160657,2680.865716,3098.071649
30/04/2022,2509.641748,2676.602532,3100.734179
01/05/2022,2507.800278,2676.529739,3107.545275
02/05/2022,2500.081856,2674.393045,3103.374122
03/05/2022,2500.240143,2670.634267,3097.76739
04/05/2022,2504.353766,2670.014036,3093.243436
05/05/2022,2505.929727,2670.615215,3097.779094
06/05/2022,2507.090544,2672.774096,3097.691195
07/05/2022,2500.674678,2667.511183,3104.837746
08/05/2022,2500.113252,2667.419834,3099.155265
09/05/2022,2502.175427,2665.658132,3098.069406
10/05/2022,2507.062348,2668.405443,3097.327912
11/05/2022,2506.088225,2666.918084,3107.039469
12/05/2022,2504.640114,2665.785642,3104.045613
13/05/2022,2503.812697,2662.520214,3100.697903
14/05/2022,2501.166035,2660.821501,3098.350237
15/05/2022,2500.567794,2660.548518,3100.16019
16/05/2022,2494.47251,2659.058092,3098.483219
17/05/2022,2493.78596,2656.063989,3084.4618
18/05/2022,2491.867955,2657.347719,3080.924077
19/05/2022,2486.825983,2656.686227,3079.850824
20/05/2022,2484.560149,2653.34441,3071.421978
21/05/2022,2478.972304,2649.289185,3063.67317
22/05/2022,2477.670877,2646.240468,3064.067063
23/05/2022,2468.04816,2644.061547,3054.553855
24/05/2022,2471.907198,2639.61684,3051.393696
25/05/2022,2470.329557,2638.107072,3053.374818
26/05/2022,2465.90424,2635.456996,3042.943097
27/05/2022,2462.987088,2628.351355,3037.599053
28/05/2022,2458.425564,2622.972057,3033.013758
29/05/2022,2456.500705,2622.086784,3032.668922
30/05/2022,2452.404893,2620.529168,3026.353283
31/05/2022,2458.254978,2620.181595,3025.338386
01/06/2022,2457.231582,2621.669624,3023.811429
02/06/2022,2456.235217,2623.310388,3030.66554
03/06/2022,2462.405357,2618.745681,3030.357447
04/06/2022,2462.369011,2624.901022,3034.687672
05/06/2022,2462.841177,2626.832958,3032.511789
06/06/2022,2465.699821,2626.426087,3036.044867
07/06/2022,2459.391804,2625.587142,3037.367257
08/06/2022,2457.754535,2616.535524,3027.277939
09/06/2022,2464.64641,2610.667089,3028.264876
10/06/2022,2458.569095,2618.412992,3038.94765
11/06/2022,2450.969429,2613.242047,3036.650491
12/06/2022,2449.577344,2611.277026,3028.666017
13/06/2022,2447.736484,2613.150295,3023.206122
14/06/2022,2445.91785,2612.055954,3019.6346
15/06/2022,2442.742519,2616.952082,3022.180919
16/06/2022,2439.230873,2618.787365,3018.842782
17/06/2022,2436.163016,2614.844997,3009.991245
18/06/2022,2433.749094,2612.363689,3004.571199
19/06/2022,2427.893392,2609.951853,3001.439406
20/06/2022,2423.557336,2605.764127,2991.931255
21/06/2022,2424.189408,2600.038837,2983.44945
22/06/2022,2419.300901,2598.63384,2981.463208
23/06/2022,2418.156709,2597.19253,2976.642808
24/06/2022,2417.996953,2597.683176,2978.051659
25/06/2022,2408.950949,2596.808856,2981.467541
26/06/2022,2407.136987,2591.831965,2978.733553
27/06/2022,2400.896754,2589.448452,2977.287684
28/06/2022,2399.774169,2585.403484,2974.386474
29/06/2022,2401.008656,2584.369821,2978.047469
30/06/2022,2394.729008,2583.609174,2982.931591
01/07/2022,2394.359406,2581.743392,2973.829736
02/07/2022,2393.633489,2581.629812,2978.043431
03/07/2022,2395.589938,2580.2469,2981.917388
04/07/2022,2399.49932,2579.633984,2981.898441
05/07/2022,2401.951224,2587.931187,2991.70831
06/07/2022,2406.15908,2590.168324,2998.404074
07/07/2022,2411.0421,2588.246243,2999.766099
08/07/2022,2419.25943,2595.157304,3000.806306
09/07/2022,2419.698576,2602.139663,3004.569378
10/07/2022,2424.718743,2602.072658,3011.881008
11/07/2022,2420.77044,2604.844725,3022.346608
12/07/2022,2426.208465,2603.663506,3016.628001
13/07/2022,2423.843442,2605.990086,3021.528246
14/07/2022,2426.730702,2604.749858,3016.877157
15/07/2022,2421.054689,2610.307461,3014.901551
16/07/2022,2426.153837,2606.12773,3010.711673
17/07/2022,2419.775426,2610.507503,3016.274956
18/07/2022,2413.003508,2602.732423,3010.401212
19/07/2022,2419.098694,2596.719227,3004.623089
20/07/2022,2417.120516,2599.42563,3008.339015
21/07/2022,2418.094124,2597.53841,3007.482018
22/07/2022,2423.962749,2595.254854,3009.539052
23/07/2022,2424.266086,2599.975849,3009.231681
24/07/2022,2422.325211,2601.131495,3007.351341
25/07/2022,2428.423468,2601.580001,3008.414882
26/07/2022,2428.261626,2603.875198,3016.599499
27/07/2022,2433.735691,2606.916085,3014.977782
28/07/2022,2436.618541,2612.172187,3013.564462
29/07/2022,2441.629506,2612.991553,3015.02791
30/07/2022,2442.037383,2617.435921,3020.931893
31/07/2022,2446.441041,2620.083324,3027.590738
01/08/2022,2449.972693,2624.505287,3031.965138
02/08/2022,2452.757884,2626.424714,3039.329285
03/08/2022,2456.091499,2626.394978,3040.084847
04/08/2022,2451.36832,2625.598213,3049.089891
05/08/2022,2452.267742,2625.434788,3046.780571
06/08/2022,2451.424234,2626.0273,3043.141093
07/08/2022,2448.293954,2626.041364,3044.192748
08/08/2022,2442.857782,2623.178937,3043.671285
09/08/2022,2438.381497,2619.741463,3040.777197
10/08/2022,2435.446918,2616.258058,3044.73718
11/08/2022,2440.23623,2615.527872,3047.661267
12/08/2022,2442.063177,2617.78931,3049.920873
13/08/2022,2446.240221,2623.190434,3053.869485
14/08/2022,2443.760858,2625.578308,3058.459479
15/08/2022,2442.497034,2623.253546,3065.025522
16/08/2022,2439.208496,2623.36591,3064.583062
17/08/2022,2444.775677,2626.064409,3062.233454
18/08/2022,2450.910291,2626.240234,3067.496458
19/08/2022,2444.43437,2630.643626,3078.370677
20/08/2022,2440.087804,2621.72696,3073.211244
21/08/2022,2443.240331,2618.281982,3067.149822
22/08/2022,2446.890108,2617.209115,3072.829146
23/08/2022,2450.948186,2617.775867,3077.685201
24/08/2022,2447.447131,2620.417286,3085.840798
25/08/2022,2452.488471,2619.000698,3084.264668
26/08/2022,2452.978324,2622.111249,3084.516511
27/08/2022,2459.41485,2616.735606,3085.685685
28/08/2022,2456.501068,2626.744213,3091.682627
29/08/2022,2460.46519,2621.624892,3089.356342
30/08/2022,2465.115051,2627.080925,3093.440503
31/08/2022,2461.069456,2630.89512,3096.600218
01/09/2022,2466.872037,2631.702426,3094.448746
02/09/2022,2471.780997,2634.989819,3098.016057
03/09/2022,2470.319289,2639.504129,3105.317845
04/09/2022,2469.936212,2639.556762,3106.326616
05/09/2022,2471.701677,2640.524904,3101.555372
06/09/2022,2465.715528,2637.305839,3100.170061
07/09/2022,2468.257874,2632.566811,3098.46185
08/09/2022,2467.470133,2637.258955,3108.875326
09/09/2022,2465.550121,2632.837367,3105.413297
10/09/2022,2468.480374,2630.338175,3102.251514
11/09/2022,2470.227739,2631.010461,3106.492361
12/09/2022,2471.342707,2631.635695,3105.235773
13/09/2022,2474.129372,2634.228125,3110.146999
14/09/2022,2469.642626,2633.455577,3109.511482
15/09/2022,2473.698472,2631.696783,3102.323981
16/09/2022,2481.075139,2631.233573,3100.877633
17/09/2022,2478.121423,2639.39916,3108.991799
18/09/2022,2471.977145,2638.124303,3113.094673
19/09/2022,2464.0559,2636.943714,3109.188653
20/09/2022,2463.908649,2628.209074,3100.83185
21/09/2022,2466.608482,2626.074891,3107.616555
22/09/2022,2471.815225,2628.040489,3104.693795
23/09/2022,2472.131193,2633.655492,3105.464179
24/09/2022,2480.293623,2637.333649,3104.8218
25/09/2022,2483.396743,2644.732738,3100.299818
26/09/2022,2482.607338,2645.472471,3103.88368
27/09/2022,2490.124913,2646.592309,3112.080519
28/09/2022,2489.514229,2650.035599,3122.725787
29/09/2022,2490.750655,2651.361673,3123.374131
30/09/2022,2496.382849,2650.763168,3122.138278
01/10/2022,2497.609873,2653.365594,3122.17427
02/10/2022,2497.992628,2654.804299,3125.268132
03/10/2022,2499.556016,2652.986383,3126.221743
04/10/2022,2508.700627,2655.361931,3122.903359
05/10/2022,2506.358784,2660.366426,3134.601609
06/10/2022,2508.645175,2660.560724,3141.532382
07/10/2022,2511.241617,2663.37628,3149.046866
08/10/2022,2512.926228,2669.041197,3151.362081
09/10/2022,2514.429578,2671.544902,3147.086093
10/10/2022,2521.604672,2674.314087,3152.245137
11/10/2022,2519.565063,2678.739004,3159.479979
12/10/2022,2524.135962,2682.167726,3159.99745
13/10/2022,2526.163201,2684.561316,3158.591852
14/10/2022,2519.159775,2683.483877,3161.72665
15/10/2022,2530.64774,2679.014828,3156.358445
16/10/2022,2530.025134,2686.825751,3168.940004
17/10/2022,2527.99626,2685.956285,3167.949957
18/10/2022,2532.68659,2682.959268,3165.453153
19/10/2022,2537.629595,2685.571343,3167.989036
20/10/2022,2540.05218,2686.452004,3172.002614
21/10/2022,2539.731777,2687.082849,3180.242589
22/10/2022,2540.620506,2684.219401,3181.593132
23/10/2022,2540.32732,2685.186033,3183.99525
24/10/2022,2539.821863,2689.902541,3185.660866
25/10/2022,2539.761314,2690.650898,3180.13628
26/10/2022,2541.140956,2690.976094,3181.107027
27/10/2022,2543.586234,2691.13098,3184.811907
28/10/2022,2541.649336,2695.813657,3190.612205
29/10/2022,2544.075211,2699.261713,3189.031099
30/10/2022,2544.443637,2698.248628,3178.115704
31/10/2022,2549.143487,2698.497136,3173.907268
01/11/2022,2545.689496,2702.865104,3179.765557
02/11/2022,2546.220329,2705.474909,3174.516366
03/11/2022,2555.382614,2703.614205,3181.916985
04/11/2022,2556.005621,2712.229486,3183.436557
05/11/2022,2560.099829,2716.140902,3180.856746
06/11/2022,2555.801531,2722.830117,3180.551407
07/11/2022,2554.51659,2719.717725,3179.129851
08/11/2022,2551.775367,2722.095386,3185.38771
09/11/2022,2546.708908,2723.661827,3179.840425
10/11/2022,2546.381959,2723.392463,3171.402778
11/11/2022,2546.362712,2725.154587,3174.893214
12/11/2022,2547.205508,2727.35165,3173.502263
13/11/2022,2550.998401,2729.594506,3168.725352
14/11/2022,2553.258549,2734.673253,3168.597956
15/11/2022,2556.304237,2734.013411,3178.595179
16/11/2022,2548.899703,2743.238588,3176.906389
17/11/2022,2541.085069,2738.26665,3170.568471
18/11/2022,2538.423007,2737.436956,3176.40076
19/11/2022,2545.151664,2737.384889,3176.368816
20/11/2022,2546.498332,2738.648003,3184.245414
21/11/2022,2556.036233,2739.55665,3182.324101
22/11/2022,2562.753194,2745.101056,3186.828208
23/11/2022,2563.095753,2753.544498,3188.05295
24/11/2022,2563.938596,2754.223727,3183.903627
25/11/2022,2562.616344,2757.804243,3190.14253
26/11/2022,2565.790063,2757.112293,3190.546273
27/11/2022,2561.793008,2756.477107,3192.573821
28/11/2022,2566.402308,2754.835574,3186.89941
29/11/2022,2570.329526,2754.955335,3190.416348
30/11/2022,2570.354579,2753.816177,3193.572585
01/12/2022,2570.467591,2755.155138,3198.893233
02/12/2022,2577.066778,2758.475613,3205.775313
03/12/2022,2575.617857,2764.826427,3209.885861
04/12/2022,2576.808157,2770.584361,3205.01264
05/12/2022,2582.245855,2775.100271,3210.299851
06/12/2022,2583.650259,2778.581484,3216.788786
07/12/2022,2586.197659,2779.416123,3219.777601
08/12/2022,2587.361203,2780.344277,3219.918112
09/12/2022,2579.842555,2782.007323,3217.725333
10/12/2022,2582.680518,2780.441668,3212.242877
11/12/2022,2582.510752,2780.154136,3217.441357
12/12/2022,2588.252634,2779.231621,3221.694291
13/12/2022,2592.20878,2782.945468,3222.230693
14/12/2022,2592.860243,2783.763601,3228.578181
15/12/2022,2599.674843,2782.355796,3227.836867
16/12/2022,2600.354986,2785.143699,3232.543852
17/12/2022,2605.480096,2784.102975,3236.333383
18/12/2022,2606.432573,2782.064769,3239.432021
19/12/2022,2600.252312,2777.627663,3247.426914
20/12/2022,2604.594322,2773.906054,3244.865086
21/12/2022,2607.47717,2773.220247,3243.613445
22/12/2022,2604.198015,2775.04683,3244.852657
23/12/2022,2604.635289,2772.701762,3242.475564
24/12/2022,2605.793431,2772.268356,3247.265836
25/12/2022,2599.368892,2771.524746,3245.596182
26/12/2022,2606.596699,2767.495813,3239.836087
27/12/2022,2612.537532,2770.282097,3242.485953
28/12/2022,2615.186678,2777.771965,3241.206393
29/12/2022,2618.122426,2783.757225,3241.081121
30/12/2022,2618.305671,2785.257781,3243.355836
31/12/2022,2613.681263,2784.146233,3240.403337
01/01/2023,2615.63867,2780.166057,3234.611448
02/01/2023,2608.48738,2784.858365,3235.297267
03/01/2023,2612.526393,2781.33259,3228.422287
04/01/2023,2616.231568,2782.992128,3229.87743
05/01/2023,2616.579776,2781.377983,3230.084545
06/01/2023,2615.110202,2776.185465,3225.53677
07/01/2023,2619.575226,2779.320012,3229.057288
08/01/2023,2611.587381,2781.213591,3231.688862
09/01/2023,2622.301622,2775.300625,3225.047497
10/01/2023,2619.392839,2780.528086,3231.288563
11/01/2023,2622.032632,2779.337727,3231.137756
12/01/2023,2622.335181,2776.793908,3232.323215
13/01/2023,2623.712024,2773.912155,3231.00889
14/01/2023,2628.499057,2767.878838,3232.327683
15/01/2023,2635.348957,2771.159733,3238.335578
16/01/2023,2637.905129,2777.400936,3242.243333
17/01/2023,2637.716216,2782.12944,3250.079117
18/01/2023,2629.784579,2782.088151,3238.15332
19/01/2023,2629.377082,2773.257488,3236.110957
20/01/2023,2626.599134,2767.25143,3234.095711
21/01/2023,2628.00011,2767.010413,3232.743337
22/01/2023,2625.424279,2768.86283,3232.503998
23/01/2023,2626.183787,2770.98568,3234.267699
24/01/2023,2629.583921,2771.031668,3228.124659
25/01/2023,2623.432766,2770.361183,3221.310626
26/01/2023,2625.400367,2766.708217,3217.163212
27/01/2023,2628.556949,2769.786524,3216.671495
28/01/2023,2627.551881,2771.028679,3216.998311
29/01/2023,2634.708084,2768.91443,3214.626446
30/01/2023,2638.711143,2774.715292,3222.228639
31/01/2023,2644.837741,2780.230821,3224.136744
01/02/2023,2644.534582,2786.306217,3237.157647
02/02/2023,2640.421844,2787.674694,3239.468637
03/02/2023,2640.265272,2785.734109,3233.058204
04/02/2023,2636.810468,2785.716057,3232.925895
05/02/2023,2642.630341,2784.890444,3227.620165
06/02/2023,2647.653247,2792.156228,3229.208358
07/02/2023,2651.655656,2791.859118,3235.598956
08/02/2023,2654.844121,2793.592193,3234.506689
09/02/2023,2661.773331,2796.076398,3237.402433
10/02/2023,2666.445149,2797.755332,3250.311565
11/02/2023,2667.174301,2797.78844,3250.243989
12/02/2023,2667.104636,2796.960318,3251.130652
13/02/2023,2667.878652,2797.552382,3245.138745
14/02/2023,2661.090444,2795.367418,3241.938215
15/02/2023,2659.33011,2792.679535,3233.250516
16/02/2023,2667.460433,2784.974046,3235.870838
17/02/2023,2664.041738,2783.904299,3239.522239
18/02/2023,2663.184145,2781.147965,3236.614898
19/02/2023,2662.302435,2780.868488,3238.237169
20/02/2023,2659.976283,2782.55646,3237.181801
21/02/2023,2656.263248,2780.080651,3231.619427
22/02/2023,2657.647748,2781.159369,3228.76197
23/02/2023,2651.433933,2782.587954,3229.492322
24/02/2023,2649.742365,2778.044775,3225.169444
25/02/2023,2651.900575,2775.382701,3229.744717
26/02/2023,2648.425224,2774.266849,3228.161618
27/02/2023,2653.951158,2768.678288,3224.55839
28/02/2023,2646.721656,2771.274227,3225.646354
01/03/2023,2644.943587,2761.608112,3224.832191
02/03/2023,2646.016253,2760.742334,3222.716651
03/03/2023,2643.415197,2759.889676,3220.380905
04/03/2023,2644.31482,2757.605211,3220.890036
05/03/2023,2646.359928,2759.516969,3222.843451
06/03/2023,2650.721438,2757.797251,3223.184705
07/03/2023,2649.217827,2763.522797,3228.938551
08/03/2023,2645.521591,2762.311095,3222.741898
09/03/2023,2645.54045,2759.744214,3225.245247
10/03/2023,2644.193329,2758.662605,3218.577094
11/03/2023,2643.678327,2757.905534,3217.517358
12/03/2023,2645.058231,2759.408446,3216.742416
13/03/2023,2641.768023,2758.388329,3215.955585
14/03/2023,2641.337936,2756.076415,3214.98027
15/03/2023,2644.623029,2755.145489,3216.974157
16/03/2023,2644.5126,2754.87041,3204.771043
17/03/2023,2639.117912,2755.689964,3207.822455
18/03/2023,2637.361735,2751.119687,3203.241444
19/03/2023,2639.174775,2745.99131,3200.167673
20/03/2023,2645.395783,2752.32379,3204.812623
21/03/2023,2649.944964,2757.169679,3214.562156
22/03/2023,2647.027286,2759.540156,3222.010767
23/03/2023,2642.388181,2758.265979,3216.285741
24/03/2023,2641.127193,2757.046785,3211.501982
25/03/2023,2639.94428,2753.856073,3208.919473
26/03/2023,2640.632196,2755.426212,3211.636849
27/03/2023,2631.004947,2756.111109,3210.273321
28/03/2023,2627.369584,2749.537116,3204.395875
29/03/2023,2628.319612,2744.024462,3199.969186
30/03/2023,2632.419203,2741.801262,3194.463295
31/03/2023,2635.927553,2746.495847,3197.803732
01/04/2023,2629.597144,2746.346413,3207.253535
02/04/2023,2631.821879,2738.271149,3204.056445
03/04/2023,2633.862428,2740.957749,3199.27178
04/04/2023,2627.059934,2741.764758,3203.426015
05/04/2023,2635.710725,2739.378851,3195.77941
06/04/2023,2635.473096,2741.831015,3201.556998
07/04/2023,2628.843684,2742.674814,3199.394003
08/04/2023,2626.833777,2739.092911,3202.476353
09/04/2023,2625.370604,2734.546892,3197.957774
10/04/2023,2628.712661,2730.360188,3196.239089
11/04/2023,2628.935229,2730.467181,3202.784287
12/04/2023,2630.02786,2732.083262,3196.210053
13/04/2023,2626.814432,2729.129432,3200.743282
14/04/2023,2623.356371,2724.143086,3197.457449
15/04/2023,2620.90522,2719.652058,3194.79361
16/04/2023,2620.854056,2720.842726,3187.493593
17/04/2023,2620.792938,2718.657089,3188.065654
18/04/2023,2618.11984,2717.270383,3191.254705
19/04/2023,2613.764713,2716.212821,3186.304167
20/04/2023,2605.647291,2709.342046,3175.526306
21/04/2023,2605.455299,2703.63422,3169.322663
22/04/2023,2605.326426,2702.18804,3172.948313
23/04/2023,2604.706817,2697.926378,3175.777528
24/04/2023,2600.485533,2693.960519,3166.355507
25/04/2023,2601.640928,2688.229028,3168.152769
26/04/2023,2599.97599,2686.176386,3175.053885
27/04/2023,2601.608624,2684.900258,3183.414683
28/04/2023,2600.784719,2681.610074,3183.85844
29/04/2023,2595.966727,2679.362082,3182.661958
30/04/2023,2593.464434,2678.088835,3175.352048
01/05/2023,2590.580562,2680.454445,3166.055476
02/05/2023,2592.238298,2678.104064,3163.284526
03/05/2023,2591.733739,2679.895933,3155.924848
04/05/2023,2596.657557,2676.14375,3159.847573
05/05/2023,2594.556277,2678.327323,3156.952114
06/05/2023,2593.858448,2674.8207,3151.334514
07/05/2023,2590.006027,2673.488598,3154.846254
08/05/2023,2590.487308,2673.591347,3147.144002
09/05/2023,2588.790293,2671.743431,3148.784489
10/05/2023,2596.865892,2671.900204,3142.134668
11/05/2023,2592.536225,2676.853169,3148.468137
12/05/2023,2584.745884,2672.932329,3140.733041
13/05/2023,2581.131125,2665.487624,3134.485912
14/05/2023,2585.497892,2661.951218,3128.475113
15/05/2023,2592.824408,2665.888595,3133.494549
16/05/2023,2585.345142,2672.208598,3146.309093
17/05/2023,2580.03719,2666.429703,3144.746654
18/05/2023,2578.870261,2664.662329,3148.426595
19/05/2023,2578.045121,2662.716215,3143.010976
20/05/2023,2573.965351,2661.428501,3136.652723
21/05/2023,2570.990716,2657.381706,3123.443144
22/05/2023,2568.389526,2656.490398,3117.923005
23/05/2023,2566.563878,2653.658922,3114.201459
24/05/2023,2563.85235,2652.145603,3111.025055
25/05/2023,2556.772246,2648.884974,3110.37787
26/05/2023,2554.208998,2643.864759,3097.686431
27/05/2023,2552.264071,2643.84439,3103.787135
28/05/2023,2548.410974,2643.584323,3101.426222
29/05/2023,2551.393778,2641.646854,3099.735565
30/05/2023,2546.246638,2643.809102,3100.385788
31/05/2023,2552.911532,2639.059471,3091.607034
01/06/2023,2553.879198,2642.173376,3097.452445
02/06/2023,2550.748715,2646.625886,3103.318553
03/06/2023,2550.102731,2642.156538,3097.523487
04/06/2023,2553.913599,2638.024937,3095.653069
05/06/2023,2549.613641,2641.812721,3101.335747
06/06/2023,2550.370572,2638.472159,3095.966962
07/06/2023,2548.761244,2640.489757,3097.619247
08/06/2023,2552.228506,2638.663223,3097.201035
09/06/2023,2542.46483,2637.230235,3098.944419
10/06/2023,2537.667615,2629.332664,3098.462509
11/06/2023,2539.356289,2623.879056,3098.736567
12/06/2023,2534.981462,2626.650041,3101.247925
13/06/2023,2524.134991,2623.113313,3101.039084
14/06/2023,2518.042689,2613.1279,3088.458912
15/06/2023,2518.875095,2612.359056,3083.590408
16/06/2023,2522.159596,2612.660863,3085.574479
17/06/2023,2523.907176,2612.304342,3080.481481
18/06/2023,2518.35839,2611.665775,3080.985557
19/06/2023,2517.480249,2602.605583,3073.545772
20/06/2023,2515.884414,2606.596327,3070.596772
21/06/2023,2509.699217,2601.202509,3068.379485
22/06/2023,2500.569596,2597.071346,3063.232114
23/06/2023,2491.624073,2589.886742,3052.157864
24/06/2023,2497.431821,2583.82802,3049.368029
25/06/2023,2506.174187,2582.052247,3066.095055
26/06/2023,2504.275054,2586.355196,3065.535555
27/06/2023,2506.075539,2582.07878,3063.934047
28/06/2023,2502.76382,2582.212761,3061.357469
29/06/2023,2497.291188,2577.620229,3066.04187
30/06/2023,2507.834027,2574.81475,3065.184426
01/07/2023,2505.231308,2582.402073,3073.53367
02/07/2023,2507.069913,2582.213811,3079.735373
03/07/2023,2510.444409,2584.216089,3079.85662
04/07/2023,2512.970375,2586.540597,3079.713015
05/07/2023,2516.287373,2586.82022,3091.726873
06/07/2023,2514.64446,2587.713542,3091.671943
07/07/2023,2521.554017,2586.2969,3086.485959
08/07/2023,2518.951976,2592.104758,3083.543007
09/07/2023,2517.580426,2587.812632,3081.449898
10/07/2023,2514.067661,2588.686552,3077.663038
11/07/2023,2515.662307,2585.051469,3075.703193
12/07/2023,2507.468302,2589.232627,3081.018598
13/07/2023,2511.701014,2585.259571,3066.918302
14/07/2023,2523.560229,2591.34569,3072.200699
15/07/2023,2524.54623,2598.330174,3079.686721
16/07/2023,2522.402076,2598.413948,3080.58656
17/07/2023,2525.141847,2594.63303,3078.338558
18/07/2023,2523.285479,2595.362232,3083.494006
19/07/2023,2520.603797,2594.559524,3078.078665
20/07/2023,2523.675407,2593.235876,3084.92135
21/07/2023,2522.98382,2593.444907,3079.454517
22/07/2023,2523.670899,2592.217543,3079.844733
23/07/2023,2524.818259,2592.722701,3089.321096
24/07/2023,2524.121877,2591.508444,3090.500385
25/07/2023,2525.306714,2592.776602,3086.253128
26/07/2023,2525.930805,2594.559081,3088.635113
27/07/2023,2520.385835,2595.500811,3095.754187
28/07/2023,2521.932844,2590.087334,3092.041273
29/07/2023,2522.652658,2586.141537,3088.835313
30/07/2023,2519.905778,2587.876996,3089.259283
31/07/2023,2513.27888,2585.627966,3094.606602
01/08/2023,2514.555579,2583.437808,3083.90548
02/08/2023,2517.691842,2587.151319,3087.2424
03/08/2023,2516.460016,2589.767286,3092.719944
04/08/2023,2521.579809,2588.182957,3086.889988
05/08/2023,2525.030707,2593.401679,3088.031886
06/08/2023,2531.050543,2596.443866,3096.017449
07/08/2023,2539.341303,2603.075202,3095.987351
08/08/2023,2541.745868,2609.695222,3096.652869
09/08/2023,2545.311775,2614.267776,3097.191038
10/08/2023,2548.985434,2620.810116,3096.904204
11/08/2023,2550.464826,2622.637138,3093.664778
12/08/2023,2550.600626,2625.261417,3096.371156
13/08/2023,2557.853165,2626.746111,3098.510502
14/08/2023,2560.136821,2629.751992,3098.638007
15/08/2023,2556.35089,2628.199832,3103.05414
16/08/2023,2555.177597,2628.304139,3098.120903
17/08/2023,2560.890105,2627.125794,3097.738689
18/08/2023,2565.995866,2632.70573,3109.928027
19/08/2023,2571.29841,2635.705111,3117.986257
20/08/2023,2574.871486,2639.624312,3115.09808
21/08/2023,2573.291858,2641.147413,3120.096702
22/08/2023,2574.288033,2641.632478,3120.936423
23/08/2023,2581.294441,2642.267789,3116.297254
24/08/2023,2586.093675,2649.462884,3127.133891
25/08/2023,2589.730877,2652.867165,3130.891752
26/08/2023,2588.450313,2654.538899,3133.956752
27/08/2023,2592.859486,2657.967836,3130.959158
28/08/2023,2599.153337,2664.188112,3139.659808
29/08/2023,2602.017207,2666.339094,3143.461099
30/08/2023,2606.227347,2666.438206,3149.6423
31/08/2023,2603.29961,2669.61933,3156.710639
01/09/2023,2604.029119,2666.404385,3157.632365
02/09/2023,2607.241943,2671.134946,3160.050709
03/09/2023,2612.032838,2674.654302,3158.581024
04/09/2023,2619.582353,2675.318841,3166.940051
05/09/2023,2624.495856,2677.260594,3178.743333
06/09/2023,2626.875431,2682.017846,3182.205306
07/09/2023,2634.836577,2686.179235,3185.08739
08/09/2023,2630.586248,2691.822527,3185.098301
09/09/2023,2629.768062,2687.362708,3177.206736
10/09/2023,2635.180939,2692.335424,3185.431844
11/09/2023,2634.677106,2701.388098,3184.484676
12/09/2023,2632.084641,2703.572062,3180.028724
13/09/2023,2636.386421,2699.883612,3174.359805
14/09/2023,2634.728813,2700.582122,3177.628562
15/09/2023,2631.577352,2700.404524,3174.082208
16/09/2023,2627.934679,2700.427454,3166.345538
17/09/2023,2624.603866,2700.261893,3165.165326
18/09/2023,2626.787636,2696.068366,3167.658497
19/09/2023,2630.546478,2698.546959,3168.049783
20/09/2023,2628.744515,2698.896421,3166.071675
21/09/2023,2621.755866,2698.154203,3158.653834
22/09/2023,2626.416036,2695.741773,3158.013274
23/09/2023,2627.061867,2699.106087,3151.669337
24/09/2023,2623.267581,2696.299309,3160.177018
25/09/2023,2620.056305,2695.639548,3157.556515
26/09/2023,2624.736724,2695.416348,3147.027091
27/09/2023,2622.178036,2698.271843,3152.72372
28/09/2023,2624.946134,2694.861898,3148.746278
29/09/2023,2623.962454,2697.53434,3148.83896
30/09/2023,2624.329679,2699.614015,3153.027407
01/10/2023,2616.337174,2697.475186,3154.407894
02/10/2023,2622.794197,2695.394137,3144.152648
03/10/2023,2627.34265,2696.335093,3151.38615
04/10/2023,2625.77071,2700.762838,3161.197186
05/10/2023,2622.699459,2700.996149,3153.652508
06/10/2023,2626.136708,2698.172167,3145.573106
07/10/2023,2626.008711,2702.976605,3149.217933
08/10/2023,2627.868015,2703.720329,3150.894468
09/10/2023,2620.980421,2705.394505,3154.983523
10/10/2023,2632.268326,2700.780194,3151.83842
11/10/2023,2630.155691,2708.086425,3164.878499
12/10/2023,2630.713068,2706.473734,3165.304976
13/10/2023,2631.411465,2706.934784,3153.656887
14/10/2023,2633.574217,2706.768796,3148.360684
15/10/2023,2629.863736,2709.589278,3154.033437
16/10/2023,2632.147148,2708.12737,3150.600689
17/10/2023,2630.608186,2707.024478,3156.550563
18/10/2023,2629.31619,2706.227372,3152.229274
19/10/2023,2636.44705,2700.899513,3149.073526
20/10/2023,2636.012088,2709.345838,3151.890964
21/10/2023,2636.652953,2708.679142,3146.542062
22/10/2023,2638.018298,2713.205583,3148.629191
23/10/2023,2636.620756,2714.270221,3150.947151
24/10/2023,2632.709697,2712.044919,3151.209361
25/10/2023,2630.740251,2706.84034,3163.040288
26/10/2023,2634.458752,2702.739675,3162.075574
27/10/2023,2626.796761,2706.332784,3166.807724
28/10/2023,2626.979329,2701.209821,3167.862202
29/10/2023,2623.658257,2703.718623,3167.592366
30/10/2023,2627.704796,2702.836036,3163.134119
31/10/2023,2634.205469,2706.856799,3175.825519
01/11/2023,2625.644601,2709.150581,3183.893698
02/11/2023,2629.618382,2704.468594,3179.39138
03/11/2023,2632.90858,2707.986956,3179.554234
04/11/2023,2640.081957,2708.603089,3176.001576
05/11/2023,2639.066923,2712.576324,3175.165053
06/11/2023,2641.864174,2710.909985,3177.387716
07/11/2023,2638.755223,2712.893292,3175.219155
08/11/2023,2649.785434,2710.72964,3176.313756
09/11/2023,2654.062006,2715.648994,3182.861686
10/11/2023,2652.811893,2718.5576,3188.684647
11/11/2023,2662.878333,2718.57018,3191.718193
12/11/2023,2668.092646,2727.021499,3200.268414
13/11/2023,2667.643656,2729.1734,3213.200317
14/11/2023,2664.639422,2724.910995,3210.9099
15/11/2023,2662.556802,2726.487292,3205.993579
16/11/2023,2663.931894,2723.19049,3203.167584
17/11/2023,2663.801649,2723.150143,3205.76156
18/11/2023,2658.265727,2725.49145,3205.620292
19/11/2023,2659.761853,2721.285773,3206.582742
20/11/2023,2662.151444,2721.496536,3220.404838
21/11/2023,2672.123447,2723.324764,3213.890823
22/11/2023,2675.471083,2731.918225,3218.81512
23/11/2023,2677.752689,2734.105803,3220.887315
24/11/2023,2677.992441,2730.900963,3224.762483
25/11/2023,2682.180205,2731.487198,3226.692734
26/11/2023,2688.019435,2734.349505,3227.236077
27/11/2023,2683.035398,2738.864776,3231.174493
28/11/2023,2688.446423,2736.345524,3232.159378
29/11/2023,2691.612863,2741.791113,3234.192549
30/11/2023,2693.290977,2743.006821,3237.354061
01/12/2023,2690.303609,2741.357667,3242.373083
02/12/2023,2695.434928,2738.466389,3241.209742
03/12/2023,2695.488257,2742.148379,3244.59856
04/12/2023,2695.940193,2745.052396,3240.875188
05/12/2023,2701.777106,2740.607734,3241.020355
06/12/2023,2701.700975,2745.107239,3246.511779
07/12/2023,2705.01886,2744.461912,3250.685437
08/12/2023,2709.697584,2747.74645,3254.194744
09/12/2023,2710.605335,2751.692106,3249.841924
10/12/2023,2712.60521,2753.5912,3247.790064
11/12/2023,2717.338774,2755.13544,3245.964579
12/12/2023,2723.426416,2760.638845,3250.471337
13/12/2023,2724.311133,2763.477787,3255.211815
14/12/2023,2718.762567,2763.804288,3255.41767
15/12/2023,2718.897479,2761.601786,3249.837689
16/12/2023,2726.082395,2761.023971,3251.003807
17/12/2023,2720.192295,2768.070127,3249.485444
18/12/2023,2717.564863,2763.998887,3253.440452
19/12/2023,2719.950583,2763.526848,3260.611428
20/12/2023,2729.407577,2762.725693,3265.022438
21/12/2023,2737.379125,2769.339052,3270.485291
22/12/2023,2741.831556,2771.961578,3274.36067
23/12/2023,2745.941348,2772.116501,3289.351501
24/12/2023,2747.110596,2777.349709,3289.562012
25/12/2023,2750.532165,2777.756863,3289.253052
26/12/2023,2750.641281,2782.537063,3290.034301
27/12/2023,2753.678309,2783.094882,3291.28665
28/12/2023,2754.000653,2783.685832,3286.273167
29/12/2023,2748.410759,2780.9587,3293.803622
30/12/2023,2761.022938,2779.461975,3288.280482
31/12/2023,2762.64081,2785.353741,3290.199989
01/01/2024,2758.179671,2784.934324,3299.199936
02/01/2024,2762.975259,2784.264825,3298.525207
03/01/2024,2760.451195,2788.326006,3306.953041
04/01/2024,2752.502761,2788.153636,3306.223939
05/01/2024,2751.851984,2785.341611,3302.243514
06/01/2024,2756.163852,2785.994991,3304.581896
07/01/2024,2759.692523,2790.010571,3308.226853
08/01/2024,2759.563612,2792.346072,3317.776817
09/01/2024,2761.537759,2794.041863,3315.899211
10/01/2024,2757.930593,2795.355991,3312.2422
11/01/2024,2763.546008,2793.301455,3311.413205
12/01/2024,2767.142893,2798.952118,3314.138305
13/01/2024,2770.404844,2800.500807,3317.376307
14/01/2024,2773.602037,2801.298872,3310.681428
15/01/2024,2774.208433,2798.161597,3318.919743
16/01/2024,2773.938174,2799.960087,3317.139146
17/01/2024,2773.445712,2797.134646,3316.664952
18/01/2024,2773.338785,2795.505117,3317.028286
19/01/2024,2767.773259,2791.28104,3318.97387
20/01/2024,2768.753886,2791.138825,3317.129574
21/01/2024,2763.197266,2791.896621,3323.2538
22/01/2024,2773.33164,2788.710484,3319.003233
23/01/2024,2773.680741,2795.647584,3321.933851
24/01/2024,2779.344628,2796.170919,3322.60641
25/01/2024,2780.568425,2798.8242,3321.912121
26/01/2024,2777.369712,2798.038985,3326.077875
27/01/2024,2779.988642,2792.144893,3329.469653
28/01/2024,2777.393706,2793.920642,3326.103046
29/01/2024,2787.078786,2792.255125,3330.190501
30/01/2024,2790.314268,2792.231389,3342.160836
31/01/2024,2787.24455,2793.962253,3337.952267
01/02/2024,2785.814714,2789.989375,3335.905877
02/02/2024,2787.079077,2790.44975,3343.275293
03/02/2024,2785.331933,2790.582984,3339.307845
04/02/2024,2783.594879,2788.531499,3327.262435
05/02/2024,2788.677367,2790.15348,3331.189955
06/02/2024,2792.069409,2799.245343,3324.562569
07/02/2024,2789.992165,2803.943055,3327.13236
08/02/2024,2788.632342,2802.18561,3324.831883
09/02/2024,2792.13999,2801.260015,3320.324086
10/02/2024,2788.244402,2802.545045,3328.670488
11/02/2024,2790.995066,2807.748551,3322.013069
12/02/2024,2793.118718,2807.438845,3328.364002
13/02/2024,2797.7893,2810.303164,3331.405179
14/02/2024,2794.954499,2814.228887,3333.674723
15/02/2024,2791.155177,2815.26302,3329.617724
16/02/2024,2795.676263,2811.418392,3323.442208
17/02/2024,2794.286652,2816.134747,3322.242414
18/02/2024,2796.696709,2818.815103,3318.695122
19/02/2024,2795.146917,2820.121022,3317.223559
20/02/2024,2795.202727,2815.322224,3312.365042
21/02/2024,2794.107909,2818.080005,3313.123895
22/02/2024,2799.695031,2817.497427,3313.395123
23/02/2024,2793.947329,2827.569972,3317.986019
24/02/2024,2800.736056,2821.542794,3317.991299
25/02/2024,2803.628636,2822.695089,3318.384194
26/02/2024,2804.030692,2826.720803,3322.146649
27/02/2024,2805.606819,2828.594608,3326.414239
28/02/2024,2803.936422,2833.986247,3328.897772
29/02/2024,2808.204186,2832.030844,3325.857736
01/03/2024,2803.810315,2832.924459,3328.590294
02/03/2024,2799.631004,2827.23575,3329.958436
03/03/2024,2802.650497,2830.395925,3326.562044
04/03/2024,2802.776123,2830.531064,3333.545567
05/03/2024,2804.764947,2831.630977,3339.221027
06/03/2024,2809.489449,2833.955533,3339.190305
07/03/2024,2813.370343,2841.653753,3335.575102
08/03/2024,2818.936008,2843.610475,3342.393864
09/03/2024,2818.259185,2847.003077,3342.78135
10/03/2024,2817.09931,2846.777131,3339.227371
11/03/2024,2817.434128,2848.697278,3340.661213
12/03/2024,2821.251595,2847.996268,3333.727662
13/03/2024,2822.02666,2846.867566,3336.257924
14/03/2024,2831.640261,2844.099076,3345.720101
15/03/2024,2831.171488,2848.093384,3357.60362
16/03/2024,2830.465565,2847.149597,3363.096705
17/03/2024,2831.084885,2846.501256,3358.741827
18/03/2024,2836.77451,2851.561466,3356.604766
19/03/2024,2843.667561,2861.134409,3353.121308
20/03/2024,2841.516773,2866.287672,3354.525235
21/03/2024,2838.79552,2867.067401,3357.090615
22/03/2024,2837.456165,2865.435809,3341.456665
23/03/2024,2844.25316,2859.648181,3352.4341
24/03/2024,2848.91892,2867.321295,3360.121928
25/03/2024,2856.646894,2873.796624,3372.156021
26/03/2024,2864.568859,2879.0271,3377.79433
27/03/2024,2868.239968,2880.762003,3378.104974
28/03/2024,2870.593351,2885.14751,3382.173054
29/03/2024,2871.725191,2889.243946,3389.736345
30/03/2024,2878.970803,2888.153326,3385.000112
31/03/2024,2873.006409,2894.260419,3385.11024
01/04/2024,2873.126349,2891.281808,3383.28568
02/04/2024,2867.056599,2893.667259,3381.589954
03/04/2024,2866.296524,2887.498404,3371.39076
04/04/2024,2865.064713,2881.966844,3362.434611
05/04/2024,2857.332587,2876.661021,3361.197563
06/04/2024,2849.747192,2868.444401,3360.427649
07/04/2024,2852.894007,2864.321941,3354.224745
08/04/2024,2848.270225,2867.643969,3352.28511
09/04/2024,2852.618095,2864.555354,3352.90992
10/04/2024,2848.474106,2865.134248,3357.510051
11/04/2024,2845.138071,2865.111491,3349.628499
12/04/2024,2835.246745,2862.439363,3347.475349
13/04/2024,2830.066885,2858.104115,3341.267467
14/04/2024,2831.704534,2855.108462,3340.529086
15/04/2024,2828.261024,2856.728264,3338.961522
16/04/2024,2827.488346,2850.074412,3334.174057
17/04/2024,2819.682997,2846.866437,3329.757327
18/04/2024,2821.175137,2842.424597,3321.975322
19/04/2024,2818.689625,2842.368591,3322.318856
20/04/2024,2819.515615,2842.323004,3318.990256
21/04/2024,2815.571273,2842.188753,3321.542429
22/04/2024,2812.362448,2842.766147,3318.652491
23/04/2024,2813.964551,2843.395676,3312.679832
24/04/2024,2815.514683,2838.946784,3310.485337
25/04/2024,2810.663294,2841.063069,3315.336743
26/04/2024,2810.150295,2839.298801,3313.779145
27/04/2024,2811.831693,2833.750901,3313.356638
28/04/2024,2810.961687,2833.288965,3308.46165
29/04/2024,2811.642572,2832.72896,3299.612939
30/04/2024,2807.57848,2831.241556,3297.071774
01/05/2024,2804.123852,2824.02709,3288.455981
02/05/2024,2802.626889,2816.651901,3282.745398
03/05/2024,2798.949686,2816.559751,3279.660124
04/05/2024,2798.109853,2813.960067,3272.064906
05/05/2024,2793.147092,2812.182079,3279.417396
06/05/2024,2789.282937,2809.929394,3270.93749
07/05/2024,2783.154066,2809.215119,3271.103727
08/05/2024,2774.488199,2805.484744,3274.869762
09/05/2024,2768.559794,2799.599394,3266.32925
10/05/2024,2764.602985,2791.247437,3262.172309
11/05/2024,2761.327942,2787.585795,3251.773804
12/05/2024,2762.412886,2781.386048,3247.71618
13/05/2024,2759.859822,2777.97917,3251.286684
14/05/2024,2758.257955,2777.712493,3245.718074
15/05/2024,2749.719261,2774.944788,3246.209799
16/05/2024,2743.207929,2765.430058,3234.61385
17/05/2024,2742.199141,2760.439707,3233.771203
18/05/2024,2742.28679,2759.985118,3232.026544
19/05/2024,2741.135778,2755.737349,3220.640042
20/05/2024,2731.878199,2754.17322,3224.005835
21/05/2024,2731.725343,2747.903621,3215.247675
22/05/2024,2729.928165,2744.974737,3209.47516
23/05/2024,2729.909077,2744.178833,3208.653271
24/05/2024,2730.647264,2741.010877,3210.736629
25/05/2024,2723.695347,2742.101931,3210.550195
26/05/2024,2726.595345,2734.17147,3207.530569
27/05/2024,2725.60488,2739.815932,3214.05872
28/05/2024,2726.231246,2735.521452,3208.355511
29/05/2024,2721.639441,2733.920001,3211.887626
30/05/2024,2721.696154,2732.447861,3210.6859
31/05/2024,2723.489828,2728.119449,3207.255413
01/06/2024,2720.517529,2724.552894,3211.002561
02/06/2024,2726.231464,2724.620545,3209.079497
03/06/2024,2725.224208,2727.689566,3213.662033
04/06/2024,2728.928393,2727.209284,3200.769515
05/06/2024,2719.976618,2731.387186,3201.959755
06/06/2024,2713.259901,2723.461945,3193.884997
07/06/2024,2705.002414,2714.807221,3181.845128
08/06/2024,2696.997292,2710.838601,3177.656243
09/06/2024,2701.049909,2702.642956,3172.377474
10/06/2024,2709.819678,2707.21898,3174.415752
11/06/2024,2708.607344,2712.476051,3180.500423
12/06/2024,2704.448152,2713.281102,3175.810581
13/06/2024,2705.746322,2710.498902,3174.208826
14/06/2024,2700.735676,2712.858938,3170.394044
15/06/2024,2697.999138,2707.602132,3166.664788
16/06/2024,2692.627385,2705.17308,3164.282464
17/06/2024,2691.130692,2697.329044,3151.80479
18/06/2024,2682.493895,2698.468589,3146.317948
19/06/2024,2678.956176,2692.641114,3139.926885
20/06/2024,2677.621758,2694.497389,3131.573161
21/06/2024,2679.504621,2693.748242,3127.44746
22/06/2024,2680.253124,2695.451122,3130.337699
23/06/2024,2674.287251,2696.639149,3133.540662
24/06/2024,2669.957105,2688.21276,3129.193741
25/06/2024,2664.250905,2683.223051,3132.764364
26/06/2024,2664.801327,2676.588384,3128.999773
27/06/2024,2665.762944,2676.080445,3129.009462
28/06/2024,2659.055627,2680.53639,3122.573906
29/06/2024,2660.610338,2674.636453,3118.008691
30/06/2024,2663.247187,2675.993872,3122.196806
01/07/2024,2664.875428,2677.628714,3110.156795
02/07/2024,2666.969483,2681.085497,3100.689268
03/07/2024,2674.990933,2687.752541,3102.684566
04/07/2024,2671.569076,2696.55524,3114.076648
05/07/2024,2666.008165,2695.405502,3113.999984
06/07/2024,2663.072161,2691.272152,3109.33845
07/07/2024,2667.862881,2687.502164,3105.495501
08/07/2024,2666.971851,2691.131017,3113.766293
09/07/2024,2666.399723,2688.358751,3106.508349
10/07/2024,2666.040521,2680.612027,3104.188327
11/07/2024,2666.466034,2677.989377,3110.968315
12/07/2024,2667.722016,2678.165496,3106.868572
13/07/2024,2667.655485,2678.525921,3101.216067
14/07/2024,2670.659601,2679.150043,3103.643609
15/07/2024,2667.022044,2676.14873,3095.154286
16/07/2024,2671.463843,2675.70681,3098.885428
17/07/2024,2671.116278,2677.034148,3102.705709
18/07/2024,2663.829935,2678.880397,3098.603373
19/07/2024,2661.115755,2675.289681,3089.945109
20/07/2024,2664.365715,2672.987299,3085.497249
21/07/2024,2662.979244,2673.062474,3079.269885
22/07/2024,2659.992855,2672.908403,3081.10395
23/07/2024,2660.867452,2670.28897,3085.674075
24/07/2024,2667.519282,2670.143963,3081.351173
25/07/2024,2672.784395,2673.724318,3086.741451
26/07/2024,2674.806249,2678.746958,3094.117901
27/07/2024,2670.366146,2679.598156,3097.718162
28/07/2024,2669.290936,2679.816106,3095.241642
29/07/2024,2667.560696,2679.62982,3101.349473
30/07/2024,2668.383856,2677.031045,3092.16414
31/07/2024,2676.114886,2682.36663,3094.868416
01/08/2024,2679.340821,2687.403804,3098.539502
02/08/2024,2679.409341,2686.976067,3106.628849
03/08/2024,2678.29936,2687.503338,3106.669721
04/08/2024,2678.324948,2685.180814,3102.944443
05/08/2024,2678.550312,2684.502713,3106.191871
06/08/2024,2684.739193,2686.4977,3110.671558
07/08/2024,2685.333986,2692.864409,3109.355477
08/08/2024,2687.023189,2691.042148,3108.463871
09/08/2024,2690.778371,2691.400137,3116.118256
10/08/2024,2692.567953,2692.027426,3125.270813
11/08/2024,2687.122398,2693.418558,3125.993373
12/08/2024,2689.40446,2691.76596,3123.71944
13/08/2024,2691.928837,2696.354685,3122.882935
14/08/2024,2695.167997,2701.119366,3124.449192
15/08/2024,2696.042385,2697.685427,3119.068977
16/08/2024,2703.684264,2702.282455,3119.230247
17/08/2024,2701.693823,2708.037459,3121.720944
18/08/2024,2705.649491,2708.679733,3128.819401
19/08/2024,2709.376949,2708.933702,3127.704277
20/08/2024,2717.765268,2711.971418,3125.334918
21/08/2024,2719.486751,2719.689022,3135.582406
22/08/2024,2714.623516,2720.326939,3143.14052
23/08/2024,2714.608517,2716.743211,3136.430138
24/08/2024,2718.975254,2716.349331,3139.30112
25/08/2024,2717.378095,2718.542676,3142.78143
26/08/2024,2718.938006,2715.848775,3144.448543
27/08/2024,2712.175903,2714.982194,3142.840931
28/08/2024,2716.343119,2708.667985,3130.377743
29/08/2024,2714.828763,2710.148106,3134.829269
30/08/2024,2721.216756,2707.932996,3133.66779
31/08/2024,2723.762678,2713.510447,3137.914199
01/09/2024,2727.64822,2715.789107,3143.853476
02/09/2024,2727.231843,2724.755243,3150.923847
03/09/2024,2721.230943,2724.132367,3150.480723
04/09/2024,2715.384556,2721.211271,3147.723644
05/09/2024,2718.802401,2715.984277,3140.002297
06/09/2024,2726.11127,2716.097167,3143.524874
07/09/2024,2731.20014,2719.291648,3143.526293
08/09/2024,2733.915351,2721.750257,3148.510032
09/09/2024,2727.72296,2726.509824,3153.043288
10/09/2024,2728.047049,2720.940522,3153.419471
11/09/2024,2726.160712,2720.832556,3153.605262
12/09/2024,2728.088057,2717.672309,3153.968855
13/09/2024,2729.15646,2714.735437,3153.924243
14/09/2024,2724.990884,2720.147999,3153.222495
15/09/2024,2720.520524,2714.796229,3153.118702
16/09/2024,2724.089345,2712.010343,3153.045078
17/09/2024,2723.03202,2714.033749,3152.031675
18/09/2024,2723.797392,2710.086281,3148.546031
19/09/2024,2728.192426,2710.901255,3144.547752
20/09/2024,2733.096709,2714.039877,3147.577937
21/09/2024,2732.388371,2716.944016,3154.797521
22/09/2024,2738.256639,2721.353209,3151.305259
23/09/2024,2734.210486,2728.359445,3155.837874
24/09/2024,2732.119634,2725.275855,3148.984616
25/09/2024,2732.724552,2723.588806,3146.314516
26/09/2024,2729.885758,2724.552578,3143.593776
27/09/2024,2730.142705,2721.939287,3142.997116
28/09/2024,2726.628357,2723.645845,3138.996097
29/09/2024,2721.372159,2725.945807,3138.064779
30/09/2024,2721.409,2724.69375,3130.972783
01/10/2024,2716.617491,2727.782007,3131.202209
02/10/2024,2710.689654,2724.321615,3123.84549
03/10/2024,2718.298534,2721.75263,3126.275821
04/10/2024,2715.238732,2727.803126,3129.898691
05/10/2024,2714.864512,2728.370757,3126.789577
06/10/2024,2707.962625,2724.870141,3125.819495
07/10/2024,2713.386177,2718.23118,3113.417287
08/10/2024,2710.589861,2718.678331,3119.228443
09/10/2024,2708.992876,2717.923077,3106.78507
10/10/2024,2710.800213,2716.865518,3110.699291
11/10/2024,2719.796454,2717.363283,3116.05297
12/10/2024,2726.370684,2727.445401,3124.507402
13/10/2024,2723.810654,2731.453151,3128.91764
14/10/2024,2728.446882,2726.456328,3129.928734
15/10/2024,2729.488562,2729.229767,3133.551709
16/10/2024,2733.257258,2731.853558,3132.849353
17/10/2024,2723.233347,2733.578663,3139.467826
18/10/2024,2724.646446,2730.083291,3131.297081
19/10/2024,2723.749157,2733.225426,3142.844677
20/10/2024,2722.680821,2733.729242,3140.939949
21/10/2024,2717.556738,2732.980153,3136.763139
22/10/2024,2722.163649,2726.328295,3130.349311
23/10/2024,2724.759081,2726.007581,3131.245124
24/10/2024,2725.963449,2726.180615,3133.916681
25/10/2024,2732.829256,2728.71259,3139.66778
26/10/2024,2731.625252,2731.274544,3151.044026
27/10/2024,2732.871172,2731.537848,3149.221265
28/10/2024,2732.964614,2732.94926,3151.077534
29/10/2024,2730.95784,2734.944102,3149.74818
30/10/2024,2732.986509,2730.770298,3147.599814
31/10/2024,2729.18004,2729.850363,3151.486025
01/11/2024,2730.075561,2728.747956,3149.324195
02/11/2024,2728.874619,2730.114038,3146.639024
03/11/2024,2724.472355,2727.212024,3146.895194
04/11/2024,2717.057659,2728.485654,3144.03646
05/11/2024,2716.119244,2725.085447,3144.770372
06/11/2024,2720.319845,2723.394622,3131.078069
07/11/2024,2725.778132,2731.987412,3131.502751
08/11/2024,2726.279808,2734.72376,3126.2761
09/11/2024,2720.767964,2733.563434,3118.741329
10/11/2024,2716.870302,2726.929938,3120.523186
11/11/2024,2718.252518,2722.769754,3109.189123
12/11/2024,2715.280186,2720.488277,3109.282405
13/11/2024,2715.537904,2718.564626,3113.951324
14/11/2024,2710.855066,2717.877322,3120.566636
15/11/2024,2716.5664,2717.004767,3117.308529
16/11/2024,2717.343678,2720.754933,3122.745791
17/11/2024,2722.709795,2720.10344,3124.07926
18/11/2024,2721.731879,2723.840983,3122.410843
19/11/2024,2731.457307,2721.867635,3127.239062
20/11/2024,2737.590549,2731.217441,3132.290252
21/11/2024,2735.412283,2736.786618,3139.91445
22/11/2024,2736.059122,2736.082297,3132.496084
23/11/2024,2741.744703,2733.111272,3132.850866
24/11/2024,2736.46913,2734.29132,3140.479491
25/11/2024,2733.519593,2732.720677,3141.464069
26/11/2024,2736.296237,2736.157804,3137.596087
27/11/2024,2738.131235,2743.242814,3138.034926
28/11/2024,2741.421162,2743.345344,3146.652879
29/11/2024,2745.378284,2745.164668,3152.584897
30/11/2024,2747.552252,2749.044441,3153.411944
01/12/2024,2745.378707,2751.122744,3152.050083
02/12/2024,2750.168522,2750.837517,3153.424056
03/12/2024,2750.981414,2754.748497,3155.85248
04/12/2024,2752.707265,2753.525236,3149.37467
05/12/2024,2750.622087,2750.664126,3150.891877
06/12/2024,2749.147993,2750.33368,3145.938885
07/12/2024,2751.045214,2752.6717,3145.395589
08/12/2024,2752.198491,2755.457139,3149.50265
09/12/2024,2750.675464,2756.54122,3158.472781
10/12/2024,2754.480765,2758.842492,3152.835981
11/12/2024,2753.558054,2758.975567,3160.579978
12/12/2024,2750.601662,2759.607808,3162.308686
13/12/2024,2745.760234,2759.038224,3157.887854
14/12/2024,2753.380871,2754.442579,3148.146047
15/12/2024,2753.972596,2762.411767,3143.760818
16/12/2024,2752.589038,2763.326709,3154.367469
17/12/2024,2749.633159,2762.091588,3156.988238
18/12/2024,2746.771381,2759.499701,3160.794952
19/12/2024,2746.83274,2758.893194,3156.939435
20/12/2024,2751.40031,2760.284038,3161.442083
21/12/2024,2760.680218,2761.018458,3159.945795
22/12/2024,2764.342047,2770.542986,3153.910816
23/12/2024,2760.519782,2769.467883,3154.821049
24/12/2024,2759.313213,2767.587112,3145.27246
25/12/2024,2756.596966,2764.706959,3141.295392
26/12/2024,2753.602679,2758.757216,3143.139494
27/12/2024,2754.866586,2757.144977,3141.280577
28/12/2024,2752.239102,2760.928193,3143.456862
29/12/2024,2751.044441,2757.27259,3147.066467
30/12/2024,2756.894039,2756.617475,3140.645382
31/12/2024,2756.679938,2760.051839,3145.000935
01/01/2025,2759.523122,2760.078052,3142.35045
02/01/2025,2754.610592,2762.291824,3138.780254
03/01/2025,2751.544704,2758.383191,3138.335211
04/01/2025,2751.979513,2753.972537,3135.930919
05/01/2025,2747.78312,2754.485193,3140.265697
06/01/2025,2751.692672,2748.89064,3127.356373
07/01/2025,2760.940413,2753.371195,3123.408099
08/01/2025,2759.323806,2762.844717,3125.295649
09/01/2025,2764.198299,2765.574642,3121.368237
10/01/2025,2758.053763,2768.685064,3130.720086
11/01/2025,2760.695425,2764.793593,3118.043068
12/01/2025,2761.524941,2765.506042,3113.642022
13/01/2025,2766.212832,2767.468023,3122.120366
14/01/2025,2768.769067,2771.591463,3128.53571
15/01/2025,2773.193837,2773.723876,3131.462936
16/01/2025,2774.691715,2774.058149,3138.476821
17/01/2025,2786.870509,2773.363626,3141.289146
18/01/2025,2791.571901,2780.637277,3146.309987
19/01/2025,2793.925841,2780.987967,3153.228668
20/01/2025,2806.107749,2786.075822,3161.342932
21/01/2025,2813.005366,2797.295951,3174.548477
22/01/2025,2816.680147,2797.444204,3184.470791
23/01/2025,2815.647739,2797.068691,3189.083928
24/01/2025,2813.050556,2797.711977,3190.247247
25/01/2025,2817.025375,2798.330859,3196.468982
26/01/2025,2815.902867,2801.271214,3198.209428
27/01/2025,2816.351022,2801.449385,3193.613573
28/01/2025,2817.958777,2800.153823,3193.365685
29/01/2025,2816.68092,2800.637866,3184.396962
30/01/2025,2819.15037,2797.391231,3187.942657
31/01/2025,2823.500603,2804.590784,3191.142441
01/02/2025,2821.647775,2807.437762,3189.123105
02/02/2025,2825.369667,2804.780231,3189.047259
03/02/2025,2822.92718,2807.61779,3193.231713
04/02/2025,2826.503759,2807.881997,3188.510133
05/02/2025,2826.507478,2807.473108,3191.202247
06/02/2025,2825.07426,2805.491122,3199.879836
07/02/2025,2826.667576,2809.881667,3201.037409
08/02/2025,2827.476563,2811.42765,3208.582928
09/02/2025,2821.657151,2817.610374,3200.912655
10/02/2025,2821.837508,2813.24417,3199.342078
11/02/2025,2826.495806,2811.709213,3195.854246
12/02/2025,2821.661462,2812.240609,3195.203927
13/02/2025,2819.485245,2809.916134,3189.42359
14/02/2025,2823.392458,2811.937243,3185.602681
15/02/2025,2828.172037,2812.66506,3187.498562
16/02/2025,2827.149018,2816.429654,3187.016643
17/02/2025,2827.061226,2815.692202,3180.078201
18/02/2025,2831.640048,2817.035774,3180.356153
19/02/2025,2830.525904,2820.781303,3179.877909
20/02/2025,2830.0291,2819.331124,3185.473388
21/02/2025,2823.847867,2817.158564,3186.720434
22/02/2025,2829.211121,2813.546134,3188.377084
23/02/2025,2829.411593,2816.067308,3191.53055
24/02/2025,2829.433505,2818.015291,3189.509933
25/02/2025,2824.361312,2821.674273,3198.053313
26/02/2025,2827.965294,2822.525062,3187.592119
27/02/2025,2825.182001,2821.598008,3188.432663
28/02/2025,2825.368338,2822.387968,3181.530832
01/03/2025,2822.989874,2822.941663,3189.865408
02/03/2025,2824.14809,2818.546765,3187.526178
03/03/2025,2817.59467,2819.171061,3191.125428
04/03/2025,2815.63761,2812.3413,3188.743972
05/03/2025,2813.878074,2813.559055,3190.265183
06/03/2025,2805.288004,2811.300841,3183.677839
07/03/2025,2812.115739,2810.779456,3177.494768
08/03/2025,2805.764168,2817.876226,3177.453464
09/03/2025,2811.514436,2815.794566,3172.855207
10/03/2025,2802.558701,2816.13582,3170.103797
11/03/2025,2803.434112,2812.885409,3172.306086
12/03/2025,2808.403831,2809.963313,3174.231897
13/03/2025,2809.263834,2811.070944,3179.902181
14/03/2025,2801.008188,2812.209595,3190.541114
15/03/2025,2803.615682,2809.382997,3186.326374
16/03/2025,2802.047714,2810.795865,3192.258652
17/03/2025,2801.258112,2811.342843,3187.643613
18/03/2025,2798.622721,2808.896152,3191.017734
19/03/2025,2802.872829,2800.047559,3189.811687
20/03/2025,2805.980522,2803.340037,3184.935254
21/03/2025,2804.659672,2801.772489,3186.837491
22/03/2025,2802.93236,2803.302826,3191.353344
23/03/2025,2803.63071,2802.691724,3183.441203
24/03/2025,2811.365972,2799.752724,3189.600949
25/03/2025,2811.749593,2801.816955,3191.726676
26/03/2025,2804.105378,2802.834805,3187.819179
27/03/2025,2795.638904,2795.215476,3177.197116
28/03/2025,2794.258614,2788.652094,3174.525434
29/03/2025,2794.007804,2787.052616,3171.748325
30/03/2025,2794.380218,2781.430727,3175.228574
31/03/2025,2795.349213,2778.108257,3171.603572
01/04/2025,2794.772211,2779.659104,3169.16534
02/04/2025,2792.77331,2779.429987,3172.035281
03/04/2025,2791.463641,2781.098082,3160.297196
04/04/2025,2790.275927,2774.211869,3161.811495
05/04/2025,2787.874444,2774.276759,3164.47186
06/04/2025,2784.623758,2774.343328,3155.451473
07/04/2025,2776.327626,2774.783604,3160.399731
08/04/2025,2770.263249,2765.659516,3153.179042
09/04/2025,2769.56516,2761.420255,3149.589369
10/04/2025,2775.307583,2760.193323,3151.717458
11/04/2025,2774.395577,2765.428246,3142.654702
12/04/2025,2765.611658,2764.516963,3129.435603
13/04/2025,2762.550445,2756.553277,3124.738743
14/04/2025,2760.722744,2756.031697,3123.539298
15/04/2025,2760.754058,2752.906647,3127.215817
16/04/2025,2755.075098,2749.827869,3129.003934
17/04/2025,2754.785849,2742.909396,3121.279926
18/04/2025,2753.078197,2738.310399,3119.336478
19/04/2025,2750.800704,2735.8266,3122.474302
20/04/2025,2748.048593,2733.702896,3117.858573
21/04/2025,2747.271053,2734.606157,3114.614521
22/04/2025,2746.136372,2731.666044,3104.1629
23/04/2025,2747.081853,2734.365997,3103.184921
24/04/2025,2745.83205,2731.909376,3099.732035
25/04/2025,2747.455097,2730.018195,3095.625661
26/04/2025,2739.184924,2726.778842,3092.738616
27/04/2025,2738.841749,2721.734226,3087.900279
28/04/2025,2742.060874,2720.78359,3084.899002
29/04/2025,2737.970819,2724.58599,3087.69714
30/04/2025,2740.739328,2722.149817,3085.778593
01/05/2025,2734.323805,2721.220351,3078.193207
02/05/2025,2732.862225,2718.508499,3069.797834
03/05/2025,2729.673943,2718.476325,3062.469907
04/05/2025,2724.714073,2716.869313,3054.699113
05/05/2025,2721.361804,2714.144726,3056.134813
06/05/2025,2718.422987,2713.987524,3057.811344
07/05/2025,2714.524,2711.171059,3050.871525
08/05/2025,2711.973452,2710.180472,3045.730669
09/05/2025,2702.522821,2708.268884,3033.396829
10/05/2025,2698.536167,2702.908666,3025.883943
11/05/2025,2699.014104,2697.351872,3020.154906
12/05/2025,2699.980881,2696.545374,3013.722136
13/05/2025,2706.093031,2694.73278,3012.052903
14/05/2025,2705.590464,2695.128493,3015.090557
15/05/2025,2698.562359,2691.992632,3013.870809
16/05/2025,2700.801299,2687.041436,3011.094376
17/05/2025,2703.582563,2689.799332,3012.660249
18/05/2025,2699.538579,2687.328416,3013.402181
19/05/2025,2696.320048,2682.009108,3017.154323
20/05/2025,2695.233312,2677.261814,3014.179333
21/05/2025,2695.723073,2679.78255,3013.044155
22/05/2025,2695.993657,2680.141868,3016.283728
23/05/2025,2695.205274,2682.398237,3014.301462
24/05/2025,2698.137501,2681.868992,3008.091626
25/05/2025,2699.702217,2683.467325,3007.292107
26/05/2025,2695.272357,2683.377257,3009.680092
27/05/2025,2692.758518,2679.512303,3013.077265
28/05/2025,2692.253579,2679.549342,3016.231494
29/05/2025,2686.074799,2678.616591,3016.499845
30/05/2025,2687.551448,2675.171988,3007.944871
31/05/2025,2681.837784,2677.116077,3002.908303
01/06/2025,2691.077653,2672.170992,3005.45425
02/06/2025,2691.679565,2680.333902,3008.342252
03/06/2025,2690.84568,2681.948842,3008.49035
04/06/2025,2689.336469,2678.442599,3010.6717
05/06/2025,2693.44589,2671.765723,3011.965214
06/06/2025,2692.408947,2675.589709,3010.342707
07/06/2025,2692.554558,2672.829208,3010.051721
08/06/2025,2691.944952,2669.803536,3010.403848
09/06/2025,2687.334291,2666.153845,3008.71645
10/06/2025,2679.284876,2660.629541,3002.094587
11/06/2025,2674.47908,2655.704407,2998.218002
12/06/2025,2666.699104,2650.969845,2996.577436
13/06/2025,2660.092731,2646.670391,2991.566566
14/06/2025,2656.235093,2635.606768,2992.589613
15/06/2025,2650.972839,2634.520615,2992.460256
16/06/2025,2649.847492,2632.28799,2982.469634
17/06/2025,2652.511087,2631.953737,2976.603533
18/06/2025,2642.137629,2631.281951,2979.783293
19/06/2025,2641.606924,2626.958756,2976.128262
20/06/2025,2639.613108,2627.422022,2981.19259
21/06/2025,2636.575616,2625.085896,2980.911031
22/06/2025,2637.32811,2628.212212,2975.474757
23/06/2025,2636.803033,2627.622968,2967.317861
24/06/2025,2633.68795,2627.350221,2966.532153
25/06/2025,2632.3765,2624.347025,2971.016818
26/06/2025,2629.679357,2626.241442,2968.606886
27/06/2025,2627.344738,2622.670245,2967.665065
28/06/2025,2624.421711,2623.788497,2962.95392
29/06/2025,2620.316279,2623.350165,2966.000166
30/06/2025,2616.044097,2620.532003,2960.163464
01/07/2025,2615.571531,2616.22672,2954.829658
02/07/2025,2617.860523,2614.349392,2950.130252
03/07/2025,2618.907302,2618.641792,2957.911585
04/07/2025,2619.350622,2619.07677,2958.435497
05/07/2025,2618.054076,2621.00871,2956.611294
06/07/2025,2626.00472,2617.338381,2960.080523
07/07/2025,2626.709851,2622.979226,2959.774247
08/07/2025,2632.004914,2623.545124,2960.853082
09/07/2025,2633.276085,2627.606473,2967.512917
10/07/2025,2637.850673,2626.271327,2967.862634
11/07/2025,2638.330502,2630.953608,2970.141339
12/07/2025,2637.554774,2630.754271,2975.258501
13/07/2025,2634.922482,2632.609928,2972.237767
14/07/2025,2642.219545,2630.32475,2970.58383
15/07/2025,2650.833825,2634.58591,2973.425535
16/07/2025,2654.488144,2639.256272,2976.971509
17/07/2025,2652.260082,2639.082235,2979.794036
18/07/2025,2664.758508,2639.026773,2968.597916
19/07/2025,2668.693706,2642.408533,2978.276287
20/07/2025,2674.760697,2643.377354,2976.985238
21/07/2025,2675.657835,2649.766809,2979.260654
22/07/2025,2668.978096,2651.066235,2971.992159
23/07/2025,2671.710497,2646.252132,2971.295457
24/07/2025,2675.751046,2651.52649,2981.265708
25/07/2025,2667.428918,2655.566628,2988.179336
26/07/2025,2669.6156,2647.746372,2982.744084
27/07/2025,2676.554458,2654.178377,2977.776735
28/07/2025,2677.468099,2660.018899,2986.3822
29/07/2025,2679.741874,2660.987147,2983.744775
30/07/2025,2679.845417,2664.394421,2984.09667
31/07/2025,2674.588591,2664.447488,2984.349218
01/08/2025,2678.880408,2661.995575,2986.105524
02/08/2025,2670.224488,2661.034267,2995.214958
03/08/2025,2664.287352,2656.717658,2998.04411
04/08/2025,2664.999677,2652.532138,3000.938825
05/08/2025,2673.299247,2651.121232,2999.680254
06/08/2025,2677.103444,2658.768187,3009.910416
07/08/2025,2688.5481,2662.890466,3015.300497
08/08/2025,2690.513619,2669.99763,3022.919653
09/08/2025,2687.315383,2669.749191,3026.200514
10/08/2025,2687.557965,2670.483118,3032.721434
11/08/2025,2697.757452,2675.045827,3036.660263
12/08/2025,2701.011217,2678.387167,3051.387968
13/08/2025,2699.539787,2680.392706,3057.187006
14/08/2025,2702.697595,2686.130323,3053.945714
15/08/2025,2699.866762,2683.826637,3051.9969
16/08/2025,2699.319048,2680.909081,3049.253169
17/08/2025,2704.461402,2679.051852,3057.251613
18/08/2025,2705.823348,2683.899952,3059.013781
19/08/2025,2708.852734,2686.606181,3057.285414
20/08/2025,2707.044212,2685.771148,3062.937909
21/08/2025,2708.622967,2686.177691,3057.214823
22/08/2025,2700.627135,2691.234219,3053.39621
23/08/2025,2700.314658,2685.113403,3043.852245
24/08/2025,2706.17765,2684.025931,3042.184486
25/08/2025,2704.619763,2688.302897,3042.547144
26/08/2025,2708.731041,2688.187762,3047.805161
27/08/2025,2713.912341,2687.987761,3047.770351
28/08/2025,2709.245652,2688.988111,3058.122066
29/08/2025,2712.760964,2686.99084,3061.416678
30/08/2025,2717.42647,2690.538766,3071.768386
31/08/2025,2727.705632,2694.486812,3073.005094
01/09/2025,2736.8524,2702.009248,3084.353411
02/09/2025,2732.360684,2705.978238,3101.685662
03/09/2025,2733.433148,2705.984764,3098.568635
04/09/2025,2738.505592,2708.757046,3099.360141
05/09/2025,2731.636813,2711.064534,3104.66706
06/09/2025,2726.595442,2705.184037,3104.991146
07/09/2025,2728.216068,2704.566537,3114.314794
08/09/2025,2728.690171,2706.885284,3118.086066
09/09/2025,2735.083399,2706.118506,3112.78209
10/09/2025,2737.296183,2711.638471,3118.215853
11/09/2025,2738.461993,2715.061299,3125.019837
12/09/2025,2737.318846,2719.867515,3126.592328
13/09/2025,2746.691602,2721.287254,3124.789169
14/09/2025,2748.997899,2726.747098,3125.48256
15/09/2025,2749.500963,2733.49646,3124.34398
16/09/2025,2746.655255,2734.489975,3128.820828
17/09/2025,2751.86234,2733.90419,3126.093823
18/09/2025,2752.100051,2739.036618,3129.570013
19/09/2025,2760.776058,2737.342634,3131.641955
20/09/2025,2758.352824,2747.244057,3138.824974
21/09/2025,2756.78388,2747.974753,3141.800151
22/09/2025,2760.063141,2744.526337,3134.815915
23/09/2025,2762.057189,2746.721234,3137.776919
24/09/2025,2760.072554,2746.721086,3132.034534
25/09/2025,2768.34688,2747.794297,3130.649171
26/09/2025,2765.717482,2750.010106,3131.820463
27/09/2025,2772.835864,2749.59967,3129.011748
28/09/2025,2769.970122,2755.7743,3125.562084
29/09/2025,2776.220311,2752.403298,3122.118278
30/09/2025,2780.111355,2755.880325,3121.176084
01/10/2025,2773.610242,2757.670171,3121.981747
02/10/2025,2775.89702,2752.65791,3119.079506
03/10/2025,2776.826137,2750.244036,3120.572995
04/10/2025,2775.884076,2750.554024,3124.334912
05/10/2025,2771.537942,2753.365747,3124.863827
06/10/2025,2768.611622,2750.232986,3118.646053
07/10/2025,2777.120386,2749.636597,3113.54734
08/10/2025,2783.204445,2753.858431,3125.12642
09/10/2025,2781.231874,2757.257986,3125.878291
10/10/2025,2781.458966,2756.337244,3128.851146
11/10/2025,2773.435783,2757.136998,3131.792316
12/10/2025,2771.180254,2755.468298,3130.307955
13/10/2025,2772.580348,2754.407327,3132.749782
14/10/2025,2770.952451,2752.793496,3131.895082
15/10/2025,2769.964423,2749.459454,3133.622397
16/10/2025,2768.163982,2745.698627,3132.825536
17/10/2025,2774.45216,2743.927689,3123.499476
18/10/2025,2776.072524,2748.604162,3127.736474
19/10/2025,2781.582182,2749.890893,3134.637607
20/10/2025,2781.537623,2754.391553,3145.146482
21/10/2025,2776.532072,2754.890891,3140.921521
22/10/2025,2773.275431,2749.04806,3138.853134
23/10/2025,2771.753173,2748.444038,3135.843142
24/10/2025,2773.378645,2746.036596,3138.402973
25/10/2025,2776.10487,2744.021468,3139.462159
26/10/2025,2780.79987,2744.777925,3149.260731
27/10/2025,2780.816544,2750.447437,3154.821699
28/10/2025,2778.792609,2750.319772,3149.556289
29/10/2025,2781.835814,2749.804029,3153.341605
30/10/2025,2781.587322,2750.611622,3154.793111
31/10/2025,2787.017628,2750.819989,3155.065258
01/11/2025,2784.872568,2753.112951,3162.649144
02/11/2025,2785.655511,2747.627061,3168.132779
03/11/2025,2787.503941,2745.293304,3163.750672
04/11/2025,2790.653736,2748.15276,3158.542985
05/11/2025,2794.777321,2751.220639,3162.674274
06/11/2025,2795.132732,2756.746873,3162.615091
07/11/2025,2799.506312,2759.618546,3162.678595
08/11/2025,2802.309585,2762.592813,3175.553913
09/11/2025,2808.838779,2765.473767,3173.388841
10/11/2025,2809.981916,2767.1165,3183.716093
11/11/2025,2813.179532,2767.317335,3185.947963
12/11/2025,2817.448968,2770.271766,3192.157469
13/11/2025,2814.050281,2774.542612,3195.014875
14/11/2025,2815.625767,2771.365186,3195.492181
15/11/2025,2811.842461,2772.183428,3195.457135
16/11/2025,2807.011414,2771.835061,3196.567475
17/11/2025,2810.083983,2764.936314,3187.455595
18/11/2025,2808.875346,2767.411694,3187.934725
19/11/2025,2808.083804,2767.381181,3188.860175
20/11/2025,2803.325502,2766.361001,3188.0541
21/11/2025,2802.386637,2763.090891,3184.973611
22/11/2025,2800.295358,2764.881155,3180.940505
23/11/2025,2805.719794,2765.076086,3178.290222
24/11/2025,2807.736501,2767.803333,3181.555023
25/11/2025,2809.760449,2766.081741,3175.657524
26/11/2025,2808.436246,2763.774689,3179.950412
27/11/2025,2809.107571,2765.425917,3182.181122
28/11/2025,2806.068234,2766.555338,3178.247647
29/11/2025,2802.077137,2765.349583,3178.008545
30/11/2025,2803.466402,2762.974342,3174.069596
01/12/2025,2795.44241,2762.474029,3170.305734
02/12/2025,2796.186566,2758.782848,3158.455273
03/12/2025,2794.463184,2755.840866,3164.955631
04/12/2025,2795.504745,2753.547699,3161.320865
05/12/2025,2800.738749,2755.512821,3164.206216
06/12/2025,2800.806367,2759.088576,3167.026798
07/12/2025,2809.090288,2760.964379,3167.512502
08/12/2025,2811.418617,2764.714915,3166.65847
09/12/2025,2807.991681,2765.689249,3166.97707
10/12/2025,2802.752947,2763.549211,3159.380886
11/12/2025,2804.253284,2758.453465,3155.923427
12/12/2025,2804.2487,2763.530809,3163.18404
13/12/2025,2798.346619,2765.686984,3165.660593
14/12/2025,2804.755292,2763.189276,3161.79329
15/12/2025,2805.883275,2767.560862,3164.525082
16/12/2025,2796.102309,2769.838418,3162.884886
17/12/2025,2800.12047,2765.213525,3155.787927
18/12/2025,2802.300215,2770.776526,3158.664343
19/12/2025,2807.711315,2771.622198,3160.621543
20/12/2025,2813.527243,2777.905618,3158.734725
21/12/2025,2816.253669,2783.267712,3163.120112
22/12/2025,2818.111619,2788.249504,3167.2498
23/12/2025,2814.350982,2791.619871,3173.347647
24/12/2025,2815.291475,2790.718975,3173.219441
25/12/2025,2810.240732,2788.975755,3173.528393
26/12/2025,2812.152871,2785.144093,3167.64831
27/12/2025,2809.360212,2789.341228,3167.535977
28/12/2025,2812.499138,2789.440944,3164.99899
29/12/2025,2813.040283,2786.992168,3174.234197
30/12/2025,2811.784583,2787.319805,3174.284774
31/12/2025,2807.731291,2791.105889,3172.387088
01/01/2026,2809.755365,2785.814138,3166.276999
02/01/2026,2810.252773,2783.522499,3169.86417
03/01/2026,2806.676156,2778.658205,3170.288137
04/01/2026,2801.236133,2773.566909,3160.982922
05/01/2026,2799.467893,2772.167975,3164.066313
06/01/2026,2805.928204,2771.474034,3160.892111
07/01/2026,2809.682625,2775.302513,3165.607339
08/01/2026,2810.750304,2779.217587,3168.75663
09/01/2026,2812.100639,2784.495184,3175.119842
10/01/2026,2809.799147,2782.05719,3180.503779
11/01/2026,2801.872465,2781.543214,3175.702106
12/01/2026,2807.258152,2776.321433,3167.804458
13/01/2026,2805.791323,2777.055825,3164.68219
14/01/2026,2805.986761,2774.289714,3166.262418
15/01/2026,2805.633491,2777.789477,3161.541256
16/01/2026,2805.54705,2777.839738,3166.523177
17/01/2026,2809.865354,2777.060452,3165.202268
18/01/2026,2818.002225,2780.463475,3164.817724
19/01/2026,2817.607305,2783.339684,3169.581323
20/01/2026,2818.472833,2778.769382,3168.008903
21/01/2026,2824.548733,2780.724636,3168.082061
22/01/2026,2838.033148,2781.925994,3166.042559
23/01/2026,2832.063582,2792.14057,3180.137977
24/01/2026,2836.034141,2786.714256,3176.057272
25/01/2026,2837.413122,2791.374513,3177.503119
26/01/2026,2832.950524,2790.896476,3176.943663
27/01/2026,2826.381883,2791.471969,3180.830891
28/01/2026,2826.119813,2786.676744,3171.572271
29/01/2026,2824.449659,2783.302606,3180.494345
30/01/2026,2818.605318,2781.426977,3178.910357
31/01/2026,2816.848636,2775.308811,3180.720455
01/02/2026,2818.382762,2773.30287,3174.886267
02/02/2026,2820.003696,2772.048158,3170.887182
03/02/2026,2815.050817,2773.885396,3175.031889
04/02/2026,2816.372394,2766.646776,3170.098982
05/02/2026,2817.216069,2769.735348,3171.789672
06/02/2026,2810.278482,2775.029726,3168.638901
07/02/2026,2820.940098,2772.705275,3167.96392
08/02/2026,2819.532652,2780.659998,3175.820543
09/02/2026,2822.464353,2783.867902,3171.816648
10/02/2026,2820.218696,2786.918258,3173.949292
11/02/2026,2820.284637,2784.436079,3173.177757
12/02/2026,2827.612548,2784.854251,3180.905707
13/02/2026,2834.715778,2791.580679,3187.136872
14/02/2026,2831.806959,2797.486908,3187.327744
15/02/2026,2823.679449,2795.367914,3183.992885
16/02/2026,2823.770435,2790.960329,3178.811885
17/02/2026,2835.708164,2791.573178,3188.532147
18/02/2026,2849.239624,2799.457825,3196.473202
19/02/2026,2851.580104,2808.557325,3203.792066
20/02/2026,2859.399651,2814.55171,3201.024198
21/02/2026,2868.485702,2820.091912,3210.210411
22/02/2026,2866.864574,2825.981409,3215.849792
23/02/2026,2866.71276,2823.060311,3211.907909
24/02/2026,2872.546568,2826.40647,3214.106301
25/02/2026,2873.543061,2836.91256,3217.503827
26/02/2026,2869.285115,2841.341652,3215.863663
27/02/2026,2870.585351,2837.326808,3218.810086
28/02/2026,2870.209547,2837.970529,3220.194527
01/03/2026,2874.051897,2833.037943,3221.234807
02/03/2026,2878.205603,2834.378634,3232.914366
03/03/2026,2879.922903,2836.548502,3224.392279
04/03/2026,2888.80611,2837.047124,3226.486405
05/03/2026,2886.287515,2842.327821,3227.403598
06/03/2026,2879.531374,2840.071026,3235.698941
07/03/2026,2887.769671,2835.621921,3234.817682
08/03/2026,2885.448434,2842.513343,3244.059788
09/03/2026,2892.086914,2839.438964,3238.479307
10/03/2026,2900.556575,2849.146852,3246.127878
11/03/2026,2894.959239,2850.237517,3252.200091
12/03/2026,2895.159526,2846.135597,3253.963642
13/03/2026,2893.232015,2841.862692,3247.911
14/03/2026,2894.68945,2840.021868,3239.441033
15/03/2026,2894.539383,2841.857459,3243.937378
16/03/2026,2897.224112,2846.48678,3242.471862
17/03/2026,2886.986205,2851.52926,3248.879866
18/03/2026,2888.573312,2843.385813,3237.982078
19/03/2026,2892.392099,2842.932732,3235.12867
20/03/2026,2897.169489,2848.429761,3234.145846
21/03/2026,2894.570078,2851.97476,3238.177724
22/03/2026,2890.192159,2849.649028,3230.494653
23/03/2026,2889.791405,2846.297233,3230.685758
24/03/2026,2888.218828,2844.520439,3235.355547
25/03/2026,2884.277265,2845.699345,3233.131179
26/03/2026,2888.195426,2845.881493,3228.437834
27/03/2026,2885.119883,2846.344966,3233.585568
28/03/2026,2890.523869,2841.886153,3241.2714
29/03/2026,2892.133466,2842.652107,3250.113888
30/03/2026,2890.72887,2842.855373,3253.321856
31/03/2026,2885.801346,2843.007906,3252.054406
01/04/2026,2885.717217,2840.31772,3246.286506
02/04/2026,2883.174209,2838.448101,3247.820541
03/04/2026,2881.904154,2834.325221,3241.458914
04/04/2026,2879.75074,2833.525956,3240.81873
05/04/2026,2878.840104,2830.375252,3240.233949
06/04/2026,2879.451783,2831.717631,3239.917309
07/04/2026,2876.486769,2833.002289,3240.368187
08/04/2026,2880.418593,2831.239014,3231.302565
09/04/2026,2876.123274,2829.529066,3231.213904
10/04/2026,2871.349886,2825.629009,3234.135553
11/04/2026,2873.734238,2824.001851,3227.81007
12/04/2026,2876.837327,2827.413452,3225.618145
13/04/2026,2874.433273,2826.34858,3227.201114
14/04/2026,2877.564111,2823.87289,3232.171744
15/04/2026,2870.954639,2825.458259,3227.390236
16/04/2026,2868.850814,2822.452372,3218.600559
17/04/2026,2861.716125,2822.065659,3218.571905
18/04/2026,2855.870474,2814.202424,3203.075703
19/04/2026,2860.312284,2809.795428,3198.873449
20/04/2026,2857.363275,2813.365671,3207.91546
21/04/2026,2855.951112,2812.363779,3201.670803
22/04/2026,2851.047012,2814.976487,3196.710208
23/04/2026,2848.598328,2812.098568,3188.446862
24/04/2026,2843.406092,2809.335223,3191.64032
25/04/2026,2835.252019,2808.015531,3188.432264
26/04/2026,2832.082647,2798.841681,3189.160425
27/04/2026,2833.893803,2796.13536,3188.269729
28/04/2026,2823.452123,2799.436601,3182.577942
29/04/2026,2818.686697,2791.723809,3169.201442
30/04/2026,2817.237975,2786.879739,3165.741953
01/05/2026,2812.797557,2783.572978,3169.92319
02/05/2026,2814.814736,2777.341955,3161.699484
03/05/2026,2811.022423,2777.968672,3164.098496
04/05/2026,2812.146445,2777.416188,3163.504799
05/05/2026,2808.778622,2776.878529,3162.037133
06/05/2026,2796.767299,2775.104396,3153.858313
07/05/2026,2793.581277,2770.146573,3155.108542
08/05/2026,2786.141515,2766.429499,3153.630693
09/05/2026,2785.291338,2762.211532,3146.335309
10/05/2026,2780.33303,2764.611588,3145.052672
11/05/2026,2773.199284,2764.479659,3137.994084
12/05/2026,2764.194153,2757.326844,3132.13807
13/05/2026,2766.32617,2747.440728,3129.761549
14/05/2026,2759.288051,2746.287129,3128.194128
15/05/2026,2754.093341,2742.15414,3124.273037
16/05/2026,2749.356888,2736.600707,3117.877351
17/05/2026,2743.681099,2732.581723,3113.278285
18/05/2026,2733.399535,2727.170256,3111.610885
19/05/2026,2734.296501,2720.073017,3104.347696
20/05/2026,2728.296887,2717.407457,3108.88172
21/05/2026,2719.363287,2712.946283,3098.722558
22/05/2026,2720.22228,2706.157191,3087.855879
23/05/2026,2721.739851,2705.415306,3091.033361
24/05/2026,2718.026899,2702.946471,3091.820764
25/05/2026,2714.88832,2699.488444,3089.370403
26/05/2026,2713.739274,2703.458278,3090.669329
27/05/2026,2714.157253,2700.876015,3088.33272
28/05/2026,2706.169821,2701.48472,3090.699707
29/05/2026,2706.800233,2696.224054,3086.019631
30/05/2026,2706.720093,2690.03327,3084.653052
31/05/2026,2700.245727,2685.646857,3079.615713
